iteration,new_compliance,best_compliance,raster_solid_fraction,winner_source,winner_acquisition,posterior_score_std,noise,outputscale_mean,lengthscale_min,lengthscale_median,lengthscale_max,lengthscales,outputscales,global_restarts,local_restarts,raw_global,raw_local,optimizer_failures,stagnation
1,143.03245721213312,140.31601658261422,0.4996,global,-2.9345717956103035,0.17339351170150422,0.006343987953134773,0.28753192434798946,0.15802288354724786,0.3422391627350182,0.6931481805599428,"{""kernels.0.base_kernel.kernels.0"": [0.3335106230905129, 0.33328247734751926, 0.3335116664083551, 0.33336779545949224, 0.33349151082069156, 0.3333194354073187, 0.3334395232660398, 0.33268303843570085, 0.33338492282841947, 0.3329551729223258, 0.3333648313396835, 0.3329531578503713, 0.33320693089896386, 0.3331274161461512, 0.3331654127567081, 0.333257893442181, 0.3333965322657026, 0.33338236688050316], ""kernels.0.base_kernel.kernels.1.base_kernel"": [0.6931481805599428, 0.6931481805599428, 0.6931481805599428], ""kernels.1.base_kernel.kernels.0"": [0.35096665906168134, 0.3882075812971084, 0.39325732412488557, 0.45284283284447874, 0.35808560387690785, 0.5131072947090867, 0.5091300587092096, 0.5690598029700253, 0.25849410602513645, 0.22540215284385728, 0.39154653584946875, 0.37860209616617946, 0.446006240983671, 0.3762787030499666, 0.15802288354724786, 0.36201369232139036, 0.3982514218438349, 0.4003969754625945], ""kernels.1.base_kernel.kernels.1"": [0.6931481805599428, 0.6931481805599428, 0.6931481805599428]}","{""kernels.0"": 9.919293686636856e-06, ""kernels.0.base_kernel.kernels.1"": 0.005895224461421087, ""kernels.1"": 0.8566906292888606}",10,5,30,0,0,1
2,745.1794215655863,140.31601658261422,0.499,global,-3.114214112177491,0.19900509609233005,0.006234258325044858,0.2811309464778647,0.1608342832811438,0.3423856842107531,0.6931481805599428,"{""kernels.0.base_kernel.kernels.0"": [0.3334197965340512, 0.3333074915067421, 0.3334201166366865, 0.33335037758625086, 0.33341049411108736, 0.3333272471797846, 0.33338699665378096, 0.3330165380882413, 0.3333584988165229, 0.33314799155697955, 0.333349016561288, 0.33314746997534767, 0.33327249709777157, 0.3332326817003268, 0.33325125092488317, 0.3332967585803796, 0.33336462319313387, 0.3333580058840295], ""kernels.0.base_kernel.kernels.1.base_kernel"": [0.6931481805599428, 0.6931481805599428, 0.6931481805599428], ""kernels.1.base_kernel.kernels.0"": [0.35135125178481963, 0.3942914540219657, 0.3938956455925168, 0.4531409097441644, 0.35778418678317486, 0.5195413363255196, 0.5120640760661361, 0.5712225135493333, 0.2614237373826532, 0.2256875580573669, 0.3922084614587883, 0.3830669299335294, 0.4519402224079834, 0.3758238690129872, 0.1608342832811438, 0.36120036796529237, 0.39962944686047375, 0.40989400327747777], ""kernels.1.base_kernel.kernels.1"": [0.6931481805599428, 0.6931481805599428, 0.6931481805599428]}","{""kernels.0"": 9.919126546558905e-06, ""kernels.0.base_kernel.kernels.1"": 0.0058952224642757406, ""kernels.1"": 0.8374876978427718}",10,5,30,2,0,2
3,149.54912613329367,140.31601658261422,0.4998,global,-2.560243233926365,0.16655336381630714,0.006429778422187546,0.29796982907175,0.06513001147744725,0.34011564480803025,0.6931481805599428,"{""kernels.0.base_kernel.kernels.0"": [0.33333308371262016, 0.3333323185246403, 0.33333190567780047, 0.3333328557023066, 0.3333330609362233, 0.33333312769999207, 0.3333354761152961, 0.33333716811007885, 0.333334375830283, 0.3333326452000926, 0.33333425780364573, 0.3333342954661874, 0.3333323808568686, 0.333332979413815, 0.333332515570854, 0.33333453593716633, 0.3333337484920518, 0.3333344380454396], ""kernels.0.base_kernel.kernels.1.base_kernel"": [0.6931481805599428, 0.6931481805599428, 0.6931481805599428], ""kernels.1.base_kernel.kernels.0"": [0.35102309205985505, 0.3468941215059817, 0.06513001147744725, 0.3825957975736135, 0.3013461704565722, 0.4457002985356838, 0.41406932277589564, 0.5239491364984122, 0.4011183341148848, 0.3604911105432265, 0.3889587325659383, 0.41977471154859725, 0.413119163117686, 0.35314482140508363, 0.12339720425546945, 0.3976695020892455, 0.3857783115641232, 0.40350828749322437], ""kernels.1.base_kernel.kernels.1"": [0.6931481805599428, 0.6931481805599428, 0.6931481805599428]}","{""kernels.0"": 9.915258299193269e-06, ""kernels.0.base_kernel.kernels.1"": 0.0058951715332819215, ""kernels.1"": 0.8880044004236689}",10,5,30,1,0,3
4,151.8700596816583,140.31601658261422,0.4978,global,-2.9582734068509366,0.13921477786298403,0.006415832817306835,0.2922736234987192,0.06511083452315453,0.3423558254344491,0.6931481805599428,"{""kernels.0.base_kernel.kernels.0"": [0.3333333353731348, 0.33333218469089554, 0.33333216217638534, 0.33333292890801997, 0.33333328408570406, 0.3333330540385357, 0.3333355835005542, 0.33333619384061225, 0.3333344712885155, 0.3333320211319409, 0.33333432161627663, 0.3333337319134134, 0.33333220775968353, 0.33333290719397435, 0.33333230933770797, 0.33333447868451727, 0.3333338339053241, 0.33333443270757585], ""kernels.0.base_kernel.kernels.1.base_kernel"": [0.6931481805599428, 0.6931481805599428, 0.6931481805599428], ""kernels.1.base_kernel.kernels.0"": [0.3513754570282859, 0.35300574466388007, 0.06511083452315453, 0.3831801955467246, 0.30050615078312515, 0.4470940370390762, 0.41523954426931087, 0.522943331209293, 0.40353393376521235, 0.3606963515033305, 0.3880698626819802, 0.42117330373719064, 0.4112518051663728, 0.3565024019648183, 0.12198846544574495, 0.397138682268847, 0.3856588239911214, 0.3992102380428533], ""kernels.1.base_kernel.kernels.1"": [0.6931481805599428, 0.6931481805599428, 0.6931481805599428]}","{""kernels.0"": 9.91497046456672e-06, ""kernels.0.base_kernel.kernels.1"": 0.005895168059171261, ""kernels.1"": 0.8709157874665218}",10,5,30,0,0,4
5,120.75705561771505,120.75705561771505,0.501,global,-3.036065127064183,0.13976054447970312,0.006379805904564705,0.2876968937946483,0.06490442030338804,0.34321765267604554,0.6931481805599428,"{""kernels.0.base_kernel.kernels.0"": [0.3333335069285087, 0.3333319926205856, 0.3333322630517907, 0.3333328935001021, 0.3333334320607479, 0.33333297173367454, 0.333335538241747, 0.333335631572564, 0.3333345408966997, 0.33333180540371754, 0.33333433452457856, 0.3333334309231139, 0.3333324328283845, 0.3333327837852454, 0.3333323099669898, 0.33333438358669537, 0.3333339531736349, 0.33333438113284686], ""kernels.0.base_kernel.kernels.1.base_kernel"": [0.6931481805599428, 0.6931481805599428, 0.6931481805599428], ""kernels.1.base_kernel.kernels.0"": [0.353099673779527, 0.3557966201090407, 0.06490442030338804, 0.3855153968658235, 0.30033516402886556, 0.4471132829535858, 0.4095965696407516, 0.5249724145851122, 0.4036488123915927, 0.3673486022926929, 0.3828047503130205, 0.4199443939556287, 0.4171751767480921, 0.35891896493256725, 0.12404696961507465, 0.39471033205400086, 0.3868805660728206, 0.3950025269164602], ""kernels.1.base_kernel.kernels.1"": [0.6931481805599428, 0.6931481805599428, 0.6931481805599428]}","{""kernels.0"": 9.914378369827229e-06, ""kernels.0.base_kernel.kernels.1"": 0.005895160710279998, ""kernels.1"": 0.8571856062952952}",10,5,30,0,0,0
6,971.6727282003451,120.75705561771505,0.501,global,-3.5694607103579195,0.15259971700249453,0.006144182786987466,0.2815078654497383,0.06540531807629868,0.3443608511730236,0.6931481805599428,"{""kernels.0.base_kernel.kernels.0"": [0.3333335103927422, 0.3333313709842107, 0.33333223819887886, 0.333332657620761, 0.33333348063736895, 0.33333272096446254, 0.3333353290060811, 0.33333559807312696, 0.33333461085385896, 0.3333318194633348, 0.33333435101632236, 0.33333347695780746, 0.33333295783917816, 0.3333328624036723, 0.3333324970256259, 0.33333437014868383, 0.3333339342257738, 0.3333340877366142], ""kernels.0.base_kernel.kernels.1.base_kernel"": [0.6931481805599428, 0.6931481805599428, 0.6931481805599428], ""kernels.1.base_kernel.kernels.0"": [0.3553861042729202, 0.35870796836793595, 0.06540531807629868, 0.38731860586632977, 0.30230128994620814, 0.4420210701647271, 0.3985690843016902, 0.520864082867234, 0.40314471653415973, 0.37128937310023563, 0.38040063271370494, 0.41752366247068967, 0.4223816735197837, 0.3620273413166763, 0.12781515575028984, 0.3948562992800139, 0.38389740048659526, 0.3994089628149627], ""kernels.1.base_kernel.kernels.1"": [0.6931481805599428, 0.6931481805599428, 0.6931481805599428]}","{""kernels.0"": 9.913377746673549e-06, ""kernels.0.base_kernel.kernels.1"": 0.005895147583974047, ""kernels.1"": 0.8386185353874942}",10,5,30,2,0,1
7,121.14277203163411,120.75705561771505,0.4958,local,-2.2644377420204083,0.1794899286613204,0.006900101568488239,0.3275870183506801,0.05000815007719256,0.33333448256262044,0.6931481805599428,"{""kernels.0.base_kernel.kernels.0"": [0.33333369871654805, 0.33333487663040834, 0.33333274908680277, 0.33333376656573865, 0.33333276880345336, 0.33333486377036403, 0.3333388719810848, 0.33333645568475495, 0.3333341013548768, 0.3333324729006034, 0.33333491275135035, 0.3333328924731565, 0.33333055721998867, 0.3333349290155242, 0.33333118163281084, 0.33333620943263736, 0.3333334038650062, 0.3333333555752797], ""kernels.0.base_kernel.kernels.1.base_kernel"": [0.6931481805599428, 0.6931481805599428, 0.6931481805599428], ""kernels.1.base_kernel.kernels.0"": [0.3412932933948248, 0.31717523013320836, 0.28541616313438767, 0.3365144825274149, 0.30880496645859246, 0.10925773571476045, 0.45492731131339986, 0.38012370700802356, 0.37501439008833604, 0.3264092590671235, 0.38942315378084774, 0.35435474838662123, 0.21468154471935078, 0.2338653737226762, 0.26337919704185375, 0.3997593204375094, 0.3106476321335975, 0.05000815007719256], ""kernels.1.base_kernel.kernels.1"": [0.6931481805599428, 0.6931481805599428, 0.6931481805599428]}","{""kernels.0"": 9.879911319595613e-06, ""kernels.0.base_kernel.kernels.1"": 0.005893828570485266, ""kernels.1"": 0.9768573465702355}",10,5,30,2,0,2
8,118.91842921721506,118.91842921721506,0.5,global,-2.975542095008235,0.0778217555214011,0.006900907684528494,0.3175340548555479,0.05000814432146719,0.3333349878959388,0.6931481805599428,"{""kernels.0.base_kernel.kernels.0"": [0.3333337080618477, 0.33333508382175286, 0.33333273934037516, 0.33333383492952645, 0.3333328184553066, 0.33333498466311645, 0.33333915196980257, 0.3333366214714585, 0.3333342666143437, 0.3333325302991604, 0.33333499112876114, 0.3333330584203295, 0.33333050259904223, 0.33333500008778355, 0.33333112311533836, 0.333336316610995, 0.33333342034063096, 0.3333334242194922], ""kernels.0.base_kernel.kernels.1.base_kernel"": [0.6931481805599428, 0.6931481805599428, 0.6931481805599428], ""kernels.1.base_kernel.kernels.0"": [0.3414792334985338, 0.34251898922897245, 0.2843689047126984, 0.34406082997629106, 0.3096959688285288, 0.10787767404746064, 0.45800501891333345, 0.38308142749622726, 0.3788346578188512, 0.3289407746929688, 0.3881122737266175, 0.35735246928913766, 0.21719107972044388, 0.23601099356415473, 0.2624213817161843, 0.39952814721205504, 0.3107374020779593, 0.05000814432146719], ""kernels.1.base_kernel.kernels.1"": [0.6931481805599428, 0.6931481805599428, 0.6931481805599428]}","{""kernels.0"": 9.8793049600742e-06, ""kernels.0.base_kernel.kernels.1"": 0.005893802782714386, ""kernels.1"": 0.9466984824789693}",10,5,30,0,0,0
9,125.40416002127674,118.91842921721506,0.5,global,-3.2389185531072537,0.13270990597311902,0.0063346817394577485,0.3089542781928712,0.05000813910637212,0.33333503403912124,0.6931481805599428,"{""kernels.0.base_kernel.kernels.0"": [0.33333371801366285, 0.33333533535843773, 0.33333271171035905, 0.33333386003593857, 0.3333327884756709, 0.3333350310289786, 0.33333935288251365, 0.33333672370467043, 0.3333343414995104, 0.3333324763403245, 0.3333350370492639, 0.3333330755995354, 0.3333305246243959, 0.3333353499209584, 0.3333310658861792, 0.3333365092267681, 0.33333344850535934, 0.33333334984662644], ""kernels.0.base_kernel.kernels.1.base_kernel"": [0.6931481805599428, 0.6931481805599428, 0.6931481805599428], ""kernels.1.base_kernel.kernels.0"": [0.3420369401090444, 0.3582185734878701, 0.2838252881459067, 0.34521828473213606, 0.3073526631454873, 0.1075574345687875, 0.4601684221715226, 0.384457916813997, 0.38155204646213553, 0.3297690071016196, 0.3891279113567977, 0.35656344961999664, 0.22127677400238827, 0.2550475878102144, 0.2584513799242128, 0.402149662371191, 0.30949234922580554, 0.05000813910637212], ""kernels.1.base_kernel.kernels.1"": [0.6931481805599428, 0.6931481805599428, 0.6931481805599428]}","{""kernels.0"": 9.878692833192379e-06, ""kernels.0.base_kernel.kernels.1"": 0.005893776378383346, ""kernels.1"": 0.920959179507397}",10,5,30,1,0,1
10,150.3941927867134,118.91842921721506,0.5,global,-3.2781565703620164,0.14383574106998026,0.006132206576132993,0.30149116860473,0.05000813433061901,0.33333507260309475,0.6931481805599428,"{""kernels.0.base_kernel.kernels.0"": [0.3333337300141804, 0.3333357726994614, 0.33333268857888476, 0.33333394094611085, 0.33333277222584645, 0.33333505629953947, 0.3333395341625475, 0.3333368924802244, 0.33333434993830524, 0.33333242677344654, 0.33333508890665003, 0.3333329873944214, 0.33333056099313013, 0.3333357318035518, 0.3333310200754232, 0.3333366732566996, 0.3333335914797321, 0.33333331436286906], ""kernels.0.base_kernel.kernels.1.base_kernel"": [0.6931481805599428, 0.6931481805599428, 0.6931481805599428], ""kernels.1.base_kernel.kernels.0"": [0.3421548555915476, 0.37641537498799954, 0.285506727253531, 0.35031934171035595, 0.30495137378619813, 0.10598836632636102, 0.4621249340012818, 0.3857603542373322, 0.3835841953153897, 0.33040479820258956, 0.3897088680037856, 0.3576412850643325, 0.22215255267043318, 0.27186516650579295, 0.2532819613631664, 0.404970795803489, 0.3134333406763165, 0.05000813433061901], ""kernels.1.base_kernel.kernels.1"": [0.6931481805599428, 0.6931481805599428, 0.6931481805599428]}","{""kernels.0"": 9.878074215910608e-06, ""kernels.0.base_kernel.kernels.1"": 0.005893750146811057, ""kernels.1"": 0.8985698775931631}",10,5,30,0,0,2
11,120.449218245917,118.91842921721506,0.4976,global,-2.7995723029050996,0.13535192490802558,0.006522495837942255,0.29861004469691976,0.050008128071515716,0.33333520825665053,0.6931481805599428,"{""kernels.0.base_kernel.kernels.0"": [0.3333337208359489, 0.33333566902310663, 0.3333326921724247, 0.33333395170431823, 0.33333234406662515, 0.3333356892660864, 0.3333396177880469, 0.3333366628648602, 0.33333430468916575, 0.3333324627233935, 0.33333506515960715, 0.33333337138233526, 0.3333291217732154, 0.33333535135369385, 0.3333306879702901, 0.3333366221112142, 0.33333325912462514, 0.3333335389920752], ""kernels.0.base_kernel.kernels.1.base_kernel"": [0.6931481805599428, 0.6931481805599428, 0.6931481805599428], ""kernels.1.base_kernel.kernels.0"": [0.34196277933234215, 0.3857107741262448, 0.27549408790013397, 0.35141104358199327, 0.29864882381144076, 0.10310150275480368, 0.4579724323678286, 0.37888898423360046, 0.38527428489256244, 0.3320392561914347, 0.38483129397857674, 0.36384220420411384, 0.1968637829279289, 0.26445965441321473, 0.2749726915261293, 0.40229126949812244, 0.32388813513573905, 0.050008128071515716], ""kernels.1.base_kernel.kernels.1"": [0.6931481805599428, 0.6931481805599428, 0.6931481805599428]}","{""kernels.0"": 9.877424455196728e-06, ""kernels.0.base_kernel.kernels.1"": 0.005893709828468064, ""kernels.1"": 0.889926546837836}",10,5,30,2,0,3
12,179.31982354768903,118.91842921721506,0.4958,global,-3.2088689311530216,0.13247805066867713,0.006343231635314356,0.29182245137764057,0.05000812371490269,0.3333352676712166,0.6931481805599428,"{""kernels.0.base_kernel.kernels.0"": [0.33333372936947725, 0.33333565541641264, 0.33333265699092407, 0.33333393874310885, 0.3333323791285437, 0.3333356440096271, 0.33333974622646384, 0.33333671330646075, 0.333334339813568, 0.3333324810606737, 0.33333512978567187, 0.33333339370598225, 0.3333290636606722, 0.3333354055567612, 0.3333306474389375, 0.3333366897524894, 0.3333332358559176, 0.3333334856798926], ""kernels.0.base_kernel.kernels.1.base_kernel"": [0.6931481805599428, 0.6931481805599428, 0.6931481805599428], ""kernels.1.base_kernel.kernels.0"": [0.34203505718120086, 0.38199670937557506, 0.2726803184988482, 0.34892846779243, 0.3053353287533433, 0.10836027721896865, 0.459727016027547, 0.3810035716687813, 0.38595635571954157, 0.3326275118554006, 0.386934995274415, 0.36266427011535946, 0.20248853197657915, 0.263850945421773, 0.2707811581097045, 0.40314417342948156, 0.3198365501632235, 0.05000812371490269], ""kernels.1.base_kernel.kernels.1"": [0.6931481805599428, 0.6931481805599428, 0.6931481805599428]}","{""kernels.0"": 9.876965182392512e-06, ""kernels.0.base_kernel.kernels.1"": 0.005893681167749332, ""kernels.1"": 0.86956379599999}",10,5,30,0,0,4
13,139.6733965894727,118.91842921721506,0.5018,global,-2.6352818992474565,0.13966160041213607,0.006457937058553402,0.2867155889533353,0.05000807375362095,0.33333492750704524,0.6931481805599428,"{""kernels.0.base_kernel.kernels.0"": [0.3333337117748428, 0.33333558166247235, 0.3333330752184855, 0.33333528343326246, 0.33333283822026105, 0.33333482103901096, 0.33334003547291113, 0.3333372637040546, 0.3333350339750795, 0.3333325316345462, 0.3333351718889719, 0.33333359306525095, 0.3333283626504878, 0.3333364463458547, 0.33333065617841856, 0.33333663806707864, 0.33333262944853354, 0.3333336114940889], ""kernels.0.base_kernel.kernels.1.base_kernel"": [0.6931481805599428, 0.6931481805599428, 0.6931481805599428], ""kernels.1.base_kernel.kernels.0"": [0.3437475811356284, 0.32542129113489987, 0.3245362696014287, 0.0649125335299049, 0.3132205716306677, 0.41018201294464496, 0.4433275106785013, 0.3610644449537511, 0.36456583893032396, 0.31870601415482, 0.39584037359578983, 0.3313910548539783, 0.29475093551410203, 0.25199169064487714, 0.25523677041984955, 0.40830975398688746, 0.27449095185577715, 0.05000807375362095], ""kernels.1.base_kernel.kernels.1"": [0.6931481805599428, 0.6931481805599428, 0.6931481805599428]}","{""kernels.0"": 9.865814536848546e-06, ""kernels.0.base_kernel.kernels.1"": 0.005892901690981393, ""kernels.1"": 0.8542439993544877}",10,5,30,0,0,5
14,116.04906621533759,116.04906621533759,0.4982,global,-2.9953816793918424,0.09668298909768283,0.00637624957692213,0.2843930985572018,0.0500080666320203,0.33333514371793704,0.6931481805599428,"{""kernels.0.base_kernel.kernels.0"": [0.33333372820439616, 0.33333607502988954, 0.33333306966249887, 0.33333511792834747, 0.3333327930371338, 0.333335454957405, 0.3333398919011297, 0.3333370271662439, 0.33333481039295926, 0.3333323755987029, 0.3333351695075267, 0.3333337292284531, 0.3333287400300689, 0.33333683463370867, 0.3333308109765368, 0.3333366952915522, 0.33333283144830944, 0.33333334671731824], ""kernels.0.base_kernel.kernels.1.base_kernel"": [0.6931481805599428, 0.6931481805599428, 0.6931481805599428], ""kernels.1.base_kernel.kernels.0"": [0.344149203997548, 0.25738208943522844, 0.3296512176506583, 0.06366972942098459, 0.3117696987189682, 0.4082730031404573, 0.43726959571946206, 0.3575064569730505, 0.3600174749010931, 0.3152291082380887, 0.39749166765761523, 0.3357657466498697, 0.3048270963670942, 0.26753051061876465, 0.2574162368295183, 0.4107557831368697, 0.2745236595530114, 0.0500080666320203], ""kernels.1.base_kernel.kernels.1"": [0.6931481805599428, 0.6931481805599428, 0.6931481805599428]}","{""kernels.0"": 9.864646974123749e-06, ""kernels.0.base_kernel.kernels.1"": 0.005892838806787178, ""kernels.1"": 0.847276592217844}",10,5,30,0,0,0
15,168.63884338951402,116.04906621533759,0.4808,global,-3.4955548244664048,0.12438518179734143,0.005987348825912649,0.27779115934658155,0.05000806293009677,0.33333517941371427,0.6931481805599428,"{""kernels.0.base_kernel.kernels.0"": [0.3333337443140633, 0.33333629198342474, 0.3333330650083414, 0.3333351488915078, 0.3333327844439956, 0.3333359943804379, 0.3333400060329947, 0.33333711638138697, 0.3333348824065422, 0.3333324560915252, 0.3333352099359208, 0.3333337744449605, 0.3333287363948471, 0.33333706182941963, 0.3333307723118882, 0.33333681412532556, 0.33333284021243764, 0.3333333037866594], ""kernels.0.base_kernel.kernels.1.base_kernel"": [0.6931481805599428, 0.6931481805599428, 0.6931481805599428], ""kernels.1.base_kernel.kernels.0"": [0.34467143943548983, 0.26739221175142613, 0.3294044954991859, 0.06426015514379195, 0.31378954260961994, 0.42203224096945813, 0.4362970972672779, 0.35739303807797534, 0.36140709763304846, 0.327267982756322, 0.39799613098666164, 0.3355539820026597, 0.30719937947136816, 0.27660106777519844, 0.2559572977723642, 0.41177073989484175, 0.27141158912820235, 0.05000806293009677], ""kernels.1.base_kernel.kernels.1"": [0.6931481805599428, 0.6931481805599428, 0.6931481805599428]}","{""kernels.0"": 9.864004158926701e-06, ""kernels.0.base_kernel.kernels.1"": 0.005892803993650055, ""kernels.1"": 0.8274708100419357}",10,5,30,0,0,1
16,168.0224769677585,116.04906621533759,0.4894,global,-4.117701514651783,0.3218815855300047,0.006528633935665984,0.28428926447923125,0.050008058441452986,0.33333366760273575,0.6931481805599428,"{""kernels.0.base_kernel.kernels.0"": [0.3333337109414036, 0.33333602073956264, 0.33333276488796815, 0.33333505126062735, 0.3333330543178951, 0.33333384423557644, 0.33333965798392357, 0.3333373285231905, 0.333334619725741, 0.33333144166481254, 0.33333362426406793, 0.33333462077903975, 0.33332952756374273, 0.3333366374454094, 0.3333310252402224, 0.3333367033204678, 0.33333294510986206, 0.33333301571209095], ""kernels.0.base_kernel.kernels.1.base_kernel"": [0.6931481805599428, 0.6931481805599428, 0.6931481805599428], ""kernels.1.base_kernel.kernels.0"": [0.3216301703738875, 0.2572134646784685, 0.2779146849686097, 0.07659721275116359, 0.31569456485211805, 0.3666105405865249, 0.41937591088030557, 0.32986117223760275, 0.3623150192671902, 0.28897320323557574, 0.2143356432383521, 0.3350289928964842, 0.27239398303596074, 0.28206507314127327, 0.26243003969667483, 0.4012138767573021, 0.2856221734134873, 0.050008058441452986], ""kernels.1.base_kernel.kernels.1"": [0.6931481805599428, 0.6931481805599428, 0.6931481805599428]}","{""kernels.0"": 9.863248038998129e-06, ""kernels.0.base_kernel.kernels.1"": 0.0058927524695654866, ""kernels.1"": 0.8469651777200893}",10,5,30,0,0,2
17,139.94300112574064,116.04906621533759,0.4982,global,-2.4619275481984393,0.10121598423982214,0.006573869938765138,0.2824694799348101,0.0500080568576329,0.3333336112737696,0.6931481805599428,"{""kernels.0.base_kernel.kernels.0"": [0.3333337058966517, 0.3333360563408783, 0.33333272307842615, 0.3333350770915485, 0.3333330552738576, 0.3333336987972373, 0.33333981337183227, 0.3333374407896139, 0.3333346954260076, 0.33333133628898765, 0.3333335237503019, 0.33333474933646007, 0.3333295736907968, 0.3333367521419944, 0.3333310296488962, 0.333336917020498, 0.3333329668634957, 0.3333330232391529], ""kernels.0.base_kernel.kernels.1.base_kernel"": [0.6931481805599428, 0.6931481805599428, 0.6931481805599428], ""kernels.1.base_kernel.kernels.0"": [0.3185153927047288, 0.2569192944549449, 0.2727914983951194, 0.07641878772459008, 0.3152849278552774, 0.3638229954398101, 0.4241290120738095, 0.33229900422419445, 0.3659844423057348, 0.28367511588767813, 0.22450417491223554, 0.33968871372954323, 0.2742007232787744, 0.27960743941130306, 0.26114699431281024, 0.40800634791421764, 0.28821025053550575, 0.0500080568576329], ""kernels.1.base_kernel.kernels.1"": [0.6931481805599428, 0.6931481805599428, 0.6931481805599428]}","{""kernels.0"": 9.862875488250133e-06, ""kernels.0.base_kernel.kernels.1"": 0.005892730145172103, ""kernels.1"": 0.8415058467837699}",10,5,30,1,0,3
18,140.39201505816231,116.04906621533759,0.5018,global,-3.4941819810557275,0.09436413835194775,0.0063959014585129184,0.279504697190434,0.05000805439863711,0.3333348747591154,0.6931481805599428,"{""kernels.0.base_kernel.kernels.0"": [0.3333338041922763, 0.33333616976560354, 0.3333329040813988, 0.33333516789403067, 0.3333328445840625, 0.33333554885690186, 0.33333994507866826, 0.33333748532197427, 0.33333492174713447, 0.333331945923329, 0.33333482777109624, 0.3333346575984522, 0.333329334917508, 0.33333639948850774, 0.3333307937350269, 0.33333717299443033, 0.3333329653565869, 0.3333333126811836], ""kernels.0.base_kernel.kernels.1.base_kernel"": [0.6931481805599428, 0.6931481805599428, 0.6931481805599428], ""kernels.1.base_kernel.kernels.0"": [0.33628379355229504, 0.2913209586186134, 0.29358986498409567, 0.07816605655723417, 0.32808747455509285, 0.38669184652711064, 0.4054298562004664, 0.3443427016064399, 0.3621091896394885, 0.30484880132219405, 0.12798530120615342, 0.33765682111687645, 0.3070009342050397, 0.2803203804318041, 0.26317979951531206, 0.39464098467722886, 0.2932752061975052, 0.05000805439863711], ""kernels.1.base_kernel.kernels.1"": [0.6931481805599428, 0.6931481805599428, 0.6931481805599428]}","{""kernels.0"": 9.862508405524124e-06, ""kernels.0.base_kernel.kernels.1"": 0.005892689406107744, ""kernels.1"": 0.8326115396567888}",10,5,30,0,0,4
19,120.70387537324203,116.04906621533759,0.502,global,-2.9790406163857988,0.091852468710149,0.007007256914233683,0.278226972534078,0.05000805290294167,0.3333340949379813,0.6931481805599428,"{""kernels.0.base_kernel.kernels.0"": [0.3333338328423563, 0.3333359819575546, 0.33333288773981534, 0.33333525800199304, 0.3333325509146644, 0.3333363241100238, 0.3333397715051875, 0.33333756927891367, 0.3333340999915025, 0.33333206700013146, 0.3333348736453988, 0.3333340898844601, 0.3333298115764546, 0.3333365080778204, 0.333331227587779, 0.3333373020512148, 0.33333300912489017, 0.3333332001411617], ""kernels.0.base_kernel.kernels.1.base_kernel"": [0.6931481805599428, 0.6931481805599428, 0.6931481805599428], ""kernels.1.base_kernel.kernels.0"": [0.3374204149104415, 0.3289633872181402, 0.2812974417898958, 0.0769260120481259, 0.326837808365545, 0.39939253232860855, 0.27280286069896603, 0.34142712473468956, 0.3336614690555687, 0.3021280111688013, 0.12793884377530557, 0.3339764603368614, 0.3128524249670172, 0.2930072647038586, 0.2663492136620005, 0.39271909184341647, 0.2960506779121743, 0.05000805290294167], ""kernels.1.base_kernel.kernels.1"": [0.6931481805599428, 0.6931481805599428, 0.6931481805599428]}","{""kernels.0"": 9.862472829168744e-06, ""kernels.0.base_kernel.kernels.1"": 0.005892655724132063, ""kernels.1"": 0.8287783994052729}",10,5,30,0,0,5
20,126.74313681950221,116.04906621533759,0.4998,global,-3.6793393454221315,0.1026089183773181,0.006823171813699591,0.27308419007615164,0.050008049910885984,0.3333351013066449,0.6931481805599428,"{""kernels.0.base_kernel.kernels.0"": [0.33333384094626445, 0.3333371488660238, 0.3333329159304666, 0.3333352647047904, 0.333332856372029, 0.3333360117097083, 0.33333999496413114, 0.3333376448002508, 0.33333438884255756, 0.33333208743682846, 0.33333493790849933, 0.33333431650902895, 0.33332963802125865, 0.33333654487126035, 0.3333311256560946, 0.33333741639581055, 0.33333300113713504, 0.33333309266682926], ""kernels.0.base_kernel.kernels.1.base_kernel"": [0.6931481805599428, 0.6931481805599428, 0.6931481805599428], ""kernels.1.base_kernel.kernels.0"": [0.3379503045522378, 0.3664221221605507, 0.282104582017773, 0.0795951107848525, 0.33424895867912485, 0.4035193767286998, 0.236150713618587, 0.34037938504287923, 0.33567563902780323, 0.30418852836204163, 0.13034243142090052, 0.33420534132900687, 0.3093030967103635, 0.30067866316464115, 0.2663678927220506, 0.39253369842158664, 0.2947605745997893, 0.050008049910885984], ""kernels.1.base_kernel.kernels.1"": [0.6931481805599428, 0.6931481805599428, 0.6931481805599428]}","{""kernels.0"": 9.862446582320126e-06, ""kernels.0.base_kernel.kernels.1"": 0.005892597204773534, ""kernels.1"": 0.813350110577099}",10,5,30,0,0,6
21,133.1371006800124,116.04906621533759,0.4996,global,-3.5152653373149727,0.07975244187783274,0.006714060228164426,0.26900849698431606,0.05000804860125833,0.3333351223999018,0.6931481805599428,"{""kernels.0.base_kernel.kernels.0"": [0.3333338426326989, 0.33333718889350417, 0.3333329882440751, 0.33333529946581864, 0.3333328824829738, 0.33333596098386326, 0.3333401088387525, 0.3333375693602169, 0.33333494533398506, 0.3333323782026304, 0.3333348969790802, 0.33333403955207597, 0.33332953604550924, 0.33333666051844413, 0.3333310395941516, 0.33333748850399175, 0.3333336145769818, 0.3333330521414261], ""kernels.0.base_kernel.kernels.1.base_kernel"": [0.6931481805599428, 0.6931481805599428, 0.6931481805599428], ""kernels.1.base_kernel.kernels.0"": [0.33750181500749077, 0.37028367349577784, 0.2863678286090978, 0.08025483016842505, 0.33523500973659986, 0.4051996566529114, 0.2350219504814052, 0.343290903156717, 0.3419111448182191, 0.30948617486350805, 0.13140688151752325, 0.3351692772969321, 0.30525926661838126, 0.3029118453008129, 0.2624705986991951, 0.3933135561800835, 0.3005067266392108, 0.05000804860125833], ""kernels.1.base_kernel.kernels.1"": [0.6931481805599428, 0.6931481805599428, 0.6931481805599428]}","{""kernels.0"": 9.86241679053666e-06, ""kernels.0.base_kernel.kernels.1"": 0.0058925708441016095, ""kernels.1"": 0.801123057692056}",10,5,30,0,0,7
22,127.79948812793496,116.04906621533759,0.5016,local,-2.6146941049814063,0.09016131298258258,0.006071532948987422,0.2681865890453688,0.050008039134550264,0.3333341398444813,0.6931481805599428,"{""kernels.0.base_kernel.kernels.0"": [0.3333338494680722, 0.3333355903481837, 0.333332909723238, 0.3333341584721694, 0.333331387201018, 0.33333592926678685, 0.3333386680197292, 0.3333373105549251, 0.33333446206523715, 0.33333096263649864, 0.3333341212167932, 0.3333328436740681, 0.3333315861299149, 0.33333594458202304, 0.3333315960278393, 0.33333718910017407, 0.33333369484768793, 0.3333333721184487], ""kernels.0.base_kernel.kernels.1.base_kernel"": [0.6931481805599428, 0.6931481805599428, 0.6931481805599428], ""kernels.1.base_kernel.kernels.0"": [0.32843928743543244, 0.37061644265389704, 0.07835759977977044, 0.32067436882597555, 0.27768134593726784, 0.4086165611939777, 0.20517293599245395, 0.43917709922179815, 0.38138045904171725, 0.3029268622374341, 0.20518255075556502, 0.38577245456668197, 0.3073917177353118, 0.29355383546138736, 0.1463334667759634, 0.4019394240866548, 0.34737574628407825, 0.050008039134550264], ""kernels.1.base_kernel.kernels.1"": [0.6931481805599428, 0.6931481805599428, 0.6931481805599428]}","{""kernels.0"": 9.857062276584284e-06, ""kernels.0.base_kernel.kernels.1"": 0.005891852064790978, ""kernels.1"": 0.7986580580090389}",10,5,30,1,0,8
23,165.26189180854968,116.04906621533759,0.4784,global,-4.509498353593152,0.3007485550323856,0.006062943100257646,0.2635195181257461,0.05000804147808013,0.3333346107074378,0.6931481805599428,"{""kernels.0.base_kernel.kernels.0"": [0.33333383794397187, 0.3333364425777719, 0.3333330093924274, 0.33333487324872674, 0.3333326136594188, 0.33333615654050114, 0.33333935748048443, 0.3333377687498628, 0.3333346248493945, 0.3333314261563019, 0.3333345965654811, 0.3333335718750277, 0.33333046018561124, 0.3333364221494643, 0.33333115215324494, 0.33333739949397273, 0.33333342143326017, 0.3333329925038217], ""kernels.0.base_kernel.kernels.1.base_kernel"": [0.6931481805599428, 0.6931481805599428, 0.6931481805599428], ""kernels.1.base_kernel.kernels.0"": [0.33353651043099347, 0.3598275715318947, 0.0918639803363604, 0.14820391039134329, 0.32724795936391327, 0.3813820458695635, 0.2307784794543729, 0.39173545313354263, 0.3792215411891748, 0.2986237003839326, 0.1828594269236654, 0.36068613188890125, 0.30117187328179396, 0.2998513776371535, 0.1819649063243778, 0.40671457402128486, 0.3270554082213222, 0.05000804147808013], ""kernels.1.base_kernel.kernels.1"": [0.6931481805599428, 0.6931481805599428, 0.6931481805599428]}","{""kernels.0"": 9.854487877047717e-06, ""kernels.0.base_kernel.kernels.1"": 0.005891698787432072, ""kernels.1"": 0.784657001101929}",10,5,30,0,0,9
24,120.05522309745069,116.04906621533759,0.4986,global,-3.420230590818618,0.05623439140987781,0.006107990095813759,0.2623070651446438,0.05000804173071469,0.33333464146116987,0.6931481805599428,"{""kernels.0.base_kernel.kernels.0"": [0.333333848782612, 0.3333364435057912, 0.3333330102987629, 0.3333348819205704, 0.33333261113484386, 0.33333617656375125, 0.33333949914954203, 0.3333378360682875, 0.3333346476883931, 0.33333141572757014, 0.3333346352339466, 0.3333336059900523, 0.33333041042001077, 0.33333643610401226, 0.33333112754786026, 0.33333744346980465, 0.33333341457685894, 0.3333329976682994], ""kernels.0.base_kernel.kernels.1.base_kernel"": [0.6931481805599428, 0.6931481805599428, 0.6931481805599428], ""kernels.1.base_kernel.kernels.0"": [0.3338761824669291, 0.35869282619410653, 0.09177608209877958, 0.148072129309577, 0.327116438943455, 0.38138438468120195, 0.23443906489920407, 0.39193141378202967, 0.37976291895694025, 0.2983084008810106, 0.1846214360623297, 0.3610010354959346, 0.3002182942886227, 0.2999218634563886, 0.18216836109205914, 0.40736399963695435, 0.3267552094904779, 0.05000804173071469], ""kernels.1.base_kernel.kernels.1"": [0.6931481805599428, 0.6931481805599428, 0.6931481805599428]}","{""kernels.0"": 9.854409656834014e-06, ""kernels.0.base_kernel.kernels.1"": 0.005891691907045488, ""kernels.1"": 0.781019649117229}",10,5,30,0,0,10
25,117.91062350100555,116.04906621533759,0.4994,global,-3.878813124705246,0.225816214416767,0.005000249347208204,0.26172645732114025,0.05000806356722,0.3333351310887362,0.6931481805599428,"{""kernels.0.base_kernel.kernels.0"": [0.3333337814056929, 0.33333660493745293, 0.3333327111560603, 0.33333477761831387, 0.3333332407813733, 0.3333354845591585, 0.3333390489856792, 0.33333798290258065, 0.33333471540513965, 0.33333147449354367, 0.3333346199439305, 0.33333427939243526, 0.33332957674310687, 0.3333357623501939, 0.3333306993570293, 0.3333373471184601, 0.33333368794195956, 0.3333330796363223], ""kernels.0.base_kernel.kernels.1.base_kernel"": [0.6931481805599428, 0.6931481805599428, 0.6931481805599428], ""kernels.1.base_kernel.kernels.0"": [0.33456892285633993, 0.404301861823223, 0.13168331123451843, 0.3683404220907042, 0.36879088061816906, 0.3194026281157221, 0.20514469704298421, 0.42858809667250275, 0.3704778291410022, 0.13617515857558066, 0.17860413383203785, 0.4029149454312703, 0.22022529627601647, 0.31148721343521607, 0.2442122592325439, 0.39559279517404444, 0.3393170323059941, 0.05000806356722], ""kernels.1.base_kernel.kernels.1"": [0.6931481805599428, 0.6931481805599428, 0.6931481805599428]}","{""kernels.0"": 9.845046391188517e-06, ""kernels.0.base_kernel.kernels.1"": 0.00589112613616763, ""kernels.1"": 0.779278400780862}",10,5,30,1,0,11
26,124.88339651057558,116.04906621533759,0.4994,global,-3.4122115644770354,0.1357235710166389,0.004885945819442015,0.25838015158477995,0.050008065681964364,0.3333358975316744,0.6931481805599428,"{""kernels.0.base_kernel.kernels.0"": [0.33333380196202106, 0.3333367009080227, 0.3333326402268091, 0.3333349996386212, 0.3333331592430631, 0.33333578297763256, 0.3333390110722363, 0.33333825068739925, 0.33333476234237963, 0.33333121930117715, 0.33333466974332215, 0.33333470203635107, 0.3333295074057525, 0.3333360120857163, 0.3333305780309177, 0.33333748591168705, 0.3333335192536234, 0.33333314039084294], ""kernels.0.base_kernel.kernels.1.base_kernel"": [0.6931481805599428, 0.6931481805599428, 0.6931481805599428], ""kernels.1.base_kernel.kernels.0"": [0.33497019516898874, 0.3931531292270422, 0.13636911249569406, 0.3750351285096359, 0.37274029583676166, 0.3360008014124854, 0.19897424370968936, 0.43450523319843254, 0.37246548499582527, 0.13861558129508716, 0.17225876981301483, 0.40497133124109996, 0.22224812801532168, 0.3104073690509718, 0.24710747099047423, 0.394677247851174, 0.3381533379962017, 0.050008065681964364], ""kernels.1.base_kernel.kernels.1"": [0.6931481805599428, 0.6931481805599428, 0.6931481805599428]}","{""kernels.0"": 9.844724504331616e-06, ""kernels.0.base_kernel.kernels.1"": 0.005891098888948661, ""kernels.1"": 0.769239511140887}",10,5,30,0,1,12
27,217.60062914335305,116.04906621533759,0.4978,global,-3.4389589806694487,0.16845534505671972,0.004763569295808097,0.25476409753485757,0.050008067052624255,0.3333359285359122,0.6931481805599428,"{""kernels.0.base_kernel.kernels.0"": [0.33333380544461544, 0.3333367601392445, 0.33333260501617734, 0.333335477554373, 0.3333334016673252, 0.3333358392020169, 0.33333904421891, 0.33333832098544014, 0.3333347615910228, 0.33333118811008866, 0.3333346617156545, 0.3333348449799867, 0.3333293902299322, 0.33333601786980754, 0.3333305407876573, 0.3333375329801049, 0.3333335546391291, 0.3333330981739269], ""kernels.0.base_kernel.kernels.1.base_kernel"": [0.6931481805599428, 0.6931481805599428, 0.6931481805599428], ""kernels.1.base_kernel.kernels.0"": [0.3354717896941755, 0.40021138914998794, 0.13610599249060598, 0.4013415459395505, 0.3796293927161111, 0.3377942253317242, 0.19821772118704303, 0.43854995860808677, 0.37329598533391073, 0.13945256008486084, 0.17115414549351746, 0.40971802838055454, 0.22362309198876046, 0.30898671289270513, 0.24786183245564894, 0.39455962006218764, 0.3376656416853562, 0.050008067052624255], ""kernels.1.base_kernel.kernels.1"": [0.6931481805599428, 0.6931481805599428, 0.6931481805599428]}","{""kernels.0"": 9.84455416847122e-06, ""kernels.0.base_kernel.kernels.1"": 0.005891084771996478, ""kernels.1"": 0.7583913632784078}",10,5,30,0,0,13
28,126.01834964934774,116.04906621533759,0.5,local,-2.6830128377238114,0.16521162265541353,0.005568009197622295,0.2541456498548513,0.050008077906628375,0.33333641963641025,0.6931481805599428,"{""kernels.0.base_kernel.kernels.0"": [0.333333800927796, 0.33333727452441364, 0.3333333418281792, 0.3333351539698193, 0.33333227880554667, 0.33333584168305463, 0.33334029820686417, 0.33333697518175553, 0.3333327670458224, 0.3333317692374959, 0.33333595558646745, 0.33333469761941126, 0.3333296668193304, 0.333336883686353, 0.3333306292985628, 0.33333809615255927, 0.3333337771581944, 0.3333337282800128], ""kernels.0.base_kernel.kernels.1.base_kernel"": [0.6931481805599428, 0.6931481805599428, 0.6931481805599428], ""kernels.1.base_kernel.kernels.0"": [0.3433663781454938, 0.42185009178140404, 0.33942375442202094, 0.37433792146417477, 0.36843196215288326, 0.10393879689336431, 0.242989380803776, 0.3473052745223572, 0.2645872530640846, 0.11110308639925051, 0.3794917359370533, 0.40762627889938224, 0.19971351784033148, 0.3193621142214922, 0.2867115399238248, 0.3981764451496503, 0.33911923674908423, 0.050008077906628375], ""kernels.1.base_kernel.kernels.1"": [0.6931481805599428, 0.6931481805599428, 0.6931481805599428]}","{""kernels.0"": 9.844646806384248e-06, ""kernels.0.base_kernel.kernels.1"": 0.00589092607707209, ""kernels.1"": 0.7565361788406753}",10,5,30,2,0,14
29,145.28446330580041,116.04906621533759,0.4954,global,-3.359453113553327,0.1734517202625458,0.005611239294777168,0.2506056858348893,0.05000808538954898,0.3333363525956494,0.6931481805599428,"{""kernels.0.base_kernel.kernels.0"": [0.3333338409884079, 0.3333371703336633, 0.3333332457732757, 0.3333351771232872, 0.3333323640235833, 0.3333358128797432, 0.3333402919891704, 0.33333732280435735, 0.3333328542041207, 0.3333317443132437, 0.3333358397321537, 0.333334848370798, 0.33332953990489594, 0.3333368654591451, 0.33333052481877745, 0.333338089577823, 0.3333337529013912, 0.33333359961024694], ""kernels.0.base_kernel.kernels.1.base_kernel"": [0.6931481805599428, 0.6931481805599428, 0.6931481805599428], ""kernels.1.base_kernel.kernels.0"": [0.3438147865974756, 0.4228861077897224, 0.3378506352864137, 0.3771344046130919, 0.36904260047644744, 0.10784918343857022, 0.25401525794481344, 0.3583833248848561, 0.21898463798542409, 0.11126949185109375, 0.375158505023177, 0.41113008083663116, 0.19749845850594583, 0.3206421709908025, 0.29018307702638557, 0.39936346084208174, 0.33886932394993674, 0.05000808538954898], ""kernels.1.base_kernel.kernels.1"": [0.6931481805599428, 0.6931481805599428, 0.6931481805599428]}","{""kernels.0"": 9.845040006485246e-06, ""kernels.0.base_kernel.kernels.1"": 0.0058908293017367235, ""kernels.1"": 0.7459163831629246}",10,5,30,0,0,15
30,142.8946505636226,116.04906621533759,0.4996,global,-3.175739222102457,0.1404051723909944,0.005642577197392523,0.24919686959091103,0.05000809547988714,0.33333591030546394,0.6931481805599428,"{""kernels.0.base_kernel.kernels.0"": [0.3333338427568857, 0.3333373426132421, 0.33333329322443706, 0.33333512872373305, 0.33333237835037055, 0.33333590673079794, 0.3333405791798908, 0.33333705519740187, 0.3333330161199453, 0.33333180491142267, 0.3333359138801299, 0.33333466552348134, 0.33332948009822183, 0.3333366510869003, 0.3333306768369252, 0.33333821208931425, 0.33333366029578354, 0.3333337478786692], ""kernels.0.base_kernel.kernels.1.base_kernel"": [0.6931481805599428, 0.6931481805599428, 0.6931481805599428], ""kernels.1.base_kernel.kernels.0"": [0.3448170377009709, 0.42373868022812267, 0.3374958558408223, 0.3721086363027634, 0.365549946438064, 0.10336925863699292, 0.2450382805870338, 0.32876406548224957, 0.2638853923561362, 0.11094761038018125, 0.3780012162544144, 0.4082791598460228, 0.2052999381553666, 0.30707576361168776, 0.28795275210607985, 0.3971718079992284, 0.33685195880030333, 0.05000809547988714], ""kernels.1.base_kernel.kernels.1"": [0.6931481805599428, 0.6931481805599428, 0.6931481805599428]}","{""kernels.0"": 9.8456354118833e-06, ""kernels.0.base_kernel.kernels.1"": 0.005890729632804464, ""kernels.1"": 0.7416900335045168}",10,5,30,0,0,16
31,149.22495739952507,116.04906621533759,0.4984,global,-3.424973128210458,0.15971746539090978,0.00549519870243344,0.25004759838336815,0.05000809931183694,0.3333356418931096,0.6931481805599428,"{""kernels.0.base_kernel.kernels.0"": [0.33333387581843227, 0.33333752290593194, 0.333333242783388, 0.33333509839354386, 0.3333318937222642, 0.33333563377593534, 0.33334044993582734, 0.33333759964020765, 0.33333304245275586, 0.3333318324012618, 0.33333565001028387, 0.33333514078006815, 0.3333296645562915, 0.3333364696604919, 0.3333305965475832, 0.33333802483305636, 0.3333335201393178, 0.33333347669254093], ""kernels.0.base_kernel.kernels.1.base_kernel"": [0.6931481805599428, 0.6931481805599428, 0.6931481805599428], ""kernels.1.base_kernel.kernels.0"": [0.3429226097044092, 0.42874042324309103, 0.3348925362116228, 0.3680097030953729, 0.36553443139264896, 0.11746953900797867, 0.23114678406426672, 0.23750488484369586, 0.2837891844160984, 0.11676436232785035, 0.3595448933002278, 0.3999711130317734, 0.20251990417228893, 0.3058490131157622, 0.2907028841260053, 0.39572141035242275, 0.342933541690108, 0.05000809931183694], ""kernels.1.base_kernel.kernels.1"": [0.6931481805599428, 0.6931481805599428, 0.6931481805599428]}","{""kernels.0"": 9.846074220088222e-06, ""kernels.0.base_kernel.kernels.1"": 0.0058906398035947025, ""kernels.1"": 0.7442423092722897}",10,5,30,0,0,17
32,143.97121307477445,116.04906621533759,0.4956,global,-4.616588252077871,0.2906813517836724,0.005651318346665032,0.24690242759906822,0.050008152449879474,0.33333598333537817,0.6931481805599428,"{""kernels.0.base_kernel.kernels.0"": [0.3333338920632014, 0.3333368862323698, 0.3333331182402379, 0.3333348931360486, 0.3333327996948461, 0.3333360335986584, 0.333340714418336, 0.33333815666124367, 0.33333367843746226, 0.3333316356362646, 0.33333497924061734, 0.3333358436011541, 0.3333289789722243, 0.3333359330720979, 0.33333009807174474, 0.3333377874603094, 0.33333312997061737, 0.33333340178417975], ""kernels.0.base_kernel.kernels.1.base_kernel"": [0.6931481805599428, 0.6931481805599428, 0.6931481805599428], ""kernels.1.base_kernel.kernels.0"": [0.34098627831654305, 0.41700849743828755, 0.34053145147026537, 0.38207922879359685, 0.378739527340343, 0.12825539182118587, 0.3465356586898899, 0.3649833739279493, 0.11902890736514694, 0.11167884481021689, 0.3230416323700786, 0.419169459036656, 0.20808477847581297, 0.3091529682978794, 0.2855644209934992, 0.39809607371129435, 0.34452230664792505, 0.050008152449879474], ""kernels.1.base_kernel.kernels.1"": [0.6931481805599428, 0.6931481805599428, 0.6931481805599428]}","{""kernels.0"": 9.851249046713139e-06, ""kernels.0.base_kernel.kernels.1"": 0.005889514585444447, ""kernels.1"": 0.7348079169627135}",10,5,30,0,0,18
33,174.27152413334022,116.04906621533759,0.4984,global,-3.6736486013061906,0.16332034372417908,0.0056782637632081506,0.24631346669943122,0.05000815400909111,0.333336027926493,0.6931481805599428,"{""kernels.0.base_kernel.kernels.0"": [0.3333338765405438, 0.33333718802572426, 0.3333331805966828, 0.3333348004184427, 0.3333327505412221, 0.33333609097709577, 0.3333406329463467, 0.3333380780392801, 0.3333336954077279, 0.33333169713605043, 0.33333501813354066, 0.33333596487589023, 0.33332901572982065, 0.3333359316258649, 0.3333300774946504, 0.33333787555335626, 0.33333315650435813, 0.3333333856381195], ""kernels.0.base_kernel.kernels.1.base_kernel"": [0.6931481805599428, 0.6931481805599428, 0.6931481805599428], ""kernels.1.base_kernel.kernels.0"": [0.3411646529431618, 0.4203480534712034, 0.3402347376557756, 0.3828577852758743, 0.37715682183016813, 0.12944303263786017, 0.3449604401989894, 0.36259672841424767, 0.11930986333846208, 0.11282639573110927, 0.32189853230312593, 0.42064620030866984, 0.21371513664973746, 0.3112220143874961, 0.28561230072370314, 0.4015886201581529, 0.34466261535862014, 0.05000815400909111], ""kernels.1.base_kernel.kernels.1"": [0.6931481805599428, 0.6931481805599428, 0.6931481805599428]}","{""kernels.0"": 9.8512356376645e-06, ""kernels.0.base_kernel.kernels.1"": 0.005889498201189364, ""kernels.1"": 0.7330410506614666}",10,5,30,0,0,19
34,121.77866606296138,116.04906621533759,0.4998,global,-3.5261944719199407,0.1432804564781086,0.006530041602860137,0.25040375006487586,0.05000816643252023,0.33333364264676707,0.6931481805599428,"{""kernels.0.base_kernel.kernels.0"": [0.3333338404538644, 0.3333350637967596, 0.33333285244483357, 0.333333967866588, 0.33333166711970796, 0.3333353354486744, 0.3333400656200876, 0.33333767030438755, 0.33333311550231143, 0.33333181375425686, 0.33333475122121053, 0.3333353460583225, 0.3333294744012039, 0.3333358249711995, 0.3333306585532249, 0.3333376344097716, 0.33333344483966976, 0.3333332444084357], ""kernels.0.base_kernel.kernels.1.base_kernel"": [0.6931481805599428, 0.6931481805599428, 0.6931481805599428], ""kernels.1.base_kernel.kernels.0"": [0.3424117846166413, 0.2941052795183102, 0.3015660784675815, 0.33624275421782257, 0.34318412378097074, 0.13470534742630486, 0.2904238626296869, 0.31775007248009446, 0.1747424402891279, 0.11893770477619416, 0.31730967179631075, 0.4107496974526658, 0.2229270212340922, 0.2920217882980326, 0.2544831149745395, 0.3985369582979231, 0.296326935774553, 0.05000816643252023], ""kernels.1.base_kernel.kernels.1"": [0.6931481805599428, 0.6931481805599428, 0.6931481805599428]}","{""kernels.0"": 9.851308427775383e-06, ""kernels.0.base_kernel.kernels.1"": 0.005889362733547426, ""kernels.1"": 0.7453120361526524}",10,5,30,1,0,20
35,131.49668462163424,116.04906621533759,0.5,global,-3.82946865001166,0.20553812856534107,0.006284110428855401,0.24785168270297642,0.050008167991261065,0.33333366802302034,0.6931481805599428,"{""kernels.0.base_kernel.kernels.0"": [0.3333338509018573, 0.33333550479330865, 0.333332874359715, 0.33333398773837264, 0.33333180778587007, 0.33333538038968286, 0.33334014375210624, 0.33333788507492684, 0.33333309864738103, 0.3333317729239745, 0.3333347731868652, 0.3333354018505516, 0.3333294335738889, 0.3333359051642615, 0.33333060813168897, 0.3333377053673272, 0.3333334851441833, 0.33333324346930854], ""kernels.0.base_kernel.kernels.1.base_kernel"": [0.6931481805599428, 0.6931481805599428, 0.6931481805599428], ""kernels.1.base_kernel.kernels.0"": [0.3431730070493618, 0.32688390744953055, 0.30443045244394173, 0.3467815522094703, 0.35860805640917937, 0.1336781712672921, 0.28479902720428274, 0.3261345977075597, 0.17556567559793976, 0.11746708733157028, 0.322953816585403, 0.4139447762522618, 0.21997436442412388, 0.29479006632255034, 0.25237245347006076, 0.3997304356607667, 0.2986050102722332, 0.050008167991261065], ""kernels.1.base_kernel.kernels.1"": [0.6931481805599428, 0.6931481805599428, 0.6931481805599428]}","{""kernels.0"": 9.851330015644565e-06, ""kernels.0.base_kernel.kernels.1"": 0.00588934378978212, ""kernels.1"": 0.7376558529891315}",10,5,30,0,0,21
36,125.39635482599947,116.04906621533759,0.4978,local,-3.7889110705418907,0.13544190963084773,0.006167520658151557,0.2452559597536632,0.0500081811305417,0.3333343881060389,0.6931481805599428,"{""kernels.0.base_kernel.kernels.0"": [0.33333403733282324, 0.33333548483648123, 0.33333305705182176, 0.33333482111813134, 0.3333319931385951, 0.3333355566998006, 0.3333402486031465, 0.3333378934102677, 0.33333317305713, 0.3333316662410367, 0.33333473887925447, 0.33333555827875766, 0.3333292584086445, 0.3333358293268461, 0.33333052677191527, 0.3333377395891543, 0.3333334833372722, 0.3333332556925711], ""kernels.0.base_kernel.kernels.1.base_kernel"": [0.6931481805599428, 0.6931481805599428, 0.6931481805599428], ""kernels.1.base_kernel.kernels.0"": [0.3519538030959315, 0.3196180985722611, 0.32472045147643697, 0.38787171807246923, 0.37346140067806166, 0.13568600569158376, 0.3046655008537057, 0.3433647789081757, 0.1579036484435276, 0.11553343863744533, 0.3269732873192472, 0.41830068221560224, 0.22124852724127056, 0.29387355732449355, 0.24247181859085665, 0.3991727223135101, 0.3034877846921224, 0.0500081811305417], ""kernels.1.base_kernel.kernels.1"": [0.6931481805599428, 0.6931481805599428, 0.6931481805599428]}","{""kernels.0"": 9.851476112208513e-06, ""kernels.0.base_kernel.kernels.1"": 0.0058891972373713766, ""kernels.1"": 0.7298688305475061}",10,5,30,1,0,22
37,175.40984072977022,116.04906621533759,0.4876,global,-4.4057848512481455,0.26645886425753434,0.005983528154065446,0.2422626296478785,0.05000818193967905,0.3333348036881691,0.6931481805599428,"{""kernels.0.base_kernel.kernels.0"": [0.33333497472951484, 0.3333354890415547, 0.3333330666978765, 0.3333348538664921, 0.3333320072108002, 0.3333355843808196, 0.33334032127300606, 0.33333796962744644, 0.333333156646734, 0.333331645697187, 0.3333347535098461, 0.33333559129211326, 0.333329205341229, 0.3333358227310749, 0.3333304854237162, 0.3333377825265749, 0.3333334870503435, 0.3333332538800753], ""kernels.0.base_kernel.kernels.1.base_kernel"": [0.6931481805599428, 0.6931481805599428, 0.6931481805599428], ""kernels.1.base_kernel.kernels.0"": [0.41915284702203814, 0.31924188563291667, 0.32650373747329686, 0.3876845598113961, 0.37473117737495887, 0.1357441312369892, 0.3036854925321764, 0.3461312755808347, 0.15730577045561878, 0.11506520754833796, 0.3273453353376136, 0.4180289780903492, 0.2207188821599526, 0.29391904294258514, 0.2422174015521425, 0.3995147443921164, 0.30340026005871445, 0.05000818193967905], ""kernels.1.base_kernel.kernels.1"": [0.6931481805599428, 0.6931481805599428, 0.6931481805599428]}","{""kernels.0"": 9.85146862481524e-06, ""kernels.0.base_kernel.kernels.1"": 0.005889188609998098, ""kernels.1"": 0.7208888488650126}",10,5,30,0,0,23
38,136.28786715630542,116.04906621533759,0.4988,global,-4.100045390436198,0.21307292392083824,0.006058385449190272,0.24190655411757375,0.05000818896779367,0.33333482270081694,0.6931481805599428,"{""kernels.0.base_kernel.kernels.0"": [0.33333591324522266, 0.3333354745374902, 0.3333330630111104, 0.3333348913901852, 0.3333320374139402, 0.3333356567429658, 0.33334051500662215, 0.3333381523526635, 0.3333331837293526, 0.33333160638149134, 0.33333475401144863, 0.33333565132604814, 0.33332913035151734, 0.33333593009866525, 0.3333304153421155, 0.33333787915547597, 0.3333334528137206, 0.3333332757066484], ""kernels.0.base_kernel.kernels.1.base_kernel"": [0.6931481805599428, 0.6931481805599428, 0.6931481805599428], ""kernels.1.base_kernel.kernels.0"": [0.4205394144713969, 0.3169660888061611, 0.32948541695825784, 0.3905091792240988, 0.3761304222824078, 0.1349743065818224, 0.31114281198699073, 0.3531209651633815, 0.15493961539481577, 0.115366523623629, 0.3297258985760137, 0.4198674171036655, 0.22800460371579706, 0.29431973212949364, 0.23521173658974515, 0.4015132399045307, 0.2999732801950149, 0.05000818896779367], ""kernels.1.base_kernel.kernels.1"": [0.6931481805599428, 0.6931481805599428, 0.6931481805599428]}","{""kernels.0"": 9.851392764173423e-06, ""kernels.0.base_kernel.kernels.1"": 0.005889117067892423, ""kernels.1"": 0.7198206938920646}",10,5,30,0,1,24
39,145.92215414759735,116.04906621533759,0.5008,local,-3.941055493546182,0.13197254204892755,0.005934471141187108,0.2412900002682542,0.05000819399442762,0.33333460672989923,0.6931481805599428,"{""kernels.0.base_kernel.kernels.0"": [0.3333358377548122, 0.3333355026398855, 0.3333329162540361, 0.3333348211988755, 0.3333322448973629, 0.33333561451053045, 0.33334039519549324, 0.3333379458458869, 0.33333317058599254, 0.3333315767464507, 0.33333439226092293, 0.33333574402847693, 0.3333291517643996, 0.33333580329558177, 0.33333045218439095, 0.3333378341567016, 0.3333334693023789, 0.33333326173354544], ""kernels.0.base_kernel.kernels.1.base_kernel"": [0.6931481805599428, 0.6931481805599428, 0.6931481805599428], ""kernels.1.base_kernel.kernels.0"": [0.42211982347521093, 0.32201905517283175, 0.31829740475492657, 0.3920400510341557, 0.38641564878336354, 0.14903778745917387, 0.30848924515543624, 0.3574104747148637, 0.15088004311811803, 0.11725100458735375, 0.2963921398737266, 0.41956893188260896, 0.2277486597160767, 0.2969850881786671, 0.23146550781894884, 0.4016077830005554, 0.3027296500639709, 0.05000819399442762], ""kernels.1.base_kernel.kernels.1"": [0.6931481805599428, 0.6931481805599428, 0.6931481805599428]}","{""kernels.0"": 9.851350281259811e-06, ""kernels.0.base_kernel.kernels.1"": 0.005889071035955711, ""kernels.1"": 0.7179710784185256}",10,5,30,2,0,25
40,111.12503351971978,111.12503351971978,0.5002,global,-3.5980372957722606,0.09416150813755053,0.006301818135931375,0.24067469013280093,0.05000819658124353,0.3333339711002181,0.6931481805599428,"{""kernels.0.base_kernel.kernels.0"": [0.33333592792739886, 0.3333354793863454, 0.33333269675387084, 0.33333454819156044, 0.333330134930383, 0.3333355825906572, 0.33334038674713223, 0.33333837327054083, 0.3333332056594616, 0.33333163483838374, 0.3333344250803301, 0.3333361946509657, 0.3333293142536639, 0.3333359705121851, 0.33333046400783883, 0.33333791324042245, 0.3333335171201061, 0.33333329878583834], ""kernels.0.base_kernel.kernels.1.base_kernel"": [0.6931481805599428, 0.6931481805599428, 0.6931481805599428], ""kernels.1.base_kernel.kernels.0"": [0.4258322212044233, 0.329916645025059, 0.30782154387774957, 0.372435506902975, 0.3234202885224595, 0.14915979678318908, 0.31046760512965343, 0.3723414759487902, 0.15376395666567383, 0.11921313441587578, 0.28679846906692097, 0.4222193014534235, 0.2361631241843454, 0.3005656753685919, 0.2340209808801527, 0.4039067611062189, 0.2956912899251396, 0.05000819658124353], ""kernels.1.base_kernel.kernels.1"": [0.6931481805599428, 0.6931481805599428, 0.6931481805599428]}","{""kernels.0"": 9.851373573522686e-06, ""kernels.0.base_kernel.kernels.1"": 0.0058890516414092505, ""kernels.1"": 0.71612516738342}",10,5,30,0,0,0
41,116.69494113890272,111.12503351971978,0.4962,global,-3.9107963850084504,0.14661605309835482,0.005509856054632933,0.23727008699237698,0.050008203415654075,0.3333351359144812,0.6931481805599428,"{""kernels.0.base_kernel.kernels.0"": [0.3333359149654532, 0.3333355093388005, 0.3333328872878753, 0.3333347624901619, 0.3333306174655398, 0.33333553658154785, 0.3333406596439322, 0.33333847393752275, 0.33333328683037905, 0.33333149879500773, 0.3333345458233067, 0.33333662407049053, 0.33332901899489364, 0.3333359169058675, 0.3333304222880899, 0.33333798198700954, 0.33333347566678456, 0.3333332073562596], ""kernels.0.base_kernel.kernels.1.base_kernel"": [0.6931481805599428, 0.6931481805599428, 0.6931481805599428], ""kernels.1.base_kernel.kernels.0"": [0.4227951527888207, 0.3145000225529952, 0.3277315239280919, 0.38498526823377843, 0.3559614948361676, 0.14796481536783143, 0.3338362706524742, 0.384813224821867, 0.13699359420578328, 0.11776899933232961, 0.2873908720764278, 0.4253284780462595, 0.2346367790933098, 0.2995148496543853, 0.24369173370210948, 0.40394227225608553, 0.2898898199755302, 0.050008203415654075], ""kernels.1.base_kernel.kernels.1"": [0.6931481805599428, 0.6931481805599428, 0.6931481805599428]}","{""kernels.0"": 9.851344122875618e-06, ""kernels.0.base_kernel.kernels.1"": 0.005889002483776052, ""kernels.1"": 0.7059114071492321}",10,5,30,1,0,1
42,107.51394940230992,107.51394940230992,0.4992,global,-3.881835830615742,0.10003737469041156,0.005375151547801422,0.23476336442293969,0.050008206588646104,0.3333354247509305,0.6931481805599428,"{""kernels.0.base_kernel.kernels.0"": [0.33333601697482296, 0.3333354448332609, 0.333333301381286, 0.33333540466860007, 0.3333305280725673, 0.33333548278402186, 0.3333407116869715, 0.3333383221329575, 0.33333322435419, 0.3333314357482413, 0.3333348003484833, 0.33333663436519007, 0.33332900754790784, 0.3333362235185417, 0.3333303411676107, 0.3333381350265991, 0.333333495009712, 0.3333332058048134], ""kernels.0.base_kernel.kernels.1.base_kernel"": [0.6931481805599428, 0.6931481805599428, 0.6931481805599428], ""kernels.1.base_kernel.kernels.0"": [0.42756854768471986, 0.30851090105988743, 0.3512857989846029, 0.40088908182860283, 0.3617128047557284, 0.14598346598092887, 0.3316466686287739, 0.37569731675769785, 0.14024369755085328, 0.1169265764195582, 0.299763051892097, 0.42440192324520126, 0.23610459677723822, 0.3039528652161222, 0.24388597170720938, 0.40611667636103277, 0.2907051136141534, 0.050008206588646104], ""kernels.1.base_kernel.kernels.1"": [0.6931481805599428, 0.6931481805599428, 0.6931481805599428]}","{""kernels.0"": 9.851340065076712e-06, ""kernels.0.base_kernel.kernels.1"": 0.005888981634721898, ""kernels.1"": 0.6983912602940321}",10,5,30,0,0,0
43,121.52034170692754,107.51394940230992,0.5032,local,-3.934236852819777,0.12345293496945377,0.005130958620405182,0.23121595148470864,0.0500082155610348,0.33333556972009887,0.6931481805599428,"{""kernels.0.base_kernel.kernels.0"": [0.3333359955895156, 0.33333556466438663, 0.33333385062369303, 0.33333497202386136, 0.3333305948282376, 0.3333355747758111, 0.3333410160707713, 0.3333385055162704, 0.333333379824209, 0.333331399303131, 0.3333350091786275, 0.33333690787127, 0.3333288525794568, 0.3333364425014606, 0.33333023143941015, 0.33333824034913084, 0.33333341494217883, 0.3333333082589768], ""kernels.0.base_kernel.kernels.1.base_kernel"": [0.6931481805599428, 0.6931481805599428, 0.6931481805599428], ""kernels.1.base_kernel.kernels.0"": [0.42437233849329314, 0.3072118641859934, 0.3727249848442823, 0.3984008643101447, 0.36110705637943075, 0.14161989860235358, 0.36691154123117464, 0.37980666001808655, 0.130351321141482, 0.11504472868786628, 0.31680883765098605, 0.4251569874211852, 0.25652746598311205, 0.30410982437447387, 0.23471169255015933, 0.4072122650533879, 0.2949303795868485, 0.0500082155610348], ""kernels.1.base_kernel.kernels.1"": [0.6931481805599428, 0.6931481805599428, 0.6931481805599428]}","{""kernels.0"": 9.85136121587494e-06, ""kernels.0.base_kernel.kernels.1"": 0.005888924568703987, ""kernels.1"": 0.6877490785242061}",10,5,30,2,0,1
44,108.83597789211305,107.51394940230992,0.4996,global,-3.964174475730592,0.09900765578506138,0.005063584694290365,0.22895053407920943,0.05000822256512297,0.33333563916792147,0.6931481805599428,"{""kernels.0.base_kernel.kernels.0"": [0.3333363413815576, 0.33333558827487353, 0.33333379238345817, 0.3333348966370095, 0.33333050657179036, 0.3333356900609694, 0.3333410711403595, 0.3333385677187548, 0.3333333208055061, 0.3333314285084874, 0.3333349831922693, 0.33333691369845675, 0.3333289111764876, 0.33333652699180466, 0.33333019411496684, 0.3333383376228807, 0.33333349040956195, 0.33333322366699825], ""kernels.0.base_kernel.kernels.1.base_kernel"": [0.6931481805599428, 0.6931481805599428, 0.6931481805599428], ""kernels.1.base_kernel.kernels.0"": [0.42750583002730136, 0.30853691763348967, 0.37697015696478536, 0.40246813449921753, 0.3559623766730727, 0.1404458474876084, 0.365856555140852, 0.3757648258022723, 0.1326188511053204, 0.11454984644972585, 0.32605976404873105, 0.42592844639018, 0.26257902617674866, 0.30394074888937767, 0.2299396480543787, 0.4081173236420407, 0.2977224791368988, 0.05000822256512297], ""kernels.1.base_kernel.kernels.1"": [0.6931481805599428, 0.6931481805599428, 0.6931481805599428]}","{""kernels.0"": 9.851396804734882e-06, ""kernels.0.base_kernel.kernels.1"": 0.005888881592992269, ""kernels.1"": 0.6809528692478313}",10,5,30,0,0,2
45,184.80616285738665,107.51394940230992,0.4968,global,-5.071144077000719,0.277757086329602,0.004750928681770901,0.226799399184177,0.05000822356532237,0.33333571419644425,0.6931481805599428,"{""kernels.0.base_kernel.kernels.0"": [0.3333362953039891, 0.33333564890457124, 0.3333338832568734, 0.33333494874945774, 0.333330466410084, 0.33333577948831733, 0.3333411414276117, 0.33333860919537, 0.3333333309886055, 0.3333313956276072, 0.33333509402069, 0.33333693141948234, 0.3333288327278195, 0.33333665195746437, 0.3333301709469367, 0.3333383984908988, 0.3333334951679827, 0.33333323784880636], ""kernels.0.base_kernel.kernels.1.base_kernel"": [0.6931481805599428, 0.6931481805599428, 0.6931481805599428], ""kernels.1.base_kernel.kernels.0"": [0.4259555826988044, 0.3110045261187584, 0.3811489039513521, 0.4088198054618572, 0.3583778739223622, 0.1432157051209713, 0.36729925093101407, 0.37674388710415757, 0.13406105597531637, 0.11387908499094096, 0.3298458504618186, 0.42623450929885687, 0.2635576108625456, 0.31302686968361293, 0.2292922877450532, 0.4099559293919381, 0.2970308210052309, 0.05000822356532237], ""kernels.1.base_kernel.kernels.1"": [0.6931481805599428, 0.6931481805599428, 0.6931481805599428]}","{""kernels.0"": 9.851405019861895e-06, ""kernels.0.base_kernel.kernels.1"": 0.005888875574209177, ""kernels.1"": 0.674499470573302}",10,5,30,0,0,3
46,110.52722610972705,107.51394940230992,0.5006,global,-3.933614733597659,0.09458521437282659,0.004768937772623097,0.22675710501139867,0.05000822359592427,0.3333357137582952,0.6931481805599428,"{""kernels.0.base_kernel.kernels.0"": [0.3333362941896012, 0.33333564865991505, 0.3333338836290655, 0.33333494876020714, 0.3333304654886955, 0.3333357788566753, 0.3333411398093616, 0.33333860865331894, 0.3333333301407252, 0.3333313947695208, 0.33333509405645045, 0.33333693397197806, 0.333328831310669, 0.3333366526226409, 0.3333301705028008, 0.33333840030912504, 0.33333349523336464, 0.33333323633295464], ""kernels.0.base_kernel.kernels.1.base_kernel"": [0.6931481805599428, 0.6931481805599428, 0.6931481805599428], ""kernels.1.base_kernel.kernels.0"": [0.4259486420157784, 0.3109932691620498, 0.38117078273433785, 0.40885508517038716, 0.35838143241342424, 0.1431940365440325, 0.3672897272198017, 0.376719474651112, 0.1340450582036954, 0.11387162341275192, 0.3298590298527791, 0.4262895282500893, 0.2635077360234641, 0.31300157751363383, 0.22923265344248644, 0.40998256755859286, 0.29699068650826055, 0.05000822359592427], ""kernels.1.base_kernel.kernels.1"": [0.6931481805599428, 0.6931481805599428, 0.6931481805599428]}","{""kernels.0"": 9.851404913428422e-06, ""kernels.0.base_kernel.kernels.1"": 0.005888875391572096, ""kernels.1"": 0.6743725882377105}",10,5,30,0,0,4
47,112.96768322775384,107.51394940230992,0.499,local,-3.7923201778135454,0.10473312667756707,0.004481842003261944,0.2240833182549292,0.050008234782006236,0.33333573825399443,0.6931481805599428,"{""kernels.0.base_kernel.kernels.0"": [0.3333363058275057, 0.3333357461966475, 0.33333400006892094, 0.33333505561831184, 0.3333303009075635, 0.3333357303113414, 0.33334118935022883, 0.3333391282653927, 0.3333332877041088, 0.33333122295172296, 0.3333349753891591, 0.33333732061631766, 0.33332873607041663, 0.33333701996283044, 0.3333300971536321, 0.3333386734679063, 0.3333335005223595, 0.33333307928383343], ""kernels.0.base_kernel.kernels.1.base_kernel"": [0.6931481805599428, 0.6931481805599428, 0.6931481805599428], ""kernels.1.base_kernel.kernels.0"": [0.4273764185201191, 0.3113795377881246, 0.3846730682251712, 0.4128811165142725, 0.3594909736525918, 0.14446199307453197, 0.37124003044951526, 0.39114638152572334, 0.13129465773518392, 0.11557509440910727, 0.32169566996439347, 0.4301727322885974, 0.27147602410039484, 0.31946453779807377, 0.21765523561411504, 0.412195842922461, 0.2956071945238772, 0.050008234782006236], ""kernels.1.base_kernel.kernels.1"": [0.6931481805599428, 0.6931481805599428, 0.6931481805599428]}","{""kernels.0"": 9.85138724104312e-06, ""kernels.0.base_kernel.kernels.1"": 0.005888812026164187, ""kernels.1"": 0.6663512913513823}",10,5,30,1,0,5
48,110.7324600562432,107.51394940230992,0.4998,local,-3.9782140651479216,0.06728415160344473,0.004331730374130307,0.22104270788947422,0.050008238913729595,0.33333575426643325,0.6931481805599428,"{""kernels.0.base_kernel.kernels.0"": [0.33333633815824415, 0.3333357603149368, 0.3333340005769846, 0.33333497200879175, 0.3333302240506934, 0.33333574821792966, 0.33334126281732324, 0.3333391070443959, 0.33333326573812966, 0.33333117995644856, 0.3333350614753394, 0.33333731765929503, 0.33332860091838934, 0.33333733245605746, 0.33333003399043865, 0.3333411191739665, 0.33333349131059453, 0.33333303624242455], ""kernels.0.base_kernel.kernels.1.base_kernel"": [0.6931481805599428, 0.6931481805599428, 0.6931481805599428], ""kernels.1.base_kernel.kernels.0"": [0.4277455915821617, 0.30991383431746433, 0.38762868432915887, 0.41024176062528295, 0.3590571471128219, 0.14374619497023156, 0.3725063616674322, 0.39075719375080703, 0.13120684742500277, 0.11515872439647667, 0.3271584508829974, 0.4312985571740015, 0.2704480693357473, 0.3226068668596028, 0.2150153305657918, 0.4785000094552584, 0.296413718534559, 0.050008238913729595], ""kernels.1.base_kernel.kernels.1"": [0.6931481805599428, 0.6931481805599428, 0.6931481805599428]}","{""kernels.0"": 9.851294333720483e-06, ""kernels.0.base_kernel.kernels.1"": 0.005888788196787848, ""kernels.1"": 0.6572294841773011}",10,5,30,1,1,6
49,104.74464417283143,104.74464417283143,0.4996,local,-3.9685334457900283,0.068617061242626,0.004120820915895268,0.2188260590612525,0.050008239766077524,0.3333357801827289,0.6931481805599428,"{""kernels.0.base_kernel.kernels.0"": [0.33333634794821737, 0.3333357990922233, 0.3333340189272049, 0.3333349765379848, 0.3333302065812154, 0.3333357612732346, 0.33334130218575103, 0.33333915010292625, 0.3333332580692492, 0.33333118220501634, 0.33333505968407, 0.3333373446204449, 0.3333285824740812, 0.3333373723323963, 0.33333001766094666, 0.3333411814447972, 0.3333334953348343, 0.3333330318022506], ""kernels.0.base_kernel.kernels.1.base_kernel"": [0.6931481805599428, 0.6931481805599428, 0.6931481805599428], ""kernels.1.base_kernel.kernels.0"": [0.4275833997418064, 0.3117240861727705, 0.3882532680275246, 0.4105432112934079, 0.3589703912731625, 0.1451254016345926, 0.37251121868711, 0.3918867641225738, 0.1310300501628952, 0.11703676612255066, 0.32905952669047794, 0.43175754311244935, 0.2719140988822423, 0.3242593857170686, 0.21463134621788182, 0.47830978821628684, 0.29630409246734, 0.050008239766077524], ""kernels.1.base_kernel.kernels.1"": [0.6931481805599428, 0.6931481805599428, 0.6931481805599428]}","{""kernels.0"": 9.851277061663003e-06, ""kernels.0.base_kernel.kernels.1"": 0.0058887834595031385, ""kernels.1"": 0.6505795424471926}",10,5,30,1,0,0
50,101.45884652078192,101.45884652078192,0.4992,global,-4.1748045596238255,0.10359850753441753,0.0038084860082632176,0.21634513357585616,0.05000824536750537,0.3333361097027162,0.6931481805599428,"{""kernels.0.base_kernel.kernels.0"": [0.33333617074033695, 0.3333360486650955, 0.33333391281223956, 0.33333524370476325, 0.3333302377910025, 0.3333358167639619, 0.3333416202337565, 0.33333954491742046, 0.3333332238882926, 0.333331220570801, 0.3333347869499297, 0.33333760527468137, 0.33332848903271356, 0.33333762954152496, 0.3333298969957034, 0.33334108048635225, 0.33333349555544134, 0.33333289509190295], ""kernels.0.base_kernel.kernels.1.base_kernel"": [0.6931481805599428, 0.6931481805599428, 0.6931481805599428], ""kernels.1.base_kernel.kernels.0"": [0.4199563953485837, 0.32529109303517, 0.3934433649224936, 0.4230511342428453, 0.35157296246649195, 0.1443473217593392, 0.3899660716949638, 0.4033913141798929, 0.1249686745476277, 0.11796220904275409, 0.3396005071641721, 0.4360311864576122, 0.2754169079512363, 0.33017451250693625, 0.20612735119366613, 0.47351912408398256, 0.30217556677873547, 0.05000824536750537], ""kernels.1.base_kernel.kernels.1"": [0.6931481805599428, 0.6931481805599428, 0.6931481805599428]}","{""kernels.0"": 9.851147004888212e-06, ""kernels.0.base_kernel.kernels.1"": 0.005888752567809867, ""kernels.1"": 0.6431367970127537}",10,5,30,0,0,0
51,107.6067049384034,101.45884652078192,0.5,global,-4.243218411328442,0.0948030777732913,0.0036738087952782857,0.21304925291176915,0.05000825057158304,0.333336178442063,0.6931481805599428,"{""kernels.0.base_kernel.kernels.0"": [0.33333619397861036, 0.33333616290551554, 0.33333482803796183, 0.3333353738559357, 0.33332990667303514, 0.33333587057778163, 0.33334189146329846, 0.3333395905148397, 0.33333322633245555, 0.33333106410084645, 0.33333486019804565, 0.3333426506189829, 0.3333279695952477, 0.33333773560392854, 0.33332974771094204, 0.3333406512488743, 0.3333333944445759, 0.33333266610528267], ""kernels.0.base_kernel.kernels.1.base_kernel"": [0.6931481805599428, 0.6931481805599428, 0.6931481805599428], ""kernels.1.base_kernel.kernels.0"": [0.4155332554004754, 0.326863309859153, 0.4213048286855849, 0.4256228265975763, 0.3413232628118601, 0.1405392678137281, 0.4022555256758906, 0.41215214211109635, 0.12035936376797392, 0.11561659222263693, 0.3667804876208331, 0.510099247745099, 0.28017992329415553, 0.32819071058961824, 0.20082646722696393, 0.4603052921891939, 0.30500791229316515, 0.05000825057158304], ""kernels.1.base_kernel.kernels.1"": [0.6931481805599428, 0.6931481805599428, 0.6931481805599428]}","{""kernels.0"": 9.850829017095181e-06, ""kernels.0.base_kernel.kernels.1"": 0.005888723180893916, ""kernels.1"": 0.6332491847253965}",10,5,30,0,0,1
52,201.37648098516695,101.45884652078192,0.4732,global,-5.645058895366618,0.2788536363661503,0.0034912772942967685,0.21079396816548981,0.050008253844418725,0.3333371536018632,0.6931481805599428,"{""kernels.0.base_kernel.kernels.0"": [0.3333361898721698, 0.33333661782713975, 0.3333347647514319, 0.3333358752986376, 0.33332996669413156, 0.3333359331713484, 0.3333418782384849, 0.3333402026217035, 0.3333331716286661, 0.3333310272255019, 0.33333483236932643, 0.3333431287937762, 0.3333278240346741, 0.33333768937658675, 0.3333296774516119, 0.33334076961945974, 0.33333333955666417, 0.33333265656801164], ""kernels.0.base_kernel.kernels.1.base_kernel"": [0.6931481805599428, 0.6931481805599428, 0.6931481805599428], ""kernels.1.base_kernel.kernels.0"": [0.41640226238616657, 0.35011581702163835, 0.4192508274989477, 0.4440337738510888, 0.33897375895239085, 0.14189860434002016, 0.3990695969588946, 0.4330441161240593, 0.11956307071526011, 0.11458737878358087, 0.36734789266808976, 0.5214059393714401, 0.27918645944073295, 0.32776028082963915, 0.19445181198399092, 0.46147608484744745, 0.3038673528051243, 0.050008253844418725], ""kernels.1.base_kernel.kernels.1"": [0.6931481805599428, 0.6931481805599428, 0.6931481805599428]}","{""kernels.0"": 9.850563278057405e-06, ""kernels.0.base_kernel.kernels.1"": 0.005888704586823205, ""kernels.1"": 0.6264833493463682}",10,5,30,1,0,2
53,106.88463972177544,101.45884652078192,0.4996,local,-4.36786095704899,0.08835180293065156,0.0035163370397415707,0.21000370093342255,0.05000826231059703,0.3333372760080907,0.6931481805599428,"{""kernels.0.base_kernel.kernels.0"": [0.33333616953876594, 0.3333367901702963, 0.33333485306637567, 0.3333356982967639, 0.33332983954778267, 0.33333647553716933, 0.33334226038774895, 0.33334058767694125, 0.3333331730005717, 0.3333311526600159, 0.3333354282171591, 0.33334330670206996, 0.33332753628213685, 0.33333776184588515, 0.3333296232634031, 0.33334092664695647, 0.33333335225783045, 0.33333269987645525], ""kernels.0.base_kernel.kernels.1.base_kernel"": [0.6931481805599428, 0.6931481805599428, 0.6931481805599428], ""kernels.1.base_kernel.kernels.0"": [0.4145185104037129, 0.34768906539936595, 0.4243911652078871, 0.4392485093801279, 0.33603942536885445, 0.13384535087681043, 0.4000329084902371, 0.4287445118130482, 0.12047504874817831, 0.11319612555674832, 0.3882207508573926, 0.5245008764493044, 0.29052394225406253, 0.3260998775759631, 0.18357094087285172, 0.4620247718581318, 0.3073174908096259, 0.05000826231059703], ""kernels.1.base_kernel.kernels.1"": [0.6931481805599428, 0.6931481805599428, 0.6931481805599428]}","{""kernels.0"": 9.849869083458087e-06, ""kernels.0.base_kernel.kernels.1"": 0.005888654794617537, ""kernels.1"": 0.6241125981365666}",10,5,30,2,0,3
54,109.67480095423394,101.45884652078192,0.5014,global,-4.459466333571299,0.10620688138746961,0.0032992320498068523,0.20756182677110235,0.05000826492570868,0.33333952466684813,0.6931481805599428,"{""kernels.0.base_kernel.kernels.0"": [0.3333362019001433, 0.3333370147790878, 0.33333567751689824, 0.33333572442442755, 0.3333298586583859, 0.33333637470821575, 0.333342240552522, 0.33334123229566276, 0.3333331410393765, 0.33333107135808643, 0.3333353206390469, 0.3333448785880319, 0.3333274340555155, 0.33333803742377716, 0.3333295900325972, 0.33334101190991916, 0.333333303209969, 0.33333263715508926], ""kernels.0.base_kernel.kernels.1.base_kernel"": [0.6931481805599428, 0.6931481805599428, 0.6931481805599428], ""kernels.1.base_kernel.kernels.0"": [0.41516792817535714, 0.36152724500522354, 0.44777403461818627, 0.44233833762117003, 0.33428919593349027, 0.134595113898572, 0.4000980001494376, 0.4531694251108695, 0.119281624374971, 0.11258535592748471, 0.38703614877710707, 0.5479330315130625, 0.2888809220307218, 0.333740455068248, 0.17848768130538564, 0.46085854070044957, 0.3069954741493518, 0.05000826492570868], ""kernels.1.base_kernel.kernels.1"": [0.6931481805599428, 0.6931481805599428, 0.6931481805599428]}","{""kernels.0"": 9.849574259341417e-06, ""kernels.0.base_kernel.kernels.1"": 0.005888639121647422, ""kernels.1"": 0.6167869916174002}",10,5,30,2,0,4
55,104.19094210402181,101.45884652078192,0.4998,global,-4.593210468634236,0.05233520639345041,0.0031874168838921173,0.20565864003718912,0.05000826854895489,0.3333377044053624,0.6931481805599428,"{""kernels.0.base_kernel.kernels.0"": [0.3333362335708173, 0.33333710095411573, 0.3333361727517899, 0.33333551742620615, 0.33332983743897415, 0.3333364310261316, 0.3333424273365103, 0.33334196853880116, 0.3333331405913096, 0.33333101423953, 0.33333523657297337, 0.33334560200274715, 0.3333276456189746, 0.3333383078566091, 0.3333295966401876, 0.3333411099977088, 0.3333333194333214, 0.33333260753993343], ""kernels.0.base_kernel.kernels.1.base_kernel"": [0.6931481805599428, 0.6931481805599428, 0.6931481805599428], ""kernels.1.base_kernel.kernels.0"": [0.41596118436823, 0.35757219726748024, 0.45417809812267407, 0.4375689786952992, 0.3291711834103727, 0.13435318266368432, 0.40840678872003083, 0.46360722779184166, 0.11740016309564681, 0.1128016529235209, 0.38800276353350244, 0.551068286751449, 0.3172151820962359, 0.3336493511984177, 0.1833841646153491, 0.46219934664524037, 0.3112836322317665, 0.05000826854895489], ""kernels.1.base_kernel.kernels.1"": [0.6931481805599428, 0.6931481805599428, 0.6931481805599428]}","{""kernels.0"": 9.849127425119788e-06, ""kernels.0.base_kernel.kernels.1"": 0.005888616882183963, ""kernels.1"": 0.6110774541019582}",10,5,30,0,0,5
56,108.53613973798838,101.45884652078192,0.4994,global,-4.6978461677991845,0.058739094045186444,0.002946458521449189,0.2034987148140284,0.05000826991978339,0.33333786198869175,0.6931481805599428,"{""kernels.0.base_kernel.kernels.0"": [0.33333626048490905, 0.3333373444364725, 0.33333632965561705, 0.33333592157597186, 0.33332983029878777, 0.33333646496505354, 0.3333424963841476, 0.33334219433999385, 0.33333314870889136, 0.3333309796755808, 0.3333352354965394, 0.3333460453825874, 0.33332758603711793, 0.333338379540911, 0.333329553373349, 0.3333411778539435, 0.33333331161040614, 0.33333260016903327], ""kernels.0.base_kernel.kernels.1.base_kernel"": [0.6931481805599428, 0.6931481805599428, 0.6931481805599428], ""kernels.1.base_kernel.kernels.0"": [0.41622374696199765, 0.36999162076007286, 0.45857422125144376, 0.45797432089016904, 0.3300621923144381, 0.1336660225005427, 0.40810165033222195, 0.46752384509236994, 0.1174578735556362, 0.1118922239534077, 0.38807172605503887, 0.5598686409114176, 0.3181486712558202, 0.33541491911210397, 0.1832493937574259, 0.46289414327111067, 0.31071587650641147, 0.05000826991978339], ""kernels.1.base_kernel.kernels.1"": [0.6931481805599428, 0.6931481805599428, 0.6931481805599428]}","{""kernels.0"": 9.84895848402703e-06, ""kernels.0.base_kernel.kernels.1"": 0.00588860905775685, ""kernels.1"": 0.6045976864258443}",10,5,30,0,0,6
57,102.62713109269093,101.45884652078192,0.5014,global,-4.218454982882682,0.0926940987091859,0.0028418568205478066,0.20171141286315644,0.050008271134199644,0.3333379981982858,0.6931481805599428,"{""kernels.0.base_kernel.kernels.0"": [0.33333627282476974, 0.3333375158711239, 0.3333365049914249, 0.33333619495906525, 0.3333298280548646, 0.3333364754521078, 0.33334258223134167, 0.33334241256034103, 0.33333315051482276, 0.33333095394615375, 0.3333352843398267, 0.33334672026504086, 0.33332750451124327, 0.3333384805254477, 0.3333294794034807, 0.33334124152292044, 0.333333267168294, 0.3333325799417051], ""kernels.0.base_kernel.kernels.1.base_kernel"": [0.6931481805599428, 0.6931481805599428, 0.6931481805599428], ""kernels.1.base_kernel.kernels.0"": [0.41560846822661074, 0.3722954813840693, 0.4615052632535925, 0.4622491079354352, 0.3287454375602183, 0.13451985575877146, 0.40806748082215666, 0.4714181410052925, 0.11733375208620624, 0.11227004463357905, 0.3917391760479602, 0.5714103200055571, 0.32062344440838164, 0.338458038799102, 0.18230373534131225, 0.4618487826392818, 0.3089103196194213, 0.050008271134199644], ""kernels.1.base_kernel.kernels.1"": [0.6931481805599428, 0.6931481805599428, 0.6931481805599428]}","{""kernels.0"": 9.848792920012225e-06, ""kernels.0.base_kernel.kernels.1"": 0.005888602123584704, ""kernels.1"": 0.5992357876729646}",10,5,30,0,1,7
58,105.92193288675674,101.45884652078192,0.4998,local,-4.321286164706743,0.06168898762845646,0.0027022731911949933,0.1996231064558197,0.05000828290756633,0.33333827152399,0.6931481805599428,"{""kernels.0.base_kernel.kernels.0"": [0.3333363108070033, 0.3333376166769625, 0.3333368662502033, 0.333335681820178, 0.33332972380516646, 0.33333680486523826, 0.33334366807744137, 0.3333434313635024, 0.3333333801294504, 0.33333096175544247, 0.3333354178618071, 0.33334787972723684, 0.3333277742028513, 0.3333389263710174, 0.3333293191419465, 0.3333412796935087, 0.333333206308304, 0.3333324820952002], ""kernels.0.base_kernel.kernels.1.base_kernel"": [0.6931481805599428, 0.6931481805599428, 0.6931481805599428], ""kernels.1.base_kernel.kernels.0"": [0.41501362056570446, 0.3683368864313106, 0.46015341079109195, 0.4479710273457879, 0.3211427038580452, 0.1318845337871351, 0.4247039025849281, 0.4664523377489353, 0.11236014577349804, 0.11003080496987605, 0.3911315277636259, 0.5621813747669266, 0.31308954509657677, 0.33761584865850874, 0.31341270246453956, 0.46091972859123775, 0.26748879704934037, 0.05000828290756633], ""kernels.1.base_kernel.kernels.1"": [0.6931481805599428, 0.6931481805599428, 0.6931481805599428]}","{""kernels.0"": 9.84723826210267e-06, ""kernels.0.base_kernel.kernels.1"": 0.00588853017203505, ""kernels.1"": 0.5929709419571619}",10,5,30,1,0,8
59,101.72045352137093,101.45884652078192,0.5002,global,-4.485059807144013,0.045381992298868495,0.002568466015810675,0.19796115839996978,0.050008285929769455,0.33334031306371015,0.6931481805599428,"{""kernels.0.base_kernel.kernels.0"": [0.333336363857576, 0.33333788661632857, 0.33333698633388137, 0.33333573617458545, 0.33332956916785034, 0.3333368319717471, 0.3333436880511851, 0.3333434182369396, 0.3333333174200585, 0.33333090767137047, 0.333335445191972, 0.3333483513214214, 0.333327861759529, 0.3333392044972184, 0.33332977886502185, 0.33334142163020186, 0.3333332331346334, 0.33333242734542157], ""kernels.0.base_kernel.kernels.1.base_kernel"": [0.6931481805599428, 0.6931481805599428, 0.6931481805599428], ""kernels.1.base_kernel.kernels.0"": [0.4156399323202634, 0.37667744508658185, 0.46177141540084515, 0.45103273763101376, 0.31703158843494855, 0.13170834763227157, 0.43070489952335733, 0.46600929397415375, 0.11093124380640179, 0.10959532995745869, 0.39429858381452754, 0.5693884036372747, 0.31968337314631234, 0.3438255907080231, 0.33956771228443494, 0.4625117639089966, 0.2672321842060942, 0.050008285929769455], ""kernels.1.base_kernel.kernels.1"": [0.6931481805599428, 0.6931481805599428, 0.6931481805599428]}","{""kernels.0"": 9.846837518983882e-06, ""kernels.0.base_kernel.kernels.1"": 0.005888510431731802, ""kernels.1"": 0.5879851179306586}",10,5,30,0,0,9
60,105.45067887019553,101.45884652078192,0.4982,local,-4.540581955045364,0.03884366293901155,0.0023335372838597605,0.1958182088104459,0.050008289458067484,0.33334079680822337,0.6931481805599428,"{""kernels.0.base_kernel.kernels.0"": [0.33333641644211404, 0.33333816762438284, 0.3333374922597692, 0.3333355393580224, 0.3333294714185055, 0.3333369422264442, 0.3333438906557931, 0.3333435706938327, 0.33333335498616634, 0.33333085816599517, 0.3333361802529322, 0.33334872706455804, 0.33332763876202415, 0.3333399721135931, 0.3333300411852051, 0.3333416215028536, 0.33333315982430883, 0.3333323549905278], ""kernels.0.base_kernel.kernels.1.base_kernel"": [0.6931481805599428, 0.6931481805599428, 0.6931481805599428], ""kernels.1.base_kernel.kernels.0"": [0.41568272087541985, 0.38419488062965457, 0.47209370879906254, 0.4473709259348018, 0.3120765765706939, 0.13043077054773716, 0.43181023516803485, 0.4667961182557748, 0.11132266898046358, 0.10862886066148209, 0.4164143793697792, 0.5693915726827783, 0.3161912526604613, 0.3568157367456266, 0.3544526038054406, 0.46326297232088814, 0.26296491141441025, 0.050008289458067484], ""kernels.1.base_kernel.kernels.1"": [0.6931481805599428, 0.6931481805599428, 0.6931481805599428]}","{""kernels.0"": 9.84631683348691e-06, ""kernels.0.base_kernel.kernels.1"": 0.005888486794254121, ""kernels.1"": 0.5815562933202502}",10,5,30,1,0,10
61,107.60414374439466,101.45884652078192,0.4998,local,-4.448389881648796,0.04963294116347217,0.002235964282591037,0.19418433984648795,0.05000829032376396,0.33334069916747056,0.6931481805599428,"{""kernels.0.base_kernel.kernels.0"": [0.3333364655958572, 0.3333382539851125, 0.33333790487438403, 0.33333544054244985, 0.3333294978751494, 0.333336962595885, 0.3333440326491534, 0.3333438656459685, 0.33333334428011324, 0.33333084431331744, 0.33333624422732233, 0.3333490543950288, 0.3333277280470866, 0.33333978945669474, 0.33332998216577375, 0.33334160887824643, 0.33333316064874463, 0.3333323291339021], ""kernels.0.base_kernel.kernels.1.base_kernel"": [0.6931481805599428, 0.6931481805599428, 0.6931481805599428], ""kernels.1.base_kernel.kernels.0"": [0.41844484157330086, 0.38617792251220334, 0.48572461440908715, 0.4458492441311327, 0.3141194565032139, 0.13067445775865635, 0.43363024626319635, 0.4769119171050476, 0.11133920883181342, 0.10940573407771362, 0.41462414410926646, 0.5774072406998116, 0.3231315146236301, 0.3390286055051147, 0.35203950941517054, 0.4620921781418143, 0.2639262265592242, 0.05000829032376396], ""kernels.1.base_kernel.kernels.1"": [0.6931481805599428, 0.6931481805599428, 0.6931481805599428]}","{""kernels.0"": 9.846179491026678e-06, ""kernels.0.base_kernel.kernels.1"": 0.005888481208162971, ""kernels.1"": 0.5766546921518099}",10,5,30,1,1,11
62,104.07295430637777,101.45884652078192,0.5008,global,-4.425433872845494,0.03877957878673929,0.00223430244987351,0.19326059224994765,0.05000829186225508,0.3333407936895144,0.6931481805599428,"{""kernels.0.base_kernel.kernels.0"": [0.3333365582451768, 0.3333381236610753, 0.33333817324450926, 0.3333354758025284, 0.33332954101996537, 0.3333370096803935, 0.3333441184170747, 0.3333447745395038, 0.333333317083343, 0.3333308159055816, 0.3333365172135136, 0.3333493903125069, 0.3333279184150952, 0.33333988462993175, 0.33332982765301433, 0.3333417027490971, 0.3333331291973859, 0.3333323425177721], ""kernels.0.base_kernel.kernels.1.base_kernel"": [0.6931481805599428, 0.6931481805599428, 0.6931481805599428], ""kernels.1.base_kernel.kernels.0"": [0.42191456694774176, 0.3790629376722813, 0.48210915852238856, 0.44901885695502797, 0.3141957552565511, 0.13050633656348798, 0.4333488428921407, 0.49073317315615483, 0.11188133694282315, 0.1079921334580073, 0.42268709962140993, 0.5901579500636601, 0.33278536845813095, 0.35107191820338884, 0.348497269500905, 0.4653355338118957, 0.26446865400388175, 0.05000829186225508], ""kernels.1.base_kernel.kernels.1"": [0.6931481805599428, 0.6931481805599428, 0.6931481805599428]}","{""kernels.0"": 9.84591449925639e-06, ""kernels.0.base_kernel.kernels.1"": 0.005888470955668523, ""kernels.1"": 0.5738834598796753}",10,5,30,1,0,12
63,98.14040876228827,98.14040876228827,0.499,global,-4.994925236300704,0.031075186902402796,0.002128834387639076,0.1912088681741204,0.05000829536220768,0.3333431463311007,0.6931481805599428,"{""kernels.0.base_kernel.kernels.0"": [0.3333365908000423, 0.33333823582114575, 0.3333381480087462, 0.33333541928370286, 0.33332954261532477, 0.3333370878797608, 0.3333444148985794, 0.3333455752571925, 0.3333332507473423, 0.33333078749935335, 0.33333698151745167, 0.3333509447468773, 0.33332811739597834, 0.33334028158708856, 0.33333001419025726, 0.33334187776362195, 0.33333317252973654, 0.33333232248356975], ""kernels.0.base_kernel.kernels.1.base_kernel"": [0.6931481805599428, 0.6931481805599428, 0.6931481805599428], ""kernels.1.base_kernel.kernels.0"": [0.42016237254419603, 0.38481482234404546, 0.4786190152778018, 0.4523093433950391, 0.30999335148795776, 0.13044571773784036, 0.44009677710383294, 0.4926626572645178, 0.11113400465317397, 0.10769657247162859, 0.43654076405641234, 0.5980734944231914, 0.3392740771311165, 0.3518127668523791, 0.35701053172119585, 0.4663974385133455, 0.26564394329091817, 0.05000829536220768], ""kernels.1.base_kernel.kernels.1"": [0.6931481805599428, 0.6931481805599428, 0.6931481805599428]}","{""kernels.0"": 9.845285694621745e-06, ""kernels.0.base_kernel.kernels.1"": 0.005888448358048938, ""kernels.1"": 0.5677283108786175}",10,5,30,0,0,0
64,125.16175890081709,98.14040876228827,0.5,global,-5.259998451111657,0.20981479122917074,0.0020443709861921993,0.190175417499258,0.050008301429859695,0.3333420469650521,0.6931481805599428,"{""kernels.0.base_kernel.kernels.0"": [0.3333365487565131, 0.33333804122266053, 0.3333371411640863, 0.3333334623032721, 0.3333294935997344, 0.3333370542762324, 0.333344622480723, 0.33334557250879326, 0.33333327752172076, 0.3333307370388641, 0.3333366561790812, 0.3333493646455062, 0.333328429655187, 0.33334199179947527, 0.3333290814684008, 0.33334210213062887, 0.3333334046841426, 0.3333322492541296], ""kernels.0.base_kernel.kernels.1.base_kernel"": [0.6931481805599428, 0.6931481805599428, 0.6931481805599428], ""kernels.1.base_kernel.kernels.0"": [0.4197686080687762, 0.36475989364814165, 0.4665688235438802, 0.4215800731301984, 0.31696068177064146, 0.13230068897250696, 0.44299059463139, 0.482533825135926, 0.11068836959113931, 0.10959389341025233, 0.4258984595820801, 0.5811728277553999, 0.3513056031674386, 0.3773564833489496, 0.30380717504759724, 0.469736769907037, 0.2772181144062187, 0.050008301429859695], ""kernels.1.base_kernel.kernels.1"": [0.6931481805599428, 0.6931481805599428, 0.6931481805599428]}","{""kernels.0"": 9.84439858513374e-06, ""kernels.0.base_kernel.kernels.1"": 0.00588840893500902, ""kernels.1"": 0.5646279991641798}",10,5,30,1,0,1
65,110.17239476927011,98.14040876228827,0.5002,global,-4.877267087602798,0.1014909126094427,0.002035504828224318,0.18972672125637433,0.05000830387108137,0.3333426314080702,0.6931481805599428,"{""kernels.0.base_kernel.kernels.0"": [0.3333365278554028, 0.3333381759702741, 0.3333374204453127, 0.33333342689080414, 0.3333294612108752, 0.33333714270382486, 0.33334502856786863, 0.3333458952454707, 0.3333332663643497, 0.3333306472701695, 0.33333666820691554, 0.33334954561872276, 0.3333284956239605, 0.33334294326247826, 0.33332910737933935, 0.33334231955366206, 0.33333341026532515, 0.3333321818300247], ""kernels.0.base_kernel.kernels.1.base_kernel"": [0.6931481805599428, 0.6931481805599428, 0.6931481805599428], ""kernels.1.base_kernel.kernels.0"": [0.41964893965185845, 0.3649575969481647, 0.47274411350423007, 0.4159123138496436, 0.31654574131406155, 0.13338095168133385, 0.45501033891297243, 0.486680626632716, 0.10884407544104163, 0.10935181182954118, 0.4249146116986987, 0.5812410481126391, 0.3613308245075621, 0.3956954176258232, 0.30802327527869583, 0.4749541812082273, 0.28267448917231375, 0.05000830387108137], ""kernels.1.base_kernel.kernels.1"": [0.6931481805599428, 0.6931481805599428, 0.6931481805599428]}","{""kernels.0"": 9.844044182420563e-06, ""kernels.0.base_kernel.kernels.1"": 0.005888393990076847, ""kernels.1"": 0.5632819257348637}",10,5,30,1,0,2
66,101.45774199654625,98.14040876228827,0.498,global,-5.559142045225505,0.045082871187889215,0.0019716450481066326,0.1884669548001268,0.050008305890729673,0.33334330032277815,0.6931481805599428,"{""kernels.0.base_kernel.kernels.0"": [0.33333653228974697, 0.33333819120524416, 0.3333374645389421, 0.3333334324291812, 0.33332939846127885, 0.3333372205704501, 0.3333452389483991, 0.33334637513960025, 0.33333327612493574, 0.3333305873422446, 0.33333659573938224, 0.3333498515869911, 0.3333284276802081, 0.333344026026921, 0.3333291081807011, 0.3333425746186353, 0.3333333884809499, 0.33333210857579104], ""kernels.0.base_kernel.kernels.1.base_kernel"": [0.6931481805599428, 0.6931481805599428, 0.6931481805599428], ""kernels.1.base_kernel.kernels.0"": [0.4199878692017198, 0.3622705731239929, 0.4720814060425788, 0.4184201707823867, 0.31477005185677653, 0.13413746683799882, 0.45608878290680144, 0.497834265222406, 0.10896198234916019, 0.10922231039440664, 0.4230057429434101, 0.5826496725548155, 0.3601018537847434, 0.4100802966333095, 0.3097946321945512, 0.47809743913080016, 0.2834907449481716, 0.050008305890729673], ""kernels.1.base_kernel.kernels.1"": [0.6931481805599428, 0.6931481805599428, 0.6931481805599428]}","{""kernels.0"": 9.84373885931272e-06, ""kernels.0.base_kernel.kernels.1"": 0.005888382024096382, ""kernels.1"": 0.5595026386374247}",10,5,30,0,0,3
67,145.12464728091425,98.14040876228827,0.4034,local,-4.7629128264345155,0.08964377911143515,0.0018144342017385549,0.18721396560061995,0.05000830678499285,0.33334343613386075,0.6931481805599428,"{""kernels.0.base_kernel.kernels.0"": [0.33333653804269453, 0.33333818100554446, 0.333337485222934, 0.3333333518681382, 0.33332938634838055, 0.3333372390333297, 0.3333454386698286, 0.33334672941397814, 0.33333328300832554, 0.33333056817849677, 0.33333658344896844, 0.33335001686710525, 0.3333284311552663, 0.33334423495613713, 0.3333290834181724, 0.3333426373115843, 0.33333339425658753, 0.33333206751469246], ""kernels.0.base_kernel.kernels.1.base_kernel"": [0.6931481805599428, 0.6931481805599428, 0.6931481805599428], ""kernels.1.base_kernel.kernels.0"": [0.4197338764520851, 0.35982792372979694, 0.47223751301346717, 0.4168604317553854, 0.31383077218351046, 0.1339349888833379, 0.4619722884942348, 0.502501993964876, 0.11116728909938015, 0.11006646649527721, 0.42358263930791906, 0.5812624559709737, 0.36167099813475356, 0.4086818180930807, 0.3089321433787386, 0.4781661878869311, 0.28423479376189775, 0.05000830678499285], ""kernels.1.base_kernel.kernels.1"": [0.6931481805599428, 0.6931481805599428, 0.6931481805599428]}","{""kernels.0"": 9.843600902655158e-06, ""kernels.0.base_kernel.kernels.1"": 0.005888376757768367, ""kernels.1"": 0.5557436764431888}",10,5,30,2,0,4
68,115.42086179435233,98.14040876228827,0.4988,global,-4.703912827594363,0.056062208502629204,0.001729567573962298,0.19141266064462228,0.05000831445360003,0.333344912729971,0.6931481805599428,"{""kernels.0.base_kernel.kernels.0"": [0.3333379532105695, 0.333337263737767, 0.3333332769648541, 0.3333365899454015, 0.33333091153924516, 0.33333599640642614, 0.33334497416557124, 0.3333501711381167, 0.3333335667486527, 0.33333016172864915, 0.33333524247751806, 0.33334575205435485, 0.3333286295455706, 0.3333448512943708, 0.333330065581415, 0.3333449866318019, 0.3333335913479868, 0.3333316927237087], ""kernels.0.base_kernel.kernels.1.base_kernel"": [0.6931481805599428, 0.6931481805599428, 0.6931481805599428], ""kernels.1.base_kernel.kernels.0"": [0.4648917391736741, 0.3088197625859525, 0.3687617810741649, 0.45093390347922524, 0.39877043643325155, 0.17465134391621462, 0.4168469307282156, 0.5490607700075402, 0.10741265052370627, 0.1249118111108527, 0.1749560348880098, 0.4710296519707261, 0.39399098161611523, 0.42853512398353594, 0.387917927024289, 0.514163393530253, 0.2917533632309025, 0.05000831445360003], ""kernels.1.base_kernel.kernels.1"": [0.6931481805599428, 0.6931481805599428, 0.6931481805599428]}","{""kernels.0"": 9.842641204891073e-06, ""kernels.0.base_kernel.kernels.1"": 0.005888336846782847, ""kernels.1"": 0.5683398024458791}",10,5,30,0,0,5
69,101.19307485235784,98.14040876228827,0.5006,global,-5.305797665539691,0.0437001992853224,0.00189407308409604,0.19213278364705977,0.05000831977564854,0.33334473317797775,0.6931481805599428,"{""kernels.0.base_kernel.kernels.0"": [0.3333340235499221, 0.33333787799458636, 0.3333331690666988, 0.33333572179703613, 0.3333299503559459, 0.3333359250752116, 0.3333446376786797, 0.3333494000991032, 0.33333353599192866, 0.33333017992684844, 0.33333515252947893, 0.33334585230244246, 0.3333282442437615, 0.3333448286772758, 0.33333032868313617, 0.33334533555892937, 0.3333335468084436, 0.33333175227851], ""kernels.0.base_kernel.kernels.1.base_kernel"": [0.6931481805599428, 0.6931481805599428, 0.6931481805599428], ""kernels.1.base_kernel.kernels.0"": [0.3093324606255412, 0.3505946127173386, 0.34197001497610824, 0.43147652091646593, 0.353146615692038, 0.15949258620005569, 0.4234949186274826, 0.5372699647403023, 0.10828232272682864, 0.12319233914012531, 0.21092869901563857, 0.46094421269191455, 0.37250958693337816, 0.4259583857935231, 0.3896986388952459, 0.5266630878207985, 0.2832891863854625, 0.05000831977564854], ""kernels.1.base_kernel.kernels.1"": [0.6931481805599428, 0.6931481805599428, 0.6931481805599428]}","{""kernels.0"": 9.841943045705365e-06, ""kernels.0.base_kernel.kernels.1"": 0.005888308839896837, ""kernels.1"": 0.5705002001582368}",10,5,30,0,0,6
70,105.54201495397429,98.14040876228827,0.5,global,-5.55885347972425,0.036274159898900114,0.0017649158593524067,0.19019584072363496,0.0500083198968355,0.33334473692349553,0.6931481805599428,"{""kernels.0.base_kernel.kernels.0"": [0.33333402549086033, 0.33333788638195017, 0.333333176616411, 0.33333571907872983, 0.333329955413452, 0.3333359273460998, 0.3333446374927845, 0.3333494391654042, 0.3333335345211944, 0.3333301826114084, 0.33333514956042737, 0.3333458693268922, 0.33332824672951705, 0.33334483635420664, 0.33333033979884463, 0.33334534285893636, 0.3333335456242282, 0.33333175024757083], ""kernels.0.base_kernel.kernels.1.base_kernel"": [0.6931481805599428, 0.6931481805599428, 0.6931481805599428], ""kernels.1.base_kernel.kernels.0"": [0.3094549939058876, 0.3506893958603594, 0.34236069768267174, 0.4316057727341084, 0.35325647270536487, 0.1596830478522631, 0.423520149250886, 0.5388925997436014, 0.10833354488163527, 0.12352827310670293, 0.21117736768457016, 0.4616963794622773, 0.3726818381764347, 0.4261028931269963, 0.39032579898019815, 0.5267474787853956, 0.28330227603902247, 0.0500083198968355], ""kernels.1.base_kernel.kernels.1"": [0.6931481805599428, 0.6931481805599428, 0.6931481805599428]}","{""kernels.0"": 9.84192340230847e-06, ""kernels.0.base_kernel.kernels.1"": 0.005888308211309331, ""kernels.1"": 0.5646893720361933}",10,5,30,0,0,7
71,107.51858310608321,98.14040876228827,0.499,local,-5.270316673403558,0.03643728565526687,0.0018117864566616023,0.19043050402391748,0.0500083246809714,0.33334490166723013,0.6931481805599428,"{""kernels.0.base_kernel.kernels.0"": [0.3333341039297652, 0.3333384606400555, 0.33333307116516037, 0.3333361495881922, 0.3333299676279213, 0.33333576618249283, 0.3333444296458477, 0.333346956601118, 0.3333334406825857, 0.3333300212296681, 0.3333350678798823, 0.3333472286947966, 0.3333283972380355, 0.33334537368861256, 0.33332943953871014, 0.3333457590702652, 0.3333335220854884, 0.3333317603326212], ""kernels.0.base_kernel.kernels.1.base_kernel"": [0.6931481805599428, 0.6931481805599428, 0.6931481805599428], ""kernels.1.base_kernel.kernels.0"": [0.3248115415048421, 0.36976301643123877, 0.34585261416540874, 0.4409198761315171, 0.3476469175721512, 0.16014885784981317, 0.40615997101392165, 0.5067829389829724, 0.11141071436894713, 0.12572263996979804, 0.21376532856001645, 0.47013752813338716, 0.3585520245722406, 0.4282748773744171, 0.35480657453097786, 0.5306510321615591, 0.2815688573143216, 0.0500083246809714], ""kernels.1.base_kernel.kernels.1"": [0.6931481805599428, 0.6931481805599428, 0.6931481805599428]}","{""kernels.0"": 9.841306180383267e-06, ""kernels.0.base_kernel.kernels.1"": 0.005888283849482586, ""kernels.1"": 0.5653933869160894}",10,5,30,2,0,8
72,126.11123050425772,98.14040876228827,0.4998,global,-5.515025911274286,0.17843366988581247,0.002284437014748992,0.18915913063665257,0.050008325525359304,0.33334474109099643,0.6931481805599428,"{""kernels.0.base_kernel.kernels.0"": [0.3333341564777596, 0.33333853998408897, 0.33333344751262256, 0.3333358222565397, 0.33333004282463974, 0.333335768506903, 0.33334414322766537, 0.33334718797588964, 0.3333333833241195, 0.33333005063311383, 0.3333351016277332, 0.3333472234558031, 0.3333283186120223, 0.33334533895432744, 0.3333294539108716, 0.3333457089219435, 0.3333335072799907, 0.33333175263827025], ""kernels.0.base_kernel.kernels.1.base_kernel"": [0.6931481805599428, 0.6931481805599428, 0.6931481805599428], ""kernels.1.base_kernel.kernels.0"": [0.32725302165417625, 0.369717063277656, 0.3608427836814404, 0.4315823099077606, 0.35176824082210967, 0.15793039511931126, 0.4024019355360207, 0.5006662224692986, 0.10851826877333243, 0.12662870787982305, 0.21932023949739232, 0.4859435206259018, 0.3567420701287788, 0.42933257958208354, 0.35701379300360686, 0.5276504103148796, 0.2793578412971809, 0.050008325525359304], ""kernels.1.base_kernel.kernels.1"": [0.6931481805599428, 0.6931481805599428, 0.6931481805599428]}","{""kernels.0"": 9.841202450974062e-06, ""kernels.0.base_kernel.kernels.1"": 0.005888279816598819, ""kernels.1"": 0.561579270890908}",10,5,30,0,0,9
73,131.36929833984055,98.14040876228827,0.5,global,-5.528090018919404,0.21468040864190466,0.002267895970980423,0.18880599113611526,0.050008328375092434,0.3333448838064019,0.6931481805599428,"{""kernels.0.base_kernel.kernels.0"": [0.333334221970437, 0.33333893061562814, 0.33333396658141523, 0.3333349948244777, 0.33333006514350705, 0.33333587845110213, 0.3333437782970643, 0.3333478115286993, 0.33333341418425827, 0.3333300448130795, 0.3333350663181261, 0.33334705979435336, 0.33332815603607313, 0.33334653762007216, 0.3333294703309465, 0.33334598931573955, 0.3333334366488885, 0.3333316611454264], ""kernels.0.base_kernel.kernels.1.base_kernel"": [0.6931481805599428, 0.6931481805599428, 0.6931481805599428], ""kernels.1.base_kernel.kernels.0"": [0.33088247078890104, 0.3774351268249863, 0.365635169986531, 0.41688871883985457, 0.3550702853130273, 0.1576676479873552, 0.4067399517050852, 0.4989982140283537, 0.10881600565991606, 0.127834091377134, 0.21918321976436544, 0.48618764270159576, 0.3525932131087785, 0.45084068007400036, 0.36441151780612135, 0.5333557691766381, 0.2745199251718734, 0.050008328375092434], ""kernels.1.base_kernel.kernels.1"": [0.6931481805599428, 0.6931481805599428, 0.6931481805599428]}","{""kernels.0"": 9.840860363076754e-06, ""kernels.0.base_kernel.kernels.1"": 0.00588826615013241, ""kernels.1"": 0.5605198663978502}",10,5,30,1,0,10
74,100.35939348121784,98.14040876228827,0.5004,global,-5.719963982882242,0.04757529608805043,0.0022723304142141265,0.18840918219490263,0.05000833168996808,0.33334535381397773,0.6931481805599428,"{""kernels.0.base_kernel.kernels.0"": [0.3333341559688942, 0.333339144857917, 0.33333408265461956, 0.3333346588761655, 0.33332993464769645, 0.3333358608221225, 0.33334423595405704, 0.33334824650679723, 0.3333334148909196, 0.33332996362585404, 0.33333509240228626, 0.33334712923075693, 0.33332830850006323, 0.3333482685532423, 0.3333295855044146, 0.3333464716738984, 0.3333334781098517, 0.33333155958935945], ""kernels.0.base_kernel.kernels.1.base_kernel"": [0.6931481805599428, 0.6931481805599428, 0.6931481805599428], ""kernels.1.base_kernel.kernels.0"": [0.33045266377500765, 0.3754205683248711, 0.3642636217674474, 0.41070895729451995, 0.353792017338006, 0.15745406257585426, 0.43047499761020075, 0.5007378451282807, 0.10766392089695262, 0.12733622880974535, 0.21936235825431744, 0.4865251949656193, 0.356359759544801, 0.4702471114752713, 0.3690825896804561, 0.53968599206011, 0.27304647169786417, 0.05000833168996808], ""kernels.1.base_kernel.kernels.1"": [0.6931481805599428, 0.6931481805599428, 0.6931481805599428]}","{""kernels.0"": 9.840432129031833e-06, ""kernels.0.base_kernel.kernels.1"": 0.005888250853582466, ""kernels.1"": 0.5593294552989964}",10,5,30,0,0,11
75,98.87109003072095,98.14040876228827,0.5006,local,-5.797678155944131,0.02713156835283241,0.0021333766907566435,0.18725433098206312,0.050008335138277474,0.3333458660786479,0.6931481805599428,"{""kernels.0.base_kernel.kernels.0"": [0.3333341539753434, 0.33333926886600157, 0.333334031855222, 0.3333348219426428, 0.3333299546363187, 0.33333591321069, 0.3333445728760736, 0.33334814568902577, 0.3333334724982059, 0.33332994655689957, 0.3333350006939691, 0.3333475279491718, 0.33332825723174914, 0.3333507647930923, 0.3333294599797057, 0.33334715928122216, 0.3333334822854054, 0.3333314652373491], ""kernels.0.base_kernel.kernels.1.base_kernel"": [0.6931481805599428, 0.6931481805599428, 0.6931481805599428], ""kernels.1.base_kernel.kernels.0"": [0.33277738009809904, 0.3732350507900319, 0.3630595751776088, 0.4233721645958569, 0.3550767606991122, 0.15821400614196668, 0.4338992691127895, 0.49563377159223854, 0.10612312031517157, 0.12728807567620906, 0.21842679865534778, 0.4911116077804279, 0.35696224238898805, 0.4850894995137091, 0.36680373341964856, 0.5438521834333649, 0.27536546524166006, 0.050008335138277474], ""kernels.1.base_kernel.kernels.1"": [0.6931481805599428, 0.6931481805599428, 0.6931481805599428]}","{""kernels.0"": 9.839897778815513e-06, ""kernels.0.base_kernel.kernels.1"": 0.005888233939414525, ""kernels.1"": 0.555864919108996}",10,5,30,1,0,12
76,198.0938643983681,98.14040876228827,0.4992,local,-5.6900212337099605,0.2023813005912566,0.0019068407064049833,0.1858913573878688,0.050008336488517345,0.33334599474000215,0.6931481805599428,"{""kernels.0.base_kernel.kernels.0"": [0.3333340169222065, 0.33333921164329505, 0.3333340935755359, 0.3333348545581674, 0.33332995760139117, 0.3333359450660367, 0.33334471131838694, 0.3333479616505703, 0.33333349646621707, 0.3333299226331985, 0.33333494129190494, 0.3333474943583561, 0.3333283740375126, 0.3333511425473322, 0.33332945022025556, 0.3333472781616174, 0.3333335110124487, 0.3333314567258555], ""kernels.0.base_kernel.kernels.1.base_kernel"": [0.6931481805599428, 0.6931481805599428, 0.6931481805599428], ""kernels.1.base_kernel.kernels.0"": [0.3270114063262909, 0.36990409579142924, 0.36203500440496494, 0.4253739679432322, 0.35493224374667354, 0.15746217616737512, 0.43656768917145494, 0.4886041226989432, 0.10628657011317827, 0.12640244194653097, 0.21663572901521524, 0.4906244742257478, 0.36512174095363537, 0.4906053578083872, 0.3646090409960612, 0.5440614940386137, 0.2787251569182708, 0.050008336488517345], ""kernels.1.base_kernel.kernels.1"": [0.6931481805599428, 0.6931481805599428, 0.6931481805599428]}","{""kernels.0"": 9.839692809590316e-06, ""kernels.0.base_kernel.kernels.1"": 0.005888227473147047, ""kernels.1"": 0.5517760049976498}",10,5,30,1,0,13
77,102.26773893824141,98.14040876228827,0.4996,global,-5.538759426766401,0.02467242288145112,0.0018979993420852011,0.18751897562256195,0.05000834139382451,0.3333440491231472,0.6931481805599428,"{""kernels.0.base_kernel.kernels.0"": [0.3333342324681143, 0.33333816035570746, 0.33333453927654577, 0.333335003503769, 0.33333137184314954, 0.33333607652632724, 0.3333450160449147, 0.3333465706191859, 0.33333340480419943, 0.3333293793227155, 0.33333458162259144, 0.33334308220137965, 0.33332959079764707, 0.33335177162694785, 0.33332997786837126, 0.33334719808088886, 0.33333369280374675, 0.3333319511472751], ""kernels.0.base_kernel.kernels.1.base_kernel"": [0.6931481805599428, 0.6931481805599428, 0.6931481805599428], ""kernels.1.base_kernel.kernels.0"": [0.31180949228034605, 0.346724462468809, 0.39008537852847935, 0.42502962448259357, 0.3723450521078898, 0.16755654334209752, 0.4355481657558806, 0.48904185566520164, 0.10392613955588076, 0.12755505174767548, 0.18880055863518247, 0.4485372799844623, 0.37672628832854826, 0.49618401875076223, 0.3712214249654225, 0.5378466289874586, 0.2790472699121218, 0.05000834139382451], ""kernels.1.base_kernel.kernels.1"": [0.6931481805599428, 0.6931481805599428, 0.6931481805599428]}","{""kernels.0"": 9.838913593042904e-06, ""kernels.0.base_kernel.kernels.1"": 0.005888202076797421, ""kernels.1"": 0.5566588858772954}",10,5,30,1,0,14
78,166.66370851992224,98.14040876228827,0.4998,global,-5.26592238218191,0.20723606036598077,0.0019050016896733708,0.18623767351727813,0.05000834526475752,0.33334428717382614,0.6931481805599428,"{""kernels.0.base_kernel.kernels.0"": [0.3333345714637584, 0.33333816569861274, 0.33333421332772084, 0.33333562647164755, 0.33333129556672814, 0.3333360485247632, 0.3333452372045082, 0.3333469441119179, 0.33333346033963246, 0.33332937408293717, 0.3333348134691886, 0.3333433371431441, 0.33332950636296754, 0.33335249963267105, 0.3333302337268925, 0.33334745482778116, 0.33333371830324116, 0.33333191919948724], ""kernels.0.base_kernel.kernels.1.base_kernel"": [0.6931481805599428, 0.6931481805599428, 0.6931481805599428], ""kernels.1.base_kernel.kernels.0"": [0.32412107430723947, 0.3556804363918604, 0.3824813791695072, 0.4407467163317922, 0.36436732876214867, 0.1631421603107415, 0.44621338606472893, 0.4938862906864674, 0.10156303992921689, 0.1244218649075034, 0.2007945279034586, 0.4418066955704648, 0.3773886795897098, 0.5004180000602803, 0.38345165232057216, 0.5440402424884673, 0.2826617906959377, 0.05000834526475752], ""kernels.1.base_kernel.kernels.1"": [0.6931481805599428, 0.6931481805599428, 0.6931481805599428]}","{""kernels.0"": 9.838290526282363e-06, ""kernels.0.base_kernel.kernels.1"": 0.005888182833242044, ""kernels.1"": 0.552814999428066}",10,5,30,0,0,15
79,116.8507362522124,98.14040876228827,0.4986,global,-5.360695340630372,0.07764547360050149,0.001921632927020086,0.18624096658351227,0.05000834694092789,0.3333439830251963,0.6931481805599428,"{""kernels.0.base_kernel.kernels.0"": [0.3333345898306609, 0.3333380578072569, 0.33333411886268466, 0.33333600500541316, 0.3333313858230796, 0.3333361849211064, 0.33334549131630686, 0.33334633229121374, 0.3333334909144691, 0.3333294238414277, 0.3333347864634649, 0.3333424747340858, 0.33332959766451703, 0.3333523348247701, 0.3333303354917901, 0.3333474650064357, 0.33333366365513245, 0.3333318093978969], ""kernels.0.base_kernel.kernels.1.base_kernel"": [0.6931481805599428, 0.6931481805599428, 0.6931481805599428], ""kernels.1.base_kernel.kernels.0"": [0.3233257662832876, 0.3510384854905702, 0.3861237160819617, 0.4373999529965579, 0.3613669503227723, 0.16139255411382933, 0.4531052042295146, 0.47497891929191477, 0.10122323331572838, 0.12444349161813566, 0.19865067892543478, 0.4232492855583222, 0.3796155597325792, 0.5076717684767025, 0.38565252406474, 0.5455686920366294, 0.2816203767225114, 0.05000834694092789], ""kernels.1.base_kernel.kernels.1"": [0.6931481805599428, 0.6931481805599428, 0.6931481805599428]}","{""kernels.0"": 9.838024237880535e-06, ""kernels.0.base_kernel.kernels.1"": 0.005888174546137378, ""kernels.1"": 0.5528248871801615}",10,5,30,0,0,16
80,99.81951927402095,98.14040876228827,0.4986,global,-5.549862538134221,0.02743283125787992,0.0019247779100369051,0.1859125811295803,0.050008349833743394,0.3333439075617467,0.6931481805599428,"{""kernels.0.base_kernel.kernels.0"": [0.33333445564205433, 0.3333380549953468, 0.3333342329097498, 0.33333685649298767, 0.3333314079102855, 0.33333647376440895, 0.3333457145044173, 0.33334577747119454, 0.33333344379466956, 0.33332943184985686, 0.3333345945396813, 0.33334210061907615, 0.3333296140185851, 0.3333514688586945, 0.33333007976589835, 0.3333471191412515, 0.33333367813381803, 0.3333317929593934], ""kernels.0.base_kernel.kernels.1.base_kernel"": [0.6931481805599428, 0.6931481805599428, 0.6931481805599428], ""kernels.1.base_kernel.kernels.0"": [0.3191558556139784, 0.333436852697554, 0.39980566768687065, 0.45668798496050084, 0.3699645024985505, 0.16204792465731868, 0.46157487251890644, 0.4651521485984143, 0.1021858134871565, 0.12607293092688204, 0.19116241037833856, 0.4259798220358262, 0.38830641037948954, 0.4914459756075074, 0.37933589782434873, 0.5353185820864356, 0.2853257820737034, 0.050008349833743394], ""kernels.1.base_kernel.kernels.1"": [0.6931481805599428, 0.6931481805599428, 0.6931481805599428]}","{""kernels.0"": 9.837599128094573e-06, ""kernels.0.base_kernel.kernels.1"": 0.005888159947142228, ""kernels.1"": 0.5518397458424706}",10,5,30,2,0,17
81,101.52644437485347,98.14040876228827,0.5004,local,-5.948680846724622,0.025176574301968804,0.0017455175748421555,0.18491739084263117,0.050008351184720204,0.33334401240463263,0.6931481805599428,"{""kernels.0.base_kernel.kernels.0"": [0.3333344114574331, 0.3333380914963222, 0.33333426909353814, 0.3333375430304827, 0.3333314327694319, 0.3333365084506963, 0.33334574228982095, 0.33334579051213914, 0.3333334322676308, 0.3333294196773584, 0.33333464539433366, 0.33334228251944437, 0.3333295989068172, 0.33335166486390544, 0.33333003786876586, 0.333347142395626, 0.333333706870042, 0.33333177690941873], ""kernels.0.base_kernel.kernels.1.base_kernel"": [0.6931481805599428, 0.6931481805599428, 0.6931481805599428], ""kernels.1.base_kernel.kernels.0"": [0.31690125512109923, 0.33427950058248634, 0.39965334220255155, 0.4744943728728258, 0.37246805552388096, 0.16167612054897756, 0.45943065236035097, 0.46664548532773, 0.10115694358232705, 0.12620225851371086, 0.19172435759457224, 0.43200644807636096, 0.388190812558715, 0.4957821968921969, 0.37826226658494816, 0.5389012056358882, 0.28643359381992484, 0.050008351184720204], ""kernels.1.base_kernel.kernels.1"": [0.6931481805599428, 0.6931481805599428, 0.6931481805599428]}","{""kernels.0"": 9.837385143842445e-06, ""kernels.0.base_kernel.kernels.1"": 0.005888153146030112, ""kernels.1"": 0.5488541819967196}",10,5,30,1,0,18
82,99.50719179761998,98.14040876228827,0.4996,global,-5.96685205026246,0.02538679658913829,0.0016451836648477157,0.1842956855968397,0.05000835122363038,0.3333440141440358,0.6931481805599428,"{""kernels.0.base_kernel.kernels.0"": [0.33333441068861325, 0.3333380902326454, 0.33333427042051644, 0.3333375618306863, 0.3333314338284774, 0.3333365101446426, 0.33334574224949504, 0.33334578949953875, 0.3333334327210103, 0.33332941911716535, 0.3333346465195438, 0.3333422860385766, 0.33332959932888323, 0.3333516754707925, 0.3333300428854451, 0.3333471454735442, 0.33333370762180886, 0.3333317756062606], ""kernels.0.base_kernel.kernels.1.base_kernel"": [0.6931481805599428, 0.6931481805599428, 0.6931481805599428], ""kernels.1.base_kernel.kernels.0"": [0.31690270089339495, 0.3342601190665583, 0.3996605782813074, 0.4748858816110738, 0.3724671976435497, 0.16172713680083783, 0.4594761113886263, 0.4666106232298644, 0.10117332496898321, 0.12622998373232813, 0.19180176758633402, 0.43195421447665877, 0.3882448264110844, 0.4961086423711651, 0.3785788190691762, 0.5389968486849078, 0.28649327370497846, 0.05000835122363038], ""kernels.1.base_kernel.kernels.1"": [0.6931481805599428, 0.6931481805599428, 0.6931481805599428]}","{""kernels.0"": 9.83737803597481e-06, ""kernels.0.base_kernel.kernels.1"": 0.0058881529585881375, ""kernels.1"": 0.546989066453895}",10,5,30,0,0,19
83,210.23297726066843,98.14040876228827,0.4996,global,-6.167405012116754,0.28913211995926563,0.0014824412960242203,0.18281759030055908,0.05000835418673202,0.33334396037819247,0.6931481805599428,"{""kernels.0.base_kernel.kernels.0"": [0.33333431439069416, 0.3333381924337161, 0.33333439572240403, 0.33333850259412806, 0.33333136073973063, 0.3333366565190864, 0.3333457472079491, 0.3333453314571202, 0.33333344119253794, 0.3333293053669781, 0.333334615827312, 0.3333425892992648, 0.3333295430940416, 0.33335266472932207, 0.33333008567870026, 0.33334751584082895, 0.333333726502999, 0.33333172040255377], ""kernels.0.base_kernel.kernels.1.base_kernel"": [0.6931481805599428, 0.6931481805599428, 0.6931481805599428], ""kernels.1.base_kernel.kernels.0"": [0.3156714008949042, 0.3439121413171477, 0.39814462766259007, 0.4883414970739705, 0.3672486352327626, 0.15973714625366509, 0.4574797882442273, 0.44815299181796575, 0.10049895911059196, 0.12584703291651345, 0.19532404629235, 0.43002906839523863, 0.38777799938524665, 0.498405952420898, 0.38542596454722383, 0.5427363543120745, 0.28637637543454053, 0.05000835418673202], ""kernels.1.base_kernel.kernels.1"": [0.6931481805599428, 0.6931481805599428, 0.6931481805599428]}","{""kernels.0"": 9.83697441511615e-06, ""kernels.0.base_kernel.kernels.1"": 0.005888139903020298, ""kernels.1"": 0.5425547940242418}",10,5,30,1,1,20
84,99.04174928427759,98.14040876228827,0.5004,global,-5.986268741674577,0.02550749747582106,0.0014891998587390045,0.18294939009433556,0.05000835422791243,0.333343959403274,0.6931481805599428,"{""kernels.0.base_kernel.kernels.0"": [0.33333431384573603, 0.3333381908313815, 0.3333343956220148, 0.3333385074581377, 0.33333135676474157, 0.33333665775468413, 0.333345743410919, 0.3333453300076233, 0.33333344181950997, 0.3333293057565792, 0.33333461433527173, 0.3333425887989247, 0.3333295375514292, 0.33335267077522185, 0.33333008393874575, 0.33334751994464373, 0.3333337258652524, 0.33333172052833304], ""kernels.0.base_kernel.kernels.1.base_kernel"": [0.6931481805599428, 0.6931481805599428, 0.6931481805599428], ""kernels.1.base_kernel.kernels.0"": [0.31567124102153915, 0.34387113228281335, 0.39808678234959305, 0.48827818017652047, 0.3671316690845216, 0.15970091634998992, 0.45739741735976214, 0.44817563383121584, 0.10047581531081386, 0.12582870218267675, 0.19526130284996032, 0.4299410026254099, 0.38768126475308046, 0.4984067469284121, 0.38540995407604195, 0.542710043015359, 0.28632978981460855, 0.05000835422791243], ""kernels.1.base_kernel.kernels.1"": [0.6931481805599428, 0.6931481805599428, 0.6931481805599428]}","{""kernels.0"": 9.83696899549901e-06, ""kernels.0.base_kernel.kernels.1"": 0.005888139715041326, ""kernels.1"": 0.5429501935989699}",10,5,30,0,0,21
85,96.85462831159643,96.85462831159643,0.5008,global,-5.929752252584667,0.020446661851774073,0.0013725321528054938,0.18233841505925596,0.05000835427768466,0.33334395286541146,0.6931481805599428,"{""kernels.0.base_kernel.kernels.0"": [0.333334317153549, 0.33333819205647974, 0.333334391967141, 0.3333385158293074, 0.33333135229882616, 0.33333665922347727, 0.3333457411118366, 0.3333453179475597, 0.333333442351688, 0.3333293065670226, 0.3333346158657904, 0.3333425877832632, 0.33332953137151267, 0.3333526814021495, 0.3333300920595585, 0.3333475258692882, 0.3333337258193162, 0.3333317207463383], ""kernels.0.base_kernel.kernels.1.base_kernel"": [0.6931481805599428, 0.6931481805599428, 0.6931481805599428], ""kernels.1.base_kernel.kernels.0"": [0.3158843798237531, 0.3439787033398303, 0.3979088583410192, 0.48846783493223667, 0.3670056504419352, 0.15968527788885492, 0.45744041182265005, 0.4479964648338103, 0.10044792689223167, 0.12589587918687223, 0.19545594578713085, 0.42972211606046873, 0.3875915218834686, 0.4984331500392428, 0.3857856094979845, 0.5427115021953143, 0.2863047746832064, 0.05000835427768466], ""kernels.1.base_kernel.kernels.1"": [0.6931481805599428, 0.6931481805599428, 0.6931481805599428]}","{""kernels.0"": 9.836961750383321e-06, ""kernels.0.base_kernel.kernels.1"": 0.005888139497130759, ""kernels.1"": 0.5411172687188868}",10,5,30,0,0,0
86,104.1367094600063,96.85462831159643,0.499,global,-5.911760697410243,0.052860535608845925,0.001324047801477428,0.1806318818850877,0.0500083571983533,0.3333430869582449,0.6931481805599428,"{""kernels.0.base_kernel.kernels.0"": [0.3333345148458782, 0.33333781692926645, 0.3333346736869446, 0.33333774322598536, 0.33333099994042104, 0.3333368514680544, 0.33334573621165847, 0.3333445429711369, 0.33333349770842385, 0.3333292740291737, 0.33333452528450397, 0.3333416309453529, 0.333328999332712, 0.3333529506328871, 0.3333311803690147, 0.3333477569499276, 0.33333369779246436, 0.3333317754031447], ""kernels.0.base_kernel.kernels.1.base_kernel"": [0.6931481805599428, 0.6931481805599428, 0.6931481805599428], ""kernels.1.base_kernel.kernels.0"": [0.3314752288107144, 0.33658670328359735, 0.3942267007248013, 0.4643715118918318, 0.36402694847331335, 0.1591062430160572, 0.4540058772927858, 0.4314785851403313, 0.10003297586882393, 0.12713619702833248, 0.19837415297991187, 0.4108656046891718, 0.37714034147137443, 0.494449506911235, 0.4342723993933526, 0.540527974667939, 0.2818233511314932, 0.0500083571983533], ""kernels.1.base_kernel.kernels.1"": [0.6931481805599428, 0.6931481805599428, 0.6931481805599428]}","{""kernels.0"": 9.83662942190167e-06, ""kernels.0.base_kernel.kernels.1"": 0.005888126166221966, ""kernels.1"": 0.5359976828596191}",10,5,30,1,0,1
87,268.5879452576578,96.85462831159643,0.4994,global,-6.443717093912718,0.2779458473568597,0.0012860115462003247,0.17984719901115528,0.05000835724905606,0.33334309250240224,0.6931481805599428,"{""kernels.0.base_kernel.kernels.0"": [0.33333451287641863, 0.3333378203067091, 0.333334679237934, 0.33333773935930594, 0.333330997797526, 0.3333368545017772, 0.3333457386026328, 0.3333445472560145, 0.33333349880201346, 0.3333292752224068, 0.33333452738899166, 0.33334163774878994, 0.3333289973052912, 0.3333529570911302, 0.33333119217348917, 0.3333477606894018, 0.33333369806100827, 0.3333317749413817], ""kernels.0.base_kernel.kernels.1.base_kernel"": [0.6931481805599428, 0.6931481805599428, 0.6931481805599428], ""kernels.1.base_kernel.kernels.0"": [0.33137493872762713, 0.33687562137825733, 0.39449964289381395, 0.4644990585336291, 0.3640515195628378, 0.15927124129278364, 0.4541359772714381, 0.43195204820917826, 0.10007574935209328, 0.12723633488515196, 0.19852074514748666, 0.41115187272370673, 0.3772072113318607, 0.4946267210270078, 0.43439599080840113, 0.5405755704919895, 0.2818173319616376, 0.05000835724905606], ""kernels.1.base_kernel.kernels.1"": [0.6931481805599428, 0.6931481805599428, 0.6931481805599428]}","{""kernels.0"": 9.836622713133449e-06, ""kernels.0.base_kernel.kernels.1"": 0.005888125938301961, ""kernels.1"": 0.5336436344724508}",10,5,30,1,0,2
88,234.9793453148766,96.85462831159643,0.4924,global,-5.881999345939058,0.26659438589358486,0.0013043776886971462,0.1808317583416281,0.050008358768999506,0.33334312000561006,0.6931481805599428,"{""kernels.0.base_kernel.kernels.0"": [0.3333344667682405, 0.33333785480876543, 0.333334834951496, 0.33333727933060553, 0.3333308448395757, 0.3333370139481273, 0.33334581526533597, 0.33334438369091274, 0.3333336068476818, 0.33332940698876057, 0.3333342996675607, 0.3333418563203074, 0.33332860427995337, 0.33335314322610127, 0.3333311546565431, 0.3333462774948284, 0.3333337744999314, 0.33333200361193516], ""kernels.0.base_kernel.kernels.1.base_kernel"": [0.6931481805599428, 0.6931481805599428, 0.6931481805599428], ""kernels.1.base_kernel.kernels.0"": [0.32644325720505285, 0.3422101072698225, 0.40382379096520576, 0.45378175225404066, 0.36148878829903686, 0.16440377018534347, 0.4536218119202329, 0.4364423385883892, 0.10106198684729926, 0.1299666915507771, 0.18373682711708644, 0.41953975876948846, 0.3632044085373654, 0.487606412592927, 0.42572906711575237, 0.5119365090337069, 0.2820755451698638, 0.050008358768999506], ""kernels.1.base_kernel.kernels.1"": [0.6931481805599428, 0.6931481805599428, 0.6931481805599428]}","{""kernels.0"": 9.836535219925678e-06, ""kernels.0.base_kernel.kernels.1"": 0.005888119438142451, ""kernels.1"": 0.5365973190515219}",10,5,30,0,0,3
89,437.492502387997,96.85462831159643,0.5004,global,-6.315502798892485,0.22601927930695165,0.001303504263769264,0.18113934163015524,0.05000836164727641,0.33333988087900956,0.6931481805599428,"{""kernels.0.base_kernel.kernels.0"": [0.3333344390207618, 0.3333376930135976, 0.33333534778494933, 0.33333491136128696, 0.33333075898501774, 0.3333370714672625, 0.33334591114902906, 0.333344352806276, 0.33333378847077455, 0.3333295030133907, 0.33333426750000067, 0.33334206874442146, 0.33332812614885615, 0.3333523672090716, 0.33333115856921086, 0.3333428782022755, 0.33333404353793555, 0.33333207610954957], ""kernels.0.base_kernel.kernels.1.base_kernel"": [0.6931481805599428, 0.6931481805599428, 0.6931481805599428], ""kernels.1.base_kernel.kernels.0"": [0.3196667464777502, 0.32623207633033313, 0.4124919292900561, 0.4138973856148172, 0.36979262994823053, 0.16791759730651742, 0.4393068518219097, 0.436834659238547, 0.10208311509349091, 0.13348881385112404, 0.17434174557808668, 0.41701534936643386, 0.3478457012537954, 0.49251201312879056, 0.4241562706832732, 0.46903687415129425, 0.2865643714604859, 0.05000836164727641], ""kernels.1.base_kernel.kernels.1"": [0.6931481805599428, 0.6931481805599428, 0.6931481805599428]}","{""kernels.0"": 9.836429673571325e-06, ""kernels.0.base_kernel.kernels.1"": 0.005888106888263467, ""kernels.1"": 0.5375200815725287}",10,5,30,1,0,4
90,582.9490033460896,96.85462831159643,0.4976,global,-5.608806773553202,0.23077358008512752,0.0012979832407417407,0.18357855779768742,0.05000836913855209,0.3333394194102279,0.6931481805599428,"{""kernels.0.base_kernel.kernels.0"": [0.33333206339897603, 0.3333377483113062, 0.3333349732302306, 0.3333320378439428, 0.33332986246865653, 0.33333709511664034, 0.3333439019528169, 0.3333424365211301, 0.3333337406706263, 0.3333292171369605, 0.33333484693046567, 0.3333436125941294, 0.3333289672049935, 0.33334917044564216, 0.3333320497377942, 0.33334109050914956, 0.3333341432601582, 0.33333192563470837], ""kernels.0.base_kernel.kernels.1.base_kernel"": [0.6931481805599428, 0.6931481805599428, 0.6931481805599428], ""kernels.1.base_kernel.kernels.0"": [0.10732512348554427, 0.3180499689571997, 0.4167026398121958, 0.41500848214691854, 0.39196445017481785, 0.17673776951955864, 0.4318848428124064, 0.4178551663008599, 0.10373986175513161, 0.13691133863535543, 0.16842088447037526, 0.43191117189669676, 0.36683643107788105, 0.49629275432442804, 0.43975827257373507, 0.4817225271758538, 0.2974941212464328, 0.05000836913855209], ""kernels.1.base_kernel.kernels.1"": [0.6931481805599428, 0.6931481805599428, 0.6931481805599428]}","{""kernels.0"": 9.836039694218055e-06, ""kernels.0.base_kernel.kernels.1"": 0.005888079035975675, ""kernels.1"": 0.5448377583173923}",10,5,30,0,0,5
91,99.90628202025519,96.85462831159643,0.4972,global,-4.556458239452439,0.0456065300136202,0.001279418642581892,0.1924556254632098,0.050008373328172054,0.3333383041678567,0.6931481805599428,"{""kernels.0.base_kernel.kernels.0"": [0.3333324639127936, 0.3333402119420352, 0.3333346051044777, 0.33333697647424715, 0.33333251296480276, 0.333335965752658, 0.3333396318614662, 0.3333425706231299, 0.33333388817072246, 0.3333297618736477, 0.33333511561072415, 0.3333412277854259, 0.3333241288186362, 0.3333486883236408, 0.33333058843799007, 0.3333411638789095, 0.3333323035912662, 0.33333136436001903], ""kernels.0.base_kernel.kernels.1.base_kernel"": [0.6931481805599428, 0.6931481805599428, 0.6931481805599428], ""kernels.1.base_kernel.kernels.0"": [0.11751760857305373, 0.5153622598397711, 0.41615443393414303, 0.5219344929827838, 0.4445364511455921, 0.18965339847941845, 0.2954685368155733, 0.431333706917956, 0.12551075459246602, 0.14662724272101904, 0.18765520357836973, 0.40676355734250635, 0.208152563784189, 0.5261085523405382, 0.431461114217484, 0.4770545279441937, 0.11439956116981861, 0.050008373328172054], ""kernels.1.base_kernel.kernels.1"": [0.6931481805599428, 0.6931481805599428, 0.6931481805599428]}","{""kernels.0"": 9.835632398556168e-06, ""kernels.0.base_kernel.kernels.1"": 0.005888063066296023, ""kernels.1"": 0.5714689776909347}",10,5,30,1,0,6
92,105.21230370449737,96.85462831159643,0.501,global,-5.577756107034631,0.1493239332184486,0.0012492850855315778,0.1907338883911662,0.05000837473951139,0.3333384103658952,0.6931481805599428,"{""kernels.0.base_kernel.kernels.0"": [0.33333263895371473, 0.33334131604480294, 0.3333345112097606, 0.3333374952387688, 0.33333305613531594, 0.33333567991915575, 0.33333932549302153, 0.3333425757442296, 0.33333377884351306, 0.33332978886470976, 0.33333508147950686, 0.3333407676229206, 0.3333241885009872, 0.33334858337363193, 0.33333056205941897, 0.3333411080463167, 0.33333262087467846, 0.33333122633030404], ""kernels.0.base_kernel.kernels.1.base_kernel"": [0.6931481805599428, 0.6931481805599428, 0.6931481805599428], ""kernels.1.base_kernel.kernels.0"": [0.12771702934483006, 0.5222073156759288, 0.40674821870049893, 0.5157667944367358, 0.44539179551032004, 0.1887205263613005, 0.28541270112377803, 0.43474013558099606, 0.12323597899878827, 0.14369305581235392, 0.1847588454468878, 0.40420884769640286, 0.21274792931976613, 0.5276114063218393, 0.43276853184588215, 0.478647961968218, 0.11346629691765953, 0.05000837473951139], ""kernels.1.base_kernel.kernels.1"": [0.6931481805599428, 0.6931481805599428, 0.6931481805599428]}","{""kernels.0"": 9.835327384062242e-06, ""kernels.0.base_kernel.kernels.1"": 0.005888056141848102, ""kernels.1"": 0.5663037737042664}",10,5,30,0,0,7
93,98.12769143085387,96.85462831159643,0.498,global,-5.765582007000788,0.029135050541590973,0.0012133457504444685,0.19088533652306927,0.050008378412800716,0.3333393427943145,0.6931481805599428,"{""kernels.0.base_kernel.kernels.0"": [0.333332165912246, 0.33334374299075353, 0.3333347236680889, 0.3333395659665441, 0.33333345008623666, 0.3333353307034876, 0.33333911962208485, 0.3333419171731876, 0.3333338115698835, 0.3333299127136952, 0.33333514322852525, 0.33333978675046627, 0.33332421572112764, 0.3333485634784444, 0.3333305013706997, 0.33334108495679954, 0.3333329620525863, 0.3333311034077632], ""kernels.0.base_kernel.kernels.1.base_kernel"": [0.6931481805599428, 0.6931481805599428, 0.6931481805599428], ""kernels.1.base_kernel.kernels.0"": [0.12826939389264325, 0.561228358639651, 0.406363158692461, 0.5335506049602485, 0.44158284799877623, 0.18751886799980677, 0.28164734118045714, 0.4268499872152, 0.1279955402873747, 0.14428984540567452, 0.19137774885869188, 0.40142402753052736, 0.1942854735048925, 0.5276656311809138, 0.42970641483759203, 0.47723612854940994, 0.11735876869072907, 0.050008378412800716], ""kernels.1.base_kernel.kernels.1"": [0.6931481805599428, 0.6931481805599428, 0.6931481805599428]}","{""kernels.0"": 9.834663914776614e-06, ""kernels.0.base_kernel.kernels.1"": 0.005888041222950451, ""kernels.1"": 0.5667581336823426}",10,5,30,1,0,8
94,96.64361102790298,96.64361102790298,0.5002,local,-6.012951888487171,0.01652459162358979,0.0011222798125853479,0.18998855269137938,0.05000837978249259,0.33333934165299306,0.6931481805599428,"{""kernels.0.base_kernel.kernels.0"": [0.33333206685962186, 0.3333463149533621, 0.3333347783546835, 0.33334000205065034, 0.3333335161073406, 0.3333353091072868, 0.33333913980296626, 0.3333418134741688, 0.3333338202364061, 0.33332996821965644, 0.333335164320955, 0.3333395435030198, 0.33332432388088107, 0.333348670459245, 0.3333305502596256, 0.33334116839671907, 0.333333002351138, 0.3333311056507466], ""kernels.0.base_kernel.kernels.1.base_kernel"": [0.6931481805599428, 0.6931481805599428, 0.6931481805599428], ""kernels.1.base_kernel.kernels.0"": [0.12804511308596206, 0.6261229620029863, 0.4060202536342077, 0.5375365074866372, 0.4413208580817865, 0.18727518375850202, 0.28352572910989104, 0.42575108474769047, 0.12768888742797002, 0.1443359450538021, 0.19375589881609107, 0.3968242512231347, 0.1916972777255209, 0.5272016515523155, 0.4316242937421485, 0.4778521419532715, 0.11774492725102198, 0.05000837978249259], ""kernels.1.base_kernel.kernels.1"": [0.6931481805599428, 0.6931481805599428, 0.6931481805599428]}","{""kernels.0"": 9.834366145103202e-06, ""kernels.0.base_kernel.kernels.1"": 0.005888035672338596, ""kernels.1"": 0.5640677880356544}",10,5,30,1,0,0
95,249.3672585874454,96.64361102790298,0.4994,global,-6.217068647309819,0.32355877136909755,0.0009936509679169306,0.18952957356758737,0.05000837983462613,0.3333393354382578,0.6931481805599428,"{""kernels.0.base_kernel.kernels.0"": [0.3333320655869743, 0.3333463843303629, 0.33333478009595696, 0.3333400124426078, 0.33333351966918234, 0.33333530925027766, 0.3333391361810581, 0.3333418082199583, 0.33333382013009893, 0.33332996888735333, 0.3333351625166863, 0.3333395346954574, 0.33332432724983113, 0.33334868516539734, 0.3333305539681852, 0.333341173369463, 0.33333300253220377, 0.3333311060775138], ""kernels.0.base_kernel.kernels.1.base_kernel"": [0.6931481805599428, 0.6931481805599428, 0.6931481805599428], ""kernels.1.base_kernel.kernels.0"": [0.12806896183302835, 0.6257102122588167, 0.4059485375530548, 0.5376762897755127, 0.441381520839404, 0.18741000833273955, 0.2834480583960163, 0.42581706754392884, 0.1277299981424025, 0.14432370748043455, 0.19373748876872382, 0.39667632514861206, 0.19159296935712863, 0.5277000856906165, 0.4317652810680024, 0.47796719480601263, 0.11776262140116371, 0.05000837983462613], ""kernels.1.base_kernel.kernels.1"": [0.6931481805599428, 0.6931481805599428, 0.6931481805599428]}","{""kernels.0"": 9.834353714146014e-06, ""kernels.0.base_kernel.kernels.1"": 0.005888035465242933, ""kernels.1"": 0.562690850883805}",10,5,30,0,1,1
96,153.89830411137225,96.64361102790298,0.4992,local,-4.90819913765084,0.13323103880004902,0.000996750081407041,0.18952958446754478,0.05000837983463569,0.33333933543687383,0.6931481805599428,"{""kernels.0.base_kernel.kernels.0"": [0.33333206558664374, 0.33334638434138775, 0.3333347800959243, 0.33334001244016526, 0.33333351966977337, 0.3333353092498526, 0.333339136180507, 0.3333418082184917, 0.33333382012996654, 0.33332996888752014, 0.3333351625167003, 0.3333395346932407, 0.33332432725085337, 0.3333486851687415, 0.33333055396902406, 0.33334117337037505, 0.3333330025322272, 0.33333110607780214], ""kernels.0.base_kernel.kernels.1.base_kernel"": [0.6931481805599428, 0.6931481805599428, 0.6931481805599428], ""kernels.1.base_kernel.kernels.0"": [0.1280689624398618, 0.6257100770330611, 0.4059485161067541, 0.537676220965192, 0.4413815295883711, 0.18740998155463456, 0.28344799371119805, 0.4258170463692334, 0.12772999035851104, 0.14432369587243443, 0.19373748044054753, 0.3966762810543098, 0.1915929369758634, 0.5277001839936417, 0.4317653000382674, 0.47796721184692975, 0.11776262058189109, 0.05000837983463569], ""kernels.1.base_kernel.kernels.1"": [0.6931481805599428, 0.6931481805599428, 0.6931481805599428]}","{""kernels.0"": 9.834353711934496e-06, ""kernels.0.base_kernel.kernels.1"": 0.0058880354652030694, ""kernels.1"": 0.5626908835837193}",10,5,30,2,0,2
97,118.74047236026517,96.64361102790298,0.4984,local,-4.194399206727024,0.10647063851800243,0.0010754198676642141,0.1890211021390781,0.05000838615774276,0.33333920562125685,0.6931481805599428,"{""kernels.0.base_kernel.kernels.0"": [0.3333321298485983, 0.33333918280587527, 0.33333473296053057, 0.3333398226496536, 0.33333379576478256, 0.3333351304999148, 0.33333983604831363, 0.33334153349962126, 0.33333389149676057, 0.3333301551787062, 0.33333575904512985, 0.3333392284366384, 0.33332373080772626, 0.33334973290234715, 0.33333029027078265, 0.33334133861481136, 0.33333302620009053, 0.3333311626997854], ""kernels.0.base_kernel.kernels.1.base_kernel"": [0.6931481805599428, 0.6931481805599428, 0.6931481805599428], ""kernels.1.base_kernel.kernels.0"": [0.11502595426699011, 0.4442205180460993, 0.4065469559383489, 0.5138701996186688, 0.449697305890914, 0.18500535283056524, 0.2859994453115793, 0.4113569586213313, 0.12616559195181348, 0.14407097153237602, 0.18191694431341798, 0.40319547758265795, 0.22167395706302906, 0.5360915524993499, 0.42843578306487906, 0.47972140088664916, 0.10761422312504287, 0.05000838615774276], ""kernels.1.base_kernel.kernels.1"": [0.6931481805599428, 0.6931481805599428, 0.6931481805599428]}","{""kernels.0"": 9.833272444376862e-06, ""kernels.0.base_kernel.kernels.1"": 0.005888007919994536, ""kernels.1"": 0.5611654652247954}",10,5,30,3,0,3
98,163.79302979357936,96.64361102790298,0.491,global,-6.057302907008586,0.2881225653572307,0.0011060391924438012,0.18873664180557392,0.050008391653775214,0.33333762178608,0.6931481805599428,"{""kernels.0.base_kernel.kernels.0"": [0.3333324461058186, 0.33333617092093876, 0.33333513542730264, 0.33333907265122126, 0.3333341827401297, 0.3333353282413498, 0.33334013808587476, 0.3333419358030483, 0.3333341496954964, 0.3333303830311256, 0.33333565466919385, 0.3333395972841618, 0.3333238331364991, 0.33334890775967735, 0.33333057512999814, 0.33334099322861344, 0.33333329699256686, 0.33333097492589453], ""kernels.0.base_kernel.kernels.1.base_kernel"": [0.6931481805599428, 0.6931481805599428, 0.6931481805599428], ""kernels.1.base_kernel.kernels.0"": [0.11888695302202415, 0.3864692449227968, 0.41417298356463134, 0.5005815122160963, 0.44902405875533746, 0.18572803571933125, 0.282058846240703, 0.4108902369804815, 0.12880839365902105, 0.1448285107618751, 0.17903874293461988, 0.39592833134819305, 0.24368946590809326, 0.5298865243147151, 0.4319394432617875, 0.47632537671768, 0.10659451700475814, 0.050008391653775214], ""kernels.1.base_kernel.kernels.1"": [0.6931481805599428, 0.6931481805599428, 0.6931481805599428]}","{""kernels.0"": 9.832432783025422e-06, ""kernels.0.base_kernel.kernels.1"": 0.0058879814516249965, ""kernels.1"": 0.5603121115323138}",10,5,30,1,0,4
99,97.39116652456107,96.64361102790298,0.4976,global,-5.558140074991381,0.015548365124054499,0.0011095472803595756,0.18878042757753652,0.05000839169252095,0.3333376218280662,0.6931481805599428,"{""kernels.0.base_kernel.kernels.0"": [0.3333324479445219, 0.3333361738460638, 0.33333513429062306, 0.3333390698100686, 0.3333341832450239, 0.3333353279392202, 0.33334013727641965, 0.33334193842975707, 0.333334149058356, 0.33333038361744, 0.3333356550556081, 0.33333959803453456, 0.3333238293682583, 0.33334890494197916, 0.33333057583229153, 0.33334099264002576, 0.33333329753527907, 0.3333309737167488], ""kernels.0.base_kernel.kernels.1.base_kernel"": [0.6931481805599428, 0.6931481805599428, 0.6931481805599428], ""kernels.1.base_kernel.kernels.0"": [0.11895076492016043, 0.3864194786929338, 0.41402542141067067, 0.5005964402294363, 0.44904079288769544, 0.1857129026591477, 0.2819833983564935, 0.4109624254742503, 0.12880125159698785, 0.1448704257879745, 0.17900683408840595, 0.39582558166299836, 0.24370467282535735, 0.5298077653665014, 0.431956771184871, 0.4763439039371178, 0.1065951719349926, 0.05000839169252095], ""kernels.1.base_kernel.kernels.1"": [0.6931481805599428, 0.6931481805599428, 0.6931481805599428]}","{""kernels.0"": 9.832427238919248e-06, ""kernels.0.base_kernel.kernels.1"": 0.0058879812601605646, ""kernels.1"": 0.56044346904521}",10,5,30,1,0,5
100,119.91911427181333,96.64361102790298,0.498,global,-4.922390409301862,0.1090456555584279,0.0009928357610768151,0.18832014074757208,0.05000839283907232,0.33333774257133986,0.6931481805599428,"{""kernels.0.base_kernel.kernels.0"": [0.3333324990946226, 0.3333364998682516, 0.33333510270385747, 0.33333898527442807, 0.3333342015746496, 0.3333353262847181, 0.3333400969124227, 0.3333419951382999, 0.3333341306553218, 0.3333303968066727, 0.33333568547034975, 0.3333396794516311, 0.3333237197243493, 0.3333489350206692, 0.33333059442788693, 0.3333410050602541, 0.333333310995224, 0.3333309412550531], ""kernels.0.base_kernel.kernels.1.base_kernel"": [0.6931481805599428, 0.6931481805599428, 0.6931481805599428], ""kernels.1.base_kernel.kernels.0"": [0.12167582323886059, 0.39584984437503856, 0.4102071030305977, 0.5009512488121703, 0.4496750305499892, 0.18531612506718173, 0.27856170023377896, 0.41134539642735024, 0.1285107096129183, 0.1458292012940114, 0.17921238447346585, 0.3959370581200004, 0.24433208109801077, 0.5298745106715743, 0.4318727363049186, 0.47757034225613204, 0.10674703339952453, 0.05000839283907232], ""kernels.1.base_kernel.kernels.1"": [0.6931481805599428, 0.6931481805599428, 0.6931481805599428]}","{""kernels.0"": 9.832262712274996e-06, ""kernels.0.base_kernel.kernels.1"": 0.005887975634492219, ""kernels.1"": 0.5590626143455117}",10,5,30,0,0,6
101,170.70821361822,96.64361102790298,0.4972,global,-6.329349319778457,0.3092591041270609,0.0009882590570559461,0.1882631814001,0.05000839288396999,0.3333377338242557,0.6931481805599428,"{""kernels.0.base_kernel.kernels.0"": [0.33333250387627894, 0.3333365060289454, 0.33333510630599716, 0.333338961619566, 0.3333342012307483, 0.33333532543062, 0.3333400875618573, 0.3333419760718224, 0.33333412775937094, 0.3333303943129642, 0.33333568513174433, 0.3333396855807791, 0.33332372048341163, 0.33334894182526614, 0.33333059663168024, 0.333341005620169, 0.3333333104961825, 0.3333309401947969], ""kernels.0.base_kernel.kernels.1.base_kernel"": [0.6931481805599428, 0.6931481805599428, 0.6931481805599428], ""kernels.1.base_kernel.kernels.0"": [0.121774094849554, 0.39572078197892296, 0.4102371361667293, 0.5005655513279527, 0.4495883062165905, 0.1852610685701321, 0.2781231818101998, 0.4110927247088962, 0.1285058121237757, 0.14571088280634714, 0.17923662984048838, 0.3964238063938191, 0.24418966666420433, 0.5298073589527192, 0.4320071849562221, 0.47751826706174066, 0.10678366887110533, 0.05000839288396999], ""kernels.1.base_kernel.kernels.1"": [0.6931481805599428, 0.6931481805599428, 0.6931481805599428]}","{""kernels.0"": 9.832256595499216e-06, ""kernels.0.base_kernel.kernels.1"": 0.005887975416371395, ""kernels.1"": 0.5588917365273331}",10,5,30,1,0,7
102,109.47319150737088,96.64361102790298,0.4954,local,-5.247986053597174,0.08296939856843814,0.0009915909020257294,0.18826317965043418,0.05000839288397293,0.33333773382368875,0.6931481805599428,"{""kernels.0.base_kernel.kernels.0"": [0.3333325038765618, 0.33333650602923115, 0.33333510630620256, 0.33333896161814636, 0.33333420123068336, 0.3333353254305781, 0.3333400875615382, 0.3333419760707372, 0.3333341277593445, 0.33333039431281175, 0.3333356851317904, 0.33333968558100413, 0.33332372048355885, 0.3333489418259898, 0.33333059663187303, 0.33334100562028235, 0.333333310496191, 0.33333094019476994], ""kernels.0.base_kernel.kernels.1.base_kernel"": [0.6931481805599428, 0.6931481805599428, 0.6931481805599428], ""kernels.1.base_kernel.kernels.0"": [0.12177410138675895, 0.39572077063196104, 0.41023713813486407, 0.5005655273965912, 0.4495883001922001, 0.18526106596580993, 0.2781231588301989, 0.4110927140671221, 0.1285058137167836, 0.145710876132347, 0.1792366343062103, 0.39642382945701976, 0.24418965918337524, 0.529807355963107, 0.43200719377762026, 0.4775182667103421, 0.10678367168493479, 0.05000839288397293], ""kernels.1.base_kernel.kernels.1"": [0.6931481805599428, 0.6931481805599428, 0.6931481805599428]}","{""kernels.0"": 9.832256595163582e-06, ""kernels.0.base_kernel.kernels.1"": 0.0058879754163579535, ""kernels.1"": 0.5588917312783495}",10,5,30,2,0,8
103,99.9933615245133,96.64361102790298,0.5006,global,-5.773625692431166,0.015181727099096914,0.0009686420047877627,0.188380528812661,0.050008396249256015,0.3333372558704015,0.6931481805599428,"{""kernels.0.base_kernel.kernels.0"": [0.33333277107799236, 0.3333369925387496, 0.3333352869376584, 0.3333375192020535, 0.3333340208204226, 0.33333532949221484, 0.33333979781572015, 0.3333409175100797, 0.33333409713065265, 0.3333302623989002, 0.33333569469978425, 0.33333959982638, 0.3333239229876198, 0.3333497948654045, 0.3333307419086824, 0.3333411391208449, 0.33333334396194303, 0.33333092313132967], ""kernels.0.base_kernel.kernels.1.base_kernel"": [0.6931481805599428, 0.6931481805599428, 0.6931481805599428], ""kernels.1.base_kernel.kernels.0"": [0.13285774489789687, 0.39386074741607957, 0.40519066927005154, 0.4837071883437311, 0.44355356470554236, 0.1836909806849278, 0.2627431893203206, 0.4098763842687354, 0.13192873545204759, 0.14461306537602991, 0.18332261371218903, 0.3991147302790788, 0.24102417863914347, 0.5269837711526566, 0.4390870299839112, 0.47766840308571223, 0.11119882286968566, 0.050008396249256015], ""kernels.1.base_kernel.kernels.1"": [0.6931481805599428, 0.6931481805599428, 0.6931481805599428]}","{""kernels.0"": 9.831904427759366e-06, ""kernels.0.base_kernel.kernels.1"": 0.005887960072899011, ""kernels.1"": 0.5592437944606563}",10,5,30,0,0,9
104,114.75406350574104,96.64361102790298,0.4962,local,-5.445559705254363,0.13092686533337627,0.0010898548879818774,0.18763078536837896,0.05000839631013061,0.3333372727076156,0.6931481805599428,"{""kernels.0.base_kernel.kernels.0"": [0.3333327671673214, 0.33333701299067575, 0.33333529720881444, 0.3333375324245554, 0.3333340166664059, 0.33333532723839376, 0.33333980647177336, 0.3333409398705485, 0.333334097118698, 0.33333026266993554, 0.3333356949424611, 0.33333961250767197, 0.33332392179457915, 0.33334979674547455, 0.33333074411267544, 0.3333411384446689, 0.33333334304299667, 0.33333092233487577], ""kernels.0.base_kernel.kernels.1.base_kernel"": [0.6931481805599428, 0.6931481805599428, 0.6931481805599428], ""kernels.1.base_kernel.kernels.0"": [0.1327639945628991, 0.3945539073691982, 0.4056522238923955, 0.48413198172171973, 0.4435356084004177, 0.1834496008183465, 0.2631100731194691, 0.4105407917084311, 0.13202477722315836, 0.14466015079029917, 0.18313120934041557, 0.3993179074894251, 0.24106941730418271, 0.5275931330978357, 0.4389759227494577, 0.47774592286499956, 0.1111905349677717, 0.05000839631013061], ""kernels.1.base_kernel.kernels.1"": [0.6931481805599428, 0.6931481805599428, 0.6931481805599428]}","{""kernels.0"": 9.831896036386735e-06, ""kernels.0.base_kernel.kernels.1"": 0.005887959812265712, ""kernels.1"": 0.5569945643968348}",10,5,30,1,0,10
105,99.76815920038868,96.64361102790298,0.497,local,-5.615248392307941,0.01951539511969817,0.0010859367764306151,0.18629536032326907,0.05000839641725231,0.3333373028686983,0.6931481805599428,"{""kernels.0.base_kernel.kernels.0"": [0.3333327619558719, 0.33333704438956874, 0.3333353118482522, 0.3333375613478278, 0.3333340083516183, 0.33333532424867524, 0.33333982496446357, 0.33334098367909937, 0.3333340966642267, 0.33333026174568087, 0.3333356953168839, 0.3333396357672377, 0.3333239190334512, 0.3333498248061616, 0.3333307461010451, 0.33334114320890745, 0.3333333414419317, 0.3333309212346625], ""kernels.0.base_kernel.kernels.1.base_kernel"": [0.6931481805599428, 0.6931481805599428, 0.6931481805599428], ""kernels.1.base_kernel.kernels.0"": [0.13279521312534592, 0.39557043158368566, 0.40630830737478624, 0.48491448762811323, 0.4434882293570291, 0.18312413805531547, 0.26385008496495754, 0.41191478454896835, 0.1321532459734086, 0.14468641059938034, 0.1827775939635214, 0.39972408933821807, 0.24130330991953897, 0.5292724538183793, 0.4387874308202878, 0.47806146803299987, 0.11121217437151032, 0.05000839641725231], ""kernels.1.base_kernel.kernels.1"": [0.6931481805599428, 0.6931481805599428, 0.6931481805599428]}","{""kernels.0"": 9.831882581439345e-06, ""kernels.0.base_kernel.kernels.1"": 0.005887959385901893, ""kernels.1"": 0.5529882897013239}",10,5,30,2,0,11
106,168.93364589179208,96.64361102790298,0.4976,global,-6.390820724296845,0.29593681910732894,0.0011192886675475177,0.18629532015486608,0.05000839641725699,0.3333373028700105,0.6931481805599428,"{""kernels.0.base_kernel.kernels.0"": [0.33333276195573786, 0.33333704439078715, 0.3333353118488452, 0.3333375613492339, 0.3333340083512875, 0.3333353242485654, 0.3333398249649896, 0.33334098368055554, 0.33333409666411556, 0.3333302617456035, 0.3333356953170818, 0.33333963576927444, 0.33332391903328945, 0.333349824807542, 0.3333307461010528, 0.33334114320928543, 0.33333334144190685, 0.3333309212346115], ""kernels.0.base_kernel.kernels.1.base_kernel"": [0.6931481805599428, 0.6931481805599428, 0.6931481805599428], ""kernels.1.base_kernel.kernels.0"": [0.13279521991104382, 0.3955704878352014, 0.40630833853259757, 0.4849145300775883, 0.4434882240385494, 0.18312412604174358, 0.2638500955898988, 0.41191483883182606, 0.13215324094409805, 0.14468640868175864, 0.18277759918328104, 0.3997241474745636, 0.24130332528562864, 0.529272502787555, 0.4387874253806373, 0.4780614866965795, 0.11121217759017316, 0.05000839641725699], ""kernels.1.base_kernel.kernels.1"": [0.6931481805599428, 0.6931481805599428, 0.6931481805599428]}","{""kernels.0"": 9.831882580890407e-06, ""kernels.0.base_kernel.kernels.1"": 0.005887959385883362, ""kernels.1"": 0.552988169196134}",10,5,30,0,0,12
107,150.93003735127436,96.64361102790298,0.497,global,-5.904598412372289,0.16955469605066947,0.0011234622747263803,0.18629529205590764,0.05000839641726013,0.3333373028708338,0.6931481805599428,"{""kernels.0.base_kernel.kernels.0"": [0.3333327619556153, 0.3333370443914957, 0.3333353118492065, 0.3333375613501719, 0.3333340083510789, 0.3333353242491605, 0.3333398249653146, 0.33334098368158366, 0.3333340966640266, 0.3333302617454995, 0.3333356953171927, 0.3333396357705695, 0.3333239190331515, 0.33334982480836883, 0.3333307461010097, 0.33334114321008773, 0.3333333414418738, 0.3333309212345738], ""kernels.0.base_kernel.kernels.1.base_kernel"": [0.6931481805599428, 0.6931481805599428, 0.6931481805599428], ""kernels.1.base_kernel.kernels.0"": [0.13279522334533606, 0.3955705205984108, 0.40630835772699525, 0.48491455750378704, 0.44348822145536115, 0.18312413416918838, 0.2638501032561549, 0.41191487400213733, 0.13215323717209687, 0.14468640572298413, 0.18277760135915264, 0.39972418338508175, 0.24130333425182887, 0.5292725329322758, 0.4387874211357078, 0.4780615134753476, 0.11121217952628014, 0.05000839641726013], ""kernels.1.base_kernel.kernels.1"": [0.6931481805599428, 0.6931481805599428, 0.6931481805599428]}","{""kernels.0"": 9.831882580527052e-06, ""kernels.0.base_kernel.kernels.1"": 0.005887959385870899, ""kernels.1"": 0.5529880848992714}",10,5,30,1,0,13
108,103.33946567204019,96.64361102790298,0.498,local,-5.2895539154035465,0.11502457114162545,0.0011196489174179556,0.18691149885236355,0.050008400367288146,0.33333745638637013,0.6931481805599428,"{""kernels.0.base_kernel.kernels.0"": [0.33333218215544286, 0.3333372684860304, 0.33333514596496877, 0.33333764428670987, 0.33333403362074016, 0.3333363892276412, 0.3333400283432207, 0.3333410183377496, 0.33333413064860734, 0.33333036279789496, 0.33333577097062406, 0.3333405003721337, 0.3333237079760883, 0.3333510358407336, 0.3333303594398264, 0.33334202244861827, 0.33333367384538726, 0.33333112534581005], ""kernels.0.base_kernel.kernels.1.base_kernel"": [0.6931481805599428, 0.6931481805599428, 0.6931481805599428], ""kernels.1.base_kernel.kernels.0"": [0.12524805237472192, 0.4032164568270834, 0.40961407877952305, 0.5435134641969561, 0.4387754956456019, 0.1860760504218143, 0.2681841702226958, 0.4385481922873711, 0.1313369744354974, 0.1400302479687578, 0.18756787066902703, 0.41009801906820015, 0.22778975337051924, 0.5356020756345837, 0.4248207049979124, 0.4946371064885781, 0.11439668455497058, 0.050008400367288146], ""kernels.1.base_kernel.kernels.1"": [0.6931481805599428, 0.6931481805599428, 0.6931481805599428]}","{""kernels.0"": 9.831510974584045e-06, ""kernels.0.base_kernel.kernels.1"": 0.005887943682192076, ""kernels.1"": 0.5548367213639239}",10,5,30,1,0,14
109,96.92222357470843,96.64361102790298,0.4968,local,-4.880657034889141,0.04710178019390015,0.001109956007085636,0.1858587144386686,0.05000840542248095,0.3333376588193968,0.6931481805599428,"{""kernels.0.base_kernel.kernels.0"": [0.3333322322002466, 0.3333368240182394, 0.3333356263343196, 0.3333384936205542, 0.33333368758725784, 0.3333365305970082, 0.33334033375510613, 0.3333420601013281, 0.333334019482981, 0.3333302190526338, 0.3333357118757523, 0.3333403963875046, 0.33332332830251754, 0.33335191828092137, 0.33332996685081245, 0.33334232302823674, 0.33333374947380007, 0.33333134911477086], ""kernels.0.base_kernel.kernels.1.base_kernel"": [0.6931481805599428, 0.6931481805599428, 0.6931481805599428], ""kernels.1.base_kernel.kernels.0"": [0.1254278593747378, 0.3962519021893479, 0.41911293235791175, 0.5452439517668364, 0.43620152833898607, 0.17572421418865347, 0.3258758551251957, 0.4591609042735863, 0.12248444487016077, 0.13749741486585343, 0.19552345281844472, 0.4077833210510829, 0.20719955351813255, 0.5476551980435072, 0.4173390868851936, 0.4884781115276325, 0.11934516187950449, 0.05000840542248095], ""kernels.1.base_kernel.kernels.1"": [0.6931481805599428, 0.6931481805599428, 0.6931481805599428]}","{""kernels.0"": 9.830982493305146e-06, ""kernels.0.base_kernel.kernels.1"": 0.005887924525310123, ""kernels.1"": 0.5516783878082023}",10,5,30,1,0,15
110,94.97290878465112,94.97290878465112,0.4978,global,-5.175447546060982,0.013359893315136324,0.0011067788177022474,0.1846496140604037,0.050008407151082394,0.33333954601547033,0.6931481805599428,"{""kernels.0.base_kernel.kernels.0"": [0.3333321898049025, 0.3333366533704122, 0.3333352322234051, 0.33333878288545954, 0.3333335074236529, 0.33333659763461376, 0.3333405826363055, 0.333342415963606, 0.3333340580497984, 0.3333301759427424, 0.3333356742441197, 0.3333403091454811, 0.33332339395719784, 0.33335230170554786, 0.33332994378671876, 0.33334240514046315, 0.33333376856311625, 0.3333313992373804], ""kernels.0.base_kernel.kernels.1.base_kernel"": [0.6931481805599428, 0.6931481805599428, 0.6931481805599428], ""kernels.1.base_kernel.kernels.0"": [0.12624353830717988, 0.3845962172598605, 0.4066313820103327, 0.5536441916362677, 0.4332084879719835, 0.17339144189996825, 0.35242876667264333, 0.469435977443601, 0.12135834102710243, 0.13754468701165318, 0.19376815696257124, 0.4011903242122116, 0.20742318828769143, 0.5544804361840311, 0.4169647094280219, 0.49422341472201764, 0.12073641723230837, 0.050008407151082394], ""kernels.1.base_kernel.kernels.1"": [0.6931481805599428, 0.6931481805599428, 0.6931481805599428]}","{""kernels.0"": 9.830798644994341e-06, ""kernels.0.base_kernel.kernels.1"": 0.005887918364622278, ""kernels.1"": 0.5480510930179439}",10,5,30,0,0,0
111,124.16780182679088,94.97290878465112,0.4966,global,-5.426429571511496,0.1662923006278726,0.0010432196528778813,0.18419096978821778,0.05000840722168437,0.33333955848550195,0.6931481805599428,"{""kernels.0.base_kernel.kernels.0"": [0.33333218943984416, 0.33333666108354343, 0.3333352329206833, 0.33333879586415066, 0.3333335032430659, 0.33333660090465156, 0.33334057960830277, 0.33334242161915667, 0.3333340598483646, 0.3333301737025331, 0.33333567696144667, 0.33334032110685324, 0.3333233907913716, 0.3333523104621386, 0.33332994263142024, 0.33334240723250647, 0.33333376993626634, 0.33333140020613566], ""kernels.0.base_kernel.kernels.1.base_kernel"": [0.6931481805599428, 0.6931481805599428, 0.6931481805599428], ""kernels.1.base_kernel.kernels.0"": [0.12627734496839427, 0.38510487891999173, 0.4071183536347635, 0.5536487049106539, 0.4331902700526609, 0.1733453384153717, 0.35264374450510644, 0.46939776283978646, 0.12123865930171523, 0.13750887864777656, 0.1940832908322935, 0.40175713294016097, 0.20718745243156242, 0.5544566207223247, 0.41682575249655884, 0.4942962587295143, 0.12069165407766849, 0.05000840722168437], ""kernels.1.base_kernel.kernels.1"": [0.6931481805599428, 0.6931481805599428, 0.6931481805599428]}","{""kernels.0"": 9.830789972537949e-06, ""kernels.0.base_kernel.kernels.1"": 0.005887918116524417, ""kernels.1"": 0.5466751604581563}",10,5,30,0,0,1
112,156.90444161525818,94.97290878465112,0.4996,global,-5.626589564500664,0.12037204062204428,0.0010428238733273091,0.18419089127777621,0.050008407221695826,0.33333955848742336,0.6931481805599428,"{""kernels.0.base_kernel.kernels.0"": [0.33333218943976317, 0.33333666108496895, 0.3333352329209279, 0.3333387958659665, 0.3333335032423371, 0.333336600905259, 0.3333405796083567, 0.33334242161994304, 0.3333340598486407, 0.33333017370211365, 0.3333356769619581, 0.33334032110888023, 0.33332339079144785, 0.3333523104644374, 0.3333299426313261, 0.3333424072330679, 0.3333337699366313, 0.33333140020631297], ""kernels.0.base_kernel.kernels.1.base_kernel"": [0.6931481805599428, 0.6931481805599428, 0.6931481805599428], ""kernels.1.base_kernel.kernels.0"": [0.12627734993054635, 0.38510496759671003, 0.4071184355997005, 0.5536487014630229, 0.4331902660603238, 0.17334533061228619, 0.3526438025982444, 0.469397753021781, 0.12123863747207975, 0.13750887408214144, 0.1940833429636337, 0.4017572210149261, 0.20718745741851172, 0.5544566423312252, 0.416825732413542, 0.4942962777286006, 0.1206916560768513, 0.050008407221695826], ""kernels.1.base_kernel.kernels.1"": [0.6931481805599428, 0.6931481805599428, 0.6931481805599428]}","{""kernels.0"": 9.830789971154695e-06, ""kernels.0.base_kernel.kernels.1"": 0.00588791811648396, ""kernels.1"": 0.5466749249268735}",10,5,30,0,0,2
113,97.5954586058306,94.97290878465112,0.4962,global,-5.049779095283746,0.028806994361628344,0.001031952052871913,0.18495201433909958,0.050008409693076405,0.33333699038441267,0.6931481805599428,"{""kernels.0.base_kernel.kernels.0"": [0.3333323989527391, 0.33333687416162994, 0.3333348126498364, 0.3333400951806016, 0.33333334365923045, 0.3333367199809748, 0.33333710660719534, 0.33334171047342465, 0.3333340441347485, 0.3333302674549862, 0.33333553830088575, 0.3333402968832622, 0.3333237810338911, 0.3333503778664939, 0.3333300479739875, 0.3333420537933864, 0.3333336857882924, 0.3333314259132731], ""kernels.0.base_kernel.kernels.1.base_kernel"": [0.6931481805599428, 0.6931481805599428, 0.6931481805599428], ""kernels.1.base_kernel.kernels.0"": [0.12130638842788674, 0.4010548833583701, 0.38822644595790384, 0.574215280519997, 0.4270446684434574, 0.18349924084130986, 0.21555660054625914, 0.4561436331986499, 0.13458286990147011, 0.13956051758962434, 0.1909634802903004, 0.3955505107655582, 0.23303361586379343, 0.505409827973596, 0.4203423600918583, 0.4777878034398832, 0.12965195365762747, 0.050008409693076405], ""kernels.1.base_kernel.kernels.1"": [0.6931481805599428, 0.6931481805599428, 0.6931481805599428]}","{""kernels.0"": 9.830636138421764e-06, ""kernels.0.base_kernel.kernels.1"": 0.0058879090856808055, ""kernels.1"": 0.5489583032954796}",10,5,30,2,0,3
114,95.41146200738903,94.97290878465112,0.498,local,-5.93319480084879,0.020050813611122726,0.0010109129835628545,0.18594628104050845,0.05000841062062711,0.3333372990469812,0.6931481805599428,"{""kernels.0.base_kernel.kernels.0"": [0.33333250958060506, 0.33333695781437334, 0.33333507258358763, 0.33334056874852824, 0.33333336689315063, 0.3333367132286006, 0.33333764027958906, 0.3333417129719574, 0.33333397998078673, 0.3333303408665619, 0.33333561259471933, 0.3333406307090711, 0.3333235371118315, 0.3333501096793624, 0.33332998853285545, 0.33334195243207837, 0.33333366032108586, 0.33333138663271855], ""kernels.0.base_kernel.kernels.1.base_kernel"": [0.6931481805599428, 0.6931481805599428, 0.6931481805599428], ""kernels.1.base_kernel.kernels.0"": [0.12350573022512557, 0.4020916033167599, 0.40365996914416497, 0.5748880626244477, 0.4268499491162537, 0.18493144472579295, 0.2267415639863909, 0.45703293054783356, 0.13333514417134454, 0.14047332353442418, 0.1913325176475773, 0.4067440291052218, 0.2371167996989884, 0.5027731001098681, 0.41903678527988786, 0.474057029338517, 0.13061270014368123, 0.05000841062062711], ""kernels.1.base_kernel.kernels.1"": [0.6931481805599428, 0.6931481805599428, 0.6931481805599428]}","{""kernels.0"": 9.830562714737844e-06, ""kernels.0.base_kernel.kernels.1"": 0.005887905411932311, ""kernels.1"": 0.5519411071468783}",10,5,30,2,0,4
115,96.49088529057093,94.97290878465112,0.4996,global,-5.90264719906455,0.021392863108714723,0.0009389262100275044,0.18516451825978078,0.05000841292509701,0.33333758584423834,0.6931481805599428,"{""kernels.0.base_kernel.kernels.0"": [0.33333265160076825, 0.3333371347392119, 0.33333531683094847, 0.3333412047975137, 0.33333343529092, 0.3333366496060419, 0.3333380369492647, 0.3333414292257939, 0.33333388828411964, 0.33333046144603634, 0.3333357060077462, 0.3333411731756664, 0.33332311991704566, 0.3333498105361651, 0.3333299840850911, 0.33334174862475047, 0.3333336258529257, 0.3333313386908776], ""kernels.0.base_kernel.kernels.1.base_kernel"": [0.6931481805599428, 0.6931481805599428, 0.6931481805599428], ""kernels.1.base_kernel.kernels.0"": [0.12693426653265155, 0.4023490775565077, 0.40822377701918905, 0.5739349212349356, 0.42682529378049594, 0.18424963137618625, 0.2226417945315101, 0.45156464465598706, 0.1338306431647775, 0.1431596986208195, 0.19244889883227473, 0.4089093317507988, 0.2370882995849446, 0.5084674493107447, 0.41910563550490043, 0.47314079584732843, 0.1307191943249445, 0.05000841292509701], ""kernels.1.base_kernel.kernels.1"": [0.6931481805599428, 0.6931481805599428, 0.6931481805599428]}","{""kernels.0"": 9.830366384888165e-06, ""kernels.0.base_kernel.kernels.1"": 0.00588789665993314, ""kernels.1"": 0.5495958277530243}",10,5,30,2,0,5
116,95.05329712841441,94.97290878465112,0.4994,global,-5.930170106180159,0.015316175575763591,0.0008903619936426152,0.18484888210112416,0.05000841297569174,0.3333375912073342,0.6931481805599428,"{""kernels.0.base_kernel.kernels.0"": [0.3333326527730239, 0.333337138614068, 0.3333353205037581, 0.33334124332998055, 0.3333334362554733, 0.3333366485344522, 0.33333804380060034, 0.3333414297698149, 0.3333338873461638, 0.3333304626494813, 0.3333357070498666, 0.3333411818731408, 0.33332311424908756, 0.3333498100570876, 0.3333299843503834, 0.33334174655552345, 0.3333336257669317, 0.33333133721642466], ""kernels.0.base_kernel.kernels.1.base_kernel"": [0.6931481805599428, 0.6931481805599428, 0.6931481805599428], ""kernels.1.base_kernel.kernels.0"": [0.12698919048991503, 0.4023557007501812, 0.40823369404598553, 0.5747994349778329, 0.4268063098742091, 0.1842446992545432, 0.22273016659833078, 0.45162617045451403, 0.13384731253323756, 0.1431643329213596, 0.1924520186460072, 0.4089397012774871, 0.237111504471695, 0.5085055824653875, 0.41911845556499716, 0.4731439820319531, 0.13074210265788658, 0.05000841297569174], ""kernels.1.base_kernel.kernels.1"": [0.6931481805599428, 0.6931481805599428, 0.6931481805599428]}","{""kernels.0"": 9.830361044606349e-06, ""kernels.0.base_kernel.kernels.1"": 0.005887896469446459, ""kernels.1"": 0.5486489194728814}",10,5,30,0,0,6
117,172.5768896818067,94.97290878465112,0.4976,global,-6.494236632205935,0.31035280491473316,0.0008217117920724946,0.18409348150656804,0.05000841304972085,0.33333760269353857,0.6931481805599428,"{""kernels.0.base_kernel.kernels.0"": [0.33333265596257994, 0.3333371546071815, 0.3333353279263969, 0.3333413146755986, 0.33333343773967383, 0.3333366469430955, 0.33333805077989564, 0.33334142593785354, 0.3333338858819941, 0.3333304647904225, 0.33333570899954107, 0.3333411961935483, 0.3333231049859699, 0.33334981419992965, 0.3333299859812777, 0.33334174401099304, 0.33333362571067743, 0.33333133534836457], ""kernels.0.base_kernel.kernels.1.base_kernel"": [0.6931481805599428, 0.6931481805599428, 0.6931481805599428], ""kernels.1.base_kernel.kernels.0"": [0.12715656166877992, 0.40275847758087713, 0.40827633821721787, 0.576706662637844, 0.42678952615010984, 0.18426532742968552, 0.22269336217627445, 0.45156455109200094, 0.13385525611849014, 0.14314768549366108, 0.1924353684114929, 0.4089472941124778, 0.2371729027689478, 0.5086848298293594, 0.41915340835561127, 0.4731487792224186, 0.13079963922765314, 0.05000841304972085], ""kernels.1.base_kernel.kernels.1"": [0.6931481805599428, 0.6931481805599428, 0.6931481805599428]}","{""kernels.0"": 9.830352711498145e-06, ""kernels.0.base_kernel.kernels.1"": 0.0058878961946260125, ""kernels.1"": 0.5463827179723666}",10,5,30,1,0,7
118,374.4188999162809,94.97290878465112,0.4942,global,-6.5654662426168375,0.2851950383811846,0.00082482532757721,0.1840934797916264,0.050008413049727474,0.3333376026944087,0.6931481805599428,"{""kernels.0.base_kernel.kernels.0"": [0.3333326559627813, 0.33333715460842245, 0.33333532792694276, 0.33334131468131767, 0.3333334377396773, 0.33333664694293635, 0.333338050780395, 0.33334142593717364, 0.3333338858819224, 0.3333304647906319, 0.33333570899986703, 0.33334119619468305, 0.3333231049849484, 0.33334981420016435, 0.333329985981305, 0.33334174401093597, 0.33333362571067154, 0.33333133534845816], ""kernels.0.base_kernel.kernels.1.base_kernel"": [0.6931481805599428, 0.6931481805599428, 0.6931481805599428], ""kernels.1.base_kernel.kernels.0"": [0.12715657327199073, 0.4027585064208534, 0.4082763342520008, 0.5767068105713522, 0.4267895225397552, 0.18426531984635783, 0.2226933505737233, 0.45156452438866596, 0.13385525534508827, 0.14314767897105796, 0.19243536767890726, 0.40894728646475603, 0.23717289797931956, 0.5086848439883298, 0.419153406292921, 0.47314878318856546, 0.1307996417945277, 0.050008413049727474], ""kernels.1.base_kernel.kernels.1"": [0.6931481805599428, 0.6931481805599428, 0.6931481805599428]}","{""kernels.0"": 9.83035271096672e-06, ""kernels.0.base_kernel.kernels.1"": 0.005887896194602893, ""kernels.1"": 0.5463827128275653}",10,5,30,1,0,8
119,126.5286559415351,94.97290878465112,0.4984,global,-5.196164160731636,0.09885695899811042,0.0008204974840181532,0.18840581373094997,0.05000841313921049,0.3333375846942306,0.6931481805599428,"{""kernels.0.base_kernel.kernels.0"": [0.3333326574308455, 0.33333715293428345, 0.3333353370167794, 0.3333413389268505, 0.3333333946551539, 0.333336652045006, 0.33333801645417777, 0.33334141828361935, 0.33333387137885906, 0.33333047203712246, 0.33333571760861735, 0.3333411329478826, 0.333323121472084, 0.33334971472504615, 0.3333299982700197, 0.33334170899786053, 0.3333336304408982, 0.3333313465861764], ""kernels.0.base_kernel.kernels.1.base_kernel"": [0.6931481805599428, 0.6931481805599428, 0.6931481805599428], ""kernels.1.base_kernel.kernels.0"": [0.12706058565199185, 0.4029073790284466, 0.4083114115349135, 0.578315756862405, 0.425863841743123, 0.18425284506627562, 0.22050167154170208, 0.4510187764149587, 0.1332233106040165, 0.14313954065072973, 0.19220960390979408, 0.40675090875524933, 0.23740415934185552, 0.507628740247584, 0.41910428797315435, 0.47239649043200027, 0.13092890379049277, 0.05000841313921049], ""kernels.1.base_kernel.kernels.1"": [0.6931481805599428, 0.6931481805599428, 0.6931481805599428]}","{""kernels.0"": 9.830353347541735e-06, ""kernels.0.base_kernel.kernels.1"": 0.005887895849927222, ""kernels.1"": 0.5593197149895751}",10,5,30,1,1,9
120,212.91767951894417,94.97290878465112,0.4978,global,-5.515410416512271,0.2725189072810719,0.000863029766788233,0.18777136812922843,0.05000841581955822,0.33333720409517464,0.6931481805599428,"{""kernels.0.base_kernel.kernels.0"": [0.3333326560876592, 0.3333362095056958, 0.33333605551308554, 0.3333375320464992, 0.33333250456022206, 0.33333687614385016, 0.33333810530450736, 0.33334128945018326, 0.3333335813569633, 0.3333307402967198, 0.33333584483194517, 0.3333395094844792, 0.33332438903534245, 0.3333480473778958, 0.3333301715993069, 0.3333409491542048, 0.3333339589370433, 0.33333169850344546], ""kernels.0.base_kernel.kernels.1.base_kernel"": [0.6931481805599428, 0.6931481805599428, 0.6931481805599428], ""kernels.1.base_kernel.kernels.0"": [0.1319470189914021, 0.4044278565776856, 0.41477161533674367, 0.5339615959420905, 0.40893606060836385, 0.1961339922487414, 0.20223495623801083, 0.45096526476786203, 0.12035101837672256, 0.1466764255658914, 0.1854041458975366, 0.37998344360537284, 0.2740456365838064, 0.5002736629853868, 0.413430025202381, 0.4601537793502597, 0.13573498203037468, 0.05000841581955822], ""kernels.1.base_kernel.kernels.1"": [0.6931481805599428, 0.6931481805599428, 0.6931481805599428]}","{""kernels.0"": 9.830309913160384e-06, ""kernels.0.base_kernel.kernels.1"": 0.0058878859038227985, ""kernels.1"": 0.5574163881739493}",10,5,30,2,0,10
121,104.74335743591806,94.97290878465112,0.4976,local,-5.203067786998466,0.07959298659204896,0.0008672740250473873,0.18777145523580616,0.05000841581956438,0.33333720409313394,0.6931481805599428,"{""kernels.0.base_kernel.kernels.0"": [0.33333265608729945, 0.3333362095047163, 0.33333605551419215, 0.33333753204097966, 0.33333250455457186, 0.3333368761452883, 0.33333810530550245, 0.3333412894511112, 0.3333335813576951, 0.3333307402975379, 0.333335844832458, 0.33333950947778235, 0.3333243890353567, 0.3333480473750406, 0.3333301715989103, 0.3333409491536621, 0.33333395893771506, 0.3333316985042771], ""kernels.0.base_kernel.kernels.1.base_kernel"": [0.6931481805599428, 0.6931481805599428, 0.6931481805599428], ""kernels.1.base_kernel.kernels.0"": [0.1319470120525144, 0.40442782763436763, 0.41477164117560145, 0.5339615809174915, 0.40893596942250493, 0.19613402641428215, 0.20223489352374807, 0.45096525561314893, 0.1203510160632218, 0.14667642861748037, 0.18540413477788184, 0.37998338424817807, 0.2740456404153118, 0.5002736210943035, 0.4134300085979005, 0.46015376941287317, 0.13573497053966016, 0.05000841581956438], ""kernels.1.base_kernel.kernels.1"": [0.6931481805599428, 0.6931481805599428, 0.6931481805599428]}","{""kernels.0"": 9.830309913311098e-06, ""kernels.0.base_kernel.kernels.1"": 0.005887885903797568, ""kernels.1"": 0.5574166494937076}",10,5,30,2,0,11
122,96.07726242946538,94.97290878465112,0.4958,global,-5.520983213006874,0.019626846885332967,0.0008611493393050762,0.1878437295213876,0.05000841587877473,0.33333719064413936,0.6931481805599428,"{""kernels.0.base_kernel.kernels.0"": [0.3333326533857834, 0.33333620347123233, 0.3333360697059604, 0.3333374919639243, 0.3333324527608397, 0.3333368893243544, 0.3333381166199345, 0.3333413036343599, 0.33333358881579594, 0.33333074783094035, 0.33333584973752356, 0.3333394496937527, 0.3333243919058963, 0.3333480228303307, 0.33333016920148295, 0.33334094494009936, 0.3333339659469735, 0.3333317058907147], ""kernels.0.base_kernel.kernels.1.base_kernel"": [0.6931481805599428, 0.6931481805599428, 0.6931481805599428], ""kernels.1.base_kernel.kernels.0"": [0.1319080309399605, 0.40445949075852095, 0.4151501709358758, 0.5346097317354641, 0.40810228984119484, 0.19649706715347595, 0.2018287027108584, 0.45106961816733776, 0.1203800015981705, 0.14673837390509997, 0.18533696459697593, 0.37952358473134495, 0.27420091311349576, 0.5000376946951518, 0.4133006041151315, 0.4601044806393824, 0.13565677532354425, 0.05000841587877473], ""kernels.1.base_kernel.kernels.1"": [0.6931481805599428, 0.6931481805599428, 0.6931481805599428]}","{""kernels.0"": 9.830310187129164e-06, ""kernels.0.base_kernel.kernels.1"": 0.0058878856704039926, ""kernels.1"": 0.5576334725835717}",10,5,30,0,0,12
123,94.88097312833301,94.88097312833301,0.4996,global,-5.794785092498486,0.016368096583054253,0.0008162023963975178,0.18653735062098983,0.050008415988864026,0.3333371724646626,0.6931481805599428,"{""kernels.0.base_kernel.kernels.0"": [0.33333264874781016, 0.33333619729968544, 0.33333609905633366, 0.3333374304504905, 0.3333323613506951, 0.3333369144788347, 0.3333381449618527, 0.3333413363073311, 0.33333360347788116, 0.3333307630259234, 0.33333585987555825, 0.3333393475103751, 0.3333244033878621, 0.3333479889592867, 0.3333301675505771, 0.333340940017871, 0.33333397938245546, 0.3333317204988271], ""kernels.0.base_kernel.kernels.1.base_kernel"": [0.6931481805599428, 0.6931481805599428, 0.6931481805599428], ""kernels.1.base_kernel.kernels.0"": [0.13190805887058596, 0.40479475066802273, 0.41599799222097694, 0.5363438846382063, 0.4066653743097664, 0.19728202671781528, 0.20154580098506666, 0.4516918440396053, 0.12056087241846292, 0.14695827908183756, 0.18533538539062477, 0.3790449991215377, 0.27476326530817363, 0.49988270444695265, 0.4131729796988677, 0.46011224329041045, 0.13561532841368312, 0.050008415988864026], ""kernels.1.base_kernel.kernels.1"": [0.6931481805599428, 0.6931481805599428, 0.6931481805599428]}","{""kernels.0"": 9.830309128410016e-06, ""kernels.0.base_kernel.kernels.1"": 0.005887885244241108, ""kernels.1"": 0.5537143363096}",10,5,30,0,0,0
124,1053.2611040763682,94.88097312833301,0.4996,global,-6.209295162881188,0.3159165675003218,0.0007940548275618188,0.1868808635955377,0.05000843060258097,0.33333688336113004,0.6931481805599428,"{""kernels.0.base_kernel.kernels.0"": [0.33333239071589954, 0.33333553982514524, 0.33333761163570014, 0.33333310271140354, 0.333328460042978, 0.3333374004941239, 0.33333985819854345, 0.33334236017027946, 0.33333422887427955, 0.3333313635982166, 0.33333636622813617, 0.3333346168125179, 0.3333240404431231, 0.33335185972005693, 0.3333298160194747, 0.33334167258828745, 0.3333349039917529, 0.3333323730708282], ""kernels.0.base_kernel.kernels.1.base_kernel"": [0.6931481805599428, 0.6931481805599428, 0.6931481805599428], ""kernels.1.base_kernel.kernels.0"": [0.13086441977797403, 0.4076456922451051, 0.42573359169178704, 0.5576048773967973, 0.3679007916844094, 0.24901637269475763, 0.1867144549036202, 0.44988918852477716, 0.11718157723699558, 0.15218732306181332, 0.17577220365444765, 0.3703159598940623, 0.2800850993037148, 0.52414105493233, 0.40689375054487975, 0.4650565432490461, 0.13700414784041204, 0.05000843060258097], ""kernels.1.base_kernel.kernels.1"": [0.6931481805599428, 0.6931481805599428, 0.6931481805599428]}","{""kernels.0"": 9.830068101466605e-06, ""kernels.0.base_kernel.kernels.1"": 0.005887827231495642, ""kernels.1"": 0.554744933487016}",10,5,30,1,0,1
125,101.49147077944085,94.88097312833301,0.5018,global,-4.759259071525368,0.06291978702803774,0.0007747938894786622,0.19527662341317165,0.05000843327911189,0.3333359462134955,0.6931481805599428,"{""kernels.0.base_kernel.kernels.0"": [0.3333309695232417, 0.33332437829247846, 0.33333540005236634, 0.33333296904402654, 0.333333169197374, 0.3333366426329973, 0.33333614657546123, 0.33333844973086946, 0.3333342888081802, 0.33333106668998314, 0.3333351886670662, 0.33333884136518194, 0.33332565712027534, 0.3333562795480427, 0.33333233723467315, 0.33333574585152975, 0.33333401844213084, 0.3333315717632916], ""kernels.0.base_kernel.kernels.1.base_kernel"": [0.6931481805599428, 0.6931481805599428, 0.6931481805599428], ""kernels.1.base_kernel.kernels.0"": [0.11333025998635478, 0.3987603045867764, 0.4589230260462686, 0.6267850374528512, 0.39550375793282255, 0.4786162975121052, 0.12101747321274979, 0.45330042541271076, 0.1067334138509296, 0.1725663828359844, 0.165204582437592, 0.39911842523021623, 0.2855529176415834, 0.5599476830686897, 0.45351223572071014, 0.4759608461330124, 0.16973734550398606, 0.05000843327911189], ""kernels.1.base_kernel.kernels.1"": [0.6931481805599428, 0.6931481805599428, 0.6931481805599428]}","{""kernels.0"": 9.82829172201721e-06, ""kernels.0.base_kernel.kernels.1"": 0.0058877869402622985, ""kernels.1"": 0.5799322550075307}",10,5,30,1,0,2
126,139.84659251004226,94.88097312833301,0.4988,global,-5.003698526258137,0.1563379552432502,0.0007599009738475267,0.1945336211143421,0.05000843330747955,0.3333359768217332,0.6931481805599428,"{""kernels.0.base_kernel.kernels.0"": [0.3333309651415007, 0.33332440954253406, 0.33333541954371343, 0.3333329707515533, 0.3333331616537171, 0.33333665404290547, 0.3333361817069794, 0.3333384468741411, 0.33333429206654847, 0.33333106290430137, 0.33333518868977285, 0.33333881757990386, 0.33332565785988966, 0.3333563088809718, 0.3333323418349202, 0.33333577193648706, 0.33333401911283533, 0.33333157174522954], ""kernels.0.base_kernel.kernels.1.base_kernel"": [0.6931481805599428, 0.6931481805599428, 0.6931481805599428], ""kernels.1.base_kernel.kernels.0"": [0.11352736492123103, 0.3991762146439966, 0.4590507985711825, 0.6270407388242976, 0.39534532490924346, 0.4785336256657081, 0.12115791293121735, 0.4537693636181852, 0.10680975702184636, 0.17281929749538372, 0.16539856333946357, 0.39901184596200695, 0.2860549757351589, 0.559345383396714, 0.4538155590863434, 0.47537271299873307, 0.16989080414381566, 0.05000843330747955], ""kernels.1.base_kernel.kernels.1"": [0.6931481805599428, 0.6931481805599428, 0.6931481805599428]}","{""kernels.0"": 9.828277182321139e-06, ""kernels.0.base_kernel.kernels.1"": 0.005887786678003848, ""kernels.1"": 0.5777032483878402}",10,5,30,1,0,3
127,104.6280531235082,94.88097312833301,0.4992,global,-5.151731212375087,0.06119135535811753,0.000767686493052686,0.19610243864420515,0.050008433360389445,0.3333360500629031,0.6931481805599428,"{""kernels.0.base_kernel.kernels.0"": [0.33333096219899677, 0.3333243950784947, 0.3333354573357753, 0.33333269768343454, 0.3333331465231758, 0.3333366630197395, 0.3333362726908931, 0.33333838411742434, 0.3333342951322866, 0.333331053095671, 0.33333518846976423, 0.333338737633143, 0.3333256755184187, 0.333356424568916, 0.3333323430129736, 0.33333582743491313, 0.33333401992242256, 0.33333157738621716], ""kernels.0.base_kernel.kernels.1.base_kernel"": [0.6931481805599428, 0.6931481805599428, 0.6931481805599428], ""kernels.1.base_kernel.kernels.0"": [0.11386737947604612, 0.3974502417457099, 0.4585996622250428, 0.6244981151747446, 0.39490954496359665, 0.47785780452252463, 0.12145768499567614, 0.4535858372480602, 0.10676488656226321, 0.17292299228791638, 0.1654380041909404, 0.39787023905632524, 0.28686906612419094, 0.5585248137369567, 0.4541337052811143, 0.4742562787049138, 0.1699573031404617, 0.050008433360389445], ""kernels.1.base_kernel.kernels.1"": [0.6931481805599428, 0.6931481805599428, 0.6931481805599428]}","{""kernels.0"": 9.828257857347658e-06, ""kernels.0.base_kernel.kernels.1"": 0.0058877861455011666, ""kernels.1"": 0.5824097015292569}",10,5,30,0,0,4
128,96.30008770767087,94.88097312833301,0.4986,global,-5.317837949854681,0.02824148833266886,0.0007584868054645994,0.19403883590206913,0.05000843341767,0.33333612691811565,0.6931481805599428,"{""kernels.0.base_kernel.kernels.0"": [0.33333096677797747, 0.33332437433891665, 0.33333547696714005, 0.3333323937036719, 0.33333312663326026, 0.3333366933758312, 0.3333363805760391, 0.33333827345749445, 0.3333342953107264, 0.3333310445486331, 0.3333351875696291, 0.33333867090944413, 0.3333257138789753, 0.3333564892617512, 0.3333323454020632, 0.3333358732601922, 0.3333340165761822, 0.3333315866579241], ""kernels.0.base_kernel.kernels.1.base_kernel"": [0.6931481805599428, 0.6931481805599428, 0.6931481805599428], ""kernels.1.base_kernel.kernels.0"": [0.11428011850851473, 0.3963850788213619, 0.45786630165428915, 0.622012475585178, 0.39442907383370746, 0.47834373304395406, 0.12215851795296914, 0.4529347502302505, 0.10685058425009103, 0.17316654424807487, 0.16621771790144002, 0.39786494712971654, 0.28825471100218214, 0.5570198059755728, 0.45458740479797466, 0.4732137505116175, 0.17002916321991737, 0.05000843341767], ""kernels.1.base_kernel.kernels.1"": [0.6931481805599428, 0.6931481805599428, 0.6931481805599428]}","{""kernels.0"": 9.828238894904392e-06, ""kernels.0.base_kernel.kernels.1"": 0.005887785632665853, ""kernels.1"": 0.5762188938346466}",10,5,30,3,0,5
129,165.3532621932975,94.88097312833301,0.495,global,-6.047999669887472,0.3521680224012277,0.0007380690831311728,0.19592034977183426,0.050008435196170264,0.3333364213154772,0.6931481805599428,"{""kernels.0.base_kernel.kernels.0"": [0.33333098170723, 0.33332420061973694, 0.333335964142981, 0.33332615668553306, 0.33333262103253075, 0.33333701924472214, 0.333338421893488, 0.33333608907909035, 0.33333435762093266, 0.33333082817066073, 0.33333509416590984, 0.33333743101627644, 0.33332621207809615, 0.33335783792161, 0.33333228635375983, 0.33333675355186404, 0.3333340197855336, 0.33333181075613544], ""kernels.0.base_kernel.kernels.1.base_kernel"": [0.6931481805599428, 0.6931481805599428, 0.6931481805599428], ""kernels.1.base_kernel.kernels.0"": [0.1241800767286444, 0.37107274084657016, 0.4443254594914229, 0.5793037734435257, 0.3816844243464262, 0.4695973732736873, 0.12844471041614272, 0.4350283335252947, 0.1091551750048771, 0.17315666856083245, 0.16828620265298616, 0.3980153215576686, 0.3067494695423903, 0.548237012763005, 0.45615311431459854, 0.45831076818901767, 0.16668417779871678, 0.050008435196170264], ""kernels.1.base_kernel.kernels.1"": [0.6931481805599428, 0.6931481805599428, 0.6931481805599428]}","{""kernels.0"": 9.827810090594204e-06, ""kernels.0.base_kernel.kernels.1"": 0.005887772243200096, ""kernels.1"": 0.5818634492622121}",10,5,30,0,0,6
130,94.43099632841003,94.43099632841003,0.4996,global,-5.3808059698053965,0.01969382784978168,0.0007405606988711165,0.19592035022758755,0.0500084351961709,0.3333364213154911,0.6931481805599428,"{""kernels.0.base_kernel.kernels.0"": [0.33333098170711567, 0.33332420062065277, 0.3333359641431882, 0.3333261566852949, 0.3333326210325207, 0.333337019244909, 0.33333842189355045, 0.3333360890791062, 0.3333343576209449, 0.3333308281707187, 0.33333509416597396, 0.33333743101625146, 0.3333262120779193, 0.3333578379214961, 0.3333322863537256, 0.333336753551876, 0.3333340197855677, 0.3333318107561662], ""kernels.0.base_kernel.kernels.1.base_kernel"": [0.6931481805599428, 0.6931481805599428, 0.6931481805599428], ""kernels.1.base_kernel.kernels.0"": [0.1241800775308922, 0.37107276420340357, 0.4443254628250294, 0.5793037759096177, 0.38168442372914146, 0.4695973814777615, 0.12844471115912365, 0.4350283335408861, 0.10915517465602083, 0.17315667048126399, 0.16828620323019822, 0.39801532019676983, 0.30674946986553164, 0.5482370102217153, 0.45615311296386896, 0.4583107689260298, 0.1666841778558807, 0.0500084351961709], ""kernels.1.base_kernel.kernels.1"": [0.6931481805599428, 0.6931481805599428, 0.6931481805599428]}","{""kernels.0"": 9.827810090435514e-06, ""kernels.0.base_kernel.kernels.1"": 0.005887772243195361, ""kernels.1"": 0.5818634506294769}",10,5,30,1,0,0
131,208.06749624029644,94.43099632841003,0.4974,global,-5.594693699975558,0.3087590449132025,0.0007086482300229444,0.19520396748973734,0.050008435230569685,0.33333642708637584,0.6931481805599428,"{""kernels.0.base_kernel.kernels.0"": [0.33333097758702374, 0.33332426333970666, 0.3333359751107756, 0.33332613220559776, 0.33333261942769216, 0.33333704815888726, 0.3333384268694057, 0.33333609954807636, 0.3333343580158116, 0.3333308274578359, 0.33333509820518226, 0.3333374307745539, 0.3333262099854786, 0.33335783210098263, 0.3333322864177071, 0.3333367546246753, 0.33333402318029615, 0.3333318117314716], ""kernels.0.base_kernel.kernels.1.base_kernel"": [0.6931481805599428, 0.6931481805599428, 0.6931481805599428], ""kernels.1.base_kernel.kernels.0"": [0.12428602902668158, 0.3727619662227585, 0.4446430534352697, 0.5792010965227404, 0.38159806505576077, 0.47072562439657584, 0.12858479960282027, 0.4356458143823863, 0.10910926636304241, 0.17313618338483378, 0.1683254348115104, 0.3979664368074051, 0.3072039780173179, 0.5481572947120206, 0.456126424482844, 0.4583647781516413, 0.16683331718778127, 0.050008435230569685], ""kernels.1.base_kernel.kernels.1"": [0.6931481805599428, 0.6931481805599428, 0.6931481805599428]}","{""kernels.0"": 9.827799999774987e-06, ""kernels.0.base_kernel.kernels.1"": 0.005887771979675833, ""kernels.1"": 0.5797143026895364}",10,5,30,1,0,1
132,96.57710205298383,94.43099632841003,0.497,global,-5.686020895189687,0.01860465970073159,0.0007111897665348024,0.19520398811544892,0.050008435230571364,0.33333642708672423,0.6931481805599428,"{""kernels.0.base_kernel.kernels.0"": [0.33333097758671887, 0.3333242633427058, 0.3333359751111463, 0.333326132203546, 0.3333326194275306, 0.3333370481604661, 0.3333384268697032, 0.3333360995484192, 0.33333435801568634, 0.3333308274576611, 0.3333350982051734, 0.33333743077452865, 0.3333262099848687, 0.33335783210081954, 0.3333322864174891, 0.33333675462502926, 0.33333402318034533, 0.33333181173153503], ""kernels.0.base_kernel.kernels.1.base_kernel"": [0.6931481805599428, 0.6931481805599428, 0.6931481805599428], ""kernels.1.base_kernel.kernels.0"": [0.12428602751060876, 0.3727620369725676, 0.4446430609802692, 0.5792010747994136, 0.3815980569894622, 0.4707256821911235, 0.12858479779204218, 0.4356458334185399, 0.10910925730694074, 0.17313617572800388, 0.16832542912123333, 0.39796642738477683, 0.30720399072280663, 0.5481572770144368, 0.45612641808585, 0.4583647782556077, 0.16683332016122554, 0.050008435230571364], ""kernels.1.base_kernel.kernels.1"": [0.6931481805599428, 0.6931481805599428, 0.6931481805599428]}","{""kernels.0"": 9.827799999226399e-06, ""kernels.0.base_kernel.kernels.1"": 0.005887771979660446, ""kernels.1"": 0.5797143645666871}",10,5,30,0,0,2
133,117.00139706329573,94.43099632841003,0.5002,local,-5.368812306751954,0.12985432279845227,0.0006889785200069851,0.19472898807801445,0.05000843527069079,0.3333364345418184,0.6931481805599428,"{""kernels.0.base_kernel.kernels.0"": [0.3333309719949815, 0.3333243312572638, 0.33333598247912277, 0.33332607689090904, 0.3333326179315166, 0.333337086559426, 0.33333843703025673, 0.3333361100139419, 0.3333343557850017, 0.33333082530022223, 0.33333509581146314, 0.333337430225217, 0.33332619393387136, 0.33335781735366216, 0.33333228322093306, 0.3333367590696948, 0.3333340238898659, 0.33333181292828], ""kernels.0.base_kernel.kernels.1.base_kernel"": [0.6931481805599428, 0.6931481805599428, 0.6931481805599428], ""kernels.1.base_kernel.kernels.0"": [0.12427396217514969, 0.3746230839198706, 0.4449429464487936, 0.5786344384665632, 0.3816441217873335, 0.472169466358583, 0.1286488446051675, 0.43665011036585155, 0.10898955636156472, 0.17311500739856656, 0.16822140228216165, 0.3982965971640807, 0.3075225544153771, 0.547242056958196, 0.45603602449835073, 0.4581678711884872, 0.16691817001322493, 0.05000843527069079], ""kernels.1.base_kernel.kernels.1"": [0.6931481805599428, 0.6931481805599428, 0.6931481805599428]}","{""kernels.0"": 9.827787192414744e-06, ""kernels.0.base_kernel.kernels.1"": 0.005887771634283413, ""kernels.1"": 0.5782893648125675}",10,5,30,1,0,3
134,95.09298289448506,94.43099632841003,0.5,global,-5.642789218109711,0.021229103488072602,0.000689446019840677,0.19322618114973047,0.050008435400727004,0.33333646188996163,0.6931481805599428,"{""kernels.0.base_kernel.kernels.0"": [0.33333095019228437, 0.3333245409237656, 0.3333360074693561, 0.33332586609201353, 0.33333260431124234, 0.3333372230526377, 0.33333849510218616, 0.3333361442360415, 0.3333343479669919, 0.3333308179979158, 0.3333350911662917, 0.3333374163630548, 0.33332617132567627, 0.3333578147975875, 0.33333227328948783, 0.33333677954388174, 0.3333340304525316, 0.3333318179069163], ""kernels.0.base_kernel.kernels.1.base_kernel"": [0.6931481805599428, 0.6931481805599428, 0.6931481805599428], ""kernels.1.base_kernel.kernels.0"": [0.12431600759752306, 0.38065891086282794, 0.44597782819324616, 0.5776220787762922, 0.3815743569003606, 0.47771339946007796, 0.12928045638990757, 0.4397820701623501, 0.10859249642317356, 0.1731455558603679, 0.1681091085182284, 0.39882680848231533, 0.30897477298173454, 0.5457572398334223, 0.455688590976393, 0.4578997270778016, 0.16722802659552355, 0.050008435400727004], ""kernels.1.base_kernel.kernels.1"": [0.6931481805599428, 0.6931481805599428, 0.6931481805599428]}","{""kernels.0"": 9.827746134744116e-06, ""kernels.0.base_kernel.kernels.1"": 0.0058877704986041585, ""kernels.1"": 0.5737809452044526}",10,5,30,0,0,4
135,94.6026562529726,94.43099632841003,0.5006,global,-5.688234880585347,0.015180082029517204,0.0006514659542023589,0.19449927929814212,0.0500084354525258,0.33333646841469056,0.6931481805599428,"{""kernels.0.base_kernel.kernels.0"": [0.33333093916729206, 0.3333246248444365, 0.33333601540468505, 0.3333257356620442, 0.33333259515495933, 0.3333372683813282, 0.333338522572633, 0.3333361537291399, 0.33333434471585155, 0.3333308105420532, 0.33333508676101226, 0.333337425187882, 0.33332615642968016, 0.3333578174059498, 0.3333322656106498, 0.3333367831002412, 0.3333340326487926, 0.33333181941918294], ""kernels.0.base_kernel.kernels.1.base_kernel"": [0.6931481805599428, 0.6931481805599428, 0.6931481805599428], ""kernels.1.base_kernel.kernels.0"": [0.12424383217485345, 0.3837675076226988, 0.44657609581063323, 0.5764838539796865, 0.381426994773738, 0.479299499646767, 0.12940526647942305, 0.44090110379587244, 0.10840050318660863, 0.17294998371942788, 0.16782557758906497, 0.39967618727930887, 0.30934167771947507, 0.544899827434766, 0.4554489281728136, 0.4575777113174366, 0.1672283350718433, 0.0500084354525258], ""kernels.1.base_kernel.kernels.1"": [0.6931481805599428, 0.6931481805599428, 0.6931481805599428]}","{""kernels.0"": 9.82773031665653e-06, ""kernels.0.base_kernel.kernels.1"": 0.005887769992376343, ""kernels.1"": 0.5776002401717333}",10,5,30,0,0,5
136,94.71487651042841,94.43099632841003,0.4998,global,-5.775128944672447,0.011695251197787535,0.0006112653252967719,0.1925539336275752,0.05000843550657014,0.3333364810103613,0.6931481805599428,"{""kernels.0.base_kernel.kernels.0"": [0.3333309318505715, 0.33332472074748454, 0.33333603854919625, 0.3333256489999148, 0.3333325888826711, 0.33333733686908346, 0.33333855078454355, 0.33333617120042897, 0.33333434192084616, 0.3333308068392943, 0.33333508614373397, 0.3333374443884525, 0.33332615165631946, 0.3333578301819167, 0.3333322651132656, 0.33333679082029366, 0.33333403513959814, 0.3333318226837579], ""kernels.0.base_kernel.kernels.1.base_kernel"": [0.6931481805599428, 0.6931481805599428, 0.6931481805599428], ""kernels.1.base_kernel.kernels.0"": [0.12430028317405066, 0.38770649753091707, 0.44796008419900635, 0.5764796406630991, 0.38140803899452314, 0.4817277405910809, 0.1297365936908776, 0.44227944049475654, 0.10827711757121017, 0.17283959245490033, 0.1678515035458839, 0.4010272351427946, 0.309915963485939, 0.5446529352041729, 0.45535236967709003, 0.4574736684336839, 0.16734045827078003, 0.05000843550657014], ""kernels.1.base_kernel.kernels.1"": [0.6931481805599428, 0.6931481805599428, 0.6931481805599428]}","{""kernels.0"": 9.827710806209073e-06, ""kernels.0.base_kernel.kernels.1"": 0.00588776951968857, ""kernels.1"": 0.5717642036522308}",10,5,30,2,0,6
137,94.62692376102834,94.43099632841003,0.4984,local,-5.861048988616476,0.009186312792115953,0.000562488099310425,0.19534570187730008,0.05000843591969623,0.3333365501197576,0.6931481805599428,"{""kernels.0.base_kernel.kernels.0"": [0.3333308490833429, 0.3333253460406951, 0.3333362275608811, 0.3333247357314828, 0.33333251937304337, 0.3333379610635986, 0.33333879653228726, 0.3333361957607567, 0.3333343137619748, 0.333330747538577, 0.3333350727165703, 0.3333376188159586, 0.3333260330565451, 0.3333581344346725, 0.3333322339906336, 0.3333368726786341, 0.33333404610901524, 0.33333184412486344], ""kernels.0.base_kernel.kernels.1.base_kernel"": [0.6931481805599428, 0.6931481805599428, 0.6931481805599428], ""kernels.1.base_kernel.kernels.0"": [0.12418638029095855, 0.4169953862219371, 0.4581071602513691, 0.5745215909402168, 0.3805621691185854, 0.50282228380485, 0.13030742562917286, 0.44722395327040204, 0.10655355148082538, 0.17067588426640362, 0.16684989922065413, 0.4129623144655234, 0.31171652082471485, 0.5451643394650781, 0.453805806927463, 0.4570818057580289, 0.1669295652777508, 0.05000843591969623], ""kernels.1.base_kernel.kernels.1"": [0.6931481805599428, 0.6931481805599428, 0.6931481805599428]}","{""kernels.0"": 9.827563505207735e-06, ""kernels.0.base_kernel.kernels.1"": 0.00588776549905667, ""kernels.1"": 0.5801395125693384}",10,5,30,1,0,7
138,214.08732492293944,94.43099632841003,0.5004,global,-6.078757967719945,0.33266302841419326,0.0005161605885971501,0.19362086669980072,0.05000843594836708,0.3333365589908869,0.6931481805599428,"{""kernels.0.base_kernel.kernels.0"": [0.33333084438945343, 0.33332534844739664, 0.3333362381346825, 0.33332469517636704, 0.3333325190078028, 0.3333379948030321, 0.3333388102912907, 0.3333362018353771, 0.3333343133129165, 0.3333307478211259, 0.33333507094202197, 0.3333376176574775, 0.33332603507493325, 0.3333581622440407, 0.3333322363914136, 0.3333368798470913, 0.33333404688586477, 0.33333184719711223], ""kernels.0.base_kernel.kernels.1.base_kernel"": [0.6931481805599428, 0.6931481805599428, 0.6931481805599428], ""kernels.1.base_kernel.kernels.0"": [0.12419022755913237, 0.417607002294583, 0.4583603277734985, 0.5749287727907381, 0.3806450685380259, 0.5036543596751782, 0.13043184318638928, 0.44773075115694244, 0.10657256598074538, 0.1707113092273655, 0.16687015716207626, 0.4131181885090788, 0.3117831279867157, 0.5457147455096873, 0.4538818170274323, 0.4572384799098047, 0.16691497844829134, 0.05000843594836708], ""kernels.1.base_kernel.kernels.1"": [0.6931481805599428, 0.6931481805599428, 0.6931481805599428]}","{""kernels.0"": 9.827551124932116e-06, ""kernels.0.base_kernel.kernels.1"": 0.005887765233674973, ""kernels.1"": 0.5749650073146022}",10,5,30,1,0,8
139,94.06351529785783,94.06351529785783,0.5,local,-5.906544571687208,0.011076828848705296,0.000517753786074183,0.19362086694633193,0.05000843594836777,0.33333655899098114,0.6931481805599428,"{""kernels.0.base_kernel.kernels.0"": [0.3333308443892495, 0.33332534844730893, 0.33333623813473806, 0.3333246951744832, 0.33333251900766103, 0.3333379948041642, 0.33333881029184437, 0.3333362018352737, 0.33333431331287755, 0.3333307478210089, 0.33333507094193826, 0.3333376176573204, 0.3333260350747343, 0.3333581622450256, 0.33333223639136217, 0.33333687984722427, 0.333334046885844, 0.3333318471972059], ""kernels.0.base_kernel.kernels.1.base_kernel"": [0.6931481805599428, 0.6931481805599428, 0.6931481805599428], ""kernels.1.base_kernel.kernels.0"": [0.12419022535908641, 0.4176070102225431, 0.45836032974206153, 0.5749287737655787, 0.38064506780184637, 0.5036543770003552, 0.13043184015218845, 0.44773075121803035, 0.10657256398152434, 0.1707113044249728, 0.16687015382126671, 0.4131181848973902, 0.31178312335096314, 0.5457147557048718, 0.4538818159135541, 0.4572384817668743, 0.1669149754155353, 0.05000843594836777], ""kernels.1.base_kernel.kernels.1"": [0.6931481805599428, 0.6931481805599428, 0.6931481805599428]}","{""kernels.0"": 9.827551124637825e-06, ""kernels.0.base_kernel.kernels.1"": 0.005887765233667142, ""kernels.1"": 0.574965008054204}",10,5,30,2,1,0
140,133.22094954409226,94.06351529785783,0.4976,local,-5.829266498275093,0.11325349206983994,0.0004876650435034914,0.1936085448472958,0.05000843594884646,0.33333655902649373,0.6931481805599428,"{""kernels.0.base_kernel.kernels.0"": [0.3333308442550885, 0.3333253485492607, 0.3333362380981577, 0.3333246935597515, 0.3333325189139835, 0.3333379955097185, 0.3333388106943872, 0.3333362018372865, 0.3333343132898926, 0.33333074778173283, 0.3333350709120523, 0.3333376175248839, 0.3333260349709815, 0.33335816287110837, 0.3333322363653881, 0.3333368799548297, 0.333334046874507, 0.33333184725828496], ""kernels.0.base_kernel.kernels.1.base_kernel"": [0.6931481805599428, 0.6931481805599428, 0.6931481805599428], ""kernels.1.base_kernel.kernels.0"": [0.12418913601930812, 0.41761825299597555, 0.45836159050529507, 0.5749245650548808, 0.3806449418761918, 0.5036642755601364, 0.13043033951943483, 0.4477363982457348, 0.10657211247750212, 0.17071066976192656, 0.1668713786233002, 0.41311554441887327, 0.311781492624621, 0.5457196814783609, 0.45388266861840243, 0.4572398722761412, 0.166913454502002, 0.05000843594884646], ""kernels.1.base_kernel.kernels.1"": [0.6931481805599428, 0.6931481805599428, 0.6931481805599428]}","{""kernels.0"": 9.827550908509506e-06, ""kernels.0.base_kernel.kernels.1"": 0.005887765228099203, ""kernels.1"": 0.5749280417628797}",10,5,30,1,0,1
141,107.0433200837956,94.06351529785783,0.4998,global,-5.566927264628255,0.07487318180387882,0.000492577418885309,0.19360855189865678,0.05000843594884658,0.33333655902647574,0.6931481805599428,"{""kernels.0.base_kernel.kernels.0"": [0.33333084425506154, 0.3333253485491609, 0.3333362380980427, 0.33332469355913763, 0.3333325189139725, 0.333337995509271, 0.33333881069456905, 0.3333362018372149, 0.33333431328990326, 0.3333307477816939, 0.33333507091203046, 0.33333761752464797, 0.3333260349707576, 0.33335816287149994, 0.3333322363653768, 0.33333687995490874, 0.33333404687443563, 0.33333184725831927], ""kernels.0.base_kernel.kernels.1.base_kernel"": [0.6931481805599428, 0.6931481805599428, 0.6931481805599428], ""kernels.1.base_kernel.kernels.0"": [0.12418913508463059, 0.417618258804082, 0.4583615867281461, 0.5749245582578911, 0.3806449436265186, 0.5036642567035784, 0.1304303388342313, 0.44773640080671456, 0.10657211240157512, 0.1707106657880353, 0.166871380664023, 0.41311554032870806, 0.3117814875897639, 0.545719678761326, 0.45388266954928047, 0.4572398713918506, 0.1669134501557672, 0.05000843594884658], ""kernels.1.base_kernel.kernels.1"": [0.6931481805599428, 0.6931481805599428, 0.6931481805599428]}","{""kernels.0"": 9.82755090845764e-06, ""kernels.0.base_kernel.kernels.1"": 0.0058877652280972265, ""kernels.1"": 0.5749280629169646}",10,5,30,0,0,2
142,133.04548312020705,94.06351529785783,0.4992,global,-6.173312829264532,0.33166208241516004,0.0004912301397549297,0.19393004784487922,0.0500084359651926,0.3333365605685552,0.6931481805599428,"{""kernels.0.base_kernel.kernels.0"": [0.333330844400795, 0.3333253442900087, 0.33333623403042534, 0.3333246564754556, 0.3333325191801368, 0.3333379416832753, 0.33333883013859783, 0.33333620664580804, 0.3333343145868784, 0.3333307378411535, 0.333335069680889, 0.33333757124583124, 0.3333260108387036, 0.3333581974489826, 0.33333223636117437, 0.333336887106685, 0.3333340398358374, 0.3333318507411796], ""kernels.0.base_kernel.kernels.1.base_kernel"": [0.6931481805599428, 0.6931481805599428, 0.6931481805599428], ""kernels.1.base_kernel.kernels.0"": [0.12408083112533307, 0.4183586299670387, 0.458063247300184, 0.5747474214636146, 0.3808895805924225, 0.501457875517432, 0.1305578646443764, 0.4483504152159734, 0.10657084288247928, 0.1700737754617051, 0.1671810050923811, 0.412449043538949, 0.31131945609270517, 0.5456137378178407, 0.454059707409523, 0.457204294945173, 0.16642864560172504, 0.0500084359651926], ""kernels.1.base_kernel.kernels.1"": [0.6931481805599428, 0.6931481805599428, 0.6931481805599428]}","{""kernels.0"": 9.827543958110742e-06, ""kernels.0.base_kernel.kernels.1"": 0.005887765000510935, ""kernels.1"": 0.5758925509901686}",10,5,30,2,0,3
143,177.82601380742418,94.06351529785783,0.4716,global,-5.643964179921881,0.2930823085980365,0.0004923980162784633,0.19393005246572423,0.050008435965192846,0.3333365605685643,0.6931481805599428,"{""kernels.0.base_kernel.kernels.0"": [0.3333308444007941, 0.33332534428998867, 0.3333362340303893, 0.33332465647514564, 0.33333251918014206, 0.33333794168283415, 0.3333388301388192, 0.3333362066458109, 0.33333431458690316, 0.33333073784107337, 0.3333350696808915, 0.3333375712454226, 0.33332601083860586, 0.33335819744927875, 0.33333223636119585, 0.33333688710673937, 0.33333403983580295, 0.3333318507412552], ""kernels.0.base_kernel.kernels.1.base_kernel"": [0.6931481805599428, 0.6931481805599428, 0.6931481805599428], ""kernels.1.base_kernel.kernels.0"": [0.12408083031825999, 0.418358635153604, 0.4580632448552133, 0.5747474200947166, 0.38088958292376873, 0.5014578576172503, 0.13055786702929822, 0.44835042008262393, 0.10657084317638718, 0.17007377057666012, 0.16718100782404346, 0.41244903823752044, 0.31131945521476, 0.5456137371092458, 0.45405970934499923, 0.45720429458657075, 0.16642864255567136, 0.050008435965192846], ""kernels.1.base_kernel.kernels.1"": [0.6931481805599428, 0.6931481805599428, 0.6931481805599428]}","{""kernels.0"": 9.827543958072214e-06, ""kernels.0.base_kernel.kernels.1"": 0.005887765000508932, ""kernels.1"": 0.5758925648527057}",10,5,30,0,0,4
144,228.5146922400296,94.06351529785783,0.4994,local,-5.6156447234325695,0.2876641922978301,0.0004940975381121462,0.193930069735562,0.050008435965193665,0.33333656056857397,0.6931481805599428,"{""kernels.0.base_kernel.kernels.0"": [0.33333084440078736, 0.3333253442899036, 0.33333623403022605, 0.33332465647397275, 0.3333325191801447, 0.3333379416812607, 0.33333883013957755, 0.33333620664576213, 0.3333343145869603, 0.33333073784076345, 0.33333506968088983, 0.33333757124391283, 0.33332601083821206, 0.33335819745030176, 0.33333223636125564, 0.33333688710692183, 0.3333340398356843, 0.33333185074151533], ""kernels.0.base_kernel.kernels.1.base_kernel"": [0.6931481805599428, 0.6931481805599428, 0.6931481805599428], ""kernels.1.base_kernel.kernels.0"": [0.1240808270036986, 0.4183586532978661, 0.4580632351594963, 0.5747474133501603, 0.3808895905436494, 0.5014577952849187, 0.13055787433143531, 0.4483504349101452, 0.106570843790201, 0.17007375212272235, 0.1671810162920709, 0.4124490173578321, 0.31131945118653653, 0.5456137323843442, 0.45405971565772374, 0.4572042933268084, 0.16642863136245278, 0.050008435965193665], ""kernels.1.base_kernel.kernels.1"": [0.6931481805599428, 0.6931481805599428, 0.6931481805599428]}","{""kernels.0"": 9.82754395793233e-06, ""kernels.0.base_kernel.kernels.1"": 0.005887765000501831, ""kernels.1"": 0.5758926166622262}",10,5,30,5,0,5
145,154.0658158832676,94.06351529785783,0.4996,global,-5.518677278493695,0.286139674166761,0.0004915982846902277,0.19297538717897747,0.05000843673777215,0.3333362790935882,0.6931481805599428,"{""kernels.0.base_kernel.kernels.0"": [0.3333308192375426, 0.33332439232468875, 0.33333595984476033, 0.3333236107872069, 0.33333255381852, 0.3333366317098469, 0.3333393853583808, 0.3333361956906295, 0.3333343846314343, 0.33333039228743244, 0.33333506666621504, 0.3333363624965469, 0.33332586656800745, 0.333358787579457, 0.3333323539768667, 0.333336780356534, 0.3333340045283454, 0.33333208171154943], ""kernels.0.base_kernel.kernels.1.base_kernel"": [0.6931481805599428, 0.6931481805599428, 0.6931481805599428], ""kernels.1.base_kernel.kernels.0"": [0.12012636516423203, 0.41418425602522624, 0.4469473580787912, 0.5701669490030752, 0.38902859937679474, 0.44729625256678335, 0.1335740889163895, 0.46466094601399727, 0.1072770342822088, 0.15148042062587574, 0.17578135041473833, 0.3986062932085676, 0.30623775419754606, 0.541452927839349, 0.4602618946302927, 0.45077648618783767, 0.15760714555384614, 0.05000843673777215], ""kernels.1.base_kernel.kernels.1"": [0.6931481805599428, 0.6931481805599428, 0.6931481805599428]}","{""kernels.0"": 9.82738507268362e-06, ""kernels.0.base_kernel.kernels.1"": 0.0058877583995303896, ""kernels.1"": 0.5730285757523293}",10,5,30,1,0,6
146,144.83561619123128,94.06351529785783,0.4988,global,-5.684880355507191,0.30150963625623706,0.0004930174078544,0.19297539466655314,0.05000843673777447,0.33333627909374475,0.6931481805599428,"{""kernels.0.base_kernel.kernels.0"": [0.3333308192379189, 0.3333243923233558, 0.33333595984343783, 0.3333236107871303, 0.33333255381847643, 0.3333366317102124, 0.3333393853591361, 0.333336195690678, 0.33333438463142595, 0.33333039228807027, 0.33333506666602963, 0.3333363624968114, 0.333325866566783, 0.33335878758003606, 0.3333323539765476, 0.333336780356488, 0.33333400452851963, 0.33333208171200196], ""kernels.0.base_kernel.kernels.1.base_kernel"": [0.6931481805599428, 0.6931481805599428, 0.6931481805599428], ""kernels.1.base_kernel.kernels.0"": [0.1201263520745581, 0.41418427884016323, 0.44694735821404336, 0.5701669920195113, 0.38902862927241916, 0.44729627484832113, 0.13357411636269828, 0.4646609510688206, 0.10727704011722922, 0.1514804327613677, 0.17578134469739434, 0.398606346298755, 0.3062377531544734, 0.5414529473259607, 0.460261872575201, 0.45077649364479955, 0.15760713998983378, 0.05000843673777447], ""kernels.1.base_kernel.kernels.1"": [0.6931481805599428, 0.6931481805599428, 0.6931481805599428]}","{""kernels.0"": 9.827385072113111e-06, ""kernels.0.base_kernel.kernels.1"": 0.005887758399506187, ""kernels.1"": 0.5730285982150811}",10,5,30,0,1,7
147,10549.045627062389,94.06351529785783,0.5,global,-5.786517309700702,0.2814641821374063,0.0004943370507656032,0.19297540353393727,0.050008436737778106,0.33333627909373775,0.6931481805599428,"{""kernels.0.base_kernel.kernels.0"": [0.33333081923830304, 0.3333243923227212, 0.3333359598419827, 0.3333236107868409, 0.33333255381848725, 0.3333366317107139, 0.3333393853600163, 0.33333619569049755, 0.3333343846313933, 0.3333303922886398, 0.33333506666576806, 0.3333363624969779, 0.33332586656541496, 0.333358787580394, 0.3333323539761851, 0.3333367803563983, 0.3333340045287566, 0.3333320817126043], ""kernels.0.base_kernel.kernels.1.base_kernel"": [0.6931481805599428, 0.6931481805599428, 0.6931481805599428], ""kernels.1.base_kernel.kernels.0"": [0.1201263383410209, 0.41418431607763606, 0.44694735388442447, 0.5701670272297807, 0.3890286610782978, 0.447296289967202, 0.13357414898161282, 0.4646609535401007, 0.10727704437900036, 0.15148044512666817, 0.1757813343578607, 0.398606393570263, 0.30623774781841195, 0.5414529635911646, 0.4602618486888041, 0.4507765008520586, 0.15760713274789956, 0.050008436737778106], ""kernels.1.base_kernel.kernels.1"": [0.6931481805599428, 0.6931481805599428, 0.6931481805599428]}","{""kernels.0"": 9.827385071643487e-06, ""kernels.0.base_kernel.kernels.1"": 0.005887758399481758, ""kernels.1"": 0.5730286248172585}",10,5,30,1,1,8
148,125.33378015229556,94.06351529785783,0.4982,global,-1.237789044471221,0.3162078278093129,0.0004115994102026543,0.2853340097005255,0.05000848264996817,0.3333374600496377,0.6931481805599428,"{""kernels.0.base_kernel.kernels.0"": [0.33333441717648227, 0.33332806416662003, 0.33332689185378395, 0.3333267166501092, 0.3333317998056414, 0.3333399211019725, 0.33333120279409384, 0.3333435511573387, 0.3333300369168858, 0.33333250301596196, 0.33332994522047615, 0.33333062603878894, 0.3333309266765267, 0.3333653355248084, 0.3333330922346412, 0.3333464087252234, 0.33333250258135716, 0.33333499899730284], ""kernels.0.base_kernel.kernels.1.base_kernel"": [0.6931481805599428, 0.6931481805599428, 0.6931481805599428], ""kernels.1.base_kernel.kernels.0"": [0.0503058476718969, 0.5175195702383328, 0.4100963061134926, 0.658757892459159, 0.4951458484310188, 0.546696855951784, 0.355787186692683, 0.6422523127268948, 0.12599717355777568, 0.16550743351961317, 0.28439787812337686, 0.5639602409129524, 0.2063402755509172, 0.6472998713545786, 0.41820489365913494, 0.5619968200408547, 0.13924315709359159, 0.05000848264996817], ""kernels.1.base_kernel.kernels.1"": [0.6931481805599428, 0.6931481805599428, 0.6931481805599428]}","{""kernels.0"": 9.821269279573426e-06, ""kernels.0.base_kernel.kernels.1"": 0.005887709056823369, ""kernels.1"": 0.8501044987754736}",10,5,30,2,0,9
149,148.85085361511995,94.06351529785783,0.499,global,-2.6430527209263666,0.3555468168364955,0.0004077012063946655,0.27078726564910205,0.05000849260147911,0.33333631766351335,0.6931481805599428,"{""kernels.0.base_kernel.kernels.0"": [0.33333300535641797, 0.3333282727537884, 0.3333286827666099, 0.333327669370073, 0.33333141794627164, 0.33333835074695883, 0.33333304600438435, 0.3333421391837562, 0.3333312328343148, 0.3333320449110859, 0.33333170919076277, 0.3333324464199691, 0.3333281490642301, 0.33336207887023445, 0.33333179812552755, 0.3333439346113092, 0.33333211213488695, 0.3333342845800678], ""kernels.0.base_kernel.kernels.1.base_kernel"": [0.6931481805599428, 0.6931481805599428, 0.6931481805599428], ""kernels.1.base_kernel.kernels.0"": [0.05028601028436472, 0.5028759921588932, 0.3786741033718203, 0.6750974529102569, 0.47907770563725854, 0.5395227189134733, 0.339538451413928, 0.6564691617428379, 0.11997481325107134, 0.17120345947000426, 0.297175573601265, 0.5337515359479843, 0.15044451665153558, 0.6357012093083197, 0.42355623255450425, 0.550548895438224, 0.12346961999705366, 0.05000849260147911], ""kernels.1.base_kernel.kernels.1"": [0.6931481805599428, 0.6931481805599428, 0.6931481805599428]}","{""kernels.0"": 9.819535489727776e-06, ""kernels.0.base_kernel.kernels.1"": 0.005887698895795193, ""kernels.1"": 0.8064642785160212}",10,5,30,0,0,10
150,127.76358391875482,94.06351529785783,0.496,global,-3.3118125543502726,0.292259053014008,0.000408734589475443,0.27078729392770234,0.05000849260148804,0.33333631766293925,0.6931481805599428,"{""kernels.0.base_kernel.kernels.0"": [0.33333300535617283, 0.33332827275195603, 0.3333286827658984, 0.33332766937004527, 0.3333314179462853, 0.33333835074597434, 0.33333304600476055, 0.33334213918458233, 0.3333312328343231, 0.33333204491082413, 0.33333170918998856, 0.3333324464182488, 0.3333281490651463, 0.3333620788703849, 0.3333317981260512, 0.33334393461113493, 0.3333321121344043, 0.3333342845799041], ""kernels.0.base_kernel.kernels.1.base_kernel"": [0.6931481805599428, 0.6931481805599428, 0.6931481805599428], ""kernels.1.base_kernel.kernels.0"": [0.0502860102687477, 0.502875926225675, 0.3786740887994447, 0.6750974342239481, 0.47907771585615344, 0.539522744738328, 0.33953844949755896, 0.6564691746951042, 0.11997481568212197, 0.1712034584891685, 0.29717552921287166, 0.5337515003714429, 0.1504445285723311, 0.635701228692156, 0.42355626414277475, 0.5505489025824989, 0.1234696062550121, 0.05000849260148804], ""kernels.1.base_kernel.kernels.1"": [0.6931481805599428, 0.6931481805599428, 0.6931481805599428]}","{""kernels.0"": 9.819535487933457e-06, ""kernels.0.base_kernel.kernels.1"": 0.005887698895783806, ""kernels.1"": 0.8064643633518352}",10,5,30,1,0,11
151,120.21733880395058,94.06351529785783,0.5006,global,-3.5998435315371506,0.342872066605619,0.0004094691764005589,0.2707872948505841,0.05000849260148883,0.3333363176628747,0.6931481805599428,"{""kernels.0.base_kernel.kernels.0"": [0.3333330053561529, 0.3333282727518883, 0.333328682765866, 0.33332766937004477, 0.3333314179462782, 0.3333383507458648, 0.33333304600479585, 0.33334213918466044, 0.33333123283431804, 0.33333204491078955, 0.33333170918992494, 0.3333324464180955, 0.3333281490652271, 0.33336207887038644, 0.33333179812609587, 0.3333439346111214, 0.3333321121343587, 0.33333428457988457], ""kernels.0.base_kernel.kernels.1.base_kernel"": [0.6931481805599428, 0.6931481805599428, 0.6931481805599428], ""kernels.1.base_kernel.kernels.0"": [0.05028601026737322, 0.5028759223014047, 0.37867408788365037, 0.6750974326275334, 0.47907771693944967, 0.5395227468981275, 0.33953844903964175, 0.6564691756953004, 0.11997481578837824, 0.17120345894140093, 0.2971755252313384, 0.5337514969767005, 0.1504445292972833, 0.6357012306078329, 0.4235562666611497, 0.5505489033944561, 0.12346960511062935, 0.05000849260148883], ""kernels.1.base_kernel.kernels.1"": [0.6931481805599428, 0.6931481805599428, 0.6931481805599428]}","{""kernels.0"": 9.819535487775233e-06, ""kernels.0.base_kernel.kernels.1"": 0.0058876988957828206, ""kernels.1"": 0.8064643661204817}",10,5,30,0,0,12
152,128.48425893460916,94.06351529785783,0.4966,global,-3.6695711655815577,0.33261468883746426,0.00041000076211778635,0.27078729369805393,0.05000849260148964,0.33333631766281674,0.6931481805599428,"{""kernels.0.base_kernel.kernels.0"": [0.33333300535613863, 0.33332827275176996, 0.33332868276581057, 0.33332766937002756, 0.3333314179462878, 0.33333835074576684, 0.3333330460048365, 0.33334213918472866, 0.3333312328343211, 0.3333320449107544, 0.3333317091898562, 0.3333324464179274, 0.3333281490653356, 0.3333620788703833, 0.3333317981261548, 0.33334393461112133, 0.33333211213430985, 0.33333428457986664], ""kernels.0.base_kernel.kernels.1.base_kernel"": [0.6931481805599428, 0.6931481805599428, 0.6931481805599428], ""kernels.1.base_kernel.kernels.0"": [0.050286010266000825, 0.5028759176408346, 0.3786740866418947, 0.6750974307555412, 0.47907771808877997, 0.5395227490904552, 0.33953844942368633, 0.6564691764131548, 0.11997481669673124, 0.1712034601688358, 0.29717552118204926, 0.533751493234172, 0.15044453040358344, 0.6357012331119335, 0.42355626923761136, 0.5505489045268316, 0.12346960404223808, 0.05000849260148964], ""kernels.1.base_kernel.kernels.1"": [0.6931481805599428, 0.6931481805599428, 0.6931481805599428]}","{""kernels.0"": 9.819535487619868e-06, ""kernels.0.base_kernel.kernels.1"": 0.005887698895781834, ""kernels.1"": 0.8064643626628923}",10,5,30,1,0,13
153,162.70041362213277,94.06351529785783,0.4986,global,-3.699586066405332,0.2912728224797739,0.0004107098541695761,0.27078729078220615,0.050008492601490456,0.33333631766276295,0.6931481805599428,"{""kernels.0.base_kernel.kernels.0"": [0.3333330053561251, 0.3333282727516672, 0.3333286827657516, 0.333327669370004, 0.33333141794630106, 0.33333835074568, 0.33333304600493097, 0.33334213918479455, 0.3333312328343248, 0.33333204491071955, 0.33333170918978927, 0.3333324464177529, 0.33332814906543823, 0.33336207887037683, 0.33333179812621194, 0.3333439346111209, 0.333332112134261, 0.3333342845798459], ""kernels.0.base_kernel.kernels.1.base_kernel"": [0.6931481805599428, 0.6931481805599428, 0.6931481805599428], ""kernels.1.base_kernel.kernels.0"": [0.05028601026462869, 0.5028759135257515, 0.3786740851833329, 0.6750974286149878, 0.4790777194614933, 0.5395227515588168, 0.33953845391800486, 0.656469176943595, 0.11997481764075821, 0.17120346155516383, 0.2971755174822358, 0.5337514891498656, 0.15044453147207845, 0.635701235583105, 0.423556271792655, 0.5505489057118417, 0.1234696030011463, 0.050008492601490456], ""kernels.1.base_kernel.kernels.1"": [0.6931481805599428, 0.6931481805599428, 0.6931481805599428]}","{""kernels.0"": 9.819535487462952e-06, ""kernels.0.base_kernel.kernels.1"": 0.005887698895780854, ""kernels.1"": 0.8064643539153502}",10,5,30,1,1,14
154,131.4150396031609,94.06351529785783,0.4992,global,-3.469938573802379,0.280803041039625,0.00041465151689438893,0.2718468242259408,0.05000849511156232,0.33333614380561005,0.6931481805599428,"{""kernels.0.base_kernel.kernels.0"": [0.3333329935296919, 0.3333270682614545, 0.33332881297276673, 0.3333274099436153, 0.3333316073986323, 0.33333805095835295, 0.3333333837095823, 0.333342295780659, 0.33333130730346827, 0.3333320713145953, 0.33333150621836977, 0.3333320912096099, 0.3333285712246983, 0.33336212449194547, 0.33333215010234923, 0.33334396137109185, 0.3333319429917162, 0.3333342366528672], ""kernels.0.base_kernel.kernels.1.base_kernel"": [0.6931481805599428, 0.6931481805599428, 0.6931481805599428], ""kernels.1.base_kernel.kernels.0"": [0.05028166884050731, 0.49081699558850933, 0.37393907694307105, 0.6699823545860167, 0.4827948330958437, 0.5400193106264424, 0.35217383431382226, 0.6587561406261466, 0.12275733072948967, 0.17562920919519812, 0.28636149745971984, 0.5199011663481931, 0.1560201355801734, 0.6424421667848091, 0.43073678876803045, 0.5521196386447238, 0.1190496497907944, 0.05000849511156232], ""kernels.1.base_kernel.kernels.1"": [0.6931481805599428, 0.6931481805599428, 0.6931481805599428]}","{""kernels.0"": 9.819075590953375e-06, ""kernels.0.base_kernel.kernels.1"": 0.005887695842764281, ""kernels.1"": 0.8096429577594672}",10,5,30,1,0,15
155,146.29666883412037,94.06351529785783,0.4972,local,-3.604857522118963,0.2800017003633071,0.0004154404782787321,0.27184682518038655,0.05000849511156319,0.3333361438055863,0.6931481805599428,"{""kernels.0.base_kernel.kernels.0"": [0.33333299352968077, 0.33332706826120573, 0.3333288129728373, 0.33332740994349463, 0.33333160739866946, 0.33333805095831465, 0.33333338370961235, 0.3333422957806407, 0.3333313073034704, 0.3333320713145913, 0.3333315062183757, 0.3333320912096845, 0.333328571224735, 0.3333621244919527, 0.3333321501023998, 0.3333439613710968, 0.33333194299170216, 0.33333423665285794], ""kernels.0.base_kernel.kernels.1.base_kernel"": [0.6931481805599428, 0.6931481805599428, 0.6931481805599428], ""kernels.1.base_kernel.kernels.0"": [0.050281668839056715, 0.49081699167546455, 0.3739390788714319, 0.6699823519315874, 0.48279483341524176, 0.5400193109116953, 0.352173833834344, 0.658756139586898, 0.12275733023415127, 0.17562920865026568, 0.2863614969483821, 0.5199011702364703, 0.15602013534109063, 0.6424421652536871, 0.430736788646966, 0.5521196389438562, 0.11904964938539288, 0.05000849511156319], ""kernels.1.base_kernel.kernels.1"": [0.6931481805599428, 0.6931481805599428, 0.6931481805599428]}","{""kernels.0"": 9.819075590796764e-06, ""kernels.0.base_kernel.kernels.1"": 0.0058876958427632855, ""kernels.1"": 0.8096429606228056}",10,5,30,2,0,16
156,133.30028646321597,94.06351529785783,0.5032,global,-3.676911111244758,0.32726761803717347,0.00041644108185311384,0.27184685277378995,0.05000849511157351,0.33333614380490617,0.6931481805599428,"{""kernels.0.base_kernel.kernels.0"": [0.3333329935294764, 0.3333270682565311, 0.33332881297381867, 0.3333274099418067, 0.3333316073991083, 0.33333805095704705, 0.33333338371013566, 0.3333422957802809, 0.33333130730350313, 0.3333320713145205, 0.3333315062183895, 0.33333209121042334, 0.3333285712250077, 0.3333621244917324, 0.33333215010288225, 0.33334396137126865, 0.33333194299162866, 0.33333423665276524], ""kernels.0.base_kernel.kernels.1.base_kernel"": [0.6931481805599428, 0.6931481805599428, 0.6931481805599428], ""kernels.1.base_kernel.kernels.0"": [0.05028166882184555, 0.49081685499625205, 0.3739390920116491, 0.6699823093457891, 0.4827948400018316, 0.5400192753447348, 0.35217382255468455, 0.6587561193181873, 0.12275732500685349, 0.17562920321025507, 0.28636148671232264, 0.5199012043140641, 0.15602014242454237, 0.6424421433349577, 0.43073678518070935, 0.5521196396887624, 0.1190496453557969, 0.05000849511157351], ""kernels.1.base_kernel.kernels.1"": [0.6931481805599428, 0.6931481805599428, 0.6931481805599428]}","{""kernels.0"": 9.81907558901432e-06, ""kernels.0.base_kernel.kernels.1"": 0.005887695842751664, ""kernels.1"": 0.8096430434030292}",10,5,30,0,0,17
157,153.80457764915053,94.06351529785783,0.4996,global,-3.752090739481482,0.31855425963799283,0.00041731349255819225,0.2718468536687269,0.05000849511157442,0.3333361438048459,0.6931481805599428,"{""kernels.0.base_kernel.kernels.0"": [0.3333329935294581, 0.33332706825613845, 0.33332881297390066, 0.33332740994165866, 0.3333316073991459, 0.33333805095693697, 0.33333338371017934, 0.3333422957802578, 0.3333313073035046, 0.33333207131451537, 0.33333150621838925, 0.33333209121048474, 0.33332857122502385, 0.3333621244917101, 0.3333321501029206, 0.33334396137128314, 0.3333319429916226, 0.33333423665275486], ""kernels.0.base_kernel.kernels.1.base_kernel"": [0.6931481805599428, 0.6931481805599428, 0.6931481805599428], ""kernels.1.base_kernel.kernels.0"": [0.05028166882035846, 0.49081684338878506, 0.3739390928652912, 0.6699823055624126, 0.4827948406727207, 0.5400192721958492, 0.352173821465547, 0.6587561176913801, 0.12275732447032371, 0.1756292027505144, 0.2863614856948879, 0.519901207066512, 0.1560201433445663, 0.6424421411605677, 0.4307367848421945, 0.5521196396828959, 0.11904964506460655, 0.05000849511157442], ""kernels.1.base_kernel.kernels.1"": [0.6931481805599428, 0.6931481805599428, 0.6931481805599428]}","{""kernels.0"": 9.819075588859452e-06, ""kernels.0.base_kernel.kernels.1"": 0.005887695842750668, ""kernels.1"": 0.8096430460878411}",10,5,30,0,0,18
158,257.06447365844633,94.06351529785783,0.5016,global,-3.787728636693176,0.39614126873986194,0.00041857825229337935,0.27216700393726057,0.05000849530004974,0.33333613193317235,0.6931481805599428,"{""kernels.0.base_kernel.kernels.0"": [0.3333329972533828, 0.33332697792925375, 0.3333288249660324, 0.3333273666139686, 0.33333161213811524, 0.3333380288578526, 0.3333333822116772, 0.33334227909646946, 0.33333130454694454, 0.3333320683164177, 0.3333315011892243, 0.33333209198415786, 0.3333285684693538, 0.3333620996358009, 0.33333216074165595, 0.33334395919559634, 0.33333193883304635, 0.3333342350084922], ""kernels.0.base_kernel.kernels.1.base_kernel"": [0.6931481805599428, 0.6931481805599428, 0.6931481805599428], ""kernels.1.base_kernel.kernels.0"": [0.05028136429427273, 0.48816327831479056, 0.3739706325358986, 0.6691084879972136, 0.4828774147090172, 0.5392843628154724, 0.3514783653425384, 0.6582996461679885, 0.12260356275888872, 0.17543173869656042, 0.2860209725976234, 0.5202856036874904, 0.1561045927108196, 0.6423858331502724, 0.43069926127670627, 0.5522288065923269, 0.11899587605814566, 0.05000849530004974], ""kernels.1.base_kernel.kernels.1"": [0.6931481805599428, 0.6931481805599428, 0.6931481805599428]}","{""kernels.0"": 9.819044666447053e-06, ""kernels.0.base_kernel.kernels.1"": 0.00588769563659412, ""kernels.1"": 0.8106034971305212}",10,5,30,1,1,19
159,262.48298523411074,94.06351529785783,0.5002,local,-3.8324921303057886,0.29477937757648737,0.00041939956185255617,0.2721670098443106,0.05000849530005059,0.33333613193309286,0.6931481805599428,"{""kernels.0.base_kernel.kernels.0"": [0.3333329972534179, 0.33332697792860017, 0.33332882496604366, 0.33332736661368784, 0.33333161213810686, 0.33333802885768454, 0.33333338221167436, 0.3333422790963805, 0.33333130454689663, 0.3333320683163478, 0.33333150118919014, 0.33333209198413005, 0.33332856846942976, 0.33336209963550256, 0.333332160741729, 0.3333439591955642, 0.33333193883300755, 0.3333342350085012], ""kernels.0.base_kernel.kernels.1.base_kernel"": [0.6931481805599428, 0.6931481805599428, 0.6931481805599428], ""kernels.1.base_kernel.kernels.0"": [0.050281364292818605, 0.48816325556591394, 0.37397063106728357, 0.669108481974446, 0.48287741436538534, 0.539284356865807, 0.35147836152444967, 0.6582996451521995, 0.12260356025235908, 0.17543173330578588, 0.28602097029597445, 0.5202856059614325, 0.1561045925659697, 0.6423858291528115, 0.4306992610334934, 0.5522288057954314, 0.11899587547573806, 0.05000849530005059], ""kernels.1.base_kernel.kernels.1"": [0.6931481805599428, 0.6931481805599428, 0.6931481805599428]}","{""kernels.0"": 9.819044666304865e-06, ""kernels.0.base_kernel.kernels.1"": 0.005887695636593104, ""kernels.1"": 0.8106035148516724}",10,5,30,2,2,20
160,126.42054221595933,94.06351529785783,0.4988,global,-4.055648251300032,0.15777479230965033,0.0004236529923001314,0.2656582537563978,0.0500084979136936,0.33333577414335275,0.6931481805599428,"{""kernels.0.base_kernel.kernels.0"": [0.33333313815082116, 0.33332484250669386, 0.33332850527676355, 0.3333266904464653, 0.33333149312669685, 0.33333723248995656, 0.3333336436690026, 0.33334219458912623, 0.3333313254012448, 0.33333196276079063, 0.33333117853716265, 0.3333320958686862, 0.3333282659476443, 0.33336107594841774, 0.3333321771053778, 0.3333428788383683, 0.3333317703137367, 0.33333431579674894], ""kernels.0.base_kernel.kernels.1.base_kernel"": [0.6931481805599428, 0.6931481805599428, 0.6931481805599428], ""kernels.1.base_kernel.kernels.0"": [0.0502772273690876, 0.40557617301230053, 0.36056594144769005, 0.6574449529352884, 0.4792402590618216, 0.5057949394437227, 0.3418519336454451, 0.663970552972313, 0.12073590156317311, 0.1625946577643954, 0.2594338569917156, 0.5363577363731775, 0.14594371174378595, 0.6416561521763695, 0.4304775937496396, 0.5112657994785349, 0.11273710486752916, 0.0500084979136936], ""kernels.1.base_kernel.kernels.1"": [0.6931481805599428, 0.6931481805599428, 0.6931481805599428]}","{""kernels.0"": 9.81859431234513e-06, ""kernels.0.base_kernel.kernels.1"": 0.005887692390427258, ""kernels.1"": 0.7910772502844537}",10,5,30,0,1,21
161,217.39437830596071,94.06351529785783,0.4996,global,-3.8039414092093633,0.40151431668826193,0.00042505540480672485,0.2656582672593181,0.0500084979136966,0.3333357741431377,0.6931481805599428,"{""kernels.0.base_kernel.kernels.0"": [0.33333313815083115, 0.3333248425067248, 0.3333285052756932, 0.3333266904465101, 0.3333314931266661, 0.33333723248952896, 0.3333336436689197, 0.3333421945882121, 0.3333313254012141, 0.3333319627608097, 0.3333311785373865, 0.33333209586804996, 0.3333282659475805, 0.3333610759472831, 0.33333217710537966, 0.33334287883744523, 0.33333177031359656, 0.33333431579674644], ""kernels.0.base_kernel.kernels.1.base_kernel"": [0.6931481805599428, 0.6931481805599428, 0.6931481805599428], ""kernels.1.base_kernel.kernels.0"": [0.050277227364933695, 0.4055761664305548, 0.36056592927756725, 0.6574449557832969, 0.4792402548723632, 0.505794932449833, 0.34185193683301884, 0.6639705174257673, 0.1207359035147317, 0.16259466375824416, 0.25943385465905466, 0.5363577152967742, 0.14594371130798278, 0.6416561695610812, 0.4304776005610197, 0.51126579040357, 0.11273710001886737, 0.0500084979136966], ""kernels.1.base_kernel.kernels.1"": [0.6931481805599428, 0.6931481805599428, 0.6931481805599428]}","{""kernels.0"": 9.818594311802377e-06, ""kernels.0.base_kernel.kernels.1"": 0.005887692390423071, ""kernels.1"": 0.7910772907932194}",10,5,30,1,0,22
162,187.3947992049147,94.06351529785783,0.5006,global,-2.992704591317127,0.24704637081190045,0.000426078749032762,0.2656582941636125,0.05000849791369976,0.33333577414286997,0.6931481805599428,"{""kernels.0.base_kernel.kernels.0"": [0.3333331381507994, 0.3333248425061316, 0.3333285052745757, 0.3333266904465709, 0.33333149312660265, 0.3333372324889347, 0.33333364366901574, 0.3333421945867963, 0.3333313254011773, 0.33333196276091576, 0.33333117853759264, 0.3333320958671649, 0.33332826594749315, 0.33336107594614506, 0.3333321771052884, 0.3333428788364511, 0.33333177031346706, 0.33333431579680517], ""kernels.0.base_kernel.kernels.1.base_kernel"": [0.6931481805599428, 0.6931481805599428, 0.6931481805599428], ""kernels.1.base_kernel.kernels.0"": [0.05027722736049659, 0.40557614891253857, 0.36056591378328184, 0.6574449379403564, 0.47924024825578804, 0.5057949011334728, 0.3418519329378845, 0.6639704499674254, 0.12073590511528547, 0.1625946708361598, 0.2594338494280486, 0.5363576864754502, 0.14594371057237804, 0.6416561866150907, 0.430477606975467, 0.5112657777055898, 0.11273709357733061, 0.05000849791369976], ""kernels.1.base_kernel.kernels.1"": [0.6931481805599428, 0.6931481805599428, 0.6931481805599428]}","{""kernels.0"": 9.818594311262307e-06, ""kernels.0.base_kernel.kernels.1"": 0.0058876923904187025, ""kernels.1"": 0.7910773715061075}",10,5,30,1,1,23
163,149.74731515013917,94.06351529785783,0.499,global,-3.44130010009492,0.25270672406440176,0.0004257256133187465,0.2662127289763716,0.05000850125267713,0.33333371349334284,0.6931481805599428,"{""kernels.0.base_kernel.kernels.0"": [0.3333329496942619, 0.3333262713967149, 0.3333275426424693, 0.3333277593616176, 0.3333318589915359, 0.3333357102002273, 0.33333284858345164, 0.33334026883197126, 0.3333311852042484, 0.33333228468843185, 0.33333114580131395, 0.33333191205227625, 0.33332816801376275, 0.3333600945401659, 0.3333321846753037, 0.33334104292740896, 0.3333314757275706, 0.3333344772924237], ""kernels.0.base_kernel.kernels.1.base_kernel"": [0.6931481805599428, 0.6931481805599428, 0.6931481805599428], ""kernels.1.base_kernel.kernels.0"": [0.05027194430836615, 0.46422662149764593, 0.37218339646414045, 0.6589455867810742, 0.46248615019668954, 0.45247151254300566, 0.3083467397127195, 0.5965701001310934, 0.12099087010814585, 0.1782759883660532, 0.23820961073106295, 0.5185551837477189, 0.1451590074304191, 0.6576565835440625, 0.44560545624973363, 0.45873583393647416, 0.09224845090102293, 0.05000850125267713], ""kernels.1.base_kernel.kernels.1"": [0.6931481805599428, 0.6931481805599428, 0.6931481805599428]}","{""kernels.0"": 9.817843622473172e-06, ""kernels.0.base_kernel.kernels.1"": 0.005887687280506107, ""kernels.1"": 0.7927406818049862}",10,5,30,0,0,24
164,165.251961257958,94.06351529785783,0.5002,local,-3.855798588695003,0.21355201686955605,0.0004193030486289674,0.25688376075954733,0.05000850595943966,0.3333340974394695,0.6931481805599428,"{""kernels.0.base_kernel.kernels.0"": [0.33333278757069373, 0.33332766119145585, 0.33332629406822173, 0.33332846321414117, 0.33333221512996436, 0.33333513430175615, 0.33333371360603475, 0.3333404276714752, 0.33333106763939163, 0.3333322839768184, 0.3333314814705779, 0.33333226960972845, 0.33332819533920793, 0.3333600332001427, 0.3333325243753851, 0.33333979066716546, 0.33333135590846724, 0.3333344812729043], ""kernels.0.base_kernel.kernels.1.base_kernel"": [0.6931481805599428, 0.6931481805599428, 0.6931481805599428], ""kernels.1.base_kernel.kernels.0"": [0.050266125947159394, 0.4842746262839177, 0.3703998955175723, 0.6597955476836028, 0.4518076618351591, 0.5085754640844519, 0.30601675794061023, 0.6623598238228969, 0.11566877131041778, 0.1727789429676107, 0.22693583401048928, 0.5483964599315088, 0.11583820550696311, 0.6560895219045887, 0.44860539907875296, 0.4695087882912229, 0.0833226691951251, 0.05000850595943966], ""kernels.1.base_kernel.kernels.1"": [0.6931481805599428, 0.6931481805599428, 0.6931481805599428]}","{""kernels.0"": 9.816840174105152e-06, ""kernels.0.base_kernel.kernels.1"": 0.005887680584224937, ""kernels.1"": 0.764753784854243}",10,5,30,2,1,25
165,133.31406028390404,94.06351529785783,0.4992,global,-4.001635147586171,0.28727155437176954,0.0004202685254608666,0.25428759193424916,0.050008517083636135,0.3333337077113738,0.6931481805599428,"{""kernels.0.base_kernel.kernels.0"": [0.3333327096180213, 0.33332730060751914, 0.3333245940610504, 0.33332715014983405, 0.3333324065020695, 0.333330869132396, 0.3333340564621534, 0.333334003462853, 0.3333308077064338, 0.3333320315256857, 0.3333321246945256, 0.3333262532439426, 0.333329098007094, 0.33336233971831575, 0.3333334119598945, 0.33334019400371684, 0.3333315719194084, 0.3333348708435469], ""kernels.0.base_kernel.kernels.1.base_kernel"": [0.6931481805599428, 0.6931481805599428, 0.6931481805599428], ""kernels.1.base_kernel.kernels.0"": [0.050258632793238035, 0.5239719832093315, 0.37182974555886805, 0.6581515233341199, 0.45303032590749964, 0.4424144516139566, 0.29675082475383396, 0.574130454009062, 0.11751577366665653, 0.18008005069729185, 0.23460259113614967, 0.4577772396012339, 0.11759689045870024, 0.6551954538966102, 0.46780099045703144, 0.4826628252473872, 0.07519455945942168, 0.050008517083636135], ""kernels.1.base_kernel.kernels.1"": [0.6931481805599428, 0.6931481805599428, 0.6931481805599428]}","{""kernels.0"": 9.815225530816714e-06, ""kernels.0.base_kernel.kernels.1"": 0.00588766425827137, ""kernels.1"": 0.7569652963189453}",10,5,30,2,0,26
166,220.42159569731086,94.06351529785783,0.5012,global,-4.059460429024559,0.27325389181091775,0.00042092645304200264,0.2542875936397604,0.05000851708363707,0.33333370771139625,0.6931481805599428,"{""kernels.0.base_kernel.kernels.0"": [0.33333270961802847, 0.33332730060743937, 0.33332459406099385, 0.333327150149807, 0.3333324065020637, 0.3333308691324808, 0.33333405646214637, 0.33333400346289893, 0.3333308077064294, 0.3333320315256628, 0.3333321246944926, 0.33332625324396364, 0.33332909800709654, 0.33336233971832824, 0.3333334119598936, 0.3333401940037424, 0.3333315719194194, 0.33333487084354513], ""kernels.0.base_kernel.kernels.1.base_kernel"": [0.6931481805599428, 0.6931481805599428, 0.6931481805599428], ""kernels.1.base_kernel.kernels.0"": [0.05025863279269492, 0.5239719835878782, 0.371829744270327, 0.6581515240977992, 0.4530303256875644, 0.4424144564349855, 0.2967508253380453, 0.5741304582298841, 0.11751577349978044, 0.1800800499988037, 0.23460259053076116, 0.45777724161844224, 0.11759688996854308, 0.6551954531355917, 0.46780098985540386, 0.48266282497613394, 0.07519455928778015, 0.05000851708363707], ""kernels.1.base_kernel.kernels.1"": [0.6931481805599428, 0.6931481805599428, 0.6931481805599428]}","{""kernels.0"": 9.81522553068037e-06, ""kernels.0.base_kernel.kernels.1"": 0.005887664258270004, ""kernels.1"": 0.7569653014354805}",10,5,30,0,1,27
167,150.93043604140792,94.06351529785783,0.4998,global,-3.9273392660907023,0.2873461642522944,0.00042506631011746094,0.25471842606333467,0.0500085232182912,0.33333321366717106,0.6931481805599428,"{""kernels.0.base_kernel.kernels.0"": [0.3333332642665566, 0.3333269399545965, 0.3333248895422149, 0.33332486577680875, 0.333332089185704, 0.333330123462021, 0.33333316306778554, 0.3333328425033504, 0.3333307877024387, 0.33333200437070865, 0.3333320682526254, 0.33332624174951236, 0.33332984269529486, 0.33336043572694796, 0.33333346013216403, 0.33334000647353773, 0.33333175795682374, 0.33333482584861035], ""kernels.0.base_kernel.kernels.1.base_kernel"": [0.6931481805599428, 0.6931481805599428, 0.6931481805599428], ""kernels.1.base_kernel.kernels.0"": [0.05025538878511887, 0.539197392830095, 0.3652725727828431, 0.6174398483392602, 0.4458107781641031, 0.45392428143005004, 0.24975664320574856, 0.575893845833391, 0.11826673138310936, 0.18788435850607776, 0.24441893089061287, 0.4507264090970193, 0.11417349573119302, 0.6364845439421252, 0.46299824296777675, 0.47597279675017096, 0.07537969786209231, 0.0500085232182912], ""kernels.1.base_kernel.kernels.1"": [0.6931481805599428, 0.6931481805599428, 0.6931481805599428]}","{""kernels.0"": 9.814569290692896e-06, ""kernels.0.base_kernel.kernels.1"": 0.005887655281192534, ""kernels.1"": 0.7582578083395208}",10,5,30,1,0,28
168,133.60254621986866,94.06351529785783,0.5006,global,-4.239426575271333,0.33987129308861913,0.0004258940477085251,0.2547184238716271,0.050008523218292154,0.3333332136672459,0.6931481805599428,"{""kernels.0.base_kernel.kernels.0"": [0.3333332642666387, 0.3333269399545044, 0.3333248895422047, 0.3333248657764681, 0.33333208918566326, 0.33333012346193425, 0.3333331630678531, 0.33333284250329054, 0.33333078770241364, 0.3333320043706691, 0.3333320682525653, 0.3333262417494146, 0.33332984269534865, 0.3333604357266529, 0.3333334601321488, 0.3333400064734956, 0.3333317579568258, 0.3333348258486011], ""kernels.0.base_kernel.kernels.1.base_kernel"": [0.6931481805599428, 0.6931481805599428, 0.6931481805599428], ""kernels.1.base_kernel.kernels.0"": [0.05025538878473617, 0.5391973938896018, 0.365272572792264, 0.6174398497474609, 0.445810777873628, 0.45392428247616695, 0.24975664071843276, 0.5758938455605686, 0.1182667311433364, 0.18788435886501115, 0.24441893057083172, 0.4507264080903903, 0.11417349554043027, 0.6364845426029463, 0.46299824265137324, 0.47597279692267624, 0.07537969779165124, 0.050008523218292154], ""kernels.1.base_kernel.kernels.1"": [0.6931481805599428, 0.6931481805599428, 0.6931481805599428]}","{""kernels.0"": 9.814569290594637e-06, ""kernels.0.base_kernel.kernels.1"": 0.005887655281191111, ""kernels.1"": 0.7582578017643995}",10,5,30,0,0,29
169,175.8232127999707,94.06351529785783,0.4984,local,-4.168402830625973,0.32139693991068596,0.00042655128876684177,0.25471842051854016,0.05000852321829312,0.3333332136673316,0.6931481805599428,"{""kernels.0.base_kernel.kernels.0"": [0.33333326426672566, 0.33332693995438817, 0.3333248895421921, 0.3333248657761045, 0.33333208918562507, 0.33333012346185414, 0.3333331630679376, 0.33333284250321615, 0.3333307877023905, 0.3333320043706373, 0.33333206825249956, 0.33332624174931547, 0.33332984269538213, 0.33336043572633745, 0.33333346013213827, 0.33334000647352874, 0.33333175795682257, 0.3333348258485881], ""kernels.0.base_kernel.kernels.1.base_kernel"": [0.6931481805599428, 0.6931481805599428, 0.6931481805599428], ""kernels.1.base_kernel.kernels.0"": [0.0502553887843942, 0.5391973945545638, 0.3652725730415138, 0.6174398506734093, 0.445810777420359, 0.45392428324350004, 0.24975664022475733, 0.575893844712433, 0.11826673081572264, 0.18788435917797533, 0.24441893025520367, 0.4507264070968221, 0.11417349492872725, 0.6364845409301136, 0.46299824248367294, 0.4759727985637418, 0.0753796977845501, 0.05000852321829312], ""kernels.1.base_kernel.kernels.1"": [0.6931481805599428, 0.6931481805599428, 0.6931481805599428]}","{""kernels.0"": 9.814569290496901e-06, ""kernels.0.base_kernel.kernels.1"": 0.005887655281189682, ""kernels.1"": 0.7582577917051402}",10,5,30,1,0,30
170,158.44269995246347,94.06351529785783,0.4994,global,-4.280779639765129,0.3100117299495296,0.00042757851987963974,0.25224278407279704,0.05000853272542722,0.3333335898784128,0.6931481805599428,"{""kernels.0.base_kernel.kernels.0"": [0.33333399503574956, 0.3333257159689063, 0.33332463888937575, 0.3333219283632958, 0.33333201918966693, 0.33332971764638947, 0.333333681983725, 0.33333253849504346, 0.33333080019460454, 0.3333316793273009, 0.33333167757260984, 0.3333253622143408, 0.3333299470462648, 0.33335760830763944, 0.3333334977731005, 0.33334012326106477, 0.33333162073540645, 0.33333485821187775], ""kernels.0.base_kernel.kernels.1.base_kernel"": [0.6931481805599428, 0.6931481805599428, 0.6931481805599428], ""kernels.1.base_kernel.kernels.0"": [0.0502522559518556, 0.5512738413507506, 0.3691899356961865, 0.6238904313706681, 0.4398609439456493, 0.4590459007526803, 0.24332695312335614, 0.5710491329793089, 0.11596389908697939, 0.19125334651256007, 0.24128306832491542, 0.43946763008802786, 0.11048088241923129, 0.6316800858212863, 0.4653058483751927, 0.48547987853720687, 0.0744815433062114, 0.05000853272542722], ""kernels.1.base_kernel.kernels.1"": [0.6931481805599428, 0.6931481805599428, 0.6931481805599428]}","{""kernels.0"": 9.813655460510893e-06, ""kernels.0.base_kernel.kernels.1"": 0.005887641067461121, ""kernels.1"": 0.7508308974954695}",10,5,30,0,0,31
171,173.20140928445767,94.06351529785783,0.5002,global,-4.287927330463589,0.35495745495850445,0.00042838950358912265,0.2522427843779619,0.05000853272542821,0.33333358987844125,0.6931481805599428,"{""kernels.0.base_kernel.kernels.0"": [0.33333399503576533, 0.3333257159688655, 0.3333246388892543, 0.333321928363187, 0.33333201918967287, 0.33332971764635705, 0.333333681983782, 0.3333325384950333, 0.33333080019461975, 0.3333316793272713, 0.3333316775726021, 0.33332536221430425, 0.3333299470462924, 0.33335760830763295, 0.3333334977731005, 0.3333401232610498, 0.333331620735408, 0.33333485821187225], ""kernels.0.base_kernel.kernels.1.base_kernel"": [0.6931481805599428, 0.6931481805599428, 0.6931481805599428], ""kernels.1.base_kernel.kernels.0"": [0.05025225595157255, 0.5512738401924901, 0.3691899356248005, 0.6238904305407484, 0.4398609444095956, 0.4590459008292291, 0.24332695202683194, 0.5710491333640947, 0.11596389914402326, 0.1912533458895165, 0.2412830673706208, 0.4394676297678415, 0.11048088255998009, 0.6316800858662701, 0.46530584830112043, 0.4854798776759871, 0.07448154314488739, 0.05000853272542821], ""kernels.1.base_kernel.kernels.1"": [0.6931481805599428, 0.6931481805599428, 0.6931481805599428]}","{""kernels.0"": 9.813655460421151e-06, ""kernels.0.base_kernel.kernels.1"": 0.005887641067459645, ""kernels.1"": 0.7508308984109656}",10,5,30,1,0,32
172,508.0901362908615,94.06351529785783,0.5038,global,-4.272029211799586,0.2907048631120115,0.0004293552287129341,0.2522427851830354,0.0500085327254292,0.33333358987847517,0.6931481805599428,"{""kernels.0.base_kernel.kernels.0"": [0.3333339950357815, 0.3333257159687673, 0.33332463888908676, 0.333321928363039, 0.33333201918966915, 0.33332971764630387, 0.33333368198385516, 0.33333253849500355, 0.33333080019464617, 0.3333316793272399, 0.33333167757258564, 0.3333253622142421, 0.3333299470463262, 0.33335760830761435, 0.33333349777309523, 0.33334012326103923, 0.3333316207354019, 0.3333348582118598], ""kernels.0.base_kernel.kernels.1.base_kernel"": [0.6931481805599428, 0.6931481805599428, 0.6931481805599428], ""kernels.1.base_kernel.kernels.0"": [0.050252255951277164, 0.5512738370065906, 0.3691899349139624, 0.6238904288600318, 0.43986094483429833, 0.45904589974446974, 0.2433269504236204, 0.571049133267761, 0.11596389936433231, 0.19125334509237465, 0.24128306602458718, 0.43946762894430336, 0.11048088284679192, 0.6316800854646909, 0.4653058481015251, 0.4854798769533177, 0.07448154292759743, 0.0500085327254292], ""kernels.1.base_kernel.kernels.1"": [0.6931481805599428, 0.6931481805599428, 0.6931481805599428]}","{""kernels.0"": 9.81365546033085e-06, ""kernels.0.base_kernel.kernels.1"": 0.005887641067458169, ""kernels.1"": 0.7508309008261876}",10,5,30,1,0,33
173,119.05917022281119,94.06351529785783,0.4998,global,-3.036482311043886,0.3033251245895408,0.00045252841697263,0.2645612778638066,0.05000855441097565,0.33333248184353315,0.6931481805599428,"{""kernels.0.base_kernel.kernels.0"": [0.33333264215556857, 0.3333258285000419, 0.33332244743714234, 0.3333262135347458, 0.3333311599662666, 0.33333390010495706, 0.3333339599382901, 0.33333055942482803, 0.3333318595451835, 0.33333190965326925, 0.33333278874365607, 0.3333257256936464, 0.33333203840711406, 0.33335586727569716, 0.33333339679889024, 0.3333322862485572, 0.3333323215314978, 0.3333347185810203], ""kernels.0.base_kernel.kernels.1.base_kernel"": [0.6931481805599428, 0.6931481805599428, 0.6931481805599428], ""kernels.1.base_kernel.kernels.0"": [0.0502468504712698, 0.5071866247833388, 0.33138040521224194, 0.5923537323102248, 0.4042884761588712, 0.4786473271063997, 0.2833418766759166, 0.5733582619642267, 0.10943538217013776, 0.18473620374721422, 0.2650142111991475, 0.4637851821029477, 0.13307221421652524, 0.5865806529817026, 0.45100722351202216, 0.20419979364095947, 0.0974600772445495, 0.05000855441097565], ""kernels.1.base_kernel.kernels.1"": [0.6931481805599428, 0.6931481805599428, 0.6931481805599428]}","{""kernels.0"": 9.812194302116646e-06, ""kernels.0.base_kernel.kernels.1"": 0.005887611437107133, ""kernels.1"": 0.7877864099600106}",10,5,30,0,0,34
174,104.15889342858176,94.06351529785783,0.5016,global,-3.6625453725948196,0.15449048537769797,0.00045438822208597587,0.2635449701989189,0.05000855486817221,0.3333325018015671,0.6931481805599428,"{""kernels.0.base_kernel.kernels.0"": [0.33333266198532063, 0.3333259064748419, 0.33332253633187436, 0.333326179047643, 0.33333115680463815, 0.33333383151513823, 0.33333390590922196, 0.3333305386366429, 0.3333318482413286, 0.3333319311113907, 0.33333278644440834, 0.33332574034989154, 0.33333199510804395, 0.3333557987776866, 0.33333337802284985, 0.33333234161781355, 0.33333229068535714, 0.3333347164739964], ""kernels.0.base_kernel.kernels.1.base_kernel"": [0.6931481805599428, 0.6931481805599428, 0.6931481805599428], ""kernels.1.base_kernel.kernels.0"": [0.05024657489919495, 0.5065740200673907, 0.3309484772394711, 0.5950333213442939, 0.40459650823721255, 0.4785408368653929, 0.28388890144211754, 0.5668241184568488, 0.1096114371568164, 0.1848575236588165, 0.26569358076381167, 0.460642620244269, 0.1338380166809241, 0.5921423246311648, 0.4505660099916409, 0.20552100569928, 0.0976141866052578, 0.05000855486817221], ""kernels.1.base_kernel.kernels.1"": [0.6931481805599428, 0.6931481805599428, 0.6931481805599428]}","{""kernels.0"": 9.812152511467146e-06, ""kernels.0.base_kernel.kernels.1"": 0.005887610813944481, ""kernels.1"": 0.7847374876303009}",10,5,30,1,0,35
175,172.4392317666622,94.06351529785783,0.4978,global,-3.9041211120990846,0.3235949812137927,0.0004534259446646551,0.26379808310952235,0.05000855528437654,0.33333253184724587,0.6931481805599428,"{""kernels.0.base_kernel.kernels.0"": [0.3333326805550778, 0.3333259584843618, 0.3333226064002804, 0.3333261254179063, 0.3333311487024187, 0.3333337730373556, 0.3333338537031479, 0.3333305103618792, 0.3333318369565438, 0.3333319481096615, 0.3333327808311737, 0.3333257507302818, 0.3333319610215024, 0.3333559175916371, 0.3333333599076878, 0.3333323831394139, 0.3333322633834916, 0.33333471985948865], ""kernels.0.base_kernel.kernels.1.base_kernel"": [0.6931481805599428, 0.6931481805599428, 0.6931481805599428], ""kernels.1.base_kernel.kernels.0"": [0.050246319168748145, 0.5054988970291627, 0.33045292360528483, 0.5968477507364951, 0.40475406681237935, 0.47841492884260994, 0.28388457026951797, 0.5614089698556253, 0.1097068426062622, 0.1848075360243904, 0.26610118415200257, 0.4581919377021658, 0.1344508563446186, 0.6028615884548303, 0.45010101773035444, 0.20774094508687163, 0.09773655183309686, 0.05000855528437654], ""kernels.1.base_kernel.kernels.1"": [0.6931481805599428, 0.6931481805599428, 0.6931481805599428]}","{""kernels.0"": 9.812113590119473e-06, ""kernels.0.base_kernel.kernels.1"": 0.005887610247282103, ""kernels.1"": 0.7854968269676949}",10,5,30,0,0,36
176,109.33336532730623,94.06351529785783,0.5034,global,-3.5951017584993976,0.24644991010696538,0.0004545264014379621,0.2637980879011733,0.05000855528437762,0.33333253184732137,0.6931481805599428,"{""kernels.0.base_kernel.kernels.0"": [0.33333268055513243, 0.3333259584845281, 0.3333226064005001, 0.33332612541776, 0.3333311487023586, 0.3333337730371691, 0.3333338537031016, 0.333330510361823, 0.3333318369565001, 0.33333194810967, 0.3333327808311572, 0.33332575073033227, 0.3333319610213498, 0.33335591759189304, 0.33333335990761037, 0.3333323831395103, 0.333332263383429, 0.3333347198594706], ""kernels.0.base_kernel.kernels.1.base_kernel"": [0.6931481805599428, 0.6931481805599428, 0.6931481805599428], ""kernels.1.base_kernel.kernels.0"": [0.05024631916800999, 0.5054988950454091, 0.3304529231357581, 0.5968477542670549, 0.4047540661655155, 0.478414927034878, 0.2838845681074508, 0.5614089551953789, 0.10970684231636138, 0.18480753500042496, 0.2661011851116686, 0.458191931508029, 0.13445085696473213, 0.6028616128007189, 0.4501010163419168, 0.20774095012974791, 0.09773655175091568, 0.05000855528437762], ""kernels.1.base_kernel.kernels.1"": [0.6931481805599428, 0.6931481805599428, 0.6931481805599428]}","{""kernels.0"": 9.81211359000815e-06, ""kernels.0.base_kernel.kernels.1"": 0.005887610247280591, ""kernels.1"": 0.7854968413426493}",10,5,30,1,1,37
177,126.52116386556219,94.06351529785783,0.5036,local,-3.7003029688371543,0.2603984463342011,0.00045139830516530567,0.2657186816113037,0.05000856131868637,0.33333281527486647,0.6931481805599428,"{""kernels.0.base_kernel.kernels.0"": [0.3333329655128553, 0.33332685881134594, 0.333323512433377, 0.33332539594427685, 0.33333089143560884, 0.33333310793209764, 0.33333381551206037, 0.33333049834525774, 0.33333171913745, 0.333332068137493, 0.33333266503687764, 0.3333263407116501, 0.33333137767914517, 0.33335757740474287, 0.3333330564938349, 0.3333326283441116, 0.33333200376819794, 0.3333347237152304], ""kernels.0.base_kernel.kernels.1.base_kernel"": [0.6931481805599428, 0.6931481805599428, 0.6931481805599428], ""kernels.1.base_kernel.kernels.0"": [0.050242319581134204, 0.5026340188486678, 0.3355274675255836, 0.6095757998286804, 0.40323978245325365, 0.47514684312981165, 0.27307750239044704, 0.5175188429683253, 0.11178507503097147, 0.1822534590076165, 0.27111679240611825, 0.44836619133191424, 0.13896718900765626, 0.6698137070239484, 0.44633336862958245, 0.22385155283752206, 0.09779019093753166, 0.05000856131868637], ""kernels.1.base_kernel.kernels.1"": [0.6931481805599428, 0.6931481805599428, 0.6931481805599428]}","{""kernels.0"": 9.811503011861054e-06, ""kernels.0.base_kernel.kernels.1"": 0.005887601994623031, ""kernels.1"": 0.7912586313362763}",10,5,30,2,1,38
178,122.478451969221,94.06351529785783,0.496,global,-3.8800101014739683,0.27927331913658865,0.0004518305032929604,0.2657186654538504,0.05000856131869846,0.3333328152747934,0.6931481805599428,"{""kernels.0.base_kernel.kernels.0"": [0.333332965513166, 0.33332685881206914, 0.3333235124339148, 0.3333253959437075, 0.3333308914355593, 0.3333331079317922, 0.3333338155126975, 0.3333304983457016, 0.33333171913730114, 0.3333320681378271, 0.3333326650364208, 0.33332634071247264, 0.3333313776783933, 0.33335757740711636, 0.3333330564933754, 0.3333326283441456, 0.33333200376798394, 0.33333472371512857], ""kernels.0.base_kernel.kernels.1.base_kernel"": [0.6931481805599428, 0.6931481805599428, 0.6931481805599428], ""kernels.1.base_kernel.kernels.0"": [0.050242319573020375, 0.5026340163990365, 0.33552746501574515, 0.6095758130304029, 0.4032397936029478, 0.47514686152992214, 0.2730775007756833, 0.5175188325535732, 0.1117850779928963, 0.18225346156965638, 0.2711167891632628, 0.44836619092968455, 0.1389671949316444, 0.669813685577251, 0.4463333664383085, 0.22385155836394072, 0.09779019433084014, 0.05000856131869846], ""kernels.1.base_kernel.kernels.1"": [0.6931481805599428, 0.6931481805599428, 0.6931481805599428]}","{""kernels.0"": 9.811503010573723e-06, ""kernels.0.base_kernel.kernels.1"": 0.005887601994606623, ""kernels.1"": 0.791258582863934}",10,5,30,0,0,39
179,105.09124130527056,94.06351529785783,0.5008,local,-3.7968856017495503,0.25780365153914553,0.0004522737214116364,0.2657186168146381,0.05000856131871071,0.3333328152747347,0.6931481805599428,"{""kernels.0.base_kernel.kernels.0"": [0.33333296551347674, 0.3333268588129099, 0.33332351243428815, 0.3333253959432192, 0.3333308914361441, 0.3333331079315259, 0.3333338155133894, 0.3333304983461194, 0.33333171913713927, 0.3333320681382893, 0.3333326650359927, 0.3333263407132325, 0.33333137767758136, 0.3333575774094771, 0.33333305649286893, 0.33333262834427885, 0.3333320037677698, 0.333334723714985], ""kernels.0.base_kernel.kernels.1.base_kernel"": [0.6931481805599428, 0.6931481805599428, 0.6931481805599428], ""kernels.1.base_kernel.kernels.0"": [0.0502423195649029, 0.5026340187173958, 0.3355274604671422, 0.6095758271635217, 0.4032398330199527, 0.4751468806626069, 0.2730775096145962, 0.5175188191812052, 0.11178508227226366, 0.18225347362090039, 0.27111679331754657, 0.44836619086513, 0.1389672038982835, 0.6698136657124121, 0.44633336383531214, 0.22385156694903008, 0.09779019906011333, 0.05000856131871071], ""kernels.1.base_kernel.kernels.1"": [0.6931481805599428, 0.6931481805599428, 0.6931481805599428]}","{""kernels.0"": 9.811503009256744e-06, ""kernels.0.base_kernel.kernels.1"": 0.005887601994590209, ""kernels.1"": 0.7912584369463148}",10,5,30,1,0,40
180,109.26378961455558,94.06351529785783,0.5008,local,-3.681730650932738,0.20749831744211408,0.00045269523999496604,0.2657184702697864,0.05000856131873077,0.3333328152746642,0.6931481805599428,"{""kernels.0.base_kernel.kernels.0"": [0.333332965513981, 0.33332685881525836, 0.3333235124340423, 0.3333253959433123, 0.3333308914374915, 0.3333331079308025, 0.3333338155144871, 0.3333304983469409, 0.3333317191367068, 0.3333320681390919, 0.33333266503534736, 0.33332634071517053, 0.33333137767588683, 0.3333575774139535, 0.33333305649209666, 0.3333326283453689, 0.33333200376746125, 0.33333472371466616], ""kernels.0.base_kernel.kernels.1.base_kernel"": [0.6931481805599428, 0.6931481805599428, 0.6931481805599428], ""kernels.1.base_kernel.kernels.0"": [0.05024231955211237, 0.5026340430570686, 0.33552747898632923, 0.609575856166698, 0.40323991304306167, 0.47514690880700566, 0.27307750721953783, 0.5175187930986305, 0.1117850901611744, 0.1822534951705087, 0.2711167961462496, 0.4483661957882321, 0.1389672321325158, 0.6698137038594001, 0.44633339129756633, 0.22385161773355547, 0.0977902062995087, 0.05000856131873077], ""kernels.1.base_kernel.kernels.1"": [0.6931481805599428, 0.6931481805599428, 0.6931481805599428]}","{""kernels.0"": 9.811503007052719e-06, ""kernels.0.base_kernel.kernels.1"": 0.0058876019945640345, ""kernels.1"": 0.7912579973117881}",10,5,30,6,0,41
181,127.30943247034841,94.06351529785783,0.4944,global,-3.7412253564915314,0.22965196665086082,0.00045189089748852944,0.26405387547118925,0.05000856146518443,0.3333328146842498,0.6931481805599428,"{""kernels.0.base_kernel.kernels.0"": [0.33333296902692383, 0.33332687897587837, 0.3333235108980238, 0.33332540193384996, 0.3333309017711363, 0.333333102448617, 0.3333338283276713, 0.33333050527511826, 0.33333171598001965, 0.3333320743349231, 0.33333266034157577, 0.33332635596218496, 0.3333313651293105, 0.3333576092940262, 0.3333330513663795, 0.33333263713229055, 0.3333320017512203, 0.3333347210208894], ""kernels.0.base_kernel.kernels.1.base_kernel"": [0.6931481805599428, 0.6931481805599428, 0.6931481805599428], ""kernels.1.base_kernel.kernels.0"": [0.05024222849608616, 0.5029853367667573, 0.33569790955837714, 0.6100230945453508, 0.40384898203326847, 0.47534435366954003, 0.27347756378884275, 0.5173742008079683, 0.11185019037302639, 0.18245896960731375, 0.2711371374646856, 0.44849638054724184, 0.1392247471737463, 0.6701190638102197, 0.4465679503616868, 0.2242935063039057, 0.09786355584485294, 0.05000856146518443], ""kernels.1.base_kernel.kernels.1"": [0.6931481805599428, 0.6931481805599428, 0.6931481805599428]}","{""kernels.0"": 9.811486728836051e-06, ""kernels.0.base_kernel.kernels.1"": 0.005887601808754473, ""kernels.1"": 0.7862642131180845}",10,5,30,1,0,42
182,121.11305728353511,94.06351529785783,0.4964,global,-3.651278152121705,0.19990674517293544,0.0004524262880256562,0.264053870259466,0.050008561465187874,0.333332814684141,0.6931481805599428,"{""kernels.0.base_kernel.kernels.0"": [0.3333329690269967, 0.3333268789761946, 0.33332351089794965, 0.33332540193376636, 0.33333090177137115, 0.3333331024484669, 0.3333338283280953, 0.33333050527514246, 0.33333171597993816, 0.3333320743350024, 0.3333326603412853, 0.3333263559625291, 0.33333136512895917, 0.33335760929491226, 0.33333305136618674, 0.33333263713241973, 0.3333320017511562, 0.3333347210208852], ""kernels.0.base_kernel.kernels.1.base_kernel"": [0.6931481805599428, 0.6931481805599428, 0.6931481805599428], ""kernels.1.base_kernel.kernels.0"": [0.05024222849386781, 0.5029853398968652, 0.33569791121612397, 0.6100231009508966, 0.40384899539717034, 0.4753443573183891, 0.27347757062276246, 0.5173741942167467, 0.11185019137087972, 0.18245897233473451, 0.27113713847285903, 0.44849638065217506, 0.13922475198616396, 0.6701190690112855, 0.44656795546073097, 0.22429351497927752, 0.09786355716301334, 0.050008561465187874], ""kernels.1.base_kernel.kernels.1"": [0.6931481805599428, 0.6931481805599428, 0.6931481805599428]}","{""kernels.0"": 9.811486728479235e-06, ""kernels.0.base_kernel.kernels.1"": 0.005887601808749985, ""kernels.1"": 0.7862641974829194}",10,5,30,1,0,43
183,160.2692450695085,94.06351529785783,0.4974,global,-4.032524620571623,0.3134334434532164,0.00045287856331087037,0.26405383499798,0.05000856146520044,0.3333328146836828,0.6931481805599428,"{""kernels.0.base_kernel.kernels.0"": [0.33333296902727616, 0.3333268789786753, 0.33332351089838563, 0.3333254019336853, 0.3333309017718124, 0.3333331024477358, 0.33333382832948716, 0.3333305052744323, 0.33333171597971084, 0.33333207433527917, 0.33333266034008946, 0.3333263559626259, 0.33333136512795386, 0.33335760929838293, 0.3333330513656071, 0.33333263713323175, 0.33333200175094985, 0.33333472102081474], ""kernels.0.base_kernel.kernels.1.base_kernel"": [0.6931481805599428, 0.6931481805599428, 0.6931481805599428], ""kernels.1.base_kernel.kernels.0"": [0.05024222848569527, 0.5029853673629299, 0.33569792548113314, 0.6100231255472817, 0.40384905620757494, 0.475344381894283, 0.2734775948284694, 0.5173741695758918, 0.11185019594077986, 0.18245897866081898, 0.2711371320789157, 0.4484963794465408, 0.13922477149478418, 0.6701190974859625, 0.44656797571771745, 0.22429356042421136, 0.0978635629579566, 0.05000856146520044], ""kernels.1.base_kernel.kernels.1"": [0.6931481805599428, 0.6931481805599428, 0.6931481805599428]}","{""kernels.0"": 9.811486727167905e-06, ""kernels.0.base_kernel.kernels.1"": 0.005887601808733456, ""kernels.1"": 0.7862640916984793}",10,5,30,0,0,44
184,159.12080312948595,94.06351529785783,0.4996,local,-3.592267697520808,0.22476772881508167,0.00045396178590216275,0.26405383303467594,0.05000856146520157,0.33333281468362747,0.6931481805599428,"{""kernels.0.base_kernel.kernels.0"": [0.33333296902729975, 0.33332687897877195, 0.33332351089837714, 0.33332540193362425, 0.33333090177188207, 0.3333331024476419, 0.3333338283296072, 0.33333050527434394, 0.33333171597970307, 0.3333320743353277, 0.3333326603399552, 0.3333263559625978, 0.33333136512787537, 0.33335760929871217, 0.3333330513655591, 0.33333263713334554, 0.33333200175092664, 0.3333347210208064], ""kernels.0.base_kernel.kernels.1.base_kernel"": [0.6931481805599428, 0.6931481805599428, 0.6931481805599428], ""kernels.1.base_kernel.kernels.0"": [0.050242228484949684, 0.5029853686860802, 0.3356979264875263, 0.6100231268898509, 0.4038490613577021, 0.4753443829786974, 0.2734775971130299, 0.5173741666499749, 0.11185019614024133, 0.1824589788070473, 0.27113713111722404, 0.4484963789307929, 0.13922477236135694, 0.6701190998423444, 0.44656797745445326, 0.22429356534004546, 0.09786356345032443, 0.05000856146520157], ""kernels.1.base_kernel.kernels.1"": [0.6931481805599428, 0.6931481805599428, 0.6931481805599428]}","{""kernels.0"": 9.811486727048937e-06, ""kernels.0.base_kernel.kernels.1"": 0.00588760180873195, ""kernels.1"": 0.7862640858085689}",10,5,30,2,0,45
185,146.534108217036,94.06351529785783,0.5048,global,-3.5975519331338064,0.21719260783660066,0.00045567622687825524,0.26405387988076084,0.05000856146520548,0.33333281468339115,0.6931481805599428,"{""kernels.0.base_kernel.kernels.0"": [0.3333329690273835, 0.3333268789784998, 0.33332351089773055, 0.33332540193308474, 0.3333309017716777, 0.333333102447338, 0.33333382833008174, 0.3333305052736723, 0.3333317159795538, 0.3333320743356399, 0.33333266033939885, 0.3333263559621583, 0.3333313651275432, 0.33335760930008856, 0.33333305136531993, 0.3333326371335187, 0.33333200175089184, 0.3333347210207956], ""kernels.0.base_kernel.kernels.1.base_kernel"": [0.6931481805599428, 0.6931481805599428, 0.6931481805599428], ""kernels.1.base_kernel.kernels.0"": [0.050242228482123855, 0.5029853706964269, 0.3356979249483843, 0.6100231301322919, 0.4038490451544078, 0.4753443813340876, 0.273477606222437, 0.5173741309894326, 0.11185019195828869, 0.1824589653979366, 0.2711371121781595, 0.44849636142720595, 0.13922477155594376, 0.6701191119307082, 0.446567965840924, 0.22429359202842858, 0.0978635657870692, 0.05000856146520548], ""kernels.1.base_kernel.kernels.1"": [0.6931481805599428, 0.6931481805599428, 0.6931481805599428]}","{""kernels.0"": 9.811486726672096e-06, ""kernels.0.base_kernel.kernels.1"": 0.0058876018087266, ""kernels.1"": 0.7862642263468294}",10,5,30,2,0,46
186,118.03559625353832,94.06351529785783,0.503,global,-3.602643812174733,0.21151993667395008,0.0004573823152871249,0.26729317886531084,0.05000856161885793,0.3333328063405516,0.6931481805599428,"{""kernels.0.base_kernel.kernels.0"": [0.33333297281919566, 0.3333268592814084, 0.33332346553224196, 0.3333253694628988, 0.3333308948426404, 0.3333330444945817, 0.33333385953018735, 0.33333046329450017, 0.3333317141771628, 0.3333320758275335, 0.33333263986190764, 0.33332633150971347, 0.3333313560240245, 0.333357660299363, 0.33333303359121497, 0.33333263850146005, 0.3333320007257563, 0.33333472114585677], ""kernels.0.base_kernel.kernels.1.base_kernel"": [0.6931481805599428, 0.6931481805599428, 0.6931481805599428], ""kernels.1.base_kernel.kernels.0"": [0.050242116295757866, 0.5031419207218945, 0.3353714806887138, 0.6098871342495475, 0.40287967516750267, 0.47360561531831374, 0.27360204447365444, 0.5154771239468092, 0.11170228731966278, 0.18139104322604846, 0.27027338262043504, 0.44773710784181825, 0.13910482084440376, 0.6704410564069423, 0.4457002986191486, 0.2246960277389666, 0.09795586947164378, 0.05000856161885793], ""kernels.1.base_kernel.kernels.1"": [0.6931481805599428, 0.6931481805599428, 0.6931481805599428]}","{""kernels.0"": 9.811473636847234e-06, ""kernels.0.base_kernel.kernels.1"": 0.0058876015983389115, ""kernels.1"": 0.7959821235239567}",10,5,30,1,0,47
187,135.28863078126147,94.06351529785783,0.4994,local,-3.8017371521506247,0.24397917410816106,0.00045539013710029836,0.2732200900361656,0.050008577940049245,0.3333323673915616,0.6931481805599428,"{""kernels.0.base_kernel.kernels.0"": [0.3333332625808941, 0.33332714347229636, 0.33332166094783033, 0.3333254067171024, 0.33333081356558825, 0.333331159703387, 0.33333547569605837, 0.3333290621393757, 0.3333317445944816, 0.3333330561543422, 0.333332240835492, 0.33332675556598285, 0.33333103165119754, 0.33336152262709773, 0.3333323383525893, 0.3333323964305338, 0.33333185533492554, 0.3333347871648938], ""kernels.0.base_kernel.kernels.1.base_kernel"": [0.6931481805599428, 0.6931481805599428, 0.6931481805599428], ""kernels.1.base_kernel.kernels.0"": [0.05023032065311734, 0.5125252788898773, 0.3515960269152674, 0.6225884286385872, 0.3914258239711915, 0.4542735186354493, 0.3135194487852999, 0.4588276109163473, 0.11363380202222706, 0.1621840405548609, 0.2657201065394328, 0.4588272229324027, 0.15293598701035388, 0.673292842932845, 0.4347711024696864, 0.23066731538161958, 0.11072939584080799, 0.050008577940049245], ""kernels.1.base_kernel.kernels.1"": [0.6931481805599428, 0.6931481805599428, 0.6931481805599428]}","{""kernels.0"": 9.80977377128267e-06, ""kernels.0.base_kernel.kernels.1"": 0.005887579162855957, ""kernels.1"": 0.8137628811718696}",10,5,30,1,0,48
188,458.2927091941815,94.06351529785783,0.497,global,-3.8831639920416237,0.23317294052770346,0.00045615882881565973,0.2732200897670021,0.05000857794005032,0.3333323673915875,0.6931481805599428,"{""kernels.0.base_kernel.kernels.0"": [0.33333326258090684, 0.33332714347218284, 0.3333216609479932, 0.3333254067169519, 0.3333308135655846, 0.33333115970336175, 0.3333354756959665, 0.33332906213939406, 0.3333317445944557, 0.33333305615434133, 0.3333322408354798, 0.3333267555660551, 0.33333103165122097, 0.33336152262689706, 0.33333233835260023, 0.3333323964305748, 0.33333185533492943, 0.3333347871648866], ""kernels.0.base_kernel.kernels.1.base_kernel"": [0.6931481805599428, 0.6931481805599428, 0.6931481805599428], ""kernels.1.base_kernel.kernels.0"": [0.050230320652177154, 0.5125252759033988, 0.35159602339513857, 0.6225884243464056, 0.3914258255004107, 0.45427351667880556, 0.3135194466832393, 0.4588276109747549, 0.11363380139713278, 0.16218403979812818, 0.26572010575293004, 0.4588272199788678, 0.15293598839013797, 0.6732928437713793, 0.4347711028089965, 0.23066731511757693, 0.11072939570382861, 0.05000857794005032], ""kernels.1.base_kernel.kernels.1"": [0.6931481805599428, 0.6931481805599428, 0.6931481805599428]}","{""kernels.0"": 9.809773771170364e-06, ""kernels.0.base_kernel.kernels.1"": 0.005887579162854512, ""kernels.1"": 0.8137628803643805}",10,5,30,1,0,49
189,178.44940096794144,94.06351529785783,0.5004,global,-3.766750538294187,0.36077715033752344,0.00044737611105964047,0.29750309261178365,0.0500086001485532,0.3333337797068496,0.7071511495056536,"{""kernels.0.base_kernel.kernels.0"": [0.333333007408642, 0.33332729577144926, 0.3333275209397655, 0.33333366338067927, 0.33333490994408366, 0.33333379150357006, 0.3333312499947693, 0.33332920797460347, 0.33333194431450575, 0.33333318639410603, 0.33333439942036924, 0.33333640963469297, 0.3333297557529981, 0.3333608764670539, 0.3333324362113721, 0.3333337679101291, 0.333332559081146, 0.333334350736679], ""kernels.0.base_kernel.kernels.1.base_kernel"": [0.6931481805599428, 0.6931481805599428, 0.6931481805599428], ""kernels.1.base_kernel.kernels.0"": [0.05020678772876758, 0.5945398707451692, 0.4326533935598682, 0.6936334228594788, 0.47862914256984274, 0.6011937411680963, 0.3013537651174104, 0.35449566363536333, 0.1289663233308635, 0.07670758984515734, 0.2409129953108168, 0.4574620980176636, 0.29068327286741125, 0.7071511495056536, 0.42353622572699506, 0.2651717379354386, 0.12285400460128605, 0.0500086001485532], ""kernels.1.base_kernel.kernels.1"": [0.6931481805599428, 0.6931481805599428, 0.6931481805599428]}","{""kernels.0"": 9.80617756770279e-06, ""kernels.0.base_kernel.kernels.1"": 0.005887547076532862, ""kernels.1"": 0.8866119245812504}",10,5,30,2,0,50
190,130.00590019239684,94.06351529785783,0.497,global,-1.9518390848211848,0.19569186511801528,0.0004482421909414152,0.2975030831110836,0.05000860014855446,0.33333377970683353,0.7071511447506689,"{""kernels.0.base_kernel.kernels.0"": [0.33333300740866423, 0.3333272957716311, 0.3333275209396535, 0.3333336633801707, 0.3333349099438759, 0.33333379150342235, 0.3333312499949395, 0.3333292079747213, 0.33333194431443147, 0.3333331863941843, 0.3333343994201167, 0.33333640963448885, 0.3333297557528771, 0.33336087646701607, 0.33333243621130376, 0.33333376791024477, 0.33333255908111786, 0.333334350736701], ""kernels.0.base_kernel.kernels.1.base_kernel"": [0.6931481805599428, 0.6931481805599428, 0.6931481805599428], ""kernels.1.base_kernel.kernels.0"": [0.05020678772729926, 0.59453986802748, 0.43265339592631635, 0.6936334220176589, 0.47862913520675177, 0.601193728765204, 0.30135376661353797, 0.3544956664078949, 0.12896632288256898, 0.07670758982421205, 0.24091299868543284, 0.45746210696298395, 0.290683274192978, 0.7071511447506689, 0.42353622721163886, 0.26517173546695527, 0.12285400416122991, 0.05000860014855446], ""kernels.1.base_kernel.kernels.1"": [0.6931481805599428, 0.6931481805599428, 0.6931481805599428]}","{""kernels.0"": 9.806177567515657e-06, ""kernels.0.base_kernel.kernels.1"": 0.005887547076531429, ""kernels.1"": 0.8866118960791519}",10,5,30,0,1,51
191,143.9627218086224,94.06351529785783,0.4982,global,-4.009497742015131,0.19747849307143572,0.00045211391796899745,0.3020654350097964,0.050008600378166256,0.3333337655333326,0.7063720908540186,"{""kernels.0.base_kernel.kernels.0"": [0.33333301568504314, 0.3333273411025117, 0.3333275186099677, 0.333333602688655, 0.33333486756351854, 0.3333337253418784, 0.33333129056838884, 0.33332919836827185, 0.33333192429000846, 0.33333319714410997, 0.333334321746779, 0.33333633457695927, 0.3333297479533267, 0.33336085996073633, 0.3333324093853087, 0.3333338057247869, 0.33333254352759084, 0.33333434988076593], ""kernels.0.base_kernel.kernels.1.base_kernel"": [0.6931481805599428, 0.6931481805599428, 0.6931481805599428], ""kernels.1.base_kernel.kernels.0"": [0.05020646265541558, 0.5935311390794943, 0.4329776182165774, 0.693396201777491, 0.4785746626387794, 0.5965269406510166, 0.3024926651531628, 0.3517617032276918, 0.12840181500860753, 0.07615704811759832, 0.23946254702060796, 0.4586551968706292, 0.29001928818932, 0.7063720908540186, 0.4223375644992435, 0.2659739949961758, 0.12259958049516137, 0.050008600378166256], ""kernels.1.base_kernel.kernels.1"": [0.6931481805599428, 0.6931481805599428, 0.6931481805599428]}","{""kernels.0"": 9.806139612460936e-06, ""kernels.0.base_kernel.kernels.1"": 0.005887546788025321, ""kernels.1"": 0.9002989521017513}",10,5,30,0,0,52
192,182.002758437081,94.06351529785783,0.4994,global,-3.2766799439041865,0.23229902905727676,0.0004533625645820222,0.30206542920817353,0.05000860037816748,0.3333337655331131,0.7063720852578901,"{""kernels.0.base_kernel.kernels.0"": [0.3333330156851468, 0.33332734110273554, 0.3333275186100458, 0.33333360268799067, 0.3333348675633674, 0.33333372534133865, 0.33333129056849403, 0.3333291983683869, 0.3333319242899329, 0.3333331971441929, 0.33333432174639205, 0.33333633457648576, 0.3333297479533296, 0.33336085996029163, 0.3333324093851776, 0.33333380572488763, 0.33333254352750596, 0.33333434988078825], ""kernels.0.base_kernel.kernels.1.base_kernel"": [0.6931481805599428, 0.6931481805599428, 0.6931481805599428], ""kernels.1.base_kernel.kernels.0"": [0.050206462653817625, 0.5935311387323303, 0.432977624483596, 0.6933962003111132, 0.4785746649603368, 0.5965269129259926, 0.3024926665195736, 0.3517617006797869, 0.12840181392555527, 0.07615704633787189, 0.23946254175945497, 0.45865520311286, 0.29001928427558477, 0.7063720852578901, 0.42233755945104623, 0.2659739969864281, 0.12259958002153551, 0.05000860037816748], ""kernels.1.base_kernel.kernels.1"": [0.6931481805599428, 0.6931481805599428, 0.6931481805599428]}","{""kernels.0"": 9.806139612284706e-06, ""kernels.0.base_kernel.kernels.1"": 0.005887546788023861, ""kernels.1"": 0.9002989346968845}",10,5,30,1,0,53
193,141.7951419853636,94.06351529785783,0.4994,global,-3.373116022542219,0.26794847754328927,0.0004425924751435737,0.29010399377502577,0.050008613331929894,0.3333335479749242,0.727686696546468,"{""kernels.0.base_kernel.kernels.0"": [0.3333333095866048, 0.3333293980520203, 0.3333271384646102, 0.3333331260804604, 0.33333448554003564, 0.333332824764178, 0.33333395525544685, 0.33333080475507887, 0.33333159985679256, 0.33333389443412204, 0.33333209560441124, 0.33333135042345274, 0.3333293841261156, 0.33335754114925814, 0.3333314251388462, 0.3333337863632436, 0.333331728644959, 0.3333341782702808], ""kernels.0.base_kernel.kernels.1.base_kernel"": [0.6931481805599428, 0.6931481805599428, 0.6931481805599428], ""kernels.1.base_kernel.kernels.0"": [0.05018987724497877, 0.6178627784116907, 0.46423016137255585, 0.727686696546468, 0.47518607021572457, 0.577351090555449, 0.22353425799155707, 0.38121101905251714, 0.13015029910904988, 0.0761385285267253, 0.17766639613981844, 0.4723021133157189, 0.2406394736737393, 0.7013876416469345, 0.39358294645231595, 0.2766464100265096, 0.11945716745561838, 0.050008613331929894], ""kernels.1.base_kernel.kernels.1"": [0.6931481805599428, 0.6931481805599428, 0.6931481805599428]}","{""kernels.0"": 9.803924376571113e-06, ""kernels.0.base_kernel.kernels.1"": 0.005887529089060684, ""kernels.1"": 0.86441464831164}",10,5,30,2,0,54
194,161.41679781219926,94.06351529785783,0.5004,global,-3.143464235023335,0.15298343239033138,0.0004433742565946185,0.2901039963787175,0.05000861333193095,0.33333354797481285,0.7276866958789505,"{""kernels.0.base_kernel.kernels.0"": [0.3333333095865946, 0.3333293980520176, 0.3333271384645824, 0.333333126080591, 0.33333448554011236, 0.3333328247642204, 0.33333395525558707, 0.33333080475486293, 0.3333315998567982, 0.3333338944341326, 0.33333209560447824, 0.3333313504232778, 0.33332938412625523, 0.3333575411493246, 0.3333314251388424, 0.3333337863630312, 0.3333317286449525, 0.33333417827027956], ""kernels.0.base_kernel.kernels.1.base_kernel"": [0.6931481805599428, 0.6931481805599428, 0.6931481805599428], ""kernels.1.base_kernel.kernels.0"": [0.05018987724377005, 0.6178627765685096, 0.4642301603337194, 0.7276866958789505, 0.4751860707932663, 0.5773510870514127, 0.22353425821793782, 0.381211015995695, 0.13015029811969941, 0.0761385288767491, 0.17766639366532122, 0.47230210871470213, 0.2406394727532038, 0.7013876443263669, 0.3935829449061775, 0.2766464047385093, 0.1194571673670173, 0.05000861333193095], ""kernels.1.base_kernel.kernels.1"": [0.6931481805599428, 0.6931481805599428, 0.6931481805599428]}","{""kernels.0"": 9.803924376367686e-06, ""kernels.0.base_kernel.kernels.1"": 0.005887529089059089, ""kernels.1"": 0.8644146561227171}",10,5,30,1,1,55
195,117.95307986154921,94.06351529785783,0.4988,global,-2.198246913072092,0.16955666623003923,0.00047814425800947827,0.2705275228786252,0.050008637924342764,0.3333331448748639,0.7194497162718155,"{""kernels.0.base_kernel.kernels.0"": [0.33333330398803085, 0.33333216744907296, 0.33332864527887995, 0.3333285032175001, 0.33333505367143457, 0.33333346664758906, 0.33333298576169684, 0.3333321779955151, 0.3333320469941761, 0.33333292066546766, 0.3333337745318065, 0.33333000991342465, 0.3333328139391846, 0.33335168568673723, 0.33333153860053805, 0.33333353780909275, 0.33333078792782406, 0.333334022625034], ""kernels.0.base_kernel.kernels.1.base_kernel"": [0.6931481805599428, 0.6931481805599428, 0.6931481805599428], ""kernels.1.base_kernel.kernels.0"": [0.05016844301637358, 0.5731747555532151, 0.4155528529071897, 0.7194497162718155, 0.5099559879074531, 0.41504490655590054, 0.36123407239720406, 0.2537395045402727, 0.1137619350068321, 0.14497132019740847, 0.12163699499756007, 0.43723090841162565, 0.13039284066638168, 0.6946903269587618, 0.2308034308684803, 0.27229325691143064, 0.09338436378578355, 0.050008637924342764], ""kernels.1.base_kernel.kernels.1"": [0.6931481805599428, 0.6931481805599428, 0.6931481805599428]}","{""kernels.0"": 9.799320167898709e-06, ""kernels.0.base_kernel.kernels.1"": 0.005887485242902708, ""kernels.1"": 0.805685284072805}",10,5,30,1,0,56
196,148.3756000837262,94.06351529785783,0.498,global,-3.0918879776819095,0.1806929833748383,0.0004734282419860654,0.2705168523653279,0.050008649869605376,0.33333308373415427,0.7148420013913332,"{""kernels.0.base_kernel.kernels.0"": [0.3333332465788291, 0.33332923606861514, 0.33332926016859915, 0.3333340792905812, 0.3333353641146631, 0.3333350085518913, 0.33333292088947947, 0.3333287866483948, 0.33333196028925755, 0.33333245587949334, 0.33333534254012764, 0.333328448372889, 0.3333318272002096, 0.33335684735881876, 0.33333171976456283, 0.3333303689823071, 0.3333315866649578, 0.3333339020818459], ""kernels.0.base_kernel.kernels.1.base_kernel"": [0.6931481805599428, 0.6931481805599428, 0.6931481805599428], ""kernels.1.base_kernel.kernels.0"": [0.050163596807815646, 0.6190940473712954, 0.46704243436839493, 0.7148420013913332, 0.5122336653749252, 0.5515080613555075, 0.34816628910219355, 0.29064673547380326, 0.11401071229827578, 0.09146084231831517, 0.15516698300787213, 0.41093636248452303, 0.11679559102027748, 0.7042329585885364, 0.31884250471273096, 0.23490389532914718, 0.09286913087239977, 0.050008649869605376], ""kernels.1.base_kernel.kernels.1"": [0.6931481805599428, 0.6931481805599428, 0.6931481805599428]}","{""kernels.0"": 9.79532362557486e-06, ""kernels.0.base_kernel.kernels.1"": 0.005887448364490557, ""kernels.1"": 0.8056533134078675}",10,5,30,0,1,57
197,183.81018217858536,94.06351529785783,0.5,global,-3.76210020854201,0.2747365510142254,0.0004800552815607611,0.27051692244802716,0.05000864986960684,0.33333308373390347,0.7148419463027333,"{""kernels.0.base_kernel.kernels.0"": [0.3333332465788309, 0.33332923606821296, 0.3333292601684845, 0.3333340792899939, 0.3333353641147114, 0.33333500855071996, 0.3333329208889761, 0.3333287866482769, 0.3333319602892712, 0.3333324558798168, 0.3333353425393412, 0.3333284483730167, 0.33333182720032734, 0.3333568473582667, 0.3333317197645245, 0.3333303689829854, 0.33333158666488505, 0.3333339020819558], ""kernels.0.base_kernel.kernels.1.base_kernel"": [0.6931481805599428, 0.6931481805599428, 0.6931481805599428], ""kernels.1.base_kernel.kernels.0"": [0.05016359680715463, 0.6190940032965563, 0.4670424279695697, 0.7148419463027333, 0.512233651578484, 0.5515080076215265, 0.3481662486870664, 0.2906467397122683, 0.11401070913982672, 0.09146084320235053, 0.15516695795617674, 0.4109363560488104, 0.11679557859088381, 0.7042329330052861, 0.31884250369547135, 0.23490392366004098, 0.09286912942497494, 0.05000864986960684], ""kernels.1.base_kernel.kernels.1"": [0.6931481805599428, 0.6931481805599428, 0.6931481805599428]}","{""kernels.0"": 9.795323625212717e-06, ""kernels.0.base_kernel.kernels.1"": 0.00588744836448661, ""kernels.1"": 0.8056535236559697}",10,5,30,1,0,58
198,327.324086595592,94.06351529785783,0.4996,global,-2.7979189956153157,0.2293204650761876,0.00047597845491139306,0.26600876652519995,0.05000865850241835,0.3333333183439463,0.7099096585402557,"{""kernels.0.base_kernel.kernels.0"": [0.3333332935376249, 0.3333323560359821, 0.3333294560254023, 0.3333346281226583, 0.33333456247853654, 0.33333323665590764, 0.3333322355199223, 0.33332778134852614, 0.33333207857329156, 0.3333333431502677, 0.3333345300296492, 0.33332942728807563, 0.33333301591581654, 0.3333564492521048, 0.33333289880093, 0.3333306991938092, 0.3333311879465825, 0.3333342709089877], ""kernels.0.base_kernel.kernels.1.base_kernel"": [0.6931481805599428, 0.6931481805599428, 0.6931481805599428], ""kernels.1.base_kernel.kernels.0"": [0.050161058226710464, 0.641339998498784, 0.47734509084534366, 0.693625818423376, 0.4655222374329612, 0.46096710351969966, 0.28846248387803275, 0.36468150852946757, 0.11132811589839889, 0.15849197771573403, 0.09633540153092453, 0.44896101281708656, 0.09150516136367656, 0.7099096585402557, 0.4235408926911887, 0.2904381751911997, 0.08039516697899766, 0.05000865850241835], ""kernels.1.base_kernel.kernels.1"": [0.6931481805599428, 0.6931481805599428, 0.6931481805599428]}","{""kernels.0"": 9.792608526411571e-06, ""kernels.0.base_kernel.kernels.1"": 0.005887420436984022, ""kernels.1"": 0.7921290865300895}",10,5,30,1,0,59
199,183.20431677572898,94.06351529785783,0.4968,global,-3.7270783303878834,0.2633743087488324,0.0005092742217704243,0.2565983927216217,0.05000865832913,0.3333328350060648,0.7148260990454943,"{""kernels.0.base_kernel.kernels.0"": [0.333333188643199, 0.33333313610651544, 0.33332895430426923, 0.33333394548888423, 0.33333306294653864, 0.33333166374510864, 0.33333357911485534, 0.3333247759824593, 0.33333216891387624, 0.33333260706559104, 0.3333341237525559, 0.33332877129517297, 0.3333319806239397, 0.33335585201096113, 0.3333307571144735, 0.33333073153308385, 0.3333317181050383, 0.33333455867043116], ""kernels.0.base_kernel.kernels.1.base_kernel"": [0.6931481805599428, 0.6931481805599428, 0.6931481805599428], ""kernels.1.base_kernel.kernels.0"": [0.050161141538372624, 0.5289019022777948, 0.47765091766571355, 0.6929014740173574, 0.24921399251921453, 0.4186085057751714, 0.32654568310887006, 0.21732085035769302, 0.11781423360929458, 0.11776453285951434, 0.08210819287309198, 0.4533223526135581, 0.09401937215074074, 0.7148260990454943, 0.3507612374238613, 0.315002882112526, 0.07704441059091204, 0.05000865832913], ""kernels.1.base_kernel.kernels.1"": [0.6931481805599428, 0.6931481805599428, 0.6931481805599428]}","{""kernels.0"": 9.792061613578511e-06, ""kernels.0.base_kernel.kernels.1"": 0.005887414918168034, ""kernels.1"": 0.7638979711850836}",10,5,30,0,0,60
200,97.95592191901112,94.06351529785783,0.4998,local,-2.747325711970457,0.17631691677534478,0.0005108312543889819,0.2565984275536494,0.05000865832913068,0.3333328350059467,0.7148260850826965,"{""kernels.0.base_kernel.kernels.0"": [0.33333318864324823, 0.3333331361049978, 0.3333289543040764, 0.33333394548879575, 0.3333330629461866, 0.3333316637450523, 0.33333357911472095, 0.33332477598352866, 0.333332168913788, 0.3333326070657067, 0.3333341237530096, 0.33332877129506117, 0.3333319806234698, 0.33335585201069645, 0.3333307571142165, 0.3333307315331074, 0.33333171810500534, 0.33333455867049216], ""kernels.0.base_kernel.kernels.1.base_kernel"": [0.6931481805599428, 0.6931481805599428, 0.6931481805599428], ""kernels.1.base_kernel.kernels.0"": [0.050161141538382734, 0.5289019035609706, 0.4776509026582312, 0.692901466450518, 0.2492139723875461, 0.4186084980305053, 0.3265456933200154, 0.21732084499719548, 0.11781424059935255, 0.11776453719459078, 0.08210819709035733, 0.4533223456170083, 0.09401937525599263, 0.7148260850826965, 0.3507612447028701, 0.3150028893770545, 0.07704441090528945, 0.05000865832913068], ""kernels.1.base_kernel.kernels.1"": [0.6931481805599428, 0.6931481805599428, 0.6931481805599428]}","{""kernels.0"": 9.792061613408537e-06, ""kernels.0.base_kernel.kernels.1"": 0.005887414918164791, ""kernels.1"": 0.7638980756811701}",10,5,30,4,0,61
201,105.68700753305006,94.06351529785783,0.4996,global,-1.2682372660223096,0.20653192151545074,0.0004828230771138279,0.29584541572852957,0.05000872584663546,0.33333369072329927,0.6931481805599428,"{""kernels.0.base_kernel.kernels.0"": [0.33333374999704324, 0.3333259309504372, 0.3333286162975586, 0.33332606187952263, 0.33333321108557307, 0.3333325573105537, 0.333337702241463, 0.33333256614266343, 0.3333314493812293, 0.3333323887195245, 0.3333336314495553, 0.3333356457088058, 0.33332362711764624, 0.33335953575131194, 0.3333300923749114, 0.33333079299719043, 0.33333217675466714, 0.3333341333044028], ""kernels.0.base_kernel.kernels.1.base_kernel"": [0.6931481805599428, 0.6931481805599428, 0.6931481805599428], ""kernels.1.base_kernel.kernels.0"": [0.05013493424202465, 0.49859518778063067, 0.4129816092874723, 0.6290796667021574, 0.05383994710268074, 0.493021500646343, 0.23078467157562216, 0.24175586248136896, 0.3781722027666903, 0.152179256938585, 0.12799978097152614, 0.4790157962681066, 0.34917253591298647, 0.6897827107770692, 0.4970441820986549, 0.3422163310519427, 0.13377950659019794, 0.05000872584663546], ""kernels.1.base_kernel.kernels.1"": [0.6931481805599428, 0.6931481805599428, 0.6931481805599428]}","{""kernels.0"": 9.780298946287328e-06, ""kernels.0.base_kernel.kernels.1"": 0.0058872622027145065, ""kernels.1"": 0.8816392046839279}",10,5,30,3,0,62
202,121.15105376373245,94.06351529785783,0.5036,global,-2.907539792083119,0.3118658347547923,0.0005160351909443014,0.2788699825456202,0.05000875717129424,0.33333306746052427,0.7015611092111731,"{""kernels.0.base_kernel.kernels.0"": [0.33333356106408474, 0.3333363254912277, 0.33332985996721587, 0.3333166963094253, 0.3333344655583831, 0.3333334332170961, 0.3333267459889323, 0.3333271637354531, 0.3333297643333749, 0.3333327017039524, 0.33333601036686683, 0.33333052872106717, 0.33332925392354595, 0.33335965598962675, 0.33332938148272584, 0.33332982649695403, 0.3333305257528998, 0.33333485461248635], ""kernels.0.base_kernel.kernels.1.base_kernel"": [0.6931481805599428, 0.6931481805599428, 0.6931481805599428], ""kernels.1.base_kernel.kernels.0"": [0.05011337576324334, 0.528981095443019, 0.3927594800140388, 0.5491858218183281, 0.056812955755727354, 0.3624058899597036, 0.28755303836811924, 0.34312449930124284, 0.3225398036521498, 0.21990690069130053, 0.08374064209423995, 0.44123762211118245, 0.16728722936150658, 0.7015611092111731, 0.4206451651785559, 0.32799387827707366, 0.10642338585627578, 0.05000875717129424], ""kernels.1.base_kernel.kernels.1"": [0.6931481805599428, 0.6931481805599428, 0.6931481805599428]}","{""kernels.0"": 9.773466588252677e-06, ""kernels.0.base_kernel.kernels.1"": 0.005887182828073752, ""kernels.1"": 0.8307129913421986}",10,5,30,3,0,63
203,138.81374317925386,94.06351529785783,0.4988,global,-2.6641591006446106,0.2139045032155703,0.0005169532795281305,0.27886994883289545,0.050008757171296006,0.333333067459718,0.7015611383931996,"{""kernels.0.base_kernel.kernels.0"": [0.3333335610641986, 0.33333632548934256, 0.3333298599668741, 0.3333166963117522, 0.3333344655580672, 0.33333343321608966, 0.3333267459918341, 0.3333271637353074, 0.3333297643338955, 0.33333270170334633, 0.3333360103664493, 0.3333305287223094, 0.3333292539226785, 0.3333596559899826, 0.33332938148302244, 0.3333298264964362, 0.33333052575331745, 0.3333348546123324], ""kernels.0.base_kernel.kernels.1.base_kernel"": [0.6931481805599428, 0.6931481805599428, 0.6931481805599428], ""kernels.1.base_kernel.kernels.0"": [0.05011337576264581, 0.5289811421182405, 0.3927594910817825, 0.5491858643502269, 0.05681295607871952, 0.3624059010634028, 0.28755305777346873, 0.3431244758240536, 0.32253980473626126, 0.21990692272201515, 0.08374064416075672, 0.4412376778077171, 0.16728723057888897, 0.7015611383931996, 0.42064518421280717, 0.3279938574294947, 0.10642338429986219, 0.050008757171296006], ""kernels.1.base_kernel.kernels.1"": [0.6931481805599428, 0.6931481805599428, 0.6931481805599428]}","{""kernels.0"": 9.773466587770542e-06, ""kernels.0.base_kernel.kernels.1"": 0.005887182828066417, ""kernels.1"": 0.8307128902040322}",10,5,30,0,0,64
204,142.47827871688787,94.06351529785783,0.4978,global,-3.206516444831974,0.28775086898404906,0.0005095760179922248,0.27697823102273716,0.05000876056340629,0.3333316162778801,0.6931481805599428,"{""kernels.0.base_kernel.kernels.0"": [0.3333337599542355, 0.33333116242100486, 0.33332796727742847, 0.3333212832102337, 0.3333340713851947, 0.3333317162712845, 0.3333338876925675, 0.3333270822535824, 0.3333295721859082, 0.3333315360637228, 0.33333520620724527, 0.3333316964920374, 0.33332836602043, 0.3333590285924803, 0.33332993210163897, 0.3333286486481433, 0.3333313042920618, 0.3333346872800892], ""kernels.0.base_kernel.kernels.1.base_kernel"": [0.6931481805599428, 0.6931481805599428, 0.6931481805599428], ""kernels.1.base_kernel.kernels.0"": [0.05011213226827781, 0.5627726529680034, 0.383854326646575, 0.6401399548957962, 0.05765681446763753, 0.3656536875252463, 0.28254485908987537, 0.26349561947645916, 0.2892149973860499, 0.23348995437017908, 0.08637273628525614, 0.4857365233306816, 0.16458595732262538, 0.6825029663806419, 0.4505364192923502, 0.31706662195746466, 0.10279188929578686, 0.05000876056340629], ""kernels.1.base_kernel.kernels.1"": [0.6931481805599428, 0.6931481805599428, 0.6931481805599428]}","{""kernels.0"": 9.772544673204946e-06, ""kernels.0.base_kernel.kernels.1"": 0.0058871665588243905, ""kernels.1"": 0.8250377539647138}",10,5,30,1,0,65
205,117.92271740375017,94.06351529785783,0.4958,local,-3.4514076944165994,0.2251360152947877,0.0005105195450214525,0.2769782351083107,0.05000876056340685,0.3333316162778406,0.6931481805599428,"{""kernels.0.base_kernel.kernels.0"": [0.3333337599542385, 0.33333116242081784, 0.33332796727734465, 0.3333212832107203, 0.3333340713852045, 0.33333171627145436, 0.3333338876927053, 0.33332708225394947, 0.33332957218588954, 0.33333153606370275, 0.33333520620725976, 0.33333169649197836, 0.33332836602039423, 0.3333590285924173, 0.3333299321017411, 0.33332864864790535, 0.3333313042920609, 0.3333346872800697], ""kernels.0.base_kernel.kernels.1.base_kernel"": [0.6931481805599428, 0.6931481805599428, 0.6931481805599428], ""kernels.1.base_kernel.kernels.0"": [0.05011213226809514, 0.5627726462927883, 0.38385432105935174, 0.6401399470035474, 0.05765681461565452, 0.36565369345866366, 0.28254485909420046, 0.263495613373536, 0.2892149969533392, 0.23348995909644052, 0.08637273619836408, 0.4857365143835408, 0.16458595752807456, 0.6825029753751183, 0.4505364184040774, 0.31706661269583, 0.10279189000069036, 0.05000876056340685], ""kernels.1.base_kernel.kernels.1"": [0.6931481805599428, 0.6931481805599428, 0.6931481805599428]}","{""kernels.0"": 9.772544673054943e-06, ""kernels.0.base_kernel.kernels.1"": 0.005887166558821867, ""kernels.1"": 0.8250377662214372}",10,5,30,1,1,66
206,105.0232885794327,94.06351529785783,0.5006,global,-3.2519895721002436,0.27567504273161586,0.0005109676515793639,0.2769333116982827,0.05000876065882823,0.33333160827654007,0.6931481805599428,"{""kernels.0.base_kernel.kernels.0"": [0.33333375987194, 0.33333113646234813, 0.3333279541955185, 0.333321379554498, 0.3333340727840145, 0.33333174753722905, 0.33333391714848987, 0.33332714252165246, 0.333329573625792, 0.33333153067465404, 0.3333352088404203, 0.33333168587842615, 0.33332835211627315, 0.3333590229978263, 0.33332994559521023, 0.3333286065637481, 0.3333313030579088, 0.3333346830432524], ""kernels.0.base_kernel.kernels.1.base_kernel"": [0.6931481805599428, 0.6931481805599428, 0.6931481805599428], ""kernels.1.base_kernel.kernels.0"": [0.05011209981349504, 0.5616023333604404, 0.38296908118192136, 0.6388971338427278, 0.057684885611937436, 0.36675761233581256, 0.28263675175933245, 0.2624141052616765, 0.2897471390864404, 0.23431504721990093, 0.08642179077685191, 0.4841869753392116, 0.16455114085360706, 0.6845634318542722, 0.45038151089081774, 0.3154393177601703, 0.10293865454831808, 0.05000876065882823], ""kernels.1.base_kernel.kernels.1"": [0.6931481805599428, 0.6931481805599428, 0.6931481805599428]}","{""kernels.0"": 9.772517045845987e-06, ""kernels.0.base_kernel.kernels.1"": 0.005887166115845601, ""kernels.1"": 0.8249029964619568}",10,5,30,1,0,67
207,102.93339341536935,94.06351529785783,0.4992,global,-3.0264882235122923,0.16446322668054622,0.0004966875225579803,0.2836043644516936,0.05000878884935627,0.3333337031360748,0.6931481805599428,"{""kernels.0.base_kernel.kernels.0"": [0.33333329192884104, 0.33332638142734733, 0.33332772921388737, 0.3333309947071693, 0.33333415344813255, 0.33333216958191225, 0.3333357953071372, 0.3333341143433086, 0.3333303152783011, 0.33333243688434605, 0.33333546249901863, 0.3333364760796699, 0.33332555450836904, 0.3333563866903631, 0.3333302830929763, 0.3333284285934718, 0.3333312161210736, 0.3333341813343633], ""kernels.0.base_kernel.kernels.1.base_kernel"": [0.6931481805599428, 0.6931481805599428, 0.6931481805599428], ""kernels.1.base_kernel.kernels.0"": [0.0501031759630447, 0.5443407419356141, 0.2494953500548215, 0.6648075027505974, 0.07360806226057619, 0.40280252473217565, 0.2973981002002659, 0.1592661085368357, 0.3827782466205786, 0.30459617266566813, 0.09491763078068861, 0.49995210903379794, 0.24120127297408953, 0.6627854030725268, 0.4524635609277178, 0.35354338260300155, 0.12208426443951048, 0.05000878884935627], ""kernels.1.base_kernel.kernels.1"": [0.6931481805599428, 0.6931481805599428, 0.6931481805599428]}","{""kernels.0"": 9.765837186850655e-06, ""kernels.0.base_kernel.kernels.1"": 0.005887065031563095, ""kernels.1"": 0.844916262486331}",10,5,30,1,0,68
208,132.89831942660402,94.06351529785783,0.4984,global,-3.2380309120530795,0.16554091531414394,0.0004967108271389993,0.28472568506953944,0.05000878893492449,0.33333369586980277,0.6931481805599428,"{""kernels.0.base_kernel.kernels.0"": [0.3333332925079476, 0.33332638565072753, 0.3333277397923254, 0.33333097195269545, 0.33333414909607495, 0.33333217248806873, 0.3333357734527745, 0.3333340992316579, 0.33333031172492106, 0.33333243391697226, 0.3333354641987854, 0.3333364900562866, 0.3333255470460099, 0.33335639131332884, 0.3333302831315235, 0.3333284343992835, 0.3333312163978594, 0.3333341794319615], ""kernels.0.base_kernel.kernels.1.base_kernel"": [0.6931481805599428, 0.6931481805599428, 0.6931481805599428], ""kernels.1.base_kernel.kernels.0"": [0.05010314977000591, 0.5438004886386196, 0.24941376269763504, 0.6646050794465171, 0.07362474101708333, 0.4028735353185665, 0.2973577734820399, 0.15901810857116455, 0.38265353555052184, 0.3042614444580933, 0.09496811256917262, 0.5001045682628809, 0.24089640093339051, 0.6630504755158353, 0.45241561239366673, 0.3533739127088486, 0.12201325163348362, 0.05000878893492449], ""kernels.1.base_kernel.kernels.1"": [0.6931481805599428, 0.6931481805599428, 0.6931481805599428]}","{""kernels.0"": 9.76582183516236e-06, ""kernels.0.base_kernel.kernels.1"": 0.005887064845096228, ""kernels.1"": 0.848280224541687}",10,5,30,0,1,69
209,124.72198838721951,94.06351529785783,0.4998,local,-2.694322391739475,0.151460695897586,0.0004989620675274138,0.2847257772401532,0.05000878893492809,0.33333369586971107,0.6931481805599428,"{""kernels.0.base_kernel.kernels.0"": [0.33333329250807747, 0.3333263856530118, 0.33332773979296915, 0.3333309719501234, 0.33333414909578296, 0.3333321724876292, 0.3333357734517677, 0.3333340992313446, 0.33333031172424255, 0.33333243391709777, 0.33333546419861515, 0.33333649005589244, 0.3333255470461843, 0.3333563913124255, 0.33333028313156743, 0.333328434399939, 0.3333312163979131, 0.3333341794319449], ""kernels.0.base_kernel.kernels.1.base_kernel"": [0.6931481805599428, 0.6931481805599428, 0.6931481805599428], ""kernels.1.base_kernel.kernels.0"": [0.05010314976888963, 0.5438004056527783, 0.2494137458230063, 0.6646050518039647, 0.07362473883145718, 0.40287351269747973, 0.2973577786305885, 0.15901812358160544, 0.38265352369164873, 0.30426143244071413, 0.09496810819666296, 0.5001045666017978, 0.2408963759531202, 0.6630504441631739, 0.4524156070179063, 0.3533739077823748, 0.1220132488906264, 0.05000878893492809], ""kernels.1.base_kernel.kernels.1"": [0.6931481805599428, 0.6931481805599428, 0.6931481805599428]}","{""kernels.0"": 9.765821834584585e-06, ""kernels.0.base_kernel.kernels.1"": 0.005887064845088095, ""kernels.1"": 0.8482805010535369}",10,5,30,2,0,70
210,120.80074145742401,94.06351529785783,0.4962,global,-3.012052103413076,0.234390167621485,0.0004854528648121247,0.2736013150525238,0.05000887190037417,0.33333367090200483,0.6931481805599428,"{""kernels.0.base_kernel.kernels.0"": [0.3333342467863344, 0.33334399263609993, 0.3333247034661658, 0.33332072975888877, 0.3333337316999357, 0.33333234921038235, 0.3333336101040739, 0.33332627707526613, 0.3333332208612457, 0.33333198034615075, 0.3333355014112385, 0.33332915274301295, 0.33332483924862993, 0.333357912165265, 0.33332907533421363, 0.33332733171867435, 0.3333308457374656, 0.3333346904184127], ""kernels.0.base_kernel.kernels.1.base_kernel"": [0.6931481805599428, 0.6931481805599428, 0.6931481805599428], ""kernels.1.base_kernel.kernels.0"": [0.050086042550137364, 0.6043896430294613, 0.41712486504819674, 0.5968138665767705, 0.0659149546267237, 0.4653770142954953, 0.2894182998286444, 0.44440381058670636, 0.06124147895483563, 0.44955543878646087, 0.08773237331086456, 0.41786285785028193, 0.30183293570825565, 0.6788432439570429, 0.4839062768760216, 0.29526929088656884, 0.13495405803487964, 0.05000887190037417], ""kernels.1.base_kernel.kernels.1"": [0.6931481805599428, 0.6931481805599428, 0.6931481805599428]}","{""kernels.0"": 9.7519668383258e-06, ""kernels.0.base_kernel.kernels.1"": 0.005886854084515709, ""kernels.1"": 0.8149073391062174}",10,5,30,0,0,71
211,124.96963563245663,94.06351529785783,0.501,global,-3.1006042380522993,0.3062616694851923,0.00048600933067791563,0.2736013385977734,0.050008871900382015,0.33333367090341715,0.6931481805599428,"{""kernels.0.base_kernel.kernels.0"": [0.3333342467859245, 0.33334399263509257, 0.33332470346440646, 0.3333207297600294, 0.33333373170057534, 0.3333323492097872, 0.33333361010625895, 0.33332627707530255, 0.333333220861016, 0.33333198034593675, 0.3333355014106982, 0.3333291527434515, 0.3333248392472855, 0.3333579121636884, 0.3333290753336706, 0.3333273317201912, 0.33333084573752303, 0.3333346904184205], ""kernels.0.base_kernel.kernels.1.base_kernel"": [0.6931481805599428, 0.6931481805599428, 0.6931481805599428], ""kernels.1.base_kernel.kernels.0"": [0.05008604254959111, 0.6043897013688516, 0.417124828234804, 0.5968138751347482, 0.06591495844350079, 0.4653769832231769, 0.28941833571579556, 0.44440377585376384, 0.06124147881264505, 0.4495554266226865, 0.08773237395368717, 0.41786281546335025, 0.3018329331062384, 0.6788433248478459, 0.4839062703769321, 0.29526933888806184, 0.13495405375080652, 0.050008871900382015], ""kernels.1.base_kernel.kernels.1"": [0.6931481805599428, 0.6931481805599428, 0.6931481805599428]}","{""kernels.0"": 9.751966837160037e-06, ""kernels.0.base_kernel.kernels.1"": 0.005886854084491275, ""kernels.1"": 0.8149074097419917}",10,5,30,1,1,72
212,98.80755659727859,94.06351529785783,0.5002,global,-3.3781128242205156,0.1332355201327264,0.0004865938631148325,0.27360133249516716,0.05000887190038967,0.33333367090491306,0.6931481805599428,"{""kernels.0.base_kernel.kernels.0"": [0.3333342467855382, 0.33334399263379, 0.3333247034626703, 0.33332072976082555, 0.33333373170120717, 0.33333234920891003, 0.333333610108619, 0.3333262770752163, 0.33333322086072875, 0.33333198034573824, 0.3333355014101159, 0.3333291527440651, 0.3333248392459044, 0.33335791216264954, 0.3333290753330648, 0.3333273317217472, 0.3333308457375283, 0.33333469041837616], ""kernels.0.base_kernel.kernels.1.base_kernel"": [0.6931481805599428, 0.6931481805599428, 0.6931481805599428], ""kernels.1.base_kernel.kernels.0"": [0.05008604254905747, 0.6043897423103901, 0.4171247926276949, 0.5968138733455195, 0.06591496304691966, 0.46537694849471045, 0.28941837387642844, 0.444403733784963, 0.061241478778550976, 0.4495554125046936, 0.08773237397658237, 0.41786277661552185, 0.3018329280706186, 0.6788434116006201, 0.48390626149674393, 0.2952693842956158, 0.13495404957228724, 0.05000887190038967], ""kernels.1.base_kernel.kernels.1"": [0.6931481805599428, 0.6931481805599428, 0.6931481805599428]}","{""kernels.0"": 9.751966835965504e-06, ""kernels.0.base_kernel.kernels.1"": 0.005886854084466836, ""kernels.1"": 0.8149073914341987}",10,5,30,0,0,73
213,209.40892854026757,94.06351529785783,0.5,global,-3.538373892840987,0.26616474183901206,0.00048573975573720985,0.2726483490722648,0.05000887197169448,0.33333368513376826,0.6931481805599428,"{""kernels.0.base_kernel.kernels.0"": [0.3333342431955017, 0.3333439811376776, 0.3333246885267604, 0.33332073862649286, 0.33333373836261243, 0.33333234146555896, 0.33333363190492415, 0.33332627689655653, 0.3333332180413021, 0.3333319788385311, 0.33333549588489736, 0.3333291604031589, 0.3333248271589928, 0.3333579052662552, 0.33332907021559355, 0.3333273467624499, 0.33333084590064593, 0.333334689455686], ""kernels.0.base_kernel.kernels.1.base_kernel"": [0.6931481805599428, 0.6931481805599428, 0.6931481805599428], ""kernels.1.base_kernel.kernels.0"": [0.05008603769000182, 0.6048164620735312, 0.4169212448480536, 0.5969233217492015, 0.06599127709453405, 0.4650804830620292, 0.2897931107553988, 0.4441698533327339, 0.06124202018489061, 0.4494446702113941, 0.08773858752219296, 0.4176910610843061, 0.3019028313638235, 0.6797424252994724, 0.4838384574065059, 0.2957166830910546, 0.13494047519710106, 0.05000887197169448], ""kernels.1.base_kernel.kernels.1"": [0.6931481805599428, 0.6931481805599428, 0.6931481805599428]}","{""kernels.0"": 9.751955395895078e-06, ""kernels.0.base_kernel.kernels.1"": 0.005886853861136487, ""kernels.1"": 0.812048441400262}",10,5,30,0,0,74
214,118.06682102360796,94.06351529785783,0.4962,global,-2.8092418101002172,0.23298363217511298,0.0004881860448840595,0.27763604708044626,0.05000887205260271,0.3333336938566747,0.6931481805599428,"{""kernels.0.base_kernel.kernels.0"": [0.33333424183932303, 0.3333439808112236, 0.3333246841603365, 0.33332077975449576, 0.33333374158662854, 0.3333321557260013, 0.3333336461267209, 0.33332626135355015, 0.33333321114108927, 0.3333319791410006, 0.3333354993195379, 0.3333291339542815, 0.3333247909467384, 0.3333578562151368, 0.333329044728025, 0.3333273939758855, 0.3333308468649562, 0.33333469023859985], ""kernels.0.base_kernel.kernels.1.base_kernel"": [0.6931481805599428, 0.6931481805599428, 0.6931481805599428], ""kernels.1.base_kernel.kernels.0"": [0.05008603136267315, 0.6042461701174646, 0.41664592990812693, 0.5968984203961235, 0.06605049929903038, 0.4588453782269796, 0.2893574982909115, 0.44353728504477175, 0.06122829538876005, 0.4489319481934905, 0.0876664621595782, 0.4165138729307649, 0.3011071358159322, 0.6786681271472416, 0.48314920347530227, 0.2955814877152765, 0.13472245652022471, 0.05000887205260271], ""kernels.1.base_kernel.kernels.1"": [0.6931481805599428, 0.6931481805599428, 0.6931481805599428]}","{""kernels.0"": 9.751948883131198e-06, ""kernels.0.base_kernel.kernels.1"": 0.005886853559220051, ""kernels.1"": 0.8270115357332355}",10,5,30,1,0,75
215,158.08826715190708,94.06351529785783,0.4994,global,-3.4014032675871935,0.2644522818125331,0.00048582566264217014,0.27144100770713725,0.05000887408249111,0.3333340950536682,0.6931481805599428,"{""kernels.0.base_kernel.kernels.0"": [0.33333414657151517, 0.33334381742662217, 0.3333247715690957, 0.3333221849533248, 0.33333404353582125, 0.3333277095004901, 0.33333433478731045, 0.3333261288730834, 0.33333308100583064, 0.33333215490361656, 0.33333558741146857, 0.33332903437154904, 0.3333239842331595, 0.3333561208825315, 0.33332847144065986, 0.3333283484790399, 0.33333094802823326, 0.33333472594584707], ""kernels.0.base_kernel.kernels.1.base_kernel"": [0.6931481805599428, 0.6931481805599428, 0.6931481805599428], ""kernels.1.base_kernel.kernels.0"": [0.05008590834208594, 0.5936520393377391, 0.42067897637397655, 0.6060434100893857, 0.06797988702729581, 0.3343160671501358, 0.29267539426950584, 0.44381003414136055, 0.06129808616317184, 0.4418545630336114, 0.08796715435376729, 0.4060473063008127, 0.28740533662567047, 0.6588110855936286, 0.47124354491356735, 0.2969249534050512, 0.13192166211808287, 0.05000887408249111], ""kernels.1.base_kernel.kernels.1"": [0.6931481805599428, 0.6931481805599428, 0.6931481805599428]}","{""kernels.0"": 9.751734332594327e-06, ""kernels.0.base_kernel.kernels.1"": 0.005886846602095803, ""kernels.1"": 0.8084264247849834}",10,5,30,0,0,76
216,118.71934793008604,94.06351529785783,0.5038,global,-2.861915231994284,0.1267105933094839,0.0004869360132820051,0.27144101972956897,0.05000887408249176,0.3333340950536316,0.6931481805599428,"{""kernels.0.base_kernel.kernels.0"": [0.3333341465714257, 0.3333438174267832, 0.3333247715689844, 0.33332218495385135, 0.3333340435358375, 0.3333277095001952, 0.333334334787469, 0.3333261288733531, 0.333333081005843, 0.33333215490364493, 0.33333558741144614, 0.3333290343718131, 0.3333239842331129, 0.33335612088265276, 0.3333284714405251, 0.3333283484791179, 0.3333309480282945, 0.3333347259458377], ""kernels.0.base_kernel.kernels.1.base_kernel"": [0.6931481805599428, 0.6931481805599428, 0.6931481805599428], ""kernels.1.base_kernel.kernels.0"": [0.05008590834204474, 0.5936520512602542, 0.42067897524128667, 0.6060434177364702, 0.06797988747896169, 0.3343160522238692, 0.29267540324892183, 0.4438100424001889, 0.0612980861404822, 0.44185455862991996, 0.08796715584185827, 0.4060473110656393, 0.2874053316781769, 0.6588111002342726, 0.47124354169086385, 0.2969249491071497, 0.1319216616331304, 0.05000887408249176], ""kernels.1.base_kernel.kernels.1"": [0.6931481805599428, 0.6931481805599428, 0.6931481805599428]}","{""kernels.0"": 9.75173433249067e-06, ""kernels.0.base_kernel.kernels.1"": 0.005886846602093484, ""kernels.1"": 0.808426460852281}",10,5,30,1,0,77
217,109.9949189554541,94.06351529785783,0.5038,global,-2.9466713392448054,0.13749103284250874,0.0004927205907130474,0.2759966834946615,0.05000887415530344,0.3333335679260858,0.6931481805599428,"{""kernels.0.base_kernel.kernels.0"": [0.3333341347624081, 0.3333436713536794, 0.33332472933647994, 0.33332222691154484, 0.3333340485660235, 0.33332770083230323, 0.33333438133011356, 0.33332614810209943, 0.3333330872861481, 0.3333321695756034, 0.33333559016193626, 0.33332905332296325, 0.33332395803300013, 0.33335609579341696, 0.33332846141083106, 0.33332835717808884, 0.3333309512791294, 0.3333347262250458], ""kernels.0.base_kernel.kernels.1.base_kernel"": [0.6931481805599428, 0.6931481805599428, 0.6931481805599428], ""kernels.1.base_kernel.kernels.0"": [0.05008590241718495, 0.5922152500810273, 0.420052640672802, 0.6066507166871355, 0.06796507848734946, 0.3320567577064416, 0.2930234136319967, 0.44404693764494757, 0.061291704733911455, 0.44056268416238525, 0.08813607132027257, 0.40601092924731946, 0.2857317571707725, 0.6595226500242682, 0.47047214001961, 0.2962761406007132, 0.13175643148477198, 0.05000887415530344], ""kernels.1.base_kernel.kernels.1"": [0.6931481805599428, 0.6931481805599428, 0.6931481805599428]}","{""kernels.0"": 9.751726902362572e-06, ""kernels.0.base_kernel.kernels.1"": 0.005886846328575468, ""kernels.1"": 0.8220934524285066}",10,5,30,1,0,78
218,124.88679198004164,94.06351529785783,0.4996,global,-3.1835639992057105,0.23084526646341194,0.0004911250892110069,0.2727899867014293,0.05000887632111722,0.3333334429147715,0.6931481805599428,"{""kernels.0.base_kernel.kernels.0"": [0.33333374596782406, 0.33334110547515844, 0.3333241174143733, 0.33332455087272955, 0.3333341751358585, 0.33332762673005933, 0.3333349018417645, 0.33332717454506483, 0.33333313986171903, 0.3333317950653207, 0.33333563000319305, 0.3333296250907894, 0.3333230304915767, 0.3333553123003295, 0.3333285249962318, 0.3333289977646916, 0.3333311585587984, 0.3333347492854889], ""kernels.0.base_kernel.kernels.1.base_kernel"": [0.6931481805599428, 0.6931481805599428, 0.6931481805599428], ""kernels.1.base_kernel.kernels.0"": [0.050085773884661886, 0.5374694379903264, 0.41427712268991873, 0.6356865841686842, 0.06735786286668793, 0.2746284173623712, 0.31242137282507015, 0.4613337805373539, 0.06140386379670422, 0.4094410042952854, 0.09852732949945026, 0.41774905842918436, 0.25374419929598835, 0.6796918054766578, 0.45589459669090204, 0.29204783772675125, 0.12882350093537792, 0.05000887632111722], ""kernels.1.base_kernel.kernels.1"": [0.6931481805599428, 0.6931481805599428, 0.6931481805599428]}","{""kernels.0"": 9.75141521310707e-06, ""kernels.0.base_kernel.kernels.1"": 0.005886839267350301, ""kernels.1"": 0.8124733694217244}",10,5,30,1,0,79
219,112.39737388798781,94.06351529785783,0.5008,global,-3.425570307945835,0.20481715699333639,0.0004919496870683529,0.27279003937274243,0.050008876321119264,0.3333334429147093,0.6931481805599428,"{""kernels.0.base_kernel.kernels.0"": [0.33333374596759796, 0.3333411054735951, 0.3333241174139191, 0.3333245508738674, 0.33333417513584784, 0.3333276267318962, 0.3333349018418996, 0.33332717454568855, 0.3333331398618206, 0.33333179506501304, 0.333335630002736, 0.33332962509117925, 0.3333230304918211, 0.33335531230096654, 0.33332852499623755, 0.3333289977652618, 0.3333311585588621, 0.33333474928547097], ""kernels.0.base_kernel.kernels.1.base_kernel"": [0.6931481805599428, 0.6931481805599428, 0.6931481805599428], ""kernels.1.base_kernel.kernels.0"": [0.050085773884524655, 0.5374694600595795, 0.41427711008190965, 0.6356865710498573, 0.06735786330089594, 0.2746284217165657, 0.3124213846184754, 0.4613337883906659, 0.061403864296170216, 0.40944099287219304, 0.09852732321230187, 0.41774904995747647, 0.25374417747461275, 0.6796918146887801, 0.4558945835417175, 0.29204783999726086, 0.1288234985994942, 0.050008876321119264], ""kernels.1.base_kernel.kernels.1"": [0.6931481805599428, 0.6931481805599428, 0.6931481805599428]}","{""kernels.0"": 9.751415212751605e-06, ""kernels.0.base_kernel.kernels.1"": 0.005886839267343164, ""kernels.1"": 0.8124735274356714}",10,5,30,2,0,80
220,138.25646085504027,94.06351529785783,0.5028,global,-3.615936907299154,0.303457596802215,0.0004921925359680701,0.27279004598557705,0.050008876321119625,0.33333344291469735,0.6931481805599428,"{""kernels.0.base_kernel.kernels.0"": [0.33333374596755694, 0.33334110547328905, 0.33332411741381945, 0.33332455087411367, 0.3333341751358615, 0.3333276267322402, 0.33333490184192405, 0.3333271745458055, 0.33333313986183777, 0.33333179506495364, 0.33333563000265454, 0.3333296250912599, 0.33332303049185397, 0.3333553123010665, 0.3333285249962291, 0.3333289977653562, 0.33333115855887646, 0.33333474928546547], ""kernels.0.base_kernel.kernels.1.base_kernel"": [0.6931481805599428, 0.6931481805599428, 0.6931481805599428], ""kernels.1.base_kernel.kernels.0"": [0.050085773884500626, 0.5374694650628581, 0.41427710774898296, 0.6356865698637354, 0.0673578633988869, 0.2746284245422935, 0.312421386841044, 0.4613337899441127, 0.06140386438963507, 0.4094409909217018, 0.09852732204349869, 0.41774904819789277, 0.2537441735177417, 0.679691818529849, 0.4558945812225241, 0.2920478419965543, 0.1288234982012304, 0.050008876321119625], ""kernels.1.base_kernel.kernels.1"": [0.6931481805599428, 0.6931481805599428, 0.6931481805599428]}","{""kernels.0"": 9.751415212686389e-06, ""kernels.0.base_kernel.kernels.1"": 0.005886839267341903, ""kernels.1"": 0.8124735472741765}",10,5,30,0,1,81
221,203.58717917283428,94.06351529785783,0.503,global,-3.6716437354430544,0.30269096926397626,0.0004930785144722313,0.274550621544829,0.05000887642517409,0.333333439288094,0.6931481805599428,"{""kernels.0.base_kernel.kernels.0"": [0.33333373430354457, 0.3333410349915192, 0.3333240914591988, 0.3333246206152759, 0.3333341780524249, 0.333327720691508, 0.33333490920530445, 0.3333272068399452, 0.33333314427264343, 0.3333317769655843, 0.3333356064264143, 0.33332965069951137, 0.3333230372564389, 0.3333553379826527, 0.3333285285200623, 0.33332902703469985, 0.3333311620803337, 0.33333474683436415], ""kernels.0.base_kernel.kernels.1.base_kernel"": [0.6931481805599428, 0.6931481805599428, 0.6931481805599428], ""kernels.1.base_kernel.kernels.0"": [0.05008576661365552, 0.5391086747751613, 0.4135407035287439, 0.6353272136505956, 0.06739663618563627, 0.27531679430077394, 0.31301157349832304, 0.4616374424884017, 0.06143194412290442, 0.40890099996237855, 0.09816626274270294, 0.4175263230682279, 0.2526805867347923, 0.6807290197896313, 0.45530449846263554, 0.2925491544736588, 0.1286848846571595, 0.05000887642517409], ""kernels.1.base_kernel.kernels.1"": [0.6931481805599428, 0.6931481805599428, 0.6931481805599428]}","{""kernels.0"": 9.75139614803031e-06, ""kernels.0.base_kernel.kernels.1"": 0.0058868389094199535, ""kernels.1"": 0.817755274328919}",10,5,30,0,0,82
222,104.30928461147481,94.06351529785783,0.4998,global,-3.5104008538536142,0.20611074433279883,0.0004943714850262498,0.2745506348787841,0.05000887642517476,0.3333334392880686,0.6931481805599428,"{""kernels.0.base_kernel.kernels.0"": [0.33333373430347096, 0.333341034991229, 0.3333240914592531, 0.3333246206156962, 0.33333417805249443, 0.3333277206921215, 0.3333349092054277, 0.3333272068400072, 0.33333314427266625, 0.3333317769654699, 0.3333356064262469, 0.3333296506997486, 0.3333230372566224, 0.33335533798188727, 0.33332852852009554, 0.33332902703453704, 0.33333116208036156, 0.333334746834372], ""kernels.0.base_kernel.kernels.1.base_kernel"": [0.6931481805599428, 0.6931481805599428, 0.6931481805599428], ""kernels.1.base_kernel.kernels.0"": [0.050085766613603276, 0.5391086810471896, 0.413540701362836, 0.6353272116333661, 0.06739663639511723, 0.27531679879157434, 0.3130115715500087, 0.4616374418465805, 0.06143194443439932, 0.4089009971058808, 0.09816625806637203, 0.41752632083734015, 0.25268058081734535, 0.6807290192383297, 0.4553044949489406, 0.2925491457740794, 0.12868488417276525, 0.05000887642517476], ""kernels.1.base_kernel.kernels.1"": [0.6931481805599428, 0.6931481805599428, 0.6931481805599428]}","{""kernels.0"": 9.751396147912817e-06, ""kernels.0.base_kernel.kernels.1"": 0.005886838909417551, ""kernels.1"": 0.8177553143307869}",10,5,30,0,0,83
223,115.24332750927385,94.06351529785783,0.4992,local,-3.624454413706986,0.22558294700543238,0.0004952197721667809,0.27796400703124546,0.05000887681416249,0.33333341890140844,0.6931481805599428,"{""kernels.0.base_kernel.kernels.0"": [0.33333368710317923, 0.3333409462926639, 0.33332409743594654, 0.33332491577486556, 0.3333342123693046, 0.333328081260233, 0.33333499192019356, 0.33332733978864576, 0.3333331506996377, 0.3333317360257138, 0.33333550385289007, 0.33332981701898773, 0.33332312809915843, 0.3333548866616916, 0.3333285488085904, 0.33332893458768176, 0.3333311765408494, 0.3333347468205063], ""kernels.0.base_kernel.kernels.1.base_kernel"": [0.6931481805599428, 0.6931481805599428, 0.6931481805599428], ""kernels.1.base_kernel.kernels.0"": [0.05008573671334679, 0.5453652035777145, 0.41230435503297896, 0.6354087387869115, 0.06751997415993644, 0.2784231015806084, 0.3126884790485759, 0.4643495097306167, 0.061626010369044124, 0.4098816740416343, 0.09555260001854038, 0.41708226618266875, 0.24984003120258358, 0.6815901532592786, 0.45335540431235516, 0.2877874918058532, 0.12862391027005404, 0.05000887681416249], ""kernels.1.base_kernel.kernels.1"": [0.6931481805599428, 0.6931481805599428, 0.6931481805599428]}","{""kernels.0"": 9.751318580154855e-06, ""kernels.0.base_kernel.kernels.1"": 0.005886837512638742, ""kernels.1"": 0.8279954322625175}",10,5,30,2,0,84
224,137.67819918843026,94.06351529785783,0.4994,global,-3.6510345691138264,0.19404272781274634,0.0004955121443743312,0.27796397010354895,0.050008876814163127,0.3333334189013788,0.6931481805599428,"{""kernels.0.base_kernel.kernels.0"": [0.33333368710311884, 0.33334094629262023, 0.33332409743603997, 0.33332491577532436, 0.33333421236934674, 0.33332808126073016, 0.33333499192032734, 0.3333273397889374, 0.3333331506996388, 0.3333317360257083, 0.33333550385278016, 0.3333298170192567, 0.33332312809931297, 0.3333548866611002, 0.33332854880866336, 0.3333289345876899, 0.3333311765408797, 0.3333347468204857], ""kernels.0.base_kernel.kernels.1.base_kernel"": [0.6931481805599428, 0.6931481805599428, 0.6931481805599428], ""kernels.1.base_kernel.kernels.0"": [0.05008573671331068, 0.5453652157354048, 0.41230435570876495, 0.6354087411345065, 0.0675199745009384, 0.2784231090157412, 0.3126884837443324, 0.4643495181101793, 0.06162601074994562, 0.4098816767247356, 0.09555259829968069, 0.4170822698370126, 0.24984002908181088, 0.6815901556295767, 0.4533554036459776, 0.2877874923003856, 0.12862391084748012, 0.050008876814163127], ""kernels.1.base_kernel.kernels.1"": [0.6931481805599428, 0.6931481805599428, 0.6931481805599428]}","{""kernels.0"": 9.751318580011742e-06, ""kernels.0.base_kernel.kernels.1"": 0.005886837512636736, ""kernels.1"": 0.82799532147943}",10,5,30,0,0,85
225,131.092492231571,94.06351529785783,0.501,global,-3.5990768387358987,0.28412239124625843,0.0004970274085327978,0.27796393722350354,0.05000887681416389,0.3333334189013887,0.6931481805599428,"{""kernels.0.base_kernel.kernels.0"": [0.3333336871031059, 0.3333409462926103, 0.33332409743509983, 0.3333249157756929, 0.33333421236941374, 0.3333280812612213, 0.3333349919204231, 0.33332733978911955, 0.3333331506996715, 0.3333317360254431, 0.3333355038526856, 0.333329817019618, 0.33332312809981296, 0.3333548866607349, 0.33332854880885354, 0.3333289345877548, 0.3333311765408891, 0.3333347468204566], ""kernels.0.base_kernel.kernels.1.base_kernel"": [0.6931481805599428, 0.6931481805599428, 0.6931481805599428], ""kernels.1.base_kernel.kernels.0"": [0.050085736713267104, 0.5453652264900823, 0.4123043267845481, 0.6354087425891174, 0.06751997482463452, 0.27842311894398464, 0.3126884886411164, 0.4643495278790881, 0.061626011142347975, 0.40988167067938097, 0.09555259666342895, 0.4170822762622212, 0.24984002689850845, 0.6815901606354905, 0.4533554030514558, 0.28778749393388603, 0.12862391115310903, 0.05000887681416389], ""kernels.1.base_kernel.kernels.1"": [0.6931481805599428, 0.6931481805599428, 0.6931481805599428]}","{""kernels.0"": 9.751318579874797e-06, ""kernels.0.base_kernel.kernels.1"": 0.0058868375126343315, ""kernels.1"": 0.8279952228392964}",10,5,30,0,1,86
226,147.4699712775021,94.06351529785783,0.4982,global,-3.522391310709786,0.2139204919306674,0.0004974809930561855,0.27474970444725366,0.05000887688490399,0.33333341999487204,0.6931481805599428,"{""kernels.0.base_kernel.kernels.0"": [0.3333336855894804, 0.33334094929753033, 0.33332401157501673, 0.33332494915633004, 0.33333421821429354, 0.33332812534583856, 0.3333350012122428, 0.3333273579291705, 0.3333331544002637, 0.33333171388672406, 0.3333354936778829, 0.3333298487627961, 0.3333231719325549, 0.33335485556571237, 0.3333285651427269, 0.33332894282698505, 0.3333311763510854, 0.3333347438155312], ""kernels.0.base_kernel.kernels.1.base_kernel"": [0.6931481805599428, 0.6931481805599428, 0.6931481805599428], ""kernels.1.base_kernel.kernels.0"": [0.05008573253736526, 0.5463531497518402, 0.4096080468502652, 0.6355334898515087, 0.06755369043558995, 0.27945851778713204, 0.31315508661798297, 0.46528238452957754, 0.061664816803721496, 0.40944056812417917, 0.09538811979531386, 0.41767613394613573, 0.2495684629339619, 0.6820441438124335, 0.45329293811306237, 0.2879238181504644, 0.1286748386089216, 0.05000887688490399], ""kernels.1.base_kernel.kernels.1"": [0.6931481805599428, 0.6931481805599428, 0.6931481805599428]}","{""kernels.0"": 9.751305634947986e-06, ""kernels.0.base_kernel.kernels.1"": 0.0058868372918101635, ""kernels.1"": 0.8183525247443159}",10,5,30,0,0,87
227,98.57120277969936,94.06351529785783,0.4986,global,-3.279347707139889,0.18476272486492204,0.0004995248944425023,0.27474975850300926,0.05000887688490667,0.33333341999505495,0.6931481805599428,"{""kernels.0.base_kernel.kernels.0"": [0.3333336855895282, 0.3333409492947155, 0.3333240115714895, 0.33332494915476285, 0.333334218214633, 0.33332812534677675, 0.333335001212657, 0.3333273579302661, 0.3333331544005817, 0.3333317138856547, 0.3333354936775534, 0.33332984876395194, 0.33332317193442895, 0.3333548555657225, 0.33332856514322856, 0.33332894282629244, 0.33333117635108206, 0.33333474381555095], ""kernels.0.base_kernel.kernels.1.base_kernel"": [0.6931481805599428, 0.6931481805599428, 0.6931481805599428], ""kernels.1.base_kernel.kernels.0"": [0.05008573253719753, 0.5463531316461362, 0.409607896760098, 0.6355334500166696, 0.06755369119556418, 0.27945852849651065, 0.3131550842244968, 0.4652823670372621, 0.06166481800165848, 0.4094405387439657, 0.09538810839109602, 0.4176761291221449, 0.24956843886656754, 0.682044159147152, 0.4532929317863379, 0.2879238116634242, 0.12867483351319853, 0.05000887688490667], ""kernels.1.base_kernel.kernels.1"": [0.6931481805599428, 0.6931481805599428, 0.6931481805599428]}","{""kernels.0"": 9.751305634673195e-06, ""kernels.0.base_kernel.kernels.1"": 0.005886837291801364, ""kernels.1"": 0.8183526869115918}",10,5,30,0,0,88
228,106.88100943646401,94.06351529785783,0.5038,local,-3.4334847333708707,0.18495707367791392,0.0005053303213161637,0.2702882696020256,0.05000887916571799,0.3333322785306628,0.6931481805599428,"{""kernels.0.base_kernel.kernels.0"": [0.33333372434602376, 0.33333893362324585, 0.33332152470566373, 0.3333239162688319, 0.33333442052230133, 0.33332880931098813, 0.33333528014941577, 0.3333293144351628, 0.3333333813362315, 0.33333097468034356, 0.3333352609814815, 0.3333310013315499, 0.3333246739755119, 0.33335474581212565, 0.3333290050744248, 0.3333283766746203, 0.333331175725094, 0.3333347439928692], ""kernels.0.base_kernel.kernels.1.base_kernel"": [0.6931481805599428, 0.6931481805599428, 0.6931481805599428], ""kernels.1.base_kernel.kernels.0"": [0.05008560568121143, 0.547663401118099, 0.313922241274854, 0.6127140640862541, 0.06829430625336882, 0.2911126872975306, 0.3168728627933207, 0.494065332996507, 0.06279856093258193, 0.3905688900422245, 0.08848101164698247, 0.4273258042422715, 0.23603729666511017, 0.6927622044605932, 0.45048322468434626, 0.28380474735405337, 0.12603437271168194, 0.05000887916571799], ""kernels.1.base_kernel.kernels.1"": [0.6931481805599428, 0.6931481805599428, 0.6931481805599428]}","{""kernels.0"": 9.751031841690114e-06, ""kernels.0.base_kernel.kernels.1"": 0.0058868302622883915, ""kernels.1"": 0.8049682275119467}",10,5,30,2,0,89
229,111.54257583994658,94.06351529785783,0.497,global,-3.4612915233290655,0.16587384484455228,0.0005036016684965281,0.2716399713025419,0.05000888253416106,0.3333330942560949,0.6931481805599428,"{""kernels.0.base_kernel.kernels.0"": [0.3333336468647267, 0.3333366589903357, 0.33332253450135985, 0.3333226573053853, 0.3333344385239105, 0.33332851485780585, 0.3333349582105465, 0.3333318829175155, 0.33333336373924954, 0.33333113858406804, 0.33333558819693426, 0.33333282477294024, 0.3333252816401882, 0.33335365752679064, 0.3333292789368615, 0.3333277791971428, 0.3333311465678423, 0.3333347470294266], ""kernels.0.base_kernel.kernels.1.base_kernel"": [0.6931481805599428, 0.6931481805599428, 0.6931481805599428], ""kernels.1.base_kernel.kernels.0"": [0.050085498421340906, 0.5499821340005361, 0.32020544603667206, 0.627050563331687, 0.06926803800923972, 0.2757626017314738, 0.3166648647118151, 0.5327193191944644, 0.06532690142758514, 0.4059084911539241, 0.09048306297267342, 0.47591132307005074, 0.2177001482826063, 0.6490937009470011, 0.45620207946783076, 0.27209436463723635, 0.12263865438567205, 0.05000888253416106], ""kernels.1.base_kernel.kernels.1"": [0.6931481805599428, 0.6931481805599428, 0.6931481805599428]}","{""kernels.0"": 9.75057224421925e-06, ""kernels.0.base_kernel.kernels.1"": 0.005886819102534767, ""kernels.1"": 0.8090233442328467}",10,5,30,0,0,90
230,127.62482543781502,94.06351529785783,0.4976,global,-2.5931785062194335,0.14238518567937655,0.0005580348583104406,0.26470748658095733,0.05000892286488741,0.33333246270215233,0.6962607587610172,"{""kernels.0.base_kernel.kernels.0"": [0.33333453859976575, 0.3333233852003515, 0.33332525881661207, 0.3333223941360898, 0.33333346290883814, 0.3333293912559027, 0.33333113848753315, 0.3333245405022419, 0.33333079357721207, 0.3333311199010416, 0.3333361840595159, 0.3333291905855273, 0.333335057321614, 0.33335819610733297, 0.33333344499248385, 0.3333264957013838, 0.33333148041182087, 0.33333490122851545], ""kernels.0.base_kernel.kernels.1.base_kernel"": [0.6931481805599428, 0.6931481805599428, 0.6931481805599428], ""kernels.1.base_kernel.kernels.0"": [0.05008481839644371, 0.5677894346457268, 0.33989279310772896, 0.6336202352711036, 0.09142048664473912, 0.20746726194063564, 0.32868713892767293, 0.5754373969328948, 0.2969481537611113, 0.3571005069188753, 0.07981438436350667, 0.5060809559427815, 0.0909550982201087, 0.6962607587610172, 0.46413128273259807, 0.264711866023118, 0.08127622485339214, 0.05000892286488741], ""kernels.1.base_kernel.kernels.1"": [0.6931481805599428, 0.6931481805599428, 0.6931481805599428]}","{""kernels.0"": 9.743379590567583e-06, ""kernels.0.base_kernel.kernels.1"": 0.0058866621681967915, ""kernels.1"": 0.7882260541950846}",10,5,30,0,0,91
231,153.0922057505012,94.06351529785783,0.5006,global,-3.748166130011775,0.2600024641312987,0.0005670261539908497,0.2647075425060632,0.05000892286488813,0.3333324627020079,0.6962607313663703,"{""kernels.0.base_kernel.kernels.0"": [0.33333453859974344, 0.3333233852007004, 0.33332525881639735, 0.33332239413421444, 0.33333346290900234, 0.33332939125617767, 0.3333311384869941, 0.3333245405019587, 0.3333307935764456, 0.33333111990112585, 0.3333361840594391, 0.33332919058547344, 0.3333350573211712, 0.33335819610678274, 0.3333334449920506, 0.33332649570124606, 0.33333148041196514, 0.3333349012286279], ""kernels.0.base_kernel.kernels.1.base_kernel"": [0.6931481805599428, 0.6931481805599428, 0.6931481805599428], ""kernels.1.base_kernel.kernels.0"": [0.050084818396530006, 0.5677894047466406, 0.3398927910831542, 0.6336202180295871, 0.09142048459537472, 0.20746724110428041, 0.3286871207741472, 0.5754373721829973, 0.29694813350353455, 0.3571005091196569, 0.07981437955783922, 0.5060809482371531, 0.09095510026117659, 0.6962607313663703, 0.46413127285470857, 0.26471185647718515, 0.08127622472023481, 0.05000892286488813], ""kernels.1.base_kernel.kernels.1"": [0.6931481805599428, 0.6931481805599428, 0.6931481805599428]}","{""kernels.0"": 9.743379590553927e-06, ""kernels.0.base_kernel.kernels.1"": 0.005886662168193538, ""kernels.1"": 0.7882262219704055}",10,5,30,1,0,92
232,117.8344444791069,94.06351529785783,0.4926,global,-3.158496563654631,0.1516395240482435,0.000567820205620542,0.2703335953921867,0.05000892292212252,0.3333324540770353,0.6938322569597715,"{""kernels.0.base_kernel.kernels.0"": [0.33333453865618656, 0.33332341656636283, 0.3333252252616206, 0.33332217389315555, 0.33333348302533855, 0.3333294206008537, 0.3333310701446292, 0.33332451696061194, 0.33333071507438206, 0.3333311185665767, 0.3333361817044696, 0.3333291764147978, 0.3333350204851628, 0.33335813855533575, 0.3333334168581826, 0.3333264801157164, 0.33333149129588807, 0.3333349125850883], ""kernels.0.base_kernel.kernels.1.base_kernel"": [0.6931481805599428, 0.6931481805599428, 0.6931481805599428], ""kernels.1.base_kernel.kernels.0"": [0.05008482567595033, 0.5651973758989864, 0.3391605097338481, 0.6317570527958781, 0.09125019498886211, 0.20546330854274067, 0.32618682708951285, 0.5732473677745078, 0.2946065725263336, 0.3567021278693596, 0.0794256535032597, 0.5052650818619077, 0.09115958475600543, 0.6938322569597715, 0.46322180864114326, 0.2637992644374778, 0.08126791495314459, 0.05000892292212252], ""kernels.1.base_kernel.kernels.1"": [0.6931481805599428, 0.6931481805599428, 0.6931481805599428]}","{""kernels.0"": 9.743380102759162e-06, ""kernels.0.base_kernel.kernels.1"": 0.005886661887372044, ""kernels.1"": 0.8051043809090853}",10,5,30,0,0,93
233,472.7936942144985,94.06351529785783,0.4984,local,-3.4388222755614954,0.16497422686417682,0.000503805637822216,0.2685939416143445,0.050008935331278745,0.3333321551706693,0.6994723131241817,"{""kernels.0.base_kernel.kernels.0"": [0.33333374526894544, 0.33333223582726873, 0.3333256661646837, 0.33331250357143577, 0.3333346224116885, 0.33333090186261854, 0.3333320745140699, 0.33333029669826936, 0.33332912870168563, 0.3333318630493883, 0.33333675034021304, 0.33333081528223724, 0.3333290506531178, 0.3333552592206321, 0.33332932593197817, 0.3333275291677003, 0.33333168812835345, 0.33333505282514925], ""kernels.0.base_kernel.kernels.1.base_kernel"": [0.6931481805599428, 0.6931481805599428, 0.6931481805599428], ""kernels.1.base_kernel.kernels.0"": [0.050086141907820105, 0.5635807887676323, 0.3459499195649151, 0.6424401170159081, 0.07809361566059612, 0.2494782598811734, 0.3689178926861371, 0.5347516190180313, 0.08780191208173069, 0.3689651753605204, 0.08231880149142921, 0.4529292488939166, 0.13377229546862762, 0.6994723131241817, 0.4599416254355497, 0.2843441257016757, 0.11019311896668085, 0.050008935331278745], ""kernels.1.base_kernel.kernels.1"": [0.6931481805599428, 0.6931481805599428, 0.6931481805599428]}","{""kernels.0"": 9.7419844738666e-06, ""kernels.0.base_kernel.kernels.1"": 0.0058865992429254724, ""kernels.1"": 0.7998854836156342}",10,5,30,2,0,94
234,142.32043007941076,94.06351529785783,0.5,global,-3.2824371750321166,0.2317208183315999,0.0005215637706438665,0.2947460364035691,0.050008936855600275,0.33333680715259195,0.7757572223315691,"{""kernels.0.base_kernel.kernels.0"": [0.3333326968969744, 0.3333433529024782, 0.3333206878196765, 0.3333370282352858, 0.3333365860698981, 0.3333252799057559, 0.3333415075576555, 0.33332555828615745, 0.33333354480151167, 0.3333325347371497, 0.3333340797687657, 0.3333307107500832, 0.33332665502515607, 0.3333598903498503, 0.3333300292199263, 0.33332584388567044, 0.33333207264479614, 0.3333342604873463], ""kernels.0.base_kernel.kernels.1.base_kernel"": [0.6931481805599428, 0.6931481805599428, 0.6931481805599428], ""kernels.1.base_kernel.kernels.0"": [0.050086374258024, 0.5520590968025154, 0.43676652912538766, 0.6876210314396959, 0.05206356995353647, 0.4659853253192265, 0.10834675232504154, 0.35807370525621496, 0.0892472330630262, 0.48206135107761894, 0.10875575911387042, 0.3562797342413469, 0.3989405200112209, 0.7757572223315691, 0.49435971714913735, 0.34591505384314525, 0.3321090506478594, 0.050008936855600275], ""kernels.1.base_kernel.kernels.1"": [0.6931481805599428, 0.6931481805599428, 0.6931481805599428]}","{""kernels.0"": 9.73896676260461e-06, ""kernels.0.base_kernel.kernels.1"": 0.005886557552234757, ""kernels.1"": 0.87834181269171}",10,5,30,0,0,95
235,175.80844166677065,94.06351529785783,0.502,global,-3.3371977973814477,0.29236148203962503,0.0005255297693010948,0.2957855608713236,0.05000893686841854,0.3333367359971803,0.7749548506319611,"{""kernels.0.base_kernel.kernels.0"": [0.33333271075164483, 0.3333431536978852, 0.333320695519482, 0.33333688946293927, 0.3333365825314213, 0.33332525952352204, 0.33334145380722485, 0.33332552664091164, 0.3333335297010243, 0.33333251898884625, 0.33333409155541255, 0.3333307285170283, 0.33332663945195223, 0.33335993625397237, 0.3333300117025974, 0.3333258778488315, 0.33333205888990725, 0.33333426452437115], ""kernels.0.base_kernel.kernels.1.base_kernel"": [0.6931481805599428, 0.6931481805599428, 0.6931481805599428], ""kernels.1.base_kernel.kernels.0"": [0.05008636361371832, 0.5514303786615874, 0.4366483867521835, 0.6873020317646333, 0.052055843129913314, 0.46571854974683274, 0.10818467656820918, 0.35706304489571733, 0.08911245295866407, 0.48175138245410265, 0.10858043080825433, 0.35624578738816326, 0.39749042823426606, 0.7749548506319611, 0.4942313652375253, 0.3461961183792154, 0.331268651897908, 0.05000893686841854], ""kernels.1.base_kernel.kernels.1"": [0.6931481805599428, 0.6931481805599428, 0.6931481805599428]}","{""kernels.0"": 9.738948788430817e-06, ""kernels.0.base_kernel.kernels.1"": 0.005886557285040389, ""kernels.1"": 0.8814603863801421}",10,5,30,0,0,96
236,138.6473312201012,94.06351529785783,0.5012,global,-3.5826986778190864,0.31936624112551476,0.0005269340443635176,0.2957855734200821,0.050008936868418695,0.3333367359965068,0.7749548403361448,"{""kernels.0.base_kernel.kernels.0"": [0.3333327107517799, 0.3333431536959027, 0.3333206955194485, 0.3333368894614918, 0.33333658253152176, 0.3333252595233575, 0.33334145380683544, 0.33332552663989623, 0.33333352970092195, 0.3333325189880042, 0.3333340915555066, 0.33333072851717277, 0.333326639451929, 0.3333599362544391, 0.3333300117024949, 0.3333258778491979, 0.3333320588897778, 0.3333342645244463], ""kernels.0.base_kernel.kernels.1.base_kernel"": [0.6931481805599428, 0.6931481805599428, 0.6931481805599428], ""kernels.1.base_kernel.kernels.0"": [0.05008636361361381, 0.5514303682648352, 0.4366483863330903, 0.6873020236212121, 0.0520558430552234, 0.46571854898502546, 0.10818467551319119, 0.3570630280624695, 0.08911245166737523, 0.4817513705020652, 0.10858042912830129, 0.35624578324823636, 0.39749041363357246, 0.7749548403361448, 0.49423136458816713, 0.34619612060933375, 0.331268644175837, 0.050008936868418695], ""kernels.1.base_kernel.kernels.1"": [0.6931481805599428, 0.6931481805599428, 0.6931481805599428]}","{""kernels.0"": 9.738948788294115e-06, ""kernels.0.base_kernel.kernels.1"": 0.005886557285037813, ""kernels.1"": 0.8814604240264201}",10,5,30,1,0,97
237,143.62957192786357,94.06351529785783,0.5006,global,-3.7884781436231636,0.22071692899966214,0.0005281374775495996,0.2981394608016147,0.05000893689669312,0.33333659486439415,0.7727717830645082,"{""kernels.0.base_kernel.kernels.0"": [0.33333273858790957, 0.3333427533984925, 0.33332068713638124, 0.33333658740465977, 0.3333366023241286, 0.33332523368845923, 0.3333413724403887, 0.33332531239177493, 0.33333350864096745, 0.3333323436356617, 0.33333410905705396, 0.33333075966954717, 0.3333266279481509, 0.333360029131332, 0.3333299928373062, 0.33332595794475406, 0.33333203163902025, 0.33333427900311], ""kernels.0.base_kernel.kernels.1.base_kernel"": [0.6931481805599428, 0.6931481805599428, 0.6931481805599428], ""kernels.1.base_kernel.kernels.0"": [0.05008634192492236, 0.5492421856787754, 0.43646740181547133, 0.6854967084957323, 0.05204060048621056, 0.4656262864976773, 0.10800264370900639, 0.35325911286676953, 0.08887320134204123, 0.4792121248402863, 0.10820305269799738, 0.3553452676403695, 0.3944988127870482, 0.7727717830645082, 0.4940891277255301, 0.34650456831226045, 0.32968436364808007, 0.05000893689669312], ""kernels.1.base_kernel.kernels.1"": [0.6931481805599428, 0.6931481805599428, 0.6931481805599428]}","{""kernels.0"": 9.738920143100171e-06, ""kernels.0.base_kernel.kernels.1"": 0.00588655675159258, ""kernels.1"": 0.8885220867331084}",10,5,30,0,0,98
238,138.43284589721688,94.06351529785783,0.502,global,-3.4110377750017005,0.32034143548650207,0.0005301411987114319,0.2981394024826362,0.050008936896693716,0.3333365948620969,0.7727717449984519,"{""kernels.0.base_kernel.kernels.0"": [0.3333327385885094, 0.33334275339006614, 0.3333206871362627, 0.3333365873996435, 0.3333366023245502, 0.33332523368709543, 0.3333413724388647, 0.33332531238872415, 0.33333350864065037, 0.33333234363058317, 0.33333410905744953, 0.3333307596707109, 0.3333266279485354, 0.3333600291328419, 0.33332999283712056, 0.33332595794635417, 0.33333203163853153, 0.3333342790034084], ""kernels.0.base_kernel.kernels.1.base_kernel"": [0.6931481805599428, 0.6931481805599428, 0.6931481805599428], ""kernels.1.base_kernel.kernels.0"": [0.05008634192454992, 0.5492421418148072, 0.43646739726417305, 0.6854966902974312, 0.052040600231105925, 0.46562626487879905, 0.10800264592670084, 0.3532590775419581, 0.0888732008997914, 0.47921203055552564, 0.1082030512073644, 0.35534527202777827, 0.3944987737904855, 0.7727717449984519, 0.49408912861148957, 0.3465045800244204, 0.32968433786303913, 0.050008936896693716], ""kernels.1.base_kernel.kernels.1"": [0.6931481805599428, 0.6931481805599428, 0.6931481805599428]}","{""kernels.0"": 9.738920142607631e-06, ""kernels.0.base_kernel.kernels.1"": 0.005886556751583097, ""kernels.1"": 0.888521911776183}",10,5,30,1,0,99
239,99.0727184586714,94.06351529785783,0.501,global,-3.759218499009065,0.07653329468339179,0.0005307536528754596,0.296001480034114,0.050008936907110654,0.3333365175105783,0.7713938535896764,"{""kernels.0.base_kernel.kernels.0"": [0.33333276015904656, 0.33334246606300955, 0.333320685176534, 0.33333641841605327, 0.33333661660510333, 0.33332518304431924, 0.3333413151074756, 0.33332520571198915, 0.3333334968915419, 0.3333321649493861, 0.33333412237393156, 0.3333307948877741, 0.33332664051075866, 0.33336008436155873, 0.3333299897033607, 0.3333260132259287, 0.3333320105795518, 0.33333428617445093], ""kernels.0.base_kernel.kernels.1.base_kernel"": [0.6931481805599428, 0.6931481805599428, 0.6931481805599428], ""kernels.1.base_kernel.kernels.0"": [0.05008632911234233, 0.5479180281056187, 0.4361276318503366, 0.6848217229776445, 0.05203155238958773, 0.46484710446545807, 0.1081414142280129, 0.3517699441970932, 0.08883377450432137, 0.47585185514428746, 0.10812603532920709, 0.3552689041811341, 0.39305690537735233, 0.7713938535896764, 0.49409187569365454, 0.34673923512131855, 0.32859893435086823, 0.050008936907110654], ""kernels.1.base_kernel.kernels.1"": [0.6931481805599428, 0.6931481805599428, 0.6931481805599428]}","{""kernels.0"": 9.738902028367795e-06, ""kernels.0.base_kernel.kernels.1"": 0.005886556419276399, ""kernels.1"": 0.8821081447810372}",10,5,30,1,0,100
240,157.42105587814217,94.06351529785783,0.4998,global,-3.8085055460871358,0.2522566400657927,0.0005247959944946096,0.29540282881197083,0.05000893693469556,0.33333629577618745,0.7678741507685853,"{""kernels.0.base_kernel.kernels.0"": [0.33333282051381047, 0.3333416809725213, 0.3333206421552226, 0.33333592886120184, 0.33333666269117307, 0.3333250032414245, 0.3333411862582595, 0.3333249140771994, 0.33333346757363586, 0.33333161933062144, 0.3333341633876847, 0.33333087344351614, 0.3333266526399517, 0.3333602524850965, 0.33332996411699767, 0.33332613757637614, 0.3333319441089995, 0.3333343142368702], ""kernels.0.base_kernel.kernels.1.base_kernel"": [0.6931481805599428, 0.6931481805599428, 0.6931481805599428], ""kernels.1.base_kernel.kernels.0"": [0.05008629446648984, 0.5444698998207151, 0.43460494416989015, 0.6829626005817293, 0.05200920164199223, 0.4626329139337632, 0.10831030790478127, 0.34794831144869426, 0.08871379733743193, 0.46708209984225835, 0.10784718406763875, 0.3553336065354424, 0.38900912565137036, 0.7678741507685853, 0.4939327063661005, 0.3467950816767692, 0.3254912118584656, 0.05000893693469556], ""kernels.1.base_kernel.kernels.1"": [0.6931481805599428, 0.6931481805599428, 0.6931481805599428]}","{""kernels.0"": 9.738864030642664e-06, ""kernels.0.base_kernel.kernels.1"": 0.00588655552647295, ""kernels.1"": 0.8803121920454089}",10,5,30,0,1,101
241,132.92637939818113,94.06351529785783,0.4962,global,-3.02712835571848,0.21918712125092385,0.00052632214950662,0.2961005424199599,0.05000893693188927,0.3333362375823398,0.767155250516486,"{""kernels.0.base_kernel.kernels.0"": [0.3333328350332215, 0.3333414414344425, 0.33332063002669193, 0.33333579541766273, 0.3333366797470169, 0.33332495294820247, 0.33334115017823757, 0.3333248597351356, 0.33333346107431255, 0.3333314840419079, 0.33333417476286714, 0.3333308820150346, 0.3333266302707075, 0.33336027905339904, 0.33332994467392635, 0.3333261601771795, 0.33333192731493827, 0.33333431995286045], ""kernels.0.base_kernel.kernels.1.base_kernel"": [0.6931481805599428, 0.6931481805599428, 0.6931481805599428], ""kernels.1.base_kernel.kernels.0"": [0.05008628586926562, 0.5428017192937207, 0.43403562129486223, 0.6823497213380452, 0.05200399431093921, 0.4618161695874328, 0.1083318615976032, 0.34726820791362195, 0.08868816519955039, 0.4645347128456558, 0.10780322413202661, 0.35527748683842814, 0.3872071324308641, 0.767155250516486, 0.49363297910388176, 0.3465773412857208, 0.3249773883464961, 0.05000893693188927], ""kernels.1.base_kernel.kernels.1"": [0.6931481805599428, 0.6931481805599428, 0.6931481805599428]}","{""kernels.0"": 9.738857774778789e-06, ""kernels.0.base_kernel.kernels.1"": 0.005886555314955213, ""kernels.1"": 0.8824053330871497}",10,5,30,0,0,102
242,112.88216700772406,94.06351529785783,0.4986,global,-2.890406592754138,0.15924018152575278,0.0005275521164835885,0.29610055089799237,0.050008936931889264,0.333336237581497,0.7671552391341192,"{""kernels.0.base_kernel.kernels.0"": [0.3333328350333885, 0.33334144143176525, 0.33332063002659035, 0.33333579541573566, 0.3333366797472583, 0.333324952947764, 0.3333411501780594, 0.3333248597343997, 0.3333334610743306, 0.33333148404019103, 0.3333341747630924, 0.3333308820151873, 0.33332663027039283, 0.3333602790536011, 0.33332994467289284, 0.333326160177094, 0.33333192731478756, 0.3333343199529999], ""kernels.0.base_kernel.kernels.1.base_kernel"": [0.6931481805599428, 0.6931481805599428, 0.6931481805599428], ""kernels.1.base_kernel.kernels.0"": [0.05008628586915946, 0.5428016983516653, 0.4340356160451398, 0.6823497133925224, 0.052003994257778026, 0.46181615882164717, 0.10833186184931964, 0.34726819664076625, 0.08868816461750686, 0.4645346810233913, 0.10780322405454483, 0.3552774846329627, 0.38720710994883584, 0.7671552391341192, 0.4936329690844916, 0.3465773307225612, 0.32497738323247005, 0.050008936931889264], ""kernels.1.base_kernel.kernels.1"": [0.6931481805599428, 0.6931481805599428, 0.6931481805599428]}","{""kernels.0"": 9.738857774746507e-06, ""kernels.0.base_kernel.kernels.1"": 0.005886555314952591, ""kernels.1"": 0.8824053585212498}",10,5,30,0,1,103
243,170.09663009502876,94.06351529785783,0.4964,global,-3.9086604677157064,0.33330106638306584,0.0005353339020575207,0.2918117821814993,0.05000893686333072,0.33333354443947183,0.7400112490755503,"{""kernels.0.base_kernel.kernels.0"": [0.33333343666882786, 0.3333329181037994, 0.33332131195391085, 0.3333310851195523, 0.33333718758231123, 0.33332340867448246, 0.33334064741435454, 0.33332304221251086, 0.3333336522101158, 0.33332730297246005, 0.3333346995681575, 0.33333077911119274, 0.33332627436787365, 0.33336167955392065, 0.3333274339816167, 0.33332615413588884, 0.3333315272361601, 0.3333346375888875], ""kernels.0.base_kernel.kernels.1.base_kernel"": [0.6931481805599428, 0.6931481805599428, 0.6931481805599428], ""kernels.1.base_kernel.kernels.0"": [0.050085950680839056, 0.5259098900344086, 0.4165556931726324, 0.6744644583928172, 0.051861236958056535, 0.42464038847621743, 0.11576957887222633, 0.3521887543622737, 0.08501003887558992, 0.3919278165276945, 0.10514092372277639, 0.3537372999262884, 0.33076741811827176, 0.7400112490755503, 0.4668189503922211, 0.31742455543018416, 0.3115042324365321, 0.05000893686333072], ""kernels.1.base_kernel.kernels.1"": [0.6931481805599428, 0.6931481805599428, 0.6931481805599428]}","{""kernels.0"": 9.738740530310398e-06, ""kernels.0.base_kernel.kernels.1"": 0.005886547720244596, ""kernels.1"": 0.869539060083723}",10,5,30,0,0,104
244,119.18349409821377,94.06351529785783,0.4994,global,-3.503068924756117,0.24279509938064983,0.0005361684447992888,0.2923254523226036,0.05000893686345395,0.3333335485599957,0.7404548363410829,"{""kernels.0.base_kernel.kernels.0"": [0.33333344122172875, 0.33333285595805745, 0.33332133665821145, 0.3333310318686288, 0.3333371921160104, 0.33332343228378886, 0.3333406325441879, 0.33332302824716087, 0.33333365589826264, 0.3333272648981784, 0.3333347121699901, 0.3333307839141142, 0.3333262781132341, 0.3333616674686793, 0.33332740476314404, 0.3333261835663267, 0.33333152045489733, 0.3333346415647611], ""kernels.0.base_kernel.kernels.1.base_kernel"": [0.6931481805599428, 0.6931481805599428, 0.6931481805599428], ""kernels.1.base_kernel.kernels.0"": [0.0500859434202006, 0.5266531451632093, 0.41678106382556895, 0.6745572743572048, 0.05185747178248962, 0.4247307798628705, 0.11560843620915104, 0.3524540395628259, 0.08492692329327772, 0.39125797643802857, 0.10516158194633746, 0.3540405020085164, 0.33040365768386426, 0.7404548363410829, 0.4667110728416067, 0.31825109426448733, 0.3110526454468538, 0.05000893686345395], ""kernels.1.base_kernel.kernels.1"": [0.6931481805599428, 0.6931481805599428, 0.6931481805599428]}","{""kernels.0"": 9.738735834473534e-06, ""kernels.0.base_kernel.kernels.1"": 0.005886547494838823, ""kernels.1"": 0.8710800707371376}",10,5,30,0,0,105
245,170.04436166794466,94.06351529785783,0.4994,global,-3.989676575298892,0.31995635850992665,0.0005364483582220634,0.29232544944605376,0.050008936863453944,0.3333335485600188,0.7404548399538592,"{""kernels.0.base_kernel.kernels.0"": [0.3333334412217544, 0.333332855957659, 0.3333213366583785, 0.3333310318683192, 0.3333371921160382, 0.3333234322839355, 0.333340632544083, 0.3333230282470865, 0.3333336558982832, 0.3333272648979543, 0.33333471217006133, 0.3333307839141487, 0.33332627811324106, 0.33336166746858065, 0.33332740476295114, 0.3333261835665209, 0.33333152045486103, 0.33333464156476716], ""kernels.0.base_kernel.kernels.1.base_kernel"": [0.6931481805599428, 0.6931481805599428, 0.6931481805599428], ""kernels.1.base_kernel.kernels.0"": [0.050085943420154835, 0.5266531514679098, 0.4167810654361547, 0.674557275466416, 0.051857471758498044, 0.4247307807081213, 0.11560843546898944, 0.35245404119952556, 0.0849269227586009, 0.39125797279686225, 0.10516158204912356, 0.3540405038085921, 0.3304036558132225, 0.7404548399538592, 0.4667110723259055, 0.31825110033325177, 0.3110526429534272, 0.050008936863453944], ""kernels.1.base_kernel.kernels.1"": [0.6931481805599428, 0.6931481805599428, 0.6931481805599428]}","{""kernels.0"": 9.738735834433625e-06, ""kernels.0.base_kernel.kernels.1"": 0.005886547494837353, ""kernels.1"": 0.8710800621074896}",12,3,36,0,0,106
246,98.5516606355971,94.06351529785783,0.498,global,-1.7393133084752688,0.12508539481626477,0.0005370940030380905,0.29224952869289905,0.05000893685852579,0.33333355105306717,0.7410130568087752,"{""kernels.0.base_kernel.kernels.0"": [0.33333344402090326, 0.33333278151070583, 0.33332136066219703, 0.33333098539010797, 0.33333719979822607, 0.3333234565955578, 0.3333406163857819, 0.3333230136796907, 0.33333365808523113, 0.3333272310249687, 0.3333347274323544, 0.33333078415884915, 0.33332627280309096, 0.33336164787713607, 0.333327369398633, 0.3333262197454256, 0.3333315132838429, 0.3333346415053597], ""kernels.0.base_kernel.kernels.1.base_kernel"": [0.6931481805599428, 0.6931481805599428, 0.6931481805599428], ""kernels.1.base_kernel.kernels.0"": [0.05008593584245161, 0.5273018597088233, 0.41701490851684153, 0.6745976427390217, 0.051853696195292065, 0.42468432238264997, 0.11548105711508809, 0.3524488295484097, 0.08482117046768861, 0.3905371699101884, 0.10517799355355417, 0.354143496751275, 0.3299189826783744, 0.7410130568087752, 0.4665673646172071, 0.3191873073264723, 0.31060393003257775, 0.05000893685852579], ""kernels.1.base_kernel.kernels.1"": [0.6931481805599428, 0.6931481805599428, 0.6931481805599428]}","{""kernels.0"": 9.738729476820641e-06, ""kernels.0.base_kernel.kernels.1"": 0.005886547255118116, ""kernels.1"": 0.8708523000941023}",12,3,36,0,0,107
247,128.70365393950186,94.06351529785783,0.5038,global,-3.7840052826643773,0.2652817342858519,0.0005347096741936473,0.29197110644645846,0.050008935937101914,0.3333338882455547,0.7233275882725211,"{""kernels.0.base_kernel.kernels.0"": [0.33333359031644355, 0.3333286030343744, 0.3333220036280696, 0.33332946709462546, 0.3333374073426388, 0.3333247914051835, 0.3333408412174186, 0.3333214368320346, 0.33333418617466587, 0.333325466612018, 0.33333556034391015, 0.333329132982441, 0.3333259128499134, 0.3333628138459931, 0.3333255428310553, 0.33332761043482606, 0.3333313260103678, 0.33333477263245864], ""kernels.0.base_kernel.kernels.1.base_kernel"": [0.6931481805599428, 0.6931481805599428, 0.6931481805599428], ""kernels.1.base_kernel.kernels.0"": [0.050085476294558555, 0.5651430147644764, 0.4099106402888416, 0.7068180353880957, 0.05170269513936984, 0.5138436992948391, 0.09825610911986579, 0.38565950903581, 0.09341920126058063, 0.40464151371146106, 0.10656364788143721, 0.351093294092668, 0.3001369045913153, 0.7233275882725211, 0.4690389246846148, 0.3319771882528242, 0.3065986960545245, 0.050008935937101914], ""kernels.1.base_kernel.kernels.1"": [0.6931481805599428, 0.6931481805599428, 0.6931481805599428]}","{""kernels.0"": 9.738462459525016e-06, ""kernels.0.base_kernel.kernels.1"": 0.005886534556670395, ""kernels.1"": 0.8700170463202455}",12,3,36,0,0,108
248,114.23189750979012,94.06351529785783,0.4974,global,-3.220689064667304,0.08869029152019804,0.0005355319643355874,0.2906800460583015,0.05000893585909246,0.33333389184768214,0.7258847636252111,"{""kernels.0.base_kernel.kernels.0"": [0.3333336039389389, 0.3333284249609095, 0.33332207023152816, 0.3333294004884045, 0.3333374198520664, 0.3333246961156979, 0.33334087121482103, 0.3333213274628943, 0.33333417975642543, 0.33332540550822803, 0.3333355713471297, 0.333329073056994, 0.33332592640690667, 0.33336284640062686, 0.33332550569700947, 0.3333275913111004, 0.3333313181511288, 0.3333347765626572], ""kernels.0.base_kernel.kernels.1.base_kernel"": [0.6931481805599428, 0.6931481805599428, 0.6931481805599428], ""kernels.1.base_kernel.kernels.0"": [0.05008544616501665, 0.5622610387612922, 0.4116044751408201, 0.7047176863971921, 0.051693471616913664, 0.5091071790327242, 0.09824168910060692, 0.382722052889041, 0.09405442663720417, 0.4044264537902943, 0.10629210232261845, 0.3504127327906799, 0.29936567511099527, 0.7258847636252111, 0.4690517261954746, 0.3304685137732083, 0.306456574119496, 0.05000893585909246], ""kernels.1.base_kernel.kernels.1"": [0.6931481805599428, 0.6931481805599428, 0.6931481805599428]}","{""kernels.0"": 9.738449652010557e-06, ""kernels.0.base_kernel.kernels.1"": 0.005886533762309451, ""kernels.1"": 0.866143865962943}",12,3,36,0,0,109
249,98.31377721190293,94.06351529785783,0.4988,global,-2.751523002338059,0.15488809694845226,0.0005470976548806124,0.2906801378064533,0.05000893585909168,0.3333338918476455,0.7258848026754139,"{""kernels.0.base_kernel.kernels.0"": [0.3333336039389402, 0.33332842495987214, 0.3333220702327855, 0.333329400485185, 0.33333741985228854, 0.33332469611451127, 0.33334087121509004, 0.33332132746210424, 0.3333341797563509, 0.3333254055078375, 0.33333557134718983, 0.3333290730567653, 0.3333259264062604, 0.33336284640140246, 0.33332550569662145, 0.33332759131114215, 0.33333131815098754, 0.33333477656270594], ""kernels.0.base_kernel.kernels.1.base_kernel"": [0.6931481805599428, 0.6931481805599428, 0.6931481805599428], ""kernels.1.base_kernel.kernels.0"": [0.050085446164828774, 0.5622609818752843, 0.41160450855724495, 0.7047176440131617, 0.0516934715329367, 0.5091071679809849, 0.0982416954346931, 0.3827220158256355, 0.09405442926672448, 0.4044264290483054, 0.1062920956947528, 0.3504127157786077, 0.2993656388480167, 0.7258848026754139, 0.469051680541549, 0.3304685187351516, 0.3064565656108777, 0.05000893585909168], ""kernels.1.base_kernel.kernels.1"": [0.6931481805599428, 0.6931481805599428, 0.6931481805599428]}","{""kernels.0"": 9.738449652025521e-06, ""kernels.0.base_kernel.kernels.1"": 0.005886533762304916, ""kernels.1"": 0.8661441412074029}",12,3,36,0,1,110
250,107.8664428349969,94.06351529785783,0.4992,global,-2.794915064287842,0.13240704342992884,0.000554447198585137,0.3050231390516565,0.050008922294308755,0.3333339981206473,0.7834132122538158,"{""kernels.0.base_kernel.kernels.0"": [0.3333335639617418, 0.3333292079762189, 0.3333292397292389, 0.33332132888171595, 0.33333758927838564, 0.3333213066900622, 0.33333956490846606, 0.33332592708697956, 0.3333322255409762, 0.3333270873471625, 0.33333534857544556, 0.33332959615540625, 0.33332826978737473, 0.3333645797990028, 0.33332673232797216, 0.3333266249516949, 0.33333090961939255, 0.3333344322795528], ""kernels.0.base_kernel.kernels.1.base_kernel"": [0.6931481805599428, 0.6931481805599428, 0.6931481805599428], ""kernels.1.base_kernel.kernels.0"": [0.05008198340340738, 0.5293858371882976, 0.48353458160220286, 0.6939263638436193, 0.05080684548849831, 0.39178183460886257, 0.10430284504991591, 0.3144441385745462, 0.3707144491835384, 0.3344251694570094, 0.1069732361195117, 0.3753148616665113, 0.2341526635631862, 0.7834132122538158, 0.3887871547467552, 0.352623517946571, 0.28065959257748857, 0.050008922294308755], ""kernels.1.base_kernel.kernels.1"": [0.6931481805599428, 0.6931481805599428, 0.6931481805599428]}","{""kernels.0"": 9.736058838377007e-06, ""kernels.0.base_kernel.kernels.1"": 0.005886457338373104, ""kernels.1"": 0.9091732237577581}",12,3,36,0,0,111
251,97.34837883726425,94.06351529785783,0.5,global,-2.9543489685398603,0.12673129961148322,0.0005591155266953954,0.30623688937190235,0.05000892222598081,0.3333339981512816,0.782637039503581,"{""kernels.0.base_kernel.kernels.0"": [0.33333356308961637, 0.3333292007360385, 0.3333292061011713, 0.33332135997443924, 0.33333758875102454, 0.33332131407341414, 0.3333395625966806, 0.3333259304133476, 0.33333222262044127, 0.33332708909158865, 0.3333353470747353, 0.3333296005365243, 0.3333282596874504, 0.3333645866964114, 0.33332672263324176, 0.33332662158497656, 0.33333091170860324, 0.3333344332129469], ""kernels.0.base_kernel.kernels.1.base_kernel"": [0.6931481805599428, 0.6931481805599428, 0.6931481805599428], ""kernels.1.base_kernel.kernels.0"": [0.0500819669401743, 0.5290400506927357, 0.483379255517038, 0.6944787157889385, 0.05080540439985551, 0.3921758902437635, 0.1039274737582743, 0.31570393871057273, 0.36941897669042034, 0.33471625995124693, 0.10690703444904787, 0.375677778571494, 0.23390319050313713, 0.782637039503581, 0.3887227193436546, 0.3523157644429262, 0.28087953699384377, 0.05000892222598081], ""kernels.1.base_kernel.kernels.1"": [0.6931481805599428, 0.6931481805599428, 0.6931481805599428]}","{""kernels.0"": 9.736045809313257e-06, ""kernels.0.base_kernel.kernels.1"": 0.005886457097715985, ""kernels.1"": 0.9128144749721818}",12,3,36,0,0,112
252,172.24951782368504,94.06351529785783,0.5006,global,-3.9705475202977114,0.33335039508654946,0.000558538867978993,0.30317982152833617,0.05000892210166926,0.333334000585256,0.7819475338054557,"{""kernels.0.base_kernel.kernels.0"": [0.33333356097383926, 0.3333292314838011, 0.33332913413651744, 0.33332145853770634, 0.333337590942005, 0.33332136461076045, 0.3333395602651807, 0.33332594496780116, 0.33333221683277864, 0.3333271073118025, 0.3333353479982752, 0.333329614997268, 0.33332824063085154, 0.3333646113638057, 0.3333267033547288, 0.3333266233554382, 0.3333309219274665, 0.3333344401966727], ""kernels.0.base_kernel.kernels.1.base_kernel"": [0.6931481805599428, 0.6931481805599428, 0.6931481805599428], ""kernels.1.base_kernel.kernels.0"": [0.05008193387358882, 0.5311770697346132, 0.4832225646076372, 0.6965640127429633, 0.05080267732579059, 0.3940580809362871, 0.10341502507455563, 0.31890699161482194, 0.366661474996456, 0.3359091373754095, 0.10696676627603063, 0.37674817116485704, 0.23397682826321206, 0.7819475338054557, 0.38861604614022527, 0.35233400328556347, 0.28164346725872436, 0.05000892210166926], ""kernels.1.base_kernel.kernels.1"": [0.6931481805599428, 0.6931481805599428, 0.6931481805599428]}","{""kernels.0"": 9.736016322107565e-06, ""kernels.0.base_kernel.kernels.1"": 0.00588645660014809, ""kernels.1"": 0.9036432719685382}",12,3,36,0,0,113
253,217.62304793404212,94.06351529785783,0.496,global,-3.998354615212389,0.37663965939313754,0.0005597285996016142,0.3031799150864321,0.05000892210166676,0.3333340005853036,0.7819475139602019,"{""kernels.0.base_kernel.kernels.0"": [0.33333356097381933, 0.33332923148378113, 0.33332913413374493, 0.3333214585389362, 0.33333759094216386, 0.3333213646108998, 0.3333395602653803, 0.3333259449674584, 0.3333322168325848, 0.3333271073119105, 0.3333353479982645, 0.3333296149971245, 0.33332824063030664, 0.33336461136468276, 0.3333267033541031, 0.3333266233553598, 0.33333092192742214, 0.33333444019678793], ""kernels.0.base_kernel.kernels.1.base_kernel"": [0.6931481805599428, 0.6931481805599428, 0.6931481805599428], ""kernels.1.base_kernel.kernels.0"": [0.05008193387299134, 0.5311770762078898, 0.4832225513603293, 0.6965640308732582, 0.050802677276129554, 0.3940580879956822, 0.10341501157574037, 0.3189070233161079, 0.36666142386636874, 0.33590915105222063, 0.10696676135693646, 0.3767481709668477, 0.23397681359057862, 0.7819475139602019, 0.3886160360861448, 0.35233399162397017, 0.28164347459747385, 0.05000892210166676], ""kernels.1.base_kernel.kernels.1"": [0.6931481805599428, 0.6931481805599428, 0.6931481805599428]}","{""kernels.0"": 9.73601632170218e-06, ""kernels.0.base_kernel.kernels.1"": 0.005886456600139479, ""kernels.1"": 0.9036435526428352}",12,3,36,0,0,114
254,167.07632525919803,94.06351529785783,0.4946,global,-3.5548396700684446,0.26255598411112463,0.0005650324963289774,0.3043970969948672,0.05000891838636164,0.33333417574837754,0.7714979372428539,"{""kernels.0.base_kernel.kernels.0"": [0.3333336138645855, 0.33332915338160973, 0.3333259049116852, 0.3333227479658136, 0.33333786069798466, 0.3333214097357628, 0.33334021625361704, 0.3333249409143577, 0.33333219561358074, 0.3333270873569979, 0.33333540890363483, 0.3333291667129695, 0.3333278809807711, 0.33336603326086306, 0.33332608904120725, 0.333326304282032, 0.333330980185213, 0.3333347376321696], ""kernels.0.base_kernel.kernels.1.base_kernel"": [0.6931481805599428, 0.6931481805599428, 0.6931481805599428], ""kernels.1.base_kernel.kernels.0"": [0.05008109348956506, 0.556943842481459, 0.4763878403135173, 0.7075716912963612, 0.05073468515584068, 0.40945460752407864, 0.09965273100755359, 0.36025779901590893, 0.3223578206129973, 0.3563378300793065, 0.10532314349724105, 0.36991037820337297, 0.21955159082694437, 0.7714979372428539, 0.382705679564297, 0.34396890462954943, 0.29581435041200144, 0.05000891838636164], ""kernels.1.base_kernel.kernels.1"": [0.6931481805599428, 0.6931481805599428, 0.6931481805599428]}","{""kernels.0"": 9.735427841524152e-06, ""kernels.0.base_kernel.kernels.1"": 0.005886444064199187, ""kernels.1"": 0.9072951114925609}",12,3,36,0,0,115
255,195.49889368612054,94.06351529785783,0.4976,global,-3.8077066568324893,0.22622363040059798,0.0005662436876338118,0.3043971594843769,0.05000891838635808,0.33333417574840474,0.771497953037767,"{""kernels.0.base_kernel.kernels.0"": [0.33333361386456484, 0.33332915338010405, 0.3333259049119891, 0.3333227479653521, 0.3333378606983743, 0.33332140973393815, 0.33334021625371146, 0.333324940912542, 0.33333219561208843, 0.33332708735675537, 0.3333354089038373, 0.3333291667130304, 0.333327880980029, 0.33336603326147835, 0.3333260890414524, 0.3333263042823089, 0.33333098018533525, 0.33333473763224464], ""kernels.0.base_kernel.kernels.1.base_kernel"": [0.6931481805599428, 0.6931481805599428, 0.6931481805599428], ""kernels.1.base_kernel.kernels.0"": [0.05008109348903441, 0.5569438103920964, 0.4763878573108679, 0.7075716875895632, 0.050734685110635974, 0.40945458526081413, 0.09965272832068936, 0.36025778410029125, 0.32235776557002904, 0.35633783629508126, 0.10532314764142041, 0.3699103439614717, 0.2195515823429623, 0.771497953037767, 0.38270570084272587, 0.34396889121515795, 0.29581435390010913, 0.05000891838635808], ""kernels.1.base_kernel.kernels.1"": [0.6931481805599428, 0.6931481805599428, 0.6931481805599428]}","{""kernels.0"": 9.73542784119727e-06, ""kernels.0.base_kernel.kernels.1"": 0.005886444064190419, ""kernels.1"": 0.9072952989610992}",12,3,36,0,1,116
256,137.91186250310125,94.06351529785783,0.4992,global,-3.5068648082347247,0.2306310055477693,0.0005742438769257177,0.2962325817828367,0.050008915169130315,0.333332547551135,0.8056496087817483,"{""kernels.0.base_kernel.kernels.0"": [0.333333665090431, 0.3333203831620377, 0.3333274437836351, 0.3333253979010695, 0.33333824241583876, 0.33331981460683613, 0.3333401126529157, 0.3333234326090166, 0.3333300156497461, 0.33332718004393247, 0.33333562542529244, 0.33332904797795176, 0.3333278689294739, 0.3333665869884054, 0.3333258025861978, 0.3333266154973793, 0.333331430011839, 0.3333348171367794], ""kernels.0.base_kernel.kernels.1.base_kernel"": [0.6931481805599428, 0.6931481805599428, 0.6931481805599428], ""kernels.1.base_kernel.kernels.0"": [0.05008054232311694, 0.3008247881526375, 0.5033768007719628, 0.7061306963191941, 0.05070072841549593, 0.4146184830230998, 0.10057791320449624, 0.35788175312888104, 0.26658419350430057, 0.36226306046183204, 0.11377938272994809, 0.33895520778212096, 0.23587047578152226, 0.8056496087817483, 0.3577304569469971, 0.34481906669559376, 0.30772797429523474, 0.050008915169130315], ""kernels.1.base_kernel.kernels.1"": [0.6931481805599428, 0.6931481805599428, 0.6931481805599428]}","{""kernels.0"": 9.735187613570974e-06, ""kernels.0.base_kernel.kernels.1"": 0.005886435818738368, ""kernels.1"": 0.8828015743421581}",12,3,36,0,0,117
257,147.2581833714504,94.06351529785783,0.499,global,-3.8551949006972177,0.2557547584547119,0.0005733074627474691,0.3090092225680512,0.05000891208518035,0.33333238340509347,0.782438256185773,"{""kernels.0.base_kernel.kernels.0"": [0.33333321154145135, 0.3333301939790721, 0.3333275503877731, 0.3333238294794258, 0.3333382036351557, 0.3333199365657817, 0.33334020813536414, 0.33332281905501615, 0.3333301327655152, 0.33332694973458055, 0.33333491697828627, 0.33333091346787785, 0.33332827483307015, 0.3333640125096788, 0.3333256681996929, 0.3333269514705684, 0.3333315552687356, 0.33333477551719415], ""kernels.0.base_kernel.kernels.1.base_kernel"": [0.6931481805599428, 0.6931481805599428, 0.6931481805599428], ""kernels.1.base_kernel.kernels.0"": [0.050078770935655596, 0.2815094116227043, 0.4923470029452364, 0.6799901451638312, 0.050646910443997564, 0.46617159025745725, 0.11108792374211009, 0.37451717344749613, 0.23690310590860653, 0.3713018585449659, 0.10974214367601054, 0.3759138410507094, 0.33945389171723056, 0.782438256185773, 0.37670784066980345, 0.32793162177282204, 0.32037096990995517, 0.05000891208518035], ""kernels.1.base_kernel.kernels.1"": [0.6931481805599428, 0.6931481805599428, 0.6931481805599428]}","{""kernels.0"": 9.734310284228843e-06, ""kernels.0.base_kernel.kernels.1"": 0.005886415631182957, ""kernels.1"": 0.9211315177626864}",12,3,36,1,1,118
258,120.48730947811151,94.06351529785783,0.5008,local,-3.665156084218297,0.30058413679978374,0.0005743848236775696,0.3090092396975235,0.05000891208517972,0.33333238340520754,0.7824382512669639,"{""kernels.0.base_kernel.kernels.0"": [0.33333321154154333, 0.3333301939794072, 0.33332755038521217, 0.33332382947725103, 0.33333820363545735, 0.3333199365647523, 0.33334020813547965, 0.33332281905447947, 0.33333013276548945, 0.3333269497340086, 0.3333349169784681, 0.33333091346749805, 0.33332827483286054, 0.3333640125106316, 0.3333256681995244, 0.33332695147020924, 0.3333315552688718, 0.3333347755172505], ""kernels.0.base_kernel.kernels.1.base_kernel"": [0.6931481805599428, 0.6931481805599428, 0.6931481805599428], ""kernels.1.base_kernel.kernels.0"": [0.05007877093468877, 0.2815093986305841, 0.492346983509117, 0.6799901517119902, 0.0506469104203704, 0.46617158187103513, 0.11108792223292549, 0.3745171505360984, 0.2369030986746958, 0.3713018518432396, 0.10974214320838038, 0.37591384335720107, 0.339453880985758, 0.7824382512669639, 0.3767078472228666, 0.32793161642031077, 0.32037097003536724, 0.05000891208517972], ""kernels.1.base_kernel.kernels.1"": [0.6931481805599428, 0.6931481805599428, 0.6931481805599428]}","{""kernels.0"": 9.734310283972756e-06, ""kernels.0.base_kernel.kernels.1"": 0.00588641563117409, ""kernels.1"": 0.9211315691511124}",12,3,36,1,1,119
259,96.14886734864535,94.06351529785783,0.5004,local,-2.7675873829506576,0.1229390455618343,0.0005712046363242727,0.30774006324170916,0.05000891181156613,0.3333324386556744,0.7802935102713937,"{""kernels.0.base_kernel.kernels.0"": [0.33333326345372194, 0.33333039858924446, 0.33332621271616336, 0.333322736707813, 0.3333383602237608, 0.3333195524868461, 0.3333402794685584, 0.33332264768517306, 0.3333301954095696, 0.3333266464614996, 0.3333350275143065, 0.33333076488158675, 0.333328256977856, 0.333364499235149, 0.3333256013723769, 0.33332674891964253, 0.33333161385762683, 0.3333348163658599], ""kernels.0.base_kernel.kernels.1.base_kernel"": [0.6931481805599428, 0.6931481805599428, 0.6931481805599428], ""kernels.1.base_kernel.kernels.0"": [0.050078274753674254, 0.27562192889942577, 0.48532197185865505, 0.6870355572630051, 0.05063517387813516, 0.4713140978048595, 0.11088096198056216, 0.36647170767885845, 0.23730590079853567, 0.36806776734737034, 0.11002109803381124, 0.38038023292589845, 0.3361382148763323, 0.7802935102713937, 0.3802352512616931, 0.3254452735454314, 0.3204556977581408, 0.05000891181156613], ""kernels.1.base_kernel.kernels.1"": [0.6931481805599428, 0.6931481805599428, 0.6931481805599428]}","{""kernels.0"": 9.734177366544358e-06, ""kernels.0.base_kernel.kernels.1"": 0.005886411062108871, ""kernels.1"": 0.9173240444856521}",12,3,36,4,0,120
260,211.9682849619194,94.06351529785783,0.5008,global,-4.023118602215813,0.2666759463117519,0.0005709328869080664,0.30634889603534954,0.05000891179441393,0.333332440434304,0.7806151244336548,"{""kernels.0.base_kernel.kernels.0"": [0.3333332645800963, 0.33333044273233453, 0.3333261442875107, 0.33332269937660997, 0.33333836481787665, 0.3333195429198765, 0.33334027330394284, 0.33332265510456, 0.3333302069035427, 0.33332663938466006, 0.3333350322126548, 0.3333307583191355, 0.3333282543259869, 0.3333645466193891, 0.3333256028556336, 0.33332674827769176, 0.33333161628851166, 0.33333481648501306], ""kernels.0.base_kernel.kernels.1.base_kernel"": [0.6931481805599428, 0.6931481805599428, 0.6931481805599428], ""kernels.1.base_kernel.kernels.0"": [0.05007823163420991, 0.27797108123936465, 0.48514885374483924, 0.6874715036227759, 0.05063420905405364, 0.471695286549811, 0.11077102501861481, 0.36652051960720844, 0.23851390360261873, 0.36819063479604525, 0.10992749875841434, 0.3804655189316832, 0.33625799042451976, 0.7806151244336548, 0.3806311722876514, 0.3258710960293774, 0.3205385662412709, 0.05000891179441393], ""kernels.1.base_kernel.kernels.1"": [0.6931481805599428, 0.6931481805599428, 0.6931481805599428]}","{""kernels.0"": 9.73416271607689e-06, ""kernels.0.base_kernel.kernels.1"": 0.005886410657426124, ""kernels.1"": 0.9131505432859064}",12,3,36,1,0,121
261,106.77965557674479,94.06351529785783,0.5004,global,-3.1491615525036893,0.12418418393646559,0.0005732259651837961,0.30634900883979627,0.05000891179441321,0.33333244043425864,0.7806151215852748,"{""kernels.0.base_kernel.kernels.0"": [0.3333332645802233, 0.3333304427329477, 0.3333261442853645, 0.33332269937321096, 0.33333836481825124, 0.3333195429185534, 0.33334027330373067, 0.3333226551052141, 0.33333020690322535, 0.3333266393838326, 0.3333350322128434, 0.3333307583189305, 0.33332825432528607, 0.3333645466204434, 0.33332560285531526, 0.3333267482775825, 0.333331616288294, 0.33333481648485913], ""kernels.0.base_kernel.kernels.1.base_kernel"": [0.6931481805599428, 0.6931481805599428, 0.6931481805599428], ""kernels.1.base_kernel.kernels.0"": [0.050078231633610006, 0.27797111356833604, 0.4851488040373871, 0.6874714398808622, 0.05063420904058334, 0.47169522328952673, 0.11077102133671865, 0.3665204964533314, 0.23851387376568403, 0.3681905791680902, 0.10992749874118682, 0.3804655043809351, 0.336257970864368, 0.7806151215852748, 0.38063117026152626, 0.3258710940394172, 0.320538565410251, 0.05000891179441321], ""kernels.1.base_kernel.kernels.1"": [0.6931481805599428, 0.6931481805599428, 0.6931481805599428]}","{""kernels.0"": 9.734162716035843e-06, ""kernels.0.base_kernel.kernels.1"": 0.00588641065742062, ""kernels.1"": 0.9131508816992522}",12,3,36,0,0,122
262,150.86416006684607,94.06351529785783,0.5028,global,-4.115355457179783,0.3328937174965767,0.0005751985390862282,0.30634907168706776,0.05000891179441281,0.33333244043406407,0.7806151189730536,"{""kernels.0.base_kernel.kernels.0"": [0.333333264580296, 0.33333044273332335, 0.33332614428431273, 0.3333226993718821, 0.333338364818373, 0.33331954291783017, 0.33334027330357324, 0.33332265510567655, 0.3333302069030223, 0.33332663938336154, 0.3333350322129521, 0.3333307583187544, 0.33332825432475477, 0.3333645466211175, 0.3333256028551399, 0.3333267482775812, 0.3333316162878321, 0.33333481648476404], ""kernels.0.base_kernel.kernels.1.base_kernel"": [0.6931481805599428, 0.6931481805599428, 0.6931481805599428], ""kernels.1.base_kernel.kernels.0"": [0.05007823163327497, 0.27797113653407224, 0.48514877858333016, 0.6874714142371647, 0.05063420903351624, 0.4716951858138717, 0.11077102033141184, 0.36652048187437125, 0.23851385574770534, 0.3681905423059253, 0.1099274980070847, 0.3804654946333755, 0.33625794848227175, 0.7806151189730536, 0.38063117174231087, 0.3258710932244781, 0.3205385603690173, 0.05000891179441281], ""kernels.1.base_kernel.kernels.1"": [0.6931481805599428, 0.6931481805599428, 0.6931481805599428]}","{""kernels.0"": 9.734162716000516e-06, ""kernels.0.base_kernel.kernels.1"": 0.005886410657417566, ""kernels.1"": 0.9131510702410697}",12,3,36,1,1,123
263,114.15904085260871,94.06351529785783,0.4972,global,-3.8748465729528196,0.12675115500078674,0.0005759060793734577,0.3121122667705025,0.050008911756758104,0.33333242239261685,0.7803549721415893,"{""kernels.0.base_kernel.kernels.0"": [0.3333332712143378, 0.3333304765612806, 0.33332604438250063, 0.33332257408279475, 0.33333837669043426, 0.33331947217677343, 0.33334025959105673, 0.333322694303139, 0.3333301878489924, 0.33332659565615125, 0.33333504226990707, 0.333330745478645, 0.33332820603365754, 0.3333646065844983, 0.33332558576800575, 0.3333267501416536, 0.33333157357089593, 0.33333480771680424], ""kernels.0.base_kernel.kernels.1.base_kernel"": [0.6931481805599428, 0.6931481805599428, 0.6931481805599428], ""kernels.1.base_kernel.kernels.0"": [0.05007820080947306, 0.2801311273272473, 0.48273510373956036, 0.685049719641018, 0.050633553809576695, 0.46813907106727415, 0.1106519014310684, 0.36505070992996885, 0.2369208551622224, 0.3647883490601167, 0.10983006327657144, 0.38006566755086, 0.3343047028735848, 0.7803549721415893, 0.3808193790562598, 0.3258086816560343, 0.3201003438639808, 0.050008911756758104], ""kernels.1.base_kernel.kernels.1"": [0.6931481805599428, 0.6931481805599428, 0.6931481805599428]}","{""kernels.0"": 9.734159480537558e-06, ""kernels.0.base_kernel.kernels.1"": 0.005886410377031337, ""kernels.1"": 0.9304406557749957}",12,3,36,0,0,124
264,104.45852600062688,94.06351529785783,0.5008,global,-3.016601864073045,0.0951606033117117,0.0005819343145869851,0.30888565713915445,0.050008911025674965,0.33333120635227886,0.7744603362714705,"{""kernels.0.base_kernel.kernels.0"": [0.333333474872063, 0.33333182563166547, 0.33332307858547033, 0.33332008270313174, 0.33333859418247447, 0.33331698317291125, 0.33333994248172666, 0.3333241180519885, 0.3333298039949526, 0.3333255059158576, 0.33333532643006425, 0.3333299355266837, 0.33332717063981865, 0.33336606922330686, 0.333325390131457, 0.3333270044197569, 0.3333305870728923, 0.3333345599659835], ""kernels.0.base_kernel.kernels.1.base_kernel"": [0.6931481805599428, 0.6931481805599428, 0.6931481805599428], ""kernels.1.base_kernel.kernels.0"": [0.05007746616905923, 0.3997085974028887, 0.4206967398049388, 0.6270610463575377, 0.05061937965557156, 0.39202772300739525, 0.11272089782805349, 0.34979353038452937, 0.20091049255127816, 0.2923706684077818, 0.11071779309582841, 0.37276296713045065, 0.2903427972224709, 0.7744603362714705, 0.38978834673078266, 0.33024699884994846, 0.3092274933712529, 0.050008911025674965], ""kernels.1.base_kernel.kernels.1"": [0.6931481805599428, 0.6931481805599428, 0.6931481805599428]}","{""kernels.0"": 9.734036422328724e-06, ""kernels.0.base_kernel.kernels.1"": 0.005886403215321054, ""kernels.1"": 0.92076083416572}",12,3,36,1,0,125
265,96.02974390391067,94.06351529785783,0.4986,global,-2.867708532796349,0.12181507922538864,0.0005760127441376323,0.3027023078346504,0.0500089081359458,0.33333027849807134,0.7577566917279974,"{""kernels.0.base_kernel.kernels.0"": [0.3333335564417871, 0.333326617230204, 0.33332378246204875, 0.3333197720297525, 0.33333821033564315, 0.3333198467574367, 0.33334042615849685, 0.3333268654874208, 0.3333302920013383, 0.3333265743364762, 0.33333576178945834, 0.33333021751603403, 0.33332762392974924, 0.3333650631007931, 0.33332512443389467, 0.33332731980354074, 0.3333302649948044, 0.3333342173342307], ""kernels.0.base_kernel.kernels.1.base_kernel"": [0.6931481805599428, 0.6931481805599428, 0.6931481805599428], ""kernels.1.base_kernel.kernels.0"": [0.05007645358813983, 0.397832269612858, 0.45362903512374847, 0.668392526401758, 0.050590427993168534, 0.46208298977367956, 0.11020982540715317, 0.3753439507395176, 0.18627904382886246, 0.21896202787333194, 0.11323518312422971, 0.37024862834821387, 0.2578199285491296, 0.7577566917279974, 0.3446554965655524, 0.3246519204610008, 0.2749375346451, 0.0500089081359458], ""kernels.1.base_kernel.kernels.1"": [0.6931481805599428, 0.6931481805599428, 0.6931481805599428]}","{""kernels.0"": 9.733656244473135e-06, ""kernels.0.base_kernel.kernels.1"": 0.00588638863504759, ""kernels.1"": 0.9022108012126591}",12,3,36,0,0,126
266,152.6546908103516,94.06351529785783,0.5,local,-4.097241199482957,0.2952216230820605,0.0005707442911053429,0.30199964732247037,0.050008907356626026,0.33333035237737346,0.7720075509706589,"{""kernels.0.base_kernel.kernels.0"": [0.33333356625621535, 0.33332695575196597, 0.33332375968764577, 0.3333202121534225, 0.33333812683010117, 0.3333197327735988, 0.3333402748805625, 0.3333269496115469, 0.33333030107472195, 0.3333272176054139, 0.33333577043222656, 0.33333031547785824, 0.3333279050066565, 0.333364700559939, 0.3333252639477923, 0.3333272609383697, 0.3333303892768887, 0.3333342081533577], ""kernels.0.base_kernel.kernels.1.base_kernel"": [0.6931481805599428, 0.6931481805599428, 0.6931481805599428], ""kernels.1.base_kernel.kernels.0"": [0.0500761529816642, 0.4137450088935026, 0.4576067210075982, 0.6594075439699296, 0.05058152046550142, 0.45371855598100913, 0.10859756381669128, 0.3704443988324801, 0.1870684550849127, 0.21324454949245117, 0.11397424294291508, 0.36896094805740687, 0.2749669930683756, 0.7720075509706589, 0.34861102751567113, 0.32365102218963193, 0.27831218124534973, 0.050008907356626026], ""kernels.1.base_kernel.kernels.1"": [0.6931481805599428, 0.6931481805599428, 0.6931481805599428]}","{""kernels.0"": 9.733486192785545e-06, ""kernels.0.base_kernel.kernels.1"": 0.005886383555480269, ""kernels.1"": 0.9001028249257381}",12,3,36,2,0,127
267,94.893178776331,94.06351529785783,0.4974,global,-3.1719833741868504,0.1172105408428273,0.0005716627989961376,0.30252604048713094,0.05000890732394799,0.3333303548783004,0.7716158262282842,"{""kernels.0.base_kernel.kernels.0"": [0.33333356809483705, 0.33332694902170096, 0.3333237539853195, 0.3333202221563597, 0.3333381252096314, 0.3333197108058819, 0.33334027636111163, 0.33332694911326277, 0.333330299392092, 0.3333272332175601, 0.3333357709466307, 0.3333303180646308, 0.3333279027480707, 0.33336470130842705, 0.33332525988139994, 0.333327262060266, 0.33333039169196993, 0.33333420753049287], ""kernels.0.base_kernel.kernels.1.base_kernel"": [0.6931481805599428, 0.6931481805599428, 0.6931481805599428], ""kernels.1.base_kernel.kernels.0"": [0.05007614028116004, 0.41340742295799054, 0.4574173125730213, 0.6593325051387336, 0.050581174748108575, 0.4535867141461353, 0.10870066639249934, 0.3703210278313349, 0.18706925768730878, 0.21293003476545264, 0.11399563308279445, 0.36885884173954825, 0.27501027426188024, 0.7716158262282842, 0.34864600000464735, 0.3236834302613574, 0.27838153548556244, 0.05000890732394799], ""kernels.1.base_kernel.kernels.1"": [0.6931481805599428, 0.6931481805599428, 0.6931481805599428]}","{""kernels.0"": 9.733480104101904e-06, ""kernels.0.base_kernel.kernels.1"": 0.005886383355546841, ""kernels.1"": 0.9016820046257419}",12,3,36,0,0,128
268,96.81467959067479,94.06351529785783,0.501,local,-3.413031638311658,0.10694317663634519,0.0005699004048849378,0.3025251726839366,0.050008907323922644,0.3333303548817511,0.7716156070863541,"{""kernels.0.base_kernel.kernels.0"": [0.3333335680965075, 0.3333269490194997, 0.3333237539815155, 0.3333202221685657, 0.33333812520822925, 0.3333197107903939, 0.33334027636316305, 0.33332694911813004, 0.3333302993913713, 0.33332723323214963, 0.33333577094776307, 0.3333303180690426, 0.3333279027499344, 0.3333647013117534, 0.3333252598789093, 0.333327262062249, 0.3333303916944596, 0.33333420753067694], ""kernels.0.base_kernel.kernels.1.base_kernel"": [0.6931481805599428, 0.6931481805599428, 0.6931481805599428], ""kernels.1.base_kernel.kernels.0"": [0.05007614027029434, 0.4134073836537762, 0.4574171962624883, 0.6593326011007278, 0.05058117446784125, 0.4535867669635215, 0.10870085386469078, 0.3703213482276562, 0.1870693333118083, 0.2129298879451132, 0.11399570859687184, 0.3688589172345512, 0.27501058986760896, 0.7716156070863541, 0.3486460893742246, 0.3236835476641693, 0.27838163162875823, 0.050008907323922644], ""kernels.1.base_kernel.kernels.1"": [0.6931481805599428, 0.6931481805599428, 0.6931481805599428]}","{""kernels.0"": 9.73348009831928e-06, ""kernels.0.base_kernel.kernels.1"": 0.005886383355371936, ""kernels.1"": 0.9016794012163395}",12,3,36,3,0,129
269,93.9984193113014,93.9984193113014,0.4994,global,-3.425736468529348,0.08611307567769842,0.0005687089363050382,0.3004632570363784,0.05000890729392054,0.33333036041127667,0.7718275111597354,"{""kernels.0.base_kernel.kernels.0"": [0.3333335701144707, 0.3333269490122824, 0.33332374894842204, 0.33332023906626496, 0.33333812403560104, 0.33331971239904506, 0.33334027887279105, 0.3333269597861391, 0.3333302989073672, 0.333327251802688, 0.33333577246032003, 0.3333303253961038, 0.33332790489856984, 0.3333647123447808, 0.33332525643806205, 0.3333272667023107, 0.33333039542644954, 0.33333420734120023], ""kernels.0.base_kernel.kernels.1.base_kernel"": [0.6931481805599428, 0.6931481805599428, 0.6931481805599428], ""kernels.1.base_kernel.kernels.0"": [0.050076126755262934, 0.4135467963089352, 0.45728098619788127, 0.6595709430232308, 0.05058082995150206, 0.45504723797268276, 0.10899280311948498, 0.3709649971292508, 0.18726263246204164, 0.2128086084530076, 0.11411230565400839, 0.3690330041974442, 0.27544521270962863, 0.7718275111597354, 0.34876263424389736, 0.3240667980922949, 0.27855838248100573, 0.05000890729392054], ""kernels.1.base_kernel.kernels.1"": [0.6931481805599428, 0.6931481805599428, 0.6931481805599428]}","{""kernels.0"": 9.733471846938262e-06, ""kernels.0.base_kernel.kernels.1"": 0.005886383137659616, ""kernels.1"": 0.8954936544996286}",12,3,36,0,1,0
270,93.81200805389796,93.81200805389796,0.5,global,-3.559302354801197,0.062187275532626575,0.0005660205195785537,0.3004626098321119,0.0500089072938853,0.33333036041634334,0.7718278114897119,"{""kernels.0.base_kernel.kernels.0"": [0.33333357011699116, 0.33332694901254095, 0.333323748936836, 0.333320239079544, 0.3333381240362262, 0.33331971239241004, 0.33334027887731654, 0.33332695979820026, 0.33333029890531307, 0.33332725182181583, 0.33333577246254215, 0.3333303254026644, 0.3333279048999722, 0.3333647123640622, 0.33332525642989114, 0.3333272667034225, 0.33333039543002235, 0.33333420734178154], ""kernels.0.base_kernel.kernels.1.base_kernel"": [0.6931481805599428, 0.6931481805599428, 0.6931481805599428], ""kernels.1.base_kernel.kernels.0"": [0.05007612673901196, 0.4135469845947484, 0.4572806981141967, 0.6595712255229972, 0.05058082952760773, 0.4550487870435504, 0.10899307517984047, 0.37096579231327825, 0.18726285488083824, 0.21280841552952456, 0.11411238350967609, 0.3690330924534925, 0.27544578898152483, 0.7718278114897119, 0.34876268057063886, 0.32406710104225306, 0.2785586483995053, 0.0500089072938853], ""kernels.1.base_kernel.kernels.1"": [0.6931481805599428, 0.6931481805599428, 0.6931481805599428]}","{""kernels.0"": 9.733471838411942e-06, ""kernels.0.base_kernel.kernels.1"": 0.00588638313740094, ""kernels.1"": 0.8954917128870964}",10,5,30,1,0,0
271,100.4499982009328,93.81200805389796,0.5012,global,-2.9905337937475616,0.10838097828326178,0.0005642585059999752,0.3053054124610401,0.050008906546135296,0.333330446087139,0.7782497173585541,"{""kernels.0.base_kernel.kernels.0"": [0.33333362518443493, 0.33332690422990413, 0.33332344452082463, 0.3333204583115023, 0.33333816223288537, 0.33331951766221374, 0.33334039199172577, 0.33332716577892346, 0.3333302232698385, 0.3333276054273132, 0.33333583553908025, 0.3333304264177144, 0.33332792691091634, 0.3333652248480273, 0.333325037323729, 0.33332722415697125, 0.3333304657565636, 0.3333342310165976], ""kernels.0.base_kernel.kernels.1.base_kernel"": [0.6931481805599428, 0.6931481805599428, 0.6931481805599428], ""kernels.1.base_kernel.kernels.0"": [0.050075787017407426, 0.4156699605496241, 0.4502514477503451, 0.669884170531307, 0.05057212882147683, 0.490746614460226, 0.11372863797348245, 0.38793118813045563, 0.19160981618993242, 0.2080996704227426, 0.11576071144024214, 0.3693387918109434, 0.2912789583174896, 0.7782497173585541, 0.34828032932704545, 0.32766907263917394, 0.2854997014245163, 0.050008906546135296], ""kernels.1.base_kernel.kernels.1"": [0.6931481805599428, 0.6931481805599428, 0.6931481805599428]}","{""kernels.0"": 9.733308922698367e-06, ""kernels.0.base_kernel.kernels.1"": 0.0058863777945531, ""kernels.1"": 0.9100201262796445}",10,5,30,0,0,1
272,94.09186606891147,93.81200805389796,0.5024,global,-3.565893017916058,0.09601233678570575,0.00056516538233253,0.30530528899587167,0.0500089065461312,0.33333044608722384,0.7782497730185756,"{""kernels.0.base_kernel.kernels.0"": [0.33333362518494136, 0.3333269042298964, 0.3333234445209787, 0.3333204583127864, 0.333338162233136, 0.33331951765987206, 0.3333403919916162, 0.3333271657786752, 0.3333302232688517, 0.3333276054289762, 0.333335835538754, 0.3333304264175761, 0.33332792691120355, 0.3333652248500514, 0.3333250373229301, 0.33332722415640226, 0.3333304657568716, 0.333334231016783], ""kernels.0.base_kernel.kernels.1.base_kernel"": [0.6931481805599428, 0.6931481805599428, 0.6931481805599428], ""kernels.1.base_kernel.kernels.0"": [0.050075787015198776, 0.4156699869859357, 0.4502514416244629, 0.6698841324164615, 0.05057212877080367, 0.4907467064309144, 0.11372862402952465, 0.3879311938484703, 0.19160982911782368, 0.20809968294193268, 0.1157606623403092, 0.36933879004233316, 0.2912790261605327, 0.7782497730185756, 0.34828032199585435, 0.3276690722724775, 0.28549971444722433, 0.0500089065461312], ""kernels.1.base_kernel.kernels.1"": [0.6931481805599428, 0.6931481805599428, 0.6931481805599428]}","{""kernels.0"": 9.733308921526053e-06, ""kernels.0.base_kernel.kernels.1"": 0.0058863777945220115, ""kernels.1"": 0.9100197558841714}",10,5,30,0,1,2
273,107.15835128888358,93.81200805389796,0.5018,global,-3.5923488653426983,0.17209577383757285,0.0005635240370772637,0.3031893479972661,0.05000890651599064,0.3333304470772487,0.7786758544892016,"{""kernels.0.base_kernel.kernels.0"": [0.33333362905425673, 0.33332690852196906, 0.3333234481091034, 0.3333204715740772, 0.33333816443314734, 0.3333194997162329, 0.33334039150802564, 0.3333271665534618, 0.33333021584521433, 0.333327618541796, 0.33333583338237965, 0.3333304263626897, 0.3333279268681511, 0.33336523682697095, 0.3333250312594071, 0.33332722172540713, 0.33333046779180764, 0.333334231920249], ""kernels.0.base_kernel.kernels.1.base_kernel"": [0.6931481805599428, 0.6931481805599428, 0.6931481805599428], ""kernels.1.base_kernel.kernels.0"": [0.050075770831492124, 0.4160498322528625, 0.450307275635777, 0.669619602673829, 0.05057175379957492, 0.49163792155522207, 0.11375738438329157, 0.3881244979878173, 0.19174658426441696, 0.20824231610923377, 0.1154166277800663, 0.36941232998317797, 0.29172187055509124, 0.7786758544892016, 0.34820269368954143, 0.3276817746031648, 0.28557589333898414, 0.05000890651599064], ""kernels.1.base_kernel.kernels.1"": [0.6931481805599428, 0.6931481805599428, 0.6931481805599428]}","{""kernels.0"": 9.73329941206909e-06, ""kernels.0.base_kernel.kernels.1"": 0.005886377555719475, ""kernels.1"": 0.9036719331366668}",10,5,30,0,1,3
274,151.74554408866925,93.81200805389796,0.5002,global,-3.9231371719519332,0.22235165293302658,0.0005679866219822173,0.3030719567025176,0.05000890496112328,0.33333036056498977,0.7806051710641915,"{""kernels.0.base_kernel.kernels.0"": [0.33333379104091293, 0.3333265295937384, 0.3333234469698852, 0.3333202323149774, 0.33333833375332617, 0.3333186207393077, 0.3333404622280475, 0.3333267701171946, 0.3333298048596283, 0.33332791880054485, 0.3333360146497464, 0.3333302862572752, 0.33332776959086174, 0.3333661240276434, 0.3333246745094549, 0.33332701448060853, 0.3333304348727044, 0.3333343183370219], ""kernels.0.base_kernel.kernels.1.base_kernel"": [0.6931481805599428, 0.6931481805599428, 0.6931481805599428], ""kernels.1.base_kernel.kernels.0"": [0.050075066020789184, 0.41090580748836436, 0.44703362218262854, 0.6633725600777916, 0.05055466204932815, 0.518649226903446, 0.11399177728290799, 0.41012531105018785, 0.18903897054587157, 0.21158142586425982, 0.10940551499521023, 0.3818342425078776, 0.2995405075426477, 0.7806051710641915, 0.3464796108040819, 0.32328789521854984, 0.2851588225370647, 0.05000890496112328], ""kernels.1.base_kernel.kernels.1"": [0.6931481805599428, 0.6931481805599428, 0.6931481805599428]}","{""kernels.0"": 9.732983234756194e-06, ""kernels.0.base_kernel.kernels.1"": 0.005886367258111308, ""kernels.1"": 0.9033197698662068}",10,5,30,0,0,4
275,92.50846984130895,92.50846984130895,0.4968,global,-3.6490949104372916,0.07644725432944656,0.0005701681924776001,0.3030719712555748,0.050008904961122744,0.3333303605649016,0.780605171082415,"{""kernels.0.base_kernel.kernels.0"": [0.33333379104095173, 0.33332652959259096, 0.33332344696989996, 0.33332023231459396, 0.3333383337533855, 0.33331862073912466, 0.3333404622281761, 0.33332677011691775, 0.3333298048596314, 0.33332791880056917, 0.33333601464979146, 0.3333302862571053, 0.33332776959077515, 0.3333661240280394, 0.3333246745091804, 0.3333270144805938, 0.333330434872698, 0.33333431833704724], ""kernels.0.base_kernel.kernels.1.base_kernel"": [0.6931481805599428, 0.6931481805599428, 0.6931481805599428], ""kernels.1.base_kernel.kernels.0"": [0.050075066020590676, 0.41090577365207603, 0.4470336224369107, 0.6633725597853345, 0.05055466204483058, 0.5186492222064518, 0.11399177553649774, 0.410125306912741, 0.18903896868603964, 0.21158142540304362, 0.10940551433114103, 0.3818342406655466, 0.29954050139820687, 0.780605171082415, 0.346479608627638, 0.32328790129395485, 0.2851588212278092, 0.050008904961122744], ""kernels.1.base_kernel.kernels.1"": [0.6931481805599428, 0.6931481805599428, 0.6931481805599428]}","{""kernels.0"": 9.73298323470305e-06, ""kernels.0.base_kernel.kernels.1"": 0.0058863672581084365, ""kernels.1"": 0.9033198135253813}",10,5,30,0,1,0
276,102.61467082361864,92.50846984130895,0.4984,global,-3.840432943998989,0.17493717388048244,0.0005675185740480451,0.3031853503269352,0.05000890485449212,0.3333303513626643,0.7819774420856417,"{""kernels.0.base_kernel.kernels.0"": [0.3333337995354369, 0.3333262916868426, 0.33332345111864375, 0.3333201405887165, 0.33333834560255066, 0.3333185850762596, 0.3333404872494613, 0.33332677308349096, 0.3333298071230766, 0.33332792635608716, 0.3333360246573024, 0.33333026385411196, 0.33332774797578796, 0.33336623530838094, 0.33332461864611135, 0.3333270161514493, 0.3333304388712166, 0.3333343225537034], ""kernels.0.base_kernel.kernels.1.base_kernel"": [0.6931481805599428, 0.6931481805599428, 0.6931481805599428], ""kernels.1.base_kernel.kernels.0"": [0.050075024033196615, 0.40418752264424485, 0.4471472426504709, 0.6633779407884448, 0.050553718929756665, 0.5184284035488986, 0.1136037312927442, 0.41141116554277724, 0.18882752341255565, 0.21247394132415082, 0.10930043156344939, 0.38197114492042744, 0.29839175859655354, 0.7819774420856417, 0.34615469910096647, 0.32546308631677034, 0.2852776933869223, 0.05000890485449212], ""kernels.1.base_kernel.kernels.1"": [0.6931481805599428, 0.6931481805599428, 0.6931481805599428]}","{""kernels.0"": 9.732968920264398e-06, ""kernels.0.base_kernel.kernels.1"": 0.005886366642720698, ""kernels.1"": 0.9036599513691648}",10,5,30,2,1,1
277,123.42217821935654,92.50846984130895,0.4998,global,-4.115219209947655,0.18461840389327994,0.0005672927828125296,0.3018056461827559,0.05000890481960907,0.33333034919604587,0.7826599608805673,"{""kernels.0.base_kernel.kernels.0"": [0.33333380221396625, 0.33332622956307867, 0.3333234519964883, 0.3333201141577449, 0.333338349528774, 0.333318576239628, 0.3333405013901218, 0.33332677076403555, 0.3333298079861698, 0.3333279285017333, 0.33333602985857363, 0.3333302558157741, 0.33332775041784407, 0.33336628486312087, 0.33332460233785677, 0.3333270171624964, 0.3333304425763176, 0.33333432627006143], ""kernels.0.base_kernel.kernels.1.base_kernel"": [0.6931481805599428, 0.6931481805599428, 0.6931481805599428], ""kernels.1.base_kernel.kernels.0"": [0.050075009073203634, 0.4026328351163263, 0.44725099965389464, 0.6636202854164794, 0.050553400516423985, 0.5188506433061826, 0.1137122320081125, 0.4120485709525958, 0.18879515973879005, 0.2129207258211879, 0.10936531446406397, 0.3820914316012008, 0.2985803361972912, 0.7826599608805673, 0.3461762744731283, 0.32632580268821443, 0.2855642181851613, 0.05000890481960907], ""kernels.1.base_kernel.kernels.1"": [0.6931481805599428, 0.6931481805599428, 0.6931481805599428]}","{""kernels.0"": 9.732963500998838e-06, ""kernels.0.base_kernel.kernels.1"": 0.005886366422531518, ""kernels.1"": 0.8995208391622351}",10,5,30,0,0,2
278,169.00913619395283,92.50846984130895,0.498,local,-4.06557898313762,0.26692406161567955,0.0005695185792345982,0.3018056508003108,0.05000890481960856,0.3333303491960004,0.7826599710322762,"{""kernels.0.base_kernel.kernels.0"": [0.3333338022140042, 0.3333262295622492, 0.3333234519964697, 0.33332011415743446, 0.33333834952884756, 0.33331857623907885, 0.3333405013902516, 0.33332677076398837, 0.33332980798611683, 0.3333279285017506, 0.3333360298586159, 0.3333302558156512, 0.3333277504178688, 0.33336628486363756, 0.3333246023376212, 0.3333270171624916, 0.33333044257634964, 0.33333432627007525], ""kernels.0.base_kernel.kernels.1.base_kernel"": [0.6931481805599428, 0.6931481805599428, 0.6931481805599428], ""kernels.1.base_kernel.kernels.0"": [0.050075009073006056, 0.40263281082809993, 0.4472509986205785, 0.6636202863807648, 0.05055340051233076, 0.51885064479006, 0.11371223163177262, 0.4120485744341599, 0.18879515670109132, 0.21292073111287182, 0.10936531373727176, 0.382091429554925, 0.2985803365552544, 0.7826599710322762, 0.3461762729375949, 0.32632581126260496, 0.28556422056151404, 0.05000890481960856], ""kernels.1.base_kernel.kernels.1"": [0.6931481805599428, 0.6931481805599428, 0.6931481805599428]}","{""kernels.0"": 9.732963500936302e-06, ""kernels.0.base_kernel.kernels.1"": 0.0058863664225286515, ""kernels.1"": 0.8995208530149028}",10,5,30,3,1,3
279,219.4143653626871,92.50846984130895,0.502,global,-4.160686178441504,0.3001114775567044,0.0005707993069293743,0.30340860246220497,0.05000890477076745,0.333330330015624,0.782746636827624,"{""kernels.0.base_kernel.kernels.0"": [0.3333338040094288, 0.3333261571852113, 0.3333234574221996, 0.3333200766278071, 0.33333835452913896, 0.3333185287098566, 0.33334051830425404, 0.3333267610919472, 0.33332980846943333, 0.33332792987293264, 0.33333603684825824, 0.33333024674279343, 0.33332774522585545, 0.3333663067811893, 0.333324584634674, 0.33332700976880897, 0.3333304132884546, 0.33333433107783705], ""kernels.0.base_kernel.kernels.1.base_kernel"": [0.6931481805599428, 0.6931481805599428, 0.6931481805599428], ""kernels.1.base_kernel.kernels.0"": [0.05007499252216849, 0.40036532602890657, 0.44718551096493664, 0.6633201768606029, 0.050553070956393484, 0.5186077284091518, 0.11360791537187202, 0.41244761425708054, 0.18904473293258828, 0.21321816174481362, 0.10926227100333746, 0.3819894507568097, 0.29823586334614544, 0.782746636827624, 0.3462262593637719, 0.3267281895285149, 0.2851399808894175, 0.05000890477076745], ""kernels.1.base_kernel.kernels.1"": [0.6931481805599428, 0.6931481805599428, 0.6931481805599428]}","{""kernels.0"": 9.732959915710637e-06, ""kernels.0.base_kernel.kernels.1"": 0.005886366189217175, ""kernels.1"": 0.904329708237482}",10,5,30,1,0,4
280,159.77412973402613,92.50846984130895,0.4998,global,-3.9541737599782767,0.31697788692129836,0.0005999726460359352,0.3001018315268044,0.05000889947358043,0.3333320387286405,0.7860461572470059,"{""kernels.0.base_kernel.kernels.0"": [0.33333398471212256, 0.3333226756771222, 0.3333228902361052, 0.3333188942280183, 0.33333893815054305, 0.33331290243355177, 0.3333424086319027, 0.33332461594398616, 0.3333300927451584, 0.3333278420347134, 0.33333635736364176, 0.3333300512562192, 0.3333285028166196, 0.33336466600516196, 0.33332447955898165, 0.3333267436271367, 0.3333285519328296, 0.33333475951279185], ""kernels.0.base_kernel.kernels.1.base_kernel"": [0.6931481805599428, 0.6931481805599428, 0.6931481805599428], ""kernels.1.base_kernel.kernels.0"": [0.05007326359479437, 0.35960714468120647, 0.45296857020230014, 0.6897964181178048, 0.05051534158398078, 0.4731197947891058, 0.10700046044820535, 0.443640834234598, 0.23801419006602476, 0.3704873351815869, 0.10439268192597169, 0.3614237471420758, 0.21445489622791578, 0.7860461572470059, 0.3722797646063687, 0.32726961839365193, 0.24527873164609043, 0.05000889947358043], ""kernels.1.base_kernel.kernels.1"": [0.6931481805599428, 0.6931481805599428, 0.6931481805599428]}","{""kernels.0"": 9.73263240030359e-06, ""kernels.0.base_kernel.kernels.1"": 0.005886338034659479, ""kernels.1"": 0.8944094239133535}",10,5,30,0,0,5
281,104.03499281089307,92.50846984130895,0.4992,global,-4.205844941448604,0.10916393368103641,0.0006011833741819009,0.3001018393309437,0.05000889947357774,0.3333320387285138,0.7860461624043843,"{""kernels.0.base_kernel.kernels.0"": [0.3333339847122308, 0.3333226756769012, 0.33332289023559253, 0.3333188942275898, 0.3333389381509004, 0.3333129024337006, 0.33334240863188574, 0.3333246159425345, 0.33333009274479686, 0.333327842033012, 0.3333363573637158, 0.3333300512558493, 0.33332850281674997, 0.33336466600573045, 0.3333244795589908, 0.33332674362645737, 0.3333285519332773, 0.3333347595128439], ""kernels.0.base_kernel.kernels.1.base_kernel"": [0.6931481805599428, 0.6931481805599428, 0.6931481805599428], ""kernels.1.base_kernel.kernels.0"": [0.050073263594344206, 0.3596071527393512, 0.45296856048577616, 0.6897964035604387, 0.05051534157049894, 0.4731197765875012, 0.10700045202248151, 0.4436408188744074, 0.23801418230301724, 0.37048732824987707, 0.10439268389169123, 0.36142373922961807, 0.21445488694038423, 0.7860461624043843, 0.3722797536711072, 0.32726962882190413, 0.2452787385309194, 0.05000889947357774], ""kernels.1.base_kernel.kernels.1"": [0.6931481805599428, 0.6931481805599428, 0.6931481805599428]}","{""kernels.0"": 9.732632400317525e-06, ""kernels.0.base_kernel.kernels.1"": 0.0058863380346497, ""kernels.1"": 0.8944094473257811}",10,5,30,0,0,6
282,130.4877786528493,92.50846984130895,0.4982,global,-3.467969747450205,0.1436899964850602,0.0006026850034287693,0.3001018323649746,0.05000889947357684,0.33333203872847694,0.7860461631253175,"{""kernels.0.base_kernel.kernels.0"": [0.33333398471226733, 0.3333226756768424, 0.3333228902354204, 0.33331889422751343, 0.3333389381510265, 0.3333129024336274, 0.33334240863187226, 0.3333246159421575, 0.33333009274468656, 0.3333278420324462, 0.3333363573637428, 0.33333005125572657, 0.3333285028168074, 0.3333646660058904, 0.33332447955900274, 0.3333267436262165, 0.3333285519334309, 0.3333347595128653], ""kernels.0.base_kernel.kernels.1.base_kernel"": [0.6931481805599428, 0.6931481805599428, 0.6931481805599428], ""kernels.1.base_kernel.kernels.0"": [0.05007326359419612, 0.35960715895695555, 0.45296855875629566, 0.6897964005374901, 0.05051534156624614, 0.47311976904586484, 0.10700045070227107, 0.44364081587026827, 0.23801418002955416, 0.37048732553086805, 0.10439268476908178, 0.361423739181202, 0.21445488645007632, 0.7860461631253175, 0.3722797505503962, 0.32726963126511066, 0.24527874131779445, 0.05000889947357684], ""kernels.1.base_kernel.kernels.1"": [0.6931481805599428, 0.6931481805599428, 0.6931481805599428]}","{""kernels.0"": 9.732632400319392e-06, ""kernels.0.base_kernel.kernels.1"": 0.005886338034646426, ""kernels.1"": 0.894409426427877}",10,5,30,0,0,7
283,131.38283738124537,92.50846984130895,0.4974,global,-4.250991609632258,0.3064102481770564,0.0006121760586518838,0.3021397967007725,0.050008898904150556,0.33333208584986374,0.6931481805599428,"{""kernels.0.base_kernel.kernels.0"": [0.33333397607006715, 0.3333227431630987, 0.33332250867329954, 0.3333183044099243, 0.3333393963921921, 0.3333130525369372, 0.3333426062365577, 0.33332464062737066, 0.33332994937157967, 0.3333273835663338, 0.3333363795689539, 0.33333019562966026, 0.33332843133183565, 0.3333605263209128, 0.333324320547948, 0.3333266285286623, 0.3333286670757401, 0.33333480925122777], ""kernels.0.base_kernel.kernels.1.base_kernel"": [0.6931481805599428, 0.6931481805599428, 0.6931481805599428], ""kernels.1.base_kernel.kernels.0"": [0.05007316744702913, 0.36773818552178344, 0.4519987426002035, 0.6807160326447049, 0.05051289299418663, 0.4672472949079414, 0.10836706191825282, 0.44714597583679605, 0.2364603191815818, 0.3630239505888018, 0.10619903309429898, 0.3653199090450682, 0.2151028735099817, 0.6534547833690006, 0.37279924338845993, 0.30175879471803724, 0.24790305605493929, 0.050008898904150556], ""kernels.1.base_kernel.kernels.1"": [0.6931481805599428, 0.6931481805599428, 0.6931481805599428]}","{""kernels.0"": 9.73276396043275e-06, ""kernels.0.base_kernel.kernels.1"": 0.005886335836443901, ""kernels.1"": 0.9005233215019132}",10,5,30,0,1,8
284,99.41547875778777,92.50846984130895,0.4998,global,-3.6111163774535178,0.10807314800907915,0.0006131347548560148,0.3013286578381094,0.05000889885085174,0.3333320835581073,0.6931481805599428,"{""kernels.0.base_kernel.kernels.0"": [0.3333339745186071, 0.3333227312529569, 0.3333224881294114, 0.3333182703905244, 0.33333941391962496, 0.3333130842102995, 0.3333426062953752, 0.3333246336010257, 0.3333299446880188, 0.33332735548045195, 0.33333637702667385, 0.33333019259760754, 0.333328431748847, 0.33336035762066846, 0.3333243196851683, 0.33332666194201865, 0.33332867779222386, 0.33333481063124154], ""kernels.0.base_kernel.kernels.1.base_kernel"": [0.6931481805599428, 0.6931481805599428, 0.6931481805599428], ""kernels.1.base_kernel.kernels.0"": [0.05007315854632323, 0.3678702093800053, 0.4516448812188301, 0.6798386922438013, 0.05051265477266117, 0.46722220053929514, 0.108309689807572, 0.4472768658547188, 0.23658396337780144, 0.36241333507433127, 0.10617619421893505, 0.36523649557498705, 0.21523807142111295, 0.6534868369784108, 0.37275919952586256, 0.3020986517858756, 0.24804357439680544, 0.05000889885085174], ""kernels.1.base_kernel.kernels.1"": [0.6931481805599428, 0.6931481805599428, 0.6931481805599428]}","{""kernels.0"": 9.73277032408821e-06, ""kernels.0.base_kernel.kernels.1"": 0.005886335631901242, ""kernels.1"": 0.898089905112103}",10,5,30,0,0,9
285,92.83851461859273,92.50846984130895,0.496,global,-3.891071476721822,0.046373738934636956,0.0006127834686365507,0.30132856309602324,0.050008898850844426,0.3333320835577218,0.6931481805599428,"{""kernels.0.base_kernel.kernels.0"": [0.33333397451844776, 0.3333227312506626, 0.3333224881268532, 0.33331827038656503, 0.3333394139220352, 0.3333130842141336, 0.3333426062959055, 0.33332463360031095, 0.33332994468741045, 0.3333273554764159, 0.3333363770264165, 0.3333301925969959, 0.3333284317493218, 0.3333603575985287, 0.33332431968486864, 0.33332666194646554, 0.33332867779359265, 0.3333348106315548], ""kernels.0.base_kernel.kernels.1.base_kernel"": [0.6931481805599428, 0.6931481805599428, 0.6931481805599428], ""kernels.1.base_kernel.kernels.0"": [0.05007315854509969, 0.36787034646879024, 0.4516448477641539, 0.6798385907441499, 0.050512654740640234, 0.4672221870081382, 0.10830969618216177, 0.4472768835180905, 0.23658398337040276, 0.3624132434377562, 0.1061761873436217, 0.3652364829191748, 0.21523810461368767, 0.6534868774577967, 0.37275917945683307, 0.30209870914281234, 0.24804359999469455, 0.050008898850844426], ""kernels.1.base_kernel.kernels.1"": [0.6931481805599428, 0.6931481805599428, 0.6931481805599428]}","{""kernels.0"": 9.73277032499148e-06, ""kernels.0.base_kernel.kernels.1"": 0.0058863356318736085, ""kernels.1"": 0.8980896208858712}",10,5,30,0,0,10
286,176.35167963678722,92.50846984130895,0.5014,global,-4.3743955571864594,0.18978413787218582,0.0006051918780937586,0.30222859599942853,0.05000889763584877,0.33333201398254103,0.6931481805599428,"{""kernels.0.base_kernel.kernels.0"": [0.33333395384300324, 0.3333222702652666, 0.3333220000750073, 0.33331767220198183, 0.33333982970460196, 0.3333136934330928, 0.33334273625195154, 0.33332443799145917, 0.333329808415035, 0.33332666842104886, 0.3333363451294217, 0.3333300741220788, 0.3333284981087822, 0.33335683950295797, 0.3333242152823987, 0.333327330291644, 0.3333288877093082, 0.33333487184160715], ""kernels.0.base_kernel.kernels.1.base_kernel"": [0.6931481805599428, 0.6931481805599428, 0.6931481805599428], ""kernels.1.base_kernel.kernels.0"": [0.050072960075301966, 0.3923512069471182, 0.4445414320377023, 0.667058796299841, 0.05050742344070374, 0.46774669591750495, 0.11071233127671265, 0.44911273087721615, 0.23814457582090698, 0.34692553210960986, 0.10444009004423746, 0.3612498415661728, 0.21995911869135057, 0.6613935730028708, 0.3681479353329378, 0.31077471430963205, 0.2523530838993506, 0.05000889763584877], ""kernels.1.base_kernel.kernels.1"": [0.6931481805599428, 0.6931481805599428, 0.6931481805599428]}","{""kernels.0"": 9.732934193622717e-06, ""kernels.0.base_kernel.kernels.1"": 0.005886331116268119, ""kernels.1"": 0.9007897239478239}",10,5,30,0,0,11
287,94.9359696313008,92.50846984130895,0.4994,global,-3.6845506844705387,0.08338175127796839,0.0005699035456198048,0.29471837726395367,0.050008896154650206,0.3333290748597676,0.6931481805599428,"{""kernels.0.base_kernel.kernels.0"": [0.33333396235522944, 0.3333213745440167, 0.33332154744487413, 0.3333184771324308, 0.3333401871949257, 0.3333144012179445, 0.33334281789324155, 0.3333224086793335, 0.3333279323020421, 0.33332525017327813, 0.333336502230697, 0.33333050653739515, 0.3333289931276093, 0.33335461286846657, 0.3333233131774776, 0.3333279631319211, 0.33332915659192597, 0.3333348687827982], ""kernels.0.base_kernel.kernels.1.base_kernel"": [0.6931481805599428, 0.6931481805599428, 0.6931481805599428], ""kernels.1.base_kernel.kernels.0"": [0.05007273976743129, 0.3934599862069401, 0.42881650589343373, 0.6782694966368864, 0.05050249029819691, 0.4546478669520275, 0.1066038287341816, 0.40017888810876523, 0.1455684803367026, 0.2815233507705868, 0.1130353366567101, 0.37455274440169645, 0.24782590879719352, 0.6790030125347127, 0.32824116948773135, 0.31542925620533274, 0.2602491263840555, 0.050008896154650206], ""kernels.1.base_kernel.kernels.1"": [0.6931481805599428, 0.6931481805599428, 0.6931481805599428]}","{""kernels.0"": 9.733164176558304e-06, ""kernels.0.base_kernel.kernels.1"": 0.005886325970201293, ""kernels.1"": 0.8782590726574832}",10,5,30,1,0,12
288,94.73299106214986,92.50846984130895,0.4968,global,-3.8863637041057566,0.06572149259463692,0.0005686815487452013,0.2930040519146169,0.05000889609564194,0.3333290746176311,0.6931481805599428,"{""kernels.0.base_kernel.kernels.0"": [0.33333395188672243, 0.3333213801195224, 0.333321535527691, 0.33331859113473766, 0.3333401818208487, 0.3333145265651921, 0.33334284108955503, 0.33332251636565546, 0.33332800370630283, 0.33332529348984863, 0.3333364772338273, 0.33333051628599086, 0.3333289858846495, 0.3333544495263448, 0.33332330569191615, 0.333327989858256, 0.33332916335061274, 0.3333348579972884], ""kernels.0.base_kernel.kernels.1.base_kernel"": [0.6931481805599428, 0.6931481805599428, 0.6931481805599428], ""kernels.1.base_kernel.kernels.0"": [0.05007272648024552, 0.3964099410304716, 0.42981375833291124, 0.6783570153455671, 0.050502342520377136, 0.45748971986177306, 0.10793478087021524, 0.4035011606745626, 0.14528027581721414, 0.2822003236855648, 0.11247246699121655, 0.3736306080602079, 0.24883762846729765, 0.6755362631595632, 0.3281327727747525, 0.3149841014007264, 0.26031102829611463, 0.05000889609564194], ""kernels.1.base_kernel.kernels.1"": [0.6931481805599428, 0.6931481805599428, 0.6931481805599428]}","{""kernels.0"": 9.733170119380461e-06, ""kernels.0.base_kernel.kernels.1"": 0.00588632563357463, ""kernels.1"": 0.8731160969401568}",10,5,30,0,1,13
289,126.45911452457732,92.50846984130895,0.5012,global,-3.7499068521501684,0.25307267090210167,0.0005708812577925493,0.29969999720466817,0.05000889444406807,0.3333294131261453,0.6931481805599428,"{""kernels.0.base_kernel.kernels.0"": [0.33333386946092847, 0.3333204924614684, 0.33332163616105975, 0.33332027603915404, 0.3333400630250019, 0.3333173264005937, 0.3333428810443239, 0.33332455005601447, 0.333329538546331, 0.3333260374665565, 0.33333618449305397, 0.3333308662037113, 0.33332928770595954, 0.3333518384212684, 0.3333231524996427, 0.33332854260607053, 0.33332913293333466, 0.3333347154339225], ""kernels.0.base_kernel.kernels.1.base_kernel"": [0.6931481805599428, 0.6931481805599428, 0.6931481805599428], ""kernels.1.base_kernel.kernels.0"": [0.0500723665984952, 0.4337883200720364, 0.4539370101141729, 0.6723348466249338, 0.050496058967736235, 0.5138453884151051, 0.11497961914533476, 0.4608604180804059, 0.13439614354252144, 0.2986062316690189, 0.10545300812973132, 0.37056962653183084, 0.2712754467981142, 0.6610494183925106, 0.3219415569563511, 0.3134045358962252, 0.24935781947432828, 0.05000889444406807], ""kernels.1.base_kernel.kernels.1"": [0.6931481805599428, 0.6931481805599428, 0.6931481805599428]}","{""kernels.0"": 9.733389935363453e-06, ""kernels.0.base_kernel.kernels.1"": 0.005886316456974058, ""kernels.1"": 0.893203941767095}",10,5,30,0,0,14
290,145.57320157615166,92.50846984130895,0.5002,global,-3.9591788616040735,0.1810327248334918,0.0005730680986324486,0.2979482766143952,0.05000889314243282,0.3333297140074401,0.6931481805599428,"{""kernels.0.base_kernel.kernels.0"": [0.3333339660041077, 0.33331880851405865, 0.3333215501888288, 0.3333194881976223, 0.3333402363973499, 0.3333177281875625, 0.333343048956006, 0.33332405502592805, 0.3333302749467624, 0.3333257044178909, 0.3333363204592767, 0.3333305409229461, 0.33332915306811783, 0.3333512641130484, 0.33332287931685217, 0.3333286433757356, 0.3333290891673162, 0.3333347487069422], ""kernels.0.base_kernel.kernels.1.base_kernel"": [0.6931481805599428, 0.6931481805599428, 0.6931481805599428], ""kernels.1.base_kernel.kernels.0"": [0.05007210012956501, 0.41723550222504713, 0.455952478763723, 0.6691940434456043, 0.05049035780588439, 0.5242895423709273, 0.11618697509997773, 0.4496656680177404, 0.1330466014600091, 0.313675389606272, 0.10656396633954482, 0.36249767633335506, 0.26417779878228925, 0.6488275903461698, 0.3192198087898569, 0.30888349194898557, 0.23855324297697358, 0.05000889314243282], ""kernels.1.base_kernel.kernels.1"": [0.6931481805599428, 0.6931481805599428, 0.6931481805599428]}","{""kernels.0"": 9.733650968247544e-06, ""kernels.0.base_kernel.kernels.1"": 0.005886309633209937, ""kernels.1"": 0.8879487865590074}",10,5,30,0,0,15
291,95.81689851129492,92.50846984130895,0.4982,local,-3.9705134417747505,0.08428278402198125,0.0005761955447578229,0.29794839928241285,0.05000889314243111,0.33332971400818084,0.6931481805599428,"{""kernels.0.base_kernel.kernels.0"": [0.33333396600417203, 0.3333188085150724, 0.3333215501884381, 0.3333194881934574, 0.3333402363981642, 0.3333177281854991, 0.3333430489565203, 0.3333240550247897, 0.3333302749481212, 0.3333257044171258, 0.3333363204593731, 0.3333305409235577, 0.3333291530682405, 0.33335126410855287, 0.3333228793168808, 0.33332864337516144, 0.33332908916756, 0.33333474870699903], ""kernels.0.base_kernel.kernels.1.base_kernel"": [0.6931481805599428, 0.6931481805599428, 0.6931481805599428], ""kernels.1.base_kernel.kernels.0"": [0.050072100129152725, 0.4172354605145935, 0.45595247025292324, 0.6691940013219219, 0.05049035779491686, 0.5242895234028953, 0.11618695506801503, 0.44966567003511776, 0.13304659078312936, 0.3136753764684651, 0.10656396666207847, 0.36249767937794225, 0.2641777759399305, 0.6488276039463688, 0.31921981471011374, 0.30888349608347226, 0.23855322161982448, 0.05000889314243111], ""kernels.1.base_kernel.kernels.1"": [0.6931481805599428, 0.6931481805599428, 0.6931481805599428]}","{""kernels.0"": 9.733650968845116e-06, ""kernels.0.base_kernel.kernels.1"": 0.00588630963319936, ""kernels.1"": 0.8879491545630704}",10,5,30,1,0,16
292,92.8284188374342,92.50846984130895,0.4992,global,-3.9686091927083256,0.0651455286882066,0.0005726700694113245,0.29966574870318285,0.05000889310510985,0.33332973084598094,0.6931481805599428,"{""kernels.0.base_kernel.kernels.0"": [0.3333339673925482, 0.3333188435187888, 0.33332154182295987, 0.3333193976051072, 0.33334025442893755, 0.3333177174904311, 0.33334306014315657, 0.33332403221221635, 0.33333030540552905, 0.33332568812620783, 0.3333363223285611, 0.33333055549381735, 0.33332915628643284, 0.33335117780719625, 0.33332288038121083, 0.3333286341592757, 0.333329095147963, 0.3333347494395094], ""kernels.0.base_kernel.kernels.1.base_kernel"": [0.6931481805599428, 0.6931481805599428, 0.6931481805599428], ""kernels.1.base_kernel.kernels.0"": [0.050072090924394005, 0.41708273853902644, 0.45576938722144117, 0.668463154820825, 0.050490114420459684, 0.5254117677645465, 0.11579825856716641, 0.4499844026071934, 0.1328517247451868, 0.313516491453885, 0.10659619509674703, 0.3626560258952093, 0.26378460830735695, 0.6496751486977956, 0.3193830806450117, 0.309234969595021, 0.238121390489264, 0.05000889310510985], ""kernels.1.base_kernel.kernels.1"": [0.6931481805599428, 0.6931481805599428, 0.6931481805599428]}","{""kernels.0"": 9.733662726573011e-06, ""kernels.0.base_kernel.kernels.1"": 0.0058863093964055145, ""kernels.1"": 0.8931012030504165}",10,5,30,0,0,17
293,161.68663535185894,92.50846984130895,0.4996,local,-3.919956399395714,0.2840469916140509,0.0005650526636929319,0.2986152204896574,0.050008892263207566,0.3333300582450439,0.6931481805599428,"{""kernels.0.base_kernel.kernels.0"": [0.33333401167091564, 0.33331960607854155, 0.33332136886348, 0.33331744868961677, 0.33334068854392945, 0.3333177454223948, 0.33334349203122804, 0.33332359464695427, 0.33333099833613633, 0.33332531131019494, 0.333336364038488, 0.3333308463708151, 0.33332927011927277, 0.33334956748704087, 0.33332291884724236, 0.3333283913102991, 0.33332925742006314, 0.33333479401719207], ""kernels.0.base_kernel.kernels.1.base_kernel"": [0.6931481805599428, 0.6931481805599428, 0.6931481805599428], ""kernels.1.base_kernel.kernels.0"": [0.05007187188749872, 0.4206102169231277, 0.4555776972621153, 0.6608788665686044, 0.050484509480350256, 0.5744664522807942, 0.11331279446099786, 0.4654676639940475, 0.12966002783553618, 0.31596149797695716, 0.10802837677995411, 0.3648583055124865, 0.2586775561778141, 0.6632291316345734, 0.3266796516361105, 0.3219489080064616, 0.2310462940285701, 0.050008892263207566], ""kernels.1.base_kernel.kernels.1"": [0.6931481805599428, 0.6931481805599428, 0.6931481805599428]}","{""kernels.0"": 9.7339385592563e-06, ""kernels.0.base_kernel.kernels.1"": 0.005886303549492708, ""kernels.1"": 0.8899496239809201}",10,5,30,1,0,18
294,113.81252223800573,92.50846984130895,0.4986,global,-3.650809221436508,0.13763435143913508,0.0005663522979936649,0.29861525207566125,0.05000889226320623,0.3333300582450597,0.6931481805599428,"{""kernels.0.base_kernel.kernels.0"": [0.33333401167101007, 0.3333196060781642, 0.33332136886405145, 0.33331744868847335, 0.33334068854416476, 0.3333177454223855, 0.33334349203135827, 0.33332359464673067, 0.3333309983368522, 0.3333253113096556, 0.33333636403836936, 0.33333084637086585, 0.33332927011925345, 0.33334956748431094, 0.33332291884735094, 0.33332839130961206, 0.3333292574202648, 0.333334794016861], ""kernels.0.base_kernel.kernels.1.base_kernel"": [0.6931481805599428, 0.6931481805599428, 0.6931481805599428], ""kernels.1.base_kernel.kernels.0"": [0.050071871887183816, 0.4206102059178203, 0.4555777063623447, 0.6608788655942377, 0.050484509471988834, 0.5744664612261124, 0.11331279213039659, 0.4654676515630759, 0.1296600231001632, 0.31596150018280605, 0.10802837165468585, 0.36485828609015525, 0.2586775361494484, 0.6632291035632641, 0.32667966244812097, 0.3219488894559356, 0.2310462747363969, 0.05000889226320623], ""kernels.1.base_kernel.kernels.1"": [0.6931481805599428, 0.6931481805599428, 0.6931481805599428]}","{""kernels.0"": 9.733938559634191e-06, ""kernels.0.base_kernel.kernels.1"": 0.005886303549484285, ""kernels.1"": 0.8899497187389399}",10,5,30,0,0,19
295,160.99530784429024,92.50846984130895,0.4982,global,-4.229558000680331,0.3116867188624618,0.0005681858522820268,0.2986152678200787,0.050008892263205776,0.33333005824507544,0.6931481805599428,"{""kernels.0.base_kernel.kernels.0"": [0.3333340116710384, 0.33331960607821726, 0.33332136886416436, 0.33331744868719065, 0.33334068854423526, 0.33331774542242976, 0.33334349203141156, 0.3333235946465728, 0.333330998337153, 0.33332531130897386, 0.3333363640383462, 0.33333084637086074, 0.3333292701192901, 0.333349567483679, 0.33332291884735965, 0.33332839130917646, 0.3333292574203869, 0.3333347940167419], ""kernels.0.base_kernel.kernels.1.base_kernel"": [0.6931481805599428, 0.6931481805599428, 0.6931481805599428], ""kernels.1.base_kernel.kernels.0"": [0.0500718718870785, 0.4206102108313189, 0.4555777078497949, 0.6608788563366289, 0.050484509469233975, 0.5744664606590408, 0.11331278748711471, 0.46546763280420816, 0.12966002346586053, 0.3159614934514052, 0.10802836955416946, 0.36485827270777904, 0.2586775332538763, 0.6632290957600298, 0.32667966504348106, 0.32194888286069173, 0.2310462709689652, 0.050008892263205776], ""kernels.1.base_kernel.kernels.1"": [0.6931481805599428, 0.6931481805599428, 0.6931481805599428]}","{""kernels.0"": 9.73393855977065e-06, ""kernels.0.base_kernel.kernels.1"": 0.005886303549481454, ""kernels.1"": 0.8899497659721949}",10,5,30,0,0,20
296,122.60547217071732,92.50846984130895,0.502,global,-4.319015398269043,0.14114437176421654,0.0005688262034698061,0.2997835469845021,0.05000889223292173,0.33333005737816557,0.6931481805599428,"{""kernels.0.base_kernel.kernels.0"": [0.3333340136615683, 0.3333196017736507, 0.33332137278649104, 0.333317363936276, 0.33334069338678063, 0.3333177479509549, 0.3333434951081155, 0.3333235841615016, 0.33333101928234055, 0.3333252673725379, 0.33333636288066526, 0.33333084631271487, 0.33332926844361627, 0.33334952076778235, 0.333322916352954, 0.33332836247842706, 0.33332926581321864, 0.3333347862494592], ""kernels.0.base_kernel.kernels.1.base_kernel"": [0.6931481805599428, 0.6931481805599428, 0.6931481805599428], ""kernels.1.base_kernel.kernels.0"": [0.05007186512507291, 0.4209018141932323, 0.45558495358927753, 0.6602272294290893, 0.0504843293497069, 0.5742806830094027, 0.11302166343363974, 0.46419060946531115, 0.1297351274602084, 0.3154521641817173, 0.1078611543827252, 0.36395979149289687, 0.25833912896460653, 0.6625412260626778, 0.3268029002539556, 0.3215155347813392, 0.23075676007401194, 0.05000889223292173], ""kernels.1.base_kernel.kernels.1"": [0.6931481805599428, 0.6931481805599428, 0.6931481805599428]}","{""kernels.0"": 9.733947588701678e-06, ""kernels.0.base_kernel.kernels.1"": 0.005886303370623888, ""kernels.1"": 0.8934546036352936}",10,5,30,0,0,21
297,150.85389294307055,92.50846984130895,0.4996,global,-3.4296553273371293,0.13328070084852975,0.0005559346161816966,0.2940034546792261,0.05000888897073468,0.33333258976792246,0.6931481805599428,"{""kernels.0.base_kernel.kernels.0"": [0.3333340287485133, 0.333318782239836, 0.333322319448565, 0.333310705420636, 0.3333410302178466, 0.3333183727535556, 0.33334429103303975, 0.3333231453174061, 0.3333330976181677, 0.3333215993204102, 0.3333366453647496, 0.3333320819176772, 0.33332952307927693, 0.33334616689866065, 0.33332304794255824, 0.3333264305963489, 0.33333043220623404, 0.3333343821042625], ""kernels.0.base_kernel.kernels.1.base_kernel"": [0.6931481805599428, 0.6931481805599428, 0.6931481805599428], ""kernels.1.base_kernel.kernels.0"": [0.05007096273532277, 0.4953010724298864, 0.4726378856728919, 0.6519776858388073, 0.05046224912813956, 0.5592732450137307, 0.11204470517741424, 0.44191071506796237, 0.12603349883130027, 0.2556947868149879, 0.1066635729045541, 0.34516048531139, 0.22900941936236205, 0.6610062947152303, 0.3718141159887147, 0.31699675301026303, 0.20478306721386685, 0.05000888897073468], ""kernels.1.base_kernel.kernels.1"": [0.6931481805599428, 0.6931481805599428, 0.6931481805599428]}","{""kernels.0"": 9.735386753635e-06, ""kernels.0.base_kernel.kernels.1"": 0.005886274715411106, ""kernels.1"": 0.8761143539355136}",10,5,30,0,0,22
298,124.87629345824328,92.50846984130895,0.5,global,-4.146427513479105,0.2515714672518959,0.0005871456970882777,0.28662705686803824,0.05000888870782588,0.3333310735858551,0.6931481805599428,"{""kernels.0.base_kernel.kernels.0"": [0.3333339785148859, 0.3333171192492307, 0.33332333025719596, 0.3333105561926356, 0.33334097687309766, 0.333320406360646, 0.3333441003540764, 0.33332453691375796, 0.3333328505531461, 0.33332301150187166, 0.3333362719456808, 0.33333172711725967, 0.3333292005424242, 0.33334383002090606, 0.33332324364365135, 0.3333261832240282, 0.3333304200544505, 0.3333344117073415], ""kernels.0.base_kernel.kernels.1.base_kernel"": [0.6931481805599428, 0.6931481805599428, 0.6931481805599428], ""kernels.1.base_kernel.kernels.0"": [0.05007085906340919, 0.3533507852719165, 0.4952464629175926, 0.6628689044461386, 0.05045919605715339, 0.5501833340360567, 0.11890479269946434, 0.40074106741290455, 0.1275997946115608, 0.2577157797365683, 0.09071853748265625, 0.32409863175252784, 0.21921948960003737, 0.6244805668335168, 0.38271021931651616, 0.2964769548602324, 0.21472666425965609, 0.05000888870782588], ""kernels.1.base_kernel.kernels.1"": [0.6931481805599428, 0.6931481805599428, 0.6931481805599428]}","{""kernels.0"": 9.735587079293536e-06, ""kernels.0.base_kernel.kernels.1"": 0.005886270366714841, ""kernels.1"": 0.8539851646503206}",10,5,30,0,0,23
299,98.41391716173756,92.50846984130895,0.5036,local,-3.093609766773598,0.12747079133377823,0.0005625434138950133,0.29165581884917857,0.050008890492282874,0.3333304906600351,0.6931481805599428,"{""kernels.0.base_kernel.kernels.0"": [0.3333334388952281, 0.33332770154604635, 0.33332318374913883, 0.3333087060097535, 0.33334086194631635, 0.3333246494123408, 0.3333429088067487, 0.33332659323984387, 0.33333252030036764, 0.3333249300456446, 0.3333365543614406, 0.33333154954810235, 0.3333291072953016, 0.33334289337622325, 0.3333250118725344, 0.3333262375234459, 0.3333294317719679, 0.333334520174328], ""kernels.0.base_kernel.kernels.1.base_kernel"": [0.6931481805599428, 0.6931481805599428, 0.6931481805599428], ""kernels.1.base_kernel.kernels.0"": [0.050070130161591814, 0.21608947164297398, 0.4786424502641985, 0.6294334361839986, 0.05045777048622294, 0.6205279442088971, 0.11851808474974714, 0.4278088829293387, 0.1479497643749012, 0.2912478653719164, 0.0963145621198693, 0.4066728249818778, 0.32882264458558486, 0.6538852078288471, 0.48097611945242014, 0.3037460340470727, 0.24406661818784198, 0.050008890492282874], ""kernels.1.base_kernel.kernels.1"": [0.6931481805599428, 0.6931481805599428, 0.6931481805599428]}","{""kernels.0"": 9.736405776775982e-06, ""kernels.0.base_kernel.kernels.1"": 0.00588625006109397, ""kernels.1"": 0.869071470080665}",10,5,30,1,0,24
300,202.16011218395425,92.50846984130895,0.499,global,-4.302758308001366,0.19057781781576405,0.0005627561069918249,0.29165579334514685,0.050008890492285,0.33333049065962805,0.6931481805599428,"{""kernels.0.base_kernel.kernels.0"": [0.33333343889515216, 0.33332770155123354, 0.3333231837479802, 0.333308706008828, 0.3333408619464792, 0.3333246494102195, 0.3333429088067834, 0.33332659323780595, 0.33333252030007643, 0.3333249300447354, 0.3333365543614483, 0.33333154954767674, 0.3333291072948061, 0.33334289337748857, 0.3333250118724874, 0.3333262375240222, 0.33332943177157937, 0.33333452017437726], ""kernels.0.base_kernel.kernels.1.base_kernel"": [0.6931481805599428, 0.6931481805599428, 0.6931481805599428], ""kernels.1.base_kernel.kernels.0"": [0.05007013016094873, 0.2160895041843173, 0.47864243095356895, 0.6294334257666367, 0.05045777049035344, 0.6205279507514222, 0.11851809522999529, 0.4278088802818697, 0.14794975952606523, 0.2912478762101588, 0.09631456807966085, 0.4066728412636353, 0.3288226648126498, 0.6538852057718435, 0.4809761083704198, 0.3037460436557633, 0.24406663003397938, 0.050008890492285], ""kernels.1.base_kernel.kernels.1"": [0.6931481805599428, 0.6931481805599428, 0.6931481805599428]}","{""kernels.0"": 9.736405777256981e-06, ""kernels.0.base_kernel.kernels.1"": 0.005886250061083665, ""kernels.1"": 0.8690713935685797}",10,5,30,0,2,25
301,124.07167234850841,92.50846984130895,0.5002,global,-4.328151240768742,0.2661488584598017,0.0005919136880196553,0.29693223257838836,0.0500088930016467,0.3333314623544144,0.6931481805599428,"{""kernels.0.base_kernel.kernels.0"": [0.3333332929526657, 0.33333091425811706, 0.33332351704677976, 0.33330325466047356, 0.3333407380544317, 0.3333203646264499, 0.333341333590565, 0.3333253842657388, 0.3333320399863294, 0.33332568352174563, 0.3333364090100641, 0.33333201045071176, 0.3333301158028038, 0.3333421375114963, 0.3333254426283377, 0.33332731939935306, 0.3333290152688488, 0.33333473248703227], ""kernels.0.base_kernel.kernels.1.base_kernel"": [0.6931481805599428, 0.6931481805599428, 0.6931481805599428], ""kernels.1.base_kernel.kernels.0"": [0.050069374920788765, 0.22434024927861715, 0.4957426053175536, 0.3116417427370195, 0.050459835196368714, 0.6107950899454864, 0.1309364920947733, 0.4237153861592496, 0.16180002037418412, 0.3222489377970748, 0.100596324273627, 0.41588350360078646, 0.40284513269452893, 0.6468846482979521, 0.47321914763153106, 0.2957682884257718, 0.2504126975826665, 0.0500088930016467], ""kernels.1.base_kernel.kernels.1"": [0.6931481805599428, 0.6931481805599428, 0.6931481805599428]}","{""kernels.0"": 9.737297644171732e-06, ""kernels.0.base_kernel.kernels.1"": 0.00588623725749427, ""kernels.1"": 0.8849007231800267}",10,5,30,0,1,26
302,190.99721924825042,92.50846984130895,0.4976,global,-4.17128365716542,0.2931665644284901,0.0005926241435954587,0.2965627328148301,0.050008893096206056,0.33333149911503,0.6931481805599428,"{""kernels.0.base_kernel.kernels.0"": [0.333333286371082, 0.3333309824843913, 0.33332352706683505, 0.3333035393734082, 0.33334072957722966, 0.3333203225102305, 0.3333412838632981, 0.33332535837216953, 0.3333320157456687, 0.3333256947880939, 0.3333363958200816, 0.33333203509674847, 0.333330139421013, 0.3333421162761155, 0.33332544604012826, 0.333327358101911, 0.33332901009556004, 0.3333347273146281], ""kernels.0.base_kernel.kernels.1.base_kernel"": [0.6931481805599428, 0.6931481805599428, 0.6931481805599428], ""kernels.1.base_kernel.kernels.0"": [0.050069348695300844, 0.22459924024434402, 0.4956589835143949, 0.31166790903410346, 0.05046002758231699, 0.6106899325993775, 0.13054160965877182, 0.42361970511906655, 0.16181342384171796, 0.3222364337762792, 0.10062177907881398, 0.4166233528836186, 0.4044153715143562, 0.6477959535152097, 0.47309831916460915, 0.2961326079497745, 0.2504487163043039, 0.050008893096206056], ""kernels.1.base_kernel.kernels.1"": [0.6931481805599428, 0.6931481805599428, 0.6931481805599428]}","{""kernels.0"": 9.73731119891035e-06, ""kernels.0.base_kernel.kernels.1"": 0.005886236868297765, ""kernels.1"": 0.8837922242649936}",10,5,30,0,0,27
303,94.57936268124274,92.50846984130895,0.4982,global,-3.1042901517680455,0.07563935474286006,0.0005938367855353464,0.2983030641420715,0.0500088931552598,0.33333152244648545,0.6931481805599428,"{""kernels.0.base_kernel.kernels.0"": [0.33333328224803377, 0.3333310412115793, 0.3333235296134051, 0.33330372400088604, 0.3333407290927794, 0.33332028011856324, 0.3333412605223329, 0.3333253412535226, 0.33333200368139154, 0.3333257072475309, 0.3333363898860949, 0.3333320464095203, 0.3333300506685759, 0.33334210240167167, 0.33332546260476315, 0.33332739587337584, 0.33332898254370663, 0.3333347267764283], ""kernels.0.base_kernel.kernels.1.base_kernel"": [0.6931481805599428, 0.6931481805599428, 0.6931481805599428], ""kernels.1.base_kernel.kernels.0"": [0.05006933106176668, 0.22485368811620732, 0.495520818415996, 0.3116274732805553, 0.05046016245832534, 0.609416599233549, 0.1302040225062548, 0.42346365217618226, 0.1618487323431247, 0.3223296788967002, 0.10056648820593171, 0.4166322826806786, 0.4028147860206581, 0.6481594302923296, 0.472957538668355, 0.29629081838581206, 0.24968043737980178, 0.0500088931552598], ""kernels.1.base_kernel.kernels.1"": [0.6931481805599428, 0.6931481805599428, 0.6931481805599428]}","{""kernels.0"": 9.737324061575548e-06, ""kernels.0.base_kernel.kernels.1"": 0.005886236611481331, ""kernels.1"": 0.8890132184906715}",10,5,30,1,0,28
304,95.6634679942448,92.50846984130895,0.5,global,-3.4758592988532726,0.0911703675168856,0.0005935753088001312,0.2950342727601199,0.05000889327475275,0.3333315742976821,0.6931481805599428,"{""kernels.0.base_kernel.kernels.0"": [0.33333327486472725, 0.3333311585482474, 0.3333235343858433, 0.3333041426044148, 0.3333407192732447, 0.3333202431061861, 0.33334120779815163, 0.33332532224953837, 0.3333319900471169, 0.33332575335477, 0.33333637680795003, 0.3333320642792123, 0.3333298819301409, 0.3333421174102557, 0.3333254978830971, 0.3333274790538924, 0.33332893536906655, 0.3333347225881339], ""kernels.0.base_kernel.kernels.1.base_kernel"": [0.6931481805599428, 0.6931481805599428, 0.6931481805599428], ""kernels.1.base_kernel.kernels.0"": [0.05006929884206814, 0.22796669511664153, 0.4951708287428341, 0.3154360239982194, 0.05046041088789193, 0.6087418559618173, 0.1289346170792564, 0.4242413763190397, 0.1626865340177141, 0.32384598501859646, 0.1006172301702702, 0.41714000873512325, 0.3992273934150609, 0.649867609780478, 0.47277774244946286, 0.29730643263965995, 0.24834989145749992, 0.05000889327475275], ""kernels.1.base_kernel.kernels.1"": [0.6931481805599428, 0.6931481805599428, 0.6931481805599428]}","{""kernels.0"": 9.737342305597894e-06, ""kernels.0.base_kernel.kernels.1"": 0.005886236128141361, ""kernels.1"": 0.8792068448099127}",10,5,30,0,0,29
305,257.91397345242905,92.50846984130895,0.4978,global,-4.608578420529996,0.3963753040095093,0.0005910168616177395,0.29872436178179995,0.05000889336051907,0.33333160116473487,0.6931481805599428,"{""kernels.0.base_kernel.kernels.0"": [0.33333327040504623, 0.3333312278144604, 0.33332352192588977, 0.3333044321212959, 0.33334071909155427, 0.33332018555969634, 0.3333411806031207, 0.33332528707213166, 0.33333197451500934, 0.33332577490171694, 0.3333363699159331, 0.33333205854832737, 0.3333297432411419, 0.3333421203344057, 0.3333255116287072, 0.3333275292754625, 0.3333289001615378, 0.33333472277636017], ""kernels.0.base_kernel.kernels.1.base_kernel"": [0.6931481805599428, 0.6931481805599428, 0.6931481805599428], ""kernels.1.base_kernel.kernels.0"": [0.050069273014943835, 0.22983630265516872, 0.49444500171136757, 0.31805564164358063, 0.05046057379019872, 0.6076649526761264, 0.12772780781381018, 0.4244153656052776, 0.16295309342599693, 0.3244673064749097, 0.1005019163716159, 0.41682948595025665, 0.39619908298727324, 0.6505188131191616, 0.47255211681820475, 0.2974769612473439, 0.24750096010781014, 0.05000889336051907], ""kernels.1.base_kernel.kernels.1"": [0.6931481805599428, 0.6931481805599428, 0.6931481805599428]}","{""kernels.0"": 9.737362469243898e-06, ""kernels.0.base_kernel.kernels.1"": 0.0058862357478184964, ""kernels.1"": 0.8902771122351121}",10,5,30,0,1,30
306,113.47759574370203,92.50846984130895,0.4984,global,-4.380030248374914,0.14809575028863467,0.00059133394730515,0.29575207389065084,0.05000889343249952,0.3333316187284976,0.6931481805599428,"{""kernels.0.base_kernel.kernels.0"": [0.33333326568206256, 0.33333126836358334, 0.3333235193742124, 0.333304660221702, 0.333340724200726, 0.33332014398082077, 0.33334117364894383, 0.3333252277174063, 0.33333196909341184, 0.3333258010661059, 0.3333363660492019, 0.3333320506744074, 0.33332964410917737, 0.33334211366647215, 0.3333255194521336, 0.33332757116509465, 0.33332888559591645, 0.33333472431773403], ""kernels.0.base_kernel.kernels.1.base_kernel"": [0.6931481805599428, 0.6931481805599428, 0.6931481805599428], ""kernels.1.base_kernel.kernels.0"": [0.050069253816054066, 0.23153921474967787, 0.49424016043884816, 0.3202249199008522, 0.050460713107928296, 0.605303476467794, 0.12739908054551063, 0.4227382639318416, 0.16332594117486207, 0.3252867651396956, 0.10062114426009067, 0.41656451027848296, 0.39439054360609793, 0.6514526972121363, 0.4725972879654249, 0.29831380106402383, 0.24721759641702593, 0.05000889343249952], ""kernels.1.base_kernel.kernels.1"": [0.6931481805599428, 0.6931481805599428, 0.6931481805599428]}","{""kernels.0"": 9.737376485099483e-06, ""kernels.0.base_kernel.kernels.1"": 0.005886235457587433, ""kernels.1"": 0.88136024883788}",10,5,30,1,0,31
307,134.11140788979333,92.50846984130895,0.4974,global,-4.091009942771422,0.23635185522577737,0.0005848401999065746,0.29706112269407925,0.0500088953895437,0.3333324741897951,0.6931481805599428,"{""kernels.0.base_kernel.kernels.0"": [0.3333332021741849, 0.3333314998523145, 0.3333231080402842, 0.3333089159047626, 0.3333409523996665, 0.33331849227803745, 0.3333413133903857, 0.3333239957770053, 0.33333170174046994, 0.3333261810142356, 0.33333632308042255, 0.33333174620540534, 0.33332734083520277, 0.3333415803552141, 0.3333255093879884, 0.33332826138848476, 0.3333285628940757, 0.33333480082946465], ""kernels.0.base_kernel.kernels.1.base_kernel"": [0.6931481805599428, 0.6931481805599428, 0.6931481805599428], ""kernels.1.base_kernel.kernels.0"": [0.05006869604086541, 0.24592985744929663, 0.48313912665912245, 0.3388103840001554, 0.05046420158225954, 0.5584806862288292, 0.12619187432083628, 0.3785342401949022, 0.16635539881375266, 0.3360263791757043, 0.10158021102992434, 0.40375772974092256, 0.3499601341724851, 0.656945505184028, 0.46710884488386534, 0.3071619749797882, 0.2420011984290963, 0.0500088953895437], ""kernels.1.base_kernel.kernels.1"": [0.6931481805599428, 0.6931481805599428, 0.6931481805599428]}","{""kernels.0"": 9.737896910548112e-06, ""kernels.0.base_kernel.kernels.1"": 0.005886226875713386, ""kernels.1"": 0.8852874033096139}",10,5,30,1,0,32
308,93.540725026411,92.50846984130895,0.5012,global,-3.660071971035769,0.05082826651860828,0.0005858624524061254,0.297061122200616,0.050008895389551666,0.33333247419053513,0.6931481805599428,"{""kernels.0.base_kernel.kernels.0"": [0.33333320217403095, 0.3333314998507065, 0.3333231080406183, 0.33330891590781886, 0.3333409524002877, 0.3333184922770169, 0.33334131339103823, 0.33332399578024136, 0.3333317017399949, 0.33332618101251293, 0.333336323080373, 0.33333174620703937, 0.33332734083239157, 0.33334158034911426, 0.3333255093881528, 0.3333282613883465, 0.3333285628942323, 0.33333480082956907], ""kernels.0.base_kernel.kernels.1.base_kernel"": [0.6931481805599428, 0.6931481805599428, 0.6931481805599428], ""kernels.1.base_kernel.kernels.0"": [0.05006869603864877, 0.24592987185756146, 0.4831391226559313, 0.3388103552527063, 0.050464201592847154, 0.5584807412014251, 0.1261918541305478, 0.37853421398639775, 0.16635540137776444, 0.3360263649394388, 0.10158021858461369, 0.40375776569566035, 0.34996010480825757, 0.6569454532132882, 0.46710882670083587, 0.3071619632226338, 0.24200117350559983, 0.050008895389551666], ""kernels.1.base_kernel.kernels.1"": [0.6931481805599428, 0.6931481805599428, 0.6931481805599428]}","{""kernels.0"": 9.737896912654927e-06, ""kernels.0.base_kernel.kernels.1"": 0.005886226875676913, ""kernels.1"": 0.8852874018292584}",10,5,30,0,0,33
309,101.38455621982656,92.50846984130895,0.4964,global,-3.4863990008795174,0.11617068697538065,0.000580996960579391,0.2959654064663273,0.050008895452260706,0.3333324818011042,0.6931481805599428,"{""kernels.0.base_kernel.kernels.0"": [0.33333320093654867, 0.33333147938486574, 0.3333231113168602, 0.33330896202756505, 0.3333409568860862, 0.3333184819804383, 0.3333413236893357, 0.33332402503418324, 0.3333316988359891, 0.3333261682092676, 0.3333363234348569, 0.3333317626656597, 0.3333273173582551, 0.3333415326430996, 0.3333255120401966, 0.3333282604578265, 0.33332856413502415, 0.33333480117864484], ""kernels.0.base_kernel.kernels.1.base_kernel"": [0.6931481805599428, 0.6931481805599428, 0.6931481805599428], ""kernels.1.base_kernel.kernels.0"": [0.05006867916278512, 0.2460201887801996, 0.48315116876823505, 0.34027844662730994, 0.050464264632291964, 0.5595483103531312, 0.12590638061115694, 0.3791496675140139, 0.16646582191587417, 0.3360703218612064, 0.10179537869007045, 0.4042869992335294, 0.3500049626551117, 0.6566116173661893, 0.46701605617965236, 0.3074871567628166, 0.24189676345270153, 0.050008895452260706], ""kernels.1.base_kernel.kernels.1"": [0.6931481805599428, 0.6931481805599428, 0.6931481805599428]}","{""kernels.0"": 9.737912147056104e-06, ""kernels.0.base_kernel.kernels.1"": 0.005886226596918268, ""kernels.1"": 0.8820002548899165}",10,5,30,0,0,34
310,92.35582546140618,92.35582546140618,0.5012,global,-3.7719814748188227,0.07486854051105377,0.0005807126119308878,0.29596541785905195,0.05000889545226557,0.33333248180151387,0.6931481805599428,"{""kernels.0.base_kernel.kernels.0"": [0.33333320093637536, 0.3333314793825939, 0.33332311131688536, 0.333308962030112, 0.3333409568865956, 0.33331848197940916, 0.3333413236902956, 0.3333240250360322, 0.3333316988356663, 0.33332616820758976, 0.3333363234351353, 0.3333317626666523, 0.3333273173558307, 0.33334153264046495, 0.33332551204042105, 0.3333282604577785, 0.3333285641348646, 0.3333348011788404], ""kernels.0.base_kernel.kernels.1.base_kernel"": [0.6931481805599428, 0.6931481805599428, 0.6931481805599428], ""kernels.1.base_kernel.kernels.0"": [0.05006867916132202, 0.24602019013708779, 0.4831511525471226, 0.34027854766211607, 0.050464264639806605, 0.5595484152892243, 0.12590635095060765, 0.37914969033700074, 0.16646582915018227, 0.3360703253886866, 0.10179540292477052, 0.40428703342410394, 0.35000495535755183, 0.6566116003854541, 0.4670160497534208, 0.30748717425348054, 0.24189674752509288, 0.05000889545226557], ""kernels.1.base_kernel.kernels.1"": [0.6931481805599428, 0.6931481805599428, 0.6931481805599428]}","{""kernels.0"": 9.737912148388148e-06, ""kernels.0.base_kernel.kernels.1"": 0.005886226596895249, ""kernels.1"": 0.8820002890681122}",10,5,30,0,0,0
311,93.23030485015613,92.35582546140618,0.4972,global,-3.8476595939199454,0.047283019408469774,0.0005770694685441648,0.2943484227754029,0.05000889553763521,0.333332491356069,0.6931481805599428,"{""kernels.0.base_kernel.kernels.0"": [0.33333319771443704, 0.3333314256820222, 0.3333231099014197, 0.33330899705232647, 0.33334096639415645, 0.33331847395265735, 0.33334133843618, 0.33332406684607047, 0.3333316964448055, 0.3333261411020441, 0.33333632741267966, 0.33333178499770094, 0.33332727723906186, 0.33334155599691306, 0.3333255186244851, 0.33332827145620536, 0.33332856215503087, 0.333334803752167], ""kernels.0.base_kernel.kernels.1.base_kernel"": [0.6931481805599428, 0.6931481805599428, 0.6931481805599428], ""kernels.1.base_kernel.kernels.0"": [0.05006865418501418, 0.24607111989887573, 0.48289639045694355, 0.34217014053411654, 0.05046439913585036, 0.5617878451054055, 0.12559425880757427, 0.38044119854461667, 0.16685038802911922, 0.3365436534600387, 0.10227645047314385, 0.40514415812233073, 0.35007577818930313, 0.6576740062270797, 0.4669383590455539, 0.308598320293832, 0.24166564891744283, 0.05000889553763521], ""kernels.1.base_kernel.kernels.1"": [0.6931481805599428, 0.6931481805599428, 0.6931481805599428]}","{""kernels.0"": 9.737932800357972e-06, ""kernels.0.base_kernel.kernels.1"": 0.0058862262025360015, ""kernels.1"": 0.8771493041908724}",10,5,30,0,0,1
312,102.14753316231275,92.35582546140618,0.4994,local,-3.780597549414748,0.18153198625256367,0.0005704898409836061,0.2943502225384371,0.050008895537753374,0.3333324913638753,0.6931481805599428,"{""kernels.0.base_kernel.kernels.0"": [0.33333319771030007, 0.3333314256283323, 0.3333231098797104, 0.33330899706630396, 0.3333409664123389, 0.33331847391429026, 0.33334133846709074, 0.3333240668999831, 0.3333316964395737, 0.3333261410588604, 0.33333632741937075, 0.33333178501745064, 0.33332727718599514, 0.3333415560333613, 0.33332551861928855, 0.3333282714654551, 0.33332856215313234, 0.33333480375823593], ""kernels.0.base_kernel.kernels.1.base_kernel"": [0.6931481805599428, 0.6931481805599428, 0.6931481805599428], ""kernels.1.base_kernel.kernels.0"": [0.050068654148365706, 0.24607177446282716, 0.4828956679313869, 0.34217202422049475, 0.050464399306427044, 0.5617906811304976, 0.12559366530123217, 0.3804432052346089, 0.16685068151288046, 0.3365444868581882, 0.10227691908585332, 0.4051448294819021, 0.35007601727572446, 0.6576764311743946, 0.46693810426203897, 0.30859925317543246, 0.24166562743851408, 0.050008895537753374], ""kernels.1.base_kernel.kernels.1"": [0.6931481805599428, 0.6931481805599428, 0.6931481805599428]}","{""kernels.0"": 9.737932834276554e-06, ""kernels.0.base_kernel.kernels.1"": 0.005886226201961441, ""kernels.1"": 0.8771547034805156}",10,5,30,2,2,2
313,97.4982405239042,92.35582546140618,0.499,global,-4.377847578183345,0.06410690576498305,0.0005701889508890481,0.29435022435045616,0.05000889553775878,0.33333249136431087,0.6931481805599428,"{""kernels.0.base_kernel.kernels.0"": [0.3333331977101571, 0.3333314256263361, 0.3333231098782107, 0.3333089970664866, 0.3333409664131674, 0.33331847391330693, 0.333341338468561, 0.33332406690214705, 0.33333169643944255, 0.333326141056908, 0.33333632741974456, 0.33333178501846455, 0.3333272771839175, 0.33334155603433246, 0.33332551861909465, 0.3333282714657275, 0.3333285621531903, 0.33333480375846314], ""kernels.0.base_kernel.kernels.1.base_kernel"": [0.6931481805599428, 0.6931481805599428, 0.6931481805599428], ""kernels.1.base_kernel.kernels.0"": [0.050068654146813926, 0.246071798276155, 0.48289565904142445, 0.34217210955949134, 0.050464399315088566, 0.5617908276100135, 0.12559364141382517, 0.380443291961679, 0.16685070079517805, 0.33654451959368265, 0.10227694585877134, 0.405144859591628, 0.35007604001357545, 0.6576765357762021, 0.46693809137496906, 0.30859929306518236, 0.24166563620026357, 0.05000889553775878], ""kernels.1.base_kernel.kernels.1"": [0.6931481805599428, 0.6931481805599428, 0.6931481805599428]}","{""kernels.0"": 9.73793283575084e-06, ""kernels.0.base_kernel.kernels.1"": 0.005886226201936624, ""kernels.1"": 0.8771547089165962}",10,5,30,1,0,3
314,93.95556815983457,92.35582546140618,0.5004,global,-3.910283287374334,0.059356702625401644,0.0005650090975925272,0.2932715990430627,0.05000889561315108,0.33333249853987784,0.6931481805599428,"{""kernels.0.base_kernel.kernels.0"": [0.33333319538073586, 0.33333139910688614, 0.3333230926472508, 0.3333090053625357, 0.333340978521721, 0.33331845898162143, 0.3333413580587512, 0.3333241043530973, 0.33333169301289356, 0.3333261276895496, 0.3333363322535334, 0.3333318016990198, 0.3333272419436497, 0.33334156556970806, 0.3333255143988412, 0.3333282758528732, 0.3333285621992001, 0.33333480623483697], ""kernels.0.base_kernel.kernels.1.base_kernel"": [0.6931481805599428, 0.6931481805599428, 0.6931481805599428], ""kernels.1.base_kernel.kernels.0"": [0.05006863309084659, 0.24652673932964775, 0.4829777235778638, 0.3436114120142113, 0.05046455142324701, 0.5639078352636686, 0.12532841400869568, 0.3820191479289371, 0.16706400200645186, 0.33791788466131434, 0.10265329421253766, 0.405753546065433, 0.3504382294516699, 0.6590626101891304, 0.46675732318690577, 0.30925121762553576, 0.24181387679034208, 0.05000889561315108], ""kernels.1.base_kernel.kernels.1"": [0.6931481805599428, 0.6931481805599428, 0.6931481805599428]}","{""kernels.0"": 9.73795240818926e-06, ""kernels.0.base_kernel.kernels.1"": 0.0058862258639929, ""kernels.1"": 0.8739188333127871}",10,5,30,0,0,4
315,92.55069342293562,92.35582546140618,0.4994,global,-3.9442332051700846,0.039446618367830304,0.0005601798339424581,0.2946579764820348,0.0500088958673766,0.3333325138738701,0.6931481805599428,"{""kernels.0.base_kernel.kernels.0"": [0.333333189973332, 0.3333313349872949, 0.33332301057050906, 0.33330896879198785, 0.33334103699748885, 0.3333184507931408, 0.33334144659785253, 0.33332420546878455, 0.3333316785079891, 0.3333260554961146, 0.33333635140894163, 0.3333318377744081, 0.33332712816269, 0.33334164669883753, 0.3333254821283961, 0.3333282948254764, 0.33332855304273634, 0.33333482519286045], ""kernels.0.base_kernel.kernels.1.base_kernel"": [0.6931481805599428, 0.6931481805599428, 0.6931481805599428], ""kernels.1.base_kernel.kernels.0"": [0.05006856048046326, 0.2490063165190936, 0.4829321140537255, 0.3479137546236208, 0.050465046322883476, 0.574222139475305, 0.12430124127073584, 0.38722071033120786, 0.16759146470228392, 0.34221669558924067, 0.10367079805876665, 0.4068788695413695, 0.35180913224560295, 0.6662889859110405, 0.46574566208425766, 0.31238199070714306, 0.24232499003901062, 0.0500088958673766], ""kernels.1.base_kernel.kernels.1"": [0.6931481805599428, 0.6931481805599428, 0.6931481805599428]}","{""kernels.0"": 9.738024897401886e-06, ""kernels.0.base_kernel.kernels.1"": 0.005886224708527697, ""kernels.1"": 0.8780779667126793}",10,5,30,0,0,5
316,97.07555200779777,92.35582546140618,0.496,local,-3.92139183342052,0.07671991801111262,0.0005515228449473259,0.29429890846214274,0.05000889590847422,0.33333251516578005,0.6931481805599428,"{""kernels.0.base_kernel.kernels.0"": [0.33333318969222686, 0.33333131551598555, 0.3333229969270187, 0.33330895442570224, 0.33334104673569065, 0.33331844985515185, 0.3333414611159464, 0.3333242200394697, 0.3333316745443058, 0.33332604324686865, 0.33333635162065783, 0.33333184063933324, 0.33332710684824396, 0.3333416690043585, 0.3333254755817156, 0.33332829802874564, 0.3333285525726795, 0.333334825249818], ""kernels.0.base_kernel.kernels.1.base_kernel"": [0.6931481805599428, 0.6931481805599428, 0.6931481805599428], ""kernels.1.base_kernel.kernels.0"": [0.05006854831927467, 0.24928267721564698, 0.48293277111557026, 0.348339986424107, 0.050465115874786845, 0.5758385658467451, 0.1242533945952771, 0.3882385585900989, 0.16767167448027057, 0.34312533053450756, 0.1037756420003016, 0.4069024713342985, 0.35200779300751717, 0.66724415904654, 0.4655669414187531, 0.3128203800177357, 0.242468220875007, 0.05000889590847422], ""kernels.1.base_kernel.kernels.1"": [0.6931481805599428, 0.6931481805599428, 0.6931481805599428]}","{""kernels.0"": 9.738035989702963e-06, ""kernels.0.base_kernel.kernels.1"": 0.00588622452153297, ""kernels.1"": 0.8770007628289056}",10,5,30,2,0,6
317,172.49688991836268,92.35582546140618,0.4988,global,-4.607428697396473,0.26233759102037774,0.0005494504702434466,0.29429850728775003,0.050008895908518536,0.33333251516673057,0.6931481805599428,"{""kernels.0.base_kernel.kernels.0"": [0.3333331896923614, 0.33333131549989564, 0.3333229969101967, 0.33330895440461267, 0.3333410467462376, 0.3333184498556281, 0.3333414611349003, 0.3333242200457205, 0.3333316745409914, 0.3333260432306259, 0.3333363516226734, 0.33333184064109966, 0.3333271068329043, 0.3333416690522677, 0.3333254755741518, 0.3333282980316027, 0.3333285525721513, 0.33333482525302655], ""kernels.0.base_kernel.kernels.1.base_kernel"": [0.6931481805599428, 0.6931481805599428, 0.6931481805599428], ""kernels.1.base_kernel.kernels.0"": [0.050068548306719626, 0.2492834921160999, 0.48293273576488155, 0.34834032425136036, 0.050465115948748834, 0.5758402134667047, 0.1242533633289102, 0.3882396340974332, 0.16767179175930472, 0.34312620944041083, 0.10377578438597243, 0.4069025539493648, 0.3520083493622525, 0.6672455425414487, 0.46556679683629626, 0.3128208521283801, 0.24246844296560158, 0.050008895908518536], ""kernels.1.base_kernel.kernels.1"": [0.6931481805599428, 0.6931481805599428, 0.6931481805599428]}","{""kernels.0"": 9.738036001998741e-06, ""kernels.0.base_kernel.kernels.1"": 0.005886224521334706, ""kernels.1"": 0.8769995593059134}",10,5,30,0,0,7
318,109.09351774974178,92.35582546140618,0.4986,local,-4.305172368389802,0.2690292864305248,0.0005497782982800401,0.29429850999511625,0.050008895908518855,0.33333251516678036,0.6931481805599428,"{""kernels.0.base_kernel.kernels.0"": [0.33333318969239917, 0.33333131549974465, 0.3333229969099804, 0.3333089544044313, 0.3333410467463, 0.333318449855566, 0.33334146113503826, 0.33332422004569356, 0.3333316745409288, 0.3333260432301468, 0.33333635162270364, 0.33333184064116156, 0.3333271068328196, 0.3333416690526546, 0.33332547557408393, 0.3333282980316329, 0.33332855257213195, 0.33333482525304337], ""kernels.0.base_kernel.kernels.1.base_kernel"": [0.6931481805599428, 0.6931481805599428, 0.6931481805599428], ""kernels.1.base_kernel.kernels.0"": [0.05006854830662833, 0.24928349569730177, 0.4829327340686977, 0.34834032686758193, 0.05046511594924945, 0.5758402239289108, 0.1242533632618479, 0.3882396405303889, 0.1676717917913319, 0.3431262089666718, 0.10377578515678854, 0.4069025542183052, 0.3520083531257254, 0.6672455531543174, 0.46556679557220604, 0.31282085589521486, 0.2424684440764436, 0.050008895908518855], ""kernels.1.base_kernel.kernels.1"": [0.6931481805599428, 0.6931481805599428, 0.6931481805599428]}","{""kernels.0"": 9.738036002098205e-06, ""kernels.0.base_kernel.kernels.1"": 0.0058862245213332515, ""kernels.1"": 0.8769995674280133}",10,5,30,3,0,8
319,171.55653722781508,92.35582546140618,0.4998,global,-4.277570573734183,0.26654199791638633,0.0005501466149025219,0.2942985570884804,0.050008895908527876,0.33333251516808665,0.6931481805599428,"{""kernels.0.base_kernel.kernels.0"": [0.3333331896934559, 0.3333313154964266, 0.3333229969018779, 0.3333089543980474, 0.33334104674814424, 0.3333184498536237, 0.33334146113862984, 0.333324220045572, 0.3333316745411711, 0.33332604321563014, 0.33333635162357056, 0.3333318406427174, 0.33332710682980105, 0.33334166906656326, 0.33332547557279035, 0.33332829803317404, 0.33332855257106386, 0.3333348252534586], ""kernels.0.base_kernel.kernels.1.base_kernel"": [0.6931481805599428, 0.6931481805599428, 0.6931481805599428], ""kernels.1.base_kernel.kernels.0"": [0.0500685483040185, 0.24928362101639426, 0.4829326838178029, 0.34834039862794974, 0.050465115963317285, 0.5758405105632534, 0.12425337129575695, 0.3882398550928481, 0.16767186002883963, 0.343126182084366, 0.10377581241233941, 0.40690256584980466, 0.3520084652583206, 0.6672458648737153, 0.4655667793216773, 0.31282097198917674, 0.2424684743766472, 0.050008895908527876], ""kernels.1.base_kernel.kernels.1"": [0.6931481805599428, 0.6931481805599428, 0.6931481805599428]}","{""kernels.0"": 9.738036004983416e-06, ""kernels.0.base_kernel.kernels.1"": 0.005886224521291357, ""kernels.1"": 0.8769997087081449}",10,5,30,0,0,9
320,92.12702532326924,92.12702532326924,0.4986,global,-4.072681445566381,0.06279329257676482,0.0005516048275901412,0.29679060736337415,0.0500088960025651,0.33333253056368994,0.6931481805599428,"{""kernels.0.base_kernel.kernels.0"": [0.3333332171885784, 0.333331300486431, 0.33332288282510597, 0.3333088995959913, 0.33334107018005954, 0.33331832618713625, 0.3333415121047221, 0.3333242061328756, 0.33333167014790177, 0.33332578975893173, 0.3333363630833062, 0.3333318439388015, 0.33332702705636713, 0.3333418182663787, 0.33332545097113914, 0.33332831161600285, 0.33332854429720915, 0.3333348270485344], ""kernels.0.base_kernel.kernels.1.base_kernel"": [0.6931481805599428, 0.6931481805599428, 0.6931481805599428], ""kernels.1.base_kernel.kernels.0"": [0.050068521105276, 0.2507863097132048, 0.4810253706583256, 0.34929580997203, 0.050465251336329196, 0.5776676904594099, 0.12432706551407387, 0.38949962916294417, 0.16817041990408207, 0.3395696119122372, 0.10396082528308102, 0.40662362319136036, 0.3520292459958468, 0.6706503438717738, 0.465167461991352, 0.31407015868208943, 0.2427154719155416, 0.0500088960025651], ""kernels.1.base_kernel.kernels.1"": [0.6931481805599428, 0.6931481805599428, 0.6931481805599428]}","{""kernels.0"": 9.738071871707788e-06, ""kernels.0.base_kernel.kernels.1"": 0.005886224085276762, ""kernels.1"": 0.884475859932974}",10,5,30,0,0,0
321,100.53112610905912,92.12702532326924,0.4978,global,-3.682510845448541,0.08301612303898491,0.0005474157209838941,0.30359236487691893,0.050008905418709344,0.33333397274165244,0.7206305091287942,"{""kernels.0.base_kernel.kernels.0"": [0.3333337479613372, 0.33332964140269566, 0.33332170517591025, 0.33330738408860044, 0.33334174328257116, 0.33331514007862467, 0.33334254669782404, 0.33332581917345383, 0.3333309515059948, 0.33332554224213046, 0.33333628989776226, 0.33333419752196775, 0.33332506629427966, 0.3333454677732968, 0.33332389703496706, 0.3333289356506132, 0.33332861113333534, 0.3333348484686412], ""kernels.0.base_kernel.kernels.1.base_kernel"": [0.6931481805599428, 0.6931481805599428, 0.6931481805599428], ""kernels.1.base_kernel.kernels.0"": [0.05006597637511219, 0.266761976741375, 0.48807543452226415, 0.36608500843452263, 0.050473422648109195, 0.5534271847492095, 0.13190014526851657, 0.3790576547760683, 0.3388557865062273, 0.17513410985783173, 0.11283818576836742, 0.44456276025128183, 0.36557150378237474, 0.7206305091287942, 0.4349115276726099, 0.332056706186501, 0.2604322854907606, 0.050008905418709344], ""kernels.1.base_kernel.kernels.1"": [0.6931481805599428, 0.6931481805599428, 0.6931481805599428]}","{""kernels.0"": 9.74102553084594e-06, ""kernels.0.base_kernel.kernels.1"": 0.005886184078664869, ""kernels.1"": 0.9048811695265612}",10,5,30,0,0,1
322,104.30196999356288,92.12702532326924,0.4968,global,-3.778156479810397,0.1080639235821868,0.0005431722562365637,0.3025317680551333,0.050008907579707905,0.33333360116807165,0.7126087765159476,"{""kernels.0.base_kernel.kernels.0"": [0.3333335062070106, 0.33333087495782415, 0.333321335497386, 0.33330825493789623, 0.3333414899621086, 0.33331531265216136, 0.33334186179587744, 0.33332608218405785, 0.3333298742837723, 0.33332809694186605, 0.3333361706310193, 0.33333369612913266, 0.3333255104180007, 0.33334679356636177, 0.33332372966723556, 0.3333290754769528, 0.3333286353075352, 0.3333348515667539], ""kernels.0.base_kernel.kernels.1.base_kernel"": [0.6931481805599428, 0.6931481805599428, 0.6931481805599428], ""kernels.1.base_kernel.kernels.0"": [0.05006543909138992, 0.2671125789497631, 0.45142631375643344, 0.3759884030118101, 0.050476405247965116, 0.5602454499599875, 0.12794749376556788, 0.3678584148750722, 0.3220518676982944, 0.1859406714693152, 0.11255884923947382, 0.4287435354701415, 0.37132514832056973, 0.7126087765159476, 0.42385431361469655, 0.33387953879042187, 0.2688949057922494, 0.050008907579707905], ""kernels.1.base_kernel.kernels.1"": [0.6931481805599428, 0.6931481805599428, 0.6931481805599428]}","{""kernels.0"": 9.741424002698007e-06, ""kernels.0.base_kernel.kernels.1"": 0.005886176574428595, ""kernels.1"": 0.9016993861669687}",10,5,30,0,0,2
323,91.93528943025538,91.93528943025538,0.502,global,-3.8926697851221514,0.06013832708591499,0.0005432987747394562,0.30253176646303986,0.05000890757970831,0.3333336011680731,0.7126087780295682,"{""kernels.0.base_kernel.kernels.0"": [0.333333506206986, 0.3333308749578781, 0.33332133549745174, 0.3333082549379362, 0.33334148996207996, 0.3333153126521419, 0.333341861795807, 0.3333260821842351, 0.3333298742835917, 0.33332809694204474, 0.333336170631015, 0.33333369612916014, 0.33332551041804614, 0.3333467935666336, 0.33332372966721857, 0.3333290754769538, 0.33332863530751716, 0.33333485156675047], ""kernels.0.base_kernel.kernels.1.base_kernel"": [0.6931481805599428, 0.6931481805599428, 0.6931481805599428], ""kernels.1.base_kernel.kernels.0"": [0.050065439091292775, 0.2671125789689338, 0.4514263147719832, 0.37598840353551644, 0.050476405248548795, 0.5602454479644234, 0.12794749361073773, 0.36785841774255684, 0.32205186442868583, 0.18594067245873894, 0.11255884936202365, 0.42874353749473126, 0.37132514713165143, 0.7126087780295682, 0.4238543120577845, 0.3338795391958105, 0.26889490644492847, 0.05000890757970831], ""kernels.1.base_kernel.kernels.1"": [0.6931481805599428, 0.6931481805599428, 0.6931481805599428]}","{""kernels.0"": 9.74142400276679e-06, ""kernels.0.base_kernel.kernels.1"": 0.005886176574427198, ""kernels.1"": 0.9016993813906897}",10,5,30,0,1,0
324,192.11269743179653,91.93528943025538,0.5,global,-4.4038577413160205,0.33599939069046325,0.0005389853144593272,0.3014515954772727,0.05000890763303953,0.3333336018408466,0.7130794585786299,"{""kernels.0.base_kernel.kernels.0"": [0.33333350282569785, 0.3333308840800316, 0.33332134420267384, 0.3333082610799066, 0.33334148583920364, 0.3333153335299325, 0.3333418516687789, 0.3333261060081134, 0.33332985504176377, 0.3333281198833176, 0.33333616969011093, 0.3333337008559954, 0.3333255163115856, 0.33334684191810027, 0.33332372877810484, 0.3333290790826049, 0.33332863383253725, 0.3333348507579365], ""kernels.0.base_kernel.kernels.1.base_kernel"": [0.6931481805599428, 0.6931481805599428, 0.6931481805599428], ""kernels.1.base_kernel.kernels.0"": [0.05006542634177109, 0.2675512771959976, 0.4515659145718851, 0.37619844739598957, 0.050476489899675944, 0.5611950622552668, 0.12796094788993118, 0.36834411656468774, 0.32196345630434814, 0.18613846292872635, 0.11260051073989258, 0.42903957434362955, 0.37125032401706615, 0.7130794585786299, 0.4236782954345247, 0.3341038744811188, 0.26903675239255587, 0.05000890763303953], ""kernels.1.base_kernel.kernels.1"": [0.6931481805599428, 0.6931481805599428, 0.6931481805599428]}","{""kernels.0"": 9.741431945431121e-06, ""kernels.0.base_kernel.kernels.1"": 0.0058861763910313175, ""kernels.1"": 0.8984588686088413}",10,5,30,0,0,1
325,92.27431221977575,91.93528943025538,0.498,global,-4.048209354052121,0.04683223771940499,0.0005401183029338837,0.30145162308096923,0.05000890763304175,0.3333336018407907,0.7130794664993352,"{""kernels.0.base_kernel.kernels.0"": [0.3333335028256578, 0.3333308840802534, 0.3333213442029455, 0.3333082610785507, 0.3333414858393007, 0.3333153335286359, 0.3333418516683644, 0.33332610600884843, 0.33332985504071955, 0.3333281198842912, 0.3333361696901965, 0.33333370085592356, 0.33332551631187507, 0.33334684191971437, 0.3333237287778552, 0.3333290790825238, 0.3333286338322926, 0.3333348507579765], ""kernels.0.base_kernel.kernels.1.base_kernel"": [0.6931481805599428, 0.6931481805599428, 0.6931481805599428], ""kernels.1.base_kernel.kernels.0"": [0.05006542634122183, 0.2675512798028432, 0.4515659172441637, 0.3761984159806122, 0.05047648990270224, 0.5611950832322498, 0.12796093985878765, 0.3683441300571602, 0.3219634429258996, 0.18613846973434248, 0.1126005093890155, 0.42903958337731535, 0.3712503150521974, 0.7130794664993352, 0.4236782841561485, 0.33410387384650514, 0.2690367548593696, 0.05000890763304175], ""kernels.1.base_kernel.kernels.1"": [0.6931481805599428, 0.6931481805599428, 0.6931481805599428]}","{""kernels.0"": 9.741431945885703e-06, ""kernels.0.base_kernel.kernels.1"": 0.00588617639102354, ""kernels.1"": 0.8984589514199384}",10,5,30,0,0,2
326,95.71373588622414,91.93528943025538,0.4994,global,-4.095375564231396,0.1300743559372814,0.0005369500572015784,0.30278090878176744,0.0500089100657678,0.3333334718365807,0.7158355657917733,"{""kernels.0.base_kernel.kernels.0"": [0.3333334794281974, 0.33333091780767216, 0.3333215672730199, 0.3333075055802442, 0.33334164106125114, 0.3333147531570974, 0.333341650208306, 0.33332660853715584, 0.33332888460999693, 0.33332888127706134, 0.33333626479918044, 0.333333464244964, 0.333325942482646, 0.33334838199348316, 0.333323475545901, 0.3333289988311682, 0.33332846318750875, 0.33333489545555106], ""kernels.0.base_kernel.kernels.1.base_kernel"": [0.6931481805599428, 0.6931481805599428, 0.6931481805599428], ""kernels.1.base_kernel.kernels.0"": [0.0500648283145712, 0.2679350077120144, 0.4545371556543891, 0.3662140484769866, 0.05047983805050951, 0.609695881674159, 0.12611080834679617, 0.3849045062819037, 0.31273118491743895, 0.19397319384333817, 0.11161501472466936, 0.432050296699549, 0.37749086084239375, 0.7158355657917733, 0.4153891333396124, 0.3337159737958707, 0.27839887968799726, 0.0500089100657678], ""kernels.1.base_kernel.kernels.1"": [0.6931481805599428, 0.6931481805599428, 0.6931481805599428]}","{""kernels.0"": 9.741914581893334e-06, ""kernels.0.base_kernel.kernels.1"": 0.005886167862231676, ""kernels.1"": 0.9024468165684888}",10,5,30,0,0,3
327,92.32622215224389,91.93528943025538,0.4984,global,-4.140566346121498,0.028088553075689273,0.0005366008483946543,0.30278080148633096,0.0500089100657755,0.33333347183517636,0.7158355698192637,"{""kernels.0.base_kernel.kernels.0"": [0.3333334794284106, 0.3333309178082137, 0.33332156727295137, 0.33330750558009925, 0.3333416410619125, 0.3333147531546961, 0.33334165020862877, 0.3333266085428983, 0.3333288846080451, 0.333328881275895, 0.3333362647996151, 0.3333334642419422, 0.33332594248378533, 0.3333483819945779, 0.33332347554462827, 0.33332899883070805, 0.3333284631869378, 0.3333348954556241], ""kernels.0.base_kernel.kernels.1.base_kernel"": [0.6931481805599428, 0.6931481805599428, 0.6931481805599428], ""kernels.1.base_kernel.kernels.0"": [0.05006482831259831, 0.26793500797898656, 0.45453716600805366, 0.36621402890525934, 0.050479838061151756, 0.6096958424802403, 0.12611080689552473, 0.3849046222701531, 0.3127311402364344, 0.1939731755063195, 0.11161501193670631, 0.43205052433237573, 0.377490927839231, 0.7158355698192637, 0.4153891113239191, 0.33371595844921054, 0.2783989058493278, 0.0500089100657755], ""kernels.1.base_kernel.kernels.1"": [0.6931481805599428, 0.6931481805599428, 0.6931481805599428]}","{""kernels.0"": 9.741914583498894e-06, ""kernels.0.base_kernel.kernels.1"": 0.0058861678622033455, ""kernels.1"": 0.902446494682206}",10,5,30,5,0,4
328,92.29974395514503,91.93528943025538,0.4996,local,-4.1334318120939635,0.04347957208639079,0.0005277417530901,0.3026751060219225,0.05000891140507397,0.33333193593001964,0.720886216967681,"{""kernels.0.base_kernel.kernels.0"": [0.33333351605023226, 0.33333105049291134, 0.33332146768974735, 0.33330738568693424, 0.33334177357714506, 0.33331445332533777, 0.3333417210891308, 0.33332755197544456, 0.3333285034633196, 0.3333286782765244, 0.33333632474271185, 0.333332821367128, 0.33332611895062736, 0.33334890795244854, 0.3333232107762952, 0.33332898754101564, 0.3333283167104672, 0.3333349251190774], ""kernels.0.base_kernel.kernels.1.base_kernel"": [0.6931481805599428, 0.6931481805599428, 0.6931481805599428], ""kernels.1.base_kernel.kernels.0"": [0.05006447798493847, 0.2660669403966369, 0.45427035846960107, 0.3644111341225505, 0.05048156468541056, 0.6093503323789047, 0.12551304281220899, 0.40726434112045706, 0.307815939557708, 0.19286615624034284, 0.1112291706443578, 0.4699866350303411, 0.38644197129689506, 0.720886216967681, 0.41074589705267417, 0.33072831950282666, 0.28107719260546915, 0.05000891140507397], ""kernels.1.base_kernel.kernels.1"": [0.6931481805599428, 0.6931481805599428, 0.6931481805599428]}","{""kernels.0"": 9.742209576512773e-06, ""kernels.0.base_kernel.kernels.1"": 0.005886162832546227, ""kernels.1"": 0.9021294130236447}",10,5,30,2,0,5
329,99.52790904203103,91.93528943025538,0.4998,global,-3.7542903752595422,0.11019333389640691,0.0005197894614229262,0.30267194661506486,0.05000891140525722,0.33333193588763177,0.7208862523870446,"{""kernels.0.base_kernel.kernels.0"": [0.3333335160558362, 0.33333105054393375, 0.3333214676415989, 0.33330738568885854, 0.33334177358943057, 0.3333144533166132, 0.33334172111059707, 0.3333275519734056, 0.3333285034275025, 0.33332867825251816, 0.3333363247465995, 0.33333282123132985, 0.3333261189684372, 0.3333489080562923, 0.333323210748528, 0.3333289875568219, 0.33332831669973056, 0.33333492512082386], ""kernels.0.base_kernel.kernels.1.base_kernel"": [0.6931481805599428, 0.6931481805599428, 0.6931481805599428], ""kernels.1.base_kernel.kernels.0"": [0.05006447793484836, 0.266068489525526, 0.4542691684253664, 0.36441111338879395, 0.05048156499013541, 0.6093526586949545, 0.1255135290274208, 0.4072654046361587, 0.3078158721488022, 0.19286651863601334, 0.11122902145413412, 0.4699863135529349, 0.38644344518522333, 0.7208862523870446, 0.41074588355967373, 0.33072867263481454, 0.28107783299337213, 0.05000891140525722], ""kernels.1.base_kernel.kernels.1"": [0.6931481805599428, 0.6931481805599428, 0.6931481805599428]}","{""kernels.0"": 9.74220961895446e-06, ""kernels.0.base_kernel.kernels.1"": 0.005886162831828065, ""kernels.1"": 0.9021199348037476}",10,5,30,0,0,6
330,92.26966570906383,91.93528943025538,0.4994,local,-4.162967159816276,0.0580937690994069,0.0005200265752510303,0.30124139800208466,0.05000891145270776,0.3333319249431296,0.7208862866685453,"{""kernels.0.base_kernel.kernels.0"": [0.3333335177128659, 0.33333106575815796, 0.3333214556630509, 0.33330739174758706, 0.3333417768701389, 0.33331445490455747, 0.33334172599557665, 0.3333275509142608, 0.3333284939680332, 0.33332867509341685, 0.33333632602058477, 0.3333327841281012, 0.33332612056559796, 0.33334893539827626, 0.33332320269555454, 0.3333289918292131, 0.3333283146512041, 0.3333349251802202], ""kernels.0.base_kernel.kernels.1.base_kernel"": [0.6931481805599428, 0.6931481805599428, 0.6931481805599428], ""kernels.1.base_kernel.kernels.0"": [0.05006446502652899, 0.26681652858870075, 0.45396501642170867, 0.3646569463562762, 0.05048164762195667, 0.6100633922766795, 0.12562576657254204, 0.4076150820653954, 0.3077924710343593, 0.19336222034936001, 0.11120516536812325, 0.46992819369862365, 0.3869423684142553, 0.7208862866685453, 0.41082166883669397, 0.33080743158910964, 0.2812957579694386, 0.05000891145270776], ""kernels.1.base_kernel.kernels.1"": [0.6931481805599428, 0.6931481805599428, 0.6931481805599428]}","{""kernels.0"": 9.742220383178028e-06, ""kernels.0.base_kernel.kernels.1"": 0.0058861626459496795, ""kernels.1"": 0.8978282891399212}",10,5,30,1,0,7
331,137.62438016335727,91.93528943025538,0.4974,global,-3.9924392854538944,0.255547263407419,0.0005147641627255025,0.3012405900610131,0.05000891145281571,0.3333319249049744,0.7208878131353619,"{""kernels.0.base_kernel.kernels.0"": [0.3333335177171743, 0.3333310657790918, 0.3333214556278524, 0.3333073917440488, 0.33334177687911626, 0.33331445487636024, 0.33334172601074585, 0.33332755090168315, 0.3333284939449083, 0.33332867508028935, 0.3333363260254747, 0.333332784030857, 0.33332612058255534, 0.33334893554873263, 0.3333232026749445, 0.33332899184916276, 0.3333283146445837, 0.3333349251818373], ""kernels.0.base_kernel.kernels.1.base_kernel"": [0.6931481805599428, 0.6931481805599428, 0.6931481805599428], ""kernels.1.base_kernel.kernels.0"": [0.05006446499510027, 0.2668179431363358, 0.4539640903761313, 0.36465719578966077, 0.05048164779604512, 0.6100648977863706, 0.12562591101058926, 0.40761553566172565, 0.3077928908180162, 0.19336323773306877, 0.11120509317995197, 0.46992768770301224, 0.38694411332755774, 0.7208878131353619, 0.41082186215597843, 0.3308081823313807, 0.2812964089519527, 0.05000891145281571], ""kernels.1.base_kernel.kernels.1"": [0.6931481805599428, 0.6931481805599428, 0.6931481805599428]}","{""kernels.0"": 9.742220410322325e-06, ""kernels.0.base_kernel.kernels.1"": 0.005886162645499347, ""kernels.1"": 0.8978258653171297}",10,5,30,0,0,8
332,92.12966664342669,91.93528943025538,0.5014,global,-4.21403234320249,0.029197933832647016,0.0005158515194886413,0.30124058260903236,0.050008911452817294,0.33333192490426444,0.720887832279763,"{""kernels.0.base_kernel.kernels.0"": [0.33333351771722913, 0.3333310657790375, 0.33332145562727494, 0.33330739174419804, 0.33334177687939115, 0.3333144548753909, 0.333341726011262, 0.3333275509013978, 0.3333284939445499, 0.33332867508015007, 0.3333363260255475, 0.33333278402949135, 0.333326120582808, 0.3333489355503594, 0.3333232026746696, 0.33332899184914994, 0.3333283146444574, 0.3333349251818603], ""kernels.0.base_kernel.kernels.1.base_kernel"": [0.6931481805599428, 0.6931481805599428, 0.6931481805599428], ""kernels.1.base_kernel.kernels.0"": [0.05006446499462264, 0.26681796304057714, 0.4539640762892326, 0.3646572017870594, 0.05048164779886273, 0.6100649108031101, 0.12562591195652106, 0.4076155450846162, 0.30779289468147375, 0.19336325514240435, 0.11120509143195247, 0.4699276837021074, 0.3869441349442887, 0.720887832279763, 0.41082186402568416, 0.33080819242725074, 0.2812964171345118, 0.050008911452817294], ""kernels.1.base_kernel.kernels.1"": [0.6931481805599428, 0.6931481805599428, 0.6931481805599428]}","{""kernels.0"": 9.742220410762528e-06, ""kernels.0.base_kernel.kernels.1"": 0.00588616264549257, ""kernels.1"": 0.8978258429611938}",10,5,30,0,0,9
333,97.59759188449806,91.93528943025538,0.5002,global,-4.543194252343788,0.07582526975735224,0.0005056428197654644,0.3000276303292701,0.05000891151005936,0.333331902111662,0.7220624015677677,"{""kernels.0.base_kernel.kernels.0"": [0.33333351925731763, 0.3333310637467644, 0.3333214351376897, 0.3333073948763273, 0.3333417854653553, 0.3333144377040757, 0.33334174377763237, 0.3333275407256795, 0.3333284844094281, 0.3333286713022311, 0.33333632806950886, 0.33333274047655964, 0.33332613577743797, 0.33334900797682054, 0.3333231966161838, 0.33332899378822606, 0.3333283131158723, 0.3333349255319443], ""kernels.0.base_kernel.kernels.1.base_kernel"": [0.6931481805599428, 0.6931481805599428, 0.6931481805599428], ""kernels.1.base_kernel.kernels.0"": [0.05006444830055314, 0.2680364355347471, 0.45347354071518603, 0.3648755198353577, 0.05048175013129558, 0.6111152342492474, 0.12568035060071306, 0.4081664631075559, 0.3082681524807521, 0.1940950609927555, 0.11119757974988197, 0.46990688366831623, 0.38811420375964223, 0.7220624015677677, 0.4109427496901943, 0.3313523933679786, 0.28177853331135727, 0.05000891151005936], ""kernels.1.base_kernel.kernels.1"": [0.6931481805599428, 0.6931481805599428, 0.6931481805599428]}","{""kernels.0"": 9.742234623578608e-06, ""kernels.0.base_kernel.kernels.1"": 0.00588616240850959, ""kernels.1"": 0.8941869863446772}",10,5,30,0,0,10
334,97.09246619598281,91.93528943025538,0.5012,global,-4.672673357012082,0.05114032198122613,0.0005011355086957064,0.30002821359146986,0.05000891151015361,0.3333319020657852,0.7220642395647635,"{""kernels.0.base_kernel.kernels.0"": [0.3333335192608173, 0.33333106373401655, 0.3333214350962713, 0.33330739486538336, 0.3333417854843652, 0.33331443765678664, 0.33334174381274767, 0.3333275406976945, 0.33332848439521195, 0.33332867129095034, 0.33333632807501073, 0.33333274039755395, 0.33332613579965886, 0.3333490081090189, 0.3333231965979959, 0.3333289937854082, 0.33332831310982847, 0.33333492553560445], ""kernels.0.base_kernel.kernels.1.base_kernel"": [0.6931481805599428, 0.6931481805599428, 0.6931481805599428], ""kernels.1.base_kernel.kernels.0"": [0.050064448272051316, 0.26803770295927865, 0.4534725929228099, 0.36487570990637086, 0.05048175030435311, 0.6111166595604427, 0.12568028852016494, 0.40816704788135605, 0.30827012247912366, 0.19409625060174904, 0.1111974922864391, 0.46990663751996364, 0.3881158898462707, 0.7220642395647635, 0.41094274837597106, 0.33135301684360685, 0.28177923615575884, 0.05000891151015361], ""kernels.1.base_kernel.kernels.1"": [0.6931481805599428, 0.6931481805599428, 0.6931481805599428]}","{""kernels.0"": 9.742234650738277e-06, ""kernels.0.base_kernel.kernels.1"": 0.005886162408106593, ""kernels.1"": 0.8941887361316523}",10,5,30,0,0,11
335,93.36353945643083,91.93528943025538,0.4996,global,-4.014810987096963,0.08165198064538044,0.0005010146094437378,0.29880260057957647,0.05000891173739049,0.33333177800242786,0.7273274886400805,"{""kernels.0.base_kernel.kernels.0"": [0.3333335285887147, 0.33333103260656405, 0.333321334443619, 0.3333073523314045, 0.33334183288506286, 0.33331434025337153, 0.3333418301522787, 0.33332747202250196, 0.33332839991302515, 0.33332866871161626, 0.33333633453500805, 0.3333325233982916, 0.3333262046551126, 0.33334935724616277, 0.33332315072209406, 0.3333289728264494, 0.3333283020418398, 0.33333493151832], ""kernels.0.base_kernel.kernels.1.base_kernel"": [0.6931481805599428, 0.6931481805599428, 0.6931481805599428], ""kernels.1.base_kernel.kernels.0"": [0.05006438197403475, 0.27065219137601493, 0.45095820738702497, 0.3640345510330726, 0.050482247022352114, 0.6155428767579336, 0.12564807076671605, 0.41026841521647994, 0.31155221299410724, 0.20029253239357253, 0.1109899379083257, 0.46911631635647555, 0.3926743048512432, 0.7273274886400805, 0.4107014448484862, 0.3322551835189681, 0.2833779093908292, 0.05000891173739049], ""kernels.1.base_kernel.kernels.1"": [0.6931481805599428, 0.6931481805599428, 0.6931481805599428]}","{""kernels.0"": 9.742298161961278e-06, ""kernels.0.base_kernel.kernels.1"": 0.005886161464669286, ""kernels.1"": 0.8905118979758981}",10,5,30,0,0,12
336,91.64584576844929,91.64584576844929,0.499,global,-4.068325241123889,0.059394698650004914,0.000497764209780442,0.3011622076798454,0.05000891178393873,0.3333317478726448,0.7276797812080065,"{""kernels.0.base_kernel.kernels.0"": [0.33333353197749377, 0.3333310157218931, 0.3333213090859891, 0.33330733108085625, 0.3333418472173225, 0.33331429995506945, 0.3333418536843748, 0.33332744684835014, 0.33332837729024933, 0.3333286529184775, 0.3333363380973925, 0.3333324800233965, 0.3333262162100432, 0.3333494165592865, 0.3333231339651627, 0.33332896247055765, 0.33332829629987065, 0.3333349354931654], ""kernels.0.base_kernel.kernels.1.base_kernel"": [0.6931481805599428, 0.6931481805599428, 0.6931481805599428], ""kernels.1.base_kernel.kernels.0"": [0.050064367724721476, 0.2704478742995913, 0.45028574786814995, 0.36367473852070026, 0.05048234180889343, 0.6162507691967881, 0.12555611801839212, 0.41006261384250103, 0.3119642170762617, 0.2010336590688728, 0.11087625910882803, 0.4688846610626683, 0.3933940368051148, 0.7276797812080065, 0.410458037055451, 0.33220230445636895, 0.2836247995687697, 0.05000891178393873], ""kernels.1.base_kernel.kernels.1"": [0.6931481805599428, 0.6931481805599428, 0.6931481805599428]}","{""kernels.0"": 9.742314859728999e-06, ""kernels.0.base_kernel.kernels.1"": 0.005886161267406426, ""kernels.1"": 0.8975907194572701}",10,5,30,0,1,0
337,92.76218995008105,91.64584576844929,0.4982,local,-4.165361365485716,0.04443936126046583,0.0004934729998084545,0.3048159361402849,0.05000891295056067,0.3333326449884254,0.7477896200660141,"{""kernels.0.base_kernel.kernels.0"": [0.33333359792252654, 0.3333306573801858, 0.33332083946702185, 0.3333070901443452, 0.33334211678396053, 0.3333135657462917, 0.33334228501649604, 0.33332692053611734, 0.3333279015515688, 0.3333282540684493, 0.33333639961082634, 0.33333169205432434, 0.3333265733003178, 0.33335120281839153, 0.33332286057166766, 0.3333289130316929, 0.3333282225340447, 0.3333349867375752], ""kernels.0.base_kernel.kernels.1.base_kernel"": [0.6931481805599428, 0.6931481805599428, 0.6931481805599428], ""kernels.1.base_kernel.kernels.0"": [0.05006406146775815, 0.27443636158081486, 0.4377621170504423, 0.3649473166072141, 0.05048444508230383, 0.6328672916959052, 0.12525453662547742, 0.4122275316689116, 0.3228705901770274, 0.21914766722971693, 0.11028523084055109, 0.46977586171858454, 0.41666513349626194, 0.7477896200660141, 0.407290873050646, 0.3400073911126557, 0.2928544037616767, 0.05000891295056067], ""kernels.1.base_kernel.kernels.1"": [0.6931481805599428, 0.6931481805599428, 0.6931481805599428]}","{""kernels.0"": 9.742627428071787e-06, ""kernels.0.base_kernel.kernels.1"": 0.005886157006754929, ""kernels.1"": 0.9085519087866717}",10,5,30,1,0,1
338,93.55045165818792,91.64584576844929,0.5002,local,-4.14727789091417,0.10555369659718725,0.0004879870771170043,0.3048137220314403,0.050008912950695365,0.333332644964383,0.7477877595366117,"{""kernels.0.base_kernel.kernels.0"": [0.3333335979379301, 0.33333065734137945, 0.3333208394396997, 0.3333070901140806, 0.3333421168193247, 0.33331356562984316, 0.3333422850625781, 0.3333269204711006, 0.33332790150314306, 0.33332825395292287, 0.3333363996233203, 0.3333316919908359, 0.33332657332841087, 0.33335120293022286, 0.33332286053094273, 0.3333289130133306, 0.3333282225236913, 0.3333349867416932], ""kernels.0.base_kernel.kernels.1.base_kernel"": [0.6931481805599428, 0.6931481805599428, 0.6931481805599428], ""kernels.1.base_kernel.kernels.0"": [0.0500640614326147, 0.2744363070775815, 0.43776110645046246, 0.36494745823228425, 0.05048444530850801, 0.6328676051070833, 0.12525458056534805, 0.41222766661564464, 0.32287109358504024, 0.21914755513812245, 0.11028531429880167, 0.469776641485004, 0.4166669728725624, 0.7477877595366117, 0.4072900860192365, 0.34000692832891066, 0.292855592790388, 0.050008912950695365], ""kernels.1.base_kernel.kernels.1"": [0.6931481805599428, 0.6931481805599428, 0.6931481805599428]}","{""kernels.0"": 9.742627467562476e-06, ""kernels.0.base_kernel.kernels.1"": 0.005886157006277574, ""kernels.1"": 0.9085452664605758}",10,5,30,1,0,2
339,170.64998847143934,91.64584576844929,0.5,local,-4.87191715696779,0.30147640408664994,0.0004860169561396044,0.30307392856460097,0.05000891301732358,0.3333326335790722,0.7469458705996905,"{""kernels.0.base_kernel.kernels.0"": [0.333333604885216, 0.33333063246885153, 0.333320827758006, 0.3333070764141214, 0.33334213323959744, 0.33331356467893225, 0.3333423051111411, 0.3333268875571288, 0.3333278779615538, 0.3333282010458253, 0.3333364048428063, 0.33333166227292843, 0.33332658030378576, 0.33335123044969067, 0.3333228441922871, 0.33332890449846786, 0.3333282194731168, 0.33333498987632965], ""kernels.0.base_kernel.kernels.1.base_kernel"": [0.6931481805599428, 0.6931481805599428, 0.6931481805599428], ""kernels.1.base_kernel.kernels.0"": [0.050064045595420915, 0.2744707063686688, 0.43727993109701996, 0.3649560576203107, 0.050484556715441144, 0.6356913609144355, 0.1252325517705783, 0.41228456215071224, 0.3230998329455243, 0.2190673272502727, 0.11038671812826835, 0.4701349200580589, 0.41761135962911305, 0.7469458705996905, 0.40698402557726876, 0.339793850948965, 0.29346202589431436, 0.05000891301732358], ""kernels.1.base_kernel.kernels.1"": [0.6931481805599428, 0.6931481805599428, 0.6931481805599428]}","{""kernels.0"": 9.742644701869118e-06, ""kernels.0.base_kernel.kernels.1"": 0.005886156792131691, ""kernels.1"": 0.9033258862569693}",10,5,30,2,0,3
340,123.0780022255503,91.64584576844929,0.4972,local,-4.496628309581687,0.30270500861517907,0.0004863325746273678,0.30307393273237765,0.05000891301732386,0.33333263357900306,0.7469458668344501,"{""kernels.0.base_kernel.kernels.0"": [0.3333336048852435, 0.33333063246872174, 0.33332082775792277, 0.3333070764139957, 0.3333421332396805, 0.33331356467881124, 0.3333423051112551, 0.3333268875569316, 0.33332787796138863, 0.3333282010455687, 0.33333640484283295, 0.3333316622727626, 0.33332658030379325, 0.33335123044987575, 0.3333228441921896, 0.3333289044984351, 0.3333282194730902, 0.3333349898763532], ""kernels.0.base_kernel.kernels.1.base_kernel"": [0.6931481805599428, 0.6931481805599428, 0.6931481805599428], ""kernels.1.base_kernel.kernels.0"": [0.050064045595348564, 0.2744707042357035, 0.43727992815266037, 0.3649560551543047, 0.05048455671586753, 0.6356913707014232, 0.12523255148447968, 0.412284559972123, 0.323099832662971, 0.21906732561509787, 0.11038671809185094, 0.4701349203321139, 0.417611362259174, 0.7469458668344501, 0.40698402316160565, 0.33979384952359903, 0.29346202802624644, 0.05000891301732386], ""kernels.1.base_kernel.kernels.1"": [0.6931481805599428, 0.6931481805599428, 0.6931481805599428]}","{""kernels.0"": 9.742644701957172e-06, ""kernels.0.base_kernel.kernels.1"": 0.005886156792130722, ""kernels.1"": 0.9033258987603002}",10,5,30,1,0,4
341,91.53585355281339,91.53585355281339,0.5006,local,-4.026821921384281,0.04485991497120266,0.00048620867588652363,0.30461934015137765,0.050008913125773574,0.3333326156772912,0.745385739877129,"{""kernels.0.base_kernel.kernels.0"": [0.3333336165041147, 0.3333305816224126, 0.3333207952433477, 0.3333070246290709, 0.3333421635239386, 0.33331354369664024, 0.33334235401696904, 0.3333268029974773, 0.3333278139674366, 0.3333280896740024, 0.3333364159388926, 0.33333161485046775, 0.33332657064425564, 0.3333513059390529, 0.3333228038184864, 0.3333288938375792, 0.33332820852264244, 0.3333349973537748], ""kernels.0.base_kernel.kernels.1.base_kernel"": [0.6931481805599428, 0.6931481805599428, 0.6931481805599428], ""kernels.1.base_kernel.kernels.0"": [0.0500640171689903, 0.2737060970678449, 0.43609667163162463, 0.3638018804621716, 0.050484725440923924, 0.6401018109645733, 0.12534774757105027, 0.41116568875172077, 0.32307484629646777, 0.2181729355305334, 0.11037790342039544, 0.4705769914128996, 0.4186986992602257, 0.745385739877129, 0.406044595838333, 0.3392374956278427, 0.29434705007793427, 0.050008913125773574], ""kernels.1.base_kernel.kernels.1"": [0.6931481805599428, 0.6931481805599428, 0.6931481805599428]}","{""kernels.0"": 9.742679763914007e-06, ""kernels.0.base_kernel.kernels.1"": 0.005886156407099808, ""kernels.1"": 0.9079621213672693}",10,5,30,1,0,0
342,128.46235208091346,91.53585355281339,0.4998,global,-4.2162586561043724,0.2550781420086637,0.00048086708687754574,0.30247368152353654,0.05000891318433428,0.3333326098969396,0.7451699378799919,"{""kernels.0.base_kernel.kernels.0"": [0.3333336215867332, 0.33333056712875, 0.33332078600170545, 0.3333070150358474, 0.3333421757263567, 0.33331355360091663, 0.3333423756088321, 0.3333267745546374, 0.333327789034546, 0.33332804550800266, 0.3333364214456374, 0.3333315982071459, 0.3333265720614221, 0.3333513500747299, 0.33332279012927224, 0.3333288943091659, 0.3333282052767623, 0.33333500112919345], ""kernels.0.base_kernel.kernels.1.base_kernel"": [0.6931481805599428, 0.6931481805599428, 0.6931481805599428], ""kernels.1.base_kernel.kernels.0"": [0.050064004147894255, 0.2739375810770591, 0.43573123899169397, 0.36380566890642674, 0.050484832220896086, 0.6426533864726537, 0.12562644911094062, 0.41136836877504535, 0.3232671642730209, 0.2180974560663528, 0.11050594863740468, 0.471074447551736, 0.4194696126521085, 0.7451699378799919, 0.40577506614464093, 0.3393177094982238, 0.29485803882133965, 0.05000891318433428], ""kernels.1.base_kernel.kernels.1"": [0.6931481805599428, 0.6931481805599428, 0.6931481805599428]}","{""kernels.0"": 9.742694123401505e-06, ""kernels.0.base_kernel.kernels.1"": 0.005886156227777528, ""kernels.1"": 0.9015251456487088}",10,5,30,1,1,1
343,140.42286058226088,91.53585355281339,0.4988,global,-4.45018118880398,0.2889379285612919,0.00048069122947077246,0.3038752779404866,0.0500089133372844,0.33333258637781693,0.7438736213457003,"{""kernels.0.base_kernel.kernels.0"": [0.3333336356081062, 0.3333305050364864, 0.3333207477523796, 0.3333069535304426, 0.3333422191483706, 0.3333135407452012, 0.3333424380929504, 0.3333266754391887, 0.3333277089146256, 0.33332791337474243, 0.33333643604878027, 0.3333315371475277, 0.333326563274972, 0.333351455662404, 0.3333227368248332, 0.3333288805471815, 0.33332818615134663, 0.3333350124370629], ""kernels.0.base_kernel.kernels.1.base_kernel"": [0.6931481805599428, 0.6931481805599428, 0.6931481805599428], ""kernels.1.base_kernel.kernels.0"": [0.05006396635650296, 0.27279635101357236, 0.4346233295450902, 0.3630604475041898, 0.05048508791383987, 0.6487337728818973, 0.12573581092752117, 0.4106283062732853, 0.32387977729756073, 0.21723560996852817, 0.1105366840577158, 0.4716427291618442, 0.42159365729980747, 0.7438736213457003, 0.40477872307553536, 0.33869964128752894, 0.2960170658087723, 0.0500089133372844], ""kernels.1.base_kernel.kernels.1"": [0.6931481805599428, 0.6931481805599428, 0.6931481805599428]}","{""kernels.0"": 9.742739853181992e-06, ""kernels.0.base_kernel.kernels.1"": 0.005886155719537317, ""kernels.1"": 0.9057299353620691}",10,5,30,0,0,2
344,124.99375463898609,91.53585355281339,0.4998,global,-4.826969294023411,0.18442018581862973,0.0004816127628952946,0.3022322047038672,0.05000891340963369,0.33333257818906825,0.7436329731956248,"{""kernels.0.base_kernel.kernels.0"": [0.333333641533511, 0.33333048545231403, 0.3333207357836191, 0.3333069377509809, 0.33334223781422334, 0.3333135446559449, 0.3333424660889709, 0.33332663836441423, 0.333327681259514, 0.3333278622482479, 0.3333364428326263, 0.33333151484462553, 0.33332656367039376, 0.33335150426710775, 0.333322717099006, 0.3333288787980199, 0.33332817844909757, 0.3333350185623761], ""kernels.0.base_kernel.kernels.1.base_kernel"": [0.6931481805599428, 0.6931481805599428, 0.6931481805599428], ""kernels.1.base_kernel.kernels.0"": [0.05006394981725096, 0.2727191689587888, 0.43429755089203537, 0.36309151737666606, 0.05048522144565715, 0.6514895200574216, 0.12591234313411032, 0.41058077063137616, 0.32479979752860044, 0.21709310418918404, 0.11060350842016789, 0.4720738618506967, 0.4226070574907991, 0.7436329731956248, 0.4044886856137654, 0.3389215189205779, 0.2965627393510888, 0.05000891340963369], ""kernels.1.base_kernel.kernels.1"": [0.6931481805599428, 0.6931481805599428, 0.6931481805599428]}","{""kernels.0"": 9.742758873640803e-06, ""kernels.0.base_kernel.kernels.1"": 0.005886155494376797, ""kernels.1"": 0.9008007158583511}",10,5,30,0,1,3
345,92.16013343153091,91.53585355281339,0.4992,local,-4.163145679287217,0.05337514549563563,0.00048300628869778846,0.3022322120981125,0.05000891340963428,0.3333325781889682,0.7436329679748833,"{""kernels.0.base_kernel.kernels.0"": [0.33333364153355965, 0.3333304854521498, 0.3333207357833366, 0.33330693775084935, 0.3333422378143954, 0.33331354465579693, 0.3333424660892017, 0.33332663836408666, 0.3333276812592325, 0.33332786224781413, 0.3333364428326811, 0.3333315148443768, 0.33332656367035735, 0.3333515042674319, 0.3333227170988034, 0.3333288787979712, 0.3333281784490014, 0.3333350185624192], ""kernels.0.base_kernel.kernels.1.base_kernel"": [0.6931481805599428, 0.6931481805599428, 0.6931481805599428], ""kernels.1.base_kernel.kernels.0"": [0.050063949817110966, 0.2727191653438044, 0.4342975486204413, 0.36309151714948035, 0.05048522144660669, 0.6514895374005535, 0.1259123428365358, 0.410580767173301, 0.324799802737715, 0.21709310146429814, 0.11060350833586238, 0.47207386456927386, 0.4226070634408826, 0.7436329679748833, 0.40448868177414793, 0.33892151751928445, 0.2965627422001836, 0.05000891340963428], ""kernels.1.base_kernel.kernels.1"": [0.6931481805599428, 0.6931481805599428, 0.6931481805599428]}","{""kernels.0"": 9.74275887381501e-06, ""kernels.0.base_kernel.kernels.1"": 0.005886155494374931, ""kernels.1"": 0.9008007380410887}",10,5,30,1,1,4
346,86.84322242931619,86.84322242931619,0.5,local,-4.099644854567752,0.1402419615845538,0.00047873165924610777,0.3022319706286008,0.05000891340976212,0.3333325781694144,0.74363262275362,"{""kernels.0.base_kernel.kernels.0"": [0.3333336415432202, 0.33333048541769195, 0.3333207357243228, 0.3333069377294142, 0.3333422378483721, 0.3333135446705229, 0.33334246613508833, 0.3333266383061043, 0.33332768120189127, 0.33332786215936583, 0.3333364428459592, 0.33333151479560863, 0.3333265636648039, 0.33335150437002503, 0.33332271705898064, 0.3333288787973121, 0.3333281784304679, 0.33333501857006864], ""kernels.0.base_kernel.kernels.1.base_kernel"": [0.6931481805599428, 0.6931481805599428, 0.6931481805599428], ""kernels.1.base_kernel.kernels.0"": [0.050063949788224385, 0.2727187964633746, 0.4342970919463704, 0.36309200069560194, 0.05048522165427539, 0.6514949847294197, 0.12591237611809625, 0.41058064647642817, 0.32480092840773456, 0.2170927476471406, 0.11060367835224019, 0.47207459115496825, 0.4226083938809957, 0.74363262275362, 0.40448790776286286, 0.3389216445324682, 0.2965633834981879, 0.05000891340976212], ""kernels.1.base_kernel.kernels.1"": [0.6931481805599428, 0.6931481805599428, 0.6931481805599428]}","{""kernels.0"": 9.742758907284562e-06, ""kernels.0.base_kernel.kernels.1"": 0.005886155493989173, ""kernels.1"": 0.9008000136329058}",10,5,30,2,0,0
347,103.19894903788642,86.84322242931619,0.4966,global,-3.7594191550041023,0.17317201231508322,0.0004774830228083812,0.3021133873802901,0.050008913501683426,0.33333254673449225,0.7434139800782923,"{""kernels.0.base_kernel.kernels.0"": [0.3333336458351055, 0.33333041076005604, 0.3333206728012809, 0.3333068928517259, 0.3333422682572887, 0.3333135173799755, 0.33334249822300793, 0.33332667457243575, 0.3333276549823011, 0.33332780242902854, 0.33333644760551523, 0.333331447633879, 0.3333265646155941, 0.3333515964262062, 0.3333226873979561, 0.3333288724241722, 0.3333281670734228, 0.3333350255509384], ""kernels.0.base_kernel.kernels.1.base_kernel"": [0.6931481805599428, 0.6931481805599428, 0.6931481805599428], ""kernels.1.base_kernel.kernels.0"": [0.05006393017468735, 0.2729313552882029, 0.433922007711685, 0.36308328566169207, 0.050485351888371006, 0.6547772258458243, 0.12590315084324705, 0.41058078455439484, 0.32615495006034445, 0.2168543855597139, 0.11065350363456974, 0.4718634919908463, 0.42364890109430525, 0.7434139800782923, 0.4040416711210448, 0.33917691440556536, 0.2970532576389042, 0.050008913501683426], ""kernels.1.base_kernel.kernels.1"": [0.6931481805599428, 0.6931481805599428, 0.6931481805599428]}","{""kernels.0"": 9.74278227074506e-06, ""kernels.0.base_kernel.kernels.1"": 0.005886155230280661, ""kernels.1"": 0.9004442641283188}",10,5,30,0,0,1
348,158.26521051894176,86.84322242931619,0.5008,local,-5.030599127809851,0.34541325482994945,0.00047726981747968816,0.3021133604307323,0.050008913501690296,0.3333325467325199,0.7434139644499674,"{""kernels.0.base_kernel.kernels.0"": [0.333333645835398, 0.33333041075528125, 0.33332067279703853, 0.33330689284865467, 0.33334226825955926, 0.3333135173778644, 0.33334249822544276, 0.3333266745742134, 0.3333276549803684, 0.33332780242487753, 0.33333644760590847, 0.33333144762964173, 0.33332656461583465, 0.333351596432996, 0.333322687395754, 0.3333288724239316, 0.3333281670726701, 0.33333502555166367], ""kernels.0.base_kernel.kernels.1.base_kernel"": [0.6931481805599428, 0.6931481805599428, 0.6931481805599428], ""kernels.1.base_kernel.kernels.0"": [0.05006393017329843, 0.27293137475527934, 0.4339219839719724, 0.363083286388874, 0.05048535189863673, 0.6547774455512034, 0.12590315015222642, 0.4105808014932078, 0.32615504490531266, 0.21685437269088978, 0.11065350824385278, 0.47186350248550424, 0.42364898463233125, 0.7434139644499674, 0.4040416415896848, 0.33917693167900964, 0.297053297493759, 0.050008913501690296], ""kernels.1.base_kernel.kernels.1"": [0.6931481805599428, 0.6931481805599428, 0.6931481805599428]}","{""kernels.0"": 9.742782272450745e-06, ""kernels.0.base_kernel.kernels.1"": 0.00588615523026199, ""kernels.1"": 0.9004441832796624}",10,5,30,1,1,2
349,220.73770212748045,86.84322242931619,0.5002,local,-4.94686750926036,0.3089541850134247,0.00047814406412588625,0.3021133520136213,0.05000891350169227,0.33333254673193513,0.7434139590253558,"{""kernels.0.base_kernel.kernels.0"": [0.33333364583548797, 0.33333041075387404, 0.3333206727957632, 0.333306892847692, 0.3333422682602397, 0.33331351737726544, 0.3333424982261603, 0.33332667457469084, 0.33332765497978933, 0.33332780242365145, 0.3333364476060248, 0.33333144762838224, 0.3333265646158718, 0.3333515964349323, 0.33332268739508986, 0.3333288724238468, 0.3333281670724382, 0.3333350255518699], ""kernels.0.base_kernel.kernels.1.base_kernel"": [0.6931481805599428, 0.6931481805599428, 0.6931481805599428], ""kernels.1.base_kernel.kernels.0"": [0.050063930172895, 0.2729313802773409, 0.43392197566861584, 0.3630832836977253, 0.05048535190168922, 0.6547775125716827, 0.12590314896915034, 0.41058080310721456, 0.32615507207538474, 0.21685436832712124, 0.11065350942430421, 0.4718635041667389, 0.4236490070743528, 0.7434139590253558, 0.4040416320287313, 0.33917693627678247, 0.2970533082808071, 0.05000891350169227], ""kernels.1.base_kernel.kernels.1"": [0.6931481805599428, 0.6931481805599428, 0.6931481805599428]}","{""kernels.0"": 9.742782272953137e-06, ""kernels.0.base_kernel.kernels.1"": 0.005886155230256507, ""kernels.1"": 0.9004441580283344}",10,5,30,1,0,3
350,147.52583024307816,86.84322242931619,0.4964,global,-4.70748610001251,0.2669248856877936,0.0004781817256512336,0.30389057281649856,0.05000891362446262,0.3333325020424387,0.7431222807216934,"{""kernels.0.base_kernel.kernels.0"": [0.33333365373011686, 0.33333036038645064, 0.3333206006858871, 0.33330683006731976, 0.33334230718046726, 0.3333134858029901, 0.333342474495624, 0.3333266965047304, 0.33332758780783783, 0.3333277248641985, 0.3333364620106009, 0.3333313503547606, 0.33332650109185075, 0.33335174007209806, 0.3333226404449491, 0.3333288639297001, 0.3333281032242982, 0.3333350361705557], ""kernels.0.base_kernel.kernels.1.base_kernel"": [0.6931481805599428, 0.6931481805599428, 0.6931481805599428], ""kernels.1.base_kernel.kernels.0"": [0.0500639037337397, 0.2730334470978175, 0.433491369312962, 0.36279312118918966, 0.050485587382991304, 0.6584301106033249, 0.1252673635499965, 0.4105819268925974, 0.32733117676289913, 0.2164555536174377, 0.11067318214567803, 0.47034753575236016, 0.4212031700083597, 0.7431222807216934, 0.40279425003786706, 0.33942203636617185, 0.2963993535086431, 0.05000891362446262], ""kernels.1.base_kernel.kernels.1"": [0.6931481805599428, 0.6931481805599428, 0.6931481805599428]}","{""kernels.0"": 9.742817513701472e-06, ""kernels.0.base_kernel.kernels.1"": 0.0058861548711739275, ""kernels.1"": 0.9057758207608081}",10,5,30,0,0,4
351,91.1571425843088,86.84322242931619,0.5004,local,-3.9422912255862443,0.10660248815256419,0.0004789515155781444,0.30389041642714704,0.05000891362446993,0.3333325020400707,0.7431222988335167,"{""kernels.0.base_kernel.kernels.0"": [0.333333653730485, 0.33333036038373026, 0.3333206006830858, 0.3333068300642627, 0.3333423071826108, 0.33331348579899583, 0.33334247449465804, 0.3333266965072598, 0.3333275878024936, 0.3333277248603032, 0.33333646201131634, 0.33333135034965644, 0.3333265010894096, 0.33335174008110124, 0.3333226404424037, 0.3333288639295984, 0.3333281032212122, 0.3333350361712476], ""kernels.0.base_kernel.kernels.1.base_kernel"": [0.6931481805599428, 0.6931481805599428, 0.6931481805599428], ""kernels.1.base_kernel.kernels.0"": [0.050063903732271445, 0.27303351141247423, 0.43349138226391537, 0.36279313174955674, 0.05048558739744443, 0.658430317628046, 0.1252673518905785, 0.4105819806564627, 0.3273312493355814, 0.21645555462029897, 0.11067319167894982, 0.4703474732000481, 0.4212030549446323, 0.7431222988335167, 0.40279417730451395, 0.339422071738646, 0.29639932540063, 0.05000891362446993], ""kernels.1.base_kernel.kernels.1"": [0.6931481805599428, 0.6931481805599428, 0.6931481805599428]}","{""kernels.0"": 9.7428175155245e-06, ""kernels.0.base_kernel.kernels.1"": 0.005886154871153739, ""kernels.1"": 0.9057753515927718}",10,5,30,2,0,5
352,178.9980838463473,86.84322242931619,0.4996,global,-5.280786840195684,0.29763956064741326,0.00047778050634237127,0.30152557191486545,0.05000891369544375,0.3333324809361641,0.7439489992633007,"{""kernels.0.base_kernel.kernels.0"": [0.33333365705477924, 0.33333033478477847, 0.3333205746196291, 0.3333068051082307, 0.3333423268278792, 0.33331344688323994, 0.33334246462014294, 0.3333267264909998, 0.3333275399975428, 0.3333276892329104, 0.33333646838928865, 0.33333130481754897, 0.3333264797133425, 0.33335184547000496, 0.3333226174877634, 0.3333288682850094, 0.33332807574954926, 0.33333504249017776], ""kernels.0.base_kernel.kernels.1.base_kernel"": [0.6931481805599428, 0.6931481805599428, 0.6931481805599428], ""kernels.1.base_kernel.kernels.0"": [0.05006389014393914, 0.2736496246951216, 0.43360854360904494, 0.3631469937983635, 0.05048572845608723, 0.6603537366482947, 0.1251705336305755, 0.41135203527687725, 0.3284298073387561, 0.21648808823329316, 0.11077149739951266, 0.4699517735896095, 0.4205616006574545, 0.7439489992633007, 0.40223346267403876, 0.3401079385959872, 0.2962857755989161, 0.05000891369544375], ""kernels.1.base_kernel.kernels.1"": [0.6931481805599428, 0.6931481805599428, 0.6931481805599428]}","{""kernels.0"": 9.742833403252414e-06, ""kernels.0.base_kernel.kernels.1"": 0.0058861546845872335, ""kernels.1"": 0.8986808182266058}",10,5,30,0,1,6
353,150.00756700381993,86.84322242931619,0.4976,global,-4.558172748410708,0.26786851669844686,0.0004778394693073859,0.3031555899991189,0.05000891379588667,0.33333244120555894,0.7438384569889828,"{""kernels.0.base_kernel.kernels.0"": [0.3333336628619173, 0.3333302880347161, 0.3333205099725529, 0.33330674160443824, 0.33334236292133923, 0.3333133457076373, 0.33334245131485546, 0.3333267461182791, 0.33332744668102077, 0.33332762579700703, 0.3333364827236013, 0.33333121954920064, 0.33332644112314713, 0.33335198157983215, 0.33332256996690224, 0.33332885696539444, 0.333328026794281, 0.3333350545089039], ""kernels.0.base_kernel.kernels.1.base_kernel"": [0.6931481805599428, 0.6931481805599428, 0.6931481805599428], ""kernels.1.base_kernel.kernels.0"": [0.050063868689472144, 0.2736073532414014, 0.4333244389465859, 0.3626937975688889, 0.050485925258525466, 0.6624733865577107, 0.12472119463022513, 0.41163169823340934, 0.32932506273872103, 0.2159677889782534, 0.11075165011275251, 0.46864205679054827, 0.4190456776470659, 0.7438384569889828, 0.4010185128200591, 0.3402689559426352, 0.2957955938867542, 0.05000891379588667], ""kernels.1.base_kernel.kernels.1"": [0.6931481805599428, 0.6931481805599428, 0.6931481805599428]}","{""kernels.0"": 9.742863351544936e-06, ""kernels.0.base_kernel.kernels.1"": 0.005886154398718248, ""kernels.1"": 0.9035708727352869}",10,5,30,0,1,7
354,183.6094876073006,86.84322242931619,0.5,global,-5.514734023028196,0.3866986594679123,0.00047863668144622345,0.303155484819948,0.05000891379589399,0.3333324412028067,0.743838457827779,"{""kernels.0.base_kernel.kernels.0"": [0.33333366286233246, 0.33333028803133713, 0.3333205099680041, 0.3333067416016548, 0.33334236292442837, 0.3333133457024022, 0.3333424513142235, 0.33332674612031016, 0.3333274466754118, 0.3333276257935549, 0.3333364827248154, 0.33333121954328093, 0.33332644111766613, 0.33335198158802737, 0.3333225699626538, 0.3333288569648357, 0.3333280267902962, 0.3333350545097682], ""kernels.0.base_kernel.kernels.1.base_kernel"": [0.6931481805599428, 0.6931481805599428, 0.6931481805599428], ""kernels.1.base_kernel.kernels.0"": [0.050063868687991626, 0.27360739495842545, 0.4333244221134064, 0.36269380388186145, 0.05048592527417561, 0.6624735676339494, 0.12472118283322393, 0.4116317545607373, 0.32932515212208296, 0.21596777974007886, 0.11075165619673452, 0.4686419732268736, 0.4190454995883771, 0.743838457827779, 0.4010184167413453, 0.34026899084629025, 0.2957955381302521, 0.05000891379589399], ""kernels.1.base_kernel.kernels.1"": [0.6931481805599428, 0.6931481805599428, 0.6931481805599428]}","{""kernels.0"": 9.742863353613262e-06, ""kernels.0.base_kernel.kernels.1"": 0.005886154398698169, ""kernels.1"": 0.9035705571977921}",10,5,30,1,1,8
355,172.49623558551832,86.84322242931619,0.4614,global,-5.36105751970544,0.38468517269544994,0.0004799491827314868,0.3004558595668984,0.05000891396660449,0.3333323787414021,0.7437192984484543,"{""kernels.0.base_kernel.kernels.0"": [0.33333367240700756, 0.3333302108316953, 0.33332040239755106, 0.3333066736512848, 0.33334243568363275, 0.3333132200648247, 0.333342436546937, 0.3333267896389459, 0.333327317492359, 0.3333275449336437, 0.3333365105792168, 0.33333108507579656, 0.33332631277563385, 0.33335216793269334, 0.3333224704953011, 0.3333288420764588, 0.33332793488577983, 0.33333507456028777], ""kernels.0.base_kernel.kernels.1.base_kernel"": [0.6931481805599428, 0.6931481805599428, 0.6931481805599428], ""kernels.1.base_kernel.kernels.0"": [0.05006383425672966, 0.2745864939840663, 0.43286693734075127, 0.36268069800127406, 0.05048630310382718, 0.6666025569297193, 0.12435794146800197, 0.4126926688873126, 0.33140368676973986, 0.21565341794042353, 0.11084307666442067, 0.4667627271943239, 0.414955979667094, 0.7437192984484543, 0.39879351641524474, 0.34093484557134407, 0.29456548639410446, 0.05000891396660449], ""kernels.1.base_kernel.kernels.1"": [0.6931481805599428, 0.6931481805599428, 0.6931481805599428]}","{""kernels.0"": 9.742911305440482e-06, ""kernels.0.base_kernel.kernels.1"": 0.005886153934424441, ""kernels.1"": 0.8954716818549653}",10,5,30,0,0,9
356,91.51320517028925,86.84322242931619,0.5004,global,-3.994998117778797,0.09586450918869537,0.0004802285513520774,0.3026107398179248,0.050008914034989256,0.3333323496107717,0.74328158388755,"{""kernels.0.base_kernel.kernels.0"": [0.33333367623128407, 0.3333301696688117, 0.3333203510630348, 0.33330662995313004, 0.33334246877834556, 0.33331314822219876, 0.33334243392092283, 0.3333267991733962, 0.33332725847983563, 0.333327510817987, 0.3333365224279659, 0.3333310229902593, 0.33332625676489785, 0.33335223893708704, 0.3333224230333669, 0.33332882905889494, 0.33332789481978564, 0.33333508418339486], ""kernels.0.base_kernel.kernels.1.base_kernel"": [0.6931481805599428, 0.6931481805599428, 0.6931481805599428], ""kernels.1.base_kernel.kernels.0"": [0.050063819482235226, 0.2742522380772415, 0.4324975811473239, 0.36211826532014413, 0.05048644135484029, 0.6676796508909858, 0.12403057598390621, 0.412570235518578, 0.3320074970595874, 0.21538597249014999, 0.11075798700867069, 0.4656424928778053, 0.41306054185249835, 0.74328158388755, 0.3976705131176618, 0.34078782331010593, 0.293933184536168, 0.050008914034989256], ""kernels.1.base_kernel.kernels.1"": [0.6931481805599428, 0.6931481805599428, 0.6931481805599428]}","{""kernels.0"": 9.742934396307926e-06, ""kernels.0.base_kernel.kernels.1"": 0.005886153736697229, ""kernels.1"": 0.9019363227826808}",10,5,30,1,1,10
357,265.56200295801017,86.84322242931619,0.4994,global,-5.466025862307996,0.3601151177799992,0.00047906451096029916,0.3000813941187806,0.05000891412755948,0.333334387294819,0.7434958326767057,"{""kernels.0.base_kernel.kernels.0"": [0.33333368038478406, 0.3333301305441942, 0.3333202989523002, 0.3333065993309365, 0.3333425048165279, 0.33331308583013286, 0.33334242944221276, 0.33332682560170185, 0.33332720188073045, 0.33332747675502405, 0.33333653621196024, 0.3333309634087021, 0.33332619923797296, 0.33335233655437624, 0.3333223742157256, 0.3333288218070347, 0.3333278523705477, 0.333335094204854], ""kernels.0.base_kernel.kernels.1.base_kernel"": [0.6931481805599428, 0.6931481805599428, 0.6931481805599428], ""kernels.1.base_kernel.kernels.0"": [0.050063801975467635, 0.27473994715023164, 0.43231330259293416, 0.3623181506677861, 0.05048664134483431, 0.6694712370306152, 0.1239374926619778, 0.4133786508692639, 0.3340448520000752, 0.2154711128994284, 0.11082667097260991, 0.4653965249237013, 0.41138538503358135, 0.7434958326767057, 0.39656681507444785, 0.34113773885853255, 0.29342753140986594, 0.05000891412755948], ""kernels.1.base_kernel.kernels.1"": [0.6931481805599428, 0.6931481805599428, 0.6931481805599428]}","{""kernels.0"": 9.742958226994504e-06, ""kernels.0.base_kernel.kernels.1"": 0.005886153497599304, ""kernels.1"": 0.8943482859005155}",10,5,30,0,0,11
358,91.55031290256832,86.84322242931619,0.4996,global,-3.987088971042395,0.11202668760957578,0.0004785520376191602,0.30211885816117307,0.05000891421289273,0.33333439739321996,0.7429918213767192,"{""kernels.0.base_kernel.kernels.0"": [0.3333336881236809, 0.3333300813365649, 0.3333202369397704, 0.3333065499494398, 0.3333425474091106, 0.33331297462310117, 0.33334242176154305, 0.3333268450820506, 0.3333271233185915, 0.33332743650933333, 0.33333655306735227, 0.3333308878953327, 0.3333261270714711, 0.3333524214526321, 0.3333223166269109, 0.3333288047580051, 0.33332780512392735, 0.333335106662759], ""kernels.0.base_kernel.kernels.1.base_kernel"": [0.6931481805599428, 0.6931481805599428, 0.6931481805599428], ""kernels.1.base_kernel.kernels.0"": [0.05006378311906745, 0.2744425529478481, 0.43190866910816894, 0.3618096140321496, 0.05048682501413577, 0.6703090407236839, 0.12338561359416675, 0.41389766302250924, 0.3353764466907882, 0.21550419206467195, 0.1107314077347834, 0.4647322883805767, 0.4092664857911331, 0.7429918213767192, 0.3951604321470551, 0.34098130393301934, 0.2927437055055093, 0.05000891421289273], ""kernels.1.base_kernel.kernels.1"": [0.6931481805599428, 0.6931481805599428, 0.6931481805599428]}","{""kernels.0"": 9.742988252869064e-06, ""kernels.0.base_kernel.kernels.1"": 0.005886153246201146, ""kernels.1"": 0.9004606782490652}",10,5,30,0,2,12
359,5136.906525636148,86.84322242931619,0.5032,global,-5.154284925160846,0.3156848691502495,0.0004777677742882354,0.29950593218505017,0.050008914290360175,0.33333440431728345,0.74304583842175,"{""kernels.0.base_kernel.kernels.0"": [0.3333336937667749, 0.33333005267643356, 0.33332019204930974, 0.3333065294046866, 0.33334257920976607, 0.33331289995195457, 0.33334241530461955, 0.33332687335364264, 0.3333270717212433, 0.3333274091039253, 0.33333656554165747, 0.3333308388617126, 0.3333260742847324, 0.33335249206595663, 0.33332227479557813, 0.33332879628335305, 0.33332777241306455, 0.33333511486779205], ""kernels.0.base_kernel.kernels.1.base_kernel"": [0.6931481805599428, 0.6931481805599428, 0.6931481805599428], ""kernels.1.base_kernel.kernels.0"": [0.05006376795377934, 0.2751940206039273, 0.4317940380835928, 0.3622577755357222, 0.0504870046616656, 0.6713494990722805, 0.12325673188745938, 0.4149876937731378, 0.33720086572544644, 0.21585719215520555, 0.11080179620397859, 0.46492985880711024, 0.407998319046008, 0.74304583842175, 0.39418924423730406, 0.3412102631436771, 0.29241263626368225, 0.050008914290360175], ""kernels.1.base_kernel.kernels.1"": [0.6931481805599428, 0.6931481805599428, 0.6931481805599428]}","{""kernels.0"": 9.743009601313913e-06, ""kernels.0.base_kernel.kernels.1"": 0.005886153039714436, ""kernels.1"": 0.8926219005058348}",10,5,30,0,0,13
360,90.7947166514029,86.84322242931619,0.4992,local,-3.4353288129557704,0.1115464153754788,0.0004896652221144062,0.3378102769102078,0.05000891607267259,0.33333296253614625,0.8104584542734776,"{""kernels.0.base_kernel.kernels.0"": [0.3333337662124736, 0.3333299154106019, 0.3333214563529715, 0.3333081485548901, 0.333342468366897, 0.33330066795370616, 0.3333428130968317, 0.333329118232219, 0.3333233531119742, 0.3333278535540616, 0.3333360689773626, 0.3333321588598189, 0.3333271461812972, 0.33335441401866944, 0.3333233548890054, 0.33332953830891593, 0.33332810912600036, 0.33333522619249517], ""kernels.0.base_kernel.kernels.1.base_kernel"": [0.6931481805599428, 0.6931481805599428, 0.6931481805599428], ""kernels.1.base_kernel.kernels.0"": [0.05006368028803895, 0.3664149158514316, 0.49084506076433443, 0.48629960790171467, 0.050478811510043575, 0.3177177619226639, 0.1589985287559546, 0.55864692793473, 0.17479670061587416, 0.286625055525095, 0.08504099298000778, 0.5341554521028672, 0.4334679924748564, 0.8104584542734776, 0.42158145791266166, 0.37804662772160325, 0.31910729306981883, 0.05000891607267259], ""kernels.1.base_kernel.kernels.1"": [0.6931481805599428, 0.6931481805599428, 0.6931481805599428]}","{""kernels.0"": 9.743269927431675e-06, ""kernels.0.base_kernel.kernels.1"": 0.005886151179873713, ""kernels.1"": 1.0075349362808224}",10,5,30,1,0,14
361,134.44384206202517,86.84322242931619,0.5002,global,-4.0046355311146575,0.25723867106722903,0.0004348727644863985,0.32663047173400594,0.05000892770653536,0.3333360287539866,0.7939940150050029,"{""kernels.0.base_kernel.kernels.0"": [0.33333366914599194, 0.33332479599608106, 0.33331959167554676, 0.33329530880020436, 0.3333388074282121, 0.3333181778457568, 0.33333851156966365, 0.33333654309512767, 0.33332290728764385, 0.3333182253350358, 0.33333132987157715, 0.33333228028177525, 0.3333355144128455, 0.3333694019993092, 0.3333290318032426, 0.33332983823536905, 0.3333305817866543, 0.33333518701977033], ""kernels.0.base_kernel.kernels.1.base_kernel"": [0.6931481805599428, 0.6931481805599428, 0.6931481805599428], ""kernels.1.base_kernel.kernels.0"": [0.05006153397029282, 0.5390463901114904, 0.4714275134504761, 0.49782259556269726, 0.05037791462553535, 0.17112780035582453, 0.13558029186956289, 0.7530142448484765, 0.5583200449943803, 0.375517258704244, 0.14968185348996452, 0.5626740212960335, 0.4676222276058548, 0.7939940150050029, 0.10537455146969724, 0.38690523831766993, 0.3487045804025795, 0.05000892770653536], ""kernels.1.base_kernel.kernels.1"": [0.6931481805599428, 0.6931481805599428, 0.6931481805599428]}","{""kernels.0"": 9.744278359874181e-06, ""kernels.0.base_kernel.kernels.1"": 0.005886093185918119, ""kernels.1"": 0.9739955777377398}",10,5,30,0,0,15
362,112.8792181375145,86.84322242931619,0.4994,global,-3.2011556907864565,0.12702679886703125,0.00043567703064601685,0.3266304786705344,0.05000892770653554,0.3333360287541901,0.7939940261881607,"{""kernels.0.base_kernel.kernels.0"": [0.3333336691460236, 0.33332479599525294, 0.3333195916752678, 0.33329530880032676, 0.3333388074281933, 0.3333181778458975, 0.33333851156957117, 0.3333365430956547, 0.3333229072878722, 0.33331822533493427, 0.33333132987150654, 0.3333322802812547, 0.3333355144127256, 0.33336940199984755, 0.3333290318036988, 0.33332983823551093, 0.33333058178669706, 0.3333351870197373], ""kernels.0.base_kernel.kernels.1.base_kernel"": [0.6931481805599428, 0.6931481805599428, 0.6931481805599428], ""kernels.1.base_kernel.kernels.0"": [0.050061533970289916, 0.5390463837609969, 0.47142751423356666, 0.49782259096898623, 0.0503779146241709, 0.1711278037815267, 0.13558029056635873, 0.7530142448279924, 0.558320045850792, 0.3755172540684372, 0.14968185335749212, 0.5626740179784832, 0.46762222754519606, 0.7939940261881607, 0.10537455140419645, 0.3869052428810683, 0.3487045799158206, 0.05000892770653554], ""kernels.1.base_kernel.kernels.1"": [0.6931481805599428, 0.6931481805599428, 0.6931481805599428]}","{""kernels.0"": 9.744278359853946e-06, ""kernels.0.base_kernel.kernels.1"": 0.005886093185916858, ""kernels.1"": 0.9739955985473265}",10,5,30,0,0,16
363,112.169046085793,86.84322242931619,0.503,local,-2.0749501675557815,0.20012908266573046,0.0004400854817582234,0.33061169943901414,0.05000892771995782,0.33333595846335645,0.7953845434334049,"{""kernels.0.base_kernel.kernels.0"": [0.33333367628361354, 0.3333245697349382, 0.3333195472564666, 0.3332952846994319, 0.3333388185781941, 0.333318226530157, 0.33333850958160466, 0.3333365243136392, 0.3333229125455439, 0.3333181524390683, 0.33333131886413, 0.33333218461957054, 0.3333353926130737, 0.33336941815900745, 0.3333291135834978, 0.33332985027477036, 0.33333057773934904, 0.3333351886177828], ""kernels.0.base_kernel.kernels.1.base_kernel"": [0.6931481805599428, 0.6931481805599428, 0.6931481805599428], ""kernels.1.base_kernel.kernels.0"": [0.05006153345401623, 0.536172311056561, 0.4713822744809809, 0.4958756563609189, 0.05037768696645961, 0.17154173091814828, 0.135171257021103, 0.751998565801715, 0.5577767030858048, 0.373353275459863, 0.1494201043745117, 0.5614578573587096, 0.4644801671196413, 0.7953845434334049, 0.10542466293585492, 0.38742393504482975, 0.34812395434630394, 0.05000892771995782], ""kernels.1.base_kernel.kernels.1"": [0.6931481805599428, 0.6931481805599428, 0.6931481805599428]}","{""kernels.0"": 9.744285913909622e-06, ""kernels.0.base_kernel.kernels.1"": 0.005886092995546753, ""kernels.1"": 0.9859392610355817}",10,5,30,2,0,17
364,98.22915920035462,86.84322242931619,0.5,global,-3.1442569177500332,0.10089825155203136,0.0004697215933645854,0.33122417355867045,0.05000893078485021,0.33333453876322333,0.8029759464097114,"{""kernels.0.base_kernel.kernels.0"": [0.3333337278944867, 0.33331578042594384, 0.33331871064546714, 0.333297617338958, 0.33333918467573626, 0.33332022432000374, 0.33333921391818555, 0.3333366851683549, 0.3333233960054476, 0.333318199309532, 0.3333315584469836, 0.3333298200805408, 0.33333074451460815, 0.3333656503701495, 0.3333325476020682, 0.3333292914631373, 0.33333100622797895, 0.33333534963196], ""kernels.0.base_kernel.kernels.1.base_kernel"": [0.6931481805599428, 0.6931481805599428, 0.6931481805599428], ""kernels.1.base_kernel.kernels.0"": [0.05006137100117932, 0.38084957846762024, 0.4738731916881318, 0.5235088038241369, 0.050354000874434625, 0.18102757683623966, 0.13670724615095992, 0.7096229312997898, 0.5483990607174232, 0.3267796631191002, 0.1292728530717866, 0.5655648200528169, 0.40505817828578666, 0.8029759464097114, 0.14963909370502104, 0.37688409270822454, 0.3612372782740112, 0.05000893078485021], ""kernels.1.base_kernel.kernels.1"": [0.6931481805599428, 0.6931481805599428, 0.6931481805599428]}","{""kernels.0"": 9.744652086108823e-06, ""kernels.0.base_kernel.kernels.1"": 0.00588607115571878, ""kernels.1"": 0.9877767048682065}",10,5,30,0,0,18
365,114.92016750861775,86.84322242931619,0.503,global,-2.73638196035293,0.22644250243231842,0.0004743820758789376,0.32810636831830764,0.050008931151139774,0.3333345152030065,0.8084179224603375,"{""kernels.0.base_kernel.kernels.0"": [0.33333369748504965, 0.3333161502565728, 0.3333188687108699, 0.3332974800999546, 0.3333391726216743, 0.33332030020092646, 0.3333391684415885, 0.3333371536416209, 0.33332297275228123, 0.33331847845813256, 0.33333157104921396, 0.3333298146025531, 0.33333057356768825, 0.3333657772237925, 0.33333231309323647, 0.3333293646078258, 0.3333309297936305, 0.33333533292096335], ""kernels.0.base_kernel.kernels.1.base_kernel"": [0.6931481805599428, 0.6931481805599428, 0.6931481805599428], ""kernels.1.base_kernel.kernels.0"": [0.05006134141373166, 0.362214536093246, 0.4730885762120484, 0.518620523535241, 0.05035245116788862, 0.18281837595580433, 0.13629238922985537, 0.7047393269607416, 0.5400468018005778, 0.3308958866309715, 0.12929475532340856, 0.5644191897897309, 0.39356264464942425, 0.8084179224603375, 0.1506724065133026, 0.3759735715332747, 0.3591328326285471, 0.050008931151139774], ""kernels.1.base_kernel.kernels.1"": [0.6931481805599428, 0.6931481805599428, 0.6931481805599428]}","{""kernels.0"": 9.744660441739473e-06, ""kernels.0.base_kernel.kernels.1"": 0.005886069446275995, ""kernels.1"": 0.9784232908482052}",10,5,30,2,0,19
366,154.02503833317724,86.84322242931619,0.4972,global,-3.5793052048763583,0.30972560444303854,0.0004775586062730753,0.32737424239187435,0.05000893154072432,0.3333363826202458,0.8030866823496885,"{""kernels.0.base_kernel.kernels.0"": [0.3333336743760148, 0.333316769151159, 0.3333189339292991, 0.33329744637362546, 0.3333391693794445, 0.33332033230962177, 0.33333916165411437, 0.33333743907113955, 0.333322710147932, 0.33331867489733685, 0.3333315820790689, 0.3333299281059724, 0.33333056171939274, 0.3333655882436665, 0.3333321233696342, 0.3333293373310201, 0.33333088946891754, 0.33333532616935196], ""kernels.0.base_kernel.kernels.1.base_kernel"": [0.6931481805599428, 0.6931481805599428, 0.6931481805599428], ""kernels.1.base_kernel.kernels.0"": [0.050061316077020496, 0.35665407658853654, 0.4723007618874411, 0.5186976111369987, 0.050351162173550075, 0.1757749035269966, 0.1364849638995443, 0.7032422641660692, 0.5358279858236823, 0.33578077522259064, 0.12848572223337945, 0.5674114892862325, 0.39405608689248744, 0.8030866823496885, 0.15351922206392277, 0.3725631312124031, 0.3588099531018946, 0.05000893154072432], ""kernels.1.base_kernel.kernels.1"": [0.6931481805599428, 0.6931481805599428, 0.6931481805599428]}","{""kernels.0"": 9.74466632526501e-06, ""kernels.0.base_kernel.kernels.1"": 0.00588606801456466, ""kernels.1"": 0.9762269144947332}",10,5,30,0,1,20
367,162.3223595012851,86.84322242931619,0.501,global,-4.494144510929814,0.35183709420787773,0.0004784628745828274,0.32737425796458164,0.050008931540725526,0.3333363826205672,0.8030866649011146,"{""kernels.0.base_kernel.kernels.0"": [0.3333336743758835, 0.33331676915292185, 0.3333189339292442, 0.3332974463734041, 0.33333916937940966, 0.33332033231032626, 0.3333391616539702, 0.3333374390717961, 0.3333227101474388, 0.3333186748978435, 0.3333315820789832, 0.33332992810621503, 0.33333056171948183, 0.33336558824304957, 0.3333321233689939, 0.33332933733085823, 0.33333088946882117, 0.3333353261693383], ""kernels.0.base_kernel.kernels.1.base_kernel"": [0.6931481805599428, 0.6931481805599428, 0.6931481805599428], ""kernels.1.base_kernel.kernels.0"": [0.050061316076918626, 0.3566540517985904, 0.47230075159035656, 0.518697610857792, 0.05035116216906773, 0.17577490823733477, 0.1364849595972517, 0.7032422590525298, 0.5358279754875621, 0.3357807838739594, 0.12848572182439355, 0.5674114987091647, 0.39405608081828775, 0.8030866649011146, 0.15351922766156514, 0.37256312524161406, 0.35880994857993315, 0.050008931540725526], ""kernels.1.base_kernel.kernels.1"": [0.6931481805599428, 0.6931481805599428, 0.6931481805599428]}","{""kernels.0"": 9.744666325280224e-06, ""kernels.0.base_kernel.kernels.1"": 0.005886068014559984, ""kernels.1"": 0.9762269612128597}",10,5,30,0,0,21
368,112.18057853481872,86.84322242931619,0.4998,local,-3.954122155112226,0.30526071854659803,0.0004792049697522283,0.3273743214617542,0.05000893154072975,0.33333638262163734,0.8030865926366545,"{""kernels.0.base_kernel.kernels.0"": [0.33333367437538225, 0.33331676916045344, 0.33331893392883705, 0.33329744637241987, 0.3333391693791956, 0.3333203323131145, 0.33333916165348976, 0.33333743907401986, 0.33332271014559034, 0.33331867489941225, 0.3333315820786439, 0.3333299281069068, 0.3333305617194714, 0.333365588240465, 0.3333321233665581, 0.3333293373300671, 0.33333088946836176, 0.3333353261692548], ""kernels.0.base_kernel.kernels.1.base_kernel"": [0.6931481805599428, 0.6931481805599428, 0.6931481805599428], ""kernels.1.base_kernel.kernels.0"": [0.0500613160765304, 0.35665397211082595, 0.472300709736552, 0.5186976015426352, 0.0503511621522883, 0.17577493412490025, 0.13648494075955367, 0.7032422310336226, 0.5358279335535862, 0.33578080662521087, 0.1284857193313961, 0.5674115275393096, 0.3940560451899284, 0.8030865926366545, 0.15351924428190794, 0.3725630971891291, 0.3588099277891165, 0.05000893154072975], ""kernels.1.base_kernel.kernels.1"": [0.6931481805599428, 0.6931481805599428, 0.6931481805599428]}","{""kernels.0"": 9.744666325314515e-06, ""kernels.0.base_kernel.kernels.1"": 0.005886068014542772, ""kernels.1"": 0.9762271517043946}",10,5,30,2,0,22
369,163.40859295935792,86.84322242931619,0.4988,global,-4.892960775995582,0.41002728699876284,0.0004796825513283509,0.32789574866575727,0.05000893161311759,0.3333363962735856,0.8020861802077901,"{""kernels.0.base_kernel.kernels.0"": [0.3333336669870002, 0.33331687398059556, 0.3333189254908704, 0.33329742312274535, 0.3333391667913001, 0.333320366741021, 0.3333391564030321, 0.33333746686532806, 0.3333226901940394, 0.33331869275081505, 0.333331576978158, 0.33332996212332916, 0.3333305590195721, 0.33336555305774135, 0.3333320862372434, 0.33332932615397687, 0.333330883767789, 0.33333532568184304], ""kernels.0.base_kernel.kernels.1.base_kernel"": [0.6931481805599428, 0.6931481805599428, 0.6931481805599428], ""kernels.1.base_kernel.kernels.0"": [0.05006131075155934, 0.3555085715468695, 0.47168572096774525, 0.5184825682289966, 0.050350921032642354, 0.1759684662758823, 0.13622095731764436, 0.7030995227691439, 0.5353065793454747, 0.33603382734879017, 0.1284285642165211, 0.5681060500238627, 0.39362164747570944, 0.8020861802077901, 0.15366215276042045, 0.3722172659422705, 0.3585520529819538, 0.05000893161311759], ""kernels.1.base_kernel.kernels.1"": [0.6931481805599428, 0.6931481805599428, 0.6931481805599428]}","{""kernels.0"": 9.744666932776294e-06, ""kernels.0.base_kernel.kernels.1"": 0.005886067764043292, ""kernels.1"": 0.9777914335662958}",10,5,30,0,0,23
370,105.95376471768145,86.84322242931619,0.5014,global,-3.7713305068367102,0.10440953752709346,0.0004803836640879966,0.3278956976621738,0.050008931613122885,0.3333363962745106,0.8020861220084641,"{""kernels.0.base_kernel.kernels.0"": [0.33333366698652506, 0.3333168739880608, 0.33331892549034314, 0.33329742312134375, 0.3333391667910991, 0.33332036674361043, 0.3333391564028937, 0.3333374668671208, 0.3333226901930866, 0.33331869275203135, 0.33333157697792043, 0.33332996212558713, 0.33333055901986175, 0.3333655530553921, 0.3333320862347766, 0.3333293261532486, 0.3333308837675201, 0.3333353256819005], ""kernels.0.base_kernel.kernels.1.base_kernel"": [0.6931481805599428, 0.6931481805599428, 0.6931481805599428], ""kernels.1.base_kernel.kernels.0"": [0.05006131075119588, 0.3555085020215922, 0.47168568153819795, 0.5184825638653581, 0.05035092101622111, 0.1759684965970828, 0.13622094809143356, 0.7030995188291023, 0.5353065581288274, 0.3360338481327539, 0.1284285658605101, 0.568106097771218, 0.39362164019909696, 0.8020861220084641, 0.15366216943094343, 0.372217251011128, 0.35855204346829583, 0.050008931613122885], ""kernels.1.base_kernel.kernels.1"": [0.6931481805599428, 0.6931481805599428, 0.6931481805599428]}","{""kernels.0"": 9.744666932806777e-06, ""kernels.0.base_kernel.kernels.1"": 0.005886067764025971, ""kernels.1"": 0.9777912805555626}",10,5,30,0,0,24
371,127.43378857595721,86.84322242931619,0.4994,global,-3.9267578670085235,0.25819929435171,0.00048630079564941983,0.32789571890196295,0.050008931613123975,0.33333639627236133,0.8020861053174254,"{""kernels.0.base_kernel.kernels.0"": [0.3333336669863763, 0.33331687398925175, 0.33331892548991077, 0.33329742312098753, 0.3333391667911555, 0.3333203667440887, 0.33333915640300854, 0.33333746686275734, 0.33332269019169763, 0.3333186927529045, 0.33333157697794896, 0.3333299621265927, 0.3333305590200417, 0.3333655530560844, 0.33333208623419947, 0.33332932615317634, 0.33333088376747505, 0.3333353256819654], ""kernels.0.base_kernel.kernels.1.base_kernel"": [0.6931481805599428, 0.6931481805599428, 0.6931481805599428], ""kernels.1.base_kernel.kernels.0"": [0.05006131075109407, 0.3555084484094213, 0.4716856693499647, 0.5184825647867541, 0.050350921011663705, 0.17596849060555605, 0.13622094811696872, 0.7030994540841085, 0.5353065138613737, 0.33603387168700855, 0.12842856453232804, 0.5681061254484588, 0.3936216352100089, 0.8020861053174254, 0.15366217402830548, 0.3722172466670998, 0.35855204168807375, 0.050008931613123975], ""kernels.1.base_kernel.kernels.1"": [0.6931481805599428, 0.6931481805599428, 0.6931481805599428]}","{""kernels.0"": 9.744666932924364e-06, ""kernels.0.base_kernel.kernels.1"": 0.005886067764021155, ""kernels.1"": 0.9777913442749349}",10,5,30,0,0,25
372,202.7743738649438,86.84322242931619,0.4996,global,-4.456095761690425,0.29633659800176443,0.0004864423985325948,0.33005413606801126,0.050008931720481174,0.3333361599595906,0.8002873906534494,"{""kernels.0.base_kernel.kernels.0"": [0.33333365113636243, 0.3333169898085432, 0.3333189013393611, 0.3332973764707567, 0.33333917509347977, 0.33332041415640884, 0.33333916415699244, 0.3333369868266083, 0.3333225490568925, 0.33331875553321966, 0.3333315771155316, 0.33333008659388724, 0.33333057782153236, 0.33336559203417915, 0.3333320234519435, 0.3333293116076547, 0.3333308775238201, 0.3333353330925729], ""kernels.0.base_kernel.kernels.1.base_kernel"": [0.6931481805599428, 0.6931481805599428, 0.6931481805599428], ""kernels.1.base_kernel.kernels.0"": [0.05006130055394758, 0.3502179034604814, 0.4707595590419313, 0.5185546792287082, 0.05035048033704115, 0.175459058491986, 0.13611663176628486, 0.6959561107399352, 0.5308136303098034, 0.33834665333395747, 0.12830822152915677, 0.5707475486545787, 0.3931221774683325, 0.8002873906534494, 0.15406540237655414, 0.37152425377523135, 0.3583441691061908, 0.050008931720481174], ""kernels.1.base_kernel.kernels.1"": [0.6931481805599428, 0.6931481805599428, 0.6931481805599428]}","{""kernels.0"": 9.744679158022505e-06, ""kernels.0.base_kernel.kernels.1"": 0.0058860672906525776, ""kernels.1"": 0.9842665962342232}",10,5,30,0,1,26
373,133.27894853403484,86.84322242931619,0.498,global,-4.029019386849704,0.27753933255295077,0.0004919538238644741,0.32526045511586626,0.050008938007672206,0.3333337653880897,0.7823743934585793,"{""kernels.0.base_kernel.kernels.0"": [0.33333408414033844, 0.33332451560305376, 0.3333176537563019, 0.3332933133496642, 0.33333920382605137, 0.33332114029095655, 0.3333396563868765, 0.33332270500294825, 0.33331810563299785, 0.3333182655759462, 0.3333318487187424, 0.33333344663584097, 0.33333222211251257, 0.3333666951572219, 0.3333302415832185, 0.3333285377275836, 0.33333002176618587, 0.33333564586292175], ""kernels.0.base_kernel.kernels.1.base_kernel"": [0.6931481805599428, 0.6931481805599428, 0.6931481805599428], ""kernels.1.base_kernel.kernels.0"": [0.050060917734600384, 0.2838832784369959, 0.4314534752540584, 0.5148638891163642, 0.05033582730976987, 0.18526492120466076, 0.1323101424159514, 0.5826455296889903, 0.42534684801725225, 0.3628766637963902, 0.12387397932021713, 0.6079836371604225, 0.4592906677118796, 0.7823743934585793, 0.20268179742302422, 0.3525289464517888, 0.3493663481127913, 0.050008938007672206], ""kernels.1.base_kernel.kernels.1"": [0.6931481805599428, 0.6931481805599428, 0.6931481805599428]}","{""kernels.0"": 9.745333942998797e-06, ""kernels.0.base_kernel.kernels.1"": 0.005886049191427855, ""kernels.1"": 0.969885570822228}",10,5,30,0,0,27
374,94.9890006952548,86.84322242931619,0.4984,local,-4.090937897604558,0.14605158229110018,0.0004930370446784608,0.3252604685479269,0.0500089380076745,0.33333376538817155,0.7823744078215802,"{""kernels.0.base_kernel.kernels.0"": [0.33333408414025417, 0.3333245156041327, 0.3333176537565955, 0.33329331334983436, 0.3333392038260421, 0.3333211402897978, 0.3333396563874631, 0.3333227050034729, 0.33331810563343783, 0.33331826557547584, 0.3333318487187537, 0.33333344663608894, 0.3333322221118165, 0.3333666951566815, 0.3333302415823317, 0.3333285377279302, 0.33333002176634585, 0.3333356458629061], ""kernels.0.base_kernel.kernels.1.base_kernel"": [0.6931481805599428, 0.6931481805599428, 0.6931481805599428], ""kernels.1.base_kernel.kernels.0"": [0.0500609177344186, 0.2838832781453271, 0.4314534602570709, 0.5148638858200065, 0.050335827307223524, 0.18526493102010416, 0.13231015693036627, 0.5826455588518336, 0.425346839556524, 0.36287666271594204, 0.12387397155184451, 0.6079836384708058, 0.45929062841778634, 0.7823744078215802, 0.20268181053860027, 0.3525289642740427, 0.34936636278090893, 0.0500089380076745], ""kernels.1.base_kernel.kernels.1"": [0.6931481805599428, 0.6931481805599428, 0.6931481805599428]}","{""kernels.0"": 9.74533394322102e-06, ""kernels.0.base_kernel.kernels.1"": 0.005886049191422643, ""kernels.1"": 0.9698856111184149}",10,5,30,1,0,28
375,118.53965525426389,86.84322242931619,0.5018,global,-4.109816234333545,0.30499324439352243,0.0005038584068392892,0.33181208227069725,0.05000894273434706,0.33333437528299004,0.8174976090082255,"{""kernels.0.base_kernel.kernels.0"": [0.3333340076161303, 0.3333267522190855, 0.3333186474201822, 0.3332935564511051, 0.3333392678537925, 0.333318361640952, 0.33334039933496334, 0.3333229176321628, 0.3333185732870246, 0.3333174755778235, 0.3333320874681553, 0.3333347429498497, 0.33333171914172083, 0.3333666598651983, 0.3333286658362285, 0.3333287617575975, 0.33333018213792354, 0.3333356430435397], ""kernels.0.base_kernel.kernels.1.base_kernel"": [0.6931481805599428, 0.6931481805599428, 0.6931481805599428], ""kernels.1.base_kernel.kernels.0"": [0.05006056248094078, 0.2960240043764746, 0.41523549080436084, 0.5118939338786654, 0.05033015820342549, 0.1974166015837391, 0.1342487283679285, 0.6116357528898693, 0.39236587839148845, 0.3561737685652667, 0.11570423572496384, 0.628432136222475, 0.4293743714444086, 0.8174976090082255, 0.24368432753006164, 0.36607048667765646, 0.37514337983105356, 0.05000894273434706], ""kernels.1.base_kernel.kernels.1"": [0.6931481805599428, 0.6931481805599428, 0.6931481805599428]}","{""kernels.0"": 9.745763260748613e-06, ""kernels.0.base_kernel.kernels.1"": 0.005886038813935118, ""kernels.1"": 0.9895404622348959}",10,5,30,0,0,29
376,115.42925866427692,86.84322242931619,0.498,local,-4.331568846720322,0.2965136925945551,0.000506503607101075,0.3288654512222801,0.050008943188408726,0.33333444430303777,0.8038729800103809,"{""kernels.0.base_kernel.kernels.0"": [0.3333340157193396, 0.333326630531709, 0.3333187376882808, 0.33329344714196424, 0.3333393119247586, 0.33331809609625845, 0.3333405100814706, 0.3333228474055161, 0.33331849453308354, 0.3333174518378964, 0.33333214760244195, 0.3333348728867359, 0.3333317357742451, 0.3333664588269467, 0.3333285374653499, 0.3333286744715416, 0.33333015825461415, 0.3333356564070695], ""kernels.0.base_kernel.kernels.1.base_kernel"": [0.6931481805599428, 0.6931481805599428, 0.6931481805599428], ""kernels.1.base_kernel.kernels.0"": [0.0500605273560786, 0.29095941599148295, 0.4156745351337552, 0.512239270782362, 0.05032951106790452, 0.1935980597106078, 0.13655972914694237, 0.6089464660483864, 0.38454392953586164, 0.35546959098350334, 0.11596975040720865, 0.6285195893216405, 0.43448956793737203, 0.8038729800103809, 0.24778858088072028, 0.3600152976778316, 0.3751364409566891, 0.050008943188408726], ""kernels.1.base_kernel.kernels.1"": [0.6931481805599428, 0.6931481805599428, 0.6931481805599428]}","{""kernels.0"": 9.74582361460794e-06, ""kernels.0.base_kernel.kernels.1"": 0.005886037764464124, ""kernels.1"": 0.9807005700787615}",10,5,30,1,0,30
377,120.69051420110684,86.84322242931619,0.4994,global,-3.8352342888257427,0.22740731237885486,0.0005065544739680641,0.329221175780605,0.05000894380879205,0.33333453440981703,0.8012845473076302,"{""kernels.0.base_kernel.kernels.0"": [0.3333340196381267, 0.3333266437636797, 0.3333188229973121, 0.33329331915043015, 0.33333930513686777, 0.3333178458126278, 0.3333405778691209, 0.333322772097918, 0.3333184896029479, 0.3333174474406719, 0.33333221644231187, 0.33333504918150736, 0.33333175335529486, 0.3333665139184289, 0.33332835522087784, 0.3333286604424235, 0.33333011628248077, 0.33333567055071645], ""kernels.0.base_kernel.kernels.1.base_kernel"": [0.6931481805599428, 0.6931481805599428, 0.6931481805599428], ""kernels.1.base_kernel.kernels.0"": [0.050060479534598, 0.2889388680472019, 0.4150698313490341, 0.5122284224689466, 0.05032871212994406, 0.19602693213310407, 0.13563384893191283, 0.6065022099468829, 0.37628167705559157, 0.3546439036252102, 0.11654472854183466, 0.6295263565974979, 0.43894183531686426, 0.8012845473076302, 0.2526850952555332, 0.35759203884746527, 0.37396104967142396, 0.05000894380879205], ""kernels.1.base_kernel.kernels.1"": [0.6931481805599428, 0.6931481805599428, 0.6931481805599428]}","{""kernels.0"": 9.745891960998596e-06, ""kernels.0.base_kernel.kernels.1"": 0.005886036386662569, ""kernels.1"": 0.9817677450631914}",10,5,30,0,0,31
378,86.82961525039549,86.82961525039549,0.4988,global,-3.556465143378338,0.06604048104059922,0.000506935369183609,0.3305932202847273,0.05000894388279478,0.33333454402546425,0.8013242706427032,"{""kernels.0.base_kernel.kernels.0"": [0.33333401986228084, 0.33332664320452404, 0.33331883034907367, 0.33329329389581075, 0.33333930598850986, 0.3333178107390491, 0.3333405870592484, 0.3333227582475959, 0.3333184803475103, 0.3333174465448598, 0.3333322218665786, 0.3333350681886476, 0.33333174510823915, 0.33336652445440146, 0.33332833007388896, 0.3333286575291577, 0.33333011009674596, 0.33333566999072484], ""kernels.0.base_kernel.kernels.1.base_kernel"": [0.6931481805599428, 0.6931481805599428, 0.6931481805599428], ""kernels.1.base_kernel.kernels.0"": [0.0500604734728318, 0.2886747344579682, 0.4148941218844474, 0.5119424667280182, 0.050328608792867456, 0.19568809067195844, 0.13549852458911205, 0.606056435371828, 0.3751545675828447, 0.35440389040939224, 0.11641508354426412, 0.6293970645043854, 0.43914595867879813, 0.8013242706427032, 0.2532492958254674, 0.35749271798476284, 0.37382292483544965, 0.05000894388279478], ""kernels.1.base_kernel.kernels.1"": [0.6931481805599428, 0.6931481805599428, 0.6931481805599428]}","{""kernels.0"": 9.745900534299246e-06, ""kernels.0.base_kernel.kernels.1"": 0.0058860362212024685, ""kernels.1"": 0.9858838787324452}",10,5,30,2,0,0
379,148.66199353100183,86.82961525039549,0.5014,global,-4.415243601942675,0.316230766828268,0.0005037753846382841,0.33059096299755786,0.05000894388290735,0.33333454404170937,0.8013247268178754,"{""kernels.0.base_kernel.kernels.0"": [0.33333401986271166, 0.3333266432136991, 0.3333188303635718, 0.3332932938799256, 0.33333930598876865, 0.333317810704953, 0.33334058707465, 0.33332275825667806, 0.33331848034660777, 0.3333174465502564, 0.33333222187612316, 0.333335068220707, 0.3333317451051779, 0.33336652447766985, 0.33332833004294277, 0.33332865752991087, 0.3333301100909779, 0.33333566999204683], ""kernels.0.base_kernel.kernels.1.base_kernel"": [0.6931481805599428, 0.6931481805599428, 0.6931481805599428], ""kernels.1.base_kernel.kernels.0"": [0.050060473464862365, 0.28867517344905674, 0.4148940608511764, 0.5119427148807326, 0.050328608670847964, 0.19568844868244006, 0.135498698160694, 0.6060576720928309, 0.37515361629212285, 0.35440394402124537, 0.11641516795328487, 0.6293974709250326, 0.43914661232954183, 0.8013247268178754, 0.2532502660068141, 0.3574929728386691, 0.37382288761018206, 0.05000894388290735], ""kernels.1.base_kernel.kernels.1"": [0.6931481805599428, 0.6931481805599428, 0.6931481805599428]}","{""kernels.0"": 9.745900543928139e-06, ""kernels.0.base_kernel.kernels.1"": 0.005886036220976033, ""kernels.1"": 0.9858771068711536}",10,5,30,0,1,1
380,124.64930931881321,86.82961525039549,0.5,global,-4.470339133542986,0.33213239959457963,0.000504670271264482,0.330590781378279,0.05000894388291686,0.33333454404295876,0.8013247561951933,"{""kernels.0.base_kernel.kernels.0"": [0.33333401986277966, 0.33332664321445105, 0.333318830364765, 0.3332932938773488, 0.3333393059889096, 0.3333178107025092, 0.33334058707580405, 0.33332275825687274, 0.3333184803465842, 0.3333174465504391, 0.33333222187689865, 0.33333506822313785, 0.3333317451051621, 0.3333665244790491, 0.3333283300403369, 0.33332865752990315, 0.33333011009039815, 0.33333566999219044], ""kernels.0.base_kernel.kernels.1.base_kernel"": [0.6931481805599428, 0.6931481805599428, 0.6931481805599428], ""kernels.1.base_kernel.kernels.0"": [0.05006047346418609, 0.288675217497283, 0.4148940517073151, 0.5119427367009428, 0.05032860866051263, 0.19568847980477697, 0.13549871251101825, 0.6060577621295753, 0.37515354344593044, 0.35440394282987225, 0.11641517191874931, 0.6293975138758313, 0.43914665959732874, 0.8013247561951933, 0.2532503432932991, 0.35749299343014107, 0.3738228793136505, 0.05000894388291686], ""kernels.1.base_kernel.kernels.1"": [0.6931481805599428, 0.6931481805599428, 0.6931481805599428]}","{""kernels.0"": 9.74590054477562e-06, ""kernels.0.base_kernel.kernels.1"": 0.005886036220957101, ""kernels.1"": 0.9858765620133352}",10,5,30,0,0,2
381,130.28844837515635,86.82961525039549,0.5002,global,-4.3492900553673355,0.2677124217955245,0.0005058849467033467,0.32910021182553517,0.05000894395747228,0.3333345574395118,0.8015649651074265,"{""kernels.0.base_kernel.kernels.0"": [0.33333402057433836, 0.33332664939340834, 0.3333188380478654, 0.33329327186102337, 0.33333930533861905, 0.3333177836854336, 0.3333405953908399, 0.3333227590476915, 0.333318497116154, 0.3333174493138972, 0.33333223061825923, 0.3333350943046852, 0.3333317452266424, 0.3333665363118413, 0.3333283088369633, 0.3333286543375093, 0.33333010549571035, 0.33333567070394055], ""kernels.0.base_kernel.kernels.1.base_kernel"": [0.6931481805599428, 0.6931481805599428, 0.6931481805599428], ""kernels.1.base_kernel.kernels.0"": [0.050060468202107314, 0.2889105254388266, 0.41475989036055716, 0.5120282613573579, 0.05032852867174917, 0.19587128056293202, 0.13557700304766218, 0.6066817322059308, 0.3749542444918766, 0.3544160531964538, 0.11648381395773293, 0.6298283638949655, 0.43957251961008603, 0.8015649651074265, 0.25384061189494894, 0.3577050392971109, 0.3737576055572274, 0.05000894395747228], ""kernels.1.base_kernel.kernels.1"": [0.6931481805599428, 0.6931481805599428, 0.6931481805599428]}","{""kernels.0"": 9.745906950620563e-06, ""kernels.0.base_kernel.kernels.1"": 0.005886036071776825, ""kernels.1"": 0.9814048534978781}",10,5,30,0,0,3
382,167.92525746251675,86.82961525039549,0.4994,global,-4.817759511704397,0.41134045791113044,0.0005066034327076321,0.3297942924949684,0.05000894412840856,0.3333345839245355,0.8016939402350564,"{""kernels.0.base_kernel.kernels.0"": [0.3333340227198695, 0.3333266496378123, 0.33331884891984903, 0.3332931915468084, 0.3333393059580726, 0.33331771280081857, 0.3333406164185233, 0.3333227406478242, 0.33331852920264166, 0.3333174414982504, 0.33333225116674475, 0.3333351451292016, 0.333331738842005, 0.3333665684023661, 0.3333282527251126, 0.3333286409903196, 0.3333300931018205, 0.33333567337504344], ""kernels.0.base_kernel.kernels.1.base_kernel"": [0.6931481805599428, 0.6931481805599428, 0.6931481805599428], ""kernels.1.base_kernel.kernels.0"": [0.05006045556282312, 0.2885088281873557, 0.41423988913743875, 0.5118826682501455, 0.0503283267573845, 0.1958821738336643, 0.13542546904577019, 0.6074451192063074, 0.374157557116424, 0.35427748801141146, 0.11653404178332759, 0.6304010058395358, 0.4401293790285241, 0.8016939402350564, 0.2548863742255377, 0.3576715312999616, 0.3734463425830551, 0.05000894412840856], ""kernels.1.base_kernel.kernels.1"": [0.6931481805599428, 0.6931481805599428, 0.6931481805599428]}","{""kernels.0"": 9.745924873877366e-06, ""kernels.0.base_kernel.kernels.1"": 0.005886035721915165, ""kernels.1"": 0.9834870958381161}",10,5,30,0,0,4
383,164.37305196186605,86.82961525039549,0.4984,global,-4.3612574032690805,0.2665461137300204,0.0005072786372051244,0.32979401659595536,0.050008944128446677,0.3333345839302385,0.801693961940374,"{""kernels.0.base_kernel.kernels.0"": [0.3333340227203286, 0.33332664964170944, 0.3333188489224709, 0.33329319153156856, 0.3333393059582257, 0.3333177127864856, 0.3333406164233693, 0.33332274064373246, 0.33331852920966015, 0.3333174414968833, 0.3333322511711113, 0.3333351451401484, 0.33333173884165807, 0.3333665684088558, 0.33332825271357425, 0.3333286409877895, 0.33333009309956585, 0.3333356733759514], ""kernels.0.base_kernel.kernels.1.base_kernel"": [0.6931481805599428, 0.6931481805599428, 0.6931481805599428], ""kernels.1.base_kernel.kernels.0"": [0.050060455560113966, 0.2885089750258082, 0.41423979166619374, 0.511882679631904, 0.05032832671639351, 0.19588220136736018, 0.13542546369194586, 0.6074452859839085, 0.3741573972329154, 0.3542774695981364, 0.1165340549815523, 0.6304011391289981, 0.4401295204506064, 0.801693961940374, 0.25488661031851945, 0.3576715364584904, 0.3734462988659817, 0.050008944128446677], ""kernels.1.base_kernel.kernels.1"": [0.6931481805599428, 0.6931481805599428, 0.6931481805599428]}","{""kernels.0"": 9.74592487760857e-06, ""kernels.0.base_kernel.kernels.1"": 0.005886035721839856, ""kernels.1"": 0.9834862681411487}",10,5,30,0,0,5
384,122.90543993418686,86.82961525039549,0.4992,global,-4.3534746429658755,0.27515768847749433,0.0005085378505539861,0.32979402083324466,0.05000894412844756,0.3333345839303021,0.801693960372677,"{""kernels.0.base_kernel.kernels.0"": [0.333334022720348, 0.33332664964176484, 0.33331884892194563, 0.33329319153109505, 0.3333393059583176, 0.33331771278607675, 0.33334061642369583, 0.33332274064364736, 0.33331852920984656, 0.333317441496681, 0.3333322511712124, 0.33333514514025614, 0.33333173884164297, 0.33336656840879264, 0.33332825271328276, 0.33332864098769904, 0.33333009309952183, 0.33333567337598946], ""kernels.0.base_kernel.kernels.1.base_kernel"": [0.6931481805599428, 0.6931481805599428, 0.6931481805599428], ""kernels.1.base_kernel.kernels.0"": [0.05006045556004946, 0.2885089766218163, 0.41423977371963566, 0.5118826803968226, 0.050328326715394216, 0.19588219750130437, 0.1354254646274063, 0.6074452887814739, 0.3741573916315158, 0.35427746468334653, 0.11653405422313655, 0.6304011386993554, 0.4401295234505648, 0.801693960372677, 0.25488661517680566, 0.35767153580406513, 0.37344629791479417, 0.05000894412844756], ""kernels.1.base_kernel.kernels.1"": [0.6931481805599428, 0.6931481805599428, 0.6931481805599428]}","{""kernels.0"": 9.74592487772598e-06, ""kernels.0.base_kernel.kernels.1"": 0.005886035721838098, ""kernels.1"": 0.9834862808530183}",10,5,30,0,1,6
385,157.2253599267659,86.82961525039549,0.5016,local,-4.440065093976412,0.30301945669747704,0.0005098544314638122,0.3310123840976312,0.050008944609766105,0.3333346276309209,0.8007449905312448,"{""kernels.0.base_kernel.kernels.0"": [0.3333340329505024, 0.33332667540653, 0.3333185638819599, 0.33329296308881984, 0.333339355847079, 0.3333174865994559, 0.3333407902147027, 0.33332269947242504, 0.33331863655934385, 0.33331732871941394, 0.33333230484818244, 0.3333352223113394, 0.33333172558086416, 0.3333665310206961, 0.33332809597943003, 0.3333285894589036, 0.33333006784034497, 0.3333356930789426], ""kernels.0.base_kernel.kernels.1.base_kernel"": [0.6931481805599428, 0.6931481805599428, 0.6931481805599428], ""kernels.1.base_kernel.kernels.0"": [0.05006042107415332, 0.2894570788794417, 0.4045379892995512, 0.5141874035614613, 0.05032779330040783, 0.19365472746370185, 0.1360882239001424, 0.6090586138016617, 0.3722654669337672, 0.35151566919741445, 0.11621938059292478, 0.6313666754990218, 0.4415248830586178, 0.8007449905312448, 0.257447246178479, 0.35710326474840554, 0.3728362037056476, 0.050008944609766105], ""kernels.1.base_kernel.kernels.1"": [0.6931481805599428, 0.6931481805599428, 0.6931481805599428]}","{""kernels.0"": 9.74598660778025e-06, ""kernels.0.base_kernel.kernels.1"": 0.005886034778375803, ""kernels.1"": 0.98714137152791}",10,5,30,2,0,7
386,124.58719040462938,86.82961525039549,0.5008,global,-4.39087587514884,0.23149808012165385,0.000511149780088704,0.3293731287444377,0.05000894470091232,0.33333464139457414,0.8007683342488578,"{""kernels.0.base_kernel.kernels.0"": [0.3333340344341443, 0.3333266831201272, 0.33331853220125157, 0.3332929316144173, 0.33333936365370764, 0.3333174679277065, 0.3333408228100708, 0.3333226991743271, 0.33331866531705906, 0.33331731958889316, 0.3333323146628978, 0.33333524835500405, 0.33333171955407015, 0.3333665224598436, 0.3333280681780692, 0.333328569144057, 0.3333300579110488, 0.3333356979177875], ""kernels.0.base_kernel.kernels.1.base_kernel"": [0.6931481805599428, 0.6931481805599428, 0.6931481805599428], ""kernels.1.base_kernel.kernels.0"": [0.05006041505667567, 0.28970372996920624, 0.40317689919429534, 0.5147906821957983, 0.05032769935834166, 0.1942075039328808, 0.13618968382384944, 0.6094412208533436, 0.37232543331651197, 0.3512109393608781, 0.11619611058701644, 0.6318497328986864, 0.4418030984272061, 0.8007683342488578, 0.25797092294885243, 0.357156987300251, 0.37263000576950756, 0.05000894470091232], ""kernels.1.base_kernel.kernels.1"": [0.6931481805599428, 0.6931481805599428, 0.6931481805599428]}","{""kernels.0"": 9.745996994764431e-06, ""kernels.0.base_kernel.kernels.1"": 0.0058860346078680416, ""kernels.1"": 0.9822236056284502}",10,5,30,0,0,8
387,172.87529671242737,86.82961525039549,0.5,global,-4.846313049950804,0.3439415471739222,0.0005114867264747121,0.3307466968306425,0.05000894488379293,0.33333467745435197,0.8005350516653431,"{""kernels.0.base_kernel.kernels.0"": [0.3333340365651383, 0.33332669130696835, 0.33331845335884946, 0.33329283355472433, 0.33333938104117206, 0.3333174011932887, 0.3333408907633254, 0.3333226778667704, 0.33331870987494483, 0.33331729295424295, 0.3333323358768781, 0.33333531834356567, 0.3333317042989404, 0.33336650928496436, 0.3333280043450392, 0.33332852507153476, 0.3333300378606824, 0.3333357051345285], ""kernels.0.base_kernel.kernels.1.base_kernel"": [0.6931481805599428, 0.6931481805599428, 0.6931481805599428], ""kernels.1.base_kernel.kernels.0"": [0.05006040194295919, 0.2894347533828796, 0.3996530894231784, 0.515354852150076, 0.05032748606400659, 0.19360530226976444, 0.1360864023541256, 0.6094113035943387, 0.37178299027943, 0.350366054652637, 0.11596129713698476, 0.6325606849639083, 0.4423923353883246, 0.8005350516653431, 0.2589048659961313, 0.3571338646769781, 0.3721904424424073, 0.05000894488379293], ""kernels.1.base_kernel.kernels.1"": [0.6931481805599428, 0.6931481805599428, 0.6931481805599428]}","{""kernels.0"": 9.74602051840457e-06, ""kernels.0.base_kernel.kernels.1"": 0.005886034243939525, ""kernels.1"": 0.9863443102274696}",10,5,30,0,0,9
388,130.3819104361018,86.82961525039549,0.4992,global,-4.7297994579372835,0.1967280280400112,0.0005126096332942609,0.3290946670386744,0.050008944983469056,0.33333469538812865,0.8007304146025664,"{""kernels.0.base_kernel.kernels.0"": [0.3333340375142765, 0.333326702919938, 0.3333184194154613, 0.3332927885233921, 0.33333939023331727, 0.3333173828342946, 0.3333409233098442, 0.3333226692232711, 0.3333187330518911, 0.33331728640946573, 0.33333234786587657, 0.3333353532619809, 0.3333316994025061, 0.33336650206520546, 0.33332797237381073, 0.33332850204183356, 0.3333300279943008, 0.33333571027992576], ""kernels.0.base_kernel.kernels.1.base_kernel"": [0.6931481805599428, 0.6931481805599428, 0.6931481805599428], ""kernels.1.base_kernel.kernels.0"": [0.050060395299000866, 0.2897055708939297, 0.3980918053697025, 0.51588031429908, 0.05032738427775857, 0.19391209451572958, 0.1361345694972107, 0.6096293770607284, 0.3716082485696544, 0.3501635744860758, 0.11592100031345993, 0.6330700489519309, 0.44281432326116255, 0.8007304146025664, 0.2594948536703977, 0.3572889936760893, 0.3721049495446477, 0.050008944983469056], ""kernels.1.base_kernel.kernels.1"": [0.6931481805599428, 0.6931481805599428, 0.6931481805599428]}","{""kernels.0"": 9.74603180464058e-06, ""kernels.0.base_kernel.kernels.1"": 0.005886034056256813, ""kernels.1"": 0.9813882210279617}",10,5,30,0,0,10
389,255.10237621843186,86.82961525039549,0.4998,global,-5.165162545241255,0.4551616384647502,0.0005139691997861261,0.3290946790029448,0.050008944983469944,0.3333346953882415,0.8007304038779539,"{""kernels.0.base_kernel.kernels.0"": [0.3333340375142986, 0.3333267029199957, 0.3333184194148415, 0.3332927885225137, 0.3333393902334339, 0.33331738283414314, 0.33334092331017845, 0.3333226692230287, 0.3333187330518573, 0.33331728640918384, 0.33333234786597954, 0.33333535326218444, 0.3333316994024572, 0.3333665020648715, 0.33332797237348, 0.3333285020414432, 0.3333300279941406, 0.333335710279982], ""kernels.0.base_kernel.kernels.1.base_kernel"": [0.6931481805599428, 0.6931481805599428, 0.6931481805599428], ""kernels.1.base_kernel.kernels.0"": [0.05006039529893547, 0.2897055695273306, 0.39809178444327464, 0.515880304657168, 0.05032738427679095, 0.19391209685079214, 0.1361345679639779, 0.6096293747756153, 0.37160824239167717, 0.35016356785527036, 0.11592099888686883, 0.6330700514821661, 0.4428143251643488, 0.8007304038779539, 0.2594948574956725, 0.3572889885265086, 0.3721049471018479, 0.050008944983469944], ""kernels.1.base_kernel.kernels.1"": [0.6931481805599428, 0.6931481805599428, 0.6931481805599428]}","{""kernels.0"": 9.746031804788774e-06, ""kernels.0.base_kernel.kernels.1"": 0.00588603405625502, ""kernels.1"": 0.9813882569207747}",10,5,30,0,0,11
390,227.57362264777805,86.82961525039549,0.5028,global,-5.067555711985563,0.37762669246901054,0.0005140669422043737,0.3290946843242943,0.05000894498347078,0.33333469538832405,0.800730393018332,"{""kernels.0.base_kernel.kernels.0"": [0.3333340375143177, 0.333326702920063, 0.3333184194142528, 0.33329278852165606, 0.3333393902335421, 0.33331738283400586, 0.3333409233105066, 0.3333226692227012, 0.3333187330518212, 0.3333172864089042, 0.33333234786607835, 0.3333353532623303, 0.33333169940241725, 0.33336650206461726, 0.33332797237317374, 0.3333285020410846, 0.3333300279939939, 0.33333571028005465], ""kernels.0.base_kernel.kernels.1.base_kernel"": [0.6931481805599428, 0.6931481805599428, 0.6931481805599428], ""kernels.1.base_kernel.kernels.0"": [0.05006039529887414, 0.2897055682692832, 0.3980917648910991, 0.5158802949068688, 0.05032738427587944, 0.19391209935533785, 0.13613456654964534, 0.6096293708532128, 0.37160823636016865, 0.35016356093043133, 0.115920997282119, 0.6330700530559458, 0.4428143264301294, 0.800730393018332, 0.25949486109780895, 0.3572889836287703, 0.37210494452293624, 0.05000894498347078], ""kernels.1.base_kernel.kernels.1"": [0.6931481805599428, 0.6931481805599428, 0.6931481805599428]}","{""kernels.0"": 9.746031804926234e-06, ""kernels.0.base_kernel.kernels.1"": 0.005886034056253326, ""kernels.1"": 0.9813882728848247}",10,5,30,0,1,12
391,143.45392579751166,86.82961525039549,0.4978,global,-4.531731721575606,0.2889908126206209,0.0005145502229798501,0.3223956928611938,0.05000894899226674,0.333332019077781,0.7893295764095773,"{""kernels.0.base_kernel.kernels.0"": [0.3333340875751183, 0.33332684100510745, 0.33331597625112463, 0.3332903246254133, 0.3333398394745661, 0.33331641854369726, 0.3333421270359606, 0.33332197516190265, 0.33331852400627465, 0.3333162501398184, 0.3333328258689769, 0.3333369454787926, 0.33333121228658513, 0.33336571900941603, 0.3333266540951816, 0.33332728595007494, 0.33332949164035974, 0.3333360232812618], ""kernels.0.base_kernel.kernels.1.base_kernel"": [0.6931481805599428, 0.6931481805599428, 0.6931481805599428], ""kernels.1.base_kernel.kernels.0"": [0.050060118203222974, 0.2849741594836894, 0.32970602538000787, 0.49792045265501106, 0.05032345584538983, 0.19531058580762276, 0.13570797318232017, 0.5994470855112124, 0.3367241413739656, 0.33002081345089473, 0.11095021668000898, 0.651507233161069, 0.45119374563452735, 0.7893295764095773, 0.2814258483307086, 0.3461756765932859, 0.36347513692285943, 0.05000894899226674], ""kernels.1.base_kernel.kernels.1"": [0.6931481805599428, 0.6931481805599428, 0.6931481805599428]}","{""kernels.0"": 9.746620656978734e-06, ""kernels.0.base_kernel.kernels.1"": 0.005886026131771129, ""kernels.1"": 0.9612913058311532}",10,5,30,0,0,13
392,143.7659641495115,86.82961525039549,0.499,global,-4.6154681088048655,0.31386506436716627,0.0005148026769554731,0.32424230797056725,0.050008949985834106,0.3333319806047574,0.7886954055223927,"{""kernels.0.base_kernel.kernels.0"": [0.33333404995956584, 0.3333267535361305, 0.3333163838122431, 0.3332904919586726, 0.3333398337513127, 0.3333161988013816, 0.33334217534657495, 0.3333222316115161, 0.33331864553591933, 0.33331653218556667, 0.3333328940261438, 0.3333378668621242, 0.33333106718337097, 0.3333654710098407, 0.3333264584964744, 0.3333271816825503, 0.33332946929268453, 0.3333360409548465], ""kernels.0.base_kernel.kernels.1.base_kernel"": [0.6931481805599428, 0.6931481805599428, 0.6931481805599428], ""kernels.1.base_kernel.kernels.0"": [0.0500600591150991, 0.28668391406187205, 0.3332402258003266, 0.5060870498951122, 0.05032258947352222, 0.2011024623187504, 0.1338579177257601, 0.6005881470466627, 0.33313858532464274, 0.33383190334814056, 0.11168511706309311, 0.6595437787060429, 0.4527589843385267, 0.7886954055223927, 0.2901444896799077, 0.3443113103888806, 0.3637392664769096, 0.050008949985834106], ""kernels.1.base_kernel.kernels.1"": [0.6931481805599428, 0.6931481805599428, 0.6931481805599428]}","{""kernels.0"": 9.746714950019126e-06, ""kernels.0.base_kernel.kernels.1"": 0.005886024290532872, ""kernels.1"": 0.9668311529062189}",10,5,30,1,0,14
393,83.94123523693789,83.94123523693789,0.4984,global,-3.770623257819715,0.06665947746569016,0.0005155506942691217,0.3253101530483856,0.05000895013225736,0.33333197502789647,0.7890300774337015,"{""kernels.0.base_kernel.kernels.0"": [0.3333340472050684, 0.3333267354281687, 0.3333164241302815, 0.3332904686899132, 0.33333983657448185, 0.33331614037846646, 0.3333421943533893, 0.3333222485866004, 0.3333186497380775, 0.3333165486098972, 0.33333290091286194, 0.3333379728790484, 0.333331049142931, 0.3333654519333395, 0.3333264301605956, 0.3333271753822372, 0.3333294661254301, 0.33333604312445975], ""kernels.0.base_kernel.kernels.1.base_kernel"": [0.6931481805599428, 0.6931481805599428, 0.6931481805599428], ""kernels.1.base_kernel.kernels.0"": [0.05006005011969763, 0.2863003100337737, 0.33332450504222305, 0.5059461576806946, 0.050322452738346644, 0.200143011367731, 0.13410304897700107, 0.6001789818013766, 0.3322766533079471, 0.33390472065960314, 0.11153258703793394, 0.6598137426264424, 0.4531134895363656, 0.7890300774337015, 0.291406787672297, 0.34446183988647167, 0.36394761303833495, 0.05000895013225736], ""kernels.1.base_kernel.kernels.1"": [0.6931481805599428, 0.6931481805599428, 0.6931481805599428]}","{""kernels.0"": 9.746730815101304e-06, ""kernels.0.base_kernel.kernels.1"": 0.005886024019710861, ""kernels.1"": 0.9700346883946309}",10,5,30,0,0,0
394,133.96153560420322,83.94123523693789,0.4964,global,-4.877269248154665,0.3032476461789406,0.0005129144834893819,0.3234346185878002,0.050008950236557506,0.33333347540524916,0.7901763035293524,"{""kernels.0.base_kernel.kernels.0"": [0.3333340447353507, 0.33332671637313804, 0.3333164513667329, 0.3332904581390327, 0.33333983598253497, 0.33331611141552175, 0.3333422070954689, 0.33332228452642193, 0.33331864863069494, 0.3333165613892214, 0.3333329060751476, 0.33333803584823424, 0.33333104689953025, 0.33336552780058293, 0.3333264182282339, 0.33332718239279246, 0.33332946577663847, 0.33333604384454363], ""kernels.0.base_kernel.kernels.1.base_kernel"": [0.6931481805599428, 0.6931481805599428, 0.6931481805599428], ""kernels.1.base_kernel.kernels.0"": [0.050060044316943164, 0.28607855052358167, 0.3334982425723122, 0.5060137400001912, 0.05032238101799174, 0.2002066700013566, 0.13441675632568006, 0.6010718087793869, 0.33143621778098964, 0.33411222497055176, 0.11154706951056893, 0.6599805590547548, 0.4538323377563855, 0.7901763035293524, 0.2922401609858263, 0.3450253732857072, 0.3642202775422908, 0.050008950236557506], ""kernels.1.base_kernel.kernels.1"": [0.6931481805599428, 0.6931481805599428, 0.6931481805599428]}","{""kernels.0"": 9.74673862132198e-06, ""kernels.0.base_kernel.kernels.1"": 0.005886023842162147, ""kernels.1"": 0.9644080851826171}",10,5,30,1,0,1
395,346.27786557346394,83.94123523693789,0.4976,global,-5.1836227263820875,0.3560886004873947,0.0005210546568935773,0.3269057676793177,0.050008963751860966,0.3333349799630223,0.793414201315969,"{""kernels.0.base_kernel.kernels.0"": [0.3333338301316818, 0.3333260399875785, 0.3333187253048843, 0.3332883031258147, 0.333340014165813, 0.33331206619877346, 0.3333436295071303, 0.33332412340296863, 0.3333192674298352, 0.3333171189267681, 0.33333339226489156, 0.3333450598388201, 0.33333059109315316, 0.3333715106857414, 0.3333246502398694, 0.33332683797077833, 0.33332906948976543, 0.33333612979436283], ""kernels.0.base_kernel.kernels.1.base_kernel"": [0.6931481805599428, 0.6931481805599428, 0.6931481805599428], ""kernels.1.base_kernel.kernels.0"": [0.0500592570639955, 0.2846197847991513, 0.3434291261664292, 0.48414368285656006, 0.05031297550402086, 0.2154959330842411, 0.13412994756491864, 0.6408529852971407, 0.2410774493593913, 0.33715237146633215, 0.1090591095500432, 0.6750473048263604, 0.5180573716055694, 0.793414201315969, 0.41756611737001437, 0.34121782082611907, 0.3816469886040749, 0.050008963751860966], ""kernels.1.base_kernel.kernels.1"": [0.6931481805599428, 0.6931481805599428, 0.6931481805599428]}","{""kernels.0"": 9.747955952626264e-06, ""kernels.0.base_kernel.kernels.1"": 0.0058860007159656684, ""kernels.1"": 0.9748215543660349}",10,5,30,0,0,2
396,256.26218079282677,83.94123523693789,0.5002,global,-5.356697202049979,0.40051509394567003,0.000514128711398549,0.33070205577879147,0.050008965787687605,0.3333308666969382,0.8206543432528385,"{""kernels.0.base_kernel.kernels.0"": [0.3333339285060684, 0.3333263446338537, 0.3333188988405177, 0.33328900212034024, 0.33334015113943566, 0.33331200901590824, 0.3333440287997073, 0.33332308904911506, 0.33332074566595876, 0.33331644553059786, 0.33333343588921843, 0.33334498301469534, 0.3333282975046579, 0.33337041879600354, 0.33332389299185644, 0.33332718414103396, 0.33332622169994086, 0.33333624608393525], ""kernels.0.base_kernel.kernels.1.base_kernel"": [0.6931481805599428, 0.6931481805599428, 0.6931481805599428], ""kernels.1.base_kernel.kernels.0"": [0.05005914877318887, 0.29337704195005865, 0.3608808455942212, 0.4947702087082058, 0.05031192884113456, 0.23581979065231745, 0.14474864664925807, 0.6207662573625206, 0.25340345373377543, 0.2991114227019104, 0.11056551406127531, 0.6739959920117612, 0.4243452619786598, 0.8206543432528385, 0.41709755203888194, 0.360187447498467, 0.2716950685819365, 0.050008965787687605], ""kernels.1.base_kernel.kernels.1"": [0.6931481805599428, 0.6931481805599428, 0.6931481805599428]}","{""kernels.0"": 9.748281918639037e-06, ""kernels.0.base_kernel.kernels.1"": 0.005885997575278175, ""kernels.1"": 0.9862104214791776}",10,5,30,2,0,3
397,201.36220189614886,83.94123523693789,0.4974,global,-5.2762224571194,0.42518623876911854,0.0005137369758340992,0.33396091400529687,0.05000896603526384,0.3333308676192965,0.818317223273118,"{""kernels.0.base_kernel.kernels.0"": [0.333333942192244, 0.3333263289160849, 0.3333189226720032, 0.33328892324262566, 0.33334016453337956, 0.3333118673624103, 0.3333440141785666, 0.3333230780911555, 0.33332079528039094, 0.33331648252262325, 0.33333344989261976, 0.33334491620655876, 0.3333282853459732, 0.3333703614507995, 0.333323881326311, 0.3333271688676989, 0.33332620752534076, 0.3333362479952519], ""kernels.0.base_kernel.kernels.1.base_kernel"": [0.6931481805599428, 0.6931481805599428, 0.6931481805599428], ""kernels.1.base_kernel.kernels.0"": [0.05005913901871208, 0.2950739488645926, 0.3630644479846951, 0.49132541465547047, 0.050311701883454595, 0.23010454668310507, 0.14476958785082003, 0.6182525181461729, 0.2496999035041719, 0.2968042616458274, 0.10998325978934509, 0.6724153827565865, 0.42444991320360353, 0.818317223273118, 0.41630679305565854, 0.35739545403397205, 0.26960193285389666, 0.05000896603526384], ""kernels.1.base_kernel.kernels.1"": [0.6931481805599428, 0.6931481805599428, 0.6931481805599428]}","{""kernels.0"": 9.748309911727495e-06, ""kernels.0.base_kernel.kernels.1"": 0.005885997234021233, ""kernels.1"": 0.9959869964719578}",10,5,30,0,0,4
398,154.3111562511208,83.94123523693789,0.4992,local,-4.714795366050052,0.28390854293411255,0.000514838590533136,0.32566466154690593,0.050008972121171516,0.33333082898718236,0.8010043153847102,"{""kernels.0.base_kernel.kernels.0"": [0.3333340394989178, 0.3333246147542501, 0.3333192581478183, 0.3332893454261529, 0.3333400572216708, 0.333311188224611, 0.33334346967855666, 0.3333243482556225, 0.3333230398167942, 0.3333183650506144, 0.3333337233719619, 0.3333431767333787, 0.3333279346024029, 0.33336928739095445, 0.333323998493895, 0.33332774970767665, 0.33332650847616646, 0.33333620557835997], ""kernels.0.base_kernel.kernels.1.base_kernel"": [0.6931481805599428, 0.6931481805599428, 0.6931481805599428], ""kernels.1.base_kernel.kernels.0"": [0.05005887748345315, 0.3135578544868676, 0.3998257370590816, 0.47586763282633926, 0.05030618982302151, 0.23054322507878663, 0.14996250031826824, 0.605555210289549, 0.22285028875205484, 0.2702939576151332, 0.10911120103366724, 0.6449009936937561, 0.41183160164749744, 0.8010043153847102, 0.4096491675424654, 0.3436270114867077, 0.23836130570140843, 0.050008972121171516], ""kernels.1.base_kernel.kernels.1"": [0.6931481805599428, 0.6931481805599428, 0.6931481805599428]}","{""kernels.0"": 9.748842863848449e-06, ""kernels.0.base_kernel.kernels.1"": 0.005885988267262881, ""kernels.1"": 0.9710982475305912}",10,5,30,1,0,5
399,130.13884703779888,83.94123523693789,0.4998,global,-4.80797609206042,0.2682552944082779,0.0005158481168741813,0.32566467403087995,0.050008972121175256,0.3333308289873742,0.8010043299958944,"{""kernels.0.base_kernel.kernels.0"": [0.33333403949894275, 0.3333246147532641, 0.3333192581466526, 0.3332893454269911, 0.3333400572215597, 0.3333111882240814, 0.333343469678213, 0.33332434825654894, 0.33332303981814143, 0.3333183650514312, 0.333333723372071, 0.3333431767324611, 0.33332793460267734, 0.33336928739080746, 0.3333239984941187, 0.3333277497081365, 0.33332650847677453, 0.3333362055783557], ""kernels.0.base_kernel.kernels.1.base_kernel"": [0.6931481805599428, 0.6931481805599428, 0.6931481805599428], ""kernels.1.base_kernel.kernels.0"": [0.05005887748329717, 0.31355785979910195, 0.3998257422511252, 0.4758676370316821, 0.05030618981907645, 0.23054322618114473, 0.1499624957151496, 0.605555201691439, 0.22285029015293548, 0.2702939459725111, 0.1091111993282115, 0.6449009950736742, 0.4118316025367761, 0.8010043299958944, 0.4096491696462977, 0.343627012535143, 0.23836130998555344, 0.050008972121175256], ""kernels.1.base_kernel.kernels.1"": [0.6931481805599428, 0.6931481805599428, 0.6931481805599428]}","{""kernels.0"": 9.748842864139156e-06, ""kernels.0.base_kernel.kernels.1"": 0.005885988267257492, ""kernels.1"": 0.9710982849825183}",10,5,30,0,0,6
400,163.56321602456572,83.94123523693789,0.4982,global,-5.222520060061953,0.31418559070700375,0.0005162916353352844,0.3261299570295279,0.05000897230724251,0.33333083970924904,0.8016664577062427,"{""kernels.0.base_kernel.kernels.0"": [0.3333340405133371, 0.3333245648462525, 0.33331920141917915, 0.3332893840730448, 0.3333400516252263, 0.33331116010819867, 0.3333434522967255, 0.33332439327097696, 0.33332310536115545, 0.333318403350095, 0.33333373005336453, 0.3333431313322834, 0.3333279493651335, 0.3333692780875403, 0.33332400849781696, 0.3333277747865885, 0.333326539010283, 0.333336205159737], ""kernels.0.base_kernel.kernels.1.base_kernel"": [0.6931481805599428, 0.6931481805599428, 0.6931481805599428], ""kernels.1.base_kernel.kernels.0"": [0.05005886975246751, 0.31375665918228296, 0.40012502173716286, 0.47599043715619527, 0.05030599576953497, 0.23060569374123494, 0.14969912784710146, 0.6050533468673941, 0.2231928969405805, 0.2697139657884831, 0.10902076748540117, 0.6450906060459927, 0.4118837986077245, 0.8016664577062427, 0.40971964473188616, 0.3436873430735744, 0.23868653795131173, 0.05000897230724251], ""kernels.1.base_kernel.kernels.1"": [0.6931481805599428, 0.6931481805599428, 0.6931481805599428]}","{""kernels.0"": 9.748857253099574e-06, ""kernels.0.base_kernel.kernels.1"": 0.005885988001369717, ""kernels.1"": 0.9724941342299609}",10,5,30,1,0,7
401,189.85756558432564,83.94123523693789,0.4972,global,-5.084818146423123,0.2883051491488192,0.0005170696485722441,0.3253302591038471,0.05000897268335858,0.3333308590958425,0.8023846727633359,"{""kernels.0.base_kernel.kernels.0"": [0.3333340498737132, 0.33332446990185144, 0.3333190846629162, 0.33328943873638267, 0.3333400419141826, 0.3333111134400554, 0.33334342696160746, 0.3333244594892356, 0.3333232285117034, 0.3333184811806241, 0.33333374595867676, 0.33334303504862395, 0.33332797223300814, 0.3333692544362508, 0.33332400680557456, 0.3333278201775273, 0.33332660030531264, 0.33333620755255156], ""kernels.0.base_kernel.kernels.1.base_kernel"": [0.6931481805599428, 0.6931481805599428, 0.6931481805599428], ""kernels.1.base_kernel.kernels.0"": [0.05005885446510456, 0.3141533118765636, 0.40059654619360996, 0.47624566180470485, 0.050305608166943766, 0.23130500101698073, 0.14936638318978557, 0.6041794800191549, 0.22402561002321825, 0.26910709033169466, 0.10887120547811224, 0.6454380197589148, 0.4118173683623315, 0.8023846727633359, 0.41045474306303487, 0.343605636481829, 0.2394793999447715, 0.05000897268335858], ""kernels.1.base_kernel.kernels.1"": [0.6931481805599428, 0.6931481805599428, 0.6931481805599428]}","{""kernels.0"": 9.7488883039744e-06, ""kernels.0.base_kernel.kernels.1"": 0.005885987466352925, ""kernels.1"": 0.9700950409568845}",10,5,30,0,0,8
402,323.45583728731094,83.94123523693789,0.5006,global,-4.6723321145901044,0.2658613677253173,0.0005172728705871867,0.327139445577406,0.050008972781574804,0.33333087032741704,0.8024679606571938,"{""kernels.0.base_kernel.kernels.0"": [0.3333340534848142, 0.3333244381793593, 0.3333190476361173, 0.3332894503868234, 0.33334004393377437, 0.33331108622784006, 0.33334342767571223, 0.3333244861142163, 0.33332327049791144, 0.3333184962170617, 0.3333337524466344, 0.33334299171430554, 0.33332798820819964, 0.3333692429081619, 0.3333240066633679, 0.33332778382309525, 0.3333266212375082, 0.3333362063488705], ""kernels.0.base_kernel.kernels.1.base_kernel"": [0.6931481805599428, 0.6931481805599428, 0.6931481805599428], ""kernels.1.base_kernel.kernels.0"": [0.05005885005463748, 0.31349817639374083, 0.40050437972928904, 0.4761619094327317, 0.05030548730590645, 0.23063986771167666, 0.1491700926104477, 0.6038392622426315, 0.22434525886873138, 0.2686535507647775, 0.10875998941031731, 0.6452206138516695, 0.4118461650539813, 0.8024679606571938, 0.4106244869198214, 0.3425636670147955, 0.2398562461877301, 0.050008972781574804], ""kernels.1.base_kernel.kernels.1"": [0.6931481805599428, 0.6931481805599428, 0.6931481805599428]}","{""kernels.0"": 9.748899079603243e-06, ""kernels.0.base_kernel.kernels.1"": 0.005885987308571469, ""kernels.1"": 0.975522600524567}",10,5,30,0,0,9
403,89.83161920480319,83.94123523693789,0.4936,local,-3.9630856408917343,0.09984683901317142,0.000525786005339318,0.3310547743593028,0.05000897962701488,0.3333310231399003,0.7988020209374367,"{""kernels.0.base_kernel.kernels.0"": [0.3333340944308153, 0.3333249888868194, 0.33332137398680906, 0.33329085276568493, 0.3333396406016447, 0.3333127964662648, 0.33334188355810607, 0.3333275324837359, 0.33332581551995477, 0.33332123686635867, 0.33333436321080967, 0.33333267235225267, 0.33332937392754797, 0.3333683736830795, 0.33332479203811277, 0.33332773805448945, 0.3333252380962501, 0.33333614597089206], ""kernels.0.base_kernel.kernels.1.base_kernel"": [0.6931481805599428, 0.6931481805599428, 0.6931481805599428], ""kernels.1.base_kernel.kernels.0"": [0.050058564428012424, 0.32037064408482413, 0.4720310211857193, 0.4721697061804193, 0.05029895572291612, 0.23041788011616718, 0.1526263339161606, 0.6119140676141251, 0.2449962644431813, 0.23096679835160544, 0.11649226756397796, 0.4087823924185712, 0.40788791320733747, 0.7988020209374367, 0.3937794093160094, 0.3350281858773687, 0.23068448653161416, 0.05000897962701488], ""kernels.1.base_kernel.kernels.1"": [0.6931481805599428, 0.6931481805599428, 0.6931481805599428]}","{""kernels.0"": 9.749532023214506e-06, ""kernels.0.base_kernel.kernels.1"": 0.005885978327724591, ""kernels.1"": 0.9872685952181606}",10,5,30,1,0,10
404,120.15666969913127,83.94123523693789,0.498,global,-3.5359989436464314,0.2722327870982355,0.0005242555765218218,0.3310539454312898,0.05000897962709873,0.33333102313599094,0.7988027503458685,"{""kernels.0.base_kernel.kernels.0"": [0.33333409442975503, 0.3333249888879368, 0.3333213739939539, 0.3332908527783915, 0.33333964059717514, 0.3333127964781828, 0.3333418835536939, 0.3333275325287548, 0.3333258155310508, 0.3333212368985242, 0.33333436320970133, 0.3333326723377917, 0.33332937393419015, 0.3333683736860104, 0.33332479204202686, 0.33332773806275057, 0.3333252380942587, 0.33333614597034333], ""kernels.0.base_kernel.kernels.1.base_kernel"": [0.6931481805599428, 0.6931481805599428, 0.6931481805599428], ""kernels.1.base_kernel.kernels.0"": [0.05005856442442275, 0.3203707532942646, 0.4720311689164203, 0.47216973423867703, 0.0502989556551808, 0.2304179382161951, 0.15262655150024068, 0.6119149376186755, 0.2449963912961429, 0.23096687641830516, 0.11649229072829259, 0.4087826694836751, 0.4078879173415022, 0.7988027503458685, 0.3937791550951694, 0.335028522688899, 0.2306846133985905, 0.05000897962709873], ""kernels.1.base_kernel.kernels.1"": [0.6931481805599428, 0.6931481805599428, 0.6931481805599428]}","{""kernels.0"": 9.749532027978723e-06, ""kernels.0.base_kernel.kernels.1"": 0.005885978327616575, ""kernels.1"": 0.9872661084342248}",10,5,30,0,0,11
405,141.5610623227364,83.94123523693789,0.4984,local,-4.734095903943788,0.28590988697403114,0.0005255956336362154,0.3297373965512888,0.05000897975615165,0.3333310121064179,0.7998250960761316,"{""kernels.0.base_kernel.kernels.0"": [0.3333340927444244, 0.3333249879389016, 0.3333213838523438, 0.3332908745351984, 0.33333963771115965, 0.3333128158157551, 0.3333418785817729, 0.33332759928932454, 0.33332583183642506, 0.33332128522511334, 0.33333436135575495, 0.3333326390499605, 0.3333293851628753, 0.3333683490127595, 0.3333247966971336, 0.33332775002803, 0.33332523381693957, 0.3333361462235499], ""kernels.0.base_kernel.kernels.1.base_kernel"": [0.6931481805599428, 0.6931481805599428, 0.6931481805599428], ""kernels.1.base_kernel.kernels.0"": [0.05005855888780396, 0.32045882030597034, 0.4722018236571673, 0.472065844272337, 0.05029885367386872, 0.23057085791704504, 0.15291223895019762, 0.6131242707259814, 0.24521852322187818, 0.23115454090139576, 0.11652500361751351, 0.4085784041547367, 0.40778636573966465, 0.7998250960761316, 0.39332766992776763, 0.3354860053996263, 0.23077776518309837, 0.05000897975615165], ""kernels.1.base_kernel.kernels.1"": [0.6931481805599428, 0.6931481805599428, 0.6931481805599428]}","{""kernels.0"": 9.74954017318889e-06, ""kernels.0.base_kernel.kernels.1"": 0.005885978162834702, ""kernels.1"": 0.9833164619508585}",10,5,30,1,0,12
406,87.27196041004925,83.94123523693789,0.4976,global,-4.0039919724711135,0.09031754803612484,0.0005263952645614295,0.33079549046888923,0.05000897997423244,0.3333309893853169,0.8009635539199201,"{""kernels.0.base_kernel.kernels.0"": [0.3333340906097619, 0.33332498410484984, 0.3333213912334063, 0.33329087876920693, 0.3333396334778316, 0.3333128360405985, 0.3333418719966974, 0.33332770120968497, 0.3333258607084352, 0.33332136409698565, 0.3333343573036131, 0.33333257902634755, 0.33332939974428627, 0.33336829433709514, 0.3333247975295938, 0.3333277665988732, 0.3333252182235448, 0.33333614922673804], ""kernels.0.base_kernel.kernels.1.base_kernel"": [0.6931481805599428, 0.6931481805599428, 0.6931481805599428], ""kernels.1.base_kernel.kernels.0"": [0.050058549204484805, 0.3201116853363598, 0.47230793080480765, 0.4717829338518273, 0.05029866471872062, 0.2304837444384433, 0.15308933904310618, 0.6147814734839216, 0.24543129450699736, 0.23132456445707486, 0.1164772406700316, 0.40796788851167715, 0.4074426718157802, 0.8009635539199201, 0.39237662412981145, 0.3358043651353384, 0.2307498829465505, 0.05000897997423244], ""kernels.1.base_kernel.kernels.1"": [0.6931481805599428, 0.6931481805599428, 0.6931481805599428]}","{""kernels.0"": 9.749556685618817e-06, ""kernels.0.base_kernel.kernels.1"": 0.005885977878254165, ""kernels.1"": 0.9864907439717279}",10,5,30,0,0,13
407,111.99958238312699,83.94123523693789,0.5034,global,-4.202554884622473,0.23975638651404474,0.0005237724836011427,0.33079369083359494,0.05000897997437391,0.33333098937532146,0.8009643586383524,"{""kernels.0.base_kernel.kernels.0"": [0.3333340906085612, 0.33332498410871186, 0.33332139124067905, 0.3332908787800886, 0.33333963347509915, 0.3333128360583073, 0.33334187199268683, 0.33332770128326705, 0.3333258607281298, 0.3333213641463878, 0.3333343573016518, 0.33333257899400076, 0.3333293997566421, 0.333368294306491, 0.3333247975322012, 0.33332776661037034, 0.33332521821591976, 0.333336149228592], ""kernels.0.base_kernel.kernels.1.base_kernel"": [0.6931481805599428, 0.6931481805599428, 0.6931481805599428], ""kernels.1.base_kernel.kernels.0"": [0.050058549198607624, 0.3201120402245638, 0.4723080884998449, 0.4717830090264968, 0.05029866461881689, 0.2304840130719785, 0.1530896405550054, 0.6147830745994571, 0.2454315947178065, 0.23132480217010257, 0.11647729545152162, 0.4079677992711515, 0.4074426899483393, 0.8009643586383524, 0.39237613390979154, 0.3358047173599651, 0.23074997010369705, 0.05000897997437391], ""kernels.1.base_kernel.kernels.1"": [0.6931481805599428, 0.6931481805599428, 0.6931481805599428]}","{""kernels.0"": 9.749556694683999e-06, ""kernels.0.base_kernel.kernels.1"": 0.005885977878077854, ""kernels.1"": 0.9864853450660124}",10,5,30,0,0,14
408,903.4755186381566,83.94123523693789,0.5026,global,-5.333089081499213,0.39507951060470486,0.0005249570234899283,0.3291167493603111,0.05000898008522138,0.33333098115213267,0.801621648903281,"{""kernels.0.base_kernel.kernels.0"": [0.3333340896664924, 0.33332498757354523, 0.33332139744727535, 0.3332908879749206, 0.3333396311557842, 0.33331284927565774, 0.33334186872984634, 0.3333277613706505, 0.33332587557348115, 0.3333214030877299, 0.3333343557830486, 0.33333255344252055, 0.33332940886174484, 0.33336827317062917, 0.3333247992906113, 0.33332777583613976, 0.33332521234957674, 0.33333615036381], ""kernels.0.base_kernel.kernels.1.base_kernel"": [0.6931481805599428, 0.6931481805599428, 0.6931481805599428], ""kernels.1.base_kernel.kernels.0"": [0.05005854479857445, 0.3204473669739444, 0.4724358488530432, 0.47184761163519456, 0.05029858707024778, 0.23069745920648618, 0.15330238556944265, 0.6161679084217223, 0.24568200879420704, 0.23154065602484938, 0.11653367796989822, 0.407925045466163, 0.407428929357346, 0.801621648903281, 0.39198851463771245, 0.3360835738286268, 0.23081500646723785, 0.05000898008522138], ""kernels.1.base_kernel.kernels.1"": [0.6931481805599428, 0.6931481805599428, 0.6931481805599428]}","{""kernels.0"": 9.749563567740026e-06, ""kernels.0.base_kernel.kernels.1"": 0.005885977740824324, ""kernels.1"": 0.9814545207765413}",10,5,30,0,1,15
409,88.54586374422794,83.94123523693789,0.4992,global,-3.9992131116227414,0.08692859104571905,0.0005053942971828032,0.3294747702891973,0.050008989730663214,0.3333311750666481,0.7091375057189886,"{""kernels.0.base_kernel.kernels.0"": [0.33333442246506845, 0.333323875432089, 0.3333232579107405, 0.3332907100666887, 0.3333397270578298, 0.33331489763270483, 0.3333421771657701, 0.33333364667357884, 0.33332834759290597, 0.3333246613037161, 0.3333354674713489, 0.33333171655354765, 0.33333142080837475, 0.3333523137860074, 0.33332532815186017, 0.33333092932492153, 0.33332583901149576, 0.33333768609431724], ""kernels.0.base_kernel.kernels.1.base_kernel"": [0.6931481805599428, 0.6931481805599428, 0.6931481805599428], ""kernels.1.base_kernel.kernels.0"": [0.05005828748225459, 0.41794956994452764, 0.503865055867185, 0.45961803885429814, 0.05029139881002715, 0.23758495067419566, 0.1614529442831612, 0.6947573008869758, 0.24604404556515866, 0.24687178364919582, 0.10546185056166327, 0.44766317205754763, 0.28474483104943277, 0.7091375057189886, 0.27678353375476894, 0.3294654995668772, 0.20028181095624004, 0.050008989730663214], ""kernels.1.base_kernel.kernels.1"": [0.6931481805599428, 0.6931481805599428, 0.6931481805599428]}","{""kernels.0"": 9.751072109568029e-06, ""kernels.0.base_kernel.kernels.1"": 0.00588596534103277, ""kernels.1"": 0.9825285944544495}",10,5,30,0,1,16
410,158.61873477014197,83.94123523693789,0.5008,global,-4.455234487058453,0.304556809046165,0.0005025936941076713,0.3295936294973339,0.050008990117272674,0.3333312628316474,0.7121966407773506,"{""kernels.0.base_kernel.kernels.0"": [0.333334426161661, 0.3333235391563676, 0.33332322758538135, 0.33329065921165374, 0.33333973661301386, 0.3333149292295791, 0.33334216953440515, 0.3333337655969058, 0.33332833962001296, 0.33332461442114275, 0.3333354876675255, 0.3333315592838499, 0.33333154688689837, 0.3333524946816537, 0.33332540402438504, 0.33333097877639645, 0.33332592491875473, 0.33333768836778904], ""kernels.0.base_kernel.kernels.1.base_kernel"": [0.6931481805599428, 0.6931481805599428, 0.6931481805599428], ""kernels.1.base_kernel.kernels.0"": [0.05005828316485482, 0.4203461423936132, 0.5020022233400124, 0.46250346411788623, 0.05029082264098063, 0.23483701603050822, 0.16329199877644426, 0.691252934629337, 0.24690840799112607, 0.24695253502806486, 0.1058244942272408, 0.4449579878258804, 0.28854305032594807, 0.7121966407773506, 0.27215388469182866, 0.33286460826042114, 0.2019485418148771, 0.050008990117272674], ""kernels.1.base_kernel.kernels.1"": [0.6931481805599428, 0.6931481805599428, 0.6931481805599428]}","{""kernels.0"": 9.751136554460946e-06, ""kernels.0.base_kernel.kernels.1"": 0.005885964684179702, ""kernels.1"": 0.9828851726712675}",10,5,30,0,0,17
411,92.66412780956676,83.94123523693789,0.5004,global,-3.6004464436168035,0.09572719006121748,0.00044343271421189905,0.31787494708448644,0.050009015252225834,0.33333517942876684,0.7414615521429254,"{""kernels.0.base_kernel.kernels.0"": [0.3333349370751324, 0.3333060669429302, 0.333320727696763, 0.33328425661660965, 0.3333404956386921, 0.3333212086707269, 0.33334025482726154, 0.33333518618984187, 0.3333276895908086, 0.3333212400873489, 0.3333351726676918, 0.33332537252944616, 0.33333561390584454, 0.33336512788172107, 0.33333248579405844, 0.3333330124804942, 0.33332711048101854, 0.3333380508716527], ""kernels.0.base_kernel.kernels.1.base_kernel"": [0.6931481805599428, 0.6931481805599428, 0.6931481805599428], ""kernels.1.base_kernel.kernels.0"": [0.05005811704694646, 0.5533630301426252, 0.512689061197739, 0.5019107269484175, 0.05025718511614534, 0.17286065947610102, 0.15174782146777466, 0.6867362132129897, 0.4168722549652141, 0.3139750543613636, 0.15439759287841479, 0.41462307492136113, 0.3657483142020981, 0.7414615521429254, 0.08631428800518245, 0.38930134106340375, 0.21564550698280394, 0.050009015252225834], ""kernels.1.base_kernel.kernels.1"": [0.6931481805599428, 0.6931481805599428, 0.6931481805599428]}","{""kernels.0"": 9.755768904661174e-06, ""kernels.0.base_kernel.kernels.1"": 0.005885922088183305, ""kernels.1"": 0.9477291633963714}",10,5,30,0,0,18
412,116.4355574574869,83.94123523693789,0.498,global,-4.069714331045207,0.23467343282367145,0.00044497461552424046,0.3178749381923431,0.05000901525222674,0.33333517942879065,0.7414615499507419,"{""kernels.0.base_kernel.kernels.0"": [0.3333349370751768, 0.3333060669422685, 0.3333207276960719, 0.3332842566166397, 0.3333404956386429, 0.3333212086711571, 0.333340254827385, 0.3333351861901264, 0.3333276895905957, 0.3333212400865168, 0.33333517266745494, 0.33332537252905486, 0.3333356139054876, 0.3333651278819974, 0.3333324857945794, 0.3333330124803275, 0.33332711048089814, 0.3333380508716358], ""kernels.0.base_kernel.kernels.1.base_kernel"": [0.6931481805599428, 0.6931481805599428, 0.6931481805599428], ""kernels.1.base_kernel.kernels.0"": [0.050058117046973556, 0.5533630284673463, 0.5126890597235418, 0.5019107159563206, 0.050257185115465036, 0.1728606548235797, 0.15174781840672968, 0.6867362248260401, 0.4168722587558831, 0.3139750524845817, 0.15439759242005674, 0.4146230735318487, 0.36574830943687864, 0.7414615499507419, 0.08631428969605573, 0.38930134090814456, 0.21564550651297992, 0.05000901525222674], ""kernels.1.base_kernel.kernels.1"": [0.6931481805599428, 0.6931481805599428, 0.6931481805599428]}","{""kernels.0"": 9.755768904848092e-06, ""kernels.0.base_kernel.kernels.1"": 0.0058859220881818455, ""kernels.1"": 0.9477291367199425}",10,5,30,0,1,19
413,156.75149673445588,83.94123523693789,0.5004,global,-3.7796906370173504,0.2607259398396066,0.0004456892104891954,0.3140992679357231,0.050009015580320004,0.33333517849366656,0.7406339705446833,"{""kernels.0.base_kernel.kernels.0"": [0.33333495322046497, 0.33330580524103903, 0.333320470911576, 0.33328427054922316, 0.33334047575414105, 0.33332137937893436, 0.3333402943417827, 0.3333352812771497, 0.33332760011304235, 0.33332094786874994, 0.3333350757101835, 0.3333252375065219, 0.3333354911999858, 0.3333652281623507, 0.3333326774126034, 0.33333294526485785, 0.3333270664644027, 0.3333380434786899], ""kernels.0.base_kernel.kernels.1.base_kernel"": [0.6931481805599428, 0.6931481805599428, 0.6931481805599428], ""kernels.1.base_kernel.kernels.0"": [0.0500581269261194, 0.552939861951913, 0.5120951541630591, 0.4979202751974835, 0.05025693749696471, 0.17152213457017534, 0.15051497147365545, 0.6907726636407371, 0.41827676132590447, 0.31359127334202586, 0.1541764791488048, 0.41390356905008285, 0.36427966115632515, 0.7406339705446833, 0.08698384185992751, 0.3888772911500991, 0.21556085883315154, 0.050009015580320004], ""kernels.1.base_kernel.kernels.1"": [0.6931481805599428, 0.6931481805599428, 0.6931481805599428]}","{""kernels.0"": 9.755836598884446e-06, ""kernels.0.base_kernel.kernels.1"": 0.005885921554237254, ""kernels.1"": 0.9364021264163332}",10,5,30,0,0,20
414,161.03154566959188,83.94123523693789,0.5016,global,-4.72602818931275,0.32871858421438,0.00044692051974869933,0.31736757405905475,0.05000901565509491,0.3333351834810284,0.7397253579245817,"{""kernels.0.base_kernel.kernels.0"": [0.3333349562365735, 0.3333056776590424, 0.3333203993349013, 0.33328426130599487, 0.33334048158395224, 0.33332142219215954, 0.33334031023053606, 0.3333353191787638, 0.33332757405100866, 0.3333208648558927, 0.33333504778329304, 0.3333251884725439, 0.3333354263374537, 0.3333652041993774, 0.333332732804716, 0.3333329102913853, 0.3333270511040619, 0.3333380431916652], ""kernels.0.base_kernel.kernels.1.base_kernel"": [0.6931481805599428, 0.6931481805599428, 0.6931481805599428], ""kernels.1.base_kernel.kernels.0"": [0.05005812922850317, 0.5524646351163507, 0.5117725596782143, 0.49637611165613077, 0.0502568672967936, 0.17074600441073573, 0.1500330978016077, 0.6916831243705657, 0.4182881540585481, 0.31316743568929184, 0.15383292171586338, 0.41294181913085065, 0.3635299914520819, 0.7397253579245817, 0.08699019592936363, 0.38814505355278955, 0.21528220390498667, 0.05000901565509491], ""kernels.1.base_kernel.kernels.1"": [0.6931481805599428, 0.6931481805599428, 0.6931481805599428]}","{""kernels.0"": 9.755858404901614e-06, ""kernels.0.base_kernel.kernels.1"": 0.005885921414840681, ""kernels.1"": 0.9462070449039186}",10,5,30,0,0,21
415,122.61032922407598,83.94123523693789,0.4984,local,-4.036004933409911,0.28942188429289634,0.00044837974156189506,0.3136201650392272,0.05000901622186458,0.3333349772360622,0.7358496699571976,"{""kernels.0.base_kernel.kernels.0"": [0.33333498885816826, 0.33330490316151906, 0.3333199363145802, 0.3332843311754563, 0.3333405097227482, 0.3333217763765759, 0.33334043469048447, 0.33333561632969055, 0.3333273962590611, 0.333320330875281, 0.33333486225741865, 0.33332491699449196, 0.33333496561395615, 0.333365081275147, 0.3333331298274733, 0.3333327037404478, 0.3333269708658261, 0.33333803453430977], ""kernels.0.base_kernel.kernels.1.base_kernel"": [0.6931481805599428, 0.6931481805599428, 0.6931481805599428], ""kernels.1.base_kernel.kernels.0"": [0.05005814729390193, 0.552661101893164, 0.5104972113198154, 0.48947020068343716, 0.05025642602245917, 0.1692102402661268, 0.14869742465243263, 0.7004266226778385, 0.42107775854467994, 0.312343096359587, 0.15273826145577138, 0.40954226569918417, 0.3601129968311258, 0.7358496699571976, 0.0874572017464898, 0.38504812475255396, 0.21459123910856825, 0.05000901622186458], ""kernels.1.base_kernel.kernels.1"": [0.6931481805599428, 0.6931481805599428, 0.6931481805599428]}","{""kernels.0"": 9.755997041463948e-06, ""kernels.0.base_kernel.kernels.1"": 0.005885920436587618, ""kernels.1"": 0.9349648186840525}",10,5,30,1,0,22
416,135.4971514314838,83.94123523693789,0.5,local,-3.5744823578071845,0.19723782230056666,0.0004491253675581601,0.3154527661393086,0.050009016310989245,0.33333494483185455,0.735166417729164,"{""kernels.0.base_kernel.kernels.0"": [0.33333499311362347, 0.33330478020185295, 0.33331986202819197, 0.3332843391336628, 0.33334051509657137, 0.3333218269578411, 0.33334045718487143, 0.3333356613705527, 0.3333273671524276, 0.3333202494397557, 0.33333483485090615, 0.3333248733719482, 0.3333348965500856, 0.33336504992626437, 0.3333331884582255, 0.33333267028031777, 0.33332695673816215, 0.33333803567654385], ""kernels.0.base_kernel.kernels.1.base_kernel"": [0.6931481805599428, 0.6931481805599428, 0.6931481805599428], ""kernels.1.base_kernel.kernels.0"": [0.05005815003562893, 0.552358339063925, 0.5102318920549416, 0.48835185580179036, 0.05025635353191679, 0.1689891683293086, 0.14844372875351614, 0.7013855609236718, 0.4214449295684593, 0.3121396071089784, 0.1525090221324433, 0.40880606666577646, 0.35956198472372686, 0.735166417729164, 0.08749595055160843, 0.3844465946046704, 0.21439812390134813, 0.050009016310989245], ""kernels.1.base_kernel.kernels.1"": [0.6931481805599428, 0.6931481805599428, 0.6931481805599428]}","{""kernels.0"": 9.756021376880102e-06, ""kernels.0.base_kernel.kernels.1"": 0.0058859202773706995, ""kernels.1"": 0.9404626221191783}",10,5,30,1,0,23
417,171.049221853858,83.94123523693789,0.4964,local,-4.489065900367072,0.2985851131867891,0.00045148016482263496,0.3154528131625169,0.05000901631099232,0.3333349448306513,0.7351663561960672,"{""kernels.0.base_kernel.kernels.0"": [0.33333499311377646, 0.3333047801943175, 0.3333198620257525, 0.3332843391355142, 0.33334051509693446, 0.3333218269606272, 0.3333404571860456, 0.3333356613700155, 0.3333273671491487, 0.33332024943562283, 0.3333348348499158, 0.3333248733691899, 0.33333489654752607, 0.33336504992270416, 0.33333318846061716, 0.3333326702785704, 0.3333269567376752, 0.33333803567663395], ""kernels.0.base_kernel.kernels.1.base_kernel"": [0.6931481805599428, 0.6931481805599428, 0.6931481805599428], ""kernels.1.base_kernel.kernels.0"": [0.05005815003571602, 0.5523582718785305, 0.5102318832955302, 0.48835184050519403, 0.05025635352964016, 0.16898916508640438, 0.14844372139566642, 0.7013855567517355, 0.42144489867775714, 0.3121395711465583, 0.15250900571013032, 0.4088060296725733, 0.359561952543198, 0.7351663561960672, 0.08749595416429685, 0.3844465546754051, 0.21439811725510938, 0.05000901631099232], ""kernels.1.base_kernel.kernels.1"": [0.6931481805599428, 0.6931481805599428, 0.6931481805599428]}","{""kernels.0"": 9.756021377902576e-06, ""kernels.0.base_kernel.kernels.1"": 0.0058859202773652525, ""kernels.1"": 0.9404627631888075}",10,5,30,1,0,24
418,85.64240710187327,83.94123523693789,0.4994,global,-3.9596203635640546,0.16809295216025052,0.00045268108620553145,0.31835766894113593,0.05000901643627415,0.333334896864759,0.7324019292982983,"{""kernels.0.base_kernel.kernels.0"": [0.3333350004814373, 0.3333044394673864, 0.3333197580963297, 0.3332843834141858, 0.3333405312369395, 0.3333219438846145, 0.33334051318328406, 0.3333356287505111, 0.33332719533131744, 0.333320066657374, 0.33333479324808063, 0.3333248015483552, 0.3333347599188551, 0.33336488270920844, 0.33333329513991466, 0.3333325865280812, 0.3333269373090422, 0.33333804527198296], ""kernels.0.base_kernel.kernels.1.base_kernel"": [0.6931481805599428, 0.6931481805599428, 0.6931481805599428], ""kernels.1.base_kernel.kernels.0"": [0.05005815345045769, 0.5492032363070756, 0.5097206193072427, 0.4873191052072794, 0.050256259788218294, 0.16891386590450647, 0.1480954120043158, 0.7011200202813624, 0.4197530859095791, 0.3103546811991481, 0.15172054720576766, 0.40736655168835134, 0.35759041767993344, 0.7324019292982983, 0.08764930017134256, 0.38242760802545495, 0.21387714801482785, 0.05000901643627415], ""kernels.1.base_kernel.kernels.1"": [0.6931481805599428, 0.6931481805599428, 0.6931481805599428]}","{""kernels.0"": 9.756067301600241e-06, ""kernels.0.base_kernel.kernels.1"": 0.005885920049988022, ""kernels.1"": 0.9491773307061182}",10,5,30,0,0,25
419,198.1884593214109,83.94123523693789,0.4992,global,-4.963479494657905,0.3965221461207077,0.00045223593127584756,0.3149633774456826,0.05000901656103338,0.3333348840010545,0.7311736231407714,"{""kernels.0.base_kernel.kernels.0"": [0.33333500651256165, 0.3333041645523429, 0.33331968486126645, 0.333284440716901, 0.3333405433676063, 0.33332204734631743, 0.33334056871631573, 0.33333560594545436, 0.3333270634508406, 0.33331991961447976, 0.3333347614895474, 0.3333247608774075, 0.33333465382879435, 0.33336476299957807, 0.33333338430654774, 0.33333252462961527, 0.33332692728335306, 0.3333380530390359], ""kernels.0.base_kernel.kernels.1.base_kernel"": [0.6931481805599428, 0.6931481805599428, 0.6931481805599428], ""kernels.1.base_kernel.kernels.0"": [0.050058156897015094, 0.5474605868472824, 0.5095892070626419, 0.48714231380372597, 0.05025619614603949, 0.16928358564008877, 0.14851408833629845, 0.701633313416509, 0.41904240422348427, 0.30926095325843395, 0.15142293344757535, 0.4069393414722413, 0.3564623481094618, 0.7311736231407714, 0.08780268306429737, 0.381398280981296, 0.21372211636265379, 0.05000901656103338], ""kernels.1.base_kernel.kernels.1"": [0.6931481805599428, 0.6931481805599428, 0.6931481805599428]}","{""kernels.0"": 9.7561035709855e-06, ""kernels.0.base_kernel.kernels.1"": 0.005885919852586713, ""kernels.1"": 0.9389944563808901}",10,5,30,0,0,26
420,194.5078682821541,83.94123523693789,0.5024,global,-5.187895482557558,0.379199528907166,0.00045708480114035443,0.30955375316338496,0.05000901918020872,0.3333346044926859,0.7053984407555528,"{""kernels.0.base_kernel.kernels.0"": [0.3333351200296921, 0.33329845401366354, 0.3333180992859543, 0.3332854519310592, 0.33334079026670144, 0.3333240311132533, 0.3333416522994188, 0.333335120781779, 0.33332427457159375, 0.33331698616638133, 0.3333340889556797, 0.3333239926192481, 0.3333324252272525, 0.33336198631459213, 0.3333352015084463, 0.33333111027585477, 0.3333266845477418, 0.33333822434152177], ""kernels.0.base_kernel.kernels.1.base_kernel"": [0.6931481805599428, 0.6931481805599428, 0.6931481805599428], ""kernels.1.base_kernel.kernels.0"": [0.05005822572187692, 0.5055741243706424, 0.5045266705704412, 0.47700461951357903, 0.05025464391451032, 0.1703296675435721, 0.1500369503494943, 0.7045153174279715, 0.4014547891384989, 0.2842831565317661, 0.14348512491351167, 0.39383091155804856, 0.33242139486883227, 0.7053984407555528, 0.0898845980916845, 0.36033698556640636, 0.20804193429342305, 0.05000901918020872], ""kernels.1.base_kernel.kernels.1"": [0.6931481805599428, 0.6931481805599428, 0.6931481805599428]}","{""kernels.0"": 9.756920480885408e-06, ""kernels.0.base_kernel.kernels.1"": 0.005885915468580928, ""kernels.1"": 0.922765587101093}",10,5,30,0,0,27
421,197.3083212311421,83.94123523693789,0.5012,global,-4.678003479346193,0.26874484680916694,0.000457511843901741,0.3095323976949236,0.0500090193051348,0.333334597549489,0.7064802179835803,"{""kernels.0.base_kernel.kernels.0"": [0.3333351172403071, 0.3332983667929957, 0.33331806987691126, 0.33328552677833156, 0.33334078729539235, 0.3333240775925959, 0.33334167058349023, 0.33333514534052416, 0.33332421296306936, 0.33331694966285563, 0.3333340778586709, 0.3333240152065597, 0.33333236255666737, 0.33336189240473374, 0.3333352432292251, 0.3333310883241622, 0.3333266810610166, 0.33333822603991686], ""kernels.0.base_kernel.kernels.1.base_kernel"": [0.6931481805599428, 0.6931481805599428, 0.6931481805599428], ""kernels.1.base_kernel.kernels.0"": [0.050058228872497196, 0.5050709967073687, 0.5045924944329221, 0.47766132485458346, 0.05025456769876778, 0.17057128090301021, 0.14983592641098806, 0.7046115109836962, 0.4012925037377243, 0.28400931713637034, 0.14355960334702564, 0.39423861934505544, 0.33241703923078986, 0.7064802179835803, 0.09002525732504274, 0.3605241531433303, 0.2080013175296709, 0.0500090193051348], ""kernels.1.base_kernel.kernels.1"": [0.6931481805599428, 0.6931481805599428, 0.6931481805599428]}","{""kernels.0"": 9.756951437808378e-06, ""kernels.0.base_kernel.kernels.1"": 0.005885915258079567, ""kernels.1"": 0.9227015208752534}",10,5,30,0,0,28
422,121.7001679721478,83.94123523693789,0.502,global,-4.233045691567162,0.2564953851765972,0.0004629223196326411,0.3158007643981791,0.050009022762559266,0.33333535692338534,0.7142445651424226,"{""kernels.0.base_kernel.kernels.0"": [0.33333510296229785, 0.3332978007491454, 0.3333174786623205, 0.33328716757108057, 0.33334068489508273, 0.33332535630240595, 0.3333424629909887, 0.33333561088447283, 0.3333234180836316, 0.3333162430963441, 0.3333329296574685, 0.333324597199876, 0.33333105498405297, 0.333358803708153, 0.3333363443900173, 0.3333304219966554, 0.333326709691485, 0.3333383269609992], ""kernels.0.base_kernel.kernels.1.base_kernel"": [0.6931481805599428, 0.6931481805599428, 0.6931481805599428], ""kernels.1.base_kernel.kernels.0"": [0.0500583157868491, 0.45313709947063924, 0.5069500583738925, 0.4920206769074557, 0.050252172481438664, 0.18643305322588577, 0.15138168269809676, 0.7127935361720306, 0.40831481460875424, 0.28873465288984734, 0.12786326986167762, 0.41487410371722516, 0.3388543547812806, 0.7142445651424226, 0.09537804564857891, 0.35926278957212826, 0.21022364917817163, 0.050009022762559266], ""kernels.1.base_kernel.kernels.1"": [0.6931481805599428, 0.6931481805599428, 0.6931481805599428]}","{""kernels.0"": 9.757802444636246e-06, ""kernels.0.base_kernel.kernels.1"": 0.00588590966665018, ""kernels.1"": 0.9415066257254425}",10,5,30,0,0,29
423,87.73866381680122,83.94123523693789,0.5006,local,-3.7803910312918587,0.14655425147820197,0.00046400822516785574,0.31303440573431346,0.050009023214058736,0.33333534146327415,0.7145128890934255,"{""kernels.0.base_kernel.kernels.0"": [0.33333510581245057, 0.33329804625934645, 0.3333174768789095, 0.3332871183677802, 0.33334069867418037, 0.33332531450341807, 0.3333424949660456, 0.33333557711409767, 0.3333233370852209, 0.3333161579716616, 0.3333329341800518, 0.33332462189711487, 0.3333310024985012, 0.3333586070170063, 0.33333640756537575, 0.33333036038223157, 0.33332670003889303, 0.33333833965024035], ""kernels.0.base_kernel.kernels.1.base_kernel"": [0.6931481805599428, 0.6931481805599428, 0.6931481805599428], ""kernels.1.base_kernel.kernels.0"": [0.05005832619577299, 0.4505950028775225, 0.5068679012799595, 0.48957598142058684, 0.05025187093706172, 0.181381918677828, 0.15123447732269218, 0.7107689434143907, 0.40816482283468736, 0.2882395936444113, 0.1275000897900212, 0.4151302427331692, 0.33977098416066975, 0.7145128890934255, 0.09665018549368366, 0.35976452175493345, 0.2106303986745222, 0.050009023214058736], ""kernels.1.base_kernel.kernels.1"": [0.6931481805599428, 0.6931481805599428, 0.6931481805599428]}","{""kernels.0"": 9.757909890176189e-06, ""kernels.0.base_kernel.kernels.1"": 0.005885908974694486, ""kernels.1"": 0.9332075503183557}",10,5,30,1,0,30
424,285.8132145769573,83.94123523693789,0.498,global,-5.236202464587109,0.3838522546106017,0.0004633913197750038,0.3134595578958914,0.050009023333316284,0.33333534275677085,0.7141776861734174,"{""kernels.0.base_kernel.kernels.0"": [0.33333510511531883, 0.3332980990495426, 0.33331746805943824, 0.33328710629284536, 0.33334070184274417, 0.3333253230008456, 0.3333425039391199, 0.33333558039822286, 0.3333233163308357, 0.3333161329183566, 0.3333329313145078, 0.33332462333811697, 0.33333097844023635, 0.3333585493352727, 0.33333641937120634, 0.33333034211641266, 0.3333266949316409, 0.33333833976120325], ""kernels.0.base_kernel.kernels.1.base_kernel"": [0.6931481805599428, 0.6931481805599428, 0.6931481805599428], ""kernels.1.base_kernel.kernels.0"": [0.05005832866914559, 0.4497755558665209, 0.5066312562135943, 0.4890409960291787, 0.05025179105376948, 0.18092831546173593, 0.15110889844872266, 0.7108807482711783, 0.4083091271321115, 0.2880390867342365, 0.12743281403940454, 0.4150185305292801, 0.339712445968781, 0.7141776861734174, 0.09687751108792825, 0.3596223769330181, 0.21070281644399205, 0.050009023333316284], ""kernels.1.base_kernel.kernels.1"": [0.6931481805599428, 0.6931481805599428, 0.6931481805599428]}","{""kernels.0"": 9.75793846843007e-06, ""kernels.0.base_kernel.kernels.1"": 0.005885908790528611, ""kernels.1"": 0.9344830069586773}",10,5,30,1,1,31
425,138.31188465912388,83.94123523693789,0.4998,global,-4.686852021844043,0.29872031405303745,0.00046888826702132187,0.3133699385382114,0.050009025101280455,0.3333352284607835,0.7107935018663957,"{""kernels.0.base_kernel.kernels.0"": [0.3333350887476497, 0.3332987349013507, 0.3333172787821349, 0.33328658054988963, 0.3333407238252384, 0.3333255986178465, 0.33334269007833944, 0.3333353681739173, 0.3333229984838062, 0.33331570552561407, 0.33333291678921023, 0.3333244608251808, 0.3333308099946062, 0.3333578578997207, 0.3333366558324008, 0.33333008234511846, 0.3333266097945195, 0.333338491124009], ""kernels.0.base_kernel.kernels.1.base_kernel"": [0.6931481805599428, 0.6931481805599428, 0.6931481805599428], ""kernels.1.base_kernel.kernels.0"": [0.050058364095808695, 0.4388919734720177, 0.4994338550822258, 0.48097873421774273, 0.050250707573484474, 0.18029209041852576, 0.15172491648598552, 0.7107935018663957, 0.4122943417045981, 0.2861982419746257, 0.12744615774042597, 0.41503050209505943, 0.34457741589277147, 0.6439693729834437, 0.10086891841688383, 0.3526513364814426, 0.2147667258765569, 0.050009025101280455], ""kernels.1.base_kernel.kernels.1"": [0.6931481805599428, 0.6931481805599428, 0.6931481805599428]}","{""kernels.0"": 9.758399888651505e-06, ""kernels.0.base_kernel.kernels.1"": 0.00588590611927426, ""kernels.1"": 0.9342141510954712}",10,5,30,0,0,32
426,107.1810706924425,83.94123523693789,0.499,global,-4.5446321426628735,0.22397314270905452,0.0004882408121115409,0.31600236622133066,0.05000904358360184,0.33333334283402716,0.7164351508902916,"{""kernels.0.base_kernel.kernels.0"": [0.33333465258309075, 0.33330937680120787, 0.3333179931150707, 0.3332873322199884, 0.3333402882241151, 0.3333270534535934, 0.3333430650238078, 0.33333390798225515, 0.33332179785816396, 0.3333150071255044, 0.33333277768579916, 0.33332528152091495, 0.33332895959448783, 0.33335503612932327, 0.33333641605248654, 0.3333297492569144, 0.33332531848195335, 0.33333924404085813], ""kernels.0.base_kernel.kernels.1.base_kernel"": [0.6931481805599428, 0.6931481805599428, 0.6931481805599428], ""kernels.1.base_kernel.kernels.0"": [0.05005861329400137, 0.289040766026757, 0.46941951185481484, 0.46128381509992933, 0.05024078074364717, 0.19143474978929978, 0.1491169974725164, 0.7164351508902916, 0.47410116494873106, 0.2797731883365989, 0.12986702493130103, 0.40879435308588213, 0.36132771140854114, 0.6442038718273381, 0.14085774618791191, 0.34731226582731434, 0.23859350320590864, 0.05000904358360184], ""kernels.1.base_kernel.kernels.1"": [0.6931481805599428, 0.6931481805599428, 0.6931481805599428]}","{""kernels.0"": 9.762442352441343e-06, ""kernels.0.base_kernel.kernels.1"": 0.005885879709679296, ""kernels.1"": 0.9421114565119602}",10,5,30,1,0,33
427,181.4710662994447,83.94123523693789,0.5024,global,-5.337000379211294,0.3953018663264055,0.0004883174453971872,0.31600236373913465,0.05000904358360294,0.3333333428339309,0.7164351493264648,"{""kernels.0.base_kernel.kernels.0"": [0.33333465258306777, 0.3333093768026589, 0.3333179931150702, 0.33328733222027684, 0.33334028822411615, 0.3333270534533283, 0.33334306502378763, 0.33333390798206913, 0.33332179785844723, 0.3333150071257545, 0.3333327776857927, 0.3333252815211936, 0.33332895959458403, 0.33335503612912837, 0.33333641605214476, 0.3333297492569075, 0.3333253184818357, 0.333339244040817], ""kernels.0.base_kernel.kernels.1.base_kernel"": [0.6931481805599428, 0.6931481805599428, 0.6931481805599428], ""kernels.1.base_kernel.kernels.0"": [0.050058613293996516, 0.28904076690614633, 0.46941951251776004, 0.4612838158778897, 0.05024078074344206, 0.1914347482620505, 0.14911699931278516, 0.7164351493264648, 0.4741011733097605, 0.27977318800439455, 0.12986702547055068, 0.4087943548181111, 0.361327711767452, 0.6442038749238502, 0.14085774622248332, 0.34731226678953575, 0.23859350204573407, 0.05000904358360294], ""kernels.1.base_kernel.kernels.1"": [0.6931481805599428, 0.6931481805599428, 0.6931481805599428]}","{""kernels.0"": 9.762442352585433e-06, ""kernels.0.base_kernel.kernels.1"": 0.00588587970967815, ""kernels.1"": 0.9421114490653733}",10,5,30,0,1,34
428,130.25574294886803,83.94123523693789,0.503,global,-4.505204086603863,0.24993011112682256,0.000488909010439919,0.31506829767429917,0.05000904392437227,0.33333331150597467,0.7158410345741184,"{""kernels.0.base_kernel.kernels.0"": [0.3333346458553545, 0.3333098238168033, 0.3333179911008815, 0.33328741829297465, 0.3333402890023159, 0.3333269703428509, 0.3333430588450812, 0.33333384743145467, 0.3333218836673741, 0.33331508286466516, 0.33333277558049473, 0.3333253659122317, 0.3333289888391169, 0.33335497195921565, 0.3333363112452007, 0.3333297463732132, 0.3333252819606981, 0.33333923186692094], ""kernels.0.base_kernel.kernels.1.base_kernel"": [0.6931481805599428, 0.6931481805599428, 0.6931481805599428], ""kernels.1.base_kernel.kernels.0"": [0.050058611841348744, 0.2893058782759648, 0.4695581669600666, 0.46139042441183226, 0.05024071648704415, 0.19081479439528024, 0.1496261034094975, 0.7158410345741184, 0.4766104283223802, 0.2796044121898157, 0.13005712494107124, 0.4092159625251038, 0.36135711903396267, 0.6449749401395481, 0.1408640078088676, 0.34753427917983537, 0.23821377954287987, 0.05000904392437227], ""kernels.1.base_kernel.kernels.1"": [0.6931481805599428, 0.6931481805599428, 0.6931481805599428]}","{""kernels.0"": 9.762486959515746e-06, ""kernels.0.base_kernel.kernels.1"": 0.005885879355739102, ""kernels.1"": 0.9393092511801989}",10,5,30,0,0,35
429,85.2150101108179,83.94123523693789,0.5008,global,-3.3842817218257273,0.08862566160820091,0.0004894564175642345,0.3161908161505917,0.05000904411835953,0.33333329418274515,0.7154924279139601,"{""kernels.0.base_kernel.kernels.0"": [0.3333346423566335, 0.33331007021935466, 0.3333179897438146, 0.3332874493341288, 0.33334029223980544, 0.33332692705493144, 0.33334305628611494, 0.3333338139598565, 0.3333219236922164, 0.3333151217921702, 0.33333277440563386, 0.33332540627697343, 0.3333290039043214, 0.33335492135586914, 0.33333625166287656, 0.3333297368959958, 0.33332525958585085, 0.3333392265925631], ""kernels.0.base_kernel.kernels.1.base_kernel"": [0.6931481805599428, 0.6931481805599428, 0.6931481805599428], ""kernels.1.base_kernel.kernels.0"": [0.0500586109343196, 0.2894549055425044, 0.4696075103591321, 0.4610201187375054, 0.05024067903935307, 0.19037100833395357, 0.14968182597119356, 0.7154924279139601, 0.4779040317857649, 0.2794300312180336, 0.13010306223696433, 0.409039920449916, 0.36110633501048545, 0.6449260448045333, 0.140816677675079, 0.3474111420672903, 0.23792167101960496, 0.05000904411835953], ""kernels.1.base_kernel.kernels.1"": [0.6931481805599428, 0.6931481805599428, 0.6931481805599428]}","{""kernels.0"": 9.762514368966019e-06, ""kernels.0.base_kernel.kernels.1"": 0.005885879152673564, ""kernels.1"": 0.9426768067847326}",10,5,30,0,0,36
430,89.45114540257474,83.94123523693789,0.4986,global,-3.6805584090024674,0.1120797977890828,0.00048744473180318003,0.31618925203158865,0.05000904411851711,0.33333329417329893,0.7154924239193281,"{""kernels.0.base_kernel.kernels.0"": [0.3333346423537173, 0.3333100704167394, 0.33331798974668053, 0.33328744937037186, 0.33334029224134154, 0.3333269270255765, 0.333343056282986, 0.33333381394105666, 0.33332192372797176, 0.33331512182665557, 0.33333277440554127, 0.33332540631377106, 0.3333290039190601, 0.33335492132147787, 0.3333362516166752, 0.33332973689159945, 0.33332525957087655, 0.3333392265872585], ""kernels.0.base_kernel.kernels.1.base_kernel"": [0.6931481805599428, 0.6931481805599428, 0.6931481805599428], ""kernels.1.base_kernel.kernels.0"": [0.05005861093370853, 0.28945559465427756, 0.4696076338310292, 0.46102015548981434, 0.05024067901676894, 0.19037100569751889, 0.14968208134608085, 0.7154924239193281, 0.47790519235864926, 0.27943005604983934, 0.1301032510192589, 0.409040104877251, 0.36110640153501805, 0.644926307763788, 0.14081672060181355, 0.3474112289009662, 0.23792155239148635, 0.05000904411851711], ""kernels.1.base_kernel.kernels.1"": [0.6931481805599428, 0.6931481805599428, 0.6931481805599428]}","{""kernels.0"": 9.762514388955051e-06, ""kernels.0.base_kernel.kernels.1"": 0.005885879152513607, ""kernels.1"": 0.9426721144278634}",10,5,30,0,0,37
431,116.83948333539783,83.94123523693789,0.4998,local,-3.7670012345522066,0.10306712945524878,0.00048721476905314867,0.31547399725596237,0.05000904587655973,0.33333316165801974,0.7162475714180706,"{""kernels.0.base_kernel.kernels.0"": [0.33333461189236546, 0.3333122315481649, 0.3333179665252965, 0.33328772460941336, 0.3333403250758982, 0.33332657421932044, 0.3333430352531307, 0.33333355605858594, 0.3333222852645625, 0.3333154688349323, 0.3333327672574536, 0.3333258010952191, 0.3333291558147334, 0.33335451255879706, 0.33333572975104764, 0.3333296571315512, 0.3333250692504286, 0.3333391798896295], ""kernels.0.base_kernel.kernels.1.base_kernel"": [0.6931481805599428, 0.6931481805599428, 0.6931481805599428], ""kernels.1.base_kernel.kernels.0"": [0.05005860285111641, 0.29463816873719917, 0.46983719672530033, 0.4588810610826622, 0.05024041317704484, 0.1887916487299507, 0.1508864079514071, 0.7162475714180706, 0.49391731472511025, 0.27835994484348525, 0.1314958335164819, 0.412069319976676, 0.3606955431923588, 0.6454374474352945, 0.14065485481883766, 0.34673412146544935, 0.23591559787800462, 0.05000904587655973], ""kernels.1.base_kernel.kernels.1"": [0.6931481805599428, 0.6931481805599428, 0.6931481805599428]}","{""kernels.0"": 9.76275390439164e-06, ""kernels.0.base_kernel.kernels.1"": 0.00588587734259176, ""kernels.1"": 0.940526351671391}",10,5,30,3,0,38
432,143.97602007749308,83.94123523693789,0.4978,global,-2.3180870107005633,0.07967953190342697,0.0004960760383452865,0.3154740534713764,0.050009045876561214,0.33333316165657195,0.7162474865537646,"{""kernels.0.base_kernel.kernels.0"": [0.3333346118923357, 0.33331223154999384, 0.33331796652514395, 0.3332877246099683, 0.33334032507609285, 0.3333265742193065, 0.3333430352534882, 0.33333355605576453, 0.33332228525994334, 0.33331546883541713, 0.33333276725737937, 0.33332580109532645, 0.33332915581494543, 0.3333545125586942, 0.3333357297504301, 0.3333296571313521, 0.3333250692502622, 0.33333917988964495], ""kernels.0.base_kernel.kernels.1.base_kernel"": [0.6931481805599428, 0.6931481805599428, 0.6931481805599428], ""kernels.1.base_kernel.kernels.0"": [0.05005860285110656, 0.2946381755729828, 0.4698371947032796, 0.4588810632086498, 0.05024041317668745, 0.18879165205122583, 0.15088641000351782, 0.7162474865537646, 0.49391719425997715, 0.27835994814790105, 0.13149583217501737, 0.4120692964119324, 0.360695539510991, 0.6454374435095213, 0.14065485159780958, 0.3467341167974089, 0.2359155949623047, 0.050009045876561214], ""kernels.1.base_kernel.kernels.1"": [0.6931481805599428, 0.6931481805599428, 0.6931481805599428]}","{""kernels.0"": 9.762753904769126e-06, ""kernels.0.base_kernel.kernels.1"": 0.005885877342589931, ""kernels.1"": 0.9405265203176345}",10,5,30,1,0,39
433,90.78991154441474,83.94123523693789,0.4992,global,-2.4835945978973153,0.10280487335516182,0.0004909161200540067,0.3361936418067857,0.05000906680340406,0.3333327017005696,0.7371135581777257,"{""kernels.0.base_kernel.kernels.0"": [0.3333351679173227, 0.3333120746854124, 0.33332574223093014, 0.33328476023399123, 0.3333401678203303, 0.3333087232339936, 0.33334214491066033, 0.3333312318608969, 0.3333347283858198, 0.33332087076225353, 0.33333417154024225, 0.33333422136563823, 0.3333310039366908, 0.33334767456447023, 0.3333310170395457, 0.3333306848975868, 0.3333261190759229, 0.3333381781318244], ""kernels.0.base_kernel.kernels.1.base_kernel"": [0.6931481805599428, 0.6931481805599428, 0.6931481805599428], ""kernels.1.base_kernel.kernels.0"": [0.05005865282140989, 0.7371135581777257, 0.5649988296179209, 0.4316088936054201, 0.05023111096178817, 0.4089863967265076, 0.17456806643314432, 0.5371542991872158, 0.12373123605196791, 0.2610071117335597, 0.11157662864035119, 0.2576252579065119, 0.3079303635802422, 0.6370839083849633, 0.39438267041041136, 0.3124124956910256, 0.21101790583971042, 0.05000906680340406], ""kernels.1.base_kernel.kernels.1"": [0.6931481805599428, 0.6931481805599428, 0.6931481805599428]}","{""kernels.0"": 9.7661033590011e-06, ""kernels.0.base_kernel.kernels.1"": 0.0058858593602128095, ""kernels.1"": 1.0026852999567852}",10,5,30,0,0,40
434,84.20404169101116,83.94123523693789,0.5028,global,-3.280788564046725,0.07357751850519775,0.0004929104240618662,0.33619364669100776,0.05000906680340573,0.3333327017000984,0.7371135138422716,"{""kernels.0.base_kernel.kernels.0"": [0.3333351679173928, 0.3333120746834256, 0.3333257422312337, 0.3332847602337488, 0.3333401678207191, 0.33330872323209043, 0.3333421449109039, 0.3333312318596645, 0.3333347283864561, 0.3333208707622961, 0.33333417154053224, 0.33333422136516866, 0.333331003936479, 0.3333476745646129, 0.33333101703890783, 0.33333068489752443, 0.33332611907594045, 0.3333381781319786], ""kernels.0.base_kernel.kernels.1.base_kernel"": [0.6931481805599428, 0.6931481805599428, 0.6931481805599428], ""kernels.1.base_kernel.kernels.0"": [0.05005865282142148, 0.7371135138422716, 0.5649988282444331, 0.4316089081420853, 0.05023111096020198, 0.4089864258926686, 0.17456806557144772, 0.5371542646419705, 0.12373123653828277, 0.26100711314381264, 0.11157662162440185, 0.2576252244202185, 0.3079303631849259, 0.6370839267131397, 0.3943826823051654, 0.31241250829403044, 0.21101790748123264, 0.05000906680340573], ""kernels.1.base_kernel.kernels.1"": [0.6931481805599428, 0.6931481805599428, 0.6931481805599428]}","{""kernels.0"": 9.766103359350526e-06, ""kernels.0.base_kernel.kernels.1"": 0.005885859360211147, ""kernels.1"": 1.0026853146094528}",10,5,30,0,1,41
435,127.57821745077142,83.94123523693789,0.501,global,-4.1104276418583865,0.19912867256376257,0.000480934671031219,0.3325073583602453,0.05000908361284156,0.3333351933939931,0.6931481805599428,"{""kernels.0.base_kernel.kernels.0"": [0.3333359237858777, 0.33329972074898057, 0.33332786577717255, 0.33327590421333014, 0.33334356781641167, 0.33328980328306645, 0.3333442382645568, 0.333326394698437, 0.3333390720264196, 0.33331932712958223, 0.33333809351524313, 0.3333344630021085, 0.33332946588896106, 0.33334895383199925, 0.3333266564445523, 0.33332786331472325, 0.3333252915733455, 0.33333949948706426], ""kernels.0.base_kernel.kernels.1.base_kernel"": [0.6931481805599428, 0.6931481805599428, 0.6931481805599428], ""kernels.1.base_kernel.kernels.0"": [0.05005875795388125, 0.6659349825444139, 0.5658058042256217, 0.448263600870084, 0.05021703925355082, 0.6258668160501042, 0.1695326537884865, 0.39822083870331293, 0.12765359941323595, 0.31508220447859664, 0.08604131224191493, 0.25553091033952063, 0.3198136714366919, 0.6888190945433244, 0.5032811468402192, 0.37325442502299727, 0.21826385727040845, 0.05000908361284156], ""kernels.1.base_kernel.kernels.1"": [0.6931481805599428, 0.6931481805599428, 0.6931481805599428]}","{""kernels.0"": 9.769912620205246e-06, ""kernels.0.base_kernel.kernels.1"": 0.005885843121654034, ""kernels.1"": 0.9916264620464618}",10,5,30,1,0,42
436,143.67360884052613,83.94123523693789,0.5002,global,-4.2988828041462375,0.254911111567864,0.00046692932134205555,0.33395346148878624,0.05000908533530025,0.3333352034270895,0.6931481805599428,"{""kernels.0.base_kernel.kernels.0"": [0.33333601876970836, 0.33329917247509416, 0.33332784554419803, 0.33327512841388085, 0.3333438331755582, 0.333288451173724, 0.33334436687469365, 0.33332652851777206, 0.3333391372931786, 0.3333187118425056, 0.33333849712858415, 0.33333438808447063, 0.3333295292158792, 0.3333489177957332, 0.3333265608707435, 0.3333272567433672, 0.33332509285274514, 0.3333395703500122], ""kernels.0.base_kernel.kernels.1.base_kernel"": [0.6931481805599428, 0.6931481805599428, 0.6931481805599428], ""kernels.1.base_kernel.kernels.0"": [0.05005877177475288, 0.6864656885835679, 0.5689367469013136, 0.44886750672834325, 0.0502156771685336, 0.6083595924922599, 0.17301757485391522, 0.3985415914537966, 0.12162411549640054, 0.31837664519155223, 0.08459126524281493, 0.26468381648765044, 0.3239553085718472, 0.6866270569769377, 0.5010811136713054, 0.3746073043634701, 0.21826899081154963, 0.05000908533530025], ""kernels.1.base_kernel.kernels.1"": [0.6931481805599428, 0.6931481805599428, 0.6931481805599428]}","{""kernels.0"": 9.77043276301433e-06, ""kernels.0.base_kernel.kernels.1"": 0.005885841359580536, ""kernels.1"": 0.9959647726740151}",10,5,30,0,0,43
437,134.30639780562103,83.94123523693789,0.5006,global,-4.431019466378564,0.30894731613676174,0.00046755779327450404,0.3354221396179157,0.05000908564957464,0.33333517651442035,0.6931481805599428,"{""kernels.0.base_kernel.kernels.0"": [0.3333360377669361, 0.3332989711604561, 0.33332781319236227, 0.33327497697302905, 0.33334388809049836, 0.3332880928137498, 0.3333443770661065, 0.3333265292651211, 0.3333392237709513, 0.33331858257973485, 0.3333385673310043, 0.3333343152619046, 0.33332956691483634, 0.33334892062060356, 0.33332653722594285, 0.33332713554197907, 0.33332505931401485, 0.33333959256098583], ""kernels.0.base_kernel.kernels.1.base_kernel"": [0.6931481805599428, 0.6931481805599428, 0.6931481805599428], ""kernels.1.base_kernel.kernels.0"": [0.05005877461299898, 0.6886016974589807, 0.5689685863156998, 0.4492092818583427, 0.05021542310930816, 0.6052699113723538, 0.17235346573246166, 0.39830222582781927, 0.12197105887703498, 0.3186220406800041, 0.08435285262627372, 0.26460858082451266, 0.3240345627557732, 0.6864790022598691, 0.5005339933768469, 0.374349252180817, 0.21817448410169243, 0.05000908564957464], ""kernels.1.base_kernel.kernels.1"": [0.6931481805599428, 0.6931481805599428, 0.6931481805599428]}","{""kernels.0"": 9.770538407662795e-06, ""kernels.0.base_kernel.kernels.1"": 0.005885841031326929, ""kernels.1"": 1.0003708072840125}",10,5,30,0,0,44
438,190.16418660647696,83.94123523693789,0.4992,global,-4.786287872598545,0.20756300998452124,0.0004680694159740157,0.3337854314540125,0.05000908583771153,0.3333351650928744,0.6931481805599428,"{""kernels.0.base_kernel.kernels.0"": [0.33333604793215477, 0.33329887403018144, 0.33332779640272536, 0.33327490565738027, 0.333343917930208, 0.3332878964789597, 0.33334438363402913, 0.33332653420362135, 0.3333392708279393, 0.3333185125978204, 0.33333860625019557, 0.3333342822535941, 0.3333295903280592, 0.3333489240751716, 0.33332652754597725, 0.33332706961288744, 0.33332504289581155, 0.3333396016415482], ""kernels.0.base_kernel.kernels.1.base_kernel"": [0.6931481805599428, 0.6931481805599428, 0.6931481805599428], ""kernels.1.base_kernel.kernels.0"": [0.05005877637260134, 0.6900445625075501, 0.5690043592890051, 0.44964784937166724, 0.05021527846597061, 0.6039258444500107, 0.17227270195059308, 0.3983553440164406, 0.12222552685581597, 0.31886821293562884, 0.0842549516490266, 0.2649294571712556, 0.3243613985307916, 0.686710762012355, 0.5003096571760377, 0.37442378680042143, 0.2182332243069621, 0.05000908583771153], ""kernels.1.base_kernel.kernels.1"": [0.6931481805599428, 0.6931481805599428, 0.6931481805599428]}","{""kernels.0"": 9.770597768972731e-06, ""kernels.0.base_kernel.kernels.1"": 0.005885840840621208, ""kernels.1"": 0.9954606829236474}",10,5,30,0,0,45
439,95.8546980252268,83.94123523693789,0.496,global,-3.4742495294962836,0.08349461972580151,0.00048321915143635956,0.33378555676201294,0.0500090858377149,0.3333351650930958,0.6931481805599428,"{""kernels.0.base_kernel.kernels.0"": [0.3333360479326596, 0.3332988740199625, 0.3333277963994804, 0.3332749056536755, 0.33334391793102336, 0.3332878964731793, 0.3333443836339848, 0.3333265342024229, 0.33333927082920645, 0.3333185125957236, 0.3333386062512782, 0.33333428225353207, 0.3333295903291874, 0.3333489240707947, 0.33332652754551323, 0.33332706961040615, 0.3333250428953966, 0.3333396016419356], ""kernels.0.base_kernel.kernels.1.base_kernel"": [0.6931481805599428, 0.6931481805599428, 0.6931481805599428], ""kernels.1.base_kernel.kernels.0"": [0.05005877637263343, 0.6900444110639815, 0.5690042433547998, 0.4496478081712309, 0.0502152784629422, 0.6039257932000955, 0.17227267661627288, 0.3983552985738448, 0.12222553254721491, 0.31886820548608424, 0.0842549482243242, 0.2649294728033459, 0.32436140898156735, 0.6867106166135458, 0.5003096512680726, 0.3744237136968164, 0.21823322482580693, 0.0500090858377149], ""kernels.1.base_kernel.kernels.1"": [0.6931481805599428, 0.6931481805599428, 0.6931481805599428]}","{""kernels.0"": 9.770597770639843e-06, ""kernels.0.base_kernel.kernels.1"": 0.005885840840617481, ""kernels.1"": 0.9954610588476508}",10,5,30,0,0,46
440,86.06680786214883,83.94123523693789,0.5022,global,-3.3441872405716393,0.0862099286884864,0.0005044619152475849,0.33011320183255666,0.0500090893053625,0.3333354486517766,0.6931481805599428,"{""kernels.0.base_kernel.kernels.0"": [0.33333640128810915, 0.33328760694056525, 0.33332509833898566, 0.3332712456686727, 0.33334478417787217, 0.33328095289972415, 0.3333443798295713, 0.3333272553949378, 0.3333405655770005, 0.33331669286851284, 0.33333958283193404, 0.33333449601544407, 0.333330322110234, 0.3333457564104229, 0.3333264374838389, 0.3333253796110753, 0.33332480317079427, 0.3333399627199826], ""kernels.0.base_kernel.kernels.1.base_kernel"": [0.6931481805599428, 0.6931481805599428, 0.6931481805599428], ""kernels.1.base_kernel.kernels.0"": [0.0500588106968936, 0.5400150075521917, 0.4835679760193346, 0.4046584284425395, 0.050212753097618884, 0.5061139783811494, 0.1625751179350417, 0.42872670613793973, 0.13036246556814096, 0.31450184980297746, 0.08330133043061785, 0.30916820353437474, 0.33886356719141986, 0.5930330954983335, 0.49527088117995144, 0.3276616361947205, 0.22015197648478038, 0.0500090893053625], ""kernels.1.base_kernel.kernels.1"": [0.6931481805599428, 0.6931481805599428, 0.6931481805599428]}","{""kernels.0"": 9.772089711849075e-06, ""kernels.0.base_kernel.kernels.1"": 0.005885837460711048, ""kernels.1"": 0.9844439959472471}",10,5,30,0,0,47
441,84.78367723792778,83.94123523693789,0.5002,local,-3.4779885503064603,0.07623564317137568,0.000504357693473449,0.32848767885451696,0.0500090897384156,0.33333532148532785,0.6931481805599428,"{""kernels.0.base_kernel.kernels.0"": [0.33333639861253783, 0.3332872558133126, 0.33332499022029577, 0.33327152769396484, 0.33334478096354, 0.3332808269743547, 0.33334442396756736, 0.33332720351807166, 0.33334056520470495, 0.33331658465458497, 0.33333962852844123, 0.33333424435811787, 0.3333303613683713, 0.3333457450547546, 0.33332643097373715, 0.33332544759963634, 0.33332478454408715, 0.3333399784648509], ""kernels.0.base_kernel.kernels.1.base_kernel"": [0.6931481805599428, 0.6931481805599428, 0.6931481805599428], ""kernels.1.base_kernel.kernels.0"": [0.05005881276780475, 0.5306912592788029, 0.4813721415507332, 0.40722164631256996, 0.050212520523256705, 0.5010628691788763, 0.1642160160658028, 0.4276530179191273, 0.130845752096777, 0.3132824885854994, 0.08349751317854008, 0.30527501103312116, 0.33985258733753404, 0.603219170214389, 0.49483850887610176, 0.32996840940340444, 0.21980399119787936, 0.0500090897384156], ""kernels.1.base_kernel.kernels.1"": [0.6931481805599428, 0.6931481805599428, 0.6931481805599428]}","{""kernels.0"": 9.772232468701358e-06, ""kernels.0.base_kernel.kernels.1"": 0.005885837046343179, ""kernels.1"": 0.979567427284739}",10,5,30,1,0,48
442,93.57822762819538,83.94123523693789,0.4992,local,-3.5221805173075085,0.16049814926733402,0.0005021287347032377,0.32942744496502385,0.05000908998379826,0.33333525575091516,0.6931481805599428,"{""kernels.0.base_kernel.kernels.0"": [0.33333639584232927, 0.3332870733011961, 0.333324931541935, 0.33327166553348225, 0.3333447788817976, 0.33328075673123353, 0.3333444319754014, 0.3333271865733165, 0.3333405587369295, 0.33331652786024274, 0.33333964945357564, 0.333334115659501, 0.3333303678297497, 0.333345726166193, 0.33332642541804164, 0.33332547911329935, 0.3333247731078294, 0.33333997812476834], ""kernels.0.base_kernel.kernels.1.base_kernel"": [0.6931481805599428, 0.6931481805599428, 0.6931481805599428], ""kernels.1.base_kernel.kernels.0"": [0.05005881370937158, 0.5253099190177186, 0.48010110365122716, 0.40808655346259753, 0.0502123824397955, 0.4989873142121239, 0.16461415846387797, 0.427062111682296, 0.13097275986743553, 0.3127320450428941, 0.08356138621630868, 0.3033360753672701, 0.34004094617053404, 0.6079540693427097, 0.4945685292618631, 0.3309524370604522, 0.2195053312190517, 0.05000908998379826], ""kernels.1.base_kernel.kernels.1"": [0.6931481805599428, 0.6931481805599428, 0.6931481805599428]}","{""kernels.0"": 9.77231268744418e-06, ""kernels.0.base_kernel.kernels.1"": 0.0058858368123007685, ""kernels.1"": 0.9823867257700833}",10,5,30,1,0,49
443,106.76930496675195,83.94123523693789,0.5012,global,-3.8069664727276824,0.2646496232966763,0.0005027221106315577,0.3264471525465809,0.05000909034894015,0.3333351690064338,0.6931481805599428,"{""kernels.0.base_kernel.kernels.0"": [0.33333639278718286, 0.33328686590639056, 0.3333248566324805, 0.3332718649049962, 0.3333447743055938, 0.33328069274805844, 0.3333444516502179, 0.33332716901157694, 0.3333405575685657, 0.333316457250812, 0.33333968331529873, 0.33333394522568477, 0.33333039883057786, 0.3333457074649216, 0.3333264201629399, 0.33332552402281995, 0.33332475876023765, 0.3333399872624039], ""kernels.0.base_kernel.kernels.1.base_kernel"": [0.6931481805599428, 0.6931481805599428, 0.6931481805599428], ""kernels.1.base_kernel.kernels.0"": [0.05005881538479934, 0.5185441883695425, 0.4785850837575242, 0.40966525203544085, 0.05021219889677891, 0.4967551121501532, 0.1654501872692777, 0.4273452547458682, 0.1317301007575254, 0.31225806260088335, 0.0838583343815281, 0.3017120390044227, 0.34090761969576383, 0.6142575888459536, 0.4942819995984528, 0.33255186200498466, 0.21924503750646973, 0.05000909034894015], ""kernels.1.base_kernel.kernels.1"": [0.6931481805599428, 0.6931481805599428, 0.6931481805599428]}","{""kernels.0"": 9.77242680042612e-06, ""kernels.0.base_kernel.kernels.1"": 0.005885836470747548, ""kernels.1"": 0.9734458487421948}",10,5,30,0,0,50
444,175.67604581614466,83.94123523693789,0.4996,global,-5.077831423574102,0.40833274143662296,0.0005029695476103979,0.3264471713173926,0.050009090348941444,0.33333516900612215,0.6931481805599428,"{""kernels.0.base_kernel.kernels.0"": [0.3333363927871734, 0.33328686590553885, 0.33332485663217964, 0.33327186490550437, 0.3333447743055962, 0.3332806927476661, 0.3333444516502672, 0.3333271690114619, 0.3333405575685396, 0.3333164572505081, 0.3333396833154161, 0.33333394522507087, 0.33333039883061516, 0.3333457074647236, 0.33332642016288916, 0.33332552402291216, 0.333324758760157, 0.33333998726242214], ""kernels.0.base_kernel.kernels.1.base_kernel"": [0.6931481805599428, 0.6931481805599428, 0.6931481805599428], ""kernels.1.base_kernel.kernels.0"": [0.05005881538480331, 0.5185441586760283, 0.47858507703389036, 0.40966525203632864, 0.05021219889605563, 0.4967550994415736, 0.16545018768866626, 0.42734525077545715, 0.13173010151279851, 0.31225805918144034, 0.08385833497018887, 0.30171203204196223, 0.3409076192583133, 0.6142576040198879, 0.49428199748634083, 0.3325518641784123, 0.21924503498908618, 0.050009090348941444], ""kernels.1.base_kernel.kernels.1"": [0.6931481805599428, 0.6931481805599428, 0.6931481805599428]}","{""kernels.0"": 9.772426800864963e-06, ""kernels.0.base_kernel.kernels.1"": 0.005885836470746281, ""kernels.1"": 0.9734459050546307}",10,5,30,0,0,51
445,217.30047304540983,83.94123523693789,0.4992,global,-5.068397778563466,0.36098741549447705,0.0005033404727324475,0.32949694025283166,0.05000909056594294,0.3333351169494471,0.6931481805599428,"{""kernels.0.base_kernel.kernels.0"": [0.33333639125368697, 0.3332867215603784, 0.33332480574695256, 0.3332719466809662, 0.3333447751108444, 0.33328062875040654, 0.33334445960348613, 0.33332714824757875, 0.33334055452770417, 0.3333164060552606, 0.3333397028599281, 0.33333384264520727, 0.33333040434150596, 0.3333456728981188, 0.3333264111453534, 0.3333255383694469, 0.3333247450386047, 0.3333399904073037], ""kernels.0.base_kernel.kernels.1.base_kernel"": [0.6931481805599428, 0.6931481805599428, 0.6931481805599428], ""kernels.1.base_kernel.kernels.0"": [0.05005881599352208, 0.5135556092057315, 0.47743323754360706, 0.4095693437563024, 0.05021207781710839, 0.49471048105734056, 0.16545186101545015, 0.4265631364742731, 0.13194159579884618, 0.311650365168257, 0.08394403338229933, 0.3005020299262846, 0.34078714079706895, 0.6166942475497826, 0.4939119510040422, 0.3328416166199057, 0.21880281738805263, 0.05000909056594294], ""kernels.1.base_kernel.kernels.1"": [0.6931481805599428, 0.6931481805599428, 0.6931481805599428]}","{""kernels.0"": 9.772499877379047e-06, ""kernels.0.base_kernel.kernels.1"": 0.005885836260620381, ""kernels.1"": 0.9825952119979973}",10,5,30,0,0,52
446,177.3929883789697,83.94123523693789,0.4988,global,-5.226234216230425,0.3977076907764225,0.000505378507015662,0.32526695103331943,0.05000909104598563,0.3333380666114092,0.6931481805599428,"{""kernels.0.base_kernel.kernels.0"": [0.3333363967147991, 0.33328638629290663, 0.333324676730332, 0.33327220458459283, 0.3333447689899559, 0.3332805248871162, 0.3333444753236896, 0.33332711299490747, 0.3333405577801387, 0.3333163120639787, 0.33333973650801935, 0.33333366370752704, 0.3333304614260514, 0.3333456371421892, 0.3333264070601243, 0.333325588059816, 0.3333247306393878, 0.333339997909879], ""kernels.0.base_kernel.kernels.1.base_kernel"": [0.6931481805599428, 0.6931481805599428, 0.6931481805599428], ""kernels.1.base_kernel.kernels.0"": [0.05005881822531659, 0.5030720264634282, 0.4755520977110694, 0.41110275447964817, 0.05021184079236471, 0.49146192808723926, 0.1659051821247506, 0.4263361522433585, 0.13304050794277134, 0.31082523003306456, 0.08420855675046118, 0.29940126334108486, 0.3420454893443572, 0.6227177308449324, 0.4935586204535478, 0.3342503689272226, 0.21840421329029497, 0.05000909104598563], ""kernels.1.base_kernel.kernels.1"": [0.6931481805599428, 0.6931481805599428, 0.6931481805599428]}","{""kernels.0"": 9.772649003673334e-06, ""kernels.0.base_kernel.kernels.1"": 0.005885835814657553, ""kernels.1"": 0.969905244636297}",10,5,30,0,0,53
447,84.24111746181475,83.94123523693789,0.5012,global,-3.856798783356892,0.05561845775645855,0.0005108665677292258,0.32224064976972916,0.05000909731266968,0.3333382686763328,0.6931481805599428,"{""kernels.0.base_kernel.kernels.0"": [0.3333364529981818, 0.3332828049683257, 0.3333230843688225, 0.333275086825069, 0.3333446811544615, 0.3332792423438718, 0.3333446271665107, 0.3333266866286737, 0.33334047554166685, 0.3333151530716686, 0.3333401406099259, 0.3333315381401881, 0.3333311417306254, 0.33334478329291284, 0.33332635671026845, 0.3333260700212081, 0.33332452858695943, 0.3333400843544838], ""kernels.0.base_kernel.kernels.1.base_kernel"": [0.6931481805599428, 0.6931481805599428, 0.6931481805599428], ""kernels.1.base_kernel.kernels.0"": [0.050058842479436774, 0.37973491048124736, 0.45275751592205465, 0.41755395436918646, 0.05020874247177155, 0.44327713958492726, 0.1649455604149151, 0.414105263309057, 0.14278737897065324, 0.296519077442623, 0.0873312671439383, 0.2847354989109817, 0.35579719801742454, 0.675987442415558, 0.4898236848144747, 0.34447136237229353, 0.21252562730086721, 0.05000909731266968], ""kernels.1.base_kernel.kernels.1"": [0.6931481805599428, 0.6931481805599428, 0.6931481805599428]}","{""kernels.0"": 9.774608081797014e-06, ""kernels.0.base_kernel.kernels.1"": 0.00588582997832828, ""kernels.1"": 0.9608263447227775}",10,5,30,0,0,54
448,129.69365570166025,83.94123523693789,0.5002,global,-4.3281840675886984,0.27665200723248035,0.0005078247262266991,0.3213560606766177,0.05000909763906759,0.3333382608483245,0.6931481805599428,"{""kernels.0.base_kernel.kernels.0"": [0.3333364409812363, 0.3332831977500176, 0.3333230839347102, 0.33327520265635574, 0.33334465457485946, 0.3332793688005836, 0.33334462084673766, 0.33332673660111145, 0.3333404214835878, 0.33331519956600125, 0.3333401346991979, 0.33333155520001756, 0.33333117129886813, 0.33334468213450447, 0.33332637188759123, 0.3333260709256943, 0.33332453135677387, 0.33334008071541277], ""kernels.0.base_kernel.kernels.1.base_kernel"": [0.6931481805599428, 0.6931481805599428, 0.6931481805599428], ""kernels.1.base_kernel.kernels.0"": [0.05005884247407471, 0.37916537535603306, 0.45372662997391217, 0.41754019748541826, 0.0502086421084395, 0.4423679792120503, 0.16486285035561857, 0.4145926130635341, 0.14260969282075248, 0.2976702159466814, 0.08782368555863532, 0.28675995276266775, 0.35693039177692437, 0.6718953081379766, 0.49013832186447537, 0.34443281007479565, 0.2127674385696599, 0.05000909763906759], ""kernels.1.base_kernel.kernels.1"": [0.6931481805599428, 0.6931481805599428, 0.6931481805599428]}","{""kernels.0"": 9.774680499316827e-06, ""kernels.0.base_kernel.kernels.1"": 0.005885829725077198, ""kernels.1"": 0.9581725776242767}",10,5,30,0,0,55
449,89.17147071780929,83.94123523693789,0.5022,global,-3.552061348704198,0.07636849305318039,0.0005084984445777548,0.32317267788236415,0.05000909801916932,0.3333382474296673,0.6931481805599428,"{""kernels.0.base_kernel.kernels.0"": [0.3333364264427486, 0.333283636214255, 0.33332308016818574, 0.333275334026612, 0.33334462512610424, 0.3332794999158249, 0.33334460668510696, 0.3333267935531418, 0.3333403508840289, 0.33331524219843267, 0.33334012221138937, 0.3333315661854492, 0.33333118662462463, 0.33334455398325286, 0.3333263865043756, 0.33332606676091525, 0.3333245308849582, 0.333340068416586], ""kernels.0.base_kernel.kernels.1.base_kernel"": [0.6931481805599428, 0.6931481805599428, 0.6931481805599428], ""kernels.1.base_kernel.kernels.0"": [0.050058842075938, 0.3775409973504623, 0.4547045527525582, 0.416887146404615, 0.05020851287722425, 0.440730823806799, 0.16443212303525795, 0.4145398514754309, 0.14223044354692865, 0.29871423305291855, 0.08835023019099397, 0.2881237775831752, 0.35781791615029857, 0.6673401708078884, 0.4903603920536128, 0.3440241047093477, 0.21276278269518364, 0.05000909801916932], ""kernels.1.base_kernel.kernels.1"": [0.6931481805599428, 0.6931481805599428, 0.6931481805599428]}","{""kernels.0"": 9.774766699892323e-06, ""kernels.0.base_kernel.kernels.1"": 0.005885829417723797, ""kernels.1"": 0.9636224294626687}",10,5,30,0,0,56
450,110.20316269565228,83.94123523693789,0.503,global,-4.267950983980866,0.2911455973599005,0.0005087156831514802,0.32317266405170175,0.05000909801917094,0.3333382474296218,0.6931481805599428,"{""kernels.0.base_kernel.kernels.0"": [0.3333364264426889, 0.33328363621625473, 0.3333230801681936, 0.33327533402726567, 0.33334462512597696, 0.3332794999165972, 0.3333446066850902, 0.3333267935532528, 0.3333403508837625, 0.3333152421986851, 0.3333401222113422, 0.3333315661853262, 0.33333118662478295, 0.33334455398276824, 0.3333263865044333, 0.3333260667609569, 0.3333245308849855, 0.3333400684165548], ""kernels.0.base_kernel.kernels.1.base_kernel"": [0.6931481805599428, 0.6931481805599428, 0.6931481805599428], ""kernels.1.base_kernel.kernels.0"": [0.05005884207593821, 0.3775409987820657, 0.4547045575645099, 0.41688714725773585, 0.05020851287676963, 0.4407308234451979, 0.16443212457981848, 0.41453985393862897, 0.14223044212414235, 0.2987142398050253, 0.08835023252352048, 0.28812377712343984, 0.35781792334382256, 0.6673401572690816, 0.4903603940652414, 0.34402410538005906, 0.21276278419397435, 0.05000909801917094], ""kernels.1.base_kernel.kernels.1"": [0.6931481805599428, 0.6931481805599428, 0.6931481805599428]}","{""kernels.0"": 9.774766700235772e-06, ""kernels.0.base_kernel.kernels.1"": 0.005885829417722536, ""kernels.1"": 0.9636223879706824}",10,5,30,2,0,57
451,123.12873182814828,83.94123523693789,0.4994,global,-4.38107981699164,0.26530115154478007,0.0005089438780644014,0.3231726487137637,0.050009098019172554,0.3333382474295762,0.6931481805599428,"{""kernels.0.base_kernel.kernels.0"": [0.33333642644263145, 0.33328363621821483, 0.3333230801681937, 0.33327533402789106, 0.3333446251258424, 0.33327949991751593, 0.3333446066850809, 0.3333267935533618, 0.3333403508834935, 0.3333152421989439, 0.3333401222112865, 0.33333156618516796, 0.333331186624927, 0.3333445539822803, 0.33332638650448615, 0.333326066761, 0.33332453088500824, 0.33334006841652086], ""kernels.0.base_kernel.kernels.1.base_kernel"": [0.6931481805599428, 0.6931481805599428, 0.6931481805599428], ""kernels.1.base_kernel.kernels.0"": [0.050058842075938276, 0.3775410004693761, 0.4547045618524624, 0.4168871476546665, 0.05020851287632852, 0.4407308256671262, 0.16443212736245452, 0.41453985646230185, 0.14223044103373342, 0.2987142470058617, 0.08835023472103012, 0.288123776443202, 0.3578179300960693, 0.667340143608551, 0.49036039603989595, 0.3440241059602774, 0.21276278544973304, 0.050009098019172554], ""kernels.1.base_kernel.kernels.1"": [0.6931481805599428, 0.6931481805599428, 0.6931481805599428]}","{""kernels.0"": 9.774766700569721e-06, ""kernels.0.base_kernel.kernels.1"": 0.005885829417721301, ""kernels.1"": 0.9636223419568692}",10,5,30,1,0,58
452,85.42784457131097,83.94123523693789,0.5008,local,-3.5562680835890967,0.06500059559194564,0.0005197326760980614,0.3251992316971004,0.05000910675958768,0.33333755081170147,0.6931481805599428,"{""kernels.0.base_kernel.kernels.0"": [0.33333613756881725, 0.33329361952431064, 0.3333229281139062, 0.33327821790815426, 0.3333439478885049, 0.33328381785501193, 0.3333445761982811, 0.33332720883320893, 0.33333896405458563, 0.3333164125313648, 0.3333397878736587, 0.3333306532519051, 0.3333317628133525, 0.3333418065328421, 0.33332657260115506, 0.33332621443395644, 0.3333245535218286, 0.33333987943503485], ""kernels.0.base_kernel.kernels.1.base_kernel"": [0.6931481805599428, 0.6931481805599428, 0.6931481805599428], ""kernels.1.base_kernel.kernels.0"": [0.050058835289719154, 0.3657765504424723, 0.47411967012032896, 0.4039679815111373, 0.05020595451428535, 0.44103264565841194, 0.17106874574850012, 0.4440306077433452, 0.13268573256353172, 0.331903292119169, 0.09939087446423187, 0.2723768808706163, 0.38422712713542645, 0.5980389706124447, 0.49722726001255224, 0.3379766631182027, 0.21504793374816442, 0.05000910675958768], ""kernels.1.base_kernel.kernels.1"": [0.6931481805599428, 0.6931481805599428, 0.6931481805599428]}","{""kernels.0"": 9.776647937886281e-06, ""kernels.0.base_kernel.kernels.1"": 0.005885822638141809, ""kernels.1"": 0.9697020958052215}",10,5,30,2,0,59
453,130.04468441233928,83.94123523693789,0.5006,global,-4.600707344305738,0.21441516452179982,0.0005229704754411794,0.32131114962819823,0.050009129271627595,0.33333439722165015,0.6931481805599428,"{""kernels.0.base_kernel.kernels.0"": [0.33333597950460486, 0.33330777872886713, 0.33332110116461083, 0.333285139468387, 0.3333428743815562, 0.333285346400708, 0.333345023370333, 0.3333256295113906, 0.33333900195215205, 0.33331574580151496, 0.3333375807705885, 0.3333328149386955, 0.3333311716283416, 0.3333401237645235, 0.333326633270617, 0.3333269028645247, 0.3333243469886984, 0.33333951326540695], ""kernels.0.base_kernel.kernels.1.base_kernel"": [0.6931481805599428, 0.6931481805599428, 0.6931481805599428], ""kernels.1.base_kernel.kernels.0"": [0.05005877646467514, 0.29706585576762595, 0.500200825217004, 0.3777877913811856, 0.05020041218992935, 0.4867279136605516, 0.15763817766157953, 0.5742259082704798, 0.12256910430023088, 0.37892591977321505, 0.12466911921530396, 0.23542057976047, 0.39193372347397903, 0.6285267217266034, 0.48455756488658924, 0.32992021940314503, 0.2135749890912107, 0.050009129271627595], ""kernels.1.base_kernel.kernels.1"": [0.6931481805599428, 0.6931481805599428, 0.6931481805599428]}","{""kernels.0"": 9.780813610951299e-06, ""kernels.0.base_kernel.kernels.1"": 0.005885806984530251, ""kernels.1"": 0.9580378610864535}",10,5,30,0,0,60
454,117.30518857114338,83.94123523693789,0.5,global,-3.7829850049188862,0.20007204126426892,0.0005283472858318287,0.322747488555675,0.05000913181107482,0.3333345533979556,0.6931481805599428,"{""kernels.0.base_kernel.kernels.0"": [0.3333359952929409, 0.3333089342135985, 0.3333203992743785, 0.3332854214807551, 0.3333429295523264, 0.3332845696300522, 0.33334524993507936, 0.3333254952225476, 0.3333392734557563, 0.3333155344205128, 0.33333725156714616, 0.33333311150297024, 0.3333311542166334, 0.3333401604087924, 0.33332654181556276, 0.33332681558737176, 0.33332426362276146, 0.33333953567497626], ""kernels.0.base_kernel.kernels.1.base_kernel"": [0.6931481805599428, 0.6931481805599428, 0.6931481805599428], ""kernels.1.base_kernel.kernels.0"": [0.05005876715705297, 0.3079885545516748, 0.498809610294342, 0.3782835611756739, 0.05019990248503147, 0.5000828322945046, 0.1593860234078327, 0.5846634625468725, 0.12411049720745815, 0.3847238666807045, 0.12220972338216797, 0.2272830407173654, 0.39523473756341626, 0.6300672476270004, 0.48134192089116923, 0.3252958432376798, 0.2151688392824443, 0.05000913181107482], ""kernels.1.base_kernel.kernels.1"": [0.6931481805599428, 0.6931481805599428, 0.6931481805599428]}","{""kernels.0"": 9.781234408151897e-06, ""kernels.0.base_kernel.kernels.1"": 0.005885805384691353, ""kernels.1"": 0.9623468790479255}",10,5,30,1,0,61
455,99.99606145124412,83.94123523693789,0.5028,local,-4.173759843751133,0.2745614715863563,0.0005284817154262619,0.32506399824961557,0.05000913275555555,0.33333465780622173,0.6931481805599428,"{""kernels.0.base_kernel.kernels.0"": [0.3333360069328866, 0.33330919223579947, 0.33332017896778726, 0.33328544532168164, 0.333342950378501, 0.3332842162863209, 0.33334527251545515, 0.33332545259103763, 0.33333937239733, 0.33331544432230387, 0.33333715115431983, 0.3333333086795568, 0.33333113710821205, 0.33334017878184646, 0.3333265113847628, 0.3333268228105969, 0.33332423578646864, 0.33333954528150295], ""kernels.0.base_kernel.kernels.1.base_kernel"": [0.6931481805599428, 0.6931481805599428, 0.6931481805599428], ""kernels.1.base_kernel.kernels.0"": [0.05005876397746467, 0.30879926630902094, 0.4980806255886918, 0.37721116322127807, 0.05019969154835236, 0.5007428184373228, 0.15830424743971, 0.5869994751766077, 0.1238371992048447, 0.3862981182478555, 0.1211581269383438, 0.23028094377226851, 0.395533778279174, 0.6306110547047329, 0.48050518399765674, 0.32522887593266836, 0.21552092372031476, 0.05000913275555555], ""kernels.1.base_kernel.kernels.1"": [0.6931481805599428, 0.6931481805599428, 0.6931481805599428]}","{""kernels.0"": 9.781395596007956e-06, ""kernels.0.base_kernel.kernels.1"": 0.005885804786961638, ""kernels.1"": 0.969296408566289}",10,5,30,1,0,62
456,102.14997597585837,83.94123523693789,0.4972,global,-4.055488953716786,0.27377475505851573,0.0005291975109702532,0.3228931097396372,0.05000913296482934,0.33333467693861374,0.6931481805599428,"{""kernels.0.base_kernel.kernels.0"": [0.3333360092665943, 0.3333092501139606, 0.3333201375329922, 0.33328546449319474, 0.3333429546471121, 0.3332841407979084, 0.3333452842970203, 0.33332544779466783, 0.33333940034357357, 0.33331542797416996, 0.33333713143590166, 0.3333333446106332, 0.3333311345065663, 0.33334018315506614, 0.3333265072398496, 0.333326827336279, 0.33332423130630157, 0.3333395468335803], ""kernels.0.base_kernel.kernels.1.base_kernel"": [0.6931481805599428, 0.6931481805599428, 0.6931481805599428], ""kernels.1.base_kernel.kernels.0"": [0.05005876364924849, 0.3092110068766266, 0.4980609158707301, 0.37740926843013134, 0.05019965059830301, 0.5013742476470342, 0.1584569632240042, 0.5877449991207196, 0.12397107663612103, 0.38677665956906515, 0.12100313844638752, 0.23081612357533446, 0.3957714374954417, 0.6309728789150995, 0.4804430743800017, 0.325429693185779, 0.21571422339731874, 0.05000913296482934], ""kernels.1.base_kernel.kernels.1"": [0.6931481805599428, 0.6931481805599428, 0.6931481805599428]}","{""kernels.0"": 9.781429686724671e-06, ""kernels.0.base_kernel.kernels.1"": 0.005885804657271638, ""kernels.1"": 0.9627837431319533}",10,5,30,1,0,63
457,86.38195737709302,83.94123523693789,0.4996,global,-3.559197481107888,0.06415895870776524,0.0005293015486513071,0.3228931099057729,0.0500091329648312,0.3333346769387619,0.6931481805599428,"{""kernels.0.base_kernel.kernels.0"": [0.3333360092666187, 0.3333092501143989, 0.3333201375325773, 0.3332854644932224, 0.33334295464717606, 0.3332841407969657, 0.33334528429717347, 0.333325447794562, 0.33333940034390735, 0.33331542797395264, 0.33333713143572513, 0.3333333446109051, 0.3333311345064997, 0.3333401831550281, 0.33332650723978124, 0.33332682733628843, 0.33332423130623007, 0.3333395468336051], ""kernels.0.base_kernel.kernels.1.base_kernel"": [0.6931481805599428, 0.6931481805599428, 0.6931481805599428], ""kernels.1.base_kernel.kernels.0"": [0.05005876364924432, 0.3092110082761674, 0.4980609149074615, 0.3774092670745195, 0.050199650597915625, 0.5013742501847551, 0.1584569632590213, 0.5877450029390388, 0.12397107749247228, 0.38677666194864174, 0.12100313627356432, 0.23081612666204857, 0.3957714372505568, 0.6309728784439949, 0.48044307298379685, 0.32542969304323577, 0.21571422394370643, 0.0500091329648312], ""kernels.1.base_kernel.kernels.1"": [0.6931481805599428, 0.6931481805599428, 0.6931481805599428]}","{""kernels.0"": 9.781429687055878e-06, ""kernels.0.base_kernel.kernels.1"": 0.005885804657270455, ""kernels.1"": 0.9627837436303612}",10,5,30,0,0,64
458,110.74301987633524,83.94123523693789,0.5008,local,-4.013118146475236,0.24962632599289056,0.0005273953916316165,0.3228925589362369,0.050009132965033766,0.3333346769549673,0.6931481805599428,"{""kernels.0.base_kernel.kernels.0"": [0.33333600926913787, 0.3333092501641494, 0.3333201374879195, 0.3332854645016066, 0.33334295465350267, 0.3332841407104588, 0.33334528431303934, 0.3333254477739667, 0.3333394003802103, 0.33331542794719865, 0.33333713141673765, 0.33333334464079684, 0.333331134502113, 0.33334018315299113, 0.3333265072344119, 0.33332682733927116, 0.333324231298532, 0.333339546836241], ""kernels.0.base_kernel.kernels.1.base_kernel"": [0.6931481805599428, 0.6931481805599428, 0.6931481805599428], ""kernels.1.base_kernel.kernels.0"": [0.05005876364875455, 0.3092114703494551, 0.4980608405186597, 0.37740942124251553, 0.05019965055554615, 0.5013748253402307, 0.15845700662488563, 0.5877452528757466, 0.12397130812670505, 0.3867769005726041, 0.12100290080230418, 0.23081648437375593, 0.39577153589295144, 0.630973010126248, 0.4804429117989521, 0.3254297700819716, 0.2157142836121124, 0.050009132965033766], ""kernels.1.base_kernel.kernels.1"": [0.6931481805599428, 0.6931481805599428, 0.6931481805599428]}","{""kernels.0"": 9.78142972199007e-06, ""kernels.0.base_kernel.kernels.1"": 0.005885804657144208, ""kernels.1"": 0.9627820907218445}",10,5,30,1,0,65
459,121.26447196054494,83.94123523693789,0.502,global,-4.1468779659233626,0.22092535197166616,0.0005295769886380037,0.3243274008484936,0.05000914639200795,0.3333355518674048,0.6931481805599428,"{""kernels.0.base_kernel.kernels.0"": [0.33333621795501833, 0.3333112128676332, 0.3333174638426887, 0.33328550631937803, 0.33334350045522765, 0.3332784006244982, 0.3333463879005492, 0.3333235836782711, 0.33334147043395956, 0.33331339307482305, 0.33333626923305315, 0.3333348857797913, 0.33333092602882886, 0.33334004061091005, 0.33332612452008276, 0.3333269312538571, 0.33332372150162054, 0.3333397840820716], ""kernels.0.base_kernel.kernels.1.base_kernel"": [0.6931481805599428, 0.6931481805599428, 0.6931481805599428], ""kernels.1.base_kernel.kernels.0"": [0.05005873257278411, 0.32577281544041303, 0.49050867198868014, 0.3779396753591508, 0.050196773076503345, 0.523349357741067, 0.1611017246706366, 0.5753737269764605, 0.1271423808103348, 0.39126499147236843, 0.10663560592408888, 0.24671445809715817, 0.4013176205245844, 0.6364432409636159, 0.4734268866296988, 0.3299897524464839, 0.21757400935029958, 0.05000914639200795], ""kernels.1.base_kernel.kernels.1"": [0.6931481805599428, 0.6931481805599428, 0.6931481805599428]}","{""kernels.0"": 9.783855853083891e-06, ""kernels.0.base_kernel.kernels.1"": 0.005885796227942676, ""kernels.1"": 0.9670866224616851}",10,5,30,0,0,66
460,84.58922399218659,83.94123523693789,0.4988,global,-3.866537900715487,0.059696668092730436,0.0005288527084573694,0.32422250418040466,0.05000914752043251,0.3333355512970146,0.6931481805599428,"{""kernels.0.base_kernel.kernels.0"": [0.3333362342748611, 0.33331103862883366, 0.3333174224312357, 0.33328545219247163, 0.33334355862917714, 0.3332779957757656, 0.3333464223850581, 0.3333234151346416, 0.3333415685304701, 0.3333132578759732, 0.3333363456558324, 0.3333348683191681, 0.33333090426998074, 0.33333998331535897, 0.3333261067092628, 0.33332687238148523, 0.33332367693114107, 0.3333398043507685], ""kernels.0.base_kernel.kernels.1.base_kernel"": [0.6931481805599428, 0.6931481805599428, 0.6931481805599428], ""kernels.1.base_kernel.kernels.0"": [0.050058731179170264, 0.32437371782763724, 0.4909875091954601, 0.37793839784462374, 0.05019652135823107, 0.5250354482717494, 0.159702707545192, 0.5712560325529102, 0.12745875831135733, 0.3906440222395203, 0.10674948840167953, 0.24716704216266286, 0.3997803700294873, 0.6366934002923788, 0.474584831835338, 0.3299475399648341, 0.21674714359656974, 0.05000914752043251], ""kernels.1.base_kernel.kernels.1"": [0.6931481805599428, 0.6931481805599428, 0.6931481805599428]}","{""kernels.0"": 9.784086910307732e-06, ""kernels.0.base_kernel.kernels.1"": 0.005885795487723155, ""kernels.1"": 0.9667719329665805}",10,5,30,0,0,67
461,209.44373040058557,83.94123523693789,0.5014,global,-5.212450203302627,0.36806149268063715,0.0005250096218840568,0.32422032335057205,0.050009147520805396,0.3333355512971994,0.6931481805599428,"{""kernels.0.base_kernel.kernels.0"": [0.33333623427934655, 0.333311038586909, 0.33331742241836204, 0.3332854521822092, 0.3333435586471362, 0.3332779956552995, 0.3333464224045556, 0.33332341509162344, 0.3333415685608778, 0.33331325783852284, 0.3333363456800349, 0.33333486831505216, 0.3333309042688899, 0.3333399833044748, 0.33332610670517093, 0.3333268723669304, 0.33332367692042186, 0.33333980435821337], ""kernels.0.base_kernel.kernels.1.base_kernel"": [0.6931481805599428, 0.6931481805599428, 0.6931481805599428], ""kernels.1.base_kernel.kernels.0"": [0.05005873117874567, 0.32437375367640886, 0.49098770187083834, 0.3779387789632601, 0.05019652128257634, 0.5250361101390075, 0.15970284362047985, 0.5712553302956358, 0.1274590239089507, 0.3906440375206442, 0.10674967571658826, 0.24716747009175027, 0.39978024816080976, 0.6366937316649562, 0.47458523651047135, 0.3299477621721816, 0.21674707601302476, 0.050009147520805396], ""kernels.1.base_kernel.kernels.1"": [0.6931481805599428, 0.6931481805599428, 0.6931481805599428]}","{""kernels.0"": 9.784086984773564e-06, ""kernels.0.base_kernel.kernels.1"": 0.005885795487482552, ""kernels.1"": 0.9667653904772489}",10,5,30,0,1,68
462,86.15160541829846,83.94123523693789,0.5008,global,-3.9154323852315795,0.05387880653079516,0.0005260187635538438,0.32290921416598845,0.05000914775155702,0.33333555262708914,0.6931481805599428,"{""kernels.0.base_kernel.kernels.0"": [0.3333362379351332, 0.33331100262828534, 0.3333174113604642, 0.33328545053292674, 0.3333435705559841, 0.33327791650788224, 0.33334643603248126, 0.3333233846149928, 0.3333415900610637, 0.3333132356875029, 0.33333636117149673, 0.33333486731904505, 0.33333090350795247, 0.3333399513788372, 0.3333260981808861, 0.33332686766096836, 0.3333236687582961, 0.33333981080102065], ""kernels.0.base_kernel.kernels.1.base_kernel"": [0.6931481805599428, 0.6931481805599428, 0.6931481805599428], ""kernels.1.base_kernel.kernels.0"": [0.05005873096491056, 0.3242368002009509, 0.4910563218447755, 0.37834606600503445, 0.050196473892482316, 0.5253302286975824, 0.15975165382910922, 0.5707242099983332, 0.12768649710840954, 0.39064629855017025, 0.10683471060317848, 0.24737234925488144, 0.3995672115794216, 0.6359749431961742, 0.47468505473168104, 0.3300974831544451, 0.21661342738121336, 0.05000914775155702], ""kernels.1.base_kernel.kernels.1"": [0.6931481805599428, 0.6931481805599428, 0.6931481805599428]}","{""kernels.0"": 9.784134779214727e-06, ""kernels.0.base_kernel.kernels.1"": 0.005885795337188823, ""kernels.1"": 0.9628320630259972}",10,5,30,0,0,69
463,115.66320050764108,83.94123523693789,0.4998,local,-4.504316553420941,0.3179748698311538,0.0005237306695734857,0.32290889560941133,0.05000914775177123,0.3333355526302292,0.6931481805599428,"{""kernels.0.base_kernel.kernels.0"": [0.3333362379386024, 0.333311002591261, 0.33331741134546966, 0.3332854505186182, 0.3333435705706735, 0.33327791640164306, 0.3333464360479487, 0.3333233845829166, 0.3333415900835282, 0.33331323566140275, 0.33333636118638255, 0.3333348673218559, 0.3333309035064367, 0.3333399513322585, 0.3333260981716662, 0.3333268676517453, 0.3333236687503762, 0.3333398108073612], ""kernels.0.base_kernel.kernels.1.base_kernel"": [0.6931481805599428, 0.6931481805599428, 0.6931481805599428], ""kernels.1.base_kernel.kernels.0"": [0.050058730964626284, 0.3242364688094844, 0.4910563343632851, 0.3783460583229433, 0.05019647384892332, 0.5253306177973451, 0.15975170055134902, 0.570723573113066, 0.1276866428151675, 0.3906461556080888, 0.10683475066682038, 0.24737246579173666, 0.3995668919529009, 0.6359742653668173, 0.47468507124648673, 0.33009755665518814, 0.21661326757373042, 0.05000914775177123], ""kernels.1.base_kernel.kernels.1"": [0.6931481805599428, 0.6931481805599428, 0.6931481805599428]}","{""kernels.0"": 9.784134825458747e-06, ""kernels.0.base_kernel.kernels.1"": 0.005885795337047471, ""kernels.1"": 0.9628311073563611}",10,5,30,1,0,70
464,179.34622383184546,83.94123523693789,0.4986,local,-4.630057369880844,0.2969656182344336,0.0005242011995671798,0.32195997522764935,0.05000914826471556,0.333335568130585,0.6931481805599428,"{""kernels.0.base_kernel.kernels.0"": [0.33333624563877906, 0.3333108997312196, 0.33331737822043367, 0.33328540681054003, 0.33334360594413187, 0.333277669802512, 0.33334646303976667, 0.3333233121158899, 0.3333416459504061, 0.3333131701747598, 0.33333639535574333, 0.33333489062239097, 0.3333308934806095, 0.33333983663125866, 0.33332607487123056, 0.3333268482813192, 0.33332365503485584, 0.3333398280128468], ""kernels.0.base_kernel.kernels.1.base_kernel"": [0.6931481805599428, 0.6931481805599428, 0.6931481805599428], ""kernels.1.base_kernel.kernels.0"": [0.05005873028893804, 0.32327483211669783, 0.49105590730264437, 0.37831986243106985, 0.05019637481941185, 0.5263167904188251, 0.15973036468418006, 0.5692762410820232, 0.12809821815508576, 0.39027107535884614, 0.10689575535565926, 0.24744280280237713, 0.399236914658657, 0.6343614803974134, 0.4748196337963019, 0.3303591896149517, 0.21637000968191666, 0.05000914826471556], ""kernels.1.base_kernel.kernels.1"": [0.6931481805599428, 0.6931481805599428, 0.6931481805599428]}","{""kernels.0"": 9.784243965268025e-06, ""kernels.0.base_kernel.kernels.1"": 0.005885795005756324, ""kernels.1"": 0.9599843464332265}",10,5,30,1,2,71
465,114.02610119990841,83.94123523693789,0.5024,global,-4.021793645847056,0.24637126177055757,0.000522439589855072,0.3229245666562678,0.05000915410457243,0.333336097781188,0.6931481805599428,"{""kernels.0.base_kernel.kernels.0"": [0.33333635072656104, 0.3333102609784268, 0.3333169454011767, 0.3332851144938558, 0.333344065634238, 0.3332725347412971, 0.33334705748486076, 0.3333222719129593, 0.3333423670652117, 0.3333125156454855, 0.33333675385163913, 0.333335844835815, 0.33333083901158966, 0.33333870952592015, 0.3333257255971732, 0.3333266447498196, 0.3333234781571024, 0.33333996724126447], ""kernels.0.base_kernel.kernels.1.base_kernel"": [0.6931481805599428, 0.6931481805599428, 0.6931481805599428], ""kernels.1.base_kernel.kernels.0"": [0.0500587174812802, 0.31986541107694577, 0.4887895177458193, 0.37824757887319793, 0.050195247284986984, 0.5093060900963919, 0.16097600562244882, 0.540049259104679, 0.13231468629406445, 0.38651158491417226, 0.10677748148070298, 0.2505454736028481, 0.3957563393227843, 0.6186946744342189, 0.4758485012055574, 0.3324391657137071, 0.2148079486248448, 0.05000915410457243], ""kernels.1.base_kernel.kernels.1"": [0.6931481805599428, 0.6931481805599428, 0.6931481805599428]}","{""kernels.0"": 9.78551277349063e-06, ""kernels.0.base_kernel.kernels.1"": 0.005885791277493065, ""kernels.1"": 0.9628781231785368}",10,5,30,0,0,72
466,111.81457473934776,83.94123523693789,0.5004,global,-4.23074109188369,0.2590563313301702,0.000521669044211022,0.3212925865655523,0.05000915939496063,0.3333362999167885,0.6931481805599428,"{""kernels.0.base_kernel.kernels.0"": [0.3333363871892827, 0.33331025191074254, 0.33331683656708383, 0.33328525520056007, 0.33334423703884397, 0.33327013585763793, 0.33334720499582776, 0.33332180601051803, 0.33334252272222287, 0.33331231585405463, 0.33333693628645794, 0.3333362126442942, 0.3333309793635337, 0.3333384819018055, 0.3333255775522172, 0.3333265587154286, 0.3333234508660273, 0.3333400050779785], ""kernels.0.base_kernel.kernels.1.base_kernel"": [0.6931481805599428, 0.6931481805599428, 0.6931481805599428], ""kernels.1.base_kernel.kernels.0"": [0.050058704864254885, 0.3251545557231526, 0.4871640917801786, 0.38115884327745186, 0.05019427204781147, 0.48521109037544025, 0.1627159145556532, 0.5190064601137437, 0.13185957770939322, 0.38119423014501724, 0.10613989439082237, 0.2518646558002272, 0.39988683940286873, 0.6349144413149993, 0.4767313255189347, 0.3320359308682909, 0.2145849506621896, 0.05000915939496063], ""kernels.1.base_kernel.kernels.1"": [0.6931481805599428, 0.6931481805599428, 0.6931481805599428]}","{""kernels.0"": 9.786586167032314e-06, ""kernels.0.base_kernel.kernels.1"": 0.00588578797598212, ""kernels.1"": 0.9579821851345078}",10,5,30,0,0,73
467,114.42959614577146,83.94123523693789,0.4996,global,-4.1073480791018255,0.1739533112386013,0.0005220205290340684,0.32129259559110557,0.050009159394962234,0.33333629991681807,0.6931481805599428,"{""kernels.0.base_kernel.kernels.0"": [0.3333363871892901, 0.33331025191060903, 0.33331683656706973, 0.33328525520051316, 0.3333442370388758, 0.3332701358573142, 0.3333472049958162, 0.33332180601045597, 0.33334252272227644, 0.3333123158540235, 0.3333369362865001, 0.33333621264434604, 0.3333309793635312, 0.3333384819015987, 0.333325577552182, 0.3333265587154032, 0.3333234508660138, 0.33334000507798833], ""kernels.0.base_kernel.kernels.1.base_kernel"": [0.6931481805599428, 0.6931481805599428, 0.6931481805599428], ""kernels.1.base_kernel.kernels.0"": [0.05005870486425137, 0.3251545537173268, 0.4871640904643283, 0.3811588429171142, 0.050194272047515386, 0.48521108589812484, 0.162715912951034, 0.5190064548436447, 0.1318595794939197, 0.38119422757162813, 0.1061398939417895, 0.2518646555853784, 0.3998868373638633, 0.6349144340616781, 0.4767313250628838, 0.33203592996460174, 0.21458494956364715, 0.050009159394962234], ""kernels.1.base_kernel.kernels.1"": [0.6931481805599428, 0.6931481805599428, 0.6931481805599428]}","{""kernels.0"": 9.786586167366597e-06, ""kernels.0.base_kernel.kernels.1"": 0.0058857879759811145, ""kernels.1"": 0.9579822122111682}",10,5,30,0,0,74
468,118.74202529280126,83.94123523693789,0.5006,global,-4.26491726999025,0.23765302011346257,0.0005272068730189502,0.3177622098888018,0.05000918158978428,0.33333647001801225,0.6931481805599428,"{""kernels.0.base_kernel.kernels.0"": [0.33333642576419653, 0.3333097608997517, 0.3333170400202699, 0.3332848511319364, 0.33334453134416, 0.33326553090643635, 0.3333477860647568, 0.33332250269755215, 0.33334291627579504, 0.3333120725179584, 0.33333746544609677, 0.3333360308821405, 0.33333150058626027, 0.333336514271828, 0.33332535218402165, 0.33332648570561035, 0.3333236370727497, 0.3333400892157564], ""kernels.0.base_kernel.kernels.1.base_kernel"": [0.6931481805599428, 0.6931481805599428, 0.6931481805599428], ""kernels.1.base_kernel.kernels.0"": [0.050058654902089016, 0.3158292467074584, 0.46817796258222055, 0.38755105917438887, 0.050190522050267194, 0.35717986949907204, 0.16088345682001554, 0.4724212017792927, 0.1552889423970947, 0.3518653591858376, 0.10121423310175837, 0.26130322380802545, 0.4083077688106975, 0.6094835458904585, 0.4769793994830764, 0.3420761456288283, 0.22205441693842912, 0.05000918158978428], ""kernels.1.base_kernel.kernels.1"": [0.6931481805599428, 0.6931481805599428, 0.6931481805599428]}","{""kernels.0"": 9.79099526479954e-06, ""kernels.0.base_kernel.kernels.1"": 0.005885774413145778, ""kernels.1"": 0.9473910642579948}",10,5,30,0,0,75
469,140.38324922805572,83.94123523693789,0.501,local,-4.337677580547207,0.2217092050577154,0.0005219007839569071,0.31913555881538186,0.05000918420072075,0.3333365155854464,0.6931481805599428,"{""kernels.0.base_kernel.kernels.0"": [0.33333634764795084, 0.33331051429948894, 0.33331741572464746, 0.33328526510995066, 0.3333443037740702, 0.3332684671141196, 0.33334749724637686, 0.3333225371736614, 0.3333423434115874, 0.3333124693027233, 0.33333742051960513, 0.3333356916426289, 0.33333142173863084, 0.33333668352294193, 0.33332541984590475, 0.33332654640131454, 0.33332362753916756, 0.3333400259522308], ""kernels.0.base_kernel.kernels.1.base_kernel"": [0.6931481805599428, 0.6931481805599428, 0.6931481805599428], ""kernels.1.base_kernel.kernels.0"": [0.05005864426916705, 0.33300481361331297, 0.4692086476263448, 0.3979861089479644, 0.05019029837434022, 0.3554647423490915, 0.15717258456598568, 0.4492356325821162, 0.15437534275476994, 0.34859284830680654, 0.10398989785556668, 0.2660832862710282, 0.4054289959158591, 0.621856010392904, 0.47505213677615843, 0.33770320798113, 0.21870089463508485, 0.05000918420072075], ""kernels.1.base_kernel.kernels.1"": [0.6931481805599428, 0.6931481805599428, 0.6931481805599428]}","{""kernels.0"": 9.791435709923861e-06, ""kernels.0.base_kernel.kernels.1"": 0.005885772777527095, ""kernels.1"": 0.9515111122329085}",10,5,30,1,0,76
470,116.7587315812458,83.94123523693789,0.5016,local,-4.969154917849879,0.25270758475392896,0.0005225925273949904,0.32085840078479844,0.0500091846351843,0.3333370238118805,0.6931481805599428,"{""kernels.0.base_kernel.kernels.0"": [0.3333363379881821, 0.33331053612705447, 0.3333174574979996, 0.33328526050317764, 0.3333442837637263, 0.3332688752691906, 0.3333475021057642, 0.3333225678150256, 0.3333422721542819, 0.33331249658761347, 0.33333741217685353, 0.33333563177295195, 0.333331399126611, 0.3333366354469075, 0.33332542856511266, 0.3333265311611149, 0.3333236351607304, 0.3333400224385642], ""kernels.0.base_kernel.kernels.1.base_kernel"": [0.6931481805599428, 0.6931481805599428, 0.6931481805599428], ""kernels.1.base_kernel.kernels.0"": [0.05005864238320648, 0.3333795062643892, 0.46906375116271476, 0.39883466131323886, 0.050190261296958735, 0.3545054940563885, 0.15818782164830708, 0.44685622293818095, 0.15473798657148696, 0.34659178454070066, 0.10407737148132665, 0.26529906451169805, 0.4045899876552467, 0.6187909185313657, 0.4745662160698149, 0.33653970561860663, 0.2185558069757092, 0.0500091846351843], ""kernels.1.base_kernel.kernels.1"": [0.6931481805599428, 0.6931481805599428, 0.6931481805599428]}","{""kernels.0"": 9.791516402864846e-06, ""kernels.0.base_kernel.kernels.1"": 0.0058857725129424976, ""kernels.1"": 0.95667963832505}",10,5,30,2,0,77
471,93.68234896584406,83.94123523693789,0.4992,global,-4.163186657150322,0.23324487568896948,0.0005229679164987293,0.32085839157080337,0.050009184635186076,0.3333370238118063,0.6931481805599428,"{""kernels.0.base_kernel.kernels.0"": [0.3333363379881367, 0.3333105361271731, 0.3333174574981957, 0.33328526050329604, 0.33334428376362785, 0.33326887527088844, 0.3333475021057509, 0.3333225678151926, 0.33334227215396006, 0.33331249658781037, 0.33333741217680707, 0.33333563177273823, 0.33333139912650855, 0.3333366354468056, 0.33332542856517033, 0.33332653116109684, 0.3333236351607887, 0.33334002243851973], ""kernels.0.base_kernel.kernels.1.base_kernel"": [0.6931481805599428, 0.6931481805599428, 0.6931481805599428], ""kernels.1.base_kernel.kernels.0"": [0.05005864238319923, 0.3333795099429258, 0.4690637515898898, 0.3988346673297165, 0.05019026129680864, 0.3545054915587865, 0.15818782803659295, 0.4468562147032873, 0.15473798879313805, 0.3465917784885491, 0.1040773721683549, 0.26529906317834345, 0.40458998501865245, 0.6187909108531633, 0.47456621465955967, 0.33653970278524437, 0.21855580701824198, 0.050009184635186076], ""kernels.1.base_kernel.kernels.1"": [0.6931481805599428, 0.6931481805599428, 0.6931481805599428]}","{""kernels.0"": 9.791516403170513e-06, ""kernels.0.base_kernel.kernels.1"": 0.005885772512941423, ""kernels.1"": 0.9566796106830655}",10,5,30,0,0,78
472,94.36799289791223,83.94123523693789,0.5014,global,-3.9531689758531643,0.22555222061847413,0.0005233810652680612,0.3185592403410981,0.050009184983247176,0.3333370176418712,0.6931481805599428,"{""kernels.0.base_kernel.kernels.0"": [0.3333363285684583, 0.33331055386247105, 0.3333174935717621, 0.3332852849588082, 0.3333442670331909, 0.3332691902390085, 0.3333475046807223, 0.33332259853272006, 0.33334220235389705, 0.3333125514360839, 0.3333374024242546, 0.3333355900712051, 0.3333313786427353, 0.3333366328594878, 0.33332544099479977, 0.33332653532373047, 0.33332364828278654, 0.3333400134873787], ""kernels.0.base_kernel.kernels.1.base_kernel"": [0.6931481805599428, 0.6931481805599428, 0.6931481805599428], ""kernels.1.base_kernel.kernels.0"": [0.0500586409045845, 0.33424817894863995, 0.4691336218650862, 0.40002474465728566, 0.05019023089320668, 0.353876039475588, 0.1594349823267116, 0.4452443526655801, 0.15532458313280642, 0.34599624877171287, 0.10427785539394686, 0.26499054924287546, 0.40411960836193855, 0.6179115885711075, 0.4743080035433685, 0.336252206427234, 0.21863845626676714, 0.050009184983247176], ""kernels.1.base_kernel.kernels.1"": [0.6931481805599428, 0.6931481805599428, 0.6931481805599428]}","{""kernels.0"": 9.7915761030307e-06, ""kernels.0.base_kernel.kernels.1"": 0.0058857723023927715, ""kernels.1"": 0.9497821571447985}",10,5,30,1,0,79
473,205.5805440623755,83.94123523693789,0.4962,global,-5.747775323557416,0.40948861833962324,0.0005223282466120666,0.32174277292409664,0.050009185610737,0.3333370112422213,0.6931481805599428,"{""kernels.0.base_kernel.kernels.0"": [0.3333363142302644, 0.3333105466682372, 0.3333175424862116, 0.33328527840558614, 0.33334424345019537, 0.3332696964679157, 0.3333475281365709, 0.333322632928725, 0.33334208181354374, 0.3333126296785567, 0.33333738730577195, 0.33333550587218747, 0.3333313333388349, 0.3333366351786707, 0.33332545039941447, 0.3333265350128427, 0.3333236596836367, 0.3333400072762161], ""kernels.0.base_kernel.kernels.1.base_kernel"": [0.6931481805599428, 0.6931481805599428, 0.6931481805599428], ""kernels.1.base_kernel.kernels.0"": [0.05005863800064672, 0.33466140318719023, 0.4689091063019302, 0.4014701406393501, 0.050190169590836296, 0.35151904530017214, 0.16110164860586654, 0.4412728073112551, 0.15581022817008705, 0.34435016944472835, 0.1044174718327151, 0.26367523097422374, 0.4026224997293206, 0.616216732062559, 0.4735292456782971, 0.33540819521018583, 0.21835671448913557, 0.050009185610737], ""kernels.1.base_kernel.kernels.1"": [0.6931481805599428, 0.6931481805599428, 0.6931481805599428]}","{""kernels.0"": 9.791689985043266e-06, ""kernels.0.base_kernel.kernels.1"": 0.0058857719210547495, ""kernels.1"": 0.95933275516125}",10,5,30,2,0,80
474,103.39093209475189,83.94123523693789,0.4972,local,-3.8591262937021122,0.1700096011730976,0.0005090665402145692,0.3209057402971457,0.05000920904348853,0.33333452914616585,0.6931481805599428,"{""kernels.0.base_kernel.kernels.0"": [0.33333581845105864, 0.3333101322971556, 0.3333197954411519, 0.3332845962392735, 0.3333429904187159, 0.3332879588490801, 0.33334637952362123, 0.3333264274142078, 0.33333762567132963, 0.3333166169437827, 0.333336622934268, 0.33333323984127305, 0.3333309707355304, 0.33333875607690633, 0.33332627576986584, 0.3333275091759554, 0.33332460924603474, 0.33333961930368655], ""kernels.0.base_kernel.kernels.1.base_kernel"": [0.6931481805599428, 0.6931481805599428, 0.6931481805599428], ""kernels.1.base_kernel.kernels.0"": [0.05005854008524138, 0.36936737420348503, 0.45998771513684, 0.44973823550197845, 0.05018775147903398, 0.2895190435825507, 0.17114431997623808, 0.3572448102749498, 0.17998642406936288, 0.29439606911889205, 0.11126329335109177, 0.2700488172775101, 0.3790970769635241, 0.606289912031112, 0.45380353451867605, 0.33414165160799597, 0.21457120707110297, 0.05000920904348853], ""kernels.1.base_kernel.kernels.1"": [0.6931481805599428, 0.6931481805599428, 0.6931481805599428]}","{""kernels.0"": 9.795533673601017e-06, ""kernels.0.base_kernel.kernels.1"": 0.005885758012744913, ""kernels.1"": 0.9568216673450186}",10,5,30,1,1,81
475,272.8343225647534,83.94123523693789,0.4808,global,-5.714749892310682,0.3993606163728327,0.0005089583567950953,0.32090572035098724,0.050009209043499696,0.33333452914553496,0.6931481805599428,"{""kernels.0.base_kernel.kernels.0"": [0.33333581845087246, 0.3333101322964523, 0.3333197954421224, 0.33328459623767165, 0.33334299041805654, 0.33328795885633544, 0.3333463795226155, 0.3333264274175217, 0.3333376256694237, 0.33331661694621695, 0.33333662293388633, 0.3333332398401975, 0.3333309707359985, 0.3333387560785429, 0.3333262757703285, 0.3333275091766551, 0.33332460924667845, 0.3333396193035085], ""kernels.0.base_kernel.kernels.1.base_kernel"": [0.6931481805599428, 0.6931481805599428, 0.6931481805599428], ""kernels.1.base_kernel.kernels.0"": [0.050058540085190395, 0.36936738145247994, 0.45998770548236617, 0.4497382462155027, 0.05018775147803841, 0.2895190724442589, 0.1711443217395907, 0.35724481579223366, 0.17998642900891926, 0.29439606807891494, 0.11126329032633384, 0.2700488272292265, 0.37909707455006936, 0.6062899064161013, 0.453803530706137, 0.3341416522547199, 0.21457121095237713, 0.050009209043499696], ""kernels.1.base_kernel.kernels.1"": [0.6931481805599428, 0.6931481805599428, 0.6931481805599428]}","{""kernels.0"": 9.795533675197352e-06, ""kernels.0.base_kernel.kernels.1"": 0.005885758012738257, ""kernels.1"": 0.9568216075065483}",10,5,30,0,1,82
476,94.75980654669013,83.94123523693789,0.5002,global,-3.918541396061574,0.19969523192925182,0.0005086501008426063,0.3209056194301966,0.050009209043531296,0.33333452914400546,0.6931481805599428,"{""kernels.0.base_kernel.kernels.0"": [0.33333581845038207, 0.3333101322946603, 0.33331979544490725, 0.33328459623137563, 0.33334299041633136, 0.33328795887650164, 0.33334637952052, 0.33332642742721774, 0.33333762566407144, 0.3333166169531364, 0.33333662293283384, 0.33333323983762886, 0.3333309707379973, 0.33333875608217356, 0.33332627577167023, 0.33332750917744497, 0.33332460924870927, 0.3333396193031691], ""kernels.0.base_kernel.kernels.1.base_kernel"": [0.6931481805599428, 0.6931481805599428, 0.6931481805599428], ""kernels.1.base_kernel.kernels.0"": [0.05005854008505042, 0.369367408632592, 0.45998768007315843, 0.4497382599272038, 0.05018775147504766, 0.28951914955654007, 0.1711443351812635, 0.357244836846832, 0.17998644795729407, 0.29439606280839414, 0.11126328286708353, 0.2700488604876198, 0.379097065861791, 0.6062898662239052, 0.4538035178996349, 0.3341416574342284, 0.21457122140493964, 0.050009209043531296], ""kernels.1.base_kernel.kernels.1"": [0.6931481805599428, 0.6931481805599428, 0.6931481805599428]}","{""kernels.0"": 9.795533679739226e-06, ""kernels.0.base_kernel.kernels.1"": 0.005885758012719316, ""kernels.1"": 0.9568213047441907}",10,5,30,0,0,83
477,96.9271759373747,83.94123523693789,0.501,global,-3.920017398955725,0.2108823898808239,0.0005082738468395239,0.3209054128776381,0.05000920904357039,0.33333452914204775,0.6931481805599428,"{""kernels.0.base_kernel.kernels.0"": [0.3333358184498456, 0.3333101322926634, 0.33331979544815643, 0.33328459622321305, 0.33334299041434484, 0.33328795889993884, 0.33334637951860363, 0.3333264274390002, 0.3333376256575981, 0.33331661696155346, 0.333336622931576, 0.33333323983424995, 0.3333309707405362, 0.3333387560865202, 0.33332627577323004, 0.3333275091781966, 0.3333246092511822, 0.33333961930285466], ""kernels.0.base_kernel.kernels.1.base_kernel"": [0.6931481805599428, 0.6931481805599428, 0.6931481805599428], ""kernels.1.base_kernel.kernels.0"": [0.050058540084901265, 0.3693674510813402, 0.4599876464848508, 0.4497382842824278, 0.05018775147156135, 0.28951924768666404, 0.17114435959727953, 0.3572448706421202, 0.17998647515683794, 0.2943960751181407, 0.11126327427145002, 0.2700489056070583, 0.37909707439958895, 0.6062898178669505, 0.4538035051207303, 0.3341416718221356, 0.2145712412004738, 0.05000920904357039], ""kernels.1.base_kernel.kernels.1"": [0.6931481805599428, 0.6931481805599428, 0.6931481805599428]}","{""kernels.0"": 9.795533685310185e-06, ""kernels.0.base_kernel.kernels.1"": 0.005885758012696231, ""kernels.1"": 0.9568206850865327}",10,5,30,0,0,84
478,95.3334686560265,83.94123523693789,0.5006,global,-3.985082307144365,0.15638599305240883,0.0005085788295828052,0.3209052542452401,0.05000920904359241,0.33333452914097633,0.6931481805599428,"{""kernels.0.base_kernel.kernels.0"": [0.33333581844953547, 0.3333101322915382, 0.333319795450019, 0.3332845962198934, 0.3333429904131951, 0.33328795891296104, 0.33334637951756135, 0.3333264274456572, 0.3333376256541605, 0.333316616966427, 0.33333662293094546, 0.3333332398324172, 0.3333309707419524, 0.3333387560889326, 0.3333262757740974, 0.333327509178584, 0.33332460925259233, 0.33333961930266376], ""kernels.0.base_kernel.kernels.1.base_kernel"": [0.6931481805599428, 0.6931481805599428, 0.6931481805599428], ""kernels.1.base_kernel.kernels.0"": [0.0500585400848157, 0.3693674674952829, 0.4599876279415094, 0.4497383755400133, 0.050187751469625876, 0.28951930160617384, 0.17114437905328134, 0.357244896826774, 0.1799865004032045, 0.29439609083836615, 0.11126327334903427, 0.2700489306065334, 0.3790970786856247, 0.6062897927886188, 0.45380349747365895, 0.3341416814552063, 0.2145712528637028, 0.05000920904359241], ""kernels.1.base_kernel.kernels.1"": [0.6931481805599428, 0.6931481805599428, 0.6931481805599428]}","{""kernels.0"": 9.795533688388277e-06, ""kernels.0.base_kernel.kernels.1"": 0.0058857580126833306, ""kernels.1"": 0.9568202091893485}",10,5,30,0,1,85
479,108.08225466962375,83.94123523693789,0.4982,global,-4.052048729290038,0.22092995872648347,0.0005084067387331973,0.3188959482157386,0.05000920925689443,0.3333345188602282,0.6931481805599428,"{""kernels.0.base_kernel.kernels.0"": [0.3333358154416786, 0.3333101217449606, 0.3333198133928338, 0.33328456626823777, 0.33334297940522317, 0.3332880851960703, 0.3333463694962496, 0.3333264915610965, 0.3333375935001792, 0.3333166642486718, 0.33333661688709215, 0.33333322227877776, 0.3333309849194482, 0.3333387790539086, 0.33332628434821643, 0.3333275131051408, 0.3333246230935377, 0.3333396172656615], ""kernels.0.base_kernel.kernels.1.base_kernel"": [0.6931481805599428, 0.6931481805599428, 0.6931481805599428], ""kernels.1.base_kernel.kernels.0"": [0.05005853927824566, 0.3695729223131639, 0.4598061658228196, 0.4507659745030333, 0.050187734178353524, 0.29014476461464644, 0.17137437705985525, 0.3574839663215225, 0.18040806738278492, 0.2945768672505294, 0.11127183491656478, 0.2703031671899928, 0.37920454897705835, 0.6060428724517574, 0.45374311758513186, 0.334253382042197, 0.21470774883010457, 0.05000920925689443], ""kernels.1.base_kernel.kernels.1"": [0.6931481805599428, 0.6931481805599428, 0.6931481805599428]}","{""kernels.0"": 9.795563194401744e-06, ""kernels.0.base_kernel.kernels.1"": 0.005885757888431546, ""kernels.1"": 0.9507922911955898}",10,5,30,1,0,86
480,83.98813433886758,83.94123523693789,0.4978,global,-3.7663006821180742,0.0411037714498661,0.0005086074408568524,0.3188959490079302,0.0500092092568961,0.33333451886014054,0.6931481805599428,"{""kernels.0.base_kernel.kernels.0"": [0.33333581544165924, 0.33331012174481783, 0.33331981339294386, 0.3332845662678958, 0.33334297940515106, 0.3332880851969574, 0.3333463694961801, 0.33332649156155536, 0.33333759349991493, 0.3333166642489986, 0.3333366168870479, 0.33333322227862183, 0.33333098491954183, 0.33333877905404724, 0.33332628434826167, 0.3333275131051438, 0.33332462309362637, 0.3333396172656547], ""kernels.0.base_kernel.kernels.1.base_kernel"": [0.6931481805599428, 0.6931481805599428, 0.6931481805599428], ""kernels.1.base_kernel.kernels.0"": [0.050058539278238494, 0.3695729223443114, 0.4598061635430829, 0.45076598001414436, 0.05018773417819826, 0.29014476604435435, 0.1713743776381833, 0.35748396490711376, 0.18040806895646833, 0.29457686755640633, 0.11127183449287134, 0.27030316712754654, 0.3792045482195773, 0.6060428681093253, 0.4537431163714971, 0.33425338126777215, 0.21470774900397874, 0.0500092092568961], ""kernels.1.base_kernel.kernels.1"": [0.6931481805599428, 0.6931481805599428, 0.6931481805599428]}","{""kernels.0"": 9.79556319464568e-06, ""kernels.0.base_kernel.kernels.1"": 0.005885757888430572, ""kernels.1"": 0.9507922935721655}",10,5,30,0,0,87
481,119.54455494485873,83.94123523693789,0.4998,global,-4.90870575768588,0.2267108685541754,0.0005032724385513733,0.31889436655656606,0.0500092092574788,0.33333451882990617,0.6931481805599428,"{""kernels.0.base_kernel.kernels.0"": [0.33333581543443147, 0.3333101216956721, 0.33331981343121814, 0.3332845661642972, 0.3333429793783346, 0.33328808551513694, 0.3333463694689112, 0.33332649175314094, 0.3333375934088497, 0.3333166643679746, 0.33333661687005023, 0.3333332222253808, 0.33333098494636754, 0.3333387791290107, 0.33332628436528366, 0.3333275131116172, 0.3333246231256438, 0.33333961726209893], ""kernels.0.base_kernel.kernels.1.base_kernel"": [0.6931481805599428, 0.6931481805599428, 0.6931481805599428], ""kernels.1.base_kernel.kernels.0"": [0.0500585392757736, 0.3695733338360685, 0.45980536888025497, 0.4507683063611697, 0.050187734127688025, 0.2901460399747603, 0.1713747582979227, 0.35748524322495573, 0.18040882793895377, 0.29457721270805814, 0.11127172656279222, 0.27030317056527, 0.379204338240672, 0.6060419729502805, 0.45374277951262715, 0.3342533326954289, 0.21470792953490997, 0.0500092092574788], ""kernels.1.base_kernel.kernels.1"": [0.6931481805599428, 0.6931481805599428, 0.6931481805599428]}","{""kernels.0"": 9.795563277290672e-06, ""kernels.0.base_kernel.kernels.1"": 0.005885757888093528, ""kernels.1"": 0.9507875462183273}",10,5,30,0,0,88
482,86.34802905114367,83.94123523693789,0.4978,global,-3.3800756060322485,0.0708886068423649,0.0005041179796485037,0.3178639176524853,0.050009209575484555,0.3333345019740298,0.6931481805599428,"{""kernels.0.base_kernel.kernels.0"": [0.3333358114848082, 0.33331009765016706, 0.3333198326904724, 0.3332845068572441, 0.3333429638116485, 0.3332882607603087, 0.33334635329797746, 0.3333265967417809, 0.3333375430148234, 0.3333167287900531, 0.3333366068796782, 0.33333319246325144, 0.3333310000944554, 0.3333388280126975, 0.3333262949359257, 0.33332751838515523, 0.3333246406893336, 0.3333396150551352], ""kernels.0.base_kernel.kernels.1.base_kernel"": [0.6931481805599428, 0.6931481805599428, 0.6931481805599428], ""kernels.1.base_kernel.kernels.0"": [0.050058537917252816, 0.36987758114429575, 0.4593499197593197, 0.4522768953062996, 0.05018770694969536, 0.2908692209673005, 0.17154680904953296, 0.3581699534128302, 0.18081850127341004, 0.29474375755459686, 0.11124145231000085, 0.270317872934296, 0.3790864083252433, 0.6056843075111588, 0.4536050900396311, 0.33425802250959447, 0.21480602062180174, 0.050009209575484555], ""kernels.1.base_kernel.kernels.1"": [0.6931481805599428, 0.6931481805599428, 0.6931481805599428]}","{""kernels.0"": 9.795607816885646e-06, ""kernels.0.base_kernel.kernels.1"": 0.005885757705358468, ""kernels.1"": 0.9476961996442805}",10,5,30,1,0,89
483,100.79178314353983,83.94123523693789,0.502,local,-3.8880920487736508,0.16857938664702848,0.0005028089089955425,0.31786402103189443,0.05000920957563688,0.333334501966953,0.6931481805599428,"{""kernels.0.base_kernel.kernels.0"": [0.3333358114832738, 0.33331009764214875, 0.33331983269855053, 0.33328450682209304, 0.33334296380439127, 0.3332882608425975, 0.333346353291449, 0.33332659679403565, 0.3333375429884387, 0.33331672881910396, 0.3333366068753439, 0.3333331924506322, 0.33333100009930533, 0.3333388280362038, 0.3333262949397677, 0.3333275183858062, 0.3333246406962593, 0.3333396150550993], ""kernels.0.base_kernel.kernels.1.base_kernel"": [0.6931481805599428, 0.6931481805599428, 0.6931481805599428], ""kernels.1.base_kernel.kernels.0"": [0.05005853791660779, 0.36987775972234804, 0.45934967118396647, 0.4522774953414617, 0.050187706937243136, 0.29086963001035604, 0.17154680959198426, 0.3581705312368966, 0.18081842373519402, 0.29474374252456736, 0.111241429525669, 0.27031772610346877, 0.3790862799599795, 0.6056842040399062, 0.4536049950734334, 0.33425800777165415, 0.21480603325059683, 0.05000920957563688], ""kernels.1.base_kernel.kernels.1"": [0.6931481805599428, 0.6931481805599428, 0.6931481805599428]}","{""kernels.0"": 9.79560783874216e-06, ""kernels.0.base_kernel.kernels.1"": 0.005885757705270657, ""kernels.1"": 0.9476965097825738}",10,5,30,1,0,90
484,98.59946630148434,83.94123523693789,0.5,global,-4.1086687661996315,0.18005032250381764,0.0005029308667524891,0.3178640195479303,0.050009209575638744,0.33333450196687364,0.6931481805599428,"{""kernels.0.base_kernel.kernels.0"": [0.33333581148325564, 0.33331009764205255, 0.3333198326986447, 0.33328450682169086, 0.3333429638042983, 0.3332882608435971, 0.3333463532913902, 0.33332659679467075, 0.33333754298813406, 0.3333167288194571, 0.33333660687528904, 0.3333331924504916, 0.33333100009938427, 0.33333882803647424, 0.33332629493981314, 0.33332751838580466, 0.3333246406963492, 0.3333396150550987], ""kernels.0.base_kernel.kernels.1.base_kernel"": [0.6931481805599428, 0.6931481805599428, 0.6931481805599428], ""kernels.1.base_kernel.kernels.0"": [0.05005853791659994, 0.3698777621349239, 0.45934966797581117, 0.4522775033922084, 0.050187706937096996, 0.2908696355160567, 0.17154680991865223, 0.3581705378396444, 0.18081842316007246, 0.2947437423432177, 0.11124142923785332, 0.27031772458234593, 0.3790862795003155, 0.6056842019472176, 0.4536049939931873, 0.3342580113105256, 0.21480603378787053, 0.050009209575638744], ""kernels.1.base_kernel.kernels.1"": [0.6931481805599428, 0.6931481805599428, 0.6931481805599428]}","{""kernels.0"": 9.79560783900771e-06, ""kernels.0.base_kernel.kernels.1"": 0.005885757705269583, ""kernels.1"": 0.9476965053306824}",10,5,30,0,1,91
485,85.55130054499047,83.94123523693789,0.499,global,-3.780259576735416,0.05481199009826201,0.0005026331964756887,0.3178639341871994,0.05000920957567079,0.3333345019655968,0.6931481805599428,"{""kernels.0.base_kernel.kernels.0"": [0.3333358114829522, 0.3333100976407006, 0.3333198327002481, 0.3332845068149676, 0.3333429638026948, 0.3332882608608107, 0.33334635329050066, 0.33332659680555604, 0.3333375429829179, 0.3333167288255405, 0.3333366068743798, 0.3333331924482413, 0.33333100010067857, 0.3333388280410272, 0.33332629494058513, 0.3333275183857782, 0.3333246406978882, 0.3333396150550592], ""kernels.0.base_kernel.kernels.1.base_kernel"": [0.6931481805599428, 0.6931481805599428, 0.6931481805599428], ""kernels.1.base_kernel.kernels.0"": [0.05005853791648052, 0.3698778220354566, 0.45934961165109445, 0.45227765753369564, 0.05018770693460016, 0.29086973656091675, 0.17154682410251104, 0.3581706481421872, 0.18081841544009075, 0.2947437415066625, 0.11124143255871094, 0.270317723585762, 0.37908626956298447, 0.6056841644825021, 0.4536049748348897, 0.3342580739687565, 0.21480604214814533, 0.05000920957567079], ""kernels.1.base_kernel.kernels.1"": [0.6931481805599428, 0.6931481805599428, 0.6931481805599428]}","{""kernels.0"": 9.795607843553513e-06, ""kernels.0.base_kernel.kernels.1"": 0.005885757705251174, ""kernels.1"": 0.9476962492485034}",10,5,30,1,0,92
486,128.37827406845597,83.94123523693789,0.5034,global,-5.106143640838008,0.17275287798227124,0.0005003093188242023,0.3161930492821579,0.050009209888368863,0.3333344894912267,0.6931481805599428,"{""kernels.0.base_kernel.kernels.0"": [0.33333580832819665, 0.33331008425123143, 0.33331984802544384, 0.3332844432188229, 0.33334294849115575, 0.33328843220723614, 0.33334634588697903, 0.333326697802949, 0.33333749283848624, 0.3333167905109145, 0.3333365988054838, 0.33333317065425666, 0.33333101368178547, 0.3333388823742614, 0.3333263041274102, 0.3333275178593849, 0.33332465639377246, 0.3333396144658624], ""kernels.0.base_kernel.kernels.1.base_kernel"": [0.6931481805599428, 0.6931481805599428, 0.6931481805599428], ""kernels.1.base_kernel.kernels.0"": [0.05005853675434267, 0.3706218555269351, 0.4588288781625856, 0.45395874864495245, 0.050187684974974875, 0.2923811324817509, 0.17180509489124857, 0.35930713543686954, 0.18067988720740932, 0.2948172363616371, 0.11130871810120149, 0.27030643843286595, 0.379061355828058, 0.6058207795043467, 0.45346002355651344, 0.33502844550320315, 0.21494069589812545, 0.050009209888368863], ""kernels.1.base_kernel.kernels.1"": [0.6931481805599428, 0.6931481805599428, 0.6931481805599428]}","{""kernels.0"": 9.795650899785261e-06, ""kernels.0.base_kernel.kernels.1"": 0.00588575752917372, ""kernels.1"": 0.9426835946664002}",10,5,30,0,0,93
487,108.80736042091752,83.94123523693789,0.4992,global,-4.09487185463049,0.1895275945659182,0.0005005007138995575,0.31868460510678115,0.05000921023573107,0.3333344678962498,0.6931481805599428,"{""kernels.0.base_kernel.kernels.0"": [0.3333358056817055, 0.3333100264729693, 0.33331986169482136, 0.33328438318472925, 0.33334292354164663, 0.33328859968077734, 0.3333463406966125, 0.3333268275022558, 0.3333374463331109, 0.33331687092837375, 0.33333659415498135, 0.33333313011079413, 0.3333310306403474, 0.3333388945805944, 0.333326311193597, 0.33332750036306685, 0.3333246710649357, 0.33333961551913366], ""kernels.0.base_kernel.kernels.1.base_kernel"": [0.6931481805599428, 0.6931481805599428, 0.6931481805599428], ""kernels.1.base_kernel.kernels.0"": [0.05005853531777385, 0.37054113764518015, 0.45795290147973583, 0.4555817907272727, 0.050187651887004636, 0.29333834059434993, 0.17178046491372234, 0.3602189638256331, 0.17983459749929548, 0.2947957235369548, 0.11128686086555303, 0.2697966013128287, 0.3787618885804816, 0.6053172919637492, 0.4532403889871558, 0.3355148827851424, 0.2149519113892148, 0.05000921023573107], ""kernels.1.base_kernel.kernels.1"": [0.6931481805599428, 0.6931481805599428, 0.6931481805599428]}","{""kernels.0"": 9.795702428336015e-06, ""kernels.0.base_kernel.kernels.1"": 0.005885757329345853, ""kernels.1"": 0.9501582622885694}",10,5,30,0,0,94
488,97.99824348948198,83.94123523693789,0.5,global,-4.00266163436919,0.20350989863854727,0.0005007596209590633,0.3186845958503602,0.050009210235732834,0.3333344678961653,0.6931481805599428,"{""kernels.0.base_kernel.kernels.0"": [0.3333358056816933, 0.33331002647276553, 0.33331986169491706, 0.33328438318453, 0.3333429235415247, 0.33328859968162217, 0.33334634069655344, 0.3333268275029087, 0.3333374463329205, 0.333316870928796, 0.333336594154962, 0.3333331301106373, 0.3333310306404327, 0.3333388945806984, 0.33332631119364964, 0.33332750036298786, 0.33332467106500696, 0.33333961551913355], ""kernels.0.base_kernel.kernels.1.base_kernel"": [0.6931481805599428, 0.6931481805599428, 0.6931481805599428], ""kernels.1.base_kernel.kernels.0"": [0.05005853531776817, 0.37054114076908307, 0.4579528980550889, 0.4555818009546774, 0.050187651886861785, 0.2933383479375401, 0.17178046673225733, 0.36021897088798527, 0.1798345955353231, 0.29479572509650614, 0.11128686144040104, 0.269796601218236, 0.37876188911519926, 0.6053172920413731, 0.45324038874376826, 0.3355148860491158, 0.2149519122325957, 0.050009210235732834], ""kernels.1.base_kernel.kernels.1"": [0.6931481805599428, 0.6931481805599428, 0.6931481805599428]}","{""kernels.0"": 9.795702428579725e-06, ""kernels.0.base_kernel.kernels.1"": 0.005885757329344868, ""kernels.1"": 0.9501582345193071}",10,5,30,0,0,95
489,97.76570893173938,83.94123523693789,0.4998,global,-4.147052936244587,0.15552645157769468,0.0005012382120770192,0.316783978175508,0.05000921051112141,0.33333445866709044,0.6931481805599428,"{""kernels.0.base_kernel.kernels.0"": [0.3333358038627506, 0.3333100013750998, 0.3333198757433775, 0.33328435108562654, 0.33334290484115775, 0.3332887285171655, 0.3333463311573362, 0.3333269282666235, 0.33333741720181553, 0.33331693569182014, 0.3333365907205937, 0.33333311347143035, 0.3333310437386393, 0.3333389092740608, 0.33332631938408597, 0.3333274879702001, 0.33332468206201576, 0.3333396152976259], ""kernels.0.base_kernel.kernels.1.base_kernel"": [0.6931481805599428, 0.6931481805599428, 0.6931481805599428], ""kernels.1.base_kernel.kernels.0"": [0.050058534480396495, 0.3714104391736584, 0.4574003457531117, 0.45718123268816313, 0.05018762993858542, 0.29443091541223043, 0.1721406851984927, 0.3612935595763409, 0.17958735709804832, 0.29504036080332274, 0.1113646825658773, 0.2704078003066117, 0.3788945255289061, 0.605303372094236, 0.4532116300229403, 0.3360393659416137, 0.21509809517971412, 0.05000921051112141], ""kernels.1.base_kernel.kernels.1"": [0.6931481805599428, 0.6931481805599428, 0.6931481805599428]}","{""kernels.0"": 9.795739961202438e-06, ""kernels.0.base_kernel.kernels.1"": 0.005885757176857931, ""kernels.1"": 0.9444563816097049}",10,5,30,0,1,96
490,221.67847448379305,83.94123523693789,0.5018,global,-5.551512661856213,0.3788825617255932,0.000500648253304354,0.3210451463914636,0.050009215387007484,0.33333428802627363,0.6931481805599428,"{""kernels.0.base_kernel.kernels.0"": [0.33333579190600116, 0.3333093570319481, 0.3333200546143388, 0.3332833753694971, 0.333342627051351, 0.33329067649731337, 0.33334618418555234, 0.3333285315009216, 0.33333694748195836, 0.3333179599369679, 0.3333365422099807, 0.33333278414654616, 0.33333125279436987, 0.33333914703732487, 0.3333263919404057, 0.3333271903819814, 0.33332482265679536, 0.3333396443526005], ""kernels.0.base_kernel.kernels.1.base_kernel"": [0.6931481805599428, 0.6931481805599428, 0.6931481805599428], ""kernels.1.base_kernel.kernels.0"": [0.05005851948912922, 0.3826910047622431, 0.44620514062028666, 0.47727005688973856, 0.05018717525244984, 0.30574944858896, 0.1742264248842882, 0.3720342866861871, 0.17355352074855857, 0.29603186953074223, 0.11102289469212229, 0.276147493781853, 0.3798917696245948, 0.6031209811424794, 0.45136562813433506, 0.34209315941543006, 0.21646113791268953, 0.050009215387007484], ""kernels.1.base_kernel.kernels.1"": [0.6931481805599428, 0.6931481805599428, 0.6931481805599428]}","{""kernels.0"": 9.796450715048555e-06, ""kernels.0.base_kernel.kernels.1"": 0.0058857544505045494, ""kernels.1"": 0.9572398882731712}",10,5,30,0,0,97
491,138.77337102442428,83.94123523693789,0.4998,global,-5.699776111258682,0.2569222950974463,0.0005009396787056399,0.3210451448070874,0.05000921538700909,0.3333342880262321,0.6931481805599428,"{""kernels.0.base_kernel.kernels.0"": [0.33333579190601725, 0.3333093570316174, 0.3333200546144125, 0.33328337536893193, 0.3333426270513058, 0.33329067649759847, 0.3333461841855123, 0.33332853150125474, 0.33333694748191117, 0.33331795993718333, 0.33333654220998443, 0.33333278414644696, 0.3333312527944587, 0.3333391470373536, 0.3333263919403813, 0.33332719038186603, 0.3333248226568251, 0.33333964435260816], ""kernels.0.base_kernel.kernels.1.base_kernel"": [0.6931481805599428, 0.6931481805599428, 0.6931481805599428], ""kernels.1.base_kernel.kernels.0"": [0.050058519489125285, 0.3826910060876255, 0.4462051383998913, 0.47727005508160086, 0.05018717525226114, 0.3057494486119958, 0.17422642430604374, 0.3720342878437193, 0.17355352147631087, 0.2960318684443339, 0.11102289414282072, 0.27614749310769215, 0.3798917691496806, 0.6031209812945687, 0.4513656269339656, 0.34209315824494957, 0.2164611378457831, 0.05000921538700909], ""kernels.1.base_kernel.kernels.1"": [0.6931481805599428, 0.6931481805599428, 0.6931481805599428]}","{""kernels.0"": 9.796450715294652e-06, ""kernels.0.base_kernel.kernels.1"": 0.005885754450503658, ""kernels.1"": 0.9572398835200433}",10,5,30,0,0,98
492,134.7532654681803,83.94123523693789,0.4054,local,-4.0390220775587835,0.18113243190077863,0.0005017984710668387,0.3205650093288187,0.05000921845312963,0.33333420916752304,0.6931481805599428,"{""kernels.0.base_kernel.kernels.0"": [0.3333358231407832, 0.3333087187013996, 0.3333201938986472, 0.333282238408716, 0.33334254586453693, 0.3332911822106487, 0.3333461119483897, 0.3333291438415297, 0.3333368595212006, 0.33331835848261615, 0.33333655223137415, 0.3333325951942629, 0.3333314430486601, 0.3333391886807251, 0.3333263407423218, 0.33332696502485576, 0.3333248753612178, 0.33333966366856566], ""kernels.0.base_kernel.kernels.1.base_kernel"": [0.6931481805599428, 0.6931481805599428, 0.6931481805599428], ""kernels.1.base_kernel.kernels.0"": [0.050058512097529144, 0.3849486147756582, 0.44194086035058955, 0.47387771439788096, 0.05018682681899019, 0.3044466664460942, 0.17285259226349076, 0.37312788781509754, 0.17468522234528577, 0.2937322401022543, 0.10983191644386822, 0.27525193068316683, 0.37974732057932953, 0.6026918647064711, 0.44936091274027024, 0.33944363804210026, 0.2166912204641831, 0.05000921845312963], ""kernels.1.base_kernel.kernels.1"": [0.6931481805599428, 0.6931481805599428, 0.6931481805599428]}","{""kernels.0"": 9.796927350006743e-06, ""kernels.0.base_kernel.kernels.1"": 0.005885752740573725, ""kernels.1"": 0.9557994783185324}",10,5,30,2,1,99
493,124.11081906086096,83.94123523693789,0.501,global,-3.746434643763358,0.19978707354307904,0.0005023343626833144,0.324648897651315,0.05000921962309168,0.3333342223751118,0.6931481805599428,"{""kernels.0.base_kernel.kernels.0"": [0.33333583088441243, 0.3333084996833278, 0.333320335078126, 0.33328183018279284, 0.3333425209975642, 0.33329150333856683, 0.33334616477187184, 0.33332934214843507, 0.3333368049753127, 0.33331818024043813, 0.33333656229732833, 0.3333326138658112, 0.3333315043904296, 0.3333392349751256, 0.33332633050698873, 0.33332698111537273, 0.33332490452822583, 0.3333396695166504], ""kernels.0.base_kernel.kernels.1.base_kernel"": [0.6931481805599428, 0.6931481805599428, 0.6931481805599428], ""kernels.1.base_kernel.kernels.0"": [0.050058509759414976, 0.38758494779970926, 0.442130174572488, 0.46540663483560635, 0.050186699635365706, 0.30450932856797935, 0.17384092050392969, 0.37327994511209556, 0.17530905467419983, 0.28253118733489074, 0.10977000731784209, 0.2748453652070472, 0.38021314699323444, 0.6008371162830723, 0.44900541124680865, 0.3400446570639991, 0.21680072944208542, 0.05000921962309168], ""kernels.1.base_kernel.kernels.1"": [0.6931481805599428, 0.6931481805599428, 0.6931481805599428]}","{""kernels.0"": 9.797113028478937e-06, ""kernels.0.base_kernel.kernels.1"": 0.005885752090388162, ""kernels.1"": 0.9680511437505284}",10,5,30,0,1,100
494,102.58596216739727,83.94123523693789,0.4992,global,-4.149297255532834,0.1808092546034169,0.0005043028345589522,0.32070977108648824,0.050009219893016446,0.33333422890839803,0.6931481805599428,"{""kernels.0.base_kernel.kernels.0"": [0.3333358309032852, 0.33330848045298056, 0.3333203797822577, 0.3332818051878403, 0.3333425109442638, 0.3332915910704275, 0.3333461737401607, 0.33332939394863526, 0.33333679673717237, 0.33331816788325863, 0.3333365644878282, 0.33333262691351084, 0.33333147597006735, 0.333339261427182, 0.3333263198158573, 0.3333269980940191, 0.33332491877402803, 0.3333396673828837], ""kernels.0.base_kernel.kernels.1.base_kernel"": [0.6931481805599428, 0.6931481805599428, 0.6931481805599428], ""kernels.1.base_kernel.kernels.0"": [0.05005850955019013, 0.38923847359940955, 0.4424712955265045, 0.4649081501325964, 0.050186676324782506, 0.3053785326268436, 0.17443685900880257, 0.37408994787379257, 0.17576084124832028, 0.28074803361191003, 0.10994362802169924, 0.27538183233374586, 0.3789076901447788, 0.6014219299739224, 0.44876780580730335, 0.34057999767530855, 0.21716438626152668, 0.050009219893016446], ""kernels.1.base_kernel.kernels.1"": [0.6931481805599428, 0.6931481805599428, 0.6931481805599428]}","{""kernels.0"": 9.797150191511898e-06, ""kernels.0.base_kernel.kernels.1"": 0.005885751946428879, ""kernels.1"": 0.9562337641628443}",10,5,30,0,0,101
495,84.5946451197872,83.94123523693789,0.5,global,-3.9812567110890944,0.03846275593729919,0.0004948007811981559,0.32294593062728205,0.05000923930538305,0.33333262874449954,0.6931481805599428,"{""kernels.0.base_kernel.kernels.0"": [0.33333572784099047, 0.3333051830291409, 0.33332332202614234, 0.3332812367774496, 0.3333418300011224, 0.33329630317936465, 0.33334552809339024, 0.3333326013067107, 0.33333574905550634, 0.3333205434439282, 0.33333656261228195, 0.33333265618228836, 0.33333093563902416, 0.33334078047907045, 0.33332575327541064, 0.3333278476168595, 0.33332555527844676, 0.3333396304709733], ""kernels.0.base_kernel.kernels.1.base_kernel"": [0.6931481805599428, 0.6931481805599428, 0.6931481805599428], ""kernels.1.base_kernel.kernels.0"": [0.05005850447209881, 0.4614316791885863, 0.45051460987618924, 0.4937319704792121, 0.05018424538237881, 0.2988967623212721, 0.18364333009851003, 0.36913547103289424, 0.1819934129538644, 0.218531142840985, 0.10793962992494185, 0.30145218297738746, 0.3345667698856439, 0.6069018548291396, 0.43672930131863946, 0.32867506788115797, 0.22556544442043008, 0.05000923930538305], ""kernels.1.base_kernel.kernels.1"": [0.6931481805599428, 0.6931481805599428, 0.6931481805599428]}","{""kernels.0"": 9.79995107984577e-06, ""kernels.0.base_kernel.kernels.1"": 0.0058857411881103675, ""kernels.1"": 0.9629422507426559}",10,5,30,2,1,102
496,95.76564067917428,83.94123523693789,0.4972,global,-4.337522362846185,0.11229956043983547,0.0004896133928603326,0.32294431518465794,0.050009239305931,0.3333326287468785,0.6931481805599428,"{""kernels.0.base_kernel.kernels.0"": [0.3333357278426721, 0.3333051828554225, 0.3333233220736655, 0.333281236601296, 0.33334182999523476, 0.3332963032915616, 0.33334552806299567, 0.3333326013610121, 0.3333357490271383, 0.3333205435685088, 0.33333656262298067, 0.33333265613274493, 0.3333309356896946, 0.33334078055385485, 0.3333257532738545, 0.3333278476645732, 0.3333255552868927, 0.3333396304739335], ""kernels.0.base_kernel.kernels.1.base_kernel"": [0.6931481805599428, 0.6931481805599428, 0.6931481805599428], ""kernels.1.base_kernel.kernels.0"": [0.05005850447251729, 0.4614334787645719, 0.4505139639326968, 0.49373110048846264, 0.050184245298032525, 0.29889719225328226, 0.18364423361036386, 0.36913478375728903, 0.18199346297239707, 0.2185319555070317, 0.10793937697633776, 0.3014520237686827, 0.334567095810963, 0.6069024073822273, 0.43672945595100054, 0.328676284579928, 0.2255652720513072, 0.050009239305931], ""kernels.1.base_kernel.kernels.1"": [0.6931481805599428, 0.6931481805599428, 0.6931481805599428]}","{""kernels.0"": 9.799951163652417e-06, ""kernels.0.base_kernel.kernels.1"": 0.005885741187786526, ""kernels.1"": 0.9629374044150236}",10,5,30,0,0,103
497,89.85898241526073,83.94123523693789,0.4992,local,-4.066808713878467,0.11251196188080305,0.0004897633311870922,0.3213899128909779,0.0500092396334485,0.3333326313102225,0.6931481805599428,"{""kernels.0.base_kernel.kernels.0"": [0.3333357287776766, 0.33330507758338734, 0.3333233493648612, 0.333281130465681, 0.3333418272489027, 0.33329637606237594, 0.33334551527717554, 0.33333263407914054, 0.3333357288762802, 0.333320623019502, 0.3333365706449674, 0.33333262854130447, 0.33333096264463696, 0.3333408265969493, 0.33332575195124, 0.3333278763911724, 0.3333255601410484, 0.3333396325549233], ""kernels.0.base_kernel.kernels.1.base_kernel"": [0.6931481805599428, 0.6931481805599428, 0.6931481805599428], ""kernels.1.base_kernel.kernels.0"": [0.05005850478920429, 0.4627607816997027, 0.4501180686594901, 0.49302146245932393, 0.05018419483545708, 0.29974312324948515, 0.18421396872644116, 0.3688411981219744, 0.18206883421803163, 0.21946592265560969, 0.10781986996682016, 0.30171384444713195, 0.3347405908900926, 0.6072454603862826, 0.4368155961532932, 0.32940727639001943, 0.22547022559624905, 0.0500092396334485], ""kernels.1.base_kernel.kernels.1"": [0.6931481805599428, 0.6931481805599428, 0.6931481805599428]}","{""kernels.0"": 9.800001028443751e-06, ""kernels.0.base_kernel.kernels.1"": 0.005885740994905995, ""kernels.1"": 0.9582741976769993}",10,5,30,2,0,104
498,163.98580747249426,83.94123523693789,0.4952,global,-4.685741436668749,0.23622066625564175,0.0004886177625150134,0.3213901882578003,0.05000923963358137,0.3333326313115964,0.6931481805599428,"{""kernels.0.base_kernel.kernels.0"": [0.33333572877836765, 0.33330507753493804, 0.3333233493743117, 0.33328113041694984, 0.3333418272485603, 0.3332963760856033, 0.3333455152724429, 0.3333326340922934, 0.33333572886811497, 0.3333206230486856, 0.33333657064845423, 0.33333262853089934, 0.3333309626543426, 0.33334082661336184, 0.33332575194940706, 0.3333278764005566, 0.3333255601418848, 0.3333396325564282], ""kernels.0.base_kernel.kernels.1.base_kernel"": [0.6931481805599428, 0.6931481805599428, 0.6931481805599428], ""kernels.1.base_kernel.kernels.0"": [0.05005850478928253, 0.46276116225769365, 0.45011785940205706, 0.4930210932593902, 0.05018419481415591, 0.2997432917733217, 0.18421410007983888, 0.3688410636838342, 0.18206880444227794, 0.21946619710797083, 0.10781978808653844, 0.3017140394553175, 0.3347405622868052, 0.6072454639425839, 0.4368155916717321, 0.32940745428199597, 0.2254701392352974, 0.05000923963358137], ""kernels.1.base_kernel.kernels.1"": [0.6931481805599428, 0.6931481805599428, 0.6931481805599428]}","{""kernels.0"": 9.800001049433706e-06, ""kernels.0.base_kernel.kernels.1"": 0.005885740994827853, ""kernels.1"": 0.9582750237775236}",10,5,30,0,0,105
499,160.89303368230168,83.94123523693789,0.4962,global,-4.51092156315636,0.26328567136212794,0.0004898625164564785,0.3213902540539239,0.05000923963359002,0.3333326313115554,0.6931481805599428,"{""kernels.0.base_kernel.kernels.0"": [0.33333572877840495, 0.33330507752781374, 0.33332334937490815, 0.33328113041407426, 0.3333418272485502, 0.3332963760876929, 0.3333455152719322, 0.33333263409341374, 0.33333572886665735, 0.3333206230508161, 0.333336570648608, 0.33333262852969703, 0.33333096265466444, 0.3333408266150908, 0.33332575194917313, 0.3333278764017753, 0.3333255601420865, 0.33333963255649324], ""kernels.0.base_kernel.kernels.1.base_kernel"": [0.6931481805599428, 0.6931481805599428, 0.6931481805599428], ""kernels.1.base_kernel.kernels.0"": [0.05005850478929078, 0.4627610506793453, 0.4501178421784044, 0.49302105912427463, 0.05018419481271345, 0.2997433022744763, 0.18421411139582408, 0.3688410512643606, 0.18206878934859433, 0.21946622340641858, 0.10781978109374754, 0.30171404186592227, 0.3347405492912691, 0.6072454591814176, 0.4368155856782824, 0.3294074639676505, 0.22547013367147814, 0.05000923963359002], ""kernels.1.base_kernel.kernels.1"": [0.6931481805599428, 0.6931481805599428, 0.6931481805599428]}","{""kernels.0"": 9.800001050836057e-06, ""kernels.0.base_kernel.kernels.1"": 0.005885740994822791, ""kernels.1"": 0.958275221165898}",12,3,36,1,0,106
500,122.02148430779948,83.94123523693789,0.4986,global,-4.777296502859574,0.24029265592398352,0.0004902758374234334,0.3254522508893759,0.050009240003992254,0.3333326293504247,0.6931481805599428,"{""kernels.0.base_kernel.kernels.0"": [0.3333357301876389, 0.33330467611045633, 0.3333233846712665, 0.33328102030122136, 0.3333418346246196, 0.33329645920995904, 0.3333455030664472, 0.33333268696393287, 0.33333567363138983, 0.3333207185581691, 0.33333657466739974, 0.3333325717369165, 0.3333309755823633, 0.33334086824306125, 0.33332573965706863, 0.3333279100191711, 0.333325565511416, 0.33333963876342304], ""kernels.0.base_kernel.kernels.1.base_kernel"": [0.6931481805599428, 0.6931481805599428, 0.6931481805599428], ""kernels.1.base_kernel.kernels.0"": [0.05005850517087483, 0.45484330353461994, 0.4493386182089814, 0.4914308651437693, 0.05018413068861205, 0.300237195963, 0.18437169375772072, 0.3683966714890732, 0.18127272050617552, 0.2207492412449882, 0.10742301423562786, 0.30159755931752597, 0.3339643143335771, 0.6068866555684527, 0.43650464476769363, 0.32960200665131184, 0.22495082034023658, 0.050009240003992254], ""kernels.1.base_kernel.kernels.1"": [0.6931481805599428, 0.6931481805599428, 0.6931481805599428]}","{""kernels.0"": 9.80006354009852e-06, ""kernels.0.base_kernel.kernels.1"": 0.005885740777417564, ""kernels.1"": 0.97046121182717}",12,3,36,0,0,107
501,123.86855455923298,83.94123523693789,0.5034,global,-5.371029287778811,0.30930721005143125,0.000497737872304897,0.31781127492537115,0.05000925701710666,0.33333417047140335,0.6931481805599428,"{""kernels.0.base_kernel.kernels.0"": [0.3333357137936955, 0.33329948795770703, 0.33332429523729296, 0.3332796173180661, 0.33334204828467223, 0.3332977773058484, 0.33334532860424143, 0.33333387944236537, 0.3333344615004414, 0.3333223789594926, 0.33333683389591096, 0.3333310766299494, 0.3333318100372455, 0.33334154572861857, 0.3333254879441936, 0.3333284478189159, 0.33332567732721335, 0.3333397445453334], ""kernels.0.base_kernel.kernels.1.base_kernel"": [0.6931481805599428, 0.6931481805599428, 0.6931481805599428], ""kernels.1.base_kernel.kernels.0"": [0.05005853591532168, 0.34459899613174916, 0.4520498895197971, 0.4406295544472848, 0.05018185163194155, 0.3242985661711042, 0.17918642593198786, 0.39307649432612324, 0.17107769519975405, 0.25237691717481847, 0.10597972146901602, 0.29588667407314573, 0.3571260082910886, 0.6210114124275609, 0.4383710506952994, 0.3482970174541416, 0.22125218690383675, 0.05000925701710666], ""kernels.1.base_kernel.kernels.1"": [0.6931481805599428, 0.6931481805599428, 0.6931481805599428]}","{""kernels.0"": 9.802522621313275e-06, ""kernels.0.base_kernel.kernels.1"": 0.005885731594944504, ""kernels.1"": 0.9475382906585477}",12,3,36,0,0,108
502,97.27735717462991,83.94123523693789,0.5002,global,-4.246755265312487,0.2178406671775188,0.0004988154662582472,0.31781127200807663,0.05000925701711718,0.33333417047121133,0.6931481805599428,"{""kernels.0.base_kernel.kernels.0"": [0.33333571379366833, 0.333299487960271, 0.33332429523696216, 0.3332796173201466, 0.3333420482845026, 0.3332977773045347, 0.3333453286048061, 0.3333338794417083, 0.3333344615007144, 0.33332237895887795, 0.3333368338959038, 0.3333310766302722, 0.33333181003686413, 0.3333415457294994, 0.3333254879440482, 0.3333284478186586, 0.3333256773269339, 0.3333397445452307], ""kernels.0.base_kernel.kernels.1.base_kernel"": [0.6931481805599428, 0.6931481805599428, 0.6931481805599428], ""kernels.1.base_kernel.kernels.0"": [0.05005853591532761, 0.3445989883682175, 0.4520498978406107, 0.44062955842450935, 0.050181851630909664, 0.3242985834711295, 0.17918642651073954, 0.39307651285423045, 0.1710777040187531, 0.25237692300951575, 0.10597972576641142, 0.2958866729073395, 0.35712600393257005, 0.6210114342369242, 0.4383710501646444, 0.34829701693267484, 0.22125218676172584, 0.05000925701711718], ""kernels.1.base_kernel.kernels.1"": [0.6931481805599428, 0.6931481805599428, 0.6931481805599428]}","{""kernels.0"": 9.80252262268536e-06, ""kernels.0.base_kernel.kernels.1"": 0.005885731594939083, ""kernels.1"": 0.9475382819066682}",12,3,36,1,0,109
503,83.6611784031166,83.6611784031166,0.4994,global,-4.118420592955915,0.03480598029749202,0.0004986338115271884,0.31781123820937224,0.050009257017138764,0.333334170470879,0.6931481805599428,"{""kernels.0.base_kernel.kernels.0"": [0.3333357137936342, 0.3332994879655323, 0.333324295236217, 0.33327961732421657, 0.3333420482841799, 0.33329777730132354, 0.33334532860631294, 0.3333338794403856, 0.3333344615013723, 0.3333223789576409, 0.3333368338958898, 0.33333107663084294, 0.33333181003588264, 0.33334154573126207, 0.3333254879437256, 0.33332844781811716, 0.3333256773263036, 0.3333397445450151], ""kernels.0.base_kernel.kernels.1.base_kernel"": [0.6931481805599428, 0.6931481805599428, 0.6931481805599428], ""kernels.1.base_kernel.kernels.0"": [0.050058535915346834, 0.34459896044699706, 0.45204991333464734, 0.44062956234439005, 0.05018185162896516, 0.32429861424038764, 0.1791864443919882, 0.3930765533162657, 0.1710777235768574, 0.25237694278510575, 0.1059797346863535, 0.29588666685271225, 0.35712599924039473, 0.621011480443989, 0.43837104993005505, 0.3482970186996645, 0.22125218700237612, 0.050009257017138764], ""kernels.1.base_kernel.kernels.1"": [0.6931481805599428, 0.6931481805599428, 0.6931481805599428]}","{""kernels.0"": 9.802522625501097e-06, ""kernels.0.base_kernel.kernels.1"": 0.005885731594928012, ""kernels.1"": 0.9475381805105632}",12,3,36,1,0,0
504,143.34277947603357,83.6611784031166,0.4964,global,-4.9836689419120725,0.2579042782428256,0.0004901163872301531,0.3178064773040767,0.050009257018224965,0.3333341704629268,0.6931481805599428,"{""kernels.0.base_kernel.kernels.0"": [0.3333357137916803, 0.33329948823339883, 0.33332429519978546, 0.3332796175406595, 0.3333420482681461, 0.33329777714822517, 0.33334532868228495, 0.3333338793892548, 0.33333446153659885, 0.3333223789000762, 0.3333368338953394, 0.3333310766650326, 0.33333180999154394, 0.3333415458349269, 0.3333254879299055, 0.333328447795466, 0.3333256772972949, 0.33333974453339], ""kernels.0.base_kernel.kernels.1.base_kernel"": [0.6931481805599428, 0.6931481805599428, 0.6931481805599428], ""kernels.1.base_kernel.kernels.0"": [0.0500585359163495, 0.34459800323877665, 0.4520507297140213, 0.44063066896736186, 0.05018185153688697, 0.32430084750945753, 0.1791877671122591, 0.3930794830964087, 0.1710790254359087, 0.25237844971889223, 0.10598028021814489, 0.29588701387121485, 0.35712631564218716, 0.6210150629670712, 0.4383711884464027, 0.34829767369666015, 0.22125240401627236, 0.050009257018224965], ""kernels.1.base_kernel.kernels.1"": [0.6931481805599428, 0.6931481805599428, 0.6931481805599428]}","{""kernels.0"": 9.802522764248465e-06, ""kernels.0.base_kernel.kernels.1"": 0.005885731594374552, ""kernels.1"": 0.9475238977950913}",10,5,30,0,0,1
505,104.73198536741523,83.6611784031166,0.4992,local,-4.40962746510955,0.17510999138651942,0.0004910515746442066,0.3178063372407744,0.05000925701826263,0.3333341704628248,0.6931481805599428,"{""kernels.0.base_kernel.kernels.0"": [0.3333357137916125, 0.33329948824298655, 0.33332429519852713, 0.33327961754811686, 0.3333420482678825, 0.33329777714175157, 0.3333453286853892, 0.3333338793871528, 0.33333446153849683, 0.33332237889790417, 0.33333683389539426, 0.33333107666570355, 0.33333180999004275, 0.33334154583437636, 0.33332548792942246, 0.33332844779339843, 0.3333256772963212, 0.3333397445331472], ""kernels.0.base_kernel.kernels.1.base_kernel"": [0.6931481805599428, 0.6931481805599428, 0.6931481805599428], ""kernels.1.base_kernel.kernels.0"": [0.05005853591638536, 0.34459800381450173, 0.4520507538982672, 0.44063069581990955, 0.050181851533627454, 0.3243009101666486, 0.17918780805972556, 0.3930795904460453, 0.1710790588996156, 0.2523785032082476, 0.10598029948983126, 0.2958870072612805, 0.35712631320061655, 0.6210151617509616, 0.438371190985409, 0.34829766287495123, 0.22125241391939418, 0.05000925701826263], ""kernels.1.base_kernel.kernels.1"": [0.6931481805599428, 0.6931481805599428, 0.6931481805599428]}","{""kernels.0"": 9.802522769188185e-06, ""kernels.0.base_kernel.kernels.1"": 0.005885731594355283, ""kernels.1"": 0.9475234776051986}",10,5,30,1,0,2
506,111.700690509346,83.6611784031166,0.5018,global,-4.561423410236357,0.24677503739602435,0.0004911904049808958,0.317806326432406,0.050009257018264884,0.3333341704628173,0.6931481805599428,"{""kernels.0.base_kernel.kernels.0"": [0.3333357137916082, 0.33329948824356187, 0.33332429519844886, 0.33327961754859003, 0.3333420482678666, 0.33329777714135883, 0.33334532868558303, 0.3333338793870223, 0.3333344615386124, 0.3333223788977685, 0.33333683389539726, 0.33333107666575773, 0.33333180998994794, 0.33334154583433373, 0.3333254879293922, 0.3333284477932728, 0.33332567729626245, 0.3333397445331311], ""kernels.0.base_kernel.kernels.1.base_kernel"": [0.6931481805599428, 0.6931481805599428, 0.6931481805599428], ""kernels.1.base_kernel.kernels.0"": [0.05005853591638767, 0.34459800414972697, 0.45205075518711835, 0.4406306987803195, 0.050181851533440264, 0.3243009139746066, 0.17918781154485042, 0.39307959650034796, 0.17107906082460542, 0.2523785067350536, 0.10598030063518549, 0.2958870081506315, 0.35712631296371694, 0.6210151675008064, 0.43837119109455475, 0.34829766210957447, 0.2212524145025476, 0.050009257018264884], ""kernels.1.base_kernel.kernels.1"": [0.6931481805599428, 0.6931481805599428, 0.6931481805599428]}","{""kernels.0"": 9.802522769480943e-06, ""kernels.0.base_kernel.kernels.1"": 0.005885731594354141, ""kernels.1"": 0.9475234451800945}",10,5,30,0,0,3
507,90.677539375146,83.6611784031166,0.4982,global,-4.270901974832764,0.20975860847734645,0.0004914694371968135,0.317806316148904,0.05000925701826675,0.3333341704628105,0.6931481805599428,"{""kernels.0.base_kernel.kernels.0"": [0.33333571379160465, 0.33329948824402816, 0.3333242951983797, 0.3332796175489723, 0.3333420482678566, 0.333297777141017, 0.3333453286857531, 0.33333387938691333, 0.33333446153870766, 0.3333223788976501, 0.33333683389540164, 0.33333107666581496, 0.33333180998986034, 0.333341545834297, 0.3333254879293666, 0.333328447793179, 0.3333256772962133, 0.3333397445331184], ""kernels.0.base_kernel.kernels.1.base_kernel"": [0.6931481805599428, 0.6931481805599428, 0.6931481805599428], ""kernels.1.base_kernel.kernels.0"": [0.05005853591638967, 0.34459800505696353, 0.45205075609542356, 0.440630701167178, 0.05018185153329035, 0.32430091728790617, 0.17918781563539893, 0.393079601292448, 0.17107906283372987, 0.2523785093203428, 0.10598030159701657, 0.2958870088164446, 0.35712631253594557, 0.621015172537932, 0.4383711911314781, 0.34829766163529974, 0.22125241493671047, 0.05000925701826675], ""kernels.1.base_kernel.kernels.1"": [0.6931481805599428, 0.6931481805599428, 0.6931481805599428]}","{""kernels.0"": 9.802522769722407e-06, ""kernels.0.base_kernel.kernels.1"": 0.005885731594353203, ""kernels.1"": 0.947523414329589}",10,5,30,2,0,4
508,99.37630647858632,83.6611784031166,0.4994,global,-4.130202474793888,0.15780184465202862,0.0004919867566727104,0.31602668871421197,0.050009257289035394,0.33333417867136295,0.6931481805599428,"{""kernels.0.base_kernel.kernels.0"": [0.3333357133656559, 0.33329954856383054, 0.3333242842777884, 0.33327966360700345, 0.3333420471850631, 0.33329772966572174, 0.3333453554567353, 0.33333387691422073, 0.3333344804285051, 0.33332236034501606, 0.3333368357402384, 0.3333310854205759, 0.33333179626142495, 0.33334154128899884, 0.3333254828451576, 0.33332843512638516, 0.33332567119397394, 0.33333974300705704], ""kernels.0.base_kernel.kernels.1.base_kernel"": [0.6931481805599428, 0.6931481805599428, 0.6931481805599428], ""kernels.1.base_kernel.kernels.0"": [0.05005853619815599, 0.34475165254784684, 0.452181045134121, 0.44089785384398794, 0.05018182959009963, 0.3249379436512824, 0.17972702110307742, 0.3944648344680762, 0.17143189622108457, 0.25277858203431386, 0.10614033223648173, 0.2960568973664974, 0.35714405098612423, 0.6217614962011759, 0.4383765964362752, 0.34834098787019907, 0.22141562464399223, 0.050009257289035394], ""kernels.1.base_kernel.kernels.1"": [0.6931481805599428, 0.6931481805599428, 0.6931481805599428]}","{""kernels.0"": 9.802557711279396e-06, ""kernels.0.base_kernel.kernels.1"": 0.005885731458255754, ""kernels.1"": 0.9421845321266689}",10,5,30,0,0,5
509,213.13551501409773,83.6611784031166,0.4966,global,-5.863650712628787,0.40386549966540425,0.0004916929943653156,0.3160267511077224,0.05000925728907095,0.33333417867193094,0.6931481805599428,"{""kernels.0.base_kernel.kernels.0"": [0.33333571336567275, 0.33329954857037664, 0.3333242842758764, 0.3332796636113018, 0.33334204718515614, 0.3332977296579446, 0.33334535546055194, 0.33333387691295224, 0.3333344804309096, 0.3333223603420239, 0.3333368357405002, 0.33333108542134027, 0.33333179625934445, 0.3333415412875871, 0.33332548284406893, 0.33332843512427873, 0.3333256711928204, 0.33333974300705704], ""kernels.0.base_kernel.kernels.1.base_kernel"": [0.6931481805599428, 0.6931481805599428, 0.6931481805599428], ""kernels.1.base_kernel.kernels.0"": [0.05005853619817959, 0.34475161732558174, 0.4521810466675721, 0.4408978432496371, 0.05018182958691223, 0.32493796885759757, 0.17972706073475062, 0.3944650224640816, 0.17143191903400185, 0.25277860848880507, 0.10614034493586832, 0.2960568952619593, 0.35714402526674077, 0.621761542291995, 0.43837658294755644, 0.34834096365145945, 0.22141562886300434, 0.05000925728907095], ""kernels.1.base_kernel.kernels.1"": [0.6931481805599428, 0.6931481805599428, 0.6931481805599428]}","{""kernels.0"": 9.802557716164806e-06, ""kernels.0.base_kernel.kernels.1"": 0.0058857314582376466, ""kernels.1"": 0.9421847193072134}",10,5,30,0,1,6
510,90.76244520503342,83.6611784031166,0.499,global,-3.9565353310797753,0.19144113702776555,0.0004940697679117464,0.3170021218962645,0.050009258757759495,0.3333342005009915,0.6931481805599428,"{""kernels.0.base_kernel.kernels.0"": [0.33333571466360445, 0.33329981891480714, 0.33332420369900406, 0.3332798359053067, 0.333342052471967, 0.33329740777893874, 0.33334549996863794, 0.33333382024843117, 0.3333345807535519, 0.3333222243148129, 0.33333684750864107, 0.33333111444027347, 0.3333317106073206, 0.33334148065690994, 0.3333254379671783, 0.33332835364745733, 0.3333256243215689, 0.3333397434104036], ""kernels.0.base_kernel.kernels.1.base_kernel"": [0.6931481805599428, 0.6931481805599428, 0.6931481805599428], ""kernels.1.base_kernel.kernels.0"": [0.050058537200191586, 0.343117465774385, 0.45217586013028654, 0.44030005101673486, 0.05018169688115092, 0.3257622949775746, 0.18144707065721516, 0.402130343764098, 0.1722981661049694, 0.2540971689683644, 0.10665916607206435, 0.29586383959519613, 0.3560301379344713, 0.6233143992960547, 0.43774728736748364, 0.34725141672557214, 0.22154522900393034, 0.050009258757759495], ""kernels.1.base_kernel.kernels.1"": [0.6931481805599428, 0.6931481805599428, 0.6931481805599428]}","{""kernels.0"": 9.802758482342726e-06, ""kernels.0.base_kernel.kernels.1"": 0.0058857307089152065, ""kernels.1"": 0.9451108322213959}",10,5,30,0,0,7
511,121.36348395270426,83.6611784031166,0.4996,global,-5.242601397371734,0.294530943253162,0.0004939426028874497,0.31680350534487683,0.05000925916865016,0.33333420105978406,0.6931481805599428,"{""kernels.0.base_kernel.kernels.0"": [0.3333357160017544, 0.3332998951789669, 0.3333241834228402, 0.3332798724032792, 0.3333420549076956, 0.3332973292396393, 0.3333455417369847, 0.33333379286649295, 0.33333460925307523, 0.33332218680607706, 0.33333685043864497, 0.33333112132657894, 0.3333316957911514, 0.3333414708762607, 0.33332542484039834, 0.33332833367160464, 0.333325611415683, 0.33333974662598187], ""kernels.0.base_kernel.kernels.1.base_kernel"": [0.6931481805599428, 0.6931481805599428, 0.6931481805599428], ""kernels.1.base_kernel.kernels.0"": [0.05005853783433471, 0.34296720635698036, 0.45227980730423656, 0.4399211582099315, 0.05018166142591638, 0.3263114836285478, 0.18167874688997077, 0.40371917873297847, 0.17240728063840108, 0.2544384891505157, 0.10682692870294896, 0.2958861589258087, 0.3558831764229548, 0.6237659555953311, 0.43752740199834006, 0.34707963657981417, 0.22157651102213455, 0.05000925916865016], ""kernels.1.base_kernel.kernels.1"": [0.6931481805599428, 0.6931481805599428, 0.6931481805599428]}","{""kernels.0"": 9.80281484805589e-06, ""kernels.0.base_kernel.kernels.1"": 0.005885730504064809, ""kernels.1"": 0.9445149827157177}",10,5,30,1,0,8
512,100.10415363572213,83.6611784031166,0.5012,global,-3.869108901362287,0.16580009329314396,0.000494824745317354,0.31799061530460365,0.05000925992726496,0.33333420172965095,0.6931481805599428,"{""kernels.0.base_kernel.kernels.0"": [0.3333357197112063, 0.3333000148983946, 0.3333241404569473, 0.33327992916893495, 0.3333420637177514, 0.3332971616670798, 0.3333456329819711, 0.33333374706537305, 0.33333465639392884, 0.3333221161238727, 0.3333368510569127, 0.33333112452101166, 0.3333316558641881, 0.33334141693419256, 0.3333253994420415, 0.3333282894686954, 0.3333255907054153, 0.33333974791409776], ""kernels.0.base_kernel.kernels.1.base_kernel"": [0.6931481805599428, 0.6931481805599428, 0.6931481805599428], ""kernels.1.base_kernel.kernels.0"": [0.05005853918024341, 0.34229635974358064, 0.4522299818431691, 0.4386937913254135, 0.050181591201518015, 0.3263644374560514, 0.18227115465401517, 0.40631858955113276, 0.17225852450648693, 0.25500356666581886, 0.10698568168964959, 0.2956888652917139, 0.35539689456955403, 0.624686796494811, 0.4370455566573511, 0.3464861502623015, 0.2215880065423057, 0.05000925992726496], ""kernels.1.base_kernel.kernels.1"": [0.6931481805599428, 0.6931481805599428, 0.6931481805599428]}","{""kernels.0"": 9.802920410208099e-06, ""kernels.0.base_kernel.kernels.1"": 0.005885730121491928, ""kernels.1"": 0.9480763128719087}",10,5,30,0,0,9
513,91.40448934584498,83.6611784031166,0.499,global,-3.8516920603654796,0.14954097795155818,0.000494653690803612,0.31799053233740887,0.05000925992728581,0.3333342017296903,0.6931481805599428,"{""kernels.0.base_kernel.kernels.0"": [0.3333357197113063, 0.33330001490200567, 0.3333241404559694, 0.3332799291710474, 0.3333420637179256, 0.3332971616637362, 0.3333456329841044, 0.33333374706420543, 0.3333346563951751, 0.33332211612224527, 0.3333368510569684, 0.33333112452107355, 0.33333165586358404, 0.3333414169331322, 0.33332539944153056, 0.33332828946763515, 0.3333255907049726, 0.33333974791412435], ""kernels.0.base_kernel.kernels.1.base_kernel"": [0.6931481805599428, 0.6931481805599428, 0.6931481805599428], ""kernels.1.base_kernel.kernels.0"": [0.050058539180290344, 0.34229636404681657, 0.4522299862883878, 0.43869377251331776, 0.05018159119979002, 0.3263644647447523, 0.1822711730731526, 0.40631867255579895, 0.17225852858057103, 0.25500359170881837, 0.1069856892990029, 0.2956888716527215, 0.3553968983904908, 0.6246868273379946, 0.43704554756471947, 0.34648614057917587, 0.22158801180597693, 0.05000925992728581], ""kernels.1.base_kernel.kernels.1"": [0.6931481805599428, 0.6931481805599428, 0.6931481805599428]}","{""kernels.0"": 9.802920412981793e-06, ""kernels.0.base_kernel.kernels.1"": 0.005885730121481624, ""kernels.1"": 0.9480760639703321}",10,5,30,0,0,10
514,101.49190978375863,83.6611784031166,0.4998,global,-3.8749668647138114,0.17090487729909618,0.0004950819498730889,0.31640921117228543,0.05000926018868498,0.333334204529273,0.6931481805599428,"{""kernels.0.base_kernel.kernels.0"": [0.3333357209938585, 0.33330005994339673, 0.33332412839241515, 0.33327995554507905, 0.3333420660007706, 0.33329712411228407, 0.33334565959135776, 0.3333337368941781, 0.33333467216436785, 0.33332209634177656, 0.3333368516441848, 0.3333311253870311, 0.3333316479202913, 0.33334140398801926, 0.3333253930989214, 0.3333282774220369, 0.3333255855986623, 0.33333974799700666], ""kernels.0.base_kernel.kernels.1.base_kernel"": [0.6931481805599428, 0.6931481805599428, 0.6931481805599428], ""kernels.1.base_kernel.kernels.0"": [0.05005853984440837, 0.34246435983680257, 0.4522830813103506, 0.4384922620910919, 0.05018157046095904, 0.3269708645152465, 0.18253523778802216, 0.40776166195522334, 0.17233816962230797, 0.2553628486938165, 0.10708090135869926, 0.2957910970279581, 0.3554957454883743, 0.6250734286880215, 0.4369403807667212, 0.34644544693510704, 0.2216835491717877, 0.05000926018868498], ""kernels.1.base_kernel.kernels.1"": [0.6931481805599428, 0.6931481805599428, 0.6931481805599428]}","{""kernels.0"": 9.802954618206387e-06, ""kernels.0.base_kernel.kernels.1"": 0.005885729993234533, ""kernels.1"": 0.9433321005690035}",10,5,30,1,0,11
515,246.0870422186117,83.6611784031166,0.5002,global,-5.925133547517452,0.3945888854078152,0.0004951683101488949,0.31640921586045273,0.050009260188690556,0.3333342045292688,0.6931481805599428,"{""kernels.0.base_kernel.kernels.0"": [0.33333572099389314, 0.333300059944148, 0.33332412839209347, 0.33327995554539885, 0.3333420660008563, 0.33329712411130574, 0.3333456595919652, 0.3333337368938526, 0.33333467216468504, 0.33332209634126936, 0.3333368516441937, 0.3333311253869764, 0.3333316479200421, 0.33334140398761547, 0.33332539309871506, 0.3333282774217064, 0.3333255855985233, 0.3333397479970214], ""kernels.0.base_kernel.kernels.1.base_kernel"": [0.6931481805599428, 0.6931481805599428, 0.6931481805599428], ""kernels.1.base_kernel.kernels.0"": [0.05005853984442112, 0.3424643546647853, 0.4522830802204173, 0.43849225093099375, 0.05018157046046625, 0.32697087129093066, 0.1825352392101828, 0.40776168448807093, 0.17233816934744717, 0.2553628518057115, 0.10708090169048964, 0.295791094108773, 0.3554957432064105, 0.6250734295853339, 0.43694037649922524, 0.3464454484390486, 0.22168354953751276, 0.050009260188690556], ""kernels.1.base_kernel.kernels.1"": [0.6931481805599428, 0.6931481805599428, 0.6931481805599428]}","{""kernels.0"": 9.802954618975853e-06, ""kernels.0.base_kernel.kernels.1"": 0.00588572999323176, ""kernels.1"": 0.9433321146335074}",10,5,30,0,0,12
516,100.87485699780156,83.6611784031166,0.5,local,-4.62795160020553,0.1620659340517832,0.0004950052129371441,0.3164092045076836,0.050009260188710276,0.33333420452926493,0.6931481805599428,"{""kernels.0.base_kernel.kernels.0"": [0.33333572099404085, 0.33330005994679374, 0.3333241283909532, 0.33327995554569323, 0.33334206600120114, 0.3332971241073668, 0.3333456595941883, 0.33333373689276113, 0.33333467216576873, 0.3333220963395564, 0.33333685164432253, 0.3333311253866884, 0.3333316479194642, 0.33334140398548223, 0.33332539309794307, 0.33332827742033966, 0.3333255855980614, 0.33333974799710503], ""kernels.0.base_kernel.kernels.1.base_kernel"": [0.6931481805599428, 0.6931481805599428, 0.6931481805599428], ""kernels.1.base_kernel.kernels.0"": [0.05005853984446416, 0.34246433641775, 0.4522830764239975, 0.43849220425691493, 0.05018157045873546, 0.3269708881739095, 0.18253524300094587, 0.40776176409911097, 0.17233816884387426, 0.2553628627482958, 0.1070809036392304, 0.2957910796711192, 0.35549573885574626, 0.6250734291175485, 0.43694035783446217, 0.3464454525189256, 0.22168354992156372, 0.050009260188710276], ""kernels.1.base_kernel.kernels.1"": [0.6931481805599428, 0.6931481805599428, 0.6931481805599428]}","{""kernels.0"": 9.802954621699005e-06, ""kernels.0.base_kernel.kernels.1"": 0.00588572999322194, ""kernels.1"": 0.9433320805752072}",10,5,30,1,0,13
517,89.21506567799797,83.6611784031166,0.4994,global,-3.9247942666578215,0.12143183122874061,0.0004947815833204443,0.3164091516711201,0.05000926018873733,0.33333420452961604,0.6931481805599428,"{""kernels.0.base_kernel.kernels.0"": [0.33333572099423986, 0.3333000599503951, 0.3333241283893798, 0.3332799555463262, 0.3333420660016941, 0.3332971241019313, 0.33334565959731216, 0.3333337368919602, 0.3333346721672719, 0.3333220963372007, 0.33333685164449534, 0.33333112538629656, 0.33333164791862324, 0.333341403982495, 0.3333253930968737, 0.33332827741844867, 0.33332558559742503, 0.33333974799719784], ""kernels.0.base_kernel.kernels.1.base_kernel"": [0.6931481805599428, 0.6931481805599428, 0.6931481805599428], ""kernels.1.base_kernel.kernels.0"": [0.050058539844524075, 0.34246431282849726, 0.45228307032936765, 0.43849215949420667, 0.05018157045645613, 0.326970909936054, 0.1825352549187431, 0.40776195097481777, 0.17233817142963992, 0.2553628785042902, 0.10708090760742259, 0.29579106109225484, 0.355495731574479, 0.6250734266162041, 0.43694033166281804, 0.3464454577376541, 0.22168354989410768, 0.05000926018873733], ""kernels.1.base_kernel.kernels.1"": [0.6931481805599428, 0.6931481805599428, 0.6931481805599428]}","{""kernels.0"": 9.802954625405618e-06, ""kernels.0.base_kernel.kernels.1"": 0.0058857299932085026, ""kernels.1"": 0.9433319220655263}",10,5,30,0,0,14
518,94.85575415249383,83.6611784031166,0.5006,local,-3.937389427402979,0.1338742617043745,0.0004951732888826335,0.3148142967301027,0.05000926056247222,0.3333342096984001,0.6931481805599428,"{""kernels.0.base_kernel.kernels.0"": [0.33333572377549986, 0.3333001098170987, 0.3333241069843251, 0.33327997197899867, 0.3333420728387221, 0.3332970528850871, 0.33334570247809486, 0.33333372716276294, 0.33333469223403733, 0.33332206550052407, 0.3333368539110957, 0.33333112099916035, 0.3333316363114807, 0.3333413631539448, 0.33332537864900114, 0.33332825284682904, 0.33332557711063765, 0.33333974892930973], ""kernels.0.base_kernel.kernels.1.base_kernel"": [0.6931481805599428, 0.6931481805599428, 0.6931481805599428], ""kernels.1.base_kernel.kernels.0"": [0.05005854083677124, 0.34223365437445424, 0.4522018489752423, 0.4385246814450362, 0.05018154116979916, 0.32747330130002794, 0.1827586743038229, 0.4105169539034889, 0.1724668178748146, 0.25570836167930455, 0.10715154923663625, 0.2955897891156575, 0.3554201799315005, 0.6250631394131944, 0.4365890466483157, 0.3466003927032473, 0.22169417024019386, 0.05000926056247222], ""kernels.1.base_kernel.kernels.1"": [0.6931481805599428, 0.6931481805599428, 0.6931481805599428]}","{""kernels.0"": 9.803005207534872e-06, ""kernels.0.base_kernel.kernels.1"": 0.005885729808398288, ""kernels.1"": 0.9385473573767023}",10,5,30,1,0,15
519,95.43094147641101,83.6611784031166,0.503,global,-4.034019013745613,0.18436551497176712,0.0004960470551022475,0.31752017389937787,0.05000926184623171,0.3333342116549569,0.6931481805599428,"{""kernels.0.base_kernel.kernels.0"": [0.33333573625726304, 0.3333002580405479, 0.33332401871596673, 0.3332799691360659, 0.33334210369984446, 0.3332967744760995, 0.33334586522250914, 0.333333664126862, 0.3333347591830518, 0.33332194305380985, 0.3333368629101346, 0.33333109802367816, 0.3333315884188272, 0.3333411977855175, 0.3333253167927354, 0.3333281444674106, 0.33332553625609007, 0.3333397593449939], ""kernels.0.base_kernel.kernels.1.base_kernel"": [0.6931481805599428, 0.6931481805599428, 0.6931481805599428], ""kernels.1.base_kernel.kernels.0"": [0.05005854403502902, 0.3399541927442518, 0.45146791924016966, 0.43798460740732226, 0.0501814345986172, 0.32795875482813097, 0.1829458814569601, 0.4202337688789503, 0.1723173465165031, 0.25629044458839656, 0.10721172019243402, 0.29428079233966725, 0.3542401031443103, 0.6237441452296179, 0.4349529161425617, 0.34595257484100655, 0.22124295683950465, 0.05000926184623171], ""kernels.1.base_kernel.kernels.1"": [0.6931481805599428, 0.6931481805599428, 0.6931481805599428]}","{""kernels.0"": 9.80318878252294e-06, ""kernels.0.base_kernel.kernels.1"": 0.005885729164548077, ""kernels.1"": 0.9466649893448029}",10,5,30,2,0,16
520,98.59628266405602,83.6611784031166,0.4998,local,-4.096550989231437,0.16543637981192785,0.0004969349253795943,0.31499698998921516,0.050009262084667154,0.33333421101282124,0.6931481805599428,"{""kernels.0.base_kernel.kernels.0"": [0.3333357382118072, 0.33330030009664957, 0.3333240069262424, 0.3332799793566049, 0.33334210772698925, 0.3332967442362697, 0.333345892748389, 0.33333364970119356, 0.33333477232444897, 0.33332192542280814, 0.33333686448582345, 0.33333110141377015, 0.33333158598956864, 0.33334117723298645, 0.33332530891858586, 0.33332812952247154, 0.3333255316619323, 0.33333976068986676], ""kernels.0.base_kernel.kernels.1.base_kernel"": [0.6931481805599428, 0.6931481805599428, 0.6931481805599428], ""kernels.1.base_kernel.kernels.0"": [0.05005854478904809, 0.3401570574746959, 0.45148605390110935, 0.43814317489702354, 0.05018141813907051, 0.32889397054963987, 0.1832157564766293, 0.42205829717438026, 0.17243659789780225, 0.2566453844684333, 0.10734293768311248, 0.2946583778247801, 0.3543795554179981, 0.623961579724029, 0.434762243447024, 0.3460698974807576, 0.22130453415573667, 0.050009262084667154], ""kernels.1.base_kernel.kernels.1"": [0.6931481805599428, 0.6931481805599428, 0.6931481805599428]}","{""kernels.0"": 9.803219870216312e-06, ""kernels.0.base_kernel.kernels.1"": 0.005885729049435679, ""kernels.1"": 0.9390954376983396}",10,5,30,2,0,17
521,315.15658809056043,83.6611784031166,0.499,global,-6.035507621697416,0.4027118691517375,0.0004966932175256374,0.31499699776631324,0.050009262084696346,0.33333421101226046,0.6931481805599428,"{""kernels.0.base_kernel.kernels.0"": [0.3333357382121067, 0.33330030010077255, 0.3333240069242773, 0.33327997935593473, 0.33334210772770767, 0.33329674423103495, 0.33334589275185517, 0.3333336496985556, 0.33333477232596526, 0.3333219254199461, 0.33333686448598493, 0.33333110141378264, 0.333331585988743, 0.33334117722941153, 0.33332530891715634, 0.3333281295200284, 0.3333255316610175, 0.33333976069010945], ""kernels.0.base_kernel.kernels.1.base_kernel"": [0.6931481805599428, 0.6931481805599428, 0.6931481805599428], ""kernels.1.base_kernel.kernels.0"": [0.050058544789124845, 0.340157042939646, 0.4514860394803815, 0.43814314789673237, 0.05018141813663152, 0.32889406597352877, 0.1832157592076603, 0.4220584652670558, 0.17243658801311124, 0.25664539623079985, 0.10734294327499153, 0.2946583891066693, 0.3543795369887481, 0.6239615548042063, 0.43476220456322184, 0.3460698768596067, 0.22130452480992963, 0.050009262084696346], ""kernels.1.base_kernel.kernels.1"": [0.6931481805599428, 0.6931481805599428, 0.6931481805599428]}","{""kernels.0"": 9.80321987432877e-06, ""kernels.0.base_kernel.kernels.1"": 0.005885729049421268, ""kernels.1"": 0.939095461029644}",10,5,30,0,0,18
522,93.1898824616343,83.6611784031166,0.5036,global,-4.109708499252169,0.1372152433883688,0.0004956861037061637,0.3149967296952046,0.05000926208483522,0.3333342110087034,0.6931481805599428,"{""kernels.0.base_kernel.kernels.0"": [0.3333357382136364, 0.33330030012178946, 0.3333240069153102, 0.3332799793540741, 0.3333421077312895, 0.333296744206069, 0.33334589276302706, 0.333333649685336, 0.3333347723320708, 0.33332192540684363, 0.33333686448429617, 0.3333311014152676, 0.33333158598724133, 0.3333411772164563, 0.3333253089114979, 0.3333281295044885, 0.3333255316572919, 0.33333976069165433], ""kernels.0.base_kernel.kernels.1.base_kernel"": [0.6931481805599428, 0.6931481805599428, 0.6931481805599428], ""kernels.1.base_kernel.kernels.0"": [0.05005854478949658, 0.340157009641251, 0.4514859618336403, 0.4381430757667394, 0.05018141812555966, 0.3288944539306826, 0.18321565054338235, 0.4220593157303834, 0.17243656306457855, 0.2566454828668086, 0.10734296460134365, 0.2946585025437461, 0.35437950489516157, 0.6239615216015331, 0.43476198914243497, 0.3460697915139313, 0.22130450988611322, 0.05000926208483522], ""kernels.1.base_kernel.kernels.1"": [0.6931481805599428, 0.6931481805599428, 0.6931481805599428]}","{""kernels.0"": 9.803219893616178e-06, ""kernels.0.base_kernel.kernels.1"": 0.005885729049352273, ""kernels.1"": 0.939094656816368}",10,5,30,0,0,19
523,94.67718191267602,83.6611784031166,0.5036,global,-4.03768737730336,0.16172398830800172,0.0005068576383671625,0.3153882049653652,0.050009278841187436,0.3333335040031916,0.6931481805599428,"{""kernels.0.base_kernel.kernels.0"": [0.33333595075656525, 0.33330248148674646, 0.33332282495563137, 0.33327945144637827, 0.33334264465351315, 0.3332929067433594, 0.3333475217380906, 0.33333147975479155, 0.33333552825159174, 0.33332011632185105, 0.3333366829401767, 0.3333311495725155, 0.33333143557672035, 0.33333964264930227, 0.33332453617340746, 0.3333263215255848, 0.3333250630678981, 0.3333399842234579], ""kernels.0.base_kernel.kernels.1.base_kernel"": [0.6931481805599428, 0.6931481805599428, 0.6931481805599428], ""kernels.1.base_kernel.kernels.0"": [0.05005859162942873, 0.3320831712217999, 0.4423198244296242, 0.42110183603489537, 0.05017999289245999, 0.3678903392300619, 0.18070653135820638, 0.5097613357453932, 0.1592309236734643, 0.2709589998411971, 0.10772682119643498, 0.2908767458855141, 0.3532048925335461, 0.6204752000754836, 0.4090544957756097, 0.3359368778072069, 0.22001615522158574, 0.050009278841187436], ""kernels.1.base_kernel.kernels.1"": [0.6931481805599428, 0.6931481805599428, 0.6931481805599428]}","{""kernels.0"": 9.805609419455121e-06, ""kernels.0.base_kernel.kernels.1"": 0.005885720764490733, ""kernels.1"": 0.9402690885221854}",10,5,30,2,0,20
524,193.3728985397326,83.6611784031166,0.499,global,-5.798418209049007,0.3678412062105025,0.0005065531733267246,0.31538813597814125,0.05000927884122281,0.33333350400120115,0.6931481805599428,"{""kernels.0.base_kernel.kernels.0"": [0.3333359507570438, 0.3333024814890952, 0.33332282495352383, 0.33327945144713944, 0.3333426446549333, 0.33329290672933115, 0.3333475217411726, 0.333331479746855, 0.3333355282555473, 0.33332011631654934, 0.33333668293991775, 0.3333311495743115, 0.3333314355761696, 0.3333396426474004, 0.3333245361719978, 0.3333263215245842, 0.33332506306687537, 0.3333399842237772], ""kernels.0.base_kernel.kernels.1.base_kernel"": [0.6931481805599428, 0.6931481805599428, 0.6931481805599428], ""kernels.1.base_kernel.kernels.0"": [0.0500585916295733, 0.3320831650324125, 0.44231984326598095, 0.42110176452634085, 0.05017999288882782, 0.3678903559322907, 0.18070651077010577, 0.5097613900420874, 0.159230966227337, 0.27095899634476384, 0.10772682366175587, 0.290876690021764, 0.35320491434338563, 0.6204752365628962, 0.40905446896756076, 0.3359369596574233, 0.22001615679801712, 0.05000927884122281], ""kernels.1.base_kernel.kernels.1"": [0.6931481805599428, 0.6931481805599428, 0.6931481805599428]}","{""kernels.0"": 9.805609424762142e-06, ""kernels.0.base_kernel.kernels.1"": 0.005885720764473178, ""kernels.1"": 0.9402688815605259}",10,5,30,0,0,21
525,112.52033370548708,83.6611784031166,0.4996,global,-4.138631388898325,0.16517601249542677,0.0005078899424649948,0.3139607298775757,0.05000927941811506,0.333333509261236,0.6931481805599428,"{""kernels.0.base_kernel.kernels.0"": [0.3333359589697213, 0.33330251873165784, 0.33332279063214676, 0.3332794631888558, 0.33334266835236975, 0.3332926763132172, 0.33334757429747824, 0.33333134721434127, 0.33333559470298263, 0.333320030238817, 0.3333366803783085, 0.33333117933147205, 0.3333314238194894, 0.3333395993906249, 0.33332451013855735, 0.33332630513076555, 0.33332504697920606, 0.3333399899516857], ""kernels.0.base_kernel.kernels.1.base_kernel"": [0.6931481805599428, 0.6931481805599428, 0.6931481805599428], ""kernels.1.base_kernel.kernels.0"": [0.05005859397357085, 0.331868411735024, 0.44261188113397276, 0.4198747396691713, 0.05017993346312974, 0.3681017647293721, 0.1803201132340755, 0.5104934490749169, 0.1599176431880993, 0.27093517310424026, 0.10776863873679356, 0.2898760732438145, 0.3535769094787867, 0.6209010023594216, 0.408620292793944, 0.3372603044600561, 0.22001904590232207, 0.05000927941811506], ""kernels.1.base_kernel.kernels.1"": [0.6931481805599428, 0.6931481805599428, 0.6931481805599428]}","{""kernels.0"": 9.805696233297869e-06, ""kernels.0.base_kernel.kernels.1"": 0.0058857204781157055, ""kernels.1"": 0.9359866634583781}",10,5,30,0,0,22
