iteration,new_compliance,best_compliance,raster_solid_fraction,winner_source,winner_acquisition,winner_start_acquisition,winner_acquisition_gain,winner_start_distance,winner_kernel_distance,winner_start_method,winner_anchor_index,winner_archive_rank,posterior_score_std,posterior_incumbent_score_std,posterior_fixed_burnin_score_std,noise,outputscale_mean,lengthscale_min,lengthscale_median,lengthscale_max,lengthscales,outputscales,global_restarts,local_restarts,raw_global,raw_local,requested_raw_local,local_start_strategy,optimizer_failures,stagnation
1,135.38307596314834,127.5664620787445,0.501,local,-3.0039363165725526,-4.812241862269949,1.8083055456973964,0.13329895706333036,0.4993194894038013,archive,24,0,0.18010177834962843,0.02984175542488938,0.02984175542488938,0.00653772430939415,0.34841585851458196,0.18330949704144262,0.3334445770583152,0.6931481805599428,"{""kernels.0.base_kernel.kernels.0"": [0.3332582328968523, 0.3333229169476608, 0.33318165986288084, 0.33331623558246004, 0.33320717323103444, 0.3331388903159448, 0.33306287768256654, 0.33336189316173026, 0.33320832230974434, 0.3330806802400273, 0.33324982269059267, 0.33318542133084766, 0.33327173476735794, 0.3335272609549001, 0.33334900870749884, 0.33310860008548926, 0.3332467533715015, 0.33306722448170845], ""kernels.0.base_kernel.kernels.1.base_kernel"": [0.6931481805599428, 0.6931481805599428, 0.6931481805599428], ""kernels.1.base_kernel.kernels.0"": [0.3076543215519489, 0.4610062383476942, 0.36623030316873756, 0.40590605723614737, 0.36173327357986246, 0.18330949704144262, 0.2052342251952488, 0.4130635542132021, 0.33900941126995837, 0.4778090126144221, 0.35106411121123127, 0.3973103598731769, 0.37019599659180014, 0.47081056979732927, 0.3407357877593971, 0.40435208636077674, 0.30416829370460674, 0.46651125537464255], ""kernels.1.base_kernel.kernels.1"": [0.6931481805599428, 0.6931481805599428, 0.6931481805599428]}","{""kernels.0"": 2.7296464300921367e-05, ""kernels.0.base_kernel.kernels.1"": 0.0008032824024919228, ""kernels.1"": 1.044416996676953}",10,5,30,15,15,archive,0,1
2,144.03381613071923,127.5664620787445,0.497,local,-3.447161766459934,-4.856171845692043,1.4090100792321092,0.10915903188502384,0.4238342343820181,archive,24,0,0.14918353450577143,0.029474243162548878,0.029474243162548878,0.006415594481912406,0.3391379438142446,0.17722709638990786,0.333347365634423,0.6931481805599428,"{""kernels.0.base_kernel.kernels.0"": [0.33333470648353714, 0.3333376602027574, 0.33333935367915457, 0.33333790189335716, 0.3333371875171825, 0.3333381737097954, 0.3333368299518847, 0.33333835110279697, 0.3333343397462623, 0.3333460520390053, 0.3333333685646384, 0.3333405096941697, 0.3333347135937613, 0.3333316636667206, 0.3333302321101699, 0.3333418596751414, 0.33333518936528816, 0.3333486792298407], ""kernels.0.base_kernel.kernels.1.base_kernel"": [0.6931481805599428, 0.6931481805599428, 0.6931481805599428], ""kernels.1.base_kernel.kernels.0"": [0.3093007768676129, 0.4638724188811246, 0.36830144907615514, 0.43701914793198743, 0.36090210052146515, 0.17722709638990786, 0.2055574634703784, 0.41121255552792535, 0.338940848778022, 0.4789114124000365, 0.3727468398008473, 0.3997804044652221, 0.3810464666212452, 0.472583493085453, 0.35151763582691475, 0.40508123870335055, 0.2947674885397982, 0.467529010851438], ""kernels.1.base_kernel.kernels.1"": [0.6931481805599428, 0.6931481805599428, 0.6931481805599428]}","{""kernels.0"": 2.729062202537708e-05, ""kernels.0.base_kernel.kernels.1"": 0.0008032818225791967, ""kernels.1"": 1.0165832589981294}",10,5,30,15,15,archive,0,2
3,135.40585655186118,127.5664620787445,0.503,global,-3.4253965105189614,-8.211526789973144,4.7861302794541825,0.8906301022665948,1.3651805566134765,global,,,0.14062860108828437,0.029201084709796588,0.029201084709796588,0.006365017009209053,0.33241885533549015,0.17831608242471012,0.33334295000511976,0.6931481805599428,"{""kernels.0.base_kernel.kernels.0"": [0.33333344258199116, 0.33333754338327765, 0.3333368038608123, 0.3333376707344011, 0.33333502844169743, 0.33333490488335304, 0.3333322212233215, 0.3333389678278196, 0.33333222674521945, 0.33334173067966877, 0.3333319894552953, 0.3333380077294055, 0.3333337327078037, 0.3333351164484091, 0.3333305747695807, 0.3333379684452707, 0.33333372354279955, 0.33334416933057076], ""kernels.0.base_kernel.kernels.1.base_kernel"": [0.6931481805599428, 0.6931481805599428, 0.6931481805599428], ""kernels.1.base_kernel.kernels.0"": [0.3097172437443208, 0.4661348743874248, 0.3698658404411798, 0.4383808609188686, 0.36049376232903657, 0.17831608242471012, 0.20465693118014808, 0.4159667049752456, 0.3389937404602336, 0.48025865714824734, 0.37353682525514786, 0.40058053234025925, 0.38359411510129177, 0.47742521033362934, 0.3539152764031523, 0.4034079401985138, 0.29540320130084874, 0.47038063937661556], ""kernels.1.base_kernel.kernels.1"": [0.6931481805599428, 0.6931481805599428, 0.6931481805599428]}","{""kernels.0"": 2.7289624285862994e-05, ""kernels.0.base_kernel.kernels.1"": 0.0008032817296885889, ""kernels.1"": 0.996425994652496}",10,5,30,15,15,archive,0,3
4,115.94165642604167,115.94165642604167,0.4722,global,-3.4810015862692842,-6.89595610247549,3.414954516206206,1.0492437785539828,1.3806288998559622,global,,,0.1391412684992246,0.02845330744987288,0.02845330744987288,0.006156423212171407,0.32482200219146357,0.17674204187659356,0.3333399069931868,0.6931481805599428,"{""kernels.0.base_kernel.kernels.0"": [0.33333212390622224, 0.33333769586711914, 0.33333443152343467, 0.3333380881054058, 0.3333327505796646, 0.33333149504907833, 0.3333273768376987, 0.3333400334685071, 0.3333301557591297, 0.33333746331763264, 0.3333308343833087, 0.3333355416040489, 0.33333273916223705, 0.33333978051786645, 0.3333308802269594, 0.3333343141549161, 0.33333226842750807, 0.33333976692131856], ""kernels.0.base_kernel.kernels.1.base_kernel"": [0.6931481805599428, 0.6931481805599428, 0.6931481805599428], ""kernels.1.base_kernel.kernels.0"": [0.3106579125034749, 0.4707490430090766, 0.37743205176421357, 0.44829645990937106, 0.36138453614302, 0.17674204187659356, 0.2029002159286191, 0.417067243561666, 0.34498363466794796, 0.4827519356284382, 0.3858337489342687, 0.40115081698042604, 0.38426449449011657, 0.4893434970803483, 0.3587854425237, 0.411624739045147, 0.29859911238947096, 0.46956400041686863], ""kernels.1.base_kernel.kernels.1"": [0.6931481805599428, 0.6931481805599428, 0.6931481805599428]}","{""kernels.0"": 2.7285604803520088e-05, ""kernels.0.base_kernel.kernels.1"": 0.0008032813770554936, ""kernels.1"": 0.9736354395925316}",10,5,30,15,15,archive,0,0
5,130.12425911285544,115.94165642604167,0.4966,local,-3.7123186617798876,-4.767601244678018,1.0552825828981307,0.09613528517523297,0.4068954026192537,archive,108,0,0.1505148162462763,0.0289207464703591,0.027697484724682548,0.005815236284882663,0.31744755603247454,0.1936958952317298,0.3333410286008262,0.6931481805599428,"{""kernels.0.base_kernel.kernels.0"": [0.333332057038831, 0.3333379483918897, 0.3333347438010518, 0.3333376205960807, 0.33333263408345165, 0.3333312269905461, 0.33332737431416276, 0.33334112994332654, 0.33333038337983895, 0.3333376256722602, 0.33333044067631046, 0.333335580986099, 0.3333321782037132, 0.33334009724339175, 0.33333139682965474, 0.33333447335237704, 0.3333325312975016, 0.33334092725832587], ""kernels.0.base_kernel.kernels.1.base_kernel"": [0.6931481805599428, 0.6931481805599428, 0.6931481805599428], ""kernels.1.base_kernel.kernels.0"": [0.3083641925045293, 0.46585579437055447, 0.38286268205742774, 0.4351794156568531, 0.3599179891645009, 0.1936958952317298, 0.19673696065150903, 0.432342289788243, 0.3540861850137575, 0.4848431255277332, 0.3764059743587191, 0.39363614539808983, 0.36215632748048016, 0.4806195372812127, 0.36842324239979785, 0.40730839176711986, 0.31401445772963293, 0.4797654798378866], ""kernels.1.base_kernel.kernels.1"": [0.6931481805599428, 0.6931481805599428, 0.6931481805599428]}","{""kernels.0"": 2.7279459107680147e-05, ""kernels.0.base_kernel.kernels.1"": 0.0008032808464108884, ""kernels.1"": 0.9515121077919051}",10,5,30,15,15,archive,0,1
6,213.27347655194887,115.94165642604167,0.4288,local,-3.70292629256347,-4.851494435006794,1.1485681424433238,0.10423755492165973,0.3928789004924725,archive,108,0,0.1442521725325587,0.028226466210886737,0.027555574599390197,0.005663098657779005,0.30957960056537104,0.1932502249827661,0.3374930681167566,0.6931481805599428,"{""kernels.0.base_kernel.kernels.0"": [0.3333328456468559, 0.3333385972141885, 0.33333476385922156, 0.33333770334546137, 0.33333255061146716, 0.3333311115237882, 0.3333272762976728, 0.3333412745910158, 0.3333303425756923, 0.33333791174109234, 0.3333303720103547, 0.33333557280047366, 0.33333224725644345, 0.3333403294132736, 0.33333126310364697, 0.333334459226433, 0.3333327703838138, 0.3333412038269738], ""kernels.0.base_kernel.kernels.1.base_kernel"": [0.6931481805599428, 0.6931481805599428, 0.6931481805599428], ""kernels.1.base_kernel.kernels.0"": [0.34164486164249747, 0.4751483712985505, 0.3828483519673243, 0.4340810284204571, 0.3586452858712825, 0.1932502249827661, 0.195285747530293, 0.42944042908444835, 0.3555260205713131, 0.4880106256873897, 0.3770194577951051, 0.391600857373224, 0.3629528291483969, 0.4786223715037622, 0.36763412299991044, 0.40602988928939915, 0.3237598447533707, 0.48187122375370717], ""kernels.1.base_kernel.kernels.1"": [0.6931481805599428, 0.6931481805599428, 0.6931481805599428]}","{""kernels.0"": 2.7276411962544614e-05, ""kernels.0.base_kernel.kernels.1"": 0.0008032805895043929, ""kernels.1"": 0.9279082446946462}",10,5,30,15,15,archive,0,2
7,114.43630945699233,114.43630945699233,0.4984,local,-2.760044752110961,-5.117229601922544,2.357184849811583,0.06473728544346843,0.36812575754990257,archive,108,0,0.11565119401770375,0.02904778774368954,0.028618447664891845,0.006068296644693994,0.31456553319623,0.14138994912640973,0.33333979890727083,0.6931481805599428,"{""kernels.0.base_kernel.kernels.0"": [0.33333206217434364, 0.33333488462699445, 0.3333338469866246, 0.33333919346778185, 0.3333319889247033, 0.3333304386148202, 0.33332502699483774, 0.33334214943425533, 0.33332833973068127, 0.33333753886794026, 0.33333077623566937, 0.33333595462983673, 0.3333338748114945, 0.3333404043467599, 0.3333307423449027, 0.3333377569625084, 0.3333334201645932, 0.33333810294626964], ""kernels.0.base_kernel.kernels.1.base_kernel"": [0.6931481805599428, 0.6931481805599428, 0.6931481805599428], ""kernels.1.base_kernel.kernels.0"": [0.3079929578754578, 0.4182673673546992, 0.3595799243611631, 0.45822968946750237, 0.3305692399273831, 0.17511139847510437, 0.35746612675662304, 0.4993217490995131, 0.14138994912640973, 0.47791816423397876, 0.4128690751010758, 0.43096704795263213, 0.36210770916794266, 0.5112137055670432, 0.2741153868338275, 0.462670898795077, 0.3396839014984864, 0.453025945364789], ""kernels.1.base_kernel.kernels.1"": [0.6931481805599428, 0.6931481805599428, 0.6931481805599428]}","{""kernels.0"": 2.7267485190261877e-05, ""kernels.0.base_kernel.kernels.1"": 0.0008032798744347856, ""kernels.1"": 0.9428660522290648}",10,5,30,15,15,archive,0,0
8,120.43885555647648,114.43630945699233,0.4956,global,-3.4881957843381057,-6.147324545881351,2.6591287615432453,0.9175543952313342,1.3156153428043786,global,,,0.08381492926126076,0.029302182180159987,0.028542901741559573,0.005881608043916682,0.3052039668716003,0.14268407092092095,0.33333998724161584,0.6931481805599428,"{""kernels.0.base_kernel.kernels.0"": [0.33333201014437097, 0.333335032660252, 0.3333338909415186, 0.33333921745770206, 0.3333318258618041, 0.3333300521510358, 0.3333245049796738, 0.3333426481847302, 0.33332832424250575, 0.3333376420073922, 0.3333304565749509, 0.3333359735996818, 0.333334078102709, 0.3333407570255296, 0.3333308775834462, 0.3333379667680596, 0.3333333929711155, 0.3333383824677123], ""kernels.0.base_kernel.kernels.1.base_kernel"": [0.6931481805599428, 0.6931481805599428, 0.6931481805599428], ""kernels.1.base_kernel.kernels.0"": [0.30427278274370545, 0.4216831757335139, 0.36050046538960373, 0.4567950252967282, 0.32815530236239554, 0.18727149636659385, 0.34707985745826087, 0.504031768360673, 0.14268407092092095, 0.4799149061083972, 0.407630750010634, 0.430224932380111, 0.3639924390735954, 0.51304468814203, 0.2737594456303864, 0.4622841283398019, 0.33619463519244336, 0.4538268774191949], ""kernels.1.base_kernel.kernels.1"": [0.6931481805599428, 0.6931481805599428, 0.6931481805599428]}","{""kernels.0"": 2.725849036210035e-05, ""kernels.0.base_kernel.kernels.1"": 0.0008032792732952227, ""kernels.1"": 0.9147813628511435}",10,5,30,15,15,archive,0,1
9,115.8799430602088,114.43630945699233,0.4952,global,-3.3817258578940765,-8.71264476846645,5.3309189105723735,0.8586670093070419,1.3815524902694527,global,,,0.08930158936782409,0.028858163619737306,0.02846062085102822,0.0057341222581164175,0.2979733976407895,0.14274717402474857,0.33334038480605155,0.6931481805599428,"{""kernels.0.base_kernel.kernels.0"": [0.33333242530695667, 0.333335258848161, 0.3333340844720109, 0.3333392583623136, 0.3333316665481958, 0.3333298423561511, 0.33332402818184514, 0.33334294584370977, 0.3333283973715111, 0.3333378015911634, 0.33333024978426945, 0.3333359846073437, 0.33333392710583726, 0.3333415112497895, 0.3333308613029945, 0.3333381350460498, 0.3333334420812338, 0.3333390207484946], ""kernels.0.base_kernel.kernels.1.base_kernel"": [0.6931481805599428, 0.6931481805599428, 0.6931481805599428], ""kernels.1.base_kernel.kernels.0"": [0.31523772054798715, 0.42445241771604336, 0.3612355579012312, 0.45537515891519753, 0.325657101021823, 0.1914240339140115, 0.3416259402046828, 0.5049128672961406, 0.14274717402474857, 0.48301531977085, 0.40665917843404653, 0.42994823919304564, 0.36363686922081295, 0.5172513203272591, 0.28001160974940503, 0.4629493854392431, 0.3364133654781965, 0.4606764464958738], ""kernels.1.base_kernel.kernels.1"": [0.6931481805599428, 0.6931481805599428, 0.6931481805599428]}","{""kernels.0"": 2.7251452141090156e-05, ""kernels.0.base_kernel.kernels.1"": 0.0008032788149975631, ""kernels.1"": 0.8930896626552299}",10,5,30,15,15,archive,0,2
10,118.41627177476713,114.43630945699233,0.5034,global,-3.553980326029577,-6.356581858904823,2.8026015328752463,1.4359922276830759,1.404263349404747,global,,,0.0903646972496158,0.027281506832462096,0.0277644834064189,0.005321023479475308,0.2901528060590401,0.14221040166659987,0.3333408463084745,0.6931481805599428,"{""kernels.0.base_kernel.kernels.0"": [0.33333239845600343, 0.33333525877972636, 0.33333452576473804, 0.3333396378400533, 0.33333154076444715, 0.3333297252681498, 0.3333238546043369, 0.33334376950580086, 0.3333282599673762, 0.333339601144039, 0.33333068945073036, 0.3333361651692538, 0.33333412307916804, 0.33334205477689566, 0.3333308037511539, 0.3333384273496988, 0.33333347754139747, 0.3333393754745426], ""kernels.0.base_kernel.kernels.1.base_kernel"": [0.6931481805599428, 0.6931481805599428, 0.6931481805599428], ""kernels.1.base_kernel.kernels.0"": [0.31382800031499675, 0.4259185305884815, 0.37009401334426395, 0.4594041251940334, 0.3239218981296824, 0.19294532639417927, 0.34663131757749344, 0.5116860092406674, 0.14221040166659987, 0.5005428499726143, 0.417118882282308, 0.43329533667135606, 0.3656684671784016, 0.520896929520374, 0.2810552576994768, 0.4649709160479262, 0.33581567702217197, 0.4640514442970071], ""kernels.1.base_kernel.kernels.1"": [0.6931481805599428, 0.6931481805599428, 0.6931481805599428]}","{""kernels.0"": 2.724325952340575e-05, ""kernels.0.base_kernel.kernels.1"": 0.0008032783188378055, ""kernels.1"": 0.869627896598759}",10,5,30,15,15,archive,0,3
11,113.8173795080962,113.8173795080962,0.4954,global,-3.5642193931408905,-6.220076110182774,2.655856717041883,0.5550315655332693,1.2106625943538767,global,,,0.09972946424260072,0.026209646171820238,0.02739278388894095,0.005070667215681188,0.28323154601110095,0.14261801746577388,0.33334172935197415,0.6931481805599428,"{""kernels.0.base_kernel.kernels.0"": [0.3333324254279514, 0.333336383260066, 0.333334511628262, 0.3333398548519568, 0.3333314471334612, 0.3333297004510859, 0.33332354352200827, 0.33334434836307225, 0.33332807452505625, 0.33334092904803264, 0.3333317736420127, 0.33333629181372587, 0.333334085894533, 0.33334252965591565, 0.333330799378095, 0.33333855783288785, 0.3333336135321395, 0.3333395516940349], ""kernels.0.base_kernel.kernels.1.base_kernel"": [0.6931481805599428, 0.6931481805599428, 0.6931481805599428], ""kernels.1.base_kernel.kernels.0"": [0.31468010244440486, 0.43913751826881725, 0.3691457877181679, 0.46036686234622953, 0.32255221518541993, 0.19089796952509064, 0.3464694649579268, 0.5149640283476751, 0.14261801746577388, 0.5125564508682929, 0.4352130496507319, 0.4351493290001335, 0.3653237361393193, 0.5236714113386924, 0.28730425341839116, 0.4654007422214848, 0.33991046344746967, 0.4658797254501173], ""kernels.1.base_kernel.kernels.1"": [0.6931481805599428, 0.6931481805599428, 0.6931481805599428]}","{""kernels.0"": 2.7235635016738828e-05, ""kernels.0.base_kernel.kernels.1"": 0.0008032778875089346, ""kernels.1"": 0.8488641245107771}",10,5,30,15,15,archive,0,0
12,130.05769208917292,113.8173795080962,0.4482,local,-3.6387760177044175,-4.622214546401351,0.9834385286969338,0.08608052455078646,0.3096582426751834,archive,115,0,0.09656813511154874,0.02708669407633396,0.02675530346654433,0.004705911691629995,0.2764268187968351,0.13884057215026785,0.3333420290632277,0.6931481805599428,"{""kernels.0.base_kernel.kernels.0"": [0.33333247264197235, 0.3333366982288031, 0.33333530525800414, 0.3333399895064177, 0.3333312505919736, 0.33332992955720964, 0.3333250051387761, 0.33334581284004655, 0.3333280833736529, 0.33334132835722957, 0.333333230297068, 0.3333366190407459, 0.33333428341321336, 0.3333427297692258, 0.33333070353466027, 0.33333871425757555, 0.3333338630350905, 0.33334008972610535], ""kernels.0.base_kernel.kernels.1.base_kernel"": [0.6931481805599428, 0.6931481805599428, 0.6931481805599428], ""kernels.1.base_kernel.kernels.0"": [0.31500170660469307, 0.4409285723625044, 0.3858471763824852, 0.4633629572182579, 0.31352827038174025, 0.18654021546962105, 0.413159568261695, 0.5326882528657848, 0.13884057215026785, 0.5153411630159366, 0.4552929286752576, 0.4452968543172973, 0.36479874203725066, 0.5235746866258708, 0.27864824294152873, 0.46738931024830754, 0.34369452276566614, 0.46961492702575336], ""kernels.1.base_kernel.kernels.1"": [0.6931481805599428, 0.6931481805599428, 0.6931481805599428]}","{""kernels.0"": 2.722521426630108e-05, ""kernels.0.base_kernel.kernels.1"": 0.0008032773393735225, ""kernels.1"": 0.8284499538368656}",10,5,30,15,15,archive,0,1
13,120.1641447759875,113.8173795080962,0.4988,local,-3.1967285386773874,-4.712234235802887,1.5155056971254997,0.07880329911414996,0.3118652498454224,archive,115,0,0.08463533507039096,0.027692020826346295,0.027311276838053598,0.004882750646582409,0.2733907448189127,0.14495689965119213,0.3333416880434459,0.6931481805599428,"{""kernels.0.base_kernel.kernels.0"": [0.3333323064097522, 0.3333358614294553, 0.33333535042253926, 0.33334029619558736, 0.3333312823647028, 0.333329966766906, 0.33332367924669837, 0.3333454340763158, 0.33332782443023634, 0.333340815170814, 0.33333307638959897, 0.33333651836285455, 0.33333449996337045, 0.33334256091607783, 0.3333307906704252, 0.33333871000501225, 0.33333379067881985, 0.3333376952768698], ""kernels.0.base_kernel.kernels.1.base_kernel"": [0.6931481805599428, 0.6931481805599428, 0.6931481805599428], ""kernels.1.base_kernel.kernels.0"": [0.30512665982513526, 0.4427187553072853, 0.38782769885126345, 0.4642107712214168, 0.3115660367354515, 0.1909250968323808, 0.37754732808445574, 0.5206086417165964, 0.14495689965119213, 0.508104864755762, 0.45216334034449684, 0.4379411730804576, 0.3668548161072406, 0.5255376149686899, 0.2880177395973988, 0.466263169670873, 0.33929348498457335, 0.43550402040275776], ""kernels.1.base_kernel.kernels.1"": [0.6931481805599428, 0.6931481805599428, 0.6931481805599428]}","{""kernels.0"": 2.7218544625175612e-05, ""kernels.0.base_kernel.kernels.1"": 0.0008032769642904821, ""kernels.1"": 0.8193417389478224}",10,5,30,15,15,archive,0,2
14,117.59965730998627,113.8173795080962,0.5026,local,-3.5917260221130474,-4.874867884098862,1.2831418619858144,0.07615476665484017,0.26085200607654013,archive,115,0,0.06779588345710962,0.0278540548821977,0.027795390718013832,0.005011699950448745,0.26801812310736733,0.14734596963676924,0.33334200257267366,0.6931481805599428,"{""kernels.0.base_kernel.kernels.0"": [0.3333320602357055, 0.3333360167575753, 0.33333540682861046, 0.3333405897514535, 0.3333312875990889, 0.333329910519787, 0.3333233495221587, 0.3333458469409046, 0.3333277548030401, 0.3333411730373113, 0.3333327253527399, 0.33333665708694715, 0.3333343249390824, 0.33334283210803595, 0.33333072849281614, 0.33333882957721783, 0.3333338241723967, 0.33333688142503576], ""kernels.0.base_kernel.kernels.1.base_kernel"": [0.6931481805599428, 0.6931481805599428, 0.6931481805599428], ""kernels.1.base_kernel.kernels.0"": [0.30114725471036474, 0.4357159068677454, 0.39125227400731305, 0.46873496656372293, 0.3131313690608348, 0.19310523278240924, 0.37015602632185457, 0.5299966010906305, 0.14734596963676924, 0.5158047025597311, 0.4473320168481784, 0.4435575823346722, 0.36548959373101203, 0.5304742985542975, 0.28873237849425365, 0.46832065611194285, 0.3402231047934348, 0.4154114117422451], ""kernels.1.base_kernel.kernels.1"": [0.6931481805599428, 0.6931481805599428, 0.6931481805599428]}","{""kernels.0"": 2.7216722453864397e-05, ""kernels.0.base_kernel.kernels.1"": 0.0008032768636978269, ""kernels.1"": 0.8032238757359502}",10,5,30,15,15,archive,0,3
15,119.87374517882111,113.8173795080962,0.497,local,-3.7338733707901177,-131.22581170977992,127.4919383389898,1.070584115949141,1.37474930098579,archive,88,21,0.06230170695653551,0.026882543157939785,0.027429573183859756,0.004797078920335873,0.26292238913133414,0.1433668480409151,0.3333434430732466,0.6931481805599428,"{""kernels.0.base_kernel.kernels.0"": [0.33333171042207166, 0.3333363350764786, 0.3333360544049485, 0.3333410627119162, 0.3333311355477631, 0.33332941850446623, 0.33332393379397807, 0.3333485298994626, 0.3333276798560589, 0.33334306319521384, 0.33333441090946947, 0.3333371179977834, 0.3333344310675542, 0.33334382295127934, 0.3333305523175421, 0.3333390725985233, 0.3333341416088531, 0.333335429822138], ""kernels.0.base_kernel.kernels.1.base_kernel"": [0.6931481805599428, 0.6931481805599428, 0.6931481805599428], ""kernels.1.base_kernel.kernels.0"": [0.28935403722170006, 0.43657451715224416, 0.399336773011644, 0.4718760141919796, 0.3185692583987842, 0.19801178962383922, 0.39622196605910304, 0.5503626977292566, 0.1433668480409151, 0.5285556507602802, 0.4689057411973518, 0.45258685130788834, 0.3639918127279062, 0.5453433668568421, 0.2827017909692773, 0.4686002073500458, 0.34283871445090247, 0.40260870232556817], ""kernels.1.base_kernel.kernels.1"": [0.6931481805599428, 0.6931481805599428, 0.6931481805599428]}","{""kernels.0"": 2.720531863576942e-05, ""kernels.0.base_kernel.kernels.1"": 0.0008032762929556117, ""kernels.1"": 0.787936685782411}",10,5,30,15,15,archive,0,4
16,112.07872988107042,112.07872988107042,0.5034,local,-3.6451349880498025,-5.247566547426032,1.602431559376229,0.06858231196557077,0.2929944287784004,archive,115,0,0.07330187992102725,0.026985097099575757,0.027903379853822217,0.004949028771746302,0.2584977815171805,0.13987673674994422,0.33334350543912705,0.6931481805599428,"{""kernels.0.base_kernel.kernels.0"": [0.33333250953820676, 0.3333363767517456, 0.33333597966038625, 0.33334082199905923, 0.33333114316741647, 0.3333292734582077, 0.3333239508509175, 0.33334892078981315, 0.33332756622285953, 0.33334334856087816, 0.33333515132494607, 0.3333371443512551, 0.33333468480721795, 0.333343662317376, 0.33333057433298185, 0.3333394547235216, 0.3333348396024006, 0.33333611862978924], ""kernels.0.base_kernel.kernels.1.base_kernel"": [0.6931481805599428, 0.6931481805599428, 0.6931481805599428], ""kernels.1.base_kernel.kernels.0"": [0.3158280528147431, 0.43593268261256135, 0.3994838358530846, 0.46314971028295365, 0.3214667391639811, 0.20215649950693923, 0.4068886670150493, 0.5575483154005507, 0.13987673674994422, 0.5307828097168025, 0.4765869143367693, 0.4561118501990178, 0.3612974194173164, 0.5432221952982681, 0.2730107688414397, 0.4702972596265887, 0.3571289073467195, 0.41146110218869686], ""kernels.1.base_kernel.kernels.1"": [0.6931481805599428, 0.6931481805599428, 0.6931481805599428]}","{""kernels.0"": 2.7191707118453575e-05, ""kernels.0.base_kernel.kernels.1"": 0.0008032756462440867, ""kernels.1"": 0.774662877198179}",10,5,30,15,15,archive,0,0
17,118.8511037015119,112.07872988107042,0.4996,global,-4.000554396646791,-9.478311002768269,5.477756606121478,1.1564882401775476,1.3977128993712675,global,,,0.08719000212400337,0.02634761404354277,0.02662053019688734,0.004381370640564456,0.25373118672124956,0.135906342444858,0.3333440197435642,0.6931481805599428,"{""kernels.0.base_kernel.kernels.0"": [0.33333232290825027, 0.33333617062595133, 0.33333617030736423, 0.33334365278494427, 0.33333093125002505, 0.33332887467335887, 0.3333242308025674, 0.33335033985020307, 0.33332775084517263, 0.3333442676331137, 0.3333351022945969, 0.33333728336325297, 0.3333349435621233, 0.33334377185401476, 0.3333306504587903, 0.3333398029108711, 0.3333351742498682, 0.33333539710942345], ""kernels.0.base_kernel.kernels.1.base_kernel"": [0.6931481805599428, 0.6931481805599428, 0.6931481805599428], ""kernels.1.base_kernel.kernels.0"": [0.3084569420735015, 0.4331356615862221, 0.40242404262519504, 0.4826949173829117, 0.3199938426855803, 0.22251173444079236, 0.41234522821392444, 0.5761326625955568, 0.135906342444858, 0.539374242985097, 0.47417814687217363, 0.4611201019225547, 0.35821229642808383, 0.5470057198700431, 0.2671235859570832, 0.46987659089625017, 0.3571147696762525, 0.40093192824469565], ""kernels.1.base_kernel.kernels.1"": [0.6931481805599428, 0.6931481805599428, 0.6931481805599428]}","{""kernels.0"": 2.7179431115605487e-05, ""kernels.0.base_kernel.kernels.1"": 0.0008032750970349066, ""kernels.1"": 0.7603631056355982}",10,5,30,15,15,archive,0,1
18,114.7032053837715,112.07872988107042,0.4982,global,-4.10454845172993,-10.282239668718509,6.1776912169885785,1.2604902593331617,1.3760272433468146,global,,,0.0706581599212708,0.025779872387918908,0.026431835142353186,0.004262757330031503,0.2493250287780343,0.1358414679910255,0.33334793470957835,0.6931481805599428,"{""kernels.0.base_kernel.kernels.0"": [0.33333214540313316, 0.33333644624119685, 0.333336179853471, 0.3333432078069737, 0.33333325291616456, 0.33332867486520523, 0.33332397327846114, 0.3333509564430664, 0.3333278043356875, 0.33334491297609026, 0.3333347932413233, 0.3333373047338262, 0.3333350209620764, 0.33334381879028613, 0.3333306113541984, 0.3333398927881645, 0.33333525623309757, 0.3333358699382177], ""kernels.0.base_kernel.kernels.1.base_kernel"": [0.6931481805599428, 0.6931481805599428, 0.6931481805599428], ""kernels.1.base_kernel.kernels.0"": [0.3018285242533203, 0.4325056178294839, 0.40199517782514527, 0.47872453528191167, 0.38144800124396533, 0.22308433956513268, 0.40553160510267144, 0.5799603143038531, 0.1358414679910255, 0.5438068580969844, 0.47165170601273465, 0.4626350478027247, 0.36002816556160555, 0.5513968624389691, 0.260732505089059, 0.46791610720421684, 0.36084464437119484, 0.4076735568753711], ""kernels.1.base_kernel.kernels.1"": [0.6931481805599428, 0.6931481805599428, 0.6931481805599428]}","{""kernels.0"": 2.7170696466462504e-05, ""kernels.0.base_kernel.kernels.1"": 0.0008032747174900372, ""kernels.1"": 0.7471446409201464}",10,5,30,15,15,archive,0,2
19,110.96324417951682,110.96324417951682,0.4972,global,-4.350047900682136,-8.485666961682515,4.135619061000379,0.6948352001272264,1.2467665343989014,global,,,0.03903152238638173,0.024639591434578775,0.02568444125451492,0.003957846316210837,0.24472491561414858,0.13474324563628964,0.33334969369911294,0.6931481805599428,"{""kernels.0.base_kernel.kernels.0"": [0.3333323771291098, 0.3333369807404559, 0.33333623177662913, 0.33334398052261544, 0.33333324569760947, 0.3333285110406834, 0.3333236928286018, 0.33335326513008434, 0.33332767569457267, 0.3333461222681416, 0.3333347141791786, 0.33333784456979937, 0.3333349087259118, 0.3333440128767586, 0.3333306838474539, 0.3333399698108186, 0.3333378797297261, 0.3333356554242078], ""kernels.0.base_kernel.kernels.1.base_kernel"": [0.6931481805599428, 0.6931481805599428, 0.6931481805599428], ""kernels.1.base_kernel.kernels.0"": [0.3075615711915735, 0.43790629488170585, 0.40207799679414485, 0.48306653651298387, 0.38048692265843065, 0.22321783856146246, 0.4067691377793046, 0.5909247371612317, 0.13474324563628964, 0.5501147769502179, 0.4725618749178279, 0.46802185699892573, 0.3504652854040969, 0.5522863889677092, 0.2607449048452525, 0.4673037644510669, 0.4090705643803543, 0.4039793890256403], ""kernels.1.base_kernel.kernels.1"": [0.6931481805599428, 0.6931481805599428, 0.6931481805599428]}","{""kernels.0"": 2.716241414538675e-05, ""kernels.0.base_kernel.kernels.1"": 0.0008032743814769571, ""kernels.1"": 0.7333443100468234}",10,5,30,15,15,archive,0,0
20,114.9664440351361,110.96324417951682,0.4988,global,-4.496582808891662,-6.781237931616408,2.284655122724746,0.4765643784169138,1.1901895620116776,global,,,0.06814547825406846,0.021344238169256187,0.024249148102210405,0.003444103897058442,0.24112014047282848,0.13493463639744513,0.3333503063445362,0.6931481805599428,"{""kernels.0.base_kernel.kernels.0"": [0.333332225006345, 0.33333673919206047, 0.3333363513315159, 0.33334641403957765, 0.333332862829512, 0.33332844068246903, 0.3333236064886002, 0.3333541236489863, 0.33332748633018106, 0.3333464890400862, 0.33333573455033805, 0.3333380569077725, 0.3333360257186772, 0.33334457259320865, 0.3333308372407668, 0.33334016975655656, 0.3333382757296677, 0.33333535559123545], ""kernels.0.base_kernel.kernels.1.base_kernel"": [0.6931481805599428, 0.6931481805599428, 0.6931481805599428], ""kernels.1.base_kernel.kernels.0"": [0.30180994614714524, 0.4361258864675357, 0.4048166690490405, 0.494904027266652, 0.37390878824109286, 0.22599617071176917, 0.4101519839033975, 0.5947134451408929, 0.13493463639744513, 0.5528893276177398, 0.48133559043473556, 0.47017409276285216, 0.3648286008356273, 0.5567853703044904, 0.26050410647689387, 0.4693466696213219, 0.40187866572534986, 0.4004773176564284], ""kernels.1.base_kernel.kernels.1"": [0.6931481805599428, 0.6931481805599428, 0.6931481805599428]}","{""kernels.0"": 2.7152662175062477e-05, ""kernels.0.base_kernel.kernels.1"": 0.0008032740040084788, ""kernels.1"": 0.722529994752302}",10,5,30,15,15,archive,0,1
21,186.0919711650285,110.96324417951682,0.5028,global,-4.5605792889936545,-6.631562338084021,2.0709830490903665,0.8110227129817825,1.3333671452759408,global,,,0.2084943204911967,0.020603601279308745,0.02362465882579793,0.003234790003989192,0.23792674888572152,0.13492727024284124,0.333351673294331,0.6931481805599428,"{""kernels.0.base_kernel.kernels.0"": [0.3333321646478036, 0.33333680089200557, 0.33333678999431837, 0.3333486990377385, 0.3333326788577497, 0.3333285132245887, 0.33332333486541205, 0.33335464755092353, 0.3333274682208363, 0.33334689225008596, 0.3333361793606494, 0.33333812338485114, 0.3333362068917723, 0.3333475296187643, 0.3333309611193125, 0.33334096804432617, 0.33333844386071027, 0.33333551833532526], ""kernels.0.base_kernel.kernels.1.base_kernel"": [0.6931481805599428, 0.6931481805599428, 0.6931481805599428], ""kernels.1.base_kernel.kernels.0"": [0.29991922263141024, 0.43510975562996523, 0.4125203274725318, 0.5117539643618227, 0.3737555864906347, 0.23309268051140156, 0.40808068139521575, 0.5977663776189175, 0.13492727024284124, 0.5553398174700593, 0.4852660541378456, 0.47042621989986744, 0.36593767773135116, 0.5790289935600987, 0.2629727276852384, 0.47867944928352424, 0.40394145799378656, 0.3981814582370182], ""kernels.1.base_kernel.kernels.1"": [0.6931481805599428, 0.6931481805599428, 0.6931481805599428]}","{""kernels.0"": 2.7146667021992996e-05, ""kernels.0.base_kernel.kernels.1"": 0.0008032737912272082, ""kernels.1"": 0.7129498261989153}",10,5,30,15,15,archive,0,2
22,121.6748265227368,110.96324417951682,0.5008,global,-4.33717676113352,-10.357529804360691,6.020353043227171,0.8581981460177616,1.336678100027094,global,,,0.06477082504047617,0.020437066301810403,0.02337016099150246,0.0031662710011544485,0.23793891733973907,0.1365604999484268,0.33334928412625603,0.6931481805599428,"{""kernels.0.base_kernel.kernels.0"": [0.33333223408594165, 0.33333581397885564, 0.33333643274389807, 0.33334407978094893, 0.33333238106359664, 0.33332876394813465, 0.333323188528605, 0.333348680711182, 0.3333272548727614, 0.3333459106010469, 0.3333364155637032, 0.3333378546666148, 0.3333359549512481, 0.33334988754133005, 0.3333308910798049, 0.33334163749716517, 0.33333907347973224, 0.3333344512999541], ""kernels.0.base_kernel.kernels.1.base_kernel"": [0.6931481805599428, 0.6931481805599428, 0.6931481805599428], ""kernels.1.base_kernel.kernels.0"": [0.30074766100542377, 0.4322128900768875, 0.40740832658453674, 0.4413952308992445, 0.37322176951928165, 0.23292050734175476, 0.38850834475727114, 0.5365951006685019, 0.1365604999484268, 0.5465102711988296, 0.48022434522400276, 0.46020451804877127, 0.3702473446419439, 0.5961815335642836, 0.27316887351308056, 0.4877873689068175, 0.4174090486664723, 0.38974084956124216], ""kernels.1.base_kernel.kernels.1"": [0.6931481805599428, 0.6931481805599428, 0.6931481805599428]}","{""kernels.0"": 2.7138798005974394e-05, ""kernels.0.base_kernel.kernels.1"": 0.0008032734647034454, ""kernels.1"": 0.7129863397565078}",10,5,30,15,15,archive,0,3
23,113.33847491774421,110.96324417951682,0.4974,local,-4.349731042537531,-197.66224301443606,193.31251197189852,1.0995906233844326,1.3751788263302869,archive,88,28,0.050414978756745624,0.02040414314851784,0.023367137954755663,0.0031497744584446687,0.2356088277299979,0.1380042040662612,0.33334822251159457,0.6931481805599428,"{""kernels.0.base_kernel.kernels.0"": [0.3333322248997046, 0.33333533805509813, 0.333337898576825, 0.3333440167092479, 0.33333260237536716, 0.3333288231530662, 0.3333227529986534, 0.33334517627393556, 0.3333264909203067, 0.33334715147014066, 0.33333529266470946, 0.33333758941388814, 0.33333635365920283, 0.3333492935530485, 0.33333099104951397, 0.33334157918728097, 0.3333398915041691, 0.3333374602424502], ""kernels.0.base_kernel.kernels.1.base_kernel"": [0.6931481805599428, 0.6931481805599428, 0.6931481805599428], ""kernels.1.base_kernel.kernels.0"": [0.30283372409393694, 0.4199950047852497, 0.42222859350870184, 0.43833786409047554, 0.3803125004085827, 0.23199315481299218, 0.37650603884184775, 0.501534924569176, 0.1380042040662612, 0.5557549195980128, 0.47122096220870896, 0.4529423239726649, 0.37467081098727434, 0.5827487467474675, 0.28165508563846686, 0.48404599303106594, 0.4241534158814987, 0.4193404961480221], ""kernels.1.base_kernel.kernels.1"": [0.6931481805599428, 0.6931481805599428, 0.6931481805599428]}","{""kernels.0"": 2.712707776715591e-05, ""kernels.0.base_kernel.kernels.1"": 0.0008032729683676563, ""kernels.1"": 0.7059960831438589}",10,5,30,15,15,archive,0,4
24,107.66417037878665,107.66417037878665,0.5002,global,-4.678291209640424,-8.170105612139425,3.491814402499001,0.7637332372330607,1.3338245621366918,global,,,0.027773876209836686,0.01992144641219765,0.022794476756342816,0.002950533071273185,0.23252146706219923,0.13879322944246658,0.3333488698261371,0.6931481805599428,"{""kernels.0.base_kernel.kernels.0"": [0.33333225495864544, 0.33333584893832563, 0.3333379204245658, 0.33334454249433665, 0.33333284770166666, 0.3333289334786312, 0.3333225457958026, 0.33334552538478457, 0.33332641800892043, 0.3333479446349642, 0.33333543806618665, 0.3333376803216208, 0.333337281730973, 0.33334979501731, 0.33333104941470515, 0.33334173255075533, 0.3333404612902292, 0.33333768934168284], ""kernels.0.base_kernel.kernels.1.base_kernel"": [0.6931481805599428, 0.6931481805599428, 0.6931481805599428], ""kernels.1.base_kernel.kernels.0"": [0.3063002600832931, 0.4322586962600627, 0.4209159841976599, 0.4405085126189841, 0.3849761282379728, 0.23197480645496588, 0.37074561069293716, 0.4997772013251252, 0.13879322944246658, 0.5595390125284978, 0.4731208521821483, 0.4528129105409359, 0.38502270742419176, 0.584947043214087, 0.28549070015842726, 0.4856499379832967, 0.430029901249556, 0.4237884285045685], ""kernels.1.base_kernel.kernels.1"": [0.6931481805599428, 0.6931481805599428, 0.6931481805599428]}","{""kernels.0"": 2.7120356880890065e-05, ""kernels.0.base_kernel.kernels.1"": 0.0008032726922659651, ""kernels.1"": 0.6967340081374508}",10,5,30,15,15,archive,0,0
25,149.87902330302052,107.66417037878665,0.5018,global,-5.101608629823399,-7.214912250191829,2.1133036203684297,0.6469434691584579,1.256860282956106,global,,,0.2899213517584136,0.017746169420487963,0.021819981154507208,0.002642205311146621,0.22888747442440163,0.1410448879466728,0.3333483638096463,0.6931481805599428,"{""kernels.0.base_kernel.kernels.0"": [0.33333301433232704, 0.33333541681445106, 0.3333382833103643, 0.3333419965728469, 0.3333330614766105, 0.33332914855733736, 0.3333212162132372, 0.3333476767091067, 0.3333258570739334, 0.33334642558984645, 0.3333326947750086, 0.33333787910273466, 0.3333367837441761, 0.3333490509101858, 0.33333130671160294, 0.33334143644414066, 0.3333389616581497, 0.33333902620695915], ""kernels.0.base_kernel.kernels.1.base_kernel"": [0.6931481805599428, 0.6931481805599428, 0.6931481805599428], ""kernels.1.base_kernel.kernels.0"": [0.31669155168900287, 0.41836137988171274, 0.4249326488742243, 0.41819744749728055, 0.39007799604387094, 0.24387462138045632, 0.3343024035352365, 0.5172547392741734, 0.1410448879466728, 0.5546730570890156, 0.45020886757959344, 0.452815497477932, 0.3804665180048856, 0.567642679109886, 0.29546209118099553, 0.47651723859870776, 0.4131728656442726, 0.4373279606827613], ""kernels.1.base_kernel.kernels.1"": [0.6931481805599428, 0.6931481805599428, 0.6931481805599428]}","{""kernels.0"": 2.710499082001717e-05, ""kernels.0.base_kernel.kernels.1"": 0.0008032720256458167, ""kernels.1"": 0.6858320462567391}",10,5,30,15,15,archive,0,1
26,357.84044875486904,107.66417037878665,0.4996,global,-5.101671763888735,-8.833165926467782,3.7314941625790468,0.8373359922164181,1.3609837765704673,global,,,0.2664116287438274,0.017637430594039858,0.021714935239808927,0.002625258196315991,0.230281496534128,0.1459795405624731,0.3333485357074413,0.6931481805599428,"{""kernels.0.base_kernel.kernels.0"": [0.3333329285283305, 0.333335463318119, 0.3333382985327545, 0.3333424099782985, 0.33333313796715436, 0.33332887626888574, 0.33332176089387267, 0.3333474781668863, 0.33332613907255143, 0.3333466575050351, 0.33333310010897266, 0.3333377950594362, 0.3333374833779799, 0.33334959324799623, 0.3333314585421426, 0.3333417303923311, 0.33333918083608116, 0.33333897122357703], ""kernels.0.base_kernel.kernels.1.base_kernel"": [0.6931481805599428, 0.6931481805599428, 0.6931481805599428], ""kernels.1.base_kernel.kernels.0"": [0.3146359925365599, 0.4218364218636943, 0.4248878390197223, 0.4233376441091234, 0.39052486702095757, 0.25319517211787246, 0.33561162268623246, 0.517970401804982, 0.1459795405624731, 0.5532707363015519, 0.4511624319174939, 0.45095853949429204, 0.3863158525385673, 0.5690535311301391, 0.2979607279751606, 0.47860774338296724, 0.4153242499964197, 0.4381376160713023], ""kernels.1.base_kernel.kernels.1"": [0.6931481805599428, 0.6931481805599428, 0.6931481805599428]}","{""kernels.0"": 2.7101611237668038e-05, ""kernels.0.base_kernel.kernels.1"": 0.0008032718770050896, ""kernels.1"": 0.6900141161141412}",10,5,30,15,15,archive,0,2
27,119.77841489413348,107.66417037878665,0.4996,local,-4.612559062052087,-263.8484570194559,259.23589795740384,1.092724462334739,1.380373593664007,archive,88,31,0.08382833697511066,0.017784143696343024,0.021486921445388052,0.0025577731812321384,0.2253425428220831,0.14166654666746653,0.3333465746792904,0.6931481805599428,"{""kernels.0.base_kernel.kernels.0"": [0.3333357706454852, 0.33333858169260533, 0.3333387388511539, 0.33334213425316134, 0.33333090806459903, 0.3333261766068747, 0.33332215512933, 0.33334353069391026, 0.33332655782343673, 0.3333482425845127, 0.333333558531312, 0.3333312661764967, 0.3333354522692914, 0.3333503883348774, 0.33332994695762197, 0.3333403454075282, 0.33334148087753296, 0.3333449067740681], ""kernels.0.base_kernel.kernels.1.base_kernel"": [0.6931481805599428, 0.6931481805599428, 0.6931481805599428], ""kernels.1.base_kernel.kernels.0"": [0.39592891596838753, 0.46457998867055933, 0.43142671287090806, 0.42730690172815416, 0.36790535181152234, 0.2868516204452348, 0.18726139576341816, 0.458261578224884, 0.14166654666746653, 0.5481861861026629, 0.4434192324470558, 0.257878699870277, 0.36734338681964024, 0.5226478534084684, 0.33075151221709503, 0.45766439938635545, 0.4511271148220733, 0.4885257521516607], ""kernels.1.base_kernel.kernels.1"": [0.6931481805599428, 0.6931481805599428, 0.6931481805599428]}","{""kernels.0"": 2.7071513472933723e-05, ""kernels.0.base_kernel.kernels.1"": 0.0008032703931539857, ""kernels.1"": 0.6751972865596224}",10,5,30,15,15,archive,0,3
28,108.60205283671607,107.66417037878665,0.4994,local,-5.2016853186105525,-5.979325959984529,0.7776406413739769,0.03661570871923743,0.16640212710216068,archive,128,0,0.04122845508522782,0.017715162150779926,0.021548538345666855,0.0025574211622822114,0.2236992635463335,0.1411373140951048,0.3333456846734815,0.6931481805599428,"{""kernels.0.base_kernel.kernels.0"": [0.3333348548976071, 0.33333859083913625, 0.333338624526999, 0.3333423962556575, 0.33333078810241723, 0.3333261793015968, 0.33332227625942684, 0.3333439551185055, 0.33332650743795844, 0.33334724479389655, 0.333333710897627, 0.33333138330222667, 0.33333555329472137, 0.3333506316939889, 0.3333296845413487, 0.3333432092788148, 0.33334189765710925, 0.3333441245530665], ""kernels.0.base_kernel.kernels.1.base_kernel"": [0.6931481805599428, 0.6931481805599428, 0.6931481805599428], ""kernels.1.base_kernel.kernels.0"": [0.37991353419171076, 0.4567882315986114, 0.4261637851798001, 0.43512367786500544, 0.3712613657636986, 0.2860950912253697, 0.20123682484289393, 0.4622048954167008, 0.1411373140951048, 0.5449600364952332, 0.4444714758747022, 0.2506360752006229, 0.37408945547065736, 0.5346607977593638, 0.326382200211773, 0.48719943830993456, 0.45211684815793685, 0.4777453667930992], ""kernels.1.base_kernel.kernels.1"": [0.6931481805599428, 0.6931481805599428, 0.6931481805599428]}","{""kernels.0"": 2.70615609511544e-05, ""kernels.0.base_kernel.kernels.1"": 0.0008032699187423297, ""kernels.1"": 0.670267459159307}",10,5,30,15,15,archive,0,4
29,111.31248058421662,107.66417037878665,0.4986,local,-5.162667031319542,-5.906681815013865,0.7440147836943227,0.03528610665845648,0.14453857328656822,archive,128,0,0.029078506677703956,0.015607285358361088,0.0203538009647197,0.0022296131385389603,0.22032061677176118,0.1423667091983911,0.33334628716598513,0.6931481805599428,"{""kernels.0.base_kernel.kernels.0"": [0.3333379250632383, 0.3333402440057055, 0.33333880242284536, 0.3333432994454959, 0.33333081602605363, 0.3333262357997439, 0.3333219429318883, 0.33334345995057113, 0.33332623339330913, 0.33334740127227847, 0.3333329629348123, 0.33333130268662936, 0.33333626868690003, 0.3333504215547835, 0.3333297277006465, 0.33334241431992584, 0.33334177164416695, 0.33334517305969186], ""kernels.0.base_kernel.kernels.1.base_kernel"": [0.6931481805599428, 0.6931481805599428, 0.6931481805599428], ""kernels.1.base_kernel.kernels.0"": [0.4314028757106328, 0.47039443556180527, 0.42972772620803384, 0.4403027810427217, 0.37165870839891335, 0.28605977558315326, 0.19713641750231908, 0.4512523124764539, 0.1423667091983911, 0.5430656833871421, 0.43401534033794725, 0.24511274392998691, 0.38536991927864, 0.5254181381750103, 0.32660143013819987, 0.47280972502354046, 0.4479235629529687, 0.4931124012312738], ""kernels.1.base_kernel.kernels.1"": [0.6931481805599428, 0.6931481805599428, 0.6931481805599428]}","{""kernels.0"": 2.705596492649102e-05, ""kernels.0.base_kernel.kernels.1"": 0.0008032696612524173, ""kernels.1"": 0.6601315246891046}",10,5,30,15,15,archive,0,5
30,111.81503691305119,107.66417037878665,0.4992,local,-5.123849758327678,-6.096624532489405,0.972774774161727,0.03501936169071717,0.16206768614224523,archive,128,0,0.03501222827522764,0.015044027548685045,0.019828678119824677,0.0020789302771589695,0.2192708658194735,0.14007132028464725,0.3333459455843596,0.6931481805599428,"{""kernels.0.base_kernel.kernels.0"": [0.3333410013455189, 0.3333403533842049, 0.3333383034849304, 0.33334339699491494, 0.333330428839656, 0.33332658083249833, 0.33332213264047855, 0.3333438886500856, 0.33332600554236425, 0.3333475506754236, 0.3333326725457568, 0.33333121409407757, 0.33333666111870314, 0.33335187670211147, 0.3333292196286865, 0.33334434049329564, 0.33334193057262795, 0.3333431671773785], ""kernels.0.base_kernel.kernels.1.base_kernel"": [0.6931481805599428, 0.6931481805599428, 0.6931481805599428], ""kernels.1.base_kernel.kernels.0"": [0.43579276887855584, 0.46248864098197473, 0.42011564876442137, 0.4409334992763385, 0.35696097848834873, 0.27264871148543257, 0.22640591556226322, 0.4547248697014422, 0.14007132028464725, 0.5441774077290789, 0.4393429813513674, 0.2510981556098376, 0.3950665780312618, 0.5447809332526401, 0.3042846268381408, 0.49351791633366615, 0.44598568747557704, 0.46992830615308173], ""kernels.1.base_kernel.kernels.1"": [0.6931481805599428, 0.6931481805599428, 0.6931481805599428]}","{""kernels.0"": 2.703849685890443e-05, ""kernels.0.base_kernel.kernels.1"": 0.0008032688756918248, ""kernels.1"": 0.6569822900858697}",10,5,30,15,15,archive,0,6
31,118.17241199765681,107.66417037878665,0.4998,local,-5.346981396922831,-6.4513365133293465,1.1043551164065155,0.05114445933407755,0.20372065212911275,archive,128,0,0.04158344509628918,0.014122284097194926,0.01941635415060627,0.0019758917262556294,0.21612969073959018,0.14037354859611884,0.33334597762432006,0.6931481805599428,"{""kernels.0.base_kernel.kernels.0"": [0.3333409608190525, 0.33334040138203325, 0.3333383184569676, 0.33334343885859485, 0.3333304425203094, 0.33332658882368954, 0.3333221409977137, 0.3333439156499901, 0.33332601926923605, 0.3333476230123281, 0.33333268646869907, 0.33333122604121834, 0.33333669198015703, 0.3333519138298175, 0.3333292391847182, 0.333344332236312, 0.33334194458583855, 0.3333431803393406], ""kernels.0.base_kernel.kernels.1.base_kernel"": [0.6931481805599428, 0.6931481805599428, 0.6931481805599428], ""kernels.1.base_kernel.kernels.0"": [0.4358031538853343, 0.4635834624038431, 0.42042969069226027, 0.44146570596540347, 0.357107481377475, 0.27295533946712586, 0.22659364488542105, 0.4553459478350386, 0.14037354859611884, 0.5452551041526033, 0.4395499184991211, 0.2515266512417352, 0.3954805823307987, 0.545731696485207, 0.30473899688612893, 0.4937817055135191, 0.44634009765446064, 0.4699536157888579], ""kernels.1.base_kernel.kernels.1"": [0.6931481805599428, 0.6931481805599428, 0.6931481805599428]}","{""kernels.0"": 2.703825629500232e-05, ""kernels.0.base_kernel.kernels.1"": 0.0008032688665458374, ""kernels.1"": 0.6475587650959297}",10,5,30,15,15,archive,0,7
32,193.50078001911737,107.66417037878665,0.498,global,-5.373013706423204,-13.297032328582972,7.924018622159768,0.9110762002210824,1.3666901606316046,global,,,0.2657295195349197,0.014273610570642631,0.020127761054755073,0.0021286541285450637,0.21592177392468412,0.150039921920034,0.33334722065898104,0.6931481805599428,"{""kernels.0.base_kernel.kernels.0"": [0.3333389336631129, 0.33334363274215434, 0.33333807060918397, 0.3333495820854065, 0.3333308880981753, 0.3333268822910932, 0.3333220462892194, 0.3333423112972767, 0.3333257656524206, 0.33334234941007346, 0.33333055451916926, 0.33333116523401696, 0.3333379446032675, 0.3333549052432643, 0.3333294372716802, 0.33334485923255563, 0.33334263924710617, 0.33333878356873725], ""kernels.0.base_kernel.kernels.1.base_kernel"": [0.6931481805599428, 0.6931481805599428, 0.6931481805599428], ""kernels.1.base_kernel.kernels.0"": [0.4311791256613737, 0.49607236548208955, 0.41294870166181064, 0.4886596006696537, 0.3536208400666837, 0.2250458266819237, 0.24133037027774995, 0.4226591845676557, 0.150039921920034, 0.51569974002596, 0.420810902242312, 0.2517009886289073, 0.41581505970530797, 0.578089900015598, 0.31573130305964225, 0.5127995476486694, 0.44937641478542384, 0.44704519265650255], ""kernels.1.base_kernel.kernels.1"": [0.6931481805599428, 0.6931481805599428, 0.6931481805599428]}","{""kernels.0"": 2.7025621842673328e-05, ""kernels.0.base_kernel.kernels.1"": 0.0008032683053586274, ""kernels.1"": 0.646935027846851}",10,5,30,15,15,archive,0,8
33,211.79904514852515,107.66417037878665,0.5,global,-5.342833065695141,-8.346629135142361,3.0037960694472208,1.015207765620316,1.365284548885933,global,,,0.2734089082003298,0.014246100273832557,0.02009269589249427,0.002135658778890714,0.21612389179625435,0.14977397670651732,0.3333472213035934,0.6931481805599428,"{""kernels.0.base_kernel.kernels.0"": [0.33333893459916625, 0.3333436443966912, 0.33333805645804376, 0.3333495873622315, 0.33333088277072337, 0.333326898806249, 0.33332204049254854, 0.3333422835080243, 0.33332573773579827, 0.33334233062214946, 0.33333055959818775, 0.3333311595773792, 0.33333793308259696, 0.3333549090410817, 0.3333294287450058, 0.3333448552449553, 0.33334261977946184, 0.3333387699488826], ""kernels.0.base_kernel.kernels.1.base_kernel"": [0.6931481805599428, 0.6931481805599428, 0.6931481805599428], ""kernels.1.base_kernel.kernels.0"": [0.43108241856352814, 0.4960976276258498, 0.412784883720051, 0.48839851543900276, 0.35335501017637144, 0.2249620088020827, 0.24100106180568456, 0.42198550600605833, 0.14977397670651732, 0.5154690444779759, 0.42059619546811666, 0.2517802993779127, 0.41609047579673303, 0.5781706765228113, 0.31571436076746334, 0.5126952950790862, 0.44938445689464523, 0.44665675390208087], ""kernels.1.base_kernel.kernels.1"": [0.6931481805599428, 0.6931481805599428, 0.6931481805599428]}","{""kernels.0"": 2.7025374126403526e-05, ""kernels.0.base_kernel.kernels.1"": 0.0008032682946610917, ""kernels.1"": 0.6475413817199756}",10,5,30,15,15,archive,0,9
34,108.00059719057623,107.66417037878665,0.4994,local,-5.323708222825074,-6.813326158433098,1.489617935608024,0.07146611764203536,0.27645136297270384,archive,128,0,0.04517294697312966,0.014268669861021984,0.020094374721820872,0.0021515264528005457,0.214647217276734,0.14847102379800947,0.33334725274280796,0.6931481805599428,"{""kernels.0.base_kernel.kernels.0"": [0.33333919811401197, 0.33334479202316314, 0.33333761611029805, 0.33334971346245285, 0.3333306521430074, 0.33332684819652075, 0.3333207328957129, 0.33334189343208015, 0.3333252119738062, 0.3333421650346571, 0.33333037035178165, 0.33333114095235383, 0.33333750884839614, 0.3333537759399095, 0.33332928684586954, 0.3333439757528388, 0.33334199163852474, 0.3333392790682585], ""kernels.0.base_kernel.kernels.1.base_kernel"": [0.6931481805599428, 0.6931481805599428, 0.6931481805599428], ""kernels.1.base_kernel.kernels.0"": [0.4356682069625184, 0.5029958398754618, 0.4071968866076146, 0.4858893400243934, 0.3461373882457504, 0.22025973955729458, 0.22634445997254396, 0.4184532402709687, 0.14847102379800947, 0.5106291931763284, 0.41625609035461947, 0.25859276464511793, 0.41161025923127387, 0.5651619422806121, 0.3202564552686196, 0.500446948512935, 0.4486797456644523, 0.45172279848401786], ""kernels.1.base_kernel.kernels.1"": [0.6931481805599428, 0.6931481805599428, 0.6931481805599428]}","{""kernels.0"": 2.701619476938811e-05, ""kernels.0.base_kernel.kernels.1"": 0.0008032678899189867, ""kernels.1"": 0.6431113677455137}",10,5,30,15,15,archive,0,10
35,112.26149406234396,107.66417037878665,0.4984,local,-4.8749329753638975,-6.976200827472865,2.1012678521089674,0.04875738042962078,0.17821931145053968,archive,128,0,0.02386893854937961,0.013902102812255351,0.019564791913199542,0.0020140132449347624,0.21185337590912787,0.1546390932118648,0.3333538357382685,0.6931481805599428,"{""kernels.0.base_kernel.kernels.0"": [0.3333414110130293, 0.3333435724161517, 0.33333696069985874, 0.3333545993800751, 0.3333307519143753, 0.3333264224390797, 0.333319858921993, 0.3333413289419684, 0.33332467554285683, 0.3333428111088097, 0.3333296798870688, 0.333331315795346, 0.3333372231762159, 0.3333530720964619, 0.33332972852973086, 0.33334320271275053, 0.3333417061043338, 0.33335276870630504], ""kernels.0.base_kernel.kernels.1.base_kernel"": [0.6931481805599428, 0.6931481805599428, 0.6931481805599428], ""kernels.1.base_kernel.kernels.0"": [0.4597657045247659, 0.49990746482175147, 0.40263966626027164, 0.5145185338602971, 0.34940215113175527, 0.2061752523022545, 0.21657491727479436, 0.40097647736727876, 0.1546390932118648, 0.5093025816568775, 0.405325303991138, 0.2587198786399175, 0.41443687455971445, 0.5493459326472141, 0.3399887665103982, 0.4991405637725803, 0.4448962302393905, 0.5189733490732817], ""kernels.1.base_kernel.kernels.1"": [0.6931481805599428, 0.6931481805599428, 0.6931481805599428]}","{""kernels.0"": 2.700607193518871e-05, ""kernels.0.base_kernel.kernels.1"": 0.0008032674802465654, ""kernels.1"": 0.6347298541752018}",10,5,30,15,15,archive,0,11
36,111.3895952316908,107.66417037878665,0.5004,local,-4.786088425063871,-7.199516093786817,2.413427668722946,0.08930121741147819,0.32125172327690543,archive,128,0,0.04709649631706997,0.014146430934975035,0.020273221794437125,0.0021570792822423507,0.2098825830384146,0.153171590738664,0.3333502019994327,0.6931481805599428,"{""kernels.0.base_kernel.kernels.0"": [0.3333391173502662, 0.3333456589712308, 0.3333386508666909, 0.3333491375741438, 0.3333309053016447, 0.3333267944723319, 0.33331979343003215, 0.33334202514458716, 0.33332464680663476, 0.3333456665746582, 0.3333289801219829, 0.3333312733535415, 0.3333379485100642, 0.33335387880086736, 0.33332882432487926, 0.3333430261215759, 0.3333435204407167, 0.3333512664247216], ""kernels.0.base_kernel.kernels.1.base_kernel"": [0.6931481805599428, 0.6931481805599428, 0.6931481805599428], ""kernels.1.base_kernel.kernels.0"": [0.4355330360908796, 0.5124954882469472, 0.4188631872523258, 0.4791145220325503, 0.35693317896195875, 0.22248415602549607, 0.2115250529047889, 0.4145081385191111, 0.153171590738664, 0.5274826190751369, 0.4021847373730745, 0.2550277680971259, 0.4182123546358453, 0.5514277470542319, 0.3189920527567986, 0.4918960854668662, 0.4624316932354981, 0.49664970545831855], ""kernels.1.base_kernel.kernels.1"": [0.6931481805599428, 0.6931481805599428, 0.6931481805599428]}","{""kernels.0"": 2.6993105695951297e-05, ""kernels.0.base_kernel.kernels.1"": 0.0008032669541455879, ""kernels.1"": 0.6288174890554022}",10,5,30,15,15,archive,0,12
37,213.514063758019,107.66417037878665,0.5006,local,-5.130388331319193,-308.5628179642624,303.43242963294324,1.157709166019742,1.3771146019342468,archive,88,39,0.13109004211759573,0.013900237090265315,0.019839166938846936,0.002042860537086084,0.20801678668871457,0.15281970891306745,0.3333506472957086,0.6931481805599428,"{""kernels.0.base_kernel.kernels.0"": [0.3333392289378729, 0.33334607399038463, 0.33333873827294597, 0.3333494419182648, 0.33333086367301995, 0.3333266883275272, 0.3333198398059767, 0.33334225050528205, 0.3333246032369472, 0.3333458370209036, 0.3333288996327794, 0.3333312698997948, 0.33333859776737007, 0.3333540522151643, 0.3333290310752244, 0.33334310916884574, 0.3333437124783247, 0.33335185267315237], ""kernels.0.base_kernel.kernels.1.base_kernel"": [0.6931481805599428, 0.6931481805599428, 0.6931481805599428], ""kernels.1.base_kernel.kernels.0"": [0.4388793263734858, 0.5170859380022514, 0.4191731581628881, 0.48336078786227554, 0.35690715817568497, 0.22306143746088944, 0.21463317396244286, 0.4177490188243058, 0.15281970891306745, 0.5290250138226898, 0.40177899634797803, 0.2547117144794397, 0.42564892718007336, 0.5529777858259597, 0.32409242476367567, 0.49306663357349634, 0.462560264688431, 0.5019983782261702], ""kernels.1.base_kernel.kernels.1"": [0.6931481805599428, 0.6931481805599428, 0.6931481805599428]}","{""kernels.0"": 2.6990160220104237e-05, ""kernels.0.base_kernel.kernels.1"": 0.0008032668384473844, ""kernels.1"": 0.6232201030674762}",10,5,30,15,15,archive,0,13
38,110.60415706057157,107.66417037878665,0.499,local,-4.557630439377526,-6.46609523259451,1.908464793216984,0.055720495875173845,0.20646477302591912,archive,128,0,0.0315027252430727,0.014706272834565642,0.020345515645843314,0.0021642818398079767,0.21061232796369708,0.15274089457149254,0.3333476142984247,0.6931481805599428,"{""kernels.0.base_kernel.kernels.0"": [0.33334020490578425, 0.3333457627822934, 0.33333126049196593, 0.33334547827768585, 0.33333085677045204, 0.33332677508454006, 0.3333204325784676, 0.3333506833081631, 0.3333259639987331, 0.33332775850490093, 0.3333328935094859, 0.3333332270480625, 0.33334128535892266, 0.3333593608801635, 0.3333303237879945, 0.33334562303786347, 0.3333456724228716, 0.333349465814556], ""kernels.0.base_kernel.kernels.1.base_kernel"": [0.6931481805599428, 0.6931481805599428, 0.6931481805599428], ""kernels.1.base_kernel.kernels.0"": [0.45341847021762743, 0.5326834698340464, 0.29971910468790636, 0.430280403407517, 0.34954125125247054, 0.2303356358038289, 0.19175723816979726, 0.4654799313534161, 0.15274089457149254, 0.27481092788595396, 0.4323947510468777, 0.2879306102125937, 0.44086485138945014, 0.5614069524911453, 0.34295338454498564, 0.5199166672436144, 0.4757448183545115, 0.5024101053384835], ""kernels.1.base_kernel.kernels.1"": [0.6931481805599428, 0.6931481805599428, 0.6931481805599428]}","{""kernels.0"": 2.6980058881137964e-05, ""kernels.0.base_kernel.kernels.1"": 0.0008032663572559299, ""kernels.1"": 0.6310067374749542}",10,5,30,15,15,archive,0,14
39,114.08856571897783,107.66417037878665,0.4974,local,-5.042169131773308,-6.801328515449233,1.7591593836759252,0.05183400883763654,0.2432574877336063,archive,128,0,0.03341696073720581,0.014323612139002047,0.020203276527006986,0.002119303073483489,0.20870686134319116,0.14946855463030936,0.3333490250062638,0.6931481805599428,"{""kernels.0.base_kernel.kernels.0"": [0.3333401422942272, 0.3333469811170892, 0.33333134097002726, 0.3333473740307774, 0.33333070116541635, 0.3333268091572797, 0.3333204604951333, 0.33335067598175017, 0.3333259242238513, 0.3333280759193703, 0.3333341897837524, 0.33333329976564524, 0.33334117971766064, 0.3333602156116689, 0.3333305080383954, 0.33334645338982233, 0.3333457977790204, 0.33335137149990407], ""kernels.0.base_kernel.kernels.1.base_kernel"": [0.6931481805599428, 0.6931481805599428, 0.6931481805599428], ""kernels.1.base_kernel.kernels.0"": [0.45217050094579053, 0.5349367994754837, 0.3115059873176476, 0.45167742609894324, 0.34700656694081206, 0.23409845549634875, 0.19238013486852226, 0.4513811264747533, 0.14946855463030936, 0.27460041069288665, 0.4451450914395142, 0.2903332064208298, 0.4377006564580164, 0.5652435349883159, 0.34708650425248944, 0.523762811444314, 0.4749899532157424, 0.5168775639420407], ""kernels.1.base_kernel.kernels.1"": [0.6931481805599428, 0.6931481805599428, 0.6931481805599428]}","{""kernels.0"": 2.6975075859134158e-05, ""kernels.0.base_kernel.kernels.1"": 0.0008032661577578482, ""kernels.1"": 0.6252903427959565}",10,5,30,15,15,archive,0,15
40,110.30516668215483,107.66417037878665,0.4996,local,-4.895119798891467,-6.919895923948327,2.02477612505686,0.06359161346973506,0.2495667327045341,archive,128,0,0.035241721943236444,0.014430566286967863,0.02056312032838819,0.0021882095023751406,0.20762248277717363,0.1454680026785426,0.3333494003973151,0.6931481805599428,"{""kernels.0.base_kernel.kernels.0"": [0.33334207653658593, 0.33334878537608326, 0.3333305852051377, 0.3333488865998163, 0.33333061170129274, 0.33332692247973505, 0.3333207300557116, 0.3333499141948138, 0.33332616435061746, 0.33332817719692137, 0.3333332530457258, 0.3333329804254186, 0.3333425970794717, 0.3333617497644404, 0.33333042492942855, 0.3333484043520045, 0.3333459750522045, 0.33335319865194873], ""kernels.0.base_kernel.kernels.1.base_kernel"": [0.6931481805599428, 0.6931481805599428, 0.6931481805599428], ""kernels.1.base_kernel.kernels.0"": [0.4698121590150353, 0.5422733481240546, 0.3053475442899686, 0.45622673515195683, 0.34523153769992615, 0.23837256617965147, 0.20412248564454955, 0.4434099185802854, 0.1454680026785426, 0.26514337731158766, 0.43909167355191575, 0.2850430196623359, 0.4545157891003829, 0.571981359371247, 0.3468738236943056, 0.5377201696772322, 0.4751364269766207, 0.5197899549936703], ""kernels.1.base_kernel.kernels.1"": [0.6931481805599428, 0.6931481805599428, 0.6931481805599428]}","{""kernels.0"": 2.6966963830105807e-05, ""kernels.0.base_kernel.kernels.1"": 0.0008032658482825119, ""kernels.1"": 0.6220372155194083}",10,5,30,15,15,archive,1,16
41,114.45077004558289,107.66417037878665,0.4978,local,-5.2466840587545756,-6.921431721084242,1.6747476623296667,0.07228721045829173,0.25280613979110755,archive,128,0,0.043297105561590915,0.014134017249412488,0.02005926827964169,0.002058772884264942,0.20609980124307636,0.14782675224900832,0.3333500659746193,0.6931481805599428,"{""kernels.0.base_kernel.kernels.0"": [0.33334295845060713, 0.33335007222719476, 0.33333019618566273, 0.333349300047607, 0.3333305594471367, 0.33332698789953014, 0.3333207021580943, 0.33335005972204385, 0.3333261366744902, 0.33332838821662053, 0.33333317871654505, 0.3333328773612945, 0.33334363146871465, 0.33336306071986743, 0.3333305022800962, 0.33334927347612864, 0.33334624693770587, 0.33335418611206347], ""kernels.0.base_kernel.kernels.1.base_kernel"": [0.6931481805599428, 0.6931481805599428, 0.6931481805599428], ""kernels.1.base_kernel.kernels.0"": [0.471252060275279, 0.5455663407319111, 0.2997147089683405, 0.45873863014313954, 0.34324971837393464, 0.2363498370169897, 0.20727634141142942, 0.4465415800663389, 0.14782675224900832, 0.2673305265015359, 0.44307287955892094, 0.2816483761517491, 0.4599921336144423, 0.5766898938614426, 0.348552588205857, 0.5381846455767086, 0.4768234546374305, 0.5221376056981437], ""kernels.1.base_kernel.kernels.1"": [0.6931481805599428, 0.6931481805599428, 0.6931481805599428]}","{""kernels.0"": 2.6958994063078453e-05, ""kernels.0.base_kernel.kernels.1"": 0.0008032655550243608, ""kernels.1"": 0.6174691791801417}",10,5,30,15,15,archive,0,17
42,110.35135479780554,107.66417037878665,0.5008,local,-5.205491057903459,-6.82348374854651,1.6179926906430504,0.07184585132356318,0.270323056232288,archive,128,0,0.04124893272880344,0.013853196900178225,0.01967175073565433,0.0019604568514286066,0.20503550484189495,0.14696659527652797,0.33335035076629543,0.6931481805599428,"{""kernels.0.base_kernel.kernels.0"": [0.33334277890104236, 0.33335042508756213, 0.3333302011031216, 0.33334892858552057, 0.33333056630393615, 0.3333270245952294, 0.3333207469329816, 0.33335027644502874, 0.3333260442595007, 0.33332856996563603, 0.3333331266608924, 0.3333328950193261, 0.33334367288936917, 0.33336322766991905, 0.3333305864496569, 0.33334939089824805, 0.33334608888497014, 0.3333540197093223], ""kernels.0.base_kernel.kernels.1.base_kernel"": [0.6931481805599428, 0.6931481805599428, 0.6931481805599428], ""kernels.1.base_kernel.kernels.0"": [0.4677347835269577, 0.5477364047167905, 0.3028366208229726, 0.45072314340722636, 0.34364174507655826, 0.23648201015329606, 0.2105043120402872, 0.4496254530883811, 0.14696659527652797, 0.27355135208589154, 0.4432887601473293, 0.2816074426936148, 0.4586209179463325, 0.5765777313357622, 0.3506990331311751, 0.5393904282548878, 0.47004465784513877, 0.5179509532427722], ""kernels.1.base_kernel.kernels.1"": [0.6931481805599428, 0.6931481805599428, 0.6931481805599428]}","{""kernels.0"": 2.6957154629024974e-05, ""kernels.0.base_kernel.kernels.1"": 0.0008032654874419453, ""kernels.1"": 0.6142762918836139}",10,5,30,15,15,archive,0,18
43,114.81424282968176,107.66417037878665,0.497,local,-5.51975496057619,-6.81756279547146,1.29780783489527,0.04921971235638348,0.18811481687278087,archive,128,0,0.021784159287442147,0.013527288339762925,0.019173265636967324,0.0018426912879903937,0.20376000520062587,0.14561354658184328,0.33335170678911386,0.6931481805599428,"{""kernels.0.base_kernel.kernels.0"": [0.3333420004581986, 0.3333534370445762, 0.33333011983072663, 0.3333483967915343, 0.33333013863720623, 0.33332716655105876, 0.3333202251269441, 0.3333550186949529, 0.3333259711363026, 0.3333275935859224, 0.33333397821762933, 0.33333376884770355, 0.33334421779456147, 0.33336439051506767, 0.33333059487739447, 0.3333499765336515, 0.33334597854872133, 0.3333541425520437], ""kernels.0.base_kernel.kernels.1.base_kernel"": [0.6931481805599428, 0.6931481805599428, 0.6931481805599428], ""kernels.1.base_kernel.kernels.0"": [0.4623813190499342, 0.5572587266427541, 0.31545820696843374, 0.4439875998850684, 0.3321978385580378, 0.23698891884787318, 0.21237717745284734, 0.4744102114247049, 0.14561354658184328, 0.26852163697196896, 0.4547272625033441, 0.31171180632349565, 0.45766252855340916, 0.5813955716982416, 0.3466812943718191, 0.5410891033881942, 0.46353222525289245, 0.51595204392257], ""kernels.1.base_kernel.kernels.1"": [0.6931481805599428, 0.6931481805599428, 0.6931481805599428]}","{""kernels.0"": 2.694156433163035e-05, ""kernels.0.base_kernel.kernels.1"": 0.0008032649380058955, ""kernels.1"": 0.61044980909954}",10,5,30,15,15,archive,0,19
44,119.37928497276839,107.66417037878665,0.4998,local,-4.965102210654938,-7.356459233202816,2.3913570225478784,0.09254106606991955,0.3237161608426563,archive,128,0,0.04217961021394566,0.014118991003465923,0.020849845349953836,0.0022061321426355323,0.20271294500384887,0.14509782289815992,0.33334998061553667,0.6931481805599428,"{""kernels.0.base_kernel.kernels.0"": [0.33334574536636663, 0.33335194552568576, 0.33333048739368454, 0.3333538823636513, 0.3333294616248183, 0.3333272635583515, 0.33332062811203766, 0.3333510651370049, 0.3333258110144842, 0.3333270781847038, 0.333333830707121, 0.33333302454208713, 0.33334437276592255, 0.33336294615326356, 0.3333305143489963, 0.3333485870276043, 0.3333453471014792, 0.3333488960940685], ""kernels.0.base_kernel.kernels.1.base_kernel"": [0.6931481805599428, 0.6931481805599428, 0.6931481805599428], ""kernels.1.base_kernel.kernels.0"": [0.4938514355365362, 0.545493949901676, 0.32184856878779244, 0.4811834226383134, 0.31515876025122536, 0.24099682923732996, 0.22186032762595442, 0.43601645953381907, 0.14509782289815992, 0.2589761512921512, 0.4557788597868238, 0.29535800414473246, 0.4610970510775714, 0.5777907788792229, 0.3442633085156154, 0.5313318721899531, 0.45457607262582195, 0.4978454936206363], ""kernels.1.base_kernel.kernels.1"": [0.6931481805599428, 0.6931481805599428, 0.6931481805599428]}","{""kernels.0"": 2.6931874856525677e-05, ""kernels.0.base_kernel.kernels.1"": 0.0008032645873282636, ""kernels.1"": 0.6073086385493619}",10,5,30,15,15,archive,0,20
45,334.9163661236868,107.66417037878665,0.4968,global,-5.517639620512677,-8.611060804118196,3.0934211836055194,1.5516975855819062,1.4006299920145664,global,,,0.26169713696223296,0.01470042607035787,0.02215375993340046,0.0025151782889417116,0.20218676835094185,0.1490733512670696,0.3333480776691605,0.6931481805599428,"{""kernels.0.base_kernel.kernels.0"": [0.33334467242804366, 0.33334139983342465, 0.3333309710120786, 0.33334686671532715, 0.33332986850635477, 0.33332744350374005, 0.3333199063694253, 0.33335442836988977, 0.333325697045783, 0.33332819900986865, 0.3333371641805528, 0.3333333961058542, 0.3333442104856957, 0.3333645681402629, 0.33333066784251714, 0.3333492886229939, 0.3333461096150328, 0.33335251293027635], ""kernels.0.base_kernel.kernels.1.base_kernel"": [0.6931481805599428, 0.6931481805599428, 0.6931481805599428], ""kernels.1.base_kernel.kernels.0"": [0.4813842863826362, 0.47462906354341416, 0.3242417410485188, 0.4263101574169134, 0.32075295755159333, 0.24747131667652744, 0.2122566320033961, 0.48965112417801593, 0.1490733512670696, 0.2705070287312511, 0.4839511716582592, 0.30255171414883353, 0.4497801312222491, 0.5784920823035448, 0.3412990508368961, 0.5348743117529041, 0.46914089632203765, 0.5137485626414025], ""kernels.1.base_kernel.kernels.1"": [0.6931481805599428, 0.6931481805599428, 0.6931481805599428]}","{""kernels.0"": 2.6924062561992494e-05, ""kernels.0.base_kernel.kernels.1"": 0.0008032642882558127, ""kernels.1"": 0.6057301167020077}",10,5,30,15,15,archive,0,21
46,106.39006089748143,106.39006089748143,0.5004,local,-4.188685427034008,-6.57277379994337,2.3840883729093623,0.03530025305798232,0.20691190572594909,archive,128,0,0.039219512110858605,0.014794392270333233,0.021531703875026002,0.002313088593018053,0.20655208359167174,0.14746438424937464,0.33335919368623224,0.6931481805599428,"{""kernels.0.base_kernel.kernels.0"": [0.33334443401306696, 0.33333020165661237, 0.33333328366600745, 0.3333469699941276, 0.3333322101563177, 0.33332994384617337, 0.33332413472843203, 0.3333538247498152, 0.33332417334487413, 0.33332822158689107, 0.3333237992031386, 0.33333825489936125, 0.33334746023768663, 0.3333645626226493, 0.33333400024765847, 0.33334948216193355, 0.3333413623076241, 0.3333413192986398], ""kernels.0.base_kernel.kernels.1.base_kernel"": [0.6931481805599428, 0.6931481805599428, 0.6931481805599428], ""kernels.1.base_kernel.kernels.0"": [0.47537705898193083, 0.33619267750089343, 0.3874956011811125, 0.4277218788100189, 0.14746438424937464, 0.21680301553445078, 0.42089066470452247, 0.4713580035336152, 0.17311165176824128, 0.2371150770751718, 0.38190401329209805, 0.4228181627532304, 0.44595400903750787, 0.5948532666828683, 0.3335571529243429, 0.5585615729638395, 0.37606248499639466, 0.45622930128733097], ""kernels.1.base_kernel.kernels.1"": [0.6931481805599428, 0.6931481805599428, 0.6931481805599428]}","{""kernels.0"": 2.679997830434878e-05, ""kernels.0.base_kernel.kernels.1"": 0.0008032580461725312, ""kernels.1"": 0.6188261927505383}",10,5,30,15,15,archive,0,0
47,112.8191590700079,106.39006089748143,0.499,local,-4.906649635507499,-5.081316460144688,0.17466682463718897,0.04258244967527246,0.16580678666792462,archive,150,0,0.037017628581966056,0.01924163880037808,0.021088719197800573,0.0022002441050647816,0.2041540139961937,0.14802432478017186,0.3333592167967555,0.6931481805599428,"{""kernels.0.base_kernel.kernels.0"": [0.3333444833421813, 0.33333019801503844, 0.33333329585374327, 0.3333469694715734, 0.3333322069597535, 0.33332993595601595, 0.3333241446685069, 0.3333538540459538, 0.3333241975464653, 0.3333282352916626, 0.3333238150188028, 0.3333382580704659, 0.3333474696506984, 0.33336457954755716, 0.33333400735436713, 0.33334950362655397, 0.33334136163121364, 0.33334134475920113], ""kernels.0.base_kernel.kernels.1.base_kernel"": [0.6931481805599428, 0.6931481805599428, 0.6931481805599428], ""kernels.1.base_kernel.kernels.0"": [0.4759453150971185, 0.33625880446903, 0.38748996816956804, 0.42782853548793043, 0.14802432478017186, 0.2168915341070062, 0.4210743468099903, 0.47199015569732927, 0.17330791201471002, 0.23745872261036371, 0.38201656176400234, 0.4228685185496689, 0.4460363933927806, 0.5952612267006517, 0.3335996898711782, 0.5586367133456154, 0.3761215406657772, 0.45668840770498254], ""kernels.1.base_kernel.kernels.1"": [0.6931481805599428, 0.6931481805599428, 0.6931481805599428]}","{""kernels.0"": 2.6799755054243333e-05, ""kernels.0.base_kernel.kernels.1"": 0.0008032580369198123, ""kernels.1"": 0.611631984196607}",10,5,30,15,15,archive,0,1
48,110.31382291720823,106.39006089748143,0.4978,local,-4.843195012580051,-6.177542804632994,1.3343477920529425,0.03842052561697681,0.1733958856921047,archive,150,0,0.035418632088174536,0.016516013325247533,0.020702617072581107,0.002104191272195808,0.20489566325161232,0.19494899979251326,0.33334862857816305,0.6931481805599428,"{""kernels.0.base_kernel.kernels.0"": [0.33334636810162055, 0.3333313848874042, 0.33333563292529494, 0.3333498559254421, 0.3333313896253075, 0.3333304318320065, 0.3333238271586891, 0.3333523045673674, 0.3333225003677431, 0.3333305764814385, 0.33332266474608185, 0.3333356597157372, 0.33334740123088397, 0.3333626564119053, 0.3333321483252667, 0.3333468373160792, 0.33334059532160254, 0.333343720584135], ""kernels.0.base_kernel.kernels.1.base_kernel"": [0.6931481805599428, 0.6931481805599428, 0.6931481805599428], ""kernels.1.base_kernel.kernels.0"": [0.48029554992327295, 0.2892491899775764, 0.4175483823045245, 0.44463204947160756, 0.21714588147644065, 0.19494899979251326, 0.4083807169072312, 0.45263122950511825, 0.19676334032966863, 0.2237395807019786, 0.38301312266310805, 0.3943107735064816, 0.440394775427592, 0.5994746373422976, 0.28670972666105043, 0.5435719968151457, 0.37542890073362056, 0.4687906622535963], ""kernels.1.base_kernel.kernels.1"": [0.6931481805599428, 0.6931481805599428, 0.6931481805599428]}","{""kernels.0"": 2.6757340565179195e-05, ""kernels.0.base_kernel.kernels.1"": 0.000803255949199085, ""kernels.1"": 0.6138569764650726}",10,5,30,15,15,archive,0,2
49,196.77944764793205,106.39006089748143,0.4986,local,-5.321837929061866,-213.7990399484737,208.47720201941183,0.38767131730523463,1.128582145759263,archive,15,43,0.270425325068294,0.015641874817071025,0.020872203485319183,0.002135197132021267,0.203309127723501,0.18103374760073782,0.33334835994833856,0.6931481805599428,"{""kernels.0.base_kernel.kernels.0"": [0.33334756273330945, 0.33333091755510785, 0.3333344272220391, 0.33334882577840397, 0.33333162626579305, 0.3333298259383884, 0.33332328081103413, 0.333353263702366, 0.33332368186211814, 0.33332912110001917, 0.3333231161140374, 0.33333602097374904, 0.3333474868283415, 0.33336202648847557, 0.33333211328248663, 0.3333478941182731, 0.3333417102275416, 0.3333432804231559], ""kernels.0.base_kernel.kernels.1.base_kernel"": [0.6931481805599428, 0.6931481805599428, 0.6931481805599428], ""kernels.1.base_kernel.kernels.0"": [0.48965854228436106, 0.3238005063619964, 0.3953309525948077, 0.4372758379224082, 0.21463180350202066, 0.20931053334278782, 0.36763268861100873, 0.47011309990347633, 0.18103374760073782, 0.23603537708606034, 0.3791694682257173, 0.3914115124114005, 0.4468831171822228, 0.5934132482883797, 0.2838884030272034, 0.5456470901014108, 0.3779102212756424, 0.4706212469434994], ""kernels.1.base_kernel.kernels.1"": [0.6931481805599428, 0.6931481805599428, 0.6931481805599428]}","{""kernels.0"": 2.674170620836076e-05, ""kernels.0.base_kernel.kernels.1"": 0.0008032551743781357, ""kernels.1"": 0.6090973862899165}",10,5,30,15,15,archive,0,3
50,109.2742401867443,106.39006089748143,0.5006,local,-5.7163986746061966,-6.5999962266104975,0.8835975520043009,0.04203816908551019,0.166541130143483,archive,150,0,0.033014964556784814,0.015626801993513604,0.020871337504246888,0.0021501352536432675,0.20330916575822935,0.18103371616215086,0.333348359946955,0.6931481805599428,"{""kernels.0.base_kernel.kernels.0"": [0.3333475627325895, 0.3333309175519402, 0.33333442722069806, 0.333348825775671, 0.33333162626530954, 0.33332982593586236, 0.33332328080990925, 0.3333532637046918, 0.3333236818618313, 0.33332912109882645, 0.3333231161119318, 0.33333602097363174, 0.33334748682912885, 0.33336202648738816, 0.33333211328279977, 0.333347894118239, 0.3333417102239161, 0.3333432804222877], ""kernels.0.base_kernel.kernels.1.base_kernel"": [0.6931481805599428, 0.6931481805599428, 0.6931481805599428], ""kernels.1.base_kernel.kernels.0"": [0.48965852931372617, 0.3238004642994338, 0.39533093631810473, 0.4372757861052249, 0.21463178642426442, 0.2093104695647765, 0.3676326393340137, 0.4701131247955175, 0.18103371616215086, 0.2360353554776955, 0.3791694125845669, 0.3914115132896735, 0.44688315153426866, 0.5934132593995273, 0.28388841492299677, 0.5456470814723884, 0.37791017321250286, 0.470621220655852], ""kernels.1.base_kernel.kernels.1"": [0.6931481805599428, 0.6931481805599428, 0.6931481805599428]}","{""kernels.0"": 2.6741706191835844e-05, ""kernels.0.base_kernel.kernels.1"": 0.0008032551743773235, ""kernels.1"": 0.6090975003941189}",10,5,30,15,15,archive,0,4
51,114.71747280078449,106.39006089748143,0.4988,local,-5.696720546044407,-6.677691173678165,0.9809706276337575,0.031540327564080865,0.12240558555488952,archive,150,0,0.023439288800457283,0.01482904350266791,0.020345905919352304,0.002021243486103186,0.20071407288383236,0.17847073023908108,0.33334840629173357,0.6931481805599428,"{""kernels.0.base_kernel.kernels.0"": [0.33334777888494493, 0.3333306693617646, 0.333334367198025, 0.3333486215913871, 0.3333315943377542, 0.3333295872871253, 0.3333231464523222, 0.3333542186212239, 0.3333236523690963, 0.33332902841797324, 0.33332294025142206, 0.33333618252127395, 0.33334770947726966, 0.3333629863359374, 0.33333218680445525, 0.33334819099207996, 0.33334131077885276, 0.333343793450429], ""kernels.0.base_kernel.kernels.1.base_kernel"": [0.6931481805599428, 0.6931481805599428, 0.6931481805599428], ""kernels.1.base_kernel.kernels.0"": [0.4913713213684827, 0.3213707266505571, 0.39488907627350917, 0.4327315542328434, 0.21359888202479865, 0.20405623499204903, 0.3627092794135114, 0.48097038428798894, 0.17847073023908108, 0.2344919483970842, 0.3753893161924745, 0.3945809347534443, 0.45285554900258174, 0.6069564718637366, 0.2864254188347399, 0.5479386494396705, 0.37298032891482563, 0.47263856107579333], ""kernels.1.base_kernel.kernels.1"": [0.6931481805599428, 0.6931481805599428, 0.6931481805599428]}","{""kernels.0"": 2.6739419364595543e-05, ""kernels.0.base_kernel.kernels.1"": 0.0008032550707145958, ""kernels.1"": 0.6013122241614179}",10,5,30,15,15,archive,0,5
52,107.65328988796885,106.39006089748143,0.4998,local,-5.333365689157562,-8.598165798831003,3.264800109673441,0.053064515289776924,0.2289327080528134,archive,150,0,0.04090071111363587,0.01414423831031312,0.02247161725096923,0.0024953907887031225,0.20124786321386123,0.179195754088507,0.3333525135829168,0.6931481805599428,"{""kernels.0.base_kernel.kernels.0"": [0.33334251544171917, 0.3333324727323375, 0.33333117687972985, 0.3333492209491572, 0.33333342525900017, 0.33332951674625233, 0.33332697778248443, 0.3333558062166764, 0.33332423578932574, 0.3333280215045529, 0.3333251074657405, 0.33333567978418716, 0.3333484068690807, 0.3333595882125491, 0.3333297340042385, 0.33334754140718387, 0.3333391361066644, 0.33334102499081547], ""kernels.0.base_kernel.kernels.1.base_kernel"": [0.6931481805599428, 0.6931481805599428, 0.6931481805599428], ""kernels.1.base_kernel.kernels.0"": [0.47188213646667804, 0.3460052916096592, 0.35309390104523, 0.43891106637146693, 0.3075895445221658, 0.20177934255484878, 0.3818532138599341, 0.48569062376727157, 0.179195754088507, 0.24319107085503722, 0.38701769589256013, 0.3816651680166021, 0.4661919728913176, 0.5956839462839955, 0.21906867170084568, 0.5351960848963192, 0.3515101256221291, 0.4542895910268499], ""kernels.1.base_kernel.kernels.1"": [0.6931481805599428, 0.6931481805599428, 0.6931481805599428]}","{""kernels.0"": 2.671541457540094e-05, ""kernels.0.base_kernel.kernels.1"": 0.0008032538697919949, ""kernels.1"": 0.6029136203572163}",10,5,30,15,15,archive,0,6
53,114.38983480234631,106.39006089748143,0.5004,local,-4.995229793086034,-66.15360867859363,61.158378885507595,0.1279195955407815,0.5492418718057344,archive,105,41,0.049389190449239256,0.013672439273764603,0.021862018466556537,0.002332101265793174,0.19964501433895634,0.18950161270043492,0.3333516487887159,0.6931481805599428,"{""kernels.0.base_kernel.kernels.0"": [0.33334350671662044, 0.33333218490417715, 0.333332907613927, 0.33335276428700067, 0.33333488874622297, 0.33333008186484747, 0.3333316419937312, 0.33335429984363807, 0.3333213959527015, 0.3333302950571873, 0.3333234319286447, 0.33333565531559833, 0.3333505332904312, 0.3333621080674764, 0.3333308926337398, 0.33334707225414567, 0.3333394718851741, 0.33333955612756616], ""kernels.0.base_kernel.kernels.1.base_kernel"": [0.6931481805599428, 0.6931481805599428, 0.6931481805599428], ""kernels.1.base_kernel.kernels.0"": [0.4689934238193186, 0.3040631133045492, 0.39608048614819397, 0.45457499009216656, 0.323791068932287, 0.18950161270043492, 0.4616334615976497, 0.4745191504588463, 0.19905540314207817, 0.22942635749083526, 0.37780037039736125, 0.39602809178596343, 0.46447897624025536, 0.618316539093498, 0.2037168390690731, 0.538929414128993, 0.37354922297080095, 0.44081287239485484], ""kernels.1.base_kernel.kernels.1"": [0.6931481805599428, 0.6931481805599428, 0.6931481805599428]}","{""kernels.0"": 2.6692644240569276e-05, ""kernels.0.base_kernel.kernels.1"": 0.0008032527751124887, ""kernels.1"": 0.598105097597516}",10,5,30,15,15,archive,0,7
54,108.96271826931239,106.39006089748143,0.4994,local,-5.246760061224785,-8.982109874170527,3.735349812945742,0.07297293057934374,0.28647210338037316,archive,150,0,0.04371046908738635,0.013579017173524863,0.021734069338607213,0.0023029798785452814,0.1981957307102099,0.1900017129779211,0.3333516411430538,0.6931481805599428,"{""kernels.0.base_kernel.kernels.0"": [0.33334349114056744, 0.33333223625311476, 0.3333329246260715, 0.3333527598505491, 0.33333488015433616, 0.33333008772925027, 0.33333162706043024, 0.3333543229897023, 0.33332139662391946, 0.33333032613383035, 0.3333234762938558, 0.3333356655890412, 0.3333505224355586, 0.3333621417225881, 0.33333089975906605, 0.33334707954716775, 0.33333952949786266, 0.3333395838663113], ""kernels.0.base_kernel.kernels.1.base_kernel"": [0.6931481805599428, 0.6931481805599428, 0.6931481805599428], ""kernels.1.base_kernel.kernels.0"": [0.46866913394243703, 0.3048642590852511, 0.3960540621560347, 0.4544155660005558, 0.3237416750704852, 0.1900017129779211, 0.46166704224953176, 0.4748468499154667, 0.19891674705063178, 0.23004854931861876, 0.378168502502555, 0.3960315163226727, 0.46429423752055105, 0.6185609092548567, 0.20387843093827276, 0.5391757479782111, 0.37434916843497934, 0.44107964211303635], ""kernels.1.base_kernel.kernels.1"": [0.6931481805599428, 0.6931481805599428, 0.6931481805599428]}","{""kernels.0"": 2.6692414556531038e-05, ""kernels.0.base_kernel.kernels.1"": 0.0008032527648857951, ""kernels.1"": 0.5937572469511874}",10,5,30,15,15,archive,0,8
55,109.06956891648107,106.39006089748143,0.5016,local,-5.482154439898331,-9.019626521070617,3.537472081172286,0.06276903897274147,0.24314583192277897,archive,150,0,0.03635655894924947,0.013476089865430658,0.021406190342027034,0.0022200708967381427,0.19809707052621453,0.19337512953630276,0.3333522438185371,0.6931481805599428,"{""kernels.0.base_kernel.kernels.0"": [0.333342939366586, 0.3333332090680851, 0.33333345521050484, 0.3333524954632307, 0.3333342351545999, 0.333329736554711, 0.3333325655403709, 0.3333586201998309, 0.3333215085204446, 0.3333299871354478, 0.33332394844485225, 0.33333674301764665, 0.3333519921738435, 0.3333646513767086, 0.33333100074558564, 0.33334788825128236, 0.33334116265943925, 0.3333392557907881], ""kernels.0.base_kernel.kernels.1.base_kernel"": [0.6931481805599428, 0.6931481805599428, 0.6931481805599428], ""kernels.1.base_kernel.kernels.0"": [0.4604114141311717, 0.3215730661508342, 0.39330128652473456, 0.44499237168104433, 0.3103513563664491, 0.19510537035368591, 0.46719045036769813, 0.4971137459809211, 0.19337512953630276, 0.2326268290233575, 0.37246179111280686, 0.4089833424636889, 0.4664385096131712, 0.6245447088939675, 0.206225815213036, 0.545634115935995, 0.38354232796906246, 0.43666605568178096], ""kernels.1.base_kernel.kernels.1"": [0.6931481805599428, 0.6931481805599428, 0.6931481805599428]}","{""kernels.0"": 2.6680053534618533e-05, ""kernels.0.base_kernel.kernels.1"": 0.0008032522175243827, ""kernels.1"": 0.5934612793075846}",10,5,30,15,15,archive,0,9
56,115.60473993454859,106.39006089748143,0.5008,local,-5.526562049179545,-70.8938216219972,65.36725957281766,0.13974927604900111,0.5841575844105974,archive,105,44,0.10586471961367294,0.013312108909364484,0.021045371886026735,0.0021302389357436007,0.19643596233910834,0.19359930940169737,0.3333522591064677,0.6931481805599428,"{""kernels.0.base_kernel.kernels.0"": [0.33334299194851363, 0.3333332161843116, 0.3333334526815261, 0.33335251579086095, 0.3333342391210012, 0.33332973848558095, 0.3333326400388999, 0.33335862699876734, 0.33332152432328, 0.33332999466392454, 0.33332399682836794, 0.3333367478516963, 0.3333520024220745, 0.3333646430064135, 0.3333310054220932, 0.33334789949020327, 0.3333411654566047, 0.3333392698966949], ""kernels.0.base_kernel.kernels.1.base_kernel"": [0.6931481805599428, 0.6931481805599428, 0.6931481805599428], ""kernels.1.base_kernel.kernels.0"": [0.46133977419103617, 0.3218634175156063, 0.39331206009748415, 0.4455397478324511, 0.3103878217358066, 0.19530475409239306, 0.46817561481827497, 0.4973383393998606, 0.19359930940169737, 0.23292395518007972, 0.373351127207234, 0.40897242266959216, 0.46676937293396054, 0.6245211859582762, 0.2064009616433947, 0.5456646861623788, 0.38359804474910736, 0.4369840845776798], ""kernels.1.base_kernel.kernels.1"": [0.6931481805599428, 0.6931481805599428, 0.6931481805599428]}","{""kernels.0"": 2.6679832041309528e-05, ""kernels.0.base_kernel.kernels.1"": 0.0008032522087966346, ""kernels.1"": 0.5884779549764871}",10,5,30,15,15,archive,0,10
57,114.238285277075,106.39006089748143,0.5,local,-5.323042453081682,-9.221629761229865,3.8985873081481834,0.09994333628913746,0.38650946900627237,archive,150,0,0.06125825550211685,0.013152765315687952,0.020719399754609912,0.0020547328186550015,0.19647969086628314,0.19712457257245133,0.3333538100499684,0.6931481805599428,"{""kernels.0.base_kernel.kernels.0"": [0.33334518702766947, 0.33333369238150984, 0.33333376357090433, 0.33335338580105134, 0.33333410265719804, 0.33332985586083347, 0.3333378698967368, 0.3333599006257001, 0.3333217287745393, 0.33332979824895975, 0.33332627772073675, 0.3333369214553189, 0.33335423429888544, 0.3333690169107912, 0.3333311052772964, 0.3333494085817369, 0.3333410416115023, 0.33333824758585134], ""kernels.0.base_kernel.kernels.1.base_kernel"": [0.6931481805599428, 0.6931481805599428, 0.6931481805599428], ""kernels.1.base_kernel.kernels.0"": [0.4810068679369391, 0.31031820496796986, 0.40443767584523005, 0.44612195080122397, 0.3016816014616335, 0.19914595887778494, 0.5105661565299529, 0.5061877816085969, 0.19712457257245133, 0.22677647958749178, 0.408689070254606, 0.4162388336179466, 0.4777480077990841, 0.6541089583015455, 0.2008687203500906, 0.5572621806742164, 0.3805328849016389, 0.41794122757770996], ""kernels.1.base_kernel.kernels.1"": [0.6931481805599428, 0.6931481805599428, 0.6931481805599428]}","{""kernels.0"": 2.6667165556656238e-05, ""kernels.0.base_kernel.kernels.1"": 0.0008032517174274471, ""kernels.1"": 0.5886091537158653}",10,5,30,15,15,archive,0,11
58,109.86120609957472,106.39006089748143,0.4998,local,-5.464641065588735,-9.257500741892636,3.7928596763039018,0.09514061815082599,0.3348038283055931,archive,150,0,0.04936690766987613,0.013075071430645856,0.020575217702148724,0.0020194614653120933,0.19497689750542488,0.19752547679414267,0.33335384472568497,0.6931481805599428,"{""kernels.0.base_kernel.kernels.0"": [0.333345210887888, 0.33333372389521004, 0.33333377070661163, 0.3333534201188551, 0.3333341113633944, 0.333329863840933, 0.33333794477802453, 0.3333599349865612, 0.33332173798574993, 0.33332981123440014, 0.33332631489695386, 0.3333369311052286, 0.33335426933251483, 0.3333690704605994, 0.33333111721552816, 0.33334941880666497, 0.33334104454116614, 0.33333830423829025], ""kernels.0.base_kernel.kernels.1.base_kernel"": [0.6931481805599428, 0.6931481805599428, 0.6931481805599428], ""kernels.1.base_kernel.kernels.0"": [0.4810872833254542, 0.3106017957166292, 0.40455405393863275, 0.44655704615449365, 0.3018395537537578, 0.19929688240756516, 0.511374319000714, 0.5066375641011694, 0.19752547679414267, 0.22694249299252567, 0.4092191468316414, 0.416403806332398, 0.47811637251170785, 0.6543940336686596, 0.20099111587336282, 0.5573150398655171, 0.38068687691619285, 0.41918337793032584], ""kernels.1.base_kernel.kernels.1"": [0.6931481805599428, 0.6931481805599428, 0.6931481805599428]}","{""kernels.0"": 2.6666909084610902e-05, ""kernels.0.base_kernel.kernels.1"": 0.0008032517086331233, ""kernels.1"": 0.5841007738985569}",10,5,30,15,15,archive,0,12
59,106.09135221660094,106.09135221660094,0.4994,local,-5.506453331855335,-8.079172762890598,2.5727194310352637,0.05548538527417993,0.21645814745693773,archive,162,8,0.030695232146460312,0.012903182011115927,0.020402024943181395,0.001976311999425362,0.1951636182611914,0.1938642617728042,0.3333549189635544,0.6931481805599428,"{""kernels.0.base_kernel.kernels.0"": [0.33334539752548403, 0.3333342753435727, 0.3333351967425052, 0.3333539023020016, 0.33333420866736324, 0.3333299103877164, 0.33334401291861054, 0.3333606757189752, 0.33332149732034894, 0.33332996524824393, 0.3333265269617963, 0.33333698259580397, 0.3333559356251072, 0.3333714487405133, 0.3333314651244252, 0.3333500417613491, 0.33334117246587947, 0.33334031526731445], ""kernels.0.base_kernel.kernels.1.base_kernel"": [0.6931481805599428, 0.6931481805599428, 0.6931481805599428], ""kernels.1.base_kernel.kernels.0"": [0.47915790373342954, 0.3103344952949197, 0.4266523853706667, 0.44798919477147753, 0.30092899763748465, 0.1938642617728042, 0.559483374344245, 0.5110851071451427, 0.19940123551244476, 0.22275981211018372, 0.41209752653292425, 0.4175166288739611, 0.48675533134609217, 0.6593939670588377, 0.2061475665833478, 0.5627286850026298, 0.38281102980075493, 0.4400165491035305], ""kernels.1.base_kernel.kernels.1"": [0.6931481805599428, 0.6931481805599428, 0.6931481805599428]}","{""kernels.0"": 2.6660440807597068e-05, ""kernels.0.base_kernel.kernels.1"": 0.0008032514888545938, ""kernels.1"": 0.584660942853912}",10,5,30,15,15,archive,0,0
60,114.50518748796667,106.09135221660094,0.4988,local,-5.385789220330072,-5.609488782240875,0.2236995619108031,0.048274269226626906,0.18585792743445861,archive,163,0,0.045890190252905215,0.017173165235111698,0.019988165581469822,0.001883654844308157,0.19425501085691002,0.19873471319604358,0.33335603013085524,0.6931481805599428,"{""kernels.0.base_kernel.kernels.0"": [0.3333456092268097, 0.3333344278677471, 0.3333362730491286, 0.3333560579512853, 0.33333412318110206, 0.33333055076504886, 0.33335110988974087, 0.33336055137677617, 0.3333210591571679, 0.33333020198890584, 0.3333260654768544, 0.33333703524839864, 0.33335600231042517, 0.3333711850247194, 0.3333315527356749, 0.33335010137783844, 0.3333410258395419, 0.3333391056496813], ""kernels.0.base_kernel.kernels.1.base_kernel"": [0.6931481805599428, 0.6931481805599428, 0.6931481805599428], ""kernels.1.base_kernel.kernels.0"": [0.4790819887257293, 0.3080786713169596, 0.4356663190980809, 0.4548024301127532, 0.2941257236155722, 0.20660077762337742, 0.5801370245378055, 0.4977690641095053, 0.19873471319604358, 0.22271883834415165, 0.40629241829862, 0.4190754730165709, 0.4775212477020038, 0.6611882945587229, 0.20368263729665523, 0.5617829844375618, 0.3798659182157935, 0.4218348992589346], ""kernels.1.base_kernel.kernels.1"": [0.6931481805599428, 0.6931481805599428, 0.6931481805599428]}","{""kernels.0"": 2.665291266539758e-05, ""kernels.0.base_kernel.kernels.1"": 0.0008032512405998721, ""kernels.1"": 0.5819351284174649}",10,5,30,15,15,archive,0,1
61,106.26210303918792,106.09135221660094,0.5,local,-5.225710471727559,-6.099347172660529,0.8736367009329706,0.027442657121667862,0.11446748421766426,archive,163,0,0.021521975794355785,0.01616917788948845,0.01989735797722779,0.001862974479562157,0.19305827537315376,0.1984548235614377,0.3333560437116038,0.6931481805599428,"{""kernels.0.base_kernel.kernels.0"": [0.33334561497553095, 0.33333440088943456, 0.3333363319126306, 0.33335601985600544, 0.33333414116316334, 0.3333305563752226, 0.3333512648937817, 0.3333605588294824, 0.3333210512401124, 0.3333301982038039, 0.3333260755947285, 0.3333370334657287, 0.3333560675672022, 0.3333712592876471, 0.33333157192965057, 0.3333501241960469, 0.33334102986376724, 0.3333390649758822], ""kernels.0.base_kernel.kernels.1.base_kernel"": [0.6931481805599428, 0.6931481805599428, 0.6931481805599428], ""kernels.1.base_kernel.kernels.0"": [0.4792008913794086, 0.3081445047621343, 0.43631288814402147, 0.4539990768659525, 0.294340759741352, 0.20692882113014674, 0.5791043440645316, 0.4976916579911986, 0.1984548235614377, 0.22286240322033962, 0.4065167244782718, 0.41873228952611224, 0.47884406164093307, 0.6613750947893484, 0.20401813813842246, 0.561983186924902, 0.38024104808165293, 0.4219446280748454], ""kernels.1.base_kernel.kernels.1"": [0.6931481805599428, 0.6931481805599428, 0.6931481805599428]}","{""kernels.0"": 2.6652579973815e-05, ""kernels.0.base_kernel.kernels.1"": 0.0008032512302209454, ""kernels.1"": 0.5783449223092665}",10,5,30,15,15,archive,0,2
62,108.18531586917,106.09135221660094,0.5004,local,-5.338494756142366,-6.1678986301771745,0.8294038740348082,0.030206574243874768,0.11009101541303054,archive,163,0,0.01514630866784217,0.014415534582285252,0.019323948304361425,0.001739338388800012,0.1930423017717885,0.19845119865930286,0.33335604418582443,0.6931481805599428,"{""kernels.0.base_kernel.kernels.0"": [0.33334561512362476, 0.33333440057961494, 0.3333363328967668, 0.3333560194554779, 0.33333414142992784, 0.3333305565819209, 0.33335126743369525, 0.33336055933634645, 0.33332105111166416, 0.33333019810452785, 0.3333260757521628, 0.33333703351739313, 0.3333560689161709, 0.3333712604691021, 0.33333157227113075, 0.3333501245745243, 0.3333410299802209, 0.33333906408808417], ""kernels.0.base_kernel.kernels.1.base_kernel"": [0.6931481805599428, 0.6931481805599428, 0.6931481805599428], ""kernels.1.base_kernel.kernels.0"": [0.47920282761642113, 0.308148400754224, 0.4363234582938646, 0.45398945990563455, 0.2943436107894055, 0.2069362823008612, 0.5790928964091793, 0.4976948984053347, 0.19845119865930286, 0.22286390100386783, 0.4065210903760191, 0.4187284828273428, 0.4788658146087321, 0.6613775505234206, 0.20402489284224443, 0.5619857945831676, 0.38024623125438434, 0.42194070304771814], ""kernels.1.base_kernel.kernels.1"": [0.6931481805599428, 0.6931481805599428, 0.6931481805599428]}","{""kernels.0"": 2.665257507773999e-05, ""kernels.0.base_kernel.kernels.1"": 0.0008032512300679754, ""kernels.1"": 0.5782970015102198}",10,5,30,15,15,archive,0,3
63,112.4750246458532,106.09135221660094,0.4988,local,-5.419363221869537,-6.616803689826204,1.1974404679566675,0.044323040116677655,0.15685215044344863,archive,163,0,0.024487625509137172,0.013743267961440956,0.019169753330367554,0.0017045882802005957,0.1910064967390531,0.1983345832260759,0.3333561066358972,0.6931481805599428,"{""kernels.0.base_kernel.kernels.0"": [0.3333456155294113, 0.3333343767829638, 0.3333363812045652, 0.3333560199134103, 0.3333341572429951, 0.333330584111242, 0.3333514222827462, 0.3333606176870125, 0.3333210498032852, 0.33333019279664133, 0.333326105196599, 0.3333370430676812, 0.3333561933583841, 0.3333713618930814, 0.3333315953867597, 0.33335015862872064, 0.33334106364718114, 0.3333390405844026], ""kernels.0.base_kernel.kernels.1.base_kernel"": [0.6931481805599428, 0.6931481805599428, 0.6931481805599428], ""kernels.1.base_kernel.kernels.0"": [0.4793671042051951, 0.30799312137519036, 0.4368238074934165, 0.4539027323069188, 0.2945244112281221, 0.20774414225582324, 0.5783685202235116, 0.4982152375721164, 0.1983345832260759, 0.22281167018537526, 0.4071906410091378, 0.4185513115765944, 0.48080195173994567, 0.661755611774496, 0.2045184839655044, 0.5622778548582207, 0.3810825620380884, 0.4221962722757554], ""kernels.1.base_kernel.kernels.1"": [0.6931481805599428, 0.6931481805599428, 0.6931481805599428]}","{""kernels.0"": 2.6652259627749755e-05, ""kernels.0.base_kernel.kernels.1"": 0.0008032512207399341, ""kernels.1"": 0.5721895867367915}",10,5,30,15,15,archive,0,4
64,106.08773129816862,106.08773129816862,0.5004,local,-5.103600832410798,-6.977096946541717,1.8734961141309192,0.05765580424744027,0.22982591909520672,archive,163,0,0.04492766160385959,0.013968007823397842,0.019856589876254768,0.0018363001204104341,0.19100648137521836,0.198334502621705,0.3333561066442471,0.6931481805599428,"{""kernels.0.base_kernel.kernels.0"": [0.33334561553343706, 0.33333437678190625, 0.3333363812130595, 0.3333560199209595, 0.33333415724057425, 0.33333058411339017, 0.33335142231300524, 0.33336061769428565, 0.33332104980065724, 0.3333301927978989, 0.3333261051878255, 0.33333704306910533, 0.33335619336753475, 0.33337136188064037, 0.3333315953870234, 0.3333501586252579, 0.3333410636462906, 0.3333390405912185], ""kernels.0.base_kernel.kernels.1.base_kernel"": [0.6931481805599428, 0.6931481805599428, 0.6931481805599428], ""kernels.1.base_kernel.kernels.0"": [0.4793671604237378, 0.3079931085359807, 0.43682392339672677, 0.4539028116645625, 0.2945243513333253, 0.207744199763927, 0.578368683991469, 0.4982152995414583, 0.198334502621705, 0.22281171720092716, 0.4071905048923738, 0.4185513202852043, 0.4808020869299088, 0.6617554600607627, 0.20451848650850088, 0.5622778024929068, 0.3810825575063871, 0.42219643192798295], ""kernels.1.base_kernel.kernels.1"": [0.6931481805599428, 0.6931481805599428, 0.6931481805599428]}","{""kernels.0"": 2.66522596021243e-05, ""kernels.0.base_kernel.kernels.1"": 0.0008032512207391304, ""kernels.1"": 0.5721895406453138}",10,5,30,15,15,archive,0,0
65,113.19902709056475,106.08773129816862,0.4986,local,-4.70893197724327,-25.214816437089343,20.505884459846072,0.13215062314355203,0.438395403880209,archive,148,44,0.03088732733310276,0.01855675977408364,0.019549375105187033,0.0017721851263908985,0.19065864703399624,0.17960179580704919,0.33336186795622386,0.6931481805599428,"{""kernels.0.base_kernel.kernels.0"": [0.3333473018969486, 0.33333454476731256, 0.33334339751584097, 0.3333606769344368, 0.33333248772245677, 0.3333306834172847, 0.33337036585399854, 0.3333626554154142, 0.33332214969501595, 0.33332904266459285, 0.3333225206918724, 0.3333379498189374, 0.3333610804970335, 0.3333737802508812, 0.3333318014050106, 0.3333519801980244, 0.33334052831775557, 0.3333410873019698], ""kernels.0.base_kernel.kernels.1.base_kernel"": [0.6931481805599428, 0.6931481805599428, 0.6931481805599428], ""kernels.1.base_kernel.kernels.0"": [0.4881187406127179, 0.3271451767117677, 0.4833247652724546, 0.464032206240901, 0.25020450016215134, 0.23170150899984332, 0.6117560539763857, 0.5078799512167957, 0.17960179580704919, 0.22812158797453416, 0.36933948505617603, 0.43118586110207846, 0.5114809956600156, 0.6414843628620094, 0.20819708695840217, 0.5687051523252922, 0.36226129333277857, 0.4416272622369067], ""kernels.1.base_kernel.kernels.1"": [0.6931481805599428, 0.6931481805599428, 0.6931481805599428]}","{""kernels.0"": 2.663484133486998e-05, ""kernels.0.base_kernel.kernels.1"": 0.000803250728941403, ""kernels.1"": 0.5711460555317124}",10,5,30,15,15,archive,1,1
66,121.98590724107993,106.08773129816862,0.4992,local,-5.102019504911292,-6.1092507017261495,1.0072311968148577,0.04619490812529274,0.16961586926505107,archive,168,0,0.03742989637867826,0.018375032051701577,0.02035074412241379,0.0019318252406680296,0.19110042140783554,0.18781439643039777,0.33336254606514637,0.6931481805599428,"{""kernels.0.base_kernel.kernels.0"": [0.3333471650012136, 0.3333333048600582, 0.3333424435146275, 0.3333598018629955, 0.3333326013439351, 0.3333304328268474, 0.3333678545690317, 0.3333637736718145, 0.3333224104980028, 0.33332895991534034, 0.3333232255860037, 0.3333383833223278, 0.33336131845847816, 0.33337298090008155, 0.33333207169883416, 0.3333519574643836, 0.3333405349570656, 0.3333414487336062], ""kernels.0.base_kernel.kernels.1.base_kernel"": [0.6931481805599428, 0.6931481805599428, 0.6931481805599428], ""kernels.1.base_kernel.kernels.0"": [0.48477111976238135, 0.3152344437492391, 0.4629258201035205, 0.4553590243894505, 0.24963654426836793, 0.2263828642471025, 0.5858383172617754, 0.5171618408228293, 0.18781439643039777, 0.2294132234521474, 0.3761503086991269, 0.4348631512801236, 0.5026406682246527, 0.6474879199924563, 0.21310623203089896, 0.5650207286617315, 0.36497891398574717, 0.4523804053758151], ""kernels.1.base_kernel.kernels.1"": [0.6931481805599428, 0.6931481805599428, 0.6931481805599428]}","{""kernels.0"": 2.6631087030404303e-05, ""kernels.0.base_kernel.kernels.1"": 0.0008032506219284061, ""kernels.1"": 0.5724713825145478}",10,5,30,15,15,archive,0,2
67,113.13171819227918,106.08773129816862,0.4978,local,-4.571682109171982,-7.719976403107972,3.14829429393599,0.06215604872684833,0.2761559680858918,archive,168,0,0.06221722839741206,0.017885924024153097,0.020783516200087646,0.0020298333145316707,0.1849458121114003,0.15763154830826326,0.333362072308133,0.6931481805599428,"{""kernels.0.base_kernel.kernels.0"": [0.3333377853535199, 0.33332176614903863, 0.3333424392659916, 0.33335839764300385, 0.333338012757636, 0.33333138244604965, 0.33336304984652154, 0.33336109476974435, 0.33331297343883526, 0.3333327268613068, 0.33332284678883756, 0.3333392519364272, 0.3333495082823495, 0.3333729314417592, 0.3333328102320238, 0.3333503882418012, 0.33334756899240975, 0.3333574661854281], ""kernels.0.base_kernel.kernels.1.base_kernel"": [0.6931481805599428, 0.6931481805599428, 0.6931481805599428], ""kernels.1.base_kernel.kernels.0"": [0.46207753626123416, 0.23353453290938814, 0.47246285872131216, 0.48065922883252904, 0.3872591932785242, 0.416087246507384, 0.568569964523277, 0.490601139890278, 0.3119985523384814, 0.23726095169363912, 0.15763154830826326, 0.44466530110442515, 0.47993309671116546, 0.5846124186105583, 0.16296609160050463, 0.5226700234172219, 0.4727856707102723, 0.5085395400155175], ""kernels.1.base_kernel.kernels.1"": [0.6931481805599428, 0.6931481805599428, 0.6931481805599428]}","{""kernels.0"": 2.6486172451985994e-05, ""kernels.0.base_kernel.kernels.1"": 0.0008032465251881265, ""kernels.1"": 0.5540077036365608}",10,5,30,15,15,archive,0,3
68,109.88068922158921,106.08773129816862,0.4984,local,-5.131782375826348,-16.985524269756322,11.853741893929975,0.07961893655717604,0.3715537470333547,archive,124,38,0.029011671093486086,0.017464643272246255,0.02075201152450864,0.00202224445547736,0.18356977194338545,0.1578587802108961,0.33336209512879855,0.6931481805599428,"{""kernels.0.base_kernel.kernels.0"": [0.333337886111646, 0.3333219329738266, 0.33334244707352506, 0.33335836568416255, 0.333338055085604, 0.3333314354827593, 0.3333630936767418, 0.3333610965808554, 0.33331300368543154, 0.333332704550789, 0.3333228144341492, 0.33333926401238406, 0.33334962120482, 0.3333729996279786, 0.33333284916125233, 0.33335039622200346, 0.3333475174998225, 0.33335740768629174], ""kernels.0.base_kernel.kernels.1.base_kernel"": [0.6931481805599428, 0.6931481805599428, 0.6931481805599428], ""kernels.1.base_kernel.kernels.0"": [0.46210951489258056, 0.23397153668442355, 0.4725691501252607, 0.48045318818315524, 0.3875529525625554, 0.41570485557890136, 0.5689528482548776, 0.491054485861956, 0.31239661900925747, 0.23735339985761142, 0.1578587802108961, 0.4446083558744671, 0.48057985568210837, 0.585146730811956, 0.16320312446213875, 0.5228472135492419, 0.4731439091013267, 0.5086796445931331], ""kernels.1.base_kernel.kernels.1"": [0.6931481805599428, 0.6931481805599428, 0.6931481805599428]}","{""kernels.0"": 2.6485857948150513e-05, ""kernels.0.base_kernel.kernels.1"": 0.0008032465163249059, ""kernels.1"": 0.5498795834558833}",10,5,30,15,15,archive,0,4
69,106.90768863063985,106.08773129816862,0.4994,local,-5.0982166777361515,-8.038682168018157,2.9404654902820058,0.05090391870415517,0.29619522681879723,archive,168,0,0.06326269982557639,0.017346951407059327,0.020671933574052576,0.0020023063779411273,0.18443124953945364,0.16237681916261848,0.33336284421883877,0.6931481805599428,"{""kernels.0.base_kernel.kernels.0"": [0.3333389344702895, 0.33332452862166184, 0.3333424186013066, 0.3333568153981135, 0.3333385708540962, 0.33333134033196865, 0.333364025952327, 0.3333616624853506, 0.3333126297761409, 0.3333321938306323, 0.33332238330886826, 0.33333949417310754, 0.33335159339453535, 0.33337484832575703, 0.33333345304790335, 0.3333509902728469, 0.3333468865029981, 0.3333564939343763], ""kernels.0.base_kernel.kernels.1.base_kernel"": [0.6931481805599428, 0.6931481805599428, 0.6931481805599428], ""kernels.1.base_kernel.kernels.0"": [0.4593160495753151, 0.24608003722958477, 0.4698623637047562, 0.46509262322813694, 0.3897688263249886, 0.40379243443734864, 0.5689544714920819, 0.5040660579789122, 0.30386208503196277, 0.234261296868825, 0.16237681916261848, 0.4447348981663654, 0.49136333247858804, 0.5987120982254026, 0.16736131929566922, 0.5293373865531081, 0.4774039739078191, 0.5080298773333517], ""kernels.1.base_kernel.kernels.1"": [0.6931481805599428, 0.6931481805599428, 0.6931481805599428]}","{""kernels.0"": 2.648122942298072e-05, ""kernels.0.base_kernel.kernels.1"": 0.0008032463785172345, ""kernels.1"": 0.5524640210104207}",10,5,30,15,15,archive,0,5
70,104.40650428499274,104.40650428499274,0.499,local,-4.786176793454292,-14.091536035054485,9.305359241600193,0.07686650971346987,0.3278414519505259,archive,164,36,0.030322178136275725,0.016521600085755563,0.020312358260712614,0.0019185574437156584,0.18382093540274483,0.16371493036488627,0.3333636310088123,0.6931481805599428,"{""kernels.0.base_kernel.kernels.0"": [0.33334019522881897, 0.333325554056871, 0.33334478620781305, 0.3333569496159852, 0.33333839459974973, 0.33333315629894067, 0.33336574857138956, 0.33336151344623494, 0.3333130433760169, 0.3333318539721094, 0.33332148034294945, 0.3333394229918567, 0.33335283138752814, 0.33337584842592644, 0.33333383315878845, 0.33335139957510485, 0.3333460826331592, 0.3333546322833979], ""kernels.0.base_kernel.kernels.1.base_kernel"": [0.6931481805599428, 0.6931481805599428, 0.6931481805599428], ""kernels.1.base_kernel.kernels.0"": [0.45928730865134193, 0.24083250803455294, 0.4963685393725619, 0.46797933656482943, 0.38135562255388966, 0.4113731226476132, 0.5786767884664723, 0.49932685360302503, 0.2999058685029652, 0.2296536346948795, 0.16749820692465311, 0.4414677068429902, 0.4865463401501818, 0.6072741757281507, 0.16371493036488627, 0.5346602612918577, 0.47284290637173554, 0.49521244083208676], ""kernels.1.base_kernel.kernels.1"": [0.6931481805599428, 0.6931481805599428, 0.6931481805599428]}","{""kernels.0"": 2.6473342417377742e-05, ""kernels.0.base_kernel.kernels.1"": 0.0008032461577766096, ""kernels.1"": 0.5506330867080406}",10,5,30,15,15,archive,1,0
71,124.88696437548147,104.40650428499274,0.501,local,-5.111779653373468,-5.60907349504037,0.4972938416669024,0.07565785502373328,0.2638764486606257,archive,174,0,0.06629880310403204,0.017264535624156738,0.019961222265921195,0.0018390780642390323,0.18381331102263984,0.1637161088609574,0.33336363152648063,0.6931481805599428,"{""kernels.0.base_kernel.kernels.0"": [0.3333401956732535, 0.3333255544872805, 0.33334478722186933, 0.3333569509516163, 0.33333839439414464, 0.33333315672212344, 0.33336574947644293, 0.33336151357651833, 0.3333130435576522, 0.33333185409665494, 0.33332147974481274, 0.33333942303865854, 0.3333528317288582, 0.3333758492249676, 0.33333383337114425, 0.33335139978147815, 0.3333460822552576, 0.33335463147493205], ""kernels.0.base_kernel.kernels.1.base_kernel"": [0.6931481805599428, 0.6931481805599428, 0.6931481805599428], ""kernels.1.base_kernel.kernels.0"": [0.4592891481930424, 0.24083276679431065, 0.4963691053419662, 0.46799305339047254, 0.38135327795533064, 0.4113729011402587, 0.5786726501543666, 0.49933475061022276, 0.29990600609171425, 0.2296552936810251, 0.16749791658834806, 0.44146930818865715, 0.486546579096269, 0.607276762790512, 0.1637161088609574, 0.5346606422093138, 0.4728392570486884, 0.49521023323868424], ""kernels.1.base_kernel.kernels.1"": [0.6931481805599428, 0.6931481805599428, 0.6931481805599428]}","{""kernels.0"": 2.6473338863135884e-05, ""kernels.0.base_kernel.kernels.1"": 0.0008032461576814832, ""kernels.1"": 0.5506102135713749}",10,5,30,15,15,archive,0,1
72,105.00451788756953,104.40650428499274,0.5,local,-4.626038961538474,-6.147519596535743,1.5214806349972694,0.04857081256439832,0.17035702821935733,archive,174,0,0.029828211748235422,0.017063243760023796,0.02020026551763839,0.0018914527791611716,0.18354390380667987,0.16401538290426831,0.3333595635318541,0.6931481805599428,"{""kernels.0.base_kernel.kernels.0"": [0.33334058901463703, 0.3333264180582338, 0.33334898061614526, 0.33335673966308715, 0.3333368223847676, 0.3333346985434899, 0.3333521976813021, 0.333362387400621, 0.3333140965949949, 0.3333312330917015, 0.3333201191168013, 0.3333396122056164, 0.33335457580695443, 0.33337526418926, 0.33333449422216044, 0.33335100054734723, 0.33334441970716766, 0.33335461158376634], ""kernels.0.base_kernel.kernels.1.base_kernel"": [0.6931481805599428, 0.6931481805599428, 0.6931481805599428], ""kernels.1.base_kernel.kernels.0"": [0.45694545643844325, 0.22965791873395977, 0.5015078022910493, 0.46666931555278185, 0.3637909756306159, 0.4260941422955152, 0.475622356095559, 0.503243873178407, 0.318610643792851, 0.23695114864606756, 0.16401538290426831, 0.4404860973211079, 0.4966812139443504, 0.5966173262902791, 0.17188241963718753, 0.5287776386949993, 0.4588607192674081, 0.5060345645697255], ""kernels.1.base_kernel.kernels.1"": [0.6931481805599428, 0.6931481805599428, 0.6931481805599428]}","{""kernels.0"": 2.6463922977973263e-05, ""kernels.0.base_kernel.kernels.1"": 0.0008032458664250935, ""kernels.1"": 0.5498020016306365}",10,5,30,15,15,archive,0,2
73,106.97036995612561,104.40650428499274,0.4992,local,-5.063533346024266,-18.048284943604884,12.984751597580619,0.08676948656639312,0.32524082716803404,archive,161,34,0.024617289055346908,0.01636497635968309,0.01989648784631776,0.0018243809083795849,0.1823909124113344,0.16422881707095077,0.33335961748398574,0.6931481805599428,"{""kernels.0.base_kernel.kernels.0"": [0.3333405933591879, 0.333326436550522, 0.3333490410575824, 0.3333567706534091, 0.3333368095052732, 0.3333347391543066, 0.33335215335662904, 0.3333624643145624, 0.3333141163169311, 0.33333121884829264, 0.3333201332327153, 0.33333963171855274, 0.33335459932013556, 0.33337527509740683, 0.33333450027887995, 0.3333509947798496, 0.33334441172314544, 0.3333546099213282], ""kernels.0.base_kernel.kernels.1.base_kernel"": [0.6931481805599428, 0.6931481805599428, 0.6931481805599428], ""kernels.1.base_kernel.kernels.0"": [0.4569771695182067, 0.2296069580478972, 0.5017185733666605, 0.46699745897771366, 0.36371278236568916, 0.4264934085414047, 0.4768810323948827, 0.5038966628248215, 0.31894100770007155, 0.2370337190232417, 0.16422881707095077, 0.4407159009111481, 0.4966842691518419, 0.59680044179888, 0.1719737501662662, 0.5288454016757705, 0.4590597700410775, 0.5062606568216035], ""kernels.1.base_kernel.kernels.1"": [0.6931481805599428, 0.6931481805599428, 0.6931481805599428]}","{""kernels.0"": 2.6463639353276302e-05, ""kernels.0.base_kernel.kernels.1"": 0.0008032458581754195, ""kernels.1"": 0.5463430277364745}",10,5,30,15,15,archive,1,3
74,107.794024160579,104.40650428499274,0.4988,local,-5.016225770693206,-6.41367662341114,1.3974508527179346,0.04524102372233165,0.16022251133663243,archive,174,0,0.02629831132361048,0.016042587731544444,0.01969681817197417,0.001780925438169494,0.18137109258664386,0.16504187398744774,0.33335966976348863,0.6931481805599428,"{""kernels.0.base_kernel.kernels.0"": [0.3333405876143687, 0.33332646082923684, 0.3333491712634016, 0.3333567639093771, 0.3333367942727131, 0.33333475637771554, 0.3333521091072622, 0.3333625756176002, 0.3333141443987742, 0.3333311913355208, 0.3333201826047016, 0.3333396575158217, 0.3333546537314636, 0.33337528123172994, 0.3333345112172136, 0.33335098693323567, 0.3333444031612973, 0.33335455372120065], ""kernels.0.base_kernel.kernels.1.base_kernel"": [0.6931481805599428, 0.6931481805599428, 0.6931481805599428], ""kernels.1.base_kernel.kernels.0"": [0.4569467665617669, 0.22963095745283257, 0.502695522974089, 0.4665717237632346, 0.36358352412280115, 0.42674643187527794, 0.4791004729490927, 0.5047833664273462, 0.31957164770942115, 0.23664124606740428, 0.16504187398744774, 0.4410094518995162, 0.49679554915919344, 0.5966785491575609, 0.1720420553725745, 0.5288445318778267, 0.4594042722839468, 0.5059897943522328], ""kernels.1.base_kernel.kernels.1"": [0.6931481805599428, 0.6931481805599428, 0.6931481805599428]}","{""kernels.0"": 2.6463240447515035e-05, ""kernels.0.base_kernel.kernels.1"": 0.0008032458461694354, ""kernels.1"": 0.5432835686733146}",10,5,30,15,15,archive,0,4
75,105.22636206073729,104.40650428499274,0.4988,local,-5.233812438967041,-6.710762390111266,1.476949951144225,0.06511349783681122,0.2604026911857956,archive,174,0,0.046886605487679936,0.0157558060908087,0.0196990929550535,0.001777273054803505,0.1813708310689224,0.1650419734373081,0.3333596698151108,0.6931481805599428,"{""kernels.0.base_kernel.kernels.0"": [0.33334058759959756, 0.3333264608368652, 0.3333491713153245, 0.33335676395014346, 0.33333679427462226, 0.33333475640355126, 0.33335210911054663, 0.33336257568007804, 0.3333141444117117, 0.33333119133275474, 0.3333201826168962, 0.3333396575306564, 0.3333546537629095, 0.33337528124356897, 0.33333451121974783, 0.3333509869313102, 0.3333444031676326, 0.33335455371685596], ""kernels.0.base_kernel.kernels.1.base_kernel"": [0.6931481805599428, 0.6931481805599428, 0.6931481805599428], ""kernels.1.base_kernel.kernels.0"": [0.45694663748288356, 0.22963073661995329, 0.5026959537684841, 0.4665720600193943, 0.3635835821582786, 0.42674670065431225, 0.4791018151220347, 0.5047839194856207, 0.31957199162816785, 0.2366411292429792, 0.1650419734373081, 0.44100964295414496, 0.49679570814763974, 0.5966786312464586, 0.17204209532219156, 0.5288445306204406, 0.45940454438589906, 0.5059897628129679], ""kernels.1.base_kernel.kernels.1"": [0.6931481805599428, 0.6931481805599428, 0.6931481805599428]}","{""kernels.0"": 2.646324027285764e-05, ""kernels.0.base_kernel.kernels.1"": 0.0008032458461642922, ""kernels.1"": 0.54328278412033}",10,5,30,15,15,archive,0,5
76,107.46655062804004,104.40650428499274,0.4982,local,-5.117827607488743,-6.755523919647187,1.637696312158444,0.03554119702649973,0.15015210507702995,archive,174,0,0.02189154798197639,0.015553082397728098,0.019452973436486398,0.0017271891849254277,0.18195285445629483,0.16361605814181118,0.3333697302220945,0.6931481805599428,"{""kernels.0.base_kernel.kernels.0"": [0.33334013331530526, 0.33332696245136534, 0.3333514283319011, 0.33335866855587026, 0.33333686388806016, 0.33333546105040296, 0.3333513952330466, 0.33336390345633865, 0.333315007310445, 0.33333124361076816, 0.33332056837727525, 0.33334016709268893, 0.3333567363405899, 0.3333755569878503, 0.3333347002779349, 0.33335085376962686, 0.33334491222686197, 0.33335587647150344], ""kernels.0.base_kernel.kernels.1.base_kernel"": [0.6931481805599428, 0.6931481805599428, 0.6931481805599428], ""kernels.1.base_kernel.kernels.0"": [0.45527781570758713, 0.22374907169414399, 0.5146189452117131, 0.475178573636561, 0.36345226827897686, 0.42777792722975144, 0.49792627264360456, 0.5035745219406622, 0.3478838871806227, 0.23609126608578954, 0.16361605814181118, 0.4462935085065478, 0.5089446406108834, 0.5976518525857782, 0.17542514605416482, 0.5286358730554424, 0.47065287264314765, 0.5189977886241667], ""kernels.1.base_kernel.kernels.1"": [0.6931481805599428, 0.6931481805599428, 0.6931481805599428]}","{""kernels.0"": 2.6456652855439335e-05, ""kernels.0.base_kernel.kernels.1"": 0.0008032456507348649, ""kernels.1"": 0.5450288610652942}",10,5,30,15,15,archive,0,6
77,101.5347637289224,101.5347637289224,0.5004,local,-4.9927902736070235,-7.306150406167976,2.3133601325609527,0.12344092713503226,0.4674290752815657,archive,174,0,0.07360530451390648,0.01496691779690964,0.019428333954852228,0.001718687860158426,0.18195156533420279,0.16361619778141617,0.3333697302707006,0.6931481805599428,"{""kernels.0.base_kernel.kernels.0"": [0.3333401332921283, 0.3333269625226691, 0.3333514284173428, 0.33335866857235696, 0.3333368639125437, 0.33333546111401824, 0.33335139531226027, 0.3333639035636728, 0.33331500722927276, 0.33333124363521005, 0.3333205684100797, 0.33334016712215536, 0.33335673641734254, 0.33337555697772836, 0.3333347002885458, 0.33335085375652457, 0.3333449122591207, 0.3333558765433801], ""kernels.0.base_kernel.kernels.1.base_kernel"": [0.6931481805599428, 0.6931481805599428, 0.6931481805599428], ""kernels.1.base_kernel.kernels.0"": [0.4552778570473973, 0.22374961521921674, 0.51461895983998, 0.4751789668845277, 0.3634526890902764, 0.4277783417457246, 0.4979270539185429, 0.5035749606189849, 0.3478829304965915, 0.23609160142305835, 0.16361619778141617, 0.4462937229357815, 0.5089447582178589, 0.5976512738051388, 0.17542528260904133, 0.5286357525830367, 0.4706532809521969, 0.5189980561369993], ""kernels.1.base_kernel.kernels.1"": [0.6931481805599428, 0.6931481805599428, 0.6931481805599428]}","{""kernels.0"": 2.6456652427084524e-05, ""kernels.0.base_kernel.kernels.1"": 0.0008032456507228357, ""kernels.1"": 0.5450249936994584}",10,5,30,15,15,archive,1,0
78,112.27810850848336,101.5347637289224,0.5,local,-4.548993790455384,-22.872202412017486,18.323208621562102,0.21981826638841145,0.7127185666254756,archive,167,32,0.11124975944775085,0.019527960718814866,0.019285049830563714,0.0016842601225723446,0.18243637647753183,0.15973398212070933,0.3333697194125239,0.6931481805599428,"{""kernels.0.base_kernel.kernels.0"": [0.3333403131080227, 0.33332759692096153, 0.3333521277090532, 0.3333584963752766, 0.3333371567443058, 0.3333358769914601, 0.33335243263602654, 0.3333656132558194, 0.3333143101123438, 0.3333315394601089, 0.33332083638359494, 0.33334058749872664, 0.3333568351512324, 0.33337382556922845, 0.3333345460617291, 0.3333505329885341, 0.3333452191159109, 0.3333565642318181], ""kernels.0.base_kernel.kernels.1.base_kernel"": [0.6931481805599428, 0.6931481805599428, 0.6931481805599428], ""kernels.1.base_kernel.kernels.0"": [0.4605440064412802, 0.2292608836267206, 0.5177939815835637, 0.4742147725868246, 0.3671669792438478, 0.4293566555209831, 0.5058719024514343, 0.5185476044330867, 0.336916322178504, 0.24407780730993284, 0.15973398212070933, 0.4516851119026652, 0.5064193246476968, 0.5740920344402984, 0.17212924458404016, 0.5240278625048926, 0.4748926567069034, 0.521265392149298], ""kernels.1.base_kernel.kernels.1"": [0.6931481805599428, 0.6931481805599428, 0.6931481805599428]}","{""kernels.0"": 2.645372566857371e-05, ""kernels.0.base_kernel.kernels.1"": 0.0008032455656453116, ""kernels.1"": 0.5464794301412815}",10,5,30,15,15,archive,0,1
79,106.84089825977526,101.5347637289224,0.5004,local,-4.773099551600206,-20.971513045888855,16.19841349428865,0.09686088436590641,0.4164978427817005,archive,182,32,0.06337333737104904,0.018846468118540034,0.019243859069528208,0.0016778510142942767,0.18035711028475165,0.16003594993197942,0.3333697487713172,0.6931481805599428,"{""kernels.0.base_kernel.kernels.0"": [0.3333403354660292, 0.3333276057021738, 0.33335215765547943, 0.333358455434535, 0.3333371853601104, 0.33333594907930914, 0.3333525340157309, 0.33336581453933756, 0.33331428139959346, 0.33333152905404284, 0.33332087817935085, 0.33334064565418464, 0.33335690298407633, 0.3333736830032968, 0.3333345529268072, 0.3333505197081785, 0.33334526374954976, 0.33335668451162764], ""kernels.0.base_kernel.kernels.1.base_kernel"": [0.6931481805599428, 0.6931481805599428, 0.6931481805599428], ""kernels.1.base_kernel.kernels.0"": [0.4609223447566279, 0.22934867843849943, 0.5175929640581078, 0.4737106078597336, 0.3675473831845509, 0.43027861152558994, 0.5061494228606255, 0.5198141248771626, 0.33661680412773043, 0.24456767515379335, 0.16003594993197942, 0.4522729176033435, 0.5073973075083019, 0.5735284314085801, 0.17257700606629395, 0.5240079391256327, 0.4754740638909348, 0.5227840830115998], ""kernels.1.base_kernel.kernels.1"": [0.6931481805599428, 0.6931481805599428, 0.6931481805599428]}","{""kernels.0"": 2.645340220849195e-05, ""kernels.0.base_kernel.kernels.1"": 0.0008032455571754997, ""kernels.1"": 0.540241631894871}",10,5,30,15,15,archive,0,2
80,106.27801258578725,101.5347637289224,0.499,local,-4.889577100211757,-21.168349902061724,16.278772801849968,0.11229851321517238,0.40633017583222225,archive,182,33,0.054313190695477416,0.018067089450471408,0.019136096552779813,0.0016544174343239592,0.18096242962616074,0.1621090314872417,0.333363812858493,0.6931481805599428,"{""kernels.0.base_kernel.kernels.0"": [0.33334044047107503, 0.3333274964196474, 0.3333529143319178, 0.33335796675001356, 0.3333374053924226, 0.3333366236590929, 0.3333533006633115, 0.3333696589669724, 0.3333137216258557, 0.3333312500232234, 0.3333211480382402, 0.33334164479234785, 0.3333576949645996, 0.3333722242036922, 0.333334559366794, 0.3333503412891342, 0.33334570561925936, 0.3333578372133047], ""kernels.0.base_kernel.kernels.1.base_kernel"": [0.6931481805599428, 0.6931481805599428, 0.6931481805599428], ""kernels.1.base_kernel.kernels.0"": [0.4622376406924191, 0.22639965571928902, 0.5194469052332995, 0.46410716252932716, 0.3689739022100386, 0.437392822410082, 0.5027598694307718, 0.5479529472783244, 0.3314898407787474, 0.2466415677377452, 0.1621090314872417, 0.46250336132392456, 0.5153184837744329, 0.5650561576999619, 0.1746527678303914, 0.5218366579201923, 0.47980068105299234, 0.5334394176710373], ""kernels.1.base_kernel.kernels.1"": [0.6931481805599428, 0.6931481805599428, 0.6931481805599428]}","{""kernels.0"": 2.6450047167327745e-05, ""kernels.0.base_kernel.kernels.1"": 0.0008032454641882725, ""kernels.1"": 0.5420575933671267}",10,5,30,15,15,archive,1,3
81,107.11211183765103,101.5347637289224,0.499,local,-4.926050362878474,-21.32908650360906,16.403036140730585,0.0958355958255839,0.3957506669616592,archive,182,34,0.04888733676715758,0.01689826033497396,0.019045490198716125,0.0016360836571294743,0.17926621407132015,0.16221262243773932,0.33336399926621557,0.6931481805599428,"{""kernels.0.base_kernel.kernels.0"": [0.3333404522359805, 0.333327537436086, 0.33335298428434795, 0.33335805264490415, 0.3333374136986013, 0.3333366909359829, 0.3333533700131386, 0.333369945887527, 0.3333137280246281, 0.3333312346111672, 0.3333211551194816, 0.33334172088055003, 0.3333577791604091, 0.3333721369935905, 0.33333456292651886, 0.33335033075419945, 0.3333457351386466, 0.33335795019494996], ""kernels.0.base_kernel.kernels.1.base_kernel"": [0.6931481805599428, 0.6931481805599428, 0.6931481805599428], ""kernels.1.base_kernel.kernels.0"": [0.4623251859901937, 0.22719501706229805, 0.5200047373342496, 0.4649673520285243, 0.36897525547769366, 0.4382186325866665, 0.5030590051976478, 0.5489879284185131, 0.3318328210104385, 0.24698251448633937, 0.16221262243773932, 0.4631313140094638, 0.516028979579428, 0.565208069352871, 0.174824190179299, 0.5219006963883799, 0.480019795289648, 0.5341858939226569], ""kernels.1.base_kernel.kernels.1"": [0.6931481805599428, 0.6931481805599428, 0.6931481805599428]}","{""kernels.0"": 2.644973364250007e-05, ""kernels.0.base_kernel.kernels.1"": 0.0008032454565353295, ""kernels.1"": 0.5369689470237826}",10,5,30,15,15,archive,1,4
82,102.20276988357048,101.5347637289224,0.5004,local,-4.908965714177052,-21.60157650614036,16.69261079196331,0.10556865083028504,0.4007104121597584,archive,182,35,0.04529562220580651,0.01588601812857572,0.0189618406330663,0.0016189204452822627,0.17829273672031795,0.16237394439372443,0.33336424751177396,0.6931481805599428,"{""kernels.0.base_kernel.kernels.0"": [0.3333404506117984, 0.3333275630525661, 0.3333530798330489, 0.33335812455044345, 0.3333374190171409, 0.3333367876172973, 0.333353466851093, 0.3333703704731044, 0.33331371602020843, 0.33333123768255074, 0.33332115913057986, 0.33334182949450086, 0.3333579058547299, 0.33337203001927934, 0.33333456759796465, 0.33335031610070903, 0.33334576885909295, 0.33335809265102034], ""kernels.0.base_kernel.kernels.1.base_kernel"": [0.6931481805599428, 0.6931481805599428, 0.6931481805599428], ""kernels.1.base_kernel.kernels.0"": [0.4622587508302978, 0.2276154153227958, 0.5207450851764347, 0.4653862191316313, 0.3688133587774395, 0.43905489763286054, 0.5033051310177533, 0.5504725138094507, 0.33229299031944737, 0.2475416858672075, 0.16237394439372443, 0.4639100403923564, 0.5171213860528423, 0.5651295209851432, 0.1750532751904402, 0.5218703614807352, 0.48022945222558294, 0.5348561517621747], ""kernels.1.base_kernel.kernels.1"": [0.6931481805599428, 0.6931481805599428, 0.6931481805599428]}","{""kernels.0"": 2.644934761826558e-05, ""kernels.0.base_kernel.kernels.1"": 0.0008032454468204296, ""kernels.1"": 0.5340485153665151}",10,5,30,15,15,archive,0,5
83,98.89277257045072,98.89277257045072,0.4988,local,-4.888766055817835,-32.35424525993077,27.465479204112935,0.21308888597319314,0.7643081349297944,archive,115,42,0.06738185519220923,0.014354607813266657,0.01878414136684908,0.0015829338458488733,0.17737217715143686,0.16239591986534363,0.3333646259486388,0.6931481805599428,"{""kernels.0.base_kernel.kernels.0"": [0.33334044279215375, 0.33332765808461795, 0.3333532180534421, 0.3333582074363869, 0.33333742057315413, 0.3333369145862207, 0.3333537939406749, 0.3333709495886431, 0.3333136949929574, 0.33333124023250776, 0.33332115666555356, 0.333341979083955, 0.3333581361115952, 0.33337180116049403, 0.3333345674804557, 0.3333502781517243, 0.3333458293557481, 0.3333583023086345], ""kernels.0.base_kernel.kernels.1.base_kernel"": [0.6931481805599428, 0.6931481805599428, 0.6931481805599428], ""kernels.1.base_kernel.kernels.0"": [0.46216589799344104, 0.229342508329189, 0.521880019252738, 0.465378751612698, 0.36834617499949085, 0.4399609841490458, 0.5061433562494724, 0.5516997503038342, 0.3331273362338918, 0.24819434030548562, 0.16239591986534363, 0.4648380644627794, 0.5192364880883935, 0.5641249201338143, 0.1753215836604145, 0.521575765507174, 0.4806394637835294, 0.5357932594663348], ""kernels.1.base_kernel.kernels.1"": [0.6931481805599428, 0.6931481805599428, 0.6931481805599428]}","{""kernels.0"": 2.6448762522467604e-05, ""kernels.0.base_kernel.kernels.1"": 0.0008032454319050794, ""kernels.1"": 0.531286837259883}",10,5,30,15,15,archive,2,0
84,104.78616236173025,98.89277257045072,0.4998,local,-4.948784185832036,-17.00000997394993,12.051225788117893,0.12964163197559703,0.3916417601064903,archive,185,14,0.06020191753613078,0.018737976202964395,0.018770019938802136,0.0015705284269329233,0.17745219766468653,0.15896791378917657,0.33336459461501555,0.6931481805599428,"{""kernels.0.base_kernel.kernels.0"": [0.33334056794789607, 0.3333278303885957, 0.3333542154091795, 0.33335691097671544, 0.3333373355516799, 0.3333372528954527, 0.33335691245236415, 0.33337319759241374, 0.33331312991500217, 0.3333308156814094, 0.3333209759001218, 0.3333501731330455, 0.3333596071337661, 0.33336958209626494, 0.3333344189505, 0.3333498704333273, 0.3333462082647445, 0.33335948232806584], ""kernels.0.base_kernel.kernels.1.base_kernel"": [0.6931481805599428, 0.6931481805599428, 0.6931481805599428], ""kernels.1.base_kernel.kernels.0"": [0.46182285687263813, 0.2318274756652182, 0.5249176332712489, 0.4441584043302382, 0.3614694740624772, 0.4367521262025065, 0.5179212033378313, 0.5601411569247677, 0.3321433014802994, 0.24797682327318926, 0.15896791378917657, 0.5459877427234205, 0.5248139691107458, 0.5560617404535789, 0.17408111247130736, 0.5185820981987407, 0.4821248832863648, 0.5345469803815095], ""kernels.1.base_kernel.kernels.1"": [0.6931481805599428, 0.6931481805599428, 0.6931481805599428]}","{""kernels.0"": 2.6442451091005937e-05, ""kernels.0.base_kernel.kernels.1"": 0.0008032452711051878, ""kernels.1"": 0.5315269052718634}",10,5,30,15,15,archive,0,1
85,97.92410643048044,97.92410643048044,0.4992,local,-5.10958620314499,-17.133600235452082,12.024014032307093,0.09689726971547681,0.33068994911443267,archive,185,15,0.043452082937461195,0.017092852455422986,0.0186514993345579,0.001547199210286936,0.17620994265847326,0.15929397138997028,0.33336458328205354,0.6931481805599428,"{""kernels.0.base_kernel.kernels.0"": [0.3333405806842546, 0.3333278235091528, 0.3333542701655008, 0.3333569481622577, 0.33333733303957575, 0.3333372823482402, 0.3333570564094616, 0.3333734039857799, 0.3333131181670483, 0.3333308365590892, 0.3333209701358765, 0.33335074372307194, 0.33335965231490244, 0.33336951424920463, 0.3333344140058538, 0.333349858262298, 0.33334621969956474, 0.3333595393293647], ""kernels.0.base_kernel.kernels.1.base_kernel"": [0.6931481805599428, 0.6931481805599428, 0.6931481805599428], ""kernels.1.base_kernel.kernels.0"": [0.4619256827266133, 0.23180521391924763, 0.5251487117034883, 0.4444388457952645, 0.3612371780931401, 0.437082767447982, 0.5179919006781837, 0.5612116351921502, 0.3324274026696579, 0.2487945512246535, 0.15929397138997028, 0.5483345611598358, 0.5249188879359293, 0.5562133214262982, 0.17416385702283277, 0.518612463808499, 0.4822047899159984, 0.5350087046855989], ""kernels.1.base_kernel.kernels.1"": [0.6931481805599428, 0.6931481805599428, 0.6931481805599428]}","{""kernels.0"": 2.644204970118225e-05, ""kernels.0.base_kernel.kernels.1"": 0.0008032452619223879, ""kernels.1"": 0.5278001406637962}",10,5,30,15,15,archive,0,0
86,103.26222917416202,97.92410643048044,0.4988,local,-5.030255894631269,-19.05505826420741,14.024802369576141,0.11251036787542358,0.3391916626438439,archive,183,13,0.04500532501775188,0.017611544348323224,0.018402156819139193,0.001496741984320718,0.17621027155121405,0.15929447948356687,0.3333645833963963,0.6931481805599428,"{""kernels.0.base_kernel.kernels.0"": [0.33334058076362255, 0.33332782346919204, 0.33335427069522505, 0.3333569474835282, 0.3333373329992475, 0.33333728294390685, 0.3333570575431561, 0.3333734042173768, 0.3333131177671106, 0.3333308365591373, 0.33332097010047623, 0.33335074808754395, 0.33335965302101117, 0.33336951377178137, 0.3333344140131381, 0.33334985813708434, 0.33334621977583634, 0.3333595407190921], ""kernels.0.base_kernel.kernels.1.base_kernel"": [0.6931481805599428, 0.6931481805599428, 0.6931481805599428], ""kernels.1.base_kernel.kernels.0"": [0.461926081005871, 0.23180510961998682, 0.5251502296678734, 0.44442154547380447, 0.3612342498174356, 0.43708958707112733, 0.5179927797494104, 0.5612028440398099, 0.3324233924044746, 0.24879564886861216, 0.15929447948356687, 0.5483508905628489, 0.5249246601227736, 0.5562123441438855, 0.17416712237974966, 0.5186115410525007, 0.4822053020366566, 0.5350241025479363], ""kernels.1.base_kernel.kernels.1"": [0.6931481805599428, 0.6931481805599428, 0.6931481805599428]}","{""kernels.0"": 2.6442046765567176e-05, ""kernels.0.base_kernel.kernels.1"": 0.0008032452618521168, ""kernels.1"": 0.5278011273450245}",10,5,30,15,15,archive,1,1
87,99.4942892917677,97.92410643048044,0.5,local,-4.99490812084105,-35.40837133504527,30.413463214204217,0.10615326731870643,0.42034920014506516,archive,182,40,0.03302353218807858,0.016726818895419358,0.01829353845535283,0.0014756981929756352,0.17615874074000926,0.15856201217902507,0.3333652941438701,0.6931481805599428,"{""kernels.0.base_kernel.kernels.0"": [0.333340569885005, 0.33332803824296164, 0.33335516256128456, 0.3333577390199352, 0.3333372472631487, 0.3333383325274689, 0.33335972216190496, 0.3333766868364229, 0.33331207677984265, 0.3333307923349486, 0.333320864018061, 0.33336040260587296, 0.33336077238726114, 0.3333685478371894, 0.3333341576678401, 0.3333496835017543, 0.33334628068072475, 0.33336204045055084], ""kernels.0.base_kernel.kernels.1.base_kernel"": [0.6931481805599428, 0.6931481805599428, 0.6931481805599428], ""kernels.1.base_kernel.kernels.0"": [0.45969945263345025, 0.23338963858641795, 0.5295562046047713, 0.43994023083969885, 0.35379612717278675, 0.44731978729637123, 0.5172518550837331, 0.570537173747478, 0.3226018899395936, 0.24936921395957837, 0.15856201217902507, 0.5866785689068759, 0.5341739029839982, 0.5503914189065037, 0.1777546192604105, 0.5173269740552139, 0.4846168726097594, 0.5540874736454042], ""kernels.1.base_kernel.kernels.1"": [0.6931481805599428, 0.6931481805599428, 0.6931481805599428]}","{""kernels.0"": 2.6434782884023486e-05, ""kernels.0.base_kernel.kernels.1"": 0.00080324509583061, ""kernels.1"": 0.5276465423413131}",10,5,30,15,15,archive,1,2
88,94.74836538232032,94.74836538232032,0.5018,local,-5.0154065608733704,-36.22683580464484,31.211429243771473,0.11203112500860793,0.40327176296577416,archive,182,41,0.03573376844319101,0.014722174628924445,0.018044706139192766,0.001428161308814019,0.17614894722356944,0.15856434309627904,0.3333652944683279,0.6931481805599428,"{""kernels.0.base_kernel.kernels.0"": [0.3333405698376274, 0.3333280382593612, 0.3333551630650517, 0.333357739396982, 0.3333372472635166, 0.3333383328421436, 0.33335972329375163, 0.33337668835143675, 0.3333120766824879, 0.33333079252942543, 0.3333208640448768, 0.33336040557346946, 0.33336077286010124, 0.33336854768486546, 0.3333341576286591, 0.33334968353221367, 0.3333462807294651, 0.33336204125179036], ""kernels.0.base_kernel.kernels.1.base_kernel"": [0.6931481805599428, 0.6931481805599428, 0.6931481805599428], ""kernels.1.base_kernel.kernels.0"": [0.45969881759920705, 0.2333910663529941, 0.529559068689825, 0.4399398501309881, 0.3537942553456881, 0.4473205567028274, 0.5172562369504784, 0.5705426955480841, 0.3226030162931325, 0.24937443838188503, 0.15856434309627904, 0.5866824898247954, 0.5341756573376678, 0.5503917755468849, 0.17775579878004769, 0.5173280778492222, 0.4846176486057679, 0.5540892829263769], ""kernels.1.base_kernel.kernels.1"": [0.6931481805599428, 0.6931481805599428, 0.6931481805599428]}","{""kernels.0"": 2.6434779639196733e-05, ""kernels.0.base_kernel.kernels.1"": 0.0008032450957625131, ""kernels.1"": 0.5276171617953066}",10,5,30,15,15,archive,3,0
89,96.72046592657992,94.74836538232032,0.5018,local,-5.203296329257929,-6.008797467384872,0.8055011381269424,0.06966338634734004,0.23090903154152218,archive,192,0,0.060037925462228144,0.016555371376667734,0.01789619779713621,0.0013971200141003441,0.17513802349793872,0.1589815896211712,0.3333652239059354,0.6931481805599428,"{""kernels.0.base_kernel.kernels.0"": [0.33334061489812133, 0.33332803362276575, 0.3333552832100544, 0.3333577707768666, 0.33333724407332005, 0.33333819061294306, 0.3333601561831168, 0.3333771273364717, 0.333312066203272, 0.33333077531284117, 0.33332088698280055, 0.3333607955193692, 0.3333607271101105, 0.33336849922533685, 0.33333411437159666, 0.33334969522641483, 0.33334627367009195, 0.333361948586534], ""kernels.0.base_kernel.kernels.1.base_kernel"": [0.6931481805599428, 0.6931481805599428, 0.6931481805599428], ""kernels.1.base_kernel.kernels.0"": [0.4601849444164824, 0.2329245856533529, 0.530189632882178, 0.4390768587792469, 0.3534746499848965, 0.4445105212235446, 0.5212896939336726, 0.5727660201027976, 0.3218853946882023, 0.24964246264338727, 0.1589815896211712, 0.585464723611988, 0.532980548861804, 0.5502352895962959, 0.17721219921338918, 0.5176397922376832, 0.48445546070803663, 0.5515665432059401], ""kernels.1.base_kernel.kernels.1"": [0.6931481805599428, 0.6931481805599428, 0.6931481805599428]}","{""kernels.0"": 2.6434178340530977e-05, ""kernels.0.base_kernel.kernels.1"": 0.0008032450828607593, ""kernels.1"": 0.5245843912326149}",10,5,30,15,15,archive,1,1
90,97.40686904796604,94.74836538232032,0.4996,local,-5.118014009657353,-5.7845371084323585,0.6665230987750057,0.04747434626885685,0.16090637617456788,archive,192,0,0.04064849504837834,0.014729436868997319,0.01765451979469021,0.0013517046323333324,0.1751348175289188,0.15898166611173817,0.33336522376388217,0.6931481805599428,"{""kernels.0.base_kernel.kernels.0"": [0.33334061519813696, 0.3333280337248643, 0.33335528384225305, 0.33335777105896436, 0.3333372440245246, 0.3333381908407314, 0.33336015930565077, 0.3333771301385215, 0.33331206611492564, 0.3333307751702026, 0.3333208869798924, 0.33336079974026334, 0.33336072700962005, 0.3333684989189567, 0.3333341141734688, 0.3333496953128994, 0.33334627361179053, 0.33336194860880763], ""kernels.0.base_kernel.kernels.1.base_kernel"": [0.6931481805599428, 0.6931481805599428, 0.6931481805599428], ""kernels.1.base_kernel.kernels.0"": [0.4601877548420488, 0.23292291529263678, 0.530193215635467, 0.43906982445318626, 0.35347233827690805, 0.4445111039227289, 0.5213178921533493, 0.5727812580828484, 0.3218791522100022, 0.24964172071808083, 0.15898166611173817, 0.5854828839081472, 0.5329755591036416, 0.5502344165848188, 0.17721005237454232, 0.5176413042970034, 0.4844544486569338, 0.5515589618731235], ""kernels.1.base_kernel.kernels.1"": [0.6931481805599428, 0.6931481805599428, 0.6931481805599428]}","{""kernels.0"": 2.643417498202403e-05, ""kernels.0.base_kernel.kernels.1"": 0.0008032450827918138, ""kernels.1"": 0.5245747733289825}",10,5,30,15,15,archive,1,2
91,98.64534499908906,94.74836538232032,0.5,local,-5.185958111274067,-5.8565807727306805,0.6706226614566138,0.043969757942475804,0.15559873885830205,archive,192,0,0.03527861512246888,0.014166258095464176,0.017554801393760425,0.0013328604573095964,0.17266902340417492,0.15912842112990008,0.33336532615934317,0.6931481805599428,"{""kernels.0.base_kernel.kernels.0"": [0.3333406690438951, 0.33332805887745637, 0.33335540627709936, 0.3333578424458311, 0.3333372303669284, 0.3333382758453788, 0.3333607737595523, 0.3333776900483293, 0.3333120822275601, 0.33333075945246665, 0.33332089220472755, 0.3333616943966613, 0.333360740464798, 0.33336868558281685, 0.3333340839606136, 0.33334977581046893, 0.33334627374120784, 0.3333619667358695], ""kernels.0.base_kernel.kernels.1.base_kernel"": [0.6931481805599428, 0.6931481805599428, 0.6931481805599428], ""kernels.1.base_kernel.kernels.0"": [0.46075788473970153, 0.2327926535339531, 0.5309758266599263, 0.4381368253832687, 0.3529717344634046, 0.44531390637125134, 0.5268050381429042, 0.5760554050792797, 0.32131399633113245, 0.24965443277962535, 0.15912842112990008, 0.5899338171291026, 0.5324907041234432, 0.5528707066319397, 0.17698834914599137, 0.5187209946326314, 0.48445597252822253, 0.5503662792700933], ""kernels.1.base_kernel.kernels.1"": [0.6931481805599428, 0.6931481805599428, 0.6931481805599428]}","{""kernels.0"": 2.6433524883966127e-05, ""kernels.0.base_kernel.kernels.1"": 0.0008032450703712682, ""kernels.1"": 0.5171773916172695}",10,5,30,15,15,archive,0,3
92,95.24390293730471,94.74836538232032,0.5002,local,-5.230681336921169,-6.300737374216868,1.070056037295699,0.04017514565087598,0.14533926053662977,archive,192,0,0.029673086332085933,0.013093182071530554,0.01746376330305015,0.0013132399637037731,0.17224811162968645,0.15816530777805649,0.3333700188660746,0.6931481805599428,"{""kernels.0.base_kernel.kernels.0"": [0.3333409860072115, 0.3333281349812637, 0.3333566980005551, 0.33335840482498846, 0.33333706451814665, 0.3333397970112946, 0.33336607727440376, 0.3333826467858857, 0.3333118861243144, 0.333330583997927, 0.3333206606216152, 0.33336989529930944, 0.3333608313936535, 0.33337014243283974, 0.3333338250048673, 0.3333504185796308, 0.33334616450934, 0.3333627165840776], ""kernels.0.base_kernel.kernels.1.base_kernel"": [0.6931481805599428, 0.6931481805599428, 0.6931481805599428], ""kernels.1.base_kernel.kernels.0"": [0.4635537637535172, 0.2301373235119625, 0.5357282605919576, 0.4254411798547144, 0.34690113173274806, 0.4624211606694252, 0.5610938323586427, 0.6030924765565625, 0.3156052534798251, 0.24690927807103102, 0.15816530777805649, 0.6273110296766222, 0.5290308365387734, 0.5668405127142929, 0.17471076406765956, 0.5247737765891647, 0.48315724348597816, 0.5437070057070529], ""kernels.1.base_kernel.kernels.1"": [0.6931481805599428, 0.6931481805599428, 0.6931481805599428]}","{""kernels.0"": 2.642819761769169e-05, ""kernels.0.base_kernel.kernels.1"": 0.0008032449670338013, ""kernels.1"": 0.5159146617244078}",10,5,30,15,15,archive,0,4
93,99.59903947517816,94.74836538232032,0.4994,global,-5.24818930080265,-20.37226379588706,15.124074495084411,0.84888590087897,1.3784142869536744,global,,,0.027388066462701553,0.01203603538582783,0.01718525568782074,0.0012639808104454428,0.17224352580685923,0.15816845215134762,0.333370021876055,0.6931481805599428,"{""kernels.0.base_kernel.kernels.0"": [0.3333409862881072, 0.333328135313827, 0.33335669910340954, 0.33335840550571866, 0.33333706442687755, 0.33333979850043954, 0.3333660806438018, 0.33338265069567685, 0.333311886197686, 0.333330584030932, 0.3333206603386096, 0.3333699006208128, 0.3333608313407038, 0.33337014313129726, 0.3333338249396189, 0.33335041891542144, 0.3333461642937551, 0.3333627172605458], ""kernels.0.base_kernel.kernels.1.base_kernel"": [0.6931481805599428, 0.6931481805599428, 0.6931481805599428], ""kernels.1.base_kernel.kernels.0"": [0.4635567106484023, 0.2301410813947168, 0.5357310312253303, 0.4254399187029977, 0.3468982321439731, 0.46243518722448923, 0.5610888320440939, 0.603105565365274, 0.3156056327217648, 0.24691007373935966, 0.15816845215134762, 0.6273099737658632, 0.5290321116848942, 0.5668352656635978, 0.1747110118568574, 0.5247736612594605, 0.48315635895421416, 0.5437043183998297], ""kernels.1.base_kernel.kernels.1"": [0.6931481805599428, 0.6931481805599428, 0.6931481805599428]}","{""kernels.0"": 2.6428193276528854e-05, ""kernels.0.base_kernel.kernels.1"": 0.0008032449669547892, ""kernels.1"": 0.5159009042603464}",10,5,30,15,15,archive,2,5
94,97.43141867219333,94.74836538232032,0.5004,local,-4.711169806309908,-6.70991007421591,1.998740267906002,0.062455792510448145,0.21329935855160304,archive,192,0,0.03680488535481079,0.011676672685624046,0.017155522843350014,0.0012572750358799984,0.17179897190112783,0.1587659424287826,0.33337912528040214,0.6931481805599428,"{""kernels.0.base_kernel.kernels.0"": [0.3333418356239389, 0.3333293182253787, 0.33335854348230987, 0.33335995081364594, 0.3333366305354595, 0.3333460120461135, 0.33337363621381527, 0.3333923637388375, 0.33331168654024435, 0.3333303970494665, 0.33331970572548913, 0.333384614346989, 0.3333619447433028, 0.33337226484676363, 0.3333335529599475, 0.3333510933777927, 0.3333457301907952, 0.3333608105763444], ""kernels.0.base_kernel.kernels.1.base_kernel"": [0.6931481805599428, 0.6931481805599428, 0.6931481805599428], ""kernels.1.base_kernel.kernels.0"": [0.4718619035476524, 0.22635654107425948, 0.536671314158307, 0.41711751414239756, 0.3386503622113048, 0.5274104571105078, 0.5507914231420069, 0.63660040785949, 0.3162562603289916, 0.24779975045053976, 0.1587659424287826, 0.6479723695064281, 0.5405944647477131, 0.5711477432979342, 0.17444595165845617, 0.5245315777223569, 0.48289037056795703, 0.49738793534434844], ""kernels.1.base_kernel.kernels.1"": [0.6931481805599428, 0.6931481805599428, 0.6931481805599428]}","{""kernels.0"": 2.6416815142275913e-05, ""kernels.0.base_kernel.kernels.1"": 0.0008032447647986256, ""kernels.1"": 0.5145672541234426}",10,5,30,15,15,archive,1,6
95,116.48770936033377,94.74836538232032,0.4992,local,-5.584367929226236,-45.37964380027472,39.79527587104849,0.33067155054520675,0.8380756821616056,archive,173,23,0.12912842531054888,0.011599334878394867,0.017090536756890606,0.0012444883578825326,0.17062322820450296,0.1589696867628293,0.3333794309137883,0.6931481805599428,"{""kernels.0.base_kernel.kernels.0"": [0.3333418751447155, 0.33332935933297203, 0.3333586027192401, 0.3333599886579613, 0.3333366197997769, 0.3333461560247731, 0.3333738289014538, 0.3333926592795398, 0.33331171115586833, 0.3333303910524847, 0.33331968985915184, 0.3333850329261228, 0.33336200665798116, 0.33337230887162395, 0.33333356257296604, 0.3333510974553344, 0.33334572494187914, 0.3333608111189471], ""kernels.0.base_kernel.kernels.1.base_kernel"": [0.6931481805599428, 0.6931481805599428, 0.6931481805599428], ""kernels.1.base_kernel.kernels.0"": [0.47216030935602493, 0.22646054586087758, 0.5369389259436094, 0.41696816394249187, 0.33857066699574667, 0.5272301842485253, 0.5518005424598383, 0.6374028312719349, 0.3164380626894043, 0.2478941705652468, 0.1589696867628293, 0.648896746249683, 0.5408493923661845, 0.5713004894532435, 0.17467996782585662, 0.5244250493428668, 0.4829512903724264, 0.49790433173204623], ""kernels.1.base_kernel.kernels.1"": [0.6931481805599428, 0.6931481805599428, 0.6931481805599428]}","{""kernels.0"": 2.6416361378459908e-05, ""kernels.0.base_kernel.kernels.1"": 0.0008032447573655732, ""kernels.1"": 0.5110400234947649}",10,5,30,15,15,archive,2,7
96,95.20470910329409,94.74836538232032,0.5002,local,-5.543570285958358,-31.70003393420702,26.15646364824866,0.1225392366911939,0.336162591481008,archive,184,20,0.02628318515564578,0.011470312358097937,0.01705997312733942,0.001241505556167134,0.17062286091931755,0.1589696596562008,0.3333794311606387,0.6931481805599428,"{""kernels.0.base_kernel.kernels.0"": [0.33334187516736075, 0.33332935935337804, 0.33335860275852014, 0.3333599886802468, 0.33333661978934637, 0.3333461561464499, 0.3333738290304065, 0.33339265951309627, 0.3333117111599192, 0.33333039104975065, 0.3333196898375639, 0.3333850332908708, 0.3333620067400106, 0.3333723089118332, 0.3333335625865145, 0.333351097458827, 0.3333457249461094, 0.33336081110416665], ""kernels.0.base_kernel.kernels.1.base_kernel"": [0.6931481805599428, 0.6931481805599428, 0.6931481805599428], ""kernels.1.base_kernel.kernels.0"": [0.4721604350950001, 0.2264604120221301, 0.5369390352496352, 0.4169678819694201, 0.33857053161069256, 0.5272303278631503, 0.5518010445210676, 0.6374034476028484, 0.31643804686918975, 0.2478942471303741, 0.1589696596562008, 0.6488981238016861, 0.5408499885154412, 0.5713005913114444, 0.17468025735327156, 0.5244249488470827, 0.4829514077923123, 0.4979044136678977], ""kernels.1.base_kernel.kernels.1"": [0.6931481805599428, 0.6931481805599428, 0.6931481805599428]}","{""kernels.0"": 2.6416361052850892e-05, ""kernels.0.base_kernel.kernels.1"": 0.0008032447573602417, ""kernels.1"": 0.5110389216395396}",10,5,30,15,15,archive,1,8
97,95.54657695433916,94.74836538232032,0.5028,local,-5.2660237176770055,-58.11322342047787,52.847199702800864,0.19055890472641,0.5847816230126573,archive,162,37,0.040914122194970946,0.011278559439027568,0.016876989485392485,0.001210320681699189,0.16881711457581527,0.15905245393498432,0.3333800064681308,0.6931481805599428,"{""kernels.0.base_kernel.kernels.0"": [0.3333419242740618, 0.33332942767886575, 0.3333586660116065, 0.3333600185948872, 0.33333660044578745, 0.3333464606730747, 0.33337413634167, 0.33339304937578895, 0.33331173801002445, 0.3333304092534727, 0.3333196579689561, 0.3333858765945917, 0.3333621519236959, 0.33337239984017386, 0.33333359229080667, 0.33335111290047764, 0.3333457337443069, 0.33336079178906264], ""kernels.0.base_kernel.kernels.1.base_kernel"": [0.6931481805599428, 0.6931481805599428, 0.6931481805599428], ""kernels.1.base_kernel.kernels.0"": [0.47247434542259964, 0.22667055301564115, 0.5369628281536007, 0.4159779535983534, 0.33833073373213396, 0.5288463015015383, 0.5539131281624092, 0.6382046517471014, 0.3166962036556394, 0.24826991085785935, 0.15905245393498432, 0.6536642227426527, 0.5419499863663295, 0.5716020564633039, 0.17524013889257903, 0.5243278823197794, 0.48320451206199966, 0.4978494637693862], ""kernels.1.base_kernel.kernels.1"": [0.6931481805599428, 0.6931481805599428, 0.6931481805599428]}","{""kernels.0"": 2.6415757149849067e-05, ""kernels.0.base_kernel.kernels.1"": 0.0008032447479416029, ""kernels.1"": 0.5056216832223543}",10,5,30,15,15,archive,2,9
98,96.17709803892254,94.74836538232032,0.4998,local,-5.390563398105991,-59.45553989011522,54.06497649200923,0.18103803065457535,0.5765415504825664,archive,162,38,0.03275995655738366,0.011057059537921436,0.016582186505997656,0.0011610498957980513,0.16874791962096394,0.15699313220816358,0.33337661517090234,0.6991284655961669,"{""kernels.0.base_kernel.kernels.0"": [0.33335015202917, 0.33333062021156784, 0.3333598900975782, 0.3333609130617227, 0.333335979874852, 0.3333508833139578, 0.33337888889864203, 0.3334017617157732, 0.3333117510793011, 0.33333045742701767, 0.333318713153989, 0.3334010457363587, 0.33336395430508114, 0.3333743414431626, 0.3333338076466309, 0.3333514841352326, 0.3333457442497541, 0.33335909890387405], ""kernels.0.base_kernel.kernels.1.base_kernel"": [0.6931481805599428, 0.6931481805599428, 0.6931481805599428], ""kernels.1.base_kernel.kernels.0"": [0.5616420805462754, 0.2238324860832684, 0.535643391901341, 0.4074261514617352, 0.32837545341757746, 0.5422763950845242, 0.5616442493852125, 0.6628226788532213, 0.32043617992384243, 0.24624850951615213, 0.15699313220816358, 0.6991284655961669, 0.5463330961632834, 0.5744945102598152, 0.1750181854488496, 0.5229438603017585, 0.4851376431781472, 0.47796783936103543], ""kernels.1.base_kernel.kernels.1"": [0.6931481805599428, 0.6931481805599428, 0.6931481805599428]}","{""kernels.0"": 2.6403788142050285e-05, ""kernels.0.base_kernel.kernels.1"": 0.0008032445613369953, ""kernels.1"": 0.5054141105134128}",10,5,30,15,15,archive,0,10
99,94.84903238644203,94.74836538232032,0.4984,local,-5.370838540865272,-33.70834261272704,28.337504071861765,0.1051910632575914,0.31477228505206867,archive,184,23,0.018016533005046926,0.010920073301578048,0.016395067518108587,0.0011307354812556758,0.16777699710067454,0.15741911936163872,0.33337727721877203,0.6935571483454556,"{""kernels.0.base_kernel.kernels.0"": [0.33335329156995414, 0.3333309384407036, 0.3333604875306795, 0.33336108951073806, 0.3333358148565775, 0.3333520461026937, 0.3333798903690118, 0.3334051036241928, 0.3333115685610198, 0.33333045195391847, 0.33331846136964194, 0.33340620144487004, 0.333367667552217, 0.3333746640685323, 0.3333338509200055, 0.33335147730808157, 0.33334646613017527, 0.3333581887667372], ""kernels.0.base_kernel.kernels.1.base_kernel"": [0.6931481805599428, 0.6931481805599428, 0.6931481805599428], ""kernels.1.base_kernel.kernels.0"": [0.5636152709153552, 0.22182456062612452, 0.5380303785685754, 0.40309929105128833, 0.32572798025061567, 0.5442003263837434, 0.5569258329916115, 0.6639230149824141, 0.31958456085153075, 0.24652301891704081, 0.15741911936163872, 0.6935571483454556, 0.5734946557102708, 0.5751287816908487, 0.17622106783887578, 0.5227608836577351, 0.4914868368411893, 0.47283288288455405], ""kernels.1.base_kernel.kernels.1"": [0.6931481805599428, 0.6931481805599428, 0.6931481805599428]}","{""kernels.0"": 2.639768874753304e-05, ""kernels.0.base_kernel.kernels.1"": 0.0008032444720179926, ""kernels.1"": 0.5025013491412581}",10,5,30,15,15,archive,3,11
100,95.19264317328029,94.74836538232032,0.499,local,-5.381688141426927,-6.607240755569164,1.225552614142237,0.03312369029728212,0.10562877241860219,archive,192,0,0.01268717352053017,0.010599785554115192,0.016102813674295554,0.0010848629875056532,0.16776790152102872,0.15742108134212013,0.33337727789803756,0.6935627865698545,"{""kernels.0.base_kernel.kernels.0"": [0.33335329398221514, 0.3333309389158859, 0.3333604880945811, 0.3333610901895811, 0.333335814693043, 0.33335204740774543, 0.3333798915033312, 0.3334051073138106, 0.3333115686339069, 0.3333304520921226, 0.3333184612624279, 0.33340620614875416, 0.3333676706085719, 0.3333746642927439, 0.33333385096025075, 0.333351477277779, 0.33334646670872964, 0.3333581881640997], ""kernels.0.base_kernel.kernels.1.base_kernel"": [0.6931481805599428, 0.6931481805599428, 0.6931481805599428], ""kernels.1.base_kernel.kernels.0"": [0.5636165636684074, 0.2218255298065343, 0.5380330461890774, 0.40310586222686284, 0.32572581787012356, 0.5442035062979046, 0.5569302758886095, 0.663934567018296, 0.3195863584874338, 0.24652652239655115, 0.15742108134212013, 0.6935627865698545, 0.5734997413594846, 0.5751293426038298, 0.17622104477858763, 0.52276075595516, 0.49148921296544196, 0.4728310901815937], ""kernels.1.base_kernel.kernels.1"": [0.6931481805599428, 0.6931481805599428, 0.6931481805599428]}","{""kernels.0"": 2.639768268141017e-05, ""kernels.0.base_kernel.kernels.1"": 0.0008032444719329509, ""kernels.1"": 0.5024740624084718}",10,5,30,15,15,archive,1,12
101,98.01037290484314,94.74836538232032,0.5002,local,-5.46528787828214,-72.38584143605199,66.92055355776985,0.19374653602721922,0.6335926242976928,archive,132,37,0.014627300017853935,0.010150303042614174,0.015802128249929912,0.0010400466635153934,0.1664711692806001,0.15760370189938666,0.3333773325410221,0.6946978477245204,"{""kernels.0.base_kernel.kernels.0"": [0.33335351811836533, 0.33333097556390945, 0.3333605541754817, 0.3333611618264861, 0.3333357929823205, 0.3333522319158788, 0.3333800020138479, 0.3334055072830555, 0.333311576957766, 0.3333304661499158, 0.33331845218658823, 0.3334067190830318, 0.33336796982090805, 0.33337466306819635, 0.3333338568176068, 0.3333514711325199, 0.333346526701327, 0.3333581258322573], ""kernels.0.base_kernel.kernels.1.base_kernel"": [0.6931481805599428, 0.6931481805599428, 0.6931481805599428], ""kernels.1.base_kernel.kernels.0"": [0.5639029147233654, 0.22180672664508355, 0.5384559922343124, 0.4038162561384679, 0.3254168627349528, 0.5452476868932506, 0.5571688855510755, 0.6653118327159987, 0.31978848915696323, 0.24681402325632074, 0.15760370189938666, 0.6946978477245204, 0.5742135657545093, 0.5749638131372629, 0.17631120120845595, 0.5227153989564508, 0.491810224024674, 0.47254236661277244], ""kernels.1.base_kernel.kernels.1"": [0.6931481805599428, 0.6931481805599428, 0.6931481805599428]}","{""kernels.0"": 2.6397128872976958e-05, ""kernels.0.base_kernel.kernels.1"": 0.0008032444644347524, ""kernels.1"": 0.4985838662484926}",10,5,30,15,15,archive,4,13
102,98.17873716669278,94.74836538232032,0.5002,global,-5.054428005246261,-13.33686139514375,8.282433389897488,1.4228195736489124,1.3797899061670953,global,,,0.04487624733635103,0.010091118209468555,0.01617667891978394,0.0010916249141753392,0.16647116887513433,0.15760369804264476,0.3333773325426497,0.6946978533851593,"{""kernels.0.base_kernel.kernels.0"": [0.33335351812531216, 0.3333309755645061, 0.33336055417644866, 0.3333611618299397, 0.3333357929818651, 0.3333522319109077, 0.3333800020171461, 0.3334055072882788, 0.33331157695741703, 0.3333304661499588, 0.3333184521862204, 0.3334067190917521, 0.33336796982734457, 0.33337466306815317, 0.33333385681764927, 0.3333514711323197, 0.33334652670238657, 0.3333581258326759], ""kernels.0.base_kernel.kernels.1.base_kernel"": [0.6931481805599428, 0.6931481805599428, 0.6931481805599428], ""kernels.1.base_kernel.kernels.0"": [0.5639029491310721, 0.22180672416560152, 0.5384559949515147, 0.4038163001000962, 0.32541685545128335, 0.545247589880655, 0.5571689019622035, 0.6653118412834388, 0.31978849769126994, 0.24681401928095456, 0.15760369804264476, 0.6946978533851593, 0.5742135834513586, 0.5749638085802926, 0.17631120117660504, 0.5227153964601496, 0.4918102293995492, 0.4725423776886187], ""kernels.1.base_kernel.kernels.1"": [0.6931481805599428, 0.6931481805599428, 0.6931481805599428]}","{""kernels.0"": 2.639712886189111e-05, ""kernels.0.base_kernel.kernels.1"": 0.0008032444644345927, ""kernels.1"": 0.49858386503210655}",10,5,30,15,15,archive,2,14
103,94.49036032165316,94.49036032165316,0.4998,local,-5.144930191893068,-40.978993505597444,35.83406331370438,0.12613312317112707,0.3831348013547889,archive,185,32,0.018905148755504312,0.010094468868105631,0.016103630495789587,0.0010812798139000744,0.16609151607832676,0.15713572622210803,0.3333792314780354,0.7024401140673054,"{""kernels.0.base_kernel.kernels.0"": [0.3333593463852153, 0.3333313918638967, 0.3333617977304375, 0.33336300596249224, 0.33333554553145045, 0.333349208384413, 0.3333826801858917, 0.33340971925137036, 0.33331100160261773, 0.33333057409252553, 0.3333182929564274, 0.3334149485828091, 0.3333736931364463, 0.33337578277017904, 0.3333339389297959, 0.33335586135381884, 0.3333474095845075, 0.3333592653322379], ""kernels.0.base_kernel.kernels.1.base_kernel"": [0.6931481805599428, 0.6931481805599428, 0.6931481805599428], ""kernels.1.base_kernel.kernels.0"": [0.5867233413779219, 0.2205259753993733, 0.5433020656778282, 0.41463790811672147, 0.3203563653341424, 0.49222827978323597, 0.5618276785661104, 0.6606040329303754, 0.3247583310501067, 0.24719190099172852, 0.15713572622210803, 0.7024401140673054, 0.5863244426293868, 0.5806838106740242, 0.17712325344586996, 0.5665291948979072, 0.49496602796558964, 0.48945914918455957], ""kernels.1.base_kernel.kernels.1"": [0.6931481805599428, 0.6931481805599428, 0.6931481805599428]}","{""kernels.0"": 2.638647349264166e-05, ""kernels.0.base_kernel.kernels.1"": 0.0008032443164722726, ""kernels.1"": 0.4974449174450154}",10,5,30,15,15,archive,1,0
104,95.48619366257003,94.49036032165316,0.4996,local,-5.436903234005544,-43.675906054714126,38.239002820708585,0.12795335287799445,0.4026152383387431,archive,185,33,0.024026486217120877,0.012355331872188118,0.015803994706612152,0.0010360701295300408,0.16608387052733245,0.15713619133315013,0.3333792322492203,0.70244274271284,"{""kernels.0.base_kernel.kernels.0"": [0.3333593486158952, 0.33333139212568696, 0.3333617984025643, 0.33336300701565696, 0.33333554555849115, 0.33334920827752224, 0.33338268149648026, 0.3334097214436269, 0.33331100129511937, 0.333330574192722, 0.33331829307065136, 0.33341495208069577, 0.3333736955941909, 0.3333757830019603, 0.33333393900682196, 0.3333558633523268, 0.3333474099388538, 0.3333592660785113], ""kernels.0.base_kernel.kernels.1.base_kernel"": [0.6931481805599428, 0.6931481805599428, 0.6931481805599428], ""kernels.1.base_kernel.kernels.0"": [0.586723025191272, 0.22052767951932498, 0.5433040598326182, 0.41464447972788215, 0.3203559504410138, 0.4922296902491924, 0.5618302156670946, 0.660609013216857, 0.32475969092708756, 0.24719140776866408, 0.15713619133315013, 0.70244274271284, 0.5863268539099926, 0.5806787743634743, 0.17712558385764446, 0.5665322192903913, 0.4949677625159521, 0.48946276730961125], ""kernels.1.base_kernel.kernels.1"": [0.6931481805599428, 0.6931481805599428, 0.6931481805599428]}","{""kernels.0"": 2.638646699636276e-05, ""kernels.0.base_kernel.kernels.1"": 0.0008032443163860514, ""kernels.1"": 0.4974219807986149}",10,5,30,15,15,archive,3,1
105,95.35240404838993,94.49036032165316,0.4986,local,-5.483077426459229,-5.632340831038001,0.14926340457877263,0.018923275428022062,0.08075872509624381,archive,207,0,0.018673743600597592,0.01150356364600692,0.015616358974844495,0.001008512802819691,0.16471048675096003,0.15722816899804012,0.3333794083507925,0.7036983121092079,"{""kernels.0.base_kernel.kernels.0"": [0.3333595581888981, 0.33333140611111245, 0.3333618692030047, 0.333363122004243, 0.3333355403101326, 0.3333492073766342, 0.3333830455885834, 0.3334099835172621, 0.33331100165263383, 0.3333305827618203, 0.33331830952437963, 0.3334154291724942, 0.333373941757376, 0.33337577111300154, 0.33333395023806117, 0.3333560446659855, 0.3333474479673888, 0.33335930539980246], ""kernels.0.base_kernel.kernels.1.base_kernel"": [0.6931481805599428, 0.6931481805599428, 0.6931481805599428], ""kernels.1.base_kernel.kernels.0"": [0.5867711509648024, 0.2204634030669466, 0.5435687439663321, 0.4154648738820136, 0.3201862474609644, 0.4924238289845604, 0.5643166446043844, 0.6613332058462421, 0.3253701851551464, 0.24707137400161425, 0.15722816899804012, 0.7036983121092079, 0.5867581377178884, 0.5798794167178395, 0.1774224412441387, 0.5667497218608403, 0.4952268555247744, 0.4894333980607521], ""kernels.1.base_kernel.kernels.1"": [0.6931481805599428, 0.6931481805599428, 0.6931481805599428]}","{""kernels.0"": 2.6385834702452518e-05, ""kernels.0.base_kernel.kernels.1"": 0.000803244308350585, ""kernels.1"": 0.49330183010982703}",10,5,30,15,15,archive,3,2
106,100.53949441848279,94.49036032165316,0.4972,local,-5.394285607035951,-54.71214141774317,49.317855810707215,0.17966066732640565,0.5134162408492928,archive,173,33,0.020494734158823535,0.0106389678042966,0.015384817351002921,0.0009747883518184705,0.1647076051006469,0.157227393020196,0.33337940998018556,0.7037114120278962,"{""kernels.0.base_kernel.kernels.0"": [0.3333595599551042, 0.3333314061371817, 0.3333618698718867, 0.33336312295798737, 0.33333554020881717, 0.33334920751669417, 0.3333830489234392, 0.3334099866834941, 0.33331100149792553, 0.33333058291514706, 0.3333183095543256, 0.33341543389803996, 0.3333739438956297, 0.3333757710369319, 0.3333339502997658, 0.33335604618245224, 0.3333474482638838, 0.3333593057549236], ""kernels.0.base_kernel.kernels.1.base_kernel"": [0.6931481805599428, 0.6931481805599428, 0.6931481805599428], ""kernels.1.base_kernel.kernels.0"": [0.5867714073413323, 0.2204609395350674, 0.5435708921302268, 0.4154686320908386, 0.32018334535042986, 0.49242724890388395, 0.5643356448324806, 0.6613428010746524, 0.32537383025421646, 0.2470707328030403, 0.157227393020196, 0.7037114120278962, 0.586761167169027, 0.579872443970379, 0.17742398049298036, 0.5667508316629631, 0.4952284037707374, 0.48943194847693355], ""kernels.1.base_kernel.kernels.1"": [0.6931481805599428, 0.6931481805599428, 0.6931481805599428]}","{""kernels.0"": 2.638582928251559e-05, ""kernels.0.base_kernel.kernels.1"": 0.0008032443082810333, ""kernels.1"": 0.49329318516437715}",10,5,30,15,15,archive,3,3
107,94.96046012654553,94.49036032165316,0.4992,local,-4.708424711522205,-24.654393183919215,19.94596847239701,0.10252674773937073,0.3205994349077565,archive,190,23,0.021682982059378488,0.010480444383747048,0.01630808873268182,0.0011035286901745352,0.16470760477280977,0.15722738865389235,0.3333794099819903,0.7037114404027326,"{""kernels.0.base_kernel.kernels.0"": [0.33335955995976035, 0.33333140613633333, 0.3333618698743896, 0.33336312296062537, 0.333335540208741, 0.33334920752116365, 0.333383048930389, 0.33340998668918026, 0.3333110014977196, 0.3333305829158173, 0.3333183095537767, 0.33341543390726053, 0.33337394389985503, 0.33337577103359156, 0.33333395029994445, 0.3333560461859948, 0.33334744826477886, 0.3333593057564552], ""kernels.0.base_kernel.kernels.1.base_kernel"": [0.6931481805599428, 0.6931481805599428, 0.6931481805599428], ""kernels.1.base_kernel.kernels.0"": [0.586771421841169, 0.2204609049092699, 0.5435709142730094, 0.41546864435993036, 0.3201833418182602, 0.49242731154010666, 0.5643357008803994, 0.6613427988222396, 0.32537384943670433, 0.24707074605859297, 0.15722738865389235, 0.7037114404027326, 0.5867611604225214, 0.5798724089810673, 0.17742397580351676, 0.5667508460312752, 0.4952284036592185, 0.489431949790534], ""kernels.1.base_kernel.kernels.1"": [0.6931481805599428, 0.6931481805599428, 0.6931481805599428]}","{""kernels.0"": 2.638582927138935e-05, ""kernels.0.base_kernel.kernels.1"": 0.0008032443082808928, ""kernels.1"": 0.49329318418087703}",10,5,30,15,15,archive,0,4
108,93.22605121629397,93.22605121629397,0.5008,local,-5.288006810898235,-25.30125928147386,20.013252470575626,0.0962982656318435,0.28616797479759765,archive,190,24,0.011423902985978103,0.010004564725362614,0.016059701683192745,0.0010654544327513254,0.1645695127927779,0.15592309302036447,0.3334058336946454,0.7234500075385302,"{""kernels.0.base_kernel.kernels.0"": [0.3333658554932353, 0.33333252071355685, 0.33336596897174087, 0.33336594866435976, 0.3333356906684142, 0.33335399145143174, 0.3333933919600484, 0.3334182754292423, 0.3333110767656952, 0.33333077133487427, 0.33331751105887825, 0.33342975830908544, 0.3333798576037893, 0.3333740261326351, 0.3333343811188848, 0.3333610765396456, 0.3333484480051017, 0.3333610051764044], ""kernels.0.base_kernel.kernels.1.base_kernel"": [0.6931481805599428, 0.6931481805599428, 0.6931481805599428], ""kernels.1.base_kernel.kernels.0"": [0.6015030287700662, 0.20669097108563442, 0.5639191580956274, 0.4173423098750194, 0.32110419070981666, 0.5361789255863363, 0.5954339159747599, 0.6716051628781788, 0.3500068095833641, 0.2515524296445544, 0.15592309302036447, 0.7234500075385302, 0.5860916701807795, 0.5682731838137024, 0.17571621202775978, 0.5800494461788522, 0.49610608496453057, 0.48290109195345116], ""kernels.1.base_kernel.kernels.1"": [0.6931481805599428, 0.6931481805599428, 0.6931481805599428]}","{""kernels.0"": 2.6367077146667743e-05, ""kernels.0.base_kernel.kernels.1"": 0.0008032440751629365, ""kernels.1"": 0.4928789272260241}",10,5,30,15,15,archive,1,0
109,96.00477410024736,93.22605121629397,0.5002,local,-5.9816813623209475,-63.25765921791277,57.27597785559182,0.21551625968452595,0.6065211243672269,archive,173,36,0.03966144661612756,0.009312793897353702,0.015795143968021196,0.0010257490176650505,0.16456631904949529,0.15592268271818316,0.3334058352188275,0.7234473319335086,"{""kernels.0.base_kernel.kernels.0"": [0.3333658569179271, 0.3333325210886893, 0.33336596977158706, 0.3333659491359405, 0.3333356907157054, 0.33335399196982124, 0.3333933940417011, 0.33341827639595395, 0.33331107670727383, 0.33333077138820155, 0.33331751097346346, 0.33342976072247144, 0.33337985869586656, 0.333374025729146, 0.33333438128123055, 0.3333610773714612, 0.333348448189295, 0.3333610053493512], ""kernels.0.base_kernel.kernels.1.base_kernel"": [0.6931481805599428, 0.6931481805599428, 0.6931481805599428], ""kernels.1.base_kernel.kernels.0"": [0.6015054169447039, 0.2066892809705741, 0.5639182761226552, 0.41734252784310677, 0.32110527609060474, 0.5361774215695089, 0.5954366384976726, 0.6715959062831686, 0.3500102655944006, 0.25155425809847365, 0.15592268271818316, 0.7234473319335086, 0.5860927182294324, 0.5682738835013205, 0.17571712217178204, 0.5800491175492813, 0.4961069335037129, 0.4829032421686528], ""kernels.1.base_kernel.kernels.1"": [0.6931481805599428, 0.6931481805599428, 0.6931481805599428]}","{""kernels.0"": 2.636707099061331e-05, ""kernels.0.base_kernel.kernels.1"": 0.0008032440750868232, ""kernels.1"": 0.4928693460024084}",10,5,30,15,15,archive,3,1
110,99.26240751353765,93.22605121629397,0.4996,global,-6.13765298992108,-10.251267402910136,4.1136144129890555,0.9476279537282402,1.352657219455418,global,,,0.03067393789651126,0.008830616202553166,0.01564508782952702,0.0010035376794120387,0.16402017816076428,0.15378886499506178,0.3334092584013356,0.7213147407600519,"{""kernels.0.base_kernel.kernels.0"": [0.3333682825938926, 0.33333321860682374, 0.33336721617319937, 0.33336698550955435, 0.333335657937282, 0.3333545668278321, 0.33339967749502236, 0.3334188393076489, 0.3333119514245739, 0.3333308617611793, 0.33331736580648796, 0.3334345614855209, 0.33338161666935606, 0.333372824015703, 0.33333464558215575, 0.3333623006735413, 0.3333488494502223, 0.3333610304823854], ""kernels.0.base_kernel.kernels.1.base_kernel"": [0.6931481805599428, 0.6931481805599428, 0.6931481805599428], ""kernels.1.base_kernel.kernels.0"": [0.6054665271812433, 0.20146192426838888, 0.5600767796057547, 0.421778338391833, 0.32086040848462527, 0.5317672345813605, 0.6126253799988011, 0.6492953938496541, 0.3735975934084299, 0.25577038214449177, 0.15378886499506178, 0.7213147407600519, 0.5860195429855534, 0.5618917828097327, 0.1764516369615784, 0.577978145339665, 0.498040043588157, 0.4829957317951249], ""kernels.1.base_kernel.kernels.1"": [0.6931481805599428, 0.6931481805599428, 0.6931481805599428]}","{""kernels.0"": 2.635572261979569e-05, ""kernels.0.base_kernel.kernels.1"": 0.0008032439339877564, ""kernels.1"": 0.4912309348256853}",10,5,30,15,15,archive,3,2
111,94.23525589975802,93.22605121629397,0.5008,global,-5.796802430333456,-9.137224907408834,3.3404224770753776,1.1039873542653704,1.3485462587452015,global,,,0.028561243066757093,0.008699418925263509,0.01560236839697294,0.000996889953578642,0.1640196346151729,0.15378959090962915,0.3334092588092631,0.7213068530061423,"{""kernels.0.base_kernel.kernels.0"": [0.33336828282175274, 0.3333332186834133, 0.33336721621984555, 0.333366985480811, 0.33333565795053377, 0.3333545667487056, 0.33339967820002087, 0.33341883941850525, 0.33331195147541515, 0.33333086172153814, 0.33331736583327837, 0.3334345612490323, 0.33338161673127026, 0.3333728239592762, 0.333334645570696, 0.3333623007172511, 0.3333488494701818, 0.3333610304690984], ""kernels.0.base_kernel.kernels.1.base_kernel"": [0.6931481805599428, 0.6931481805599428, 0.6931481805599428], ""kernels.1.base_kernel.kernels.0"": [0.6054669776750133, 0.20146219361407663, 0.5600761391447886, 0.421777990607486, 0.32086059444211923, 0.531766566469595, 0.6126270667434819, 0.6492962604955059, 0.373595195219094, 0.25577116086394147, 0.15378959090962915, 0.7213068530061423, 0.5860195508653577, 0.5618922183315371, 0.1764516659758279, 0.5779780341122347, 0.49804014634877586, 0.48299713785099074], ""kernels.1.base_kernel.kernels.1"": [0.6931481805599428, 0.6931481805599428, 0.6931481805599428]}","{""kernels.0"": 2.6355721491207372e-05, ""kernels.0.base_kernel.kernels.1"": 0.0008032439339732704, ""kernels.1"": 0.49122930419005423}",10,5,30,15,15,archive,4,3
112,96.88526106014041,93.22605121629397,0.4992,local,-5.831181175939929,-102.38018792542628,96.54900674948635,0.21444297900269643,0.69770266053422,archive,128,44,0.021133172860061965,0.008591841306811876,0.015465091319374737,0.0009770491626871576,0.1627385102420021,0.15477715831546654,0.3334096672190099,0.7182530695604364,"{""kernels.0.base_kernel.kernels.0"": [0.3333684559443272, 0.33333327341942953, 0.3333673309818639, 0.3333669934213263, 0.33333566776980467, 0.33335444550987403, 0.3334003350835188, 0.3334189993545009, 0.3333120059277448, 0.3333308575915433, 0.333317404746097, 0.3334347009465206, 0.33338168882516245, 0.3333727653605056, 0.3333346309657073, 0.33336233043341307, 0.33334888113025474, 0.3333610318827068], ""kernels.0.base_kernel.kernels.1.base_kernel"": [0.6931481805599428, 0.6931481805599428, 0.6931481805599428], ""kernels.1.base_kernel.kernels.0"": [0.6058572644898986, 0.2014155672576301, 0.5604560420537162, 0.42171360574310146, 0.32101734888283945, 0.5305729046007859, 0.6150386709925637, 0.6506392175038264, 0.3717971503459052, 0.25668029779016954, 0.15477715831546654, 0.7182530695604364, 0.5860911773770802, 0.5620094217550887, 0.17641598395093466, 0.5778787346896536, 0.49818416995218495, 0.48403669664579413], ""kernels.1.base_kernel.kernels.1"": [0.6931481805599428, 0.6931481805599428, 0.6931481805599428]}","{""kernels.0"": 2.635484789178478e-05, ""kernels.0.base_kernel.kernels.1"": 0.0008032439232489138, ""kernels.1"": 0.48738593195486557}",10,5,30,15,15,archive,5,4
113,94.36778161187726,93.22605121629397,0.503,local,-5.559836631056854,-53.163549990924075,47.60371335986722,0.14384706469626604,0.42447438139846355,archive,185,42,0.024134315238980693,0.008519055053878996,0.015488231604919245,0.0009790224092508912,0.16273851388652552,0.1547771621318399,0.3334096672218494,0.7182530572791043,"{""kernels.0.base_kernel.kernels.0"": [0.33336845594541564, 0.333333273419955, 0.3333673309825148, 0.33336699342203885, 0.33333566776981116, 0.33335444550966203, 0.3334003350881537, 0.3334189993555451, 0.3333120059276692, 0.3333308575910641, 0.3333174047462051, 0.3334347009486659, 0.3333816888246733, 0.33337276536011573, 0.333334630965425, 0.3333623304337149, 0.3333488811301332, 0.33336103188322797], ""kernels.0.base_kernel.kernels.1.base_kernel"": [0.6931481805599428, 0.6931481805599428, 0.6931481805599428], ""kernels.1.base_kernel.kernels.0"": [0.6058572663565993, 0.20141556867176888, 0.560456042466892, 0.42171360951764175, 0.3210173488248753, 0.5305728988285509, 0.6150386960931612, 0.6506392215255671, 0.371797131347173, 0.2566802981582883, 0.1547771621318399, 0.7182530572791043, 0.5860911717972267, 0.5620094211001083, 0.17641597990920796, 0.5778787341703281, 0.49818416877928423, 0.4840367037202137], ""kernels.1.base_kernel.kernels.1"": [0.6931481805599428, 0.6931481805599428, 0.6931481805599428]}","{""kernels.0"": 2.6354847885878274e-05, ""kernels.0.base_kernel.kernels.1"": 0.0008032439232488395, ""kernels.1"": 0.48738594288844184}",10,5,30,15,15,archive,2,5
114,108.19191363105816,93.22605121629397,0.4986,local,-5.869414859860429,-66.46718313262512,60.5977682727647,0.20173317107359218,0.5647157276196435,archive,173,41,0.04632521144400522,0.008452497588687243,0.015338761574855305,0.0009576246168984645,0.16323426784188674,0.1583172961943124,0.3334153316805436,0.7071948458614217,"{""kernels.0.base_kernel.kernels.0"": [0.3333697804532758, 0.33333390820385633, 0.3333682722083965, 0.333367804484618, 0.33333566548497934, 0.33335455803968805, 0.3334069644489659, 0.33342369891212126, 0.33331198725605476, 0.33333021520392314, 0.3333174182588773, 0.333437482667822, 0.33338143135474557, 0.333372247356747, 0.333334377624726, 0.3333627430400342, 0.3333487907287626, 0.333362175057505], ""kernels.0.base_kernel.kernels.1.base_kernel"": [0.6931481805599428, 0.6931481805599428, 0.6931481805599428], ""kernels.1.base_kernel.kernels.0"": [0.6083442951637481, 0.203154950795128, 0.5623625392691405, 0.4232363868788861, 0.32082068354808013, 0.5270306576289697, 0.6487314532746619, 0.6748063854433207, 0.3511320562676563, 0.25694014701382695, 0.1583172961943124, 0.7071948458614217, 0.5828649910087285, 0.5611569846771175, 0.17334137189136722, 0.5776680439585753, 0.4973807325166913, 0.4955385087672507], ""kernels.1.base_kernel.kernels.1"": [0.6931481805599428, 0.6931481805599428, 0.6931481805599428]}","{""kernels.0"": 2.6346982101590504e-05, ""kernels.0.base_kernel.kernels.1"": 0.0008032438293943682, ""kernels.1"": 0.4888732127141643}",10,5,30,15,15,archive,1,6
115,93.73461356918867,93.22605121629397,0.5036,local,-5.886371683159156,-118.48064443192855,112.5942727487694,0.19895275736493154,0.6307991197157374,archive,150,39,0.017952309044186175,0.008453294970504418,0.01546131896596733,0.000974160568658191,0.16485954239320302,0.15704473629006793,0.333419332029499,0.7338807240106572,"{""kernels.0.base_kernel.kernels.0"": [0.3333708868020328, 0.33333422429568915, 0.33336897293385476, 0.33336847309255246, 0.3333357281055021, 0.33335517065285336, 0.33341184890206804, 0.33342681515693, 0.3333128550540618, 0.33333010997350426, 0.3333171621402174, 0.3334414593227856, 0.33337809233778903, 0.3333721966128572, 0.3333346699389164, 0.3333632098748325, 0.3333397555675934, 0.33336306010752337], ""kernels.0.base_kernel.kernels.1.base_kernel"": [0.6931481805599428, 0.6931481805599428, 0.6931481805599428], ""kernels.1.base_kernel.kernels.0"": [0.6130954109448543, 0.20412612695086924, 0.5697159197749172, 0.42967535851585986, 0.3229056105104733, 0.5359984120700032, 0.6696677152605089, 0.6881722102467441, 0.35596540992844944, 0.2615986570709079, 0.15704473629006793, 0.7338807240106572, 0.5578108096675526, 0.5669980185344426, 0.18123852445707514, 0.5815774583387364, 0.36456018042156507, 0.5028412651135339], ""kernels.1.base_kernel.kernels.1"": [0.6931481805599428, 0.6931481805599428, 0.6931481805599428]}","{""kernels.0"": 2.634192346874087e-05, ""kernels.0.base_kernel.kernels.1"": 0.0008032437690592822, ""kernels.1"": 0.4937490414870811}",10,5,30,15,15,archive,4,7
116,94.26781177855656,93.22605121629397,0.501,local,-5.941783657375816,-54.61611276627684,48.67432910890103,0.11569131611600417,0.37111813621038275,archive,185,44,0.01364545324877875,0.008364871254537928,0.01524414330724684,0.0009437274969617507,0.16485455517277106,0.15704664897447768,0.33341933646459965,0.7338751888947049,"{""kernels.0.base_kernel.kernels.0"": [0.3333708874861765, 0.3333342244932291, 0.3333689735133852, 0.3333684728642504, 0.3333357280844173, 0.33335517090569733, 0.33341185503705506, 0.33342681789214423, 0.333312855568676, 0.33333010922136036, 0.3333171620546023, 0.33344146238814776, 0.33337809241831945, 0.3333721967076063, 0.3333346699492575, 0.3333632103525537, 0.3333397547412943, 0.33336306054281917], ""kernels.0.base_kernel.kernels.1.base_kernel"": [0.6931481805599428, 0.6931481805599428, 0.6931481805599428], ""kernels.1.base_kernel.kernels.0"": [0.6130957159754482, 0.20412512307858696, 0.5697159721201996, 0.429665422926731, 0.32290311348381034, 0.5359987718630705, 0.669685561086893, 0.688174377253387, 0.3559606714382223, 0.26158905464274507, 0.15704664897447768, 0.7338751888947049, 0.5578328627449313, 0.5669956026039418, 0.18123948396005118, 0.581580065042421, 0.36455719005233594, 0.5028354292975139], ""kernels.1.base_kernel.kernels.1"": [0.6931481805599428, 0.6931481805599428, 0.6931481805599428]}","{""kernels.0"": 2.6341917698737372e-05, ""kernels.0.base_kernel.kernels.1"": 0.0008032437689973027, ""kernels.1"": 0.4937340798316171}",10,5,30,15,15,archive,2,8
117,98.87309055853814,93.22605121629397,0.499,local,-6.025847593812258,-49.2956168576069,43.26976926379464,0.15646247552169049,0.4555448105367323,archive,184,40,0.035234993301243314,0.007958346962000587,0.014951172829475782,0.0009035297135784348,0.16297776769896674,0.15870577407860603,0.33343545471826447,0.7368510644357389,"{""kernels.0.base_kernel.kernels.0"": [0.3333736667296455, 0.33333545504722745, 0.3333718059652441, 0.3333697755934645, 0.33333522441911756, 0.33335735746942746, 0.3334333262433611, 0.33343758319316785, 0.33331459927004325, 0.33332901593808173, 0.33331624008785116, 0.3334545740865299, 0.33337883987778083, 0.3333710619458268, 0.3333346614101999, 0.3333648032001034, 0.33333739332539875, 0.33336464993791814], ""kernels.0.base_kernel.kernels.1.base_kernel"": [0.6931481805599428, 0.6931481805599428, 0.6931481805599428], ""kernels.1.base_kernel.kernels.0"": [0.6184586222626699, 0.20237732962105362, 0.5748355262252639, 0.42026120003481343, 0.309011707020034, 0.5445034361272795, 0.6897333552795694, 0.7015617069268423, 0.34575694131997237, 0.25532577917585214, 0.15870577407860603, 0.7368510644357389, 0.5881748941986183, 0.5589523029788855, 0.17938203139125242, 0.5855396562493738, 0.35548865427916637, 0.4878862769866717], ""kernels.1.base_kernel.kernels.1"": [0.6931481805599428, 0.6931481805599428, 0.6931481805599428]}","{""kernels.0"": 2.6318488381736464e-05, ""kernels.0.base_kernel.kernels.1"": 0.0008032435180892055, ""kernels.1"": 0.4881037410904293}",10,5,30,15,15,archive,3,9
118,98.37130108951666,93.22605121629397,0.4976,local,-5.936817020245434,-10.694736783365993,4.757919763120559,0.043155095892817685,0.187489610755443,archive,213,15,0.013910329245471515,0.00782890342542148,0.014939993025567434,0.0009017122244973575,0.16297734751358953,0.15870585218283478,0.3334354548532179,0.7368512740586018,"{""kernels.0.base_kernel.kernels.0"": [0.3333736667659977, 0.3333354550566627, 0.3333718059908277, 0.33336977561759357, 0.3333352244176408, 0.3333573574966748, 0.33343332647345514, 0.3334375832329806, 0.3333145993070419, 0.33332901594001113, 0.3333162400797869, 0.3334545742362652, 0.3333788399052709, 0.333371061934431, 0.3333346614254194, 0.3333648032124689, 0.3333373933154674, 0.3333646499470228], ""kernels.0.base_kernel.kernels.1.base_kernel"": [0.6931481805599428, 0.6931481805599428, 0.6931481805599428], ""kernels.1.base_kernel.kernels.0"": [0.6184586666532859, 0.20237730684780036, 0.5748355302108528, 0.42026124029949663, 0.30901164190945035, 0.5445034960419177, 0.6897337040289458, 0.7015608554883973, 0.34575731309670643, 0.25532593530486847, 0.15870585218283478, 0.7368512740586018, 0.5881750944358447, 0.5589523714161823, 0.1793821771159254, 0.5855396436988477, 0.3554890839982262, 0.48788636968554444], ""kernels.1.base_kernel.kernels.1"": [0.6931481805599428, 0.6931481805599428, 0.6931481805599428]}","{""kernels.0"": 2.6318487976508764e-05, ""kernels.0.base_kernel.kernels.1"": 0.0008032435180849366, ""kernels.1"": 0.4881024805347072}",10,5,30,15,15,archive,3,10
119,94.43407827499874,93.22605121629397,0.4962,local,-6.0504324551608235,-71.60643035186578,65.55599789670495,0.1645604675196746,0.5728616940528518,archive,168,39,0.015499247679862846,0.008113719811148152,0.01599124127123621,0.001043365581066111,0.16245035056303528,0.1537287319131238,0.33343666745999834,0.7551687950692467,"{""kernels.0.base_kernel.kernels.0"": [0.33337398270249174, 0.33333548245402544, 0.3333721987126528, 0.3333698596474576, 0.33333543013927036, 0.3333572931833786, 0.33343342673705473, 0.3334399081829419, 0.3333153462152414, 0.33332900623073203, 0.3333160243560545, 0.33345772112431404, 0.33337954016767724, 0.33337203188926423, 0.33333459517710623, 0.33336512862795253, 0.3333374436933407, 0.3333656871708784], ""kernels.0.base_kernel.kernels.1.base_kernel"": [0.6931481805599428, 0.6931481805599428, 0.6931481805599428], ""kernels.1.base_kernel.kernels.0"": [0.614549429806984, 0.20738362252462306, 0.5725843994597878, 0.4263797205842154, 0.31148935575716297, 0.5406489867711726, 0.647146781398131, 0.6926524148123094, 0.35878764571709865, 0.26040585624043344, 0.1537287319131238, 0.7551687950692467, 0.5911027978084019, 0.5688030233386712, 0.1764486310549416, 0.5863510122596295, 0.3619976428766246, 0.5063450285156967], ""kernels.1.base_kernel.kernels.1"": [0.6931481805599428, 0.6931481805599428, 0.6931481805599428]}","{""kernels.0"": 2.63132063297426e-05, ""kernels.0.base_kernel.kernels.1"": 0.0008032434623621499, ""kernels.1"": 0.4865214950204139}",10,5,30,15,15,archive,2,11
120,96.773494312591,93.22605121629397,0.4968,local,-6.255734918232172,-20.310090093979156,14.054355175746984,0.10722111403603152,0.3376906095225467,archive,191,30,0.022138027448727973,0.007945977299531636,0.01579393320444416,0.0010146879091613114,0.16244334794961404,0.15373142570248288,0.33343666909533287,0.7551689811673753,"{""kernels.0.base_kernel.kernels.0"": [0.3333739827698138, 0.33333548214107017, 0.33337219884948494, 0.3333698593058933, 0.3333354304499044, 0.33335729302321504, 0.3334334273851626, 0.3334399108055031, 0.3333153467483904, 0.33332900600818954, 0.3333160246487339, 0.33345772362563086, 0.3333795410503106, 0.3333720327810289, 0.3333345952073207, 0.33336512892500497, 0.33333744381614816, 0.3333656876794654], ""kernels.0.base_kernel.kernels.1.base_kernel"": [0.6931481805599428, 0.6931481805599428, 0.6931481805599428], ""kernels.1.base_kernel.kernels.0"": [0.6145470570678062, 0.20738367787016562, 0.5725820638707508, 0.42638168041105584, 0.311494130311578, 0.5406460979418705, 0.6471450873381938, 0.6926568561509956, 0.3587940023951641, 0.2604038028547132, 0.15373142570248288, 0.7551689811673753, 0.5911074544390522, 0.5688036521839824, 0.1764515097172385, 0.5863512405578007, 0.3620029913504197, 0.5063509603897033], ""kernels.1.base_kernel.kernels.1"": [0.6931481805599428, 0.6931481805599428, 0.6931481805599428]}","{""kernels.0"": 2.6313201073033803e-05, ""kernels.0.base_kernel.kernels.1"": 0.0008032434623082318, ""kernels.1"": 0.48650048718546085}",10,5,30,15,15,archive,2,12
121,99.81887757253888,93.22605121629397,0.495,local,-6.5007336953216095,-16.08688226427425,9.586148568952641,0.08706190430069108,0.28203548449369936,archive,195,27,0.017524161467946005,0.007908066496085461,0.01574983767819462,0.0010087690078751182,0.1620804406393119,0.15500614529848253,0.3334412462999278,0.758829684018864,"{""kernels.0.base_kernel.kernels.0"": [0.3333758780817519, 0.3333348454485248, 0.33337287818743955, 0.33336930635056866, 0.33333595830117707, 0.3333578069033528, 0.33343698152796436, 0.33344551107189113, 0.33331600368597536, 0.33332879444493246, 0.3333164186257743, 0.33346436518460826, 0.3333815137446615, 0.3333732553460238, 0.33333456795844657, 0.33336558946093325, 0.3333374372917538, 0.3333663194552342], ""kernels.0.base_kernel.kernels.1.base_kernel"": [0.6931481805599428, 0.6931481805599428, 0.6931481805599428], ""kernels.1.base_kernel.kernels.0"": [0.6232409352106199, 0.204798597890878, 0.5712255228295245, 0.426882793360901, 0.31795598880377923, 0.5423815036522822, 0.6503514498797658, 0.6971288350305099, 0.3630193835226581, 0.26010886953506646, 0.15500614529848253, 0.758829684018864, 0.5957535529982052, 0.5637952778559717, 0.1785981985850677, 0.5847271647519646, 0.3686763211567353, 0.5114718821715185], ""kernels.1.base_kernel.kernels.1"": [0.6931481805599428, 0.6931481805599428, 0.6931481805599428]}","{""kernels.0"": 2.6300298235578535e-05, ""kernels.0.base_kernel.kernels.1"": 0.0008032433294708849, ""kernels.1"": 0.4854117782902292}",10,5,30,15,15,archive,3,13
122,97.08691050064965,93.22605121629397,0.494,local,-5.804988572476368,-67.8235735329812,62.01858496050483,0.20146907030515096,0.6061708990812441,archive,174,38,0.021389538743270105,0.008087551929577792,0.016472112363012874,0.0011107335502094787,0.16208044530318821,0.15500614942227822,0.3334412463071893,0.7588296584842185,"{""kernels.0.base_kernel.kernels.0"": [0.33337587808309715, 0.3333348454486515, 0.33337287818585926, 0.3333693063473536, 0.3333359583014927, 0.33335780690444805, 0.33343698153256196, 0.3334455110818167, 0.3333160036872262, 0.33332879444425756, 0.33331641862573885, 0.33346436518489175, 0.33338151374734737, 0.3333732553468973, 0.33333456795843, 0.33336558946105205, 0.33333743729156107, 0.3333663194419257], ""kernels.0.base_kernel.kernels.1.base_kernel"": [0.6931481805599428, 0.6931481805599428, 0.6931481805599428], ""kernels.1.base_kernel.kernels.0"": [0.6232409298778937, 0.20479860556637292, 0.5712255069936253, 0.4268827539449482, 0.317955994868839, 0.5423815142407016, 0.6503514738426704, 0.6971289068450262, 0.36301940618249073, 0.2601088652582677, 0.15500614942227822, 0.7588296584842185, 0.5957535641106693, 0.5637952819880035, 0.1785981990560378, 0.5847271643421292, 0.3686763243002203, 0.5114717213602047], ""kernels.1.base_kernel.kernels.1"": [0.6931481805599428, 0.6931481805599428, 0.6931481805599428]}","{""kernels.0"": 2.630029822471835e-05, ""kernels.0.base_kernel.kernels.1"": 0.00080324332947077, ""kernels.1"": 0.48541179228186915}",10,5,30,15,15,archive,4,14
123,153.76077616096597,93.22605121629397,0.4998,local,-6.575491329071031,-11.190189546863728,4.6146982177926965,0.2579946070622758,0.7455573817460446,archive,213,16,0.18683703091099046,0.008123235333667378,0.016594716788260126,0.0011280169812520862,0.16208043083488882,0.15500615925301664,0.33344124632026545,0.7588296576194086,"{""kernels.0.base_kernel.kernels.0"": [0.3333758780854454, 0.33333484544960024, 0.3333728781841345, 0.3333693063394478, 0.33333595830212814, 0.33335780690823014, 0.33343698154269225, 0.33344551109783865, 0.33331600368935677, 0.33332879444319513, 0.3333164186260834, 0.33346436519031, 0.3333815137501353, 0.3333732553491045, 0.3333345679590676, 0.33336558946142614, 0.33333743729269805, 0.3333663194252268], ""kernels.0.base_kernel.kernels.1.base_kernel"": [0.6931481805599428, 0.6931481805599428, 0.6931481805599428], ""kernels.1.base_kernel.kernels.0"": [0.623240930236478, 0.20479862949671063, 0.5712254928956781, 0.4268826360454525, 0.3179560060746847, 0.5423815493720547, 0.6503515685238844, 0.697129037197033, 0.3630194426831993, 0.26010885705096026, 0.15500615925301664, 0.7588296576194086, 0.5957535645296274, 0.5637952946123856, 0.17859821028522946, 0.5847271648311552, 0.3686763391398094, 0.5114715059899597], ""kernels.1.base_kernel.kernels.1"": [0.6931481805599428, 0.6931481805599428, 0.6931481805599428]}","{""kernels.0"": 2.6300298208181777e-05, ""kernels.0.base_kernel.kernels.1"": 0.0008032433294706053, ""kernels.1"": 0.4854117488769877}",10,5,30,15,15,archive,3,15
124,97.2144964726532,93.22605121629397,0.4944,local,-6.8357561834726495,-15.052157633522341,8.216401450049691,0.06502114260173789,0.20831045648174806,archive,195,28,0.017528990659495324,0.008126733859706277,0.016630807906178803,0.001138618060939162,0.1620804251018729,0.15500616287705288,0.33344124632511385,0.7588296579818783,"{""kernels.0.base_kernel.kernels.0"": [0.3333758780862505, 0.33333484544993275, 0.33337287818336087, 0.3333693063358754, 0.3333359583024042, 0.33335780691000527, 0.33343698154546597, 0.3334455111047617, 0.33331600369018805, 0.333328794442599, 0.33331641862625255, 0.333464365192883, 0.3333815137514297, 0.3333732553501787, 0.3333345679593333, 0.3333655894615372, 0.33333743729312515, 0.3333663194178167], ""kernels.0.base_kernel.kernels.1.base_kernel"": [0.6931481805599428, 0.6931481805599428, 0.6931481805599428], ""kernels.1.base_kernel.kernels.0"": [0.6232409288618939, 0.20479863787984037, 0.5712254850325443, 0.4268825844894681, 0.317956010934098, 0.5423815677324682, 0.6503515990567126, 0.6971290948896416, 0.36301945766256477, 0.2601088479714737, 0.15500616287705288, 0.7588296579818783, 0.5957535682381792, 0.5637952999922698, 0.17859821613202273, 0.5847271640758388, 0.368676344169791, 0.5114714112193854], ""kernels.1.base_kernel.kernels.1"": [0.6931481805599428, 0.6931481805599428, 0.6931481805599428]}","{""kernels.0"": 2.630029820131193e-05, ""kernels.0.base_kernel.kernels.1"": 0.0008032433294705368, ""kernels.1"": 0.4854117316779469}",10,5,30,15,15,archive,2,16
125,95.84677624450615,93.22605121629397,0.4976,local,-6.730656405962291,-14.887686684297378,8.157030278335087,0.06844329329447443,0.21138401062922885,archive,221,30,0.020602156398559262,0.007864664642574775,0.016410463665453956,0.0011028054258355572,0.16122194406519785,0.15555014573921988,0.33345053260020024,0.7775979124652468,"{""kernels.0.base_kernel.kernels.0"": [0.33337813249612325, 0.3333355391350521, 0.3333720540945015, 0.33336606951131276, 0.3333360152766324, 0.3333629943859657, 0.3334417443557733, 0.3334593208446272, 0.33331781137619654, 0.33332821516997174, 0.3333160314660499, 0.3334705250340488, 0.3333841152206163, 0.33337474446564486, 0.33333484207801894, 0.33336537496349744, 0.3333380228168738, 0.33335821795577175], ""kernels.0.base_kernel.kernels.1.base_kernel"": [0.6931481805599428, 0.6931481805599428, 0.6931481805599428], ""kernels.1.base_kernel.kernels.0"": [0.6252973195642872, 0.21222037731127716, 0.5621511277510969, 0.3898897648718, 0.32031245773393374, 0.5825767215201, 0.6790086559609058, 0.7775979124652468, 0.3820963405099572, 0.2580871944248061, 0.15555014573921988, 0.7752781312516844, 0.5990609470091799, 0.5751784924401063, 0.18060380893732375, 0.5801180537261332, 0.37231485175195594, 0.419742497208962], ""kernels.1.base_kernel.kernels.1"": [0.6931481805599428, 0.6931481805599428, 0.6931481805599428]}","{""kernels.0"": 2.628724172714558e-05, ""kernels.0.base_kernel.kernels.1"": 0.0008032432058392427, ""kernels.1"": 0.48283630174802716}",10,5,30,15,15,archive,2,17
126,294.13022916370437,93.22605121629397,0.4994,global,-7.164401690238235,-9.555478106108897,2.3910764158706614,0.8461760801377397,1.3600795063341344,global,,,0.2806073453355386,0.007826455264048906,0.01627469834289115,0.0010825527160020865,0.1612193119936288,0.1555510225937049,0.3334505350940287,0.7775978988661545,"{""kernels.0.base_kernel.kernels.0"": [0.33337813322375626, 0.3333355391609209, 0.33337205407992065, 0.33336606942856173, 0.3333360151958133, 0.3333629960787718, 0.3334417455954409, 0.33345932459261657, 0.3333178118849873, 0.33332821507674204, 0.33331603135176785, 0.3334705269058522, 0.3333841156591615, 0.33337474458643357, 0.33333484212158565, 0.3333653751233134, 0.3333380229410052, 0.3333582178207217], ""kernels.0.base_kernel.kernels.1.base_kernel"": [0.6931481805599428, 0.6931481805599428, 0.6931481805599428], ""kernels.1.base_kernel.kernels.0"": [0.6252996939201412, 0.21221909519684345, 0.5621510825548615, 0.3898883106623819, 0.32031204965881094, 0.5825851974808026, 0.6790075956975007, 0.7775978988661545, 0.38209796688979997, 0.258090323477161, 0.1555510225937049, 0.7752798672756102, 0.5990605360079535, 0.5751799141782675, 0.18060332683060934, 0.5801204815275657, 0.37231461841256075, 0.419747224490132], ""kernels.1.base_kernel.kernels.1"": [0.6931481805599428, 0.6931481805599428, 0.6931481805599428]}","{""kernels.0"": 2.6287237847196864e-05, ""kernels.0.base_kernel.kernels.1"": 0.000803243205804764, ""kernels.1"": 0.48282840553723444}",10,5,30,15,15,archive,4,18
127,93.02724505582589,93.02724505582589,0.5006,local,-7.017327256920187,-10.655720508553745,3.638393251633558,0.034289142451724236,0.1378078118031598,archive,226,22,0.015552989622451642,0.007942570828164013,0.016303921684533887,0.0010842668163473115,0.1596897112899275,0.15994930935358276,0.3334157197858666,0.781105901373987,"{""kernels.0.base_kernel.kernels.0"": [0.3333812795078799, 0.3333359557536125, 0.3333720194753317, 0.33336589431802666, 0.3333354242358233, 0.3333679470557794, 0.33344475813083907, 0.33347353152854536, 0.33331561992092046, 0.33332728997376176, 0.33331541119191976, 0.3334781201565491, 0.3333866814408942, 0.3333753449670526, 0.3333350042630562, 0.33336668517987544, 0.3333366326013544, 0.33335765685584895], ""kernels.0.base_kernel.kernels.1.base_kernel"": [0.6931481805599428, 0.6931481805599428, 0.6931481805599428], ""kernels.1.base_kernel.kernels.0"": [0.6334833193230891, 0.20863117947629967, 0.563978884899613, 0.3877285714954554, 0.3145872537216792, 0.5933524775446256, 0.6683355146952653, 0.777191158866087, 0.32830029260558413, 0.2567833789372038, 0.15994930935358276, 0.781105901373987, 0.6087328212009805, 0.583861587316602, 0.1783714845498331, 0.5933619916679163, 0.34467655354027155, 0.4285350418195722], ""kernels.1.base_kernel.kernels.1"": [0.6931481805599428, 0.6931481805599428, 0.6931481805599428]}","{""kernels.0"": 2.62702323980723e-05, ""kernels.0.base_kernel.kernels.1"": 0.000803243051402851, ""kernels.1"": 0.4782396205859816}",10,5,30,15,15,archive,3,0
128,92.79618778359855,92.79618778359855,0.498,local,-6.814611501801396,-16.81814082053935,10.003529318737955,0.0841843777538146,0.27389809090705475,archive,195,31,0.02025110107194223,0.01140642958654315,0.01621273991762789,0.0010699331317126945,0.15968940735215925,0.1599502367364977,0.3334157201546874,0.7811084916110034,"{""kernels.0.base_kernel.kernels.0"": [0.33338127990847827, 0.3333359557832764, 0.3333720194791827, 0.33336589430644153, 0.3333354241534074, 0.33336794767949013, 0.3334447582806935, 0.3334735335868297, 0.33331561975007884, 0.33332728991894445, 0.3333154110758048, 0.33347812095145174, 0.3333866820286813, 0.33337534483407594, 0.33333500425930507, 0.3333666853642237, 0.3333366325501829, 0.3333576567064672], ""kernels.0.base_kernel.kernels.1.base_kernel"": [0.6931481805599428, 0.6931481805599428, 0.6931481805599428], ""kernels.1.base_kernel.kernels.0"": [0.6334833292617088, 0.20863097098088268, 0.5639796631042155, 0.3877291899100358, 0.3145866430663285, 0.5933522677150767, 0.6683320932550771, 0.7771951815002566, 0.328297215553787, 0.2567835732039351, 0.1599502367364977, 0.7811084916110034, 0.6087348205298807, 0.5838609591036384, 0.17837069690386184, 0.5933618669124794, 0.34467636139021157, 0.428532322982189], ""kernels.1.base_kernel.kernels.1"": [0.6931481805599428, 0.6931481805599428, 0.6931481805599428]}","{""kernels.0"": 2.6270229542615968e-05, ""kernels.0.base_kernel.kernels.1"": 0.0008032430513770461, ""kernels.1"": 0.4782387087755581}",10,5,30,15,15,archive,3,0
129,97.20933911119576,92.79618778359855,0.5002,local,-6.407731048918185,-6.50911948026814,0.1013884313499549,0.039894253282211835,0.11300254252369006,archive,232,0,0.02758173505889706,0.012764457909869818,0.01605293174451263,0.001046403332930006,0.1588202805612621,0.16633509144003855,0.33341574067687463,0.8142215650859486,"{""kernels.0.base_kernel.kernels.0"": [0.33338223450702836, 0.3333361019045575, 0.33337185405844755, 0.3333660820578218, 0.3333352030937897, 0.33336986536703067, 0.3334435327276167, 0.33348173067377396, 0.3333149045309517, 0.3333269395668541, 0.33331518363939383, 0.3334808355286406, 0.33338794862613264, 0.33337452421252717, 0.3333350372549644, 0.33336710067166075, 0.33333658175676273, 0.333357144074659], ""kernels.0.base_kernel.kernels.1.base_kernel"": [0.6931481805599428, 0.6931481805599428, 0.6931481805599428], ""kernels.1.base_kernel.kernels.0"": [0.6335857943241904, 0.20816905235616243, 0.5638795619402467, 0.38878792829953884, 0.3132452859185859, 0.5904248537555815, 0.6419662433550634, 0.8142215650859486, 0.3140633229766418, 0.25728535907393063, 0.16633509144003855, 0.8009880057181578, 0.6126602628592864, 0.5799597046579249, 0.1751658218001355, 0.5917962666084503, 0.34087405740813026, 0.41184034279649206], ""kernels.1.base_kernel.kernels.1"": [0.6931481805599428, 0.6931481805599428, 0.6931481805599428]}","{""kernels.0"": 2.6262438239896704e-05, ""kernels.0.base_kernel.kernels.1"": 0.0008032429819031404, ""kernels.1"": 0.4756313362636433}",10,5,30,15,15,archive,1,1
130,94.96793234434458,92.79618778359855,0.4996,local,-6.5910031288569115,-14.439158142813953,7.848155013957042,0.07070155525509786,0.21289678739800194,archive,198,28,0.012574065640300405,0.010649170681538407,0.015988095005350353,0.0010370529176078884,0.1588205536841962,0.1663341986294708,0.3334157407667764,0.8142221159195793,"{""kernels.0.base_kernel.kernels.0"": [0.3333822347803048, 0.3333361019113115, 0.33337185399520614, 0.33336608209325164, 0.33333520302280495, 0.3333698659241297, 0.3334435325654294, 0.3334817327497539, 0.333314904509565, 0.3333269395480131, 0.33331518354180795, 0.33348083664452693, 0.33338794896812335, 0.33337452399138634, 0.3333350372583462, 0.3333671007254648, 0.3333365817207145, 0.3333571440964003], ""kernels.0.base_kernel.kernels.1.base_kernel"": [0.6931481805599428, 0.6931481805599428, 0.6931481805599428], ""kernels.1.base_kernel.kernels.0"": [0.6335862097812588, 0.20816924106237739, 0.5638797713964189, 0.38878656090436015, 0.3132447288349064, 0.5904263932453557, 0.6419689749528006, 0.8142221159195793, 0.3140634674264815, 0.25728579381829786, 0.1663341986294708, 0.8009891759299129, 0.6126618555162339, 0.5799605244706593, 0.17516573146982048, 0.5917958501343541, 0.3408736524725414, 0.4118396649147676], ""kernels.1.base_kernel.kernels.1"": [0.6931481805599428, 0.6931481805599428, 0.6931481805599428]}","{""kernels.0"": 2.626243623174324e-05, ""kernels.0.base_kernel.kernels.1"": 0.0008032429818856501, ""kernels.1"": 0.4756321556344712}",10,5,30,15,15,archive,2,2
131,94.50628688989983,92.79618778359855,0.4998,local,-6.928939782175862,-8.513481228737549,1.584541446561687,0.03665919253064052,0.10314429030746762,archive,232,0,0.013453405477711894,0.009723510207921221,0.01595006336942944,0.0010313056168295529,0.15812451129988706,0.16589186551595436,0.33341587536331213,0.8119093444020874,"{""kernels.0.base_kernel.kernels.0"": [0.3333824949887149, 0.3333361224978841, 0.33337182188215864, 0.3333661004203288, 0.3333351406779803, 0.3333703249056382, 0.3334435073696437, 0.3334833701762788, 0.33331491620035886, 0.33332696635508224, 0.3333150996328998, 0.33348213118447534, 0.3333882433569806, 0.33337436532251624, 0.33333502700561657, 0.3333671467899041, 0.33333655230024467, 0.3333571756088225], ""kernels.0.base_kernel.kernels.1.base_kernel"": [0.6931481805599428, 0.6931481805599428, 0.6931481805599428], ""kernels.1.base_kernel.kernels.0"": [0.6342288444764707, 0.20832366566773883, 0.564402224731757, 0.3880278405446084, 0.3127318596100809, 0.5919792312642398, 0.6446309385322619, 0.8119093444020874, 0.31487126303949875, 0.25817010426354053, 0.16589186551595436, 0.8048287098582326, 0.6139804686888626, 0.5807769833109446, 0.17488282565028604, 0.5915799498056695, 0.3407225429430104, 0.41249323449873043], ""kernels.1.base_kernel.kernels.1"": [0.6931481805599428, 0.6931481805599428, 0.6931481805599428]}","{""kernels.0"": 2.626076008275219e-05, ""kernels.0.base_kernel.kernels.1"": 0.0008032429675267845, ""kernels.1"": 0.4735440301720516}",10,5,30,15,15,archive,4,3
132,193.06132769701418,92.79618778359855,0.4994,local,-7.452181009579422,-18.24489732315798,10.792716313578556,0.49417337647436227,1.076670046312905,archive,195,35,0.2544522288388122,0.009467534852203037,0.015782535107782044,0.001007553499573838,0.15812529005154252,0.16589066219896964,0.33341587591149613,0.811907665644329,"{""kernels.0.base_kernel.kernels.0"": [0.3333824957314688, 0.33333612253579603, 0.3333718218002807, 0.3333661005731542, 0.33333514049423396, 0.33337032635411273, 0.3334435074921519, 0.33348337560241803, 0.3333149162135243, 0.3333269663640323, 0.33331509936853926, 0.3334821353407737, 0.3333882443308404, 0.3333743649076379, 0.3333350270033053, 0.3333671469438442, 0.33333655223094577, 0.33335717568939816], ""kernels.0.base_kernel.kernels.1.base_kernel"": [0.6931481805599428, 0.6931481805599428, 0.6931481805599428], ""kernels.1.base_kernel.kernels.0"": [0.6342303095908531, 0.20832349209260648, 0.5644030151528354, 0.3880265657128779, 0.31273028531391883, 0.5919833106950138, 0.6446378900377963, 0.811907665644329, 0.3148730380534424, 0.25817141888565553, 0.16589066219896964, 0.8048390571651212, 0.6139843474758194, 0.5807786474520259, 0.17488238899596117, 0.5915791692942433, 0.3407220719911415, 0.4124936588053529], ""kernels.1.base_kernel.kernels.1"": [0.6931481805599428, 0.6931481805599428, 0.6931481805599428]}","{""kernels.0"": 2.626075495394184e-05, ""kernels.0.base_kernel.kernels.1"": 0.0008032429674830079, ""kernels.1"": 0.4735463664321906}",10,5,30,15,15,archive,2,4
133,94.15990321186588,92.79618778359855,0.4994,local,-7.447613497854317,-14.658825448398389,7.2112119505440715,0.05317310489103735,0.18161174294903745,archive,198,30,0.012141058074267306,0.009453500837450309,0.015761601224558917,0.0010082854193473529,0.1586611905771223,0.16508646186811027,0.33341608949988183,0.8107614693518251,"{""kernels.0.base_kernel.kernels.0"": [0.33338280790377905, 0.3333361222174985, 0.33337176526977114, 0.33336613623630634, 0.333335051670613, 0.3333709702641742, 0.3334435504423962, 0.33348556706447724, 0.33331491789412837, 0.3333269485368387, 0.33331498808780646, 0.3334838504597143, 0.33338862855736745, 0.333374126308168, 0.33333502228676015, 0.3333671831648911, 0.33333653816046765, 0.33335711764325976], ""kernels.0.base_kernel.kernels.1.base_kernel"": [0.6931481805599428, 0.6931481805599428, 0.6931481805599428], ""kernels.1.base_kernel.kernels.0"": [0.6349560490690683, 0.20777761124086702, 0.564498611023929, 0.38674166669836096, 0.3117799099956447, 0.5940637326125806, 0.6468213683194134, 0.8107614693518251, 0.3153414766094643, 0.2583640343167018, 0.16508646186811027, 0.8100401177732047, 0.6158110617913958, 0.5801623704837199, 0.1747218851578139, 0.5907640066872365, 0.34040930043987655, 0.4110807762053555], ""kernels.1.base_kernel.kernels.1"": [0.6931481805599428, 0.6931481805599428, 0.6931481805599428]}","{""kernels.0"": 2.6258657733570443e-05, ""kernels.0.base_kernel.kernels.1"": 0.0008032429496994062, ""kernels.1"": 0.4751540701239339}",10,5,30,15,15,archive,3,5
134,93.83552015472041,92.79618778359855,0.4992,local,-7.343009543056095,-14.898199877680938,7.555190334624843,0.07684863197095641,0.2506965500631278,archive,198,31,0.015478609471446591,0.009168192756370043,0.015577375334237158,0.0009825312222408703,0.1586550598107308,0.16508653424084116,0.3334160902143772,0.8107619798408562,"{""kernels.0.base_kernel.kernels.0"": [0.333382808721158, 0.33333612232359683, 0.33337176520629525, 0.3333661364583361, 0.3333350514600931, 0.3333709722680284, 0.33344355078886706, 0.33348557293779457, 0.3333149180300364, 0.3333269485889723, 0.3333149879047116, 0.33348385538385117, 0.3333886296398873, 0.33337412574382713, 0.3333350223099463, 0.3333671832917176, 0.33333653817171266, 0.33335711768629755], ""kernels.0.base_kernel.kernels.1.base_kernel"": [0.6931481805599428, 0.6931481805599428, 0.6931481805599428], ""kernels.1.base_kernel.kernels.0"": [0.6349580656589763, 0.20777859067830312, 0.5644996383561354, 0.38674167404210846, 0.3117779665153302, 0.594071746278024, 0.6468279248314142, 0.8107619798408562, 0.3153442566534956, 0.25836623890400734, 0.16508653424084116, 0.810054086388167, 0.6158162596730623, 0.5801619886867582, 0.17472252211895795, 0.5907628804608078, 0.34040960729066605, 0.41107989723653476], ""kernels.1.base_kernel.kernels.1"": [0.6931481805599428, 0.6931481805599428, 0.6931481805599428]}","{""kernels.0"": 2.625865191863555e-05, ""kernels.0.base_kernel.kernels.1"": 0.000803242949650967, ""kernels.1"": 0.4751356778306228}",10,5,30,15,15,archive,4,6
135,95.25035760413603,92.79618778359855,0.5,local,-7.4187768149098865,-26.11328275948997,18.694505944580083,0.11174869239791711,0.3260236374445455,archive,187,39,0.01347665496344895,0.009087521464627234,0.015428728489812875,0.0009619146983396366,0.1586493608431186,0.16508605388050127,0.33341609110213155,0.8107586087281526,"{""kernels.0.base_kernel.kernels.0"": [0.3333828094433784, 0.3333361223506791, 0.333371765161714, 0.3333661366836995, 0.33333505126022456, 0.33337097395745013, 0.3334435512459882, 0.33348557770962167, 0.33331491807594293, 0.33332694870266455, 0.3333149877315215, 0.33348385960382354, 0.33338863095827487, 0.3333741251090829, 0.33333502229842266, 0.3333671833558241, 0.33333653817799896, 0.3333571176160065], ""kernels.0.base_kernel.kernels.1.base_kernel"": [0.6931481805599428, 0.6931481805599428, 0.6931481805599428], ""kernels.1.base_kernel.kernels.0"": [0.634960288984491, 0.2077783112415419, 0.564500567159289, 0.3867440802482112, 0.31177596440186806, 0.594078739203106, 0.6468324378599851, 0.8107586087281526, 0.31534578687666764, 0.2583706643345317, 0.16508605388050127, 0.8100645398548902, 0.6158242149141245, 0.5801601445702822, 0.17472257922469375, 0.5907613089673353, 0.3404112512460129, 0.411077964333362], ""kernels.1.base_kernel.kernels.1"": [0.6931481805599428, 0.6931481805599428, 0.6931481805599428]}","{""kernels.0"": 2.6258647099467626e-05, ""kernels.0.base_kernel.kernels.1"": 0.000803242949611035, ""kernels.1"": 0.47511858093264525}",10,5,30,15,15,archive,5,7
136,92.9249440987667,92.79618778359855,0.5002,local,-7.493397483605814,-26.354089130819656,18.86069164721384,0.10362114780316806,0.3162832964429069,archive,187,40,0.016468089051461826,0.00883859099739896,0.01533181245107453,0.000949398240078988,0.15705440174793042,0.16504857214837862,0.33341633615111393,0.8138656130794593,"{""kernels.0.base_kernel.kernels.0"": [0.3333829755472735, 0.3333361302423301, 0.33337175699465604, 0.33336621019198975, 0.33333500007394545, 0.3333714409503184, 0.33344367945026454, 0.3334867315994611, 0.3333148910412031, 0.33332697749633294, 0.33331495149501345, 0.33348497420986706, 0.33338899285196333, 0.3333739640203892, 0.3333350269698631, 0.33336721303009786, 0.3333365667870334, 0.33335713243070664], ""kernels.0.base_kernel.kernels.1.base_kernel"": [0.6931481805599428, 0.6931481805599428, 0.6931481805599428], ""kernels.1.base_kernel.kernels.0"": [0.6355772249277523, 0.20767316305988623, 0.5647086519348141, 0.3873197724097612, 0.31123965969729783, 0.5964307653120824, 0.648285520425691, 0.810433516864768, 0.31505089768394406, 0.25924082736799553, 0.16504857214837862, 0.8138656130794593, 0.6181041818890086, 0.5795094156288757, 0.17478831547777063, 0.590543156248381, 0.34104899618303186, 0.41065785021455037], ""kernels.1.base_kernel.kernels.1"": [0.6931481805599428, 0.6931481805599428, 0.6931481805599428]}","{""kernels.0"": 2.6257529103520535e-05, ""kernels.0.base_kernel.kernels.1"": 0.0008032429405659177, ""kernels.1"": 0.47033370477412184}",10,5,30,15,15,archive,4,8
137,94.27446313371769,92.79618778359855,0.5008,local,-6.879355012170889,-15.936025117361421,9.056670105190532,0.06978813091701332,0.23194716662504378,archive,198,34,0.011091030599097025,0.008722574773722482,0.015209982934930248,0.0009326402328447239,0.15716183892531063,0.16231174637387383,0.3334186703443135,0.8224245357936165,"{""kernels.0.base_kernel.kernels.0"": [0.33338439681433757, 0.33333628904451673, 0.3333715923987233, 0.3333660412897759, 0.3333346060444722, 0.33337468524890956, 0.3334442603022988, 0.3334942422812818, 0.33331410532797656, 0.3333270174934747, 0.33331457682633975, 0.3334918880115215, 0.3333930803863282, 0.3333723240962524, 0.3333350729332592, 0.33336725612257084, 0.3333368367980665, 0.3333564266677903], ""kernels.0.base_kernel.kernels.1.base_kernel"": [0.6931481805599428, 0.6931481805599428, 0.6931481805599428], ""kernels.1.base_kernel.kernels.0"": [0.6396783052536632, 0.2116636821069945, 0.5638342311268086, 0.38382736489214897, 0.3069473899970898, 0.6143065797168257, 0.6472005215918522, 0.8009342944528812, 0.30526117832890914, 0.25891105848155327, 0.16231174637387383, 0.8224245357936165, 0.6468007589976157, 0.5701309436149168, 0.17626479588359828, 0.587797348384531, 0.35114069362981537, 0.4012838237347156], ""kernels.1.base_kernel.kernels.1"": [0.6931481805599428, 0.6931481805599428, 0.6931481805599428]}","{""kernels.0"": 2.6249739083160286e-05, ""kernels.0.base_kernel.kernels.1"": 0.0008032428751309766, ""kernels.1"": 0.4706560241617178}",10,5,30,15,15,archive,2,9
138,94.12856580356204,92.79618778359855,0.4992,local,-6.948585265933582,-16.05807399900597,9.109488733072387,0.07736386088242503,0.27089571329813833,archive,198,35,0.01578800153962991,0.008656911134993762,0.015055274702339446,0.0009120700848614724,0.157161819866078,0.16231311566004397,0.33341867171616046,0.822426033965684,"{""kernels.0.base_kernel.kernels.0"": [0.3333843976602068, 0.3333362890272301, 0.33337159246147763, 0.3333660413543406, 0.3333346057859054, 0.3333746869974857, 0.33344426095979285, 0.3334942464542682, 0.33331410524818084, 0.3333270176424369, 0.3333145767033334, 0.33349189218751274, 0.3333930824725281, 0.33337232327156313, 0.33333507298136344, 0.33336725615436424, 0.33333683672927905, 0.33335642645377983], ""kernels.0.base_kernel.kernels.1.base_kernel"": [0.6931481805599428, 0.6931481805599428, 0.6931481805599428], ""kernels.1.base_kernel.kernels.0"": [0.6396796556169289, 0.21166408831690833, 0.5638350844976389, 0.38382946075851393, 0.306943962218742, 0.6143101907155398, 0.6472022010248831, 0.8009356333681686, 0.3052632625760534, 0.2589138308119965, 0.16231311566004397, 0.822426033965684, 0.646801121097835, 0.5701281753713119, 0.1762646841916009, 0.5877965080854167, 0.3511390466809517, 0.40128382838253146], ""kernels.1.base_kernel.kernels.1"": [0.6931481805599428, 0.6931481805599428, 0.6931481805599428]}","{""kernels.0"": 2.6249734060280343e-05, ""kernels.0.base_kernel.kernels.1"": 0.0008032428750891932, ""kernels.1"": 0.4706559669890845}",10,5,30,15,15,archive,3,10
139,94.28079202953543,92.79618778359855,0.4992,local,-7.1446229928227964,-17.595885440697803,10.451262447875006,0.09084339851382084,0.255136059253636,archive,221,42,0.011280116962572645,0.008511622555451258,0.014889284281801158,0.0008903570958410776,0.15716104417659826,0.16231421433465,0.3334186733366886,0.8224267887067875,"{""kernels.0.base_kernel.kernels.0"": [0.33338439862356994, 0.3333362890399705, 0.33337159257570426, 0.33336604135796827, 0.33333460548322597, 0.3333746890260078, 0.33344426184759673, 0.33349425097132424, 0.33331410512138593, 0.3333270178002707, 0.33331457656507746, 0.3334918969619938, 0.3333930848257805, 0.33337232219749724, 0.3333350730335648, 0.3333672561457126, 0.33333683664304586, 0.3333564260829333], ""kernels.0.base_kernel.kernels.1.base_kernel"": [0.6931481805599428, 0.6931481805599428, 0.6931481805599428], ""kernels.1.base_kernel.kernels.0"": [0.6396815835965859, 0.21166725889775104, 0.5638365374364573, 0.3838311515409742, 0.3069399127030916, 0.6143154379055915, 0.6472050776423941, 0.8009345412423854, 0.3052649702798401, 0.258916805726658, 0.16231421433465, 0.8224267887067875, 0.646802019885903, 0.5701233294156286, 0.17626459223335023, 0.5877952218082033, 0.35113739675317845, 0.4012821884888459], ""kernels.1.base_kernel.kernels.1"": [0.6931481805599428, 0.6931481805599428, 0.6931481805599428]}","{""kernels.0"": 2.624972862566793e-05, ""kernels.0.base_kernel.kernels.1"": 0.0008032428750441272, ""kernels.1"": 0.470653639926125}",10,5,30,15,15,archive,2,11
140,93.58972542859047,92.79618778359855,0.499,local,-7.266200784620707,-27.257704492380583,19.991503707759875,0.1146701185072491,0.3312132717302699,archive,187,44,0.009146918634578142,0.00838858042570308,0.014733912430036227,0.0008703676620446315,0.15715957310115694,0.16231514011775205,0.3334186751522733,0.8224295993036307,"{""kernels.0.base_kernel.kernels.0"": [0.3333843995518252, 0.33333628902805956, 0.3333715927235591, 0.3333660413330973, 0.3333346051680486, 0.3333746911159152, 0.3334442630521318, 0.33349425587719006, 0.333314105067499, 0.33332701791703173, 0.3333145764255685, 0.3334919019002305, 0.33339308725241473, 0.3333723210939653, 0.333335073082841, 0.33336725612594265, 0.33333683659039803, 0.3333564256365542], ""kernels.0.base_kernel.kernels.1.base_kernel"": [0.6931481805599428, 0.6931481805599428, 0.6931481805599428], ""kernels.1.base_kernel.kernels.0"": [0.6396839510657424, 0.21167000479533998, 0.563838185177849, 0.3838323754755633, 0.30693565663990047, 0.6143215744688241, 0.6472086067017495, 0.8009357287521659, 0.30526751649777334, 0.2589194482558448, 0.16231514011775205, 0.8224295993036307, 0.6468043619634039, 0.5701175660426046, 0.1762642644084696, 0.5877938808471375, 0.3511364692157801, 0.4012786777085194], ""kernels.1.base_kernel.kernels.1"": [0.6931481805599428, 0.6931481805599428, 0.6931481805599428]}","{""kernels.0"": 2.6249723405347783e-05, ""kernels.0.base_kernel.kernels.1"": 0.0008032428750016079, ""kernels.1"": 0.4706492267050638}",10,5,30,15,15,archive,4,12
141,93.5347784001564,92.79618778359855,0.5006,local,-7.313419726463355,-18.131081093346058,10.817661366882703,0.06483094399472801,0.20430665836716264,archive,221,44,0.015239786191912677,0.008315299351090967,0.014548427951132028,0.0008468566412669712,0.15715749064474888,0.1623160676864865,0.33341867750589166,0.8224343490953112,"{""kernels.0.base_kernel.kernels.0"": [0.333384400705789, 0.3333362889879945, 0.33337159290420815, 0.33336604125985475, 0.3333346047554332, 0.3333746937260694, 0.33344426474370015, 0.33349426187988523, 0.3333141050101658, 0.333327018064096, 0.3333145762460824, 0.33349190812936963, 0.33339309026808317, 0.33337231959051017, 0.33333507313962774, 0.3333672560734264, 0.33333683652819107, 0.33335642504616136], ""kernels.0.base_kernel.kernels.1.base_kernel"": [0.6931481805599428, 0.6931481805599428, 0.6931481805599428], ""kernels.1.base_kernel.kernels.0"": [0.6396873742246028, 0.21167276747362576, 0.563840235700681, 0.38383306614768875, 0.30693005158645337, 0.614329773082218, 0.6472137099147179, 0.8009365902074249, 0.30527093062648686, 0.2589224024529694, 0.1623160676864865, 0.8224343490953112, 0.6468079998021238, 0.5701088532107422, 0.17626380353136806, 0.5877919686628398, 0.35113564165636496, 0.4012734334949169], ""kernels.1.base_kernel.kernels.1"": [0.6931481805599428, 0.6931481805599428, 0.6931481805599428]}","{""kernels.0"": 2.624971708379224e-05, ""kernels.0.base_kernel.kernels.1"": 0.0008032428749505637, ""kernels.1"": 0.4706429793422123}",10,5,30,15,15,archive,1,13
142,330.98458414479626,92.79618778359855,0.4994,global,-7.8035003668238865,-12.300491293667713,4.496990926843827,0.8379401893270063,1.3260605613350762,global,,,0.281699384546011,0.008123512075279362,0.014326164101163299,0.0008190361889016952,0.15715776292980402,0.16389616127851123,0.33342289709618333,0.8290299887717959,"{""kernels.0.base_kernel.kernels.0"": [0.3333865380001986, 0.3333360925890051, 0.33337219669537843, 0.33336587161390124, 0.33333380439073124, 0.33338283307350247, 0.33344663907923716, 0.3335066186988606, 0.3333140158799194, 0.3333269884277235, 0.3333142271420467, 0.3335036519228422, 0.33339915511312945, 0.3333693568894088, 0.3333350142554374, 0.33336733231936133, 0.3333367792352935, 0.3333552301806663], ""kernels.0.base_kernel.kernels.1.base_kernel"": [0.6931481805599428, 0.6931481805599428, 0.6931481805599428], ""kernels.1.base_kernel.kernels.0"": [0.646830450626105, 0.2110318222863432, 0.5701942330530879, 0.3830254579705004, 0.2963620135042704, 0.6538552890229681, 0.6465395177294414, 0.8063252310645326, 0.3121562239327883, 0.2589854841352394, 0.16389616127851123, 0.8290299887717959, 0.6605132057174388, 0.5550920495067667, 0.17299009715641317, 0.586530908046793, 0.3519581513930447, 0.3883884830973151], ""kernels.1.base_kernel.kernels.1"": [0.6931481805599428, 0.6931481805599428, 0.6931481805599428]}","{""kernels.0"": 2.623770522265074e-05, ""kernels.0.base_kernel.kernels.1"": 0.0008032427794516793, ""kernels.1"": 0.4706438083047377}",10,5,30,15,15,archive,5,14
143,97.90364109895141,92.79618778359855,0.4992,local,-7.187022386399926,-17.055163465167567,9.868141078767641,0.07739667118918651,0.25596445939131024,archive,198,39,0.011625875687176634,0.008135839742225487,0.014290843117825757,0.0008107593222649506,0.15895146064856325,0.16342486902807501,0.3334231233919914,0.8281931855373755,"{""kernels.0.base_kernel.kernels.0"": [0.33338663665774837, 0.33333601953010966, 0.33337224706081375, 0.33336587021076713, 0.33333377701903677, 0.3333833339084312, 0.33344680287848094, 0.3335072103806532, 0.33331400007923356, 0.3333270102678502, 0.3333141813874095, 0.3335043155347001, 0.3333994439055019, 0.33336914649168536, 0.33333499743795764, 0.3333673225803967, 0.33333674700908317, 0.33335512757834623], ""kernels.0.base_kernel.kernels.1.base_kernel"": [0.6931481805599428, 0.6931481805599428, 0.6931481805599428], ""kernels.1.base_kernel.kernels.0"": [0.646449028113671, 0.20939670329342855, 0.5703738547202846, 0.3833365204068311, 0.29597629607317644, 0.6539051870147323, 0.6465771282408953, 0.8050779663046211, 0.3113595942573837, 0.25872860020098265, 0.16342486902807501, 0.8281931855373755, 0.6596165657983774, 0.5540136880483687, 0.1724334936685841, 0.5862173918852821, 0.35083008817047356, 0.3871516342438086], ""kernels.1.base_kernel.kernels.1"": [0.6931481805599428, 0.6931481805599428, 0.6931481805599428]}","{""kernels.0"": 2.6236754102102917e-05, ""kernels.0.base_kernel.kernels.1"": 0.0008032427715675744, ""kernels.1"": 0.47602490242002005}",10,5,30,15,15,archive,4,15
144,94.05197870443749,92.79618778359855,0.4986,local,-6.652167807284329,-24.26740566117344,17.615237853889113,0.10368417857638228,0.30336202354719993,archive,189,41,0.011502618846421845,0.00838988674522164,0.015001700198695522,0.0008992397523938394,0.15718835523157765,0.16169686862857288,0.3334233141092451,0.8342320968594884,"{""kernels.0.base_kernel.kernels.0"": [0.3333869678748209, 0.3333358043670054, 0.3333721727527412, 0.3333667163840521, 0.3333337459614911, 0.33338610327466534, 0.3334476942717114, 0.33351040248643565, 0.3333135016180544, 0.3333275220474896, 0.33331395898065785, 0.33350882915242624, 0.3333989339467788, 0.33336872137279683, 0.3333352590666016, 0.3333674913278316, 0.33333678354209156, 0.33335570449524937], ""kernels.0.base_kernel.kernels.1.base_kernel"": [0.6931481805599428, 0.6931481805599428, 0.6931481805599428], ""kernels.1.base_kernel.kernels.0"": [0.6423143659670025, 0.20120676855631497, 0.5685817893637651, 0.39048742576905676, 0.29562691054298595, 0.6562962263050649, 0.6615185902213454, 0.8029703995202789, 0.3026320579948727, 0.26531114718691423, 0.16169686862857288, 0.8342320968594884, 0.6377617417575916, 0.5575545048743031, 0.17544507582412902, 0.586080697690201, 0.3384753803162436, 0.3954680998133496], ""kernels.1.base_kernel.kernels.1"": [0.6931481805599428, 0.6931481805599428, 0.6931481805599428]}","{""kernels.0"": 2.6230638911109428e-05, ""kernels.0.base_kernel.kernels.1"": 0.0008032427218954609, ""kernels.1"": 0.47073559233392637}",10,5,30,15,15,archive,3,16
145,97.19016466152242,92.79618778359855,0.4968,local,-7.13928402917985,-24.443133411478716,17.303849382298864,0.0940713029046362,0.30430028802713666,archive,189,42,0.015270603180043614,0.008262273013653615,0.014870357791732043,0.0008822859586069868,0.157186114601382,0.16169821659925337,0.3334233146044421,0.8342340570698225,"{""kernels.0.base_kernel.kernels.0"": [0.33338696806125334, 0.33333580442937266, 0.3333721726821737, 0.3333667165911909, 0.3333337459236998, 0.33338610497226256, 0.3334476952830598, 0.3335104044456799, 0.3333135016098187, 0.33332752214593375, 0.3333139588626881, 0.33350883228516326, 0.3333989339258244, 0.3333687210953963, 0.3333352592045836, 0.33336749141653443, 0.3333367838000445, 0.3333557045823053], ""kernels.0.base_kernel.kernels.1.base_kernel"": [0.6931481805599428, 0.6931481805599428, 0.6931481805599428], ""kernels.1.base_kernel.kernels.0"": [0.6423126392934361, 0.20120698788223315, 0.568580473683612, 0.39048404315677326, 0.2956258977366536, 0.6562957137865256, 0.6615222876178092, 0.8029696727712377, 0.30263445350630674, 0.265310639205498, 0.16169821659925337, 0.8342340570698225, 0.6377582195743662, 0.5575551564237308, 0.17544596341293897, 0.5860808838327806, 0.33847540897838496, 0.3954674820170151], ""kernels.1.base_kernel.kernels.1"": [0.6931481805599428, 0.6931481805599428, 0.6931481805599428]}","{""kernels.0"": 2.6230634550276285e-05, ""kernels.0.base_kernel.kernels.1"": 0.0008032427218598989, ""kernels.1"": 0.4707288704477358}",10,5,30,15,15,archive,1,17
146,219.01033831051285,92.79618778359855,0.4824,global,-7.737114005785653,-10.151544625041165,2.414430619255512,0.34817943965281584,0.9413881906167644,global,,,0.2728198540517368,0.008284977196279549,0.014999516449715021,0.0008987991081796342,0.1571861125844375,0.16169822003234707,0.33342331460493657,0.8342340588110896,"{""kernels.0.base_kernel.kernels.0"": [0.33338696806147206, 0.3333358044295088, 0.3333721726814408, 0.33336671659129147, 0.3333337459236461, 0.33338610497429616, 0.3334476952837482, 0.33351040444841695, 0.3333135016100572, 0.3333275221457965, 0.33331395886260884, 0.3335088322878996, 0.3333989339261249, 0.3333687210949683, 0.3333352592046826, 0.33336749141653843, 0.3333367838003703, 0.3333557045825572], ""kernels.0.base_kernel.kernels.1.base_kernel"": [0.6931481805599428, 0.6931481805599428, 0.6931481805599428], ""kernels.1.base_kernel.kernels.0"": [0.6423126381884586, 0.20120698698463577, 0.568580463751632, 0.39048403634192314, 0.2956258963981754, 0.6562957166685808, 0.6615222823143021, 0.8029696829324672, 0.30263445997530464, 0.26531063614123274, 0.16169822003234707, 0.8342340588110896, 0.6377582190844582, 0.557555155434528, 0.17544596300844362, 0.586080883237642, 0.3384754105524567, 0.3954674811639706], ""kernels.1.base_kernel.kernels.1"": [0.6931481805599428, 0.6931481805599428, 0.6931481805599428]}","{""kernels.0"": 2.6230634545833092e-05, ""kernels.0.base_kernel.kernels.1"": 0.0008032427218598632, ""kernels.1"": 0.47072886439690675}",10,5,30,15,15,archive,5,18
147,263.4552657420064,92.79618778359855,0.4996,local,-7.645445157042907,-12.638961396650199,4.993516239607292,0.3059846802679162,0.6266281073506514,archive,216,35,0.1440717119566126,0.008260248638008434,0.015003743438851367,0.0009019618110093603,0.1555684747313992,0.1636199944408166,0.3334235696902165,0.8346192460481293,"{""kernels.0.base_kernel.kernels.0"": [0.3333870581899465, 0.333335840808434, 0.33337178769258147, 0.3333667641542623, 0.3333336483215199, 0.3333871334840896, 0.33344806383590453, 0.3335117917879909, 0.33331361512985525, 0.3333274441605903, 0.3333139420977864, 0.3335101656134046, 0.3333990755445285, 0.33336856367709033, 0.3333352870224933, 0.333367506991671, 0.3333369540387341, 0.33335580052642283], ""kernels.0.base_kernel.kernels.1.base_kernel"": [0.6931481805599428, 0.6931481805599428, 0.6931481805599428], ""kernels.1.base_kernel.kernels.0"": [0.6414310442393699, 0.2001512660545693, 0.563400715087677, 0.3869669288764746, 0.2943757404995271, 0.6575915763437528, 0.6589780111764572, 0.8081168455277595, 0.306097641177454, 0.26393851014047154, 0.1636199944408166, 0.8346192460481293, 0.6369601482785661, 0.5577861911127904, 0.17462356923700706, 0.5859648931272269, 0.33909285009943085, 0.39479473904264656], ""kernels.1.base_kernel.kernels.1"": [0.6931481805599428, 0.6931481805599428, 0.6931481805599428]}","{""kernels.0"": 2.6228335894435252e-05, ""kernels.0.base_kernel.kernels.1"": 0.0008032427032778209, ""kernels.1"": 0.4658759531550254}",10,5,30,15,15,archive,4,19
148,85.50829671317689,85.50829671317689,0.4996,local,-4.850193293970001,-9.358665612066199,4.508472318096198,0.04786061108664143,0.1845703641853947,archive,232,0,0.04621668177673384,0.008483211054683536,0.015005565638000288,0.0009002600055599086,0.1629210484279863,0.166586959388832,0.3334109006481374,0.8281769477756074,"{""kernels.0.base_kernel.kernels.0"": [0.33338085311522386, 0.33333422004325997, 0.33333983313837284, 0.33336615999148883, 0.3333336029189579, 0.33337062181800586, 0.33342068859724605, 0.33347435764753697, 0.33331402286985584, 0.3333302547108456, 0.33331760938202526, 0.33352113349883855, 0.3334011126990288, 0.3333657231634072, 0.33333536192178603, 0.33336572195613823, 0.3333376593283286, 0.3333582093157885], ""kernels.0.base_kernel.kernels.1.base_kernel"": [0.6931481805599428, 0.6931481805599428, 0.6931481805599428], ""kernels.1.base_kernel.kernels.0"": [0.5921767444933461, 0.21499999081209076, 0.2417297869965409, 0.39027859142823484, 0.28268813888535804, 0.5768747978718702, 0.5869878332887609, 0.7198452559726194, 0.3215819795345815, 0.3380615962975164, 0.166586959388832, 0.8281769477756074, 0.6215079666617642, 0.551889178820543, 0.19594715448872138, 0.5823688251661638, 0.33443504533704144, 0.41653272099571803], ""kernels.1.base_kernel.kernels.1"": [0.6931481805599428, 0.6931481805599428, 0.6931481805599428]}","{""kernels.0"": 2.621520418563769e-05, ""kernels.0.base_kernel.kernels.1"": 0.0008032425430198329, ""kernels.1"": 0.48793368753675337}",10,5,30,15,15,archive,0,0
149,90.70777011308763,85.50829671317689,0.499,local,-4.328860550411949,-94.23160800446229,89.90274745405034,0.140349152925867,0.41404032615842057,archive,189,44,0.04909283680695197,0.014807259770639014,0.015157291288934506,0.0009179486733054343,0.16292106201520973,0.16658695426289852,0.3334109006474203,0.8281769332406337,"{""kernels.0.base_kernel.kernels.0"": [0.3333808531113208, 0.33333422004268215, 0.33333983313658005, 0.33336615999161445, 0.33333360291900477, 0.3333706218180244, 0.33342068859701984, 0.3334743576484682, 0.33331402286813344, 0.3333302547113942, 0.3333176093818612, 0.3335211334976904, 0.3334011126978208, 0.3333657231624936, 0.3333353619216155, 0.33336572195576697, 0.3333376593284646, 0.3333582093154], ""kernels.0.base_kernel.kernels.1.base_kernel"": [0.6931481805599428, 0.6931481805599428, 0.6931481805599428], ""kernels.1.base_kernel.kernels.0"": [0.592176697920967, 0.21499998678672572, 0.24172979694359392, 0.39027859678975324, 0.2826881350818975, 0.5768747990152777, 0.5869878284218017, 0.7198452661817032, 0.3215819705828445, 0.33806159685217707, 0.16658695426289852, 0.8281769332406337, 0.6215079589329798, 0.551889168022862, 0.1959471525224728, 0.5823688216529894, 0.3344350455420665, 0.41653270768219625], ""kernels.1.base_kernel.kernels.1"": [0.6931481805599428, 0.6931481805599428, 0.6931481805599428]}","{""kernels.0"": 2.6215204182339397e-05, ""kernels.0.base_kernel.kernels.1"": 0.0008032425430197958, ""kernels.1"": 0.48793372829842707}",10,5,30,15,15,archive,2,1
150,88.13160623364118,85.50829671317689,0.4998,local,-6.775318799172451,-60.999115727149714,54.22379692797726,0.09125753501391667,0.29995681759948994,archive,193,35,0.022156203724607866,0.01264276665225991,0.015249188490727828,0.0009289348572437464,0.1629210750369771,0.16658694928349463,0.33341090064574597,0.8281769148454201,"{""kernels.0.base_kernel.kernels.0"": [0.33338085310567667, 0.3333342200417968, 0.333339833133652, 0.33336615999144087, 0.3333336029191082, 0.33337062181828275, 0.3334206885951918, 0.3334743576484314, 0.3333140228650615, 0.33333025471229283, 0.3333176093817549, 0.3335211334963042, 0.3334011126963001, 0.3333657231611896, 0.333335361921399, 0.33336572195512926, 0.3333376593285858, 0.3333582093149475], ""kernels.0.base_kernel.kernels.1.base_kernel"": [0.6931481805599428, 0.6931481805599428, 0.6931481805599428], ""kernels.1.base_kernel.kernels.0"": [0.5921766329267253, 0.21499998371885592, 0.24172981104667352, 0.39027860476379045, 0.2826881299757249, 0.5768748033729865, 0.5869877997510436, 0.7198452688753624, 0.32158194656762523, 0.33806160108500816, 0.16658694928349463, 0.8281769148454201, 0.6215079515992827, 0.5518891538256194, 0.1959471528907418, 0.5823688159350884, 0.33443504712013555, 0.4165326941604642], ""kernels.1.base_kernel.kernels.1"": [0.6931481805599428, 0.6931481805599428, 0.6931481805599428]}","{""kernels.0"": 2.6215204177156684e-05, ""kernels.0.base_kernel.kernels.1"": 0.0008032425430197374, ""kernels.1"": 0.4879337673637344}",10,5,30,15,15,archive,3,2
151,86.22083647432018,85.50829671317689,0.5,local,-6.591005505478549,-53.74622038778139,47.15521488230284,0.0862729699102522,0.2649849866385298,archive,213,34,0.024110902822429454,0.011551379115467534,0.015095300380591072,0.0009080854341880269,0.16326630510959353,0.16677167801203552,0.3334083786610773,0.813419241451297,"{""kernels.0.base_kernel.kernels.0"": [0.3333707384524052, 0.3333325682598074, 0.3333334460720732, 0.33336511113909495, 0.3333337922964144, 0.3333716743974396, 0.3334183017393418, 0.3334769998273088, 0.33330966037494053, 0.3333318433598676, 0.3333177408914558, 0.3335192767182026, 0.33339845558281284, 0.33336353104795635, 0.33333510418408696, 0.33336457546318904, 0.3333382554074459, 0.333358116662287], ""kernels.0.base_kernel.kernels.1.base_kernel"": [0.6931481805599428, 0.6931481805599428, 0.6931481805599428], ""kernels.1.base_kernel.kernels.0"": [0.5072932276302693, 0.21583217534300506, 0.25295092910242156, 0.39191156152808804, 0.27142128161522294, 0.5879906170330528, 0.5562257182189605, 0.7265766463268686, 0.3061322739126787, 0.3463105970656477, 0.16677167801203552, 0.813419241451297, 0.6177908191167105, 0.5354496930167436, 0.20117224833419417, 0.5747770888433971, 0.3425837727122207, 0.4069348365194593], ""kernels.1.base_kernel.kernels.1"": [0.6931481805599428, 0.6931481805599428, 0.6931481805599428]}","{""kernels.0"": 2.6202822794919838e-05, ""kernels.0.base_kernel.kernels.1"": 0.0008032424121965458, ""kernels.1"": 0.4889694700937891}",10,5,30,15,15,archive,4,3
152,85.98258849556711,85.50829671317689,0.5,local,-6.278532927937912,-62.8990972140694,56.62056428613149,0.0813113134370202,0.2660575555322446,archive,193,37,0.01744614196329071,0.01046684911407477,0.014915180018263675,0.0008843915876245577,0.1630314413022047,0.1673229808085965,0.33340402845544864,0.8169018152643663,"{""kernels.0.base_kernel.kernels.0"": [0.33336520769290945, 0.333331338504872, 0.33332908583718457, 0.33336424483177357, 0.33333386222797773, 0.33337254637788577, 0.3334116293008041, 0.3334802753653315, 0.3333067264549306, 0.33333219809451065, 0.33331800665605554, 0.33351800175627644, 0.3333964276100932, 0.33336218234652903, 0.33333498610615847, 0.33336388296737446, 0.3333386328832992, 0.333358559501952], ""kernels.0.base_kernel.kernels.1.base_kernel"": [0.6931481805599428, 0.6931481805599428, 0.6931481805599428], ""kernels.1.base_kernel.kernels.0"": [0.5052769195986273, 0.2143643177606365, 0.2622741121444446, 0.3963347344008089, 0.2583854345313791, 0.5838017453319335, 0.521204982556587, 0.7328904389117386, 0.30400651551186036, 0.342444448481406, 0.1673229808085965, 0.8169018152643663, 0.6181133413702847, 0.5355165175482807, 0.20611541726146035, 0.5740787875470332, 0.3436441964692537, 0.4082363482611449], ""kernels.1.base_kernel.kernels.1"": [0.6931481805599428, 0.6931481805599428, 0.6931481805599428]}","{""kernels.0"": 2.6189534831476506e-05, ""kernels.0.base_kernel.kernels.1"": 0.0008032422691170899, ""kernels.1"": 0.48826489210266555}",10,5,30,15,15,archive,3,4
153,85.97928888372937,85.50829671317689,0.4998,local,-6.273717381895947,-54.98361631387645,48.709898931980504,0.08545777169959329,0.26808934754462155,archive,213,36,0.016397353503440574,0.00990926591872777,0.01477258858583053,0.0008650839406467179,0.16302900371932705,0.16732214744336382,0.33340402752101606,0.816901716813133,"{""kernels.0.base_kernel.kernels.0"": [0.3333652066977084, 0.33333133839180795, 0.3333290851782034, 0.33336424500272055, 0.33333386227189615, 0.3333725477617543, 0.33341162779185296, 0.3334802765334629, 0.3333067257705616, 0.33333219846277384, 0.3333180067341104, 0.3335180014965365, 0.3333964272501792, 0.33336218212590857, 0.3333349860830374, 0.33336388286623464, 0.33333863292966565, 0.3333585596705826], ""kernels.0.base_kernel.kernels.1.base_kernel"": [0.6931481805599428, 0.6931481805599428, 0.6931481805599428], ""kernels.1.base_kernel.kernels.0"": [0.5052757016648317, 0.21436484615651413, 0.2622768203511772, 0.3963407204087954, 0.2583830449402965, 0.5838146919682045, 0.5211998775163811, 0.7328973511747413, 0.30400159985769915, 0.3424489108573418, 0.16732214744336382, 0.816901716813133, 0.6181123847883601, 0.5355168289950368, 0.20611582329494066, 0.5740788698352124, 0.34364330459372305, 0.4082364299305364], ""kernels.1.base_kernel.kernels.1"": [0.6931481805599428, 0.6931481805599428, 0.6931481805599428]}","{""kernels.0"": 2.6189531311015582e-05, ""kernels.0.base_kernel.kernels.1"": 0.0008032422690801345, ""kernels.1"": 0.48825757935759}",10,5,30,15,15,archive,4,5
154,88.57669159782759,85.50829671317689,0.4992,global,-6.237563934040297,-10.36502492912225,4.127460995081952,1.2089489094166035,1.3773039567730967,global,,,0.014198245834191162,0.00964882048238095,0.01464946531455555,0.0008491581119246801,0.1616044376596599,0.16776755786421302,0.33340363556568947,0.8175780862904132,"{""kernels.0.base_kernel.kernels.0"": [0.3333648445449055, 0.33333128675470075, 0.33332885561732045, 0.3333643111178584, 0.33333387635446937, 0.3333730876896278, 0.3334109695908198, 0.3334806217095485, 0.33330646109306195, 0.33333233683353297, 0.33331805843770335, 0.3335180508241027, 0.33339630154055916, 0.3333620649837067, 0.33333497988518845, 0.3333638416116467, 0.3333386469158072, 0.33335858928995277], ""kernels.0.base_kernel.kernels.1.base_kernel"": [0.6931481805599428, 0.6931481805599428, 0.6931481805599428], ""kernels.1.base_kernel.kernels.0"": [0.5047853392001461, 0.21439297848056363, 0.26353329188569274, 0.39883579438842637, 0.2574816917823486, 0.5888873851573867, 0.5174248908870112, 0.7341141255487024, 0.30234159503526875, 0.34397639957283144, 0.16776755786421302, 0.8175780862904132, 0.6179900506206547, 0.5352342621291493, 0.20627536551009548, 0.5740779803001345, 0.3434843694566612, 0.40797277038390095], ""kernels.1.base_kernel.kernels.1"": [0.6931481805599428, 0.6931481805599428, 0.6931481805599428]}","{""kernels.0"": 2.6188282534970335e-05, ""kernels.0.base_kernel.kernels.1"": 0.000803242255972737, ""kernels.1"": 0.483983882440472}",10,5,30,15,15,archive,3,6
155,87.7629718149017,85.50829671317689,0.5002,local,-5.763743064128696,-54.96232579663497,49.198582732506274,0.07856386359972159,0.27753229006231767,archive,213,38,0.020177597146823188,0.009543451297091934,0.01477482316408034,0.0008636565030832105,0.16160444111070174,0.1677675584806341,0.33340363556530705,0.8175780730050913,"{""kernels.0.base_kernel.kernels.0"": [0.3333648445441716, 0.33333128675441687, 0.33332885561663583, 0.3333643111173854, 0.3333338763544924, 0.333373087691256, 0.33341096959024136, 0.33348062170740445, 0.3333064610928579, 0.33333233683382685, 0.3333180584377393, 0.333518050822526, 0.33339630154037275, 0.33336206498335846, 0.3333349798851435, 0.3333638416114847, 0.33333864691566617, 0.33335858928987977], ""kernels.0.base_kernel.kernels.1.base_kernel"": [0.6931481805599428, 0.6931481805599428, 0.6931481805599428], ""kernels.1.base_kernel.kernels.0"": [0.5047853400232812, 0.2143929769400606, 0.2635332916308021, 0.39883579143665077, 0.2574816890903718, 0.5888873989107265, 0.5174248931601955, 0.7341140984199915, 0.30234160231300067, 0.3439764018613517, 0.1677675584806341, 0.8175780730050913, 0.6179900508217245, 0.5352342608216627, 0.20627536537543661, 0.5740779797963416, 0.3434843687776417, 0.4079727692261101], ""kernels.1.base_kernel.kernels.1"": [0.6931481805599428, 0.6931481805599428, 0.6931481805599428]}","{""kernels.0"": 2.618828253226115e-05, ""kernels.0.base_kernel.kernels.1"": 0.0008032422559727056, ""kernels.1"": 0.4839838927936002}",10,5,30,15,15,archive,5,7
156,86.39325562666787,85.50829671317689,0.4996,global,-6.729531927978107,-13.671724820684334,6.942192892706227,0.9942684074129561,1.3840291074082587,global,,,0.01778638311121864,0.009439908858548113,0.014761793471339294,0.000861266625970536,0.1608682172353055,0.16849848854179422,0.33340367350870725,0.8094972987559872,"{""kernels.0.base_kernel.kernels.0"": [0.3333641538238858, 0.33333106774281945, 0.3333283134330422, 0.33336416822385023, 0.33333390276693325, 0.3333745232217238, 0.3334112073968207, 0.3334804203989014, 0.3333063280519593, 0.3333326737794649, 0.3333181292547013, 0.33351693482176786, 0.33339613962059383, 0.33336178908149733, 0.33333495285397224, 0.3333637136783053, 0.3333385581775381, 0.33335831735054333], ""kernels.0.base_kernel.kernels.1.base_kernel"": [0.6931481805599428, 0.6931481805599428, 0.6931481805599428], ""kernels.1.base_kernel.kernels.0"": [0.5053793908271619, 0.21345502087152482, 0.2638819038073156, 0.39915030971847565, 0.25518411864537455, 0.600970780852055, 0.5289932748597903, 0.7211146151879128, 0.3095258498460242, 0.3474243387421969, 0.16849848854179422, 0.8094972987559872, 0.6183039339007345, 0.5343426567080166, 0.20644763162833224, 0.5737699111662633, 0.34300276909450295, 0.40496107183013236], ""kernels.1.base_kernel.kernels.1"": [0.6931481805599428, 0.6931481805599428, 0.6931481805599428]}","{""kernels.0"": 2.6185587851862648e-05, ""kernels.0.base_kernel.kernels.1"": 0.0008032422266168889, ""kernels.1"": 0.4817752238914478}",10,5,30,15,15,archive,5,8
157,85.08440253223986,85.08440253223986,0.5,local,-6.697039277776868,-64.78187437801503,58.084835100238166,0.07304933591613519,0.26952125114651926,archive,193,42,0.01524297122560151,0.0093409085892413,0.014628392561294178,0.0008431044962937433,0.1625142325035653,0.16819195100936812,0.33340357168135065,0.8102500601416551,"{""kernels.0.base_kernel.kernels.0"": [0.333363906871437, 0.3333310256118455, 0.3333281176551662, 0.33336410179718695, 0.3333339175368652, 0.3333749785726697, 0.33341104305556973, 0.3334802277297478, 0.3333062393927627, 0.33333277899709307, 0.3333181190912199, 0.3335168904208126, 0.33339610030713157, 0.33336171801571274, 0.33333494270317754, 0.33336366919259425, 0.3333385197910789, 0.3333582134901962], ""kernels.0.base_kernel.kernels.1.base_kernel"": [0.6931481805599428, 0.6931481805599428, 0.6931481805599428], ""kernels.1.base_kernel.kernels.0"": [0.5052514321320671, 0.2135392849454128, 0.2633805933105258, 0.39894801518302214, 0.2545296611741894, 0.6032653818359752, 0.5275758705983284, 0.7177525148595056, 0.3112479033370976, 0.34820737580403255, 0.16819195100936812, 0.8102500601416551, 0.6183824879328996, 0.5342170627205138, 0.2065230700828749, 0.5736001515163068, 0.34269934867184193, 0.4035681540235647], ""kernels.1.base_kernel.kernels.1"": [0.6931481805599428, 0.6931481805599428, 0.6931481805599428]}","{""kernels.0"": 2.6184621947767937e-05, ""kernels.0.base_kernel.kernels.1"": 0.0008032422158021828, ""kernels.1"": 0.486713270672946}",10,5,30,15,15,archive,3,0
158,85.43871552054114,85.08440253223986,0.4998,local,-6.381428146312731,-60.55106456914631,54.169636422833584,0.07757203525667786,0.2595111548496734,archive,213,41,0.01783586912226457,0.0107069037539494,0.014480461575753124,0.0008245222943611814,0.16209705659899465,0.1677919690337647,0.3334031618075657,0.8073476162228552,"{""kernels.0.base_kernel.kernels.0"": [0.33336222854000985, 0.3333304938416865, 0.3333276459341358, 0.33336421043723813, 0.33333404119737314, 0.33337960482633355, 0.33341055825358895, 0.3334732515846901, 0.33330587768788, 0.33333349213116054, 0.333318149346565, 0.3335153943116843, 0.33339576536154236, 0.3333612270840229, 0.3333348788238023, 0.33336326552628864, 0.3333382085815718, 0.3333561644103477], ""kernels.0.base_kernel.kernels.1.base_kernel"": [0.6931481805599428, 0.6931481805599428, 0.6931481805599428], ""kernels.1.base_kernel.kernels.0"": [0.5027812285545297, 0.21054694948248642, 0.27119147710992264, 0.4108549421460803, 0.2510400768882066, 0.6329293974993345, 0.535706434268207, 0.6570092822212884, 0.3172865216356971, 0.35406630096215047, 0.1677919690337647, 0.8073476162228552, 0.6205068045244398, 0.5344269113314337, 0.20867645228684245, 0.5713146809513577, 0.3435091584898529, 0.3845786204026368], ""kernels.1.base_kernel.kernels.1"": [0.6931481805599428, 0.6931481805599428, 0.6931481805599428]}","{""kernels.0"": 2.6178239953952113e-05, ""kernels.0.base_kernel.kernels.1"": 0.0008032421429225478, ""kernels.1"": 0.48546174941410747}",10,5,30,15,15,archive,5,1
159,84.59582614889896,84.59582614889896,0.5002,local,-6.253194518420198,-71.3218852662911,65.0686907478709,0.07861891827978401,0.30408259932308906,archive,193,44,0.015032052413657307,0.009449203649520895,0.014360463443610166,0.0008093075096804454,0.16110892393592943,0.16809950644665045,0.33340289347216345,0.8106019600419516,"{""kernels.0.base_kernel.kernels.0"": [0.3333618672501944, 0.33333038106918866, 0.333327695984233, 0.33336416327443347, 0.3333340576425626, 0.3333808705553047, 0.3334100634860012, 0.33347128182602054, 0.3333060208764824, 0.33333357434870786, 0.3333181461549751, 0.33351551605496926, 0.3333957234583257, 0.33336117598693016, 0.3333348756229746, 0.3333631412231533, 0.3333381494403521, 0.33335564477165286], ""kernels.0.base_kernel.kernels.1.base_kernel"": [0.6931481805599428, 0.6931481805599428, 0.6931481805599428], ""kernels.1.base_kernel.kernels.0"": [0.5025356708233139, 0.20930677745369053, 0.27423740499139926, 0.4119209709998965, 0.25014922637259757, 0.6373548179377052, 0.5297696803245697, 0.6489023615423458, 0.32131085347916194, 0.35456415335186525, 0.16809950644665045, 0.8106019600419516, 0.6203840245166827, 0.5350583774795525, 0.20954566532511748, 0.5703966458686681, 0.34385413278695093, 0.38136579961375816], ""kernels.1.base_kernel.kernels.1"": [0.6931481805599428, 0.6931481805599428, 0.6931481805599428]}","{""kernels.0"": 2.617643608367702e-05, ""kernels.0.base_kernel.kernels.1"": 0.0008032421221608247, ""kernels.1"": 0.4824973532495438}",10,5,30,15,15,archive,4,0
160,85.13808779179227,84.59582614889896,0.4998,local,-6.203796256034343,-13.556819677639293,7.35302342160495,0.07144186611604285,0.2813487227857955,archive,254,9,0.02650201664070759,0.01042424197453993,0.01418276331262898,0.00078669519671383,0.16178537862453093,0.16795903489973307,0.3334360285305158,0.8023464735099787,"{""kernels.0.base_kernel.kernels.0"": [0.3333608621900225, 0.3333300998566326, 0.3333277744104508, 0.33336400106465125, 0.3333340897951618, 0.33338676617000734, 0.33340847531014917, 0.3334635817508824, 0.333306877488826, 0.3333336859305831, 0.3333182035766874, 0.33351361809391833, 0.3333957957065796, 0.33336101351085, 0.3333348536261022, 0.33336267277780857, 0.3333379217369232, 0.3333538467246775], ""kernels.0.base_kernel.kernels.1.base_kernel"": [0.6931481805599428, 0.6931481805599428, 0.6931481805599428], ""kernels.1.base_kernel.kernels.0"": [0.5029620588044494, 0.20147549898521513, 0.27999188669648434, 0.4150698534737008, 0.24768573319745868, 0.6639436144994041, 0.5179873988035215, 0.6260378863093525, 0.3429853436576062, 0.3532100324695273, 0.16795903489973307, 0.8023464735099787, 0.621298747382997, 0.5380802544533692, 0.21250388963416328, 0.5672028089560317, 0.34461306292073723, 0.3691291218246737], ""kernels.1.base_kernel.kernels.1"": [0.6931481805599428, 0.6931481805599428, 0.6931481805599428]}","{""kernels.0"": 2.617053925183717e-05, ""kernels.0.base_kernel.kernels.1"": 0.0008032420519858891, ""kernels.1"": 0.48452672328235513}",10,5,30,15,15,archive,3,1
161,85.38249243158367,84.59582614889896,0.499,local,-5.816218227509486,-100.2169701963018,94.40075196879232,0.06929855274743417,0.2708826414984043,archive,232,13,0.013834938205753568,0.009193606972652545,0.014118209264071724,0.0007783949200320298,0.15958520473760082,0.16737512882922023,0.33343416657239355,0.8000768225109732,"{""kernels.0.base_kernel.kernels.0"": [0.3333605229992883, 0.33333020492330506, 0.33332801684318764, 0.33336364925768336, 0.3333341046259226, 0.3333894376572168, 0.3334073998485853, 0.3334609332962018, 0.3333079895321186, 0.33333386399522724, 0.3333182641854597, 0.33351256031499704, 0.3333957441676786, 0.3333609913293313, 0.3333348216833577, 0.3333624400767586, 0.3333378449594251, 0.3333533452246429], ""kernels.0.base_kernel.kernels.1.base_kernel"": [0.6931481805599428, 0.6931481805599428, 0.6931481805599428], ""kernels.1.base_kernel.kernels.0"": [0.5039158717264204, 0.1997233836772913, 0.2849205407741839, 0.41079758464175137, 0.24721604538890118, 0.6719794172833192, 0.5087215663647534, 0.6290861424188547, 0.36317548962600915, 0.3540803712983217, 0.16737512882922023, 0.8000768225109732, 0.6207429109573492, 0.5398843754551874, 0.21287640800114405, 0.5659275249472343, 0.34467255613249487, 0.3666171397095527], ""kernels.1.base_kernel.kernels.1"": [0.6931481805599428, 0.6931481805599428, 0.6931481805599428]}","{""kernels.0"": 2.6167932128388424e-05, ""kernels.0.base_kernel.kernels.1"": 0.0008032420207223311, ""kernels.1"": 0.4779262042599517}",10,5,30,15,15,archive,3,2
162,85.99552201963027,84.59582614889896,0.5006,local,-6.0898016788765545,-67.0644330297369,60.97463135086035,0.07651314600027746,0.2922011802645014,archive,229,44,0.0184146181590962,0.008687305097306022,0.013977829026631687,0.0007605577458693227,0.16159638500734372,0.16669519543319197,0.333433878269643,0.799534676105874,"{""kernels.0.base_kernel.kernels.0"": [0.3333604559068243, 0.33333023120185545, 0.3333280301529431, 0.3333636804190256, 0.33333410645248035, 0.33338996261395587, 0.333407257422199, 0.3334604991170869, 0.3333080240953841, 0.3333338613007048, 0.33331826127811726, 0.33351235699979487, 0.33339572533175116, 0.33336097158051065, 0.3333348022537485, 0.33336237518185874, 0.33333781578664406, 0.33335325144249545], ""kernels.0.base_kernel.kernels.1.base_kernel"": [0.6931481805599428, 0.6931481805599428, 0.6931481805599428], ""kernels.1.base_kernel.kernels.0"": [0.5039552218094168, 0.19898937333771508, 0.2849668036767671, 0.4112197861784488, 0.24712194257139825, 0.6727600060453693, 0.5081797529583418, 0.6299515355096629, 0.3637813376243859, 0.3533932223928331, 0.16669519543319197, 0.799534676105874, 0.6204839602858723, 0.539702584211856, 0.2127597172202305, 0.5653393065145607, 0.34435307683334976, 0.3656382259155398], ""kernels.1.base_kernel.kernels.1"": [0.6931481805599428, 0.6931481805599428, 0.6931481805599428]}","{""kernels.0"": 2.6167392503480305e-05, ""kernels.0.base_kernel.kernels.1"": 0.0008032420138740505, ""kernels.1"": 0.48395974561565364}",10,5,30,15,15,archive,3,3
163,85.54741605287902,84.59582614889896,0.4994,local,-6.129360404086789,-89.05933233006033,82.92997192597355,0.08549372856581543,0.2957089252433237,archive,248,23,0.01675370556094298,0.008356965323420323,0.013890826637318455,0.0007501887933369644,0.16030578660294761,0.16652964022660738,0.3334336030705207,0.7996009208518776,"{""kernels.0.base_kernel.kernels.0"": [0.33336038500547455, 0.3333302940458721, 0.3333280865044513, 0.33336375447797434, 0.3333341137020783, 0.3333908210942037, 0.3334071479914413, 0.3334600581496002, 0.33330816485104425, 0.33333392775731674, 0.33331829292850645, 0.33351214368894083, 0.3333957363860061, 0.33336093745744616, 0.3333347914992572, 0.333362294052683, 0.3333378047533269, 0.33335315514085245], ""kernels.0.base_kernel.kernels.1.base_kernel"": [0.6931481805599428, 0.6931481805599428, 0.6931481805599428], ""kernels.1.base_kernel.kernels.0"": [0.5043742388899416, 0.19871448300262998, 0.285769235431168, 0.4125250300656303, 0.24716968176811882, 0.6757379529828245, 0.5088088151836851, 0.632156967239887, 0.3658122331247154, 0.3537226526875128, 0.16652964022660738, 0.7996009208518776, 0.6208465702918526, 0.5397248766394103, 0.21305750587908778, 0.5647900477593911, 0.344482242204054, 0.36500874286041357], ""kernels.1.base_kernel.kernels.1"": [0.6931481805599428, 0.6931481805599428, 0.6931481805599428]}","{""kernels.0"": 2.6166608879168262e-05, ""kernels.0.base_kernel.kernels.1"": 0.0008032420048683794, ""kernels.1"": 0.48008795119509534}",10,5,30,15,15,archive,3,4
164,84.63601185598138,84.59582614889896,0.5006,local,-6.178193283932426,-14.683261215892935,8.50506793196051,0.06359491161279433,0.23271356160334686,archive,254,13,0.015285022377688254,0.007874112423094212,0.013742228061661052,0.0007322245518437485,0.1615607952787903,0.1652357606137149,0.3334326589422022,0.7994763845549147,"{""kernels.0.base_kernel.kernels.0"": [0.3333601614886597, 0.33333047144700156, 0.3333283218773702, 0.33336386090205483, 0.33333412296465836, 0.3333943105870593, 0.3334067189332344, 0.3334585989511699, 0.3333084817255252, 0.33333405178393144, 0.33331834005212624, 0.3335115926295277, 0.33339577255954717, 0.33336076414180077, 0.33333473314395934, 0.3333620109241024, 0.3333377431876449, 0.3333527577882607], ""kernels.0.base_kernel.kernels.1.base_kernel"": [0.6931481805599428, 0.6931481805599428, 0.6931481805599428], ""kernels.1.base_kernel.kernels.0"": [0.5053164944793158, 0.19712891815384007, 0.28874066898967765, 0.4136279306455789, 0.24686320957282035, 0.6898881157468189, 0.5078779779937418, 0.6358664592307809, 0.37057317571571885, 0.35321182614777635, 0.1652357606137149, 0.7994763845549147, 0.6213339367908444, 0.5385648190741275, 0.2132918123742501, 0.5625451345572001, 0.34423553844079935, 0.3611122862853173], ""kernels.1.base_kernel.kernels.1"": [0.6931481805599428, 0.6931481805599428, 0.6931481805599428]}","{""kernels.0"": 2.6164123431148507e-05, ""kernels.0.base_kernel.kernels.1"": 0.0008032419756544324, ""kernels.1"": 0.4838529797372853}",10,5,30,15,15,archive,3,5
165,84.83410514819681,84.59582614889896,0.5,local,-6.064645460263044,-10.98322048525102,4.918575024987975,0.03788735236266015,0.1425472134246438,archive,259,13,0.010282504812972788,0.007529526183603321,0.013663538046176042,0.0007231017688236026,0.1598607763276792,0.1655171343034021,0.33343240840454963,0.7991062825911133,"{""kernels.0.base_kernel.kernels.0"": [0.3333601274318108, 0.3333305432684389, 0.33332831459230544, 0.33336410178150955, 0.3333341302449338, 0.3333953419637513, 0.3334066118813896, 0.33345820492770967, 0.33330860414686586, 0.3333341500866112, 0.3333183789553284, 0.333511397948688, 0.33339581302403776, 0.33336073092586443, 0.33333472661857516, 0.333361940499907, 0.3333377492880192, 0.3333526775529994], ""kernels.0.base_kernel.kernels.1.base_kernel"": [0.6931481805599428, 0.6931481805599428, 0.6931481805599428], ""kernels.1.base_kernel.kernels.0"": [0.5059140008466525, 0.19727746893066866, 0.28810512310268827, 0.41683348295737965, 0.2468961353260269, 0.6939119412240485, 0.5075871749136133, 0.6360974850865069, 0.3722092889068805, 0.3541774725863453, 0.1655171343034021, 0.7991062825911133, 0.6220724809608958, 0.5386548203552752, 0.21362109888375108, 0.5621749856180843, 0.3446500456506591, 0.36068570318924403], ""kernels.1.base_kernel.kernels.1"": [0.6931481805599428, 0.6931481805599428, 0.6931481805599428]}","{""kernels.0"": 2.6163398865590533e-05, ""kernels.0.base_kernel.kernels.1"": 0.0008032419675905616, ""kernels.1"": 0.47875292361658145}",10,5,30,15,15,archive,3,6
166,84.79107687523495,84.59582614889896,0.5002,local,-6.0723871895951165,-15.004054754272099,8.931667564676982,0.06351228838539419,0.23223474374634656,archive,254,15,0.011405079806843976,0.007440074942838871,0.013519390903312991,0.0007062691450029305,0.15986395053767605,0.16551634175944105,0.3334324070544076,0.7991024826031913,"{""kernels.0.base_kernel.kernels.0"": [0.3333601272442957, 0.33333054350595054, 0.33332831444732935, 0.33336410264778227, 0.3333341302564536, 0.33339534696777423, 0.33340661122967447, 0.33345820287914074, 0.3333086045573315, 0.33333415041653514, 0.33331837904262956, 0.3335113970235388, 0.33339581325423284, 0.33336073063519633, 0.3333347265603641, 0.3333619400947311, 0.3333377492684749, 0.33335267698546045], ""kernels.0.base_kernel.kernels.1.base_kernel"": [0.6931481805599428, 0.6931481805599428, 0.6931481805599428], ""kernels.1.base_kernel.kernels.0"": [0.5059159397613582, 0.19727547028658235, 0.2881005565989225, 0.4168418118098967, 0.24689541857223443, 0.6939287603538258, 0.5075823864444686, 0.6360945253376572, 0.37221481609028334, 0.3541792705615345, 0.16551634175944105, 0.7991024826031913, 0.6220745191373395, 0.5386525383294223, 0.21362162391640818, 0.5621720212950423, 0.34465061441112305, 0.36067992412809585], ""kernels.1.base_kernel.kernels.1"": [0.6931481805599428, 0.6931481805599428, 0.6931481805599428]}","{""kernels.0"": 2.6163395456197635e-05, ""kernels.0.base_kernel.kernels.1"": 0.0008032419675504855, ""kernels.1"": 0.47876244625002146}",10,5,30,15,15,archive,3,7
167,84.76718990016758,84.59582614889896,0.5004,local,-6.060360899926888,-15.268774894308688,9.2084139943818,0.0566717974296554,0.20766068104480093,archive,254,16,0.0097605096965255,0.0072967955198855634,0.013302783573563688,0.0006820726403518691,0.16067585622852712,0.165432246993949,0.3334326218442757,0.7921911787822298,"{""kernels.0.base_kernel.kernels.0"": [0.3333597621426998, 0.3333315894772329, 0.3333279166823626, 0.3333664302694703, 0.33333422069377205, 0.3334122023341311, 0.3334049594758814, 0.3334530413544202, 0.33330961862089825, 0.33333562075332007, 0.33331888988912695, 0.3335090375861825, 0.33339694396896874, 0.3333594275847326, 0.3333345524870024, 0.33336031314592346, 0.3333377714572769, 0.3333509740883674], ""kernels.0.base_kernel.kernels.1.base_kernel"": [0.6931481805599428, 0.6931481805599428, 0.6931481805599428], ""kernels.1.base_kernel.kernels.0"": [0.5141161633492424, 0.19370902351952732, 0.2824715678632029, 0.42578160868988174, 0.24410083594800158, 0.7333450200525962, 0.5024356178649673, 0.6389771508593834, 0.38312744058601855, 0.3632784145845974, 0.165432246993949, 0.7921911787822298, 0.6274689506028701, 0.5334332099927772, 0.21632691943939542, 0.5527166565827714, 0.3458492699593174, 0.3479200170291613], ""kernels.1.base_kernel.kernels.1"": [0.6931481805599428, 0.6931481805599428, 0.6931481805599428]}","{""kernels.0"": 2.615038431014223e-05, ""kernels.0.base_kernel.kernels.1"": 0.0008032418173723424, ""kernels.1"": 0.48119817648389884}",10,5,30,15,15,archive,2,8
168,84.69878452233155,84.59582614889896,0.5008,local,-6.155942665839934,-14.814948336171238,8.659005670331304,0.04471822896835654,0.1419701935337947,archive,258,18,0.006952240391862714,0.006959914459805077,0.013160665354075842,0.000666095302309504,0.16067226158188105,0.16543293405421608,0.33343262313620026,0.7921924714063003,"{""kernels.0.base_kernel.kernels.0"": [0.3333597620907143, 0.3333315897581978, 0.3333279166407146, 0.3333664307849661, 0.33333422071690366, 0.3334122056892618, 0.33340495932786424, 0.3334530405831388, 0.3333096187588141, 0.33333562119580873, 0.3333188900204581, 0.33350903732254955, 0.3333969442630387, 0.3333594273349023, 0.3333345524642908, 0.33336031275421796, 0.33333777148586186, 0.33335097386808116], ""kernels.0.base_kernel.kernels.1.base_kernel"": [0.6931481805599428, 0.6931481805599428, 0.6931481805599428], ""kernels.1.base_kernel.kernels.0"": [0.5141167344638549, 0.19370959414254335, 0.2824716681987983, 0.4257839801935235, 0.24410028590584965, 0.7333456829347039, 0.5024365960179022, 0.6389773214936814, 0.3831283314062171, 0.36328187628526737, 0.16543293405421608, 0.7921924714063003, 0.6274697279480476, 0.5334332790826377, 0.21632774573795746, 0.5527155736646278, 0.34584995524496004, 0.347919993103946], ""kernels.1.base_kernel.kernels.1"": [0.6931481805599428, 0.6931481805599428, 0.6931481805599428]}","{""kernels.0"": 2.6150380747494038e-05, ""kernels.0.base_kernel.kernels.1"": 0.0008032418173323063, ""kernels.1"": 0.4811873925475634}",10,5,30,15,15,archive,5,9
169,84.92316021799977,84.59582614889896,0.5004,local,-6.172931889606985,-11.487672741139415,5.31474085153243,0.0432472957686147,0.14963440028781075,archive,259,17,0.009578479929045697,0.006699864502504743,0.013004387605722484,0.0006488861934912719,0.1606678892079275,0.1654336181390994,0.3334326246630629,0.7921955240946992,"{""kernels.0.base_kernel.kernels.0"": [0.33335976205092627, 0.3333315900423292, 0.33332791659285727, 0.33336643136004845, 0.333334220730181, 0.3334122095001032, 0.3334049591879268, 0.33345303982602265, 0.3333096189525933, 0.3333356216953736, 0.33331889015964394, 0.33350903733231824, 0.333396944605821, 0.3333594269107229, 0.3333345524311706, 0.3333603122926013, 0.33333777152841276, 0.333350973501472], ""kernels.0.base_kernel.kernels.1.base_kernel"": [0.6931481805599428, 0.6931481805599428, 0.6931481805599428], ""kernels.1.base_kernel.kernels.0"": [0.5141176973520336, 0.1937095205365446, 0.2824718082967167, 0.4257862678554831, 0.24409940736691954, 0.7333475362161378, 0.502437817444233, 0.6389771090234531, 0.3831299820090644, 0.36328550895715256, 0.1654336181390994, 0.7921955240946992, 0.6274708042533287, 0.533431840823263, 0.2163285961109673, 0.5527140071490343, 0.34585086212039823, 0.34791786152522025], ""kernels.1.base_kernel.kernels.1"": [0.6931481805599428, 0.6931481805599428, 0.6931481805599428]}","{""kernels.0"": 2.615037678473988e-05, ""kernels.0.base_kernel.kernels.1"": 0.0008032418172881254, ""kernels.1"": 0.4811742754297096}",10,5,30,15,15,archive,3,10
170,85.04501845765749,84.59582614889896,0.5008,local,-6.220017002143426,-110.62824358076902,104.4082265786256,0.10342605493795631,0.3424860559649251,archive,192,41,0.009531247598064806,0.006579850172987873,0.012866219382459233,0.0006338665737021979,0.1606633822354265,0.1654343075953182,0.3334326261194441,0.7922006066729511,"{""kernels.0.base_kernel.kernels.0"": [0.3333597620295308, 0.3333315902706936, 0.33332791653794275, 0.33336643189031034, 0.33333422072940155, 0.3334122130375752, 0.3334049591497739, 0.333453039201313, 0.33330961921332153, 0.3333356222000186, 0.3333188902851219, 0.3335090377341505, 0.3333969449387667, 0.33335942637676225, 0.3333345523939247, 0.33336031184712567, 0.33333777157914546, 0.3333509730629146], ""kernels.0.base_kernel.kernels.1.base_kernel"": [0.6931481805599428, 0.6931481805599428, 0.6931481805599428], ""kernels.1.base_kernel.kernels.0"": [0.5141188565432628, 0.19370871884345187, 0.2824717261065246, 0.42578798560818637, 0.24409832699277834, 0.7333502892130241, 0.5024396990822109, 0.6389762149055896, 0.38313284860571944, 0.3632891643056797, 0.1654343075953182, 0.7922006066729511, 0.6274720519296666, 0.5334289985854626, 0.2163293203696542, 0.5527122125234162, 0.345851846339645, 0.347914033187673], ""kernels.1.base_kernel.kernels.1"": [0.6931481805599428, 0.6931481805599428, 0.6931481805599428]}","{""kernels.0"": 2.6150373181867324e-05, ""kernels.0.base_kernel.kernels.1"": 0.0008032418172484344, ""kernels.1"": 0.48116075451584917}",10,5,30,15,15,archive,3,11
171,84.30817328948136,84.30817328948136,0.5,local,-6.272813067234987,-15.276237171533761,9.003424104298775,0.03958946756179637,0.1434397308485604,archive,258,21,0.006292318151406605,0.006479291248683161,0.012739826959716708,0.0006204897271172577,0.15960620767921216,0.1655592721390859,0.3334329669919023,0.7936499115570819,"{""kernels.0.base_kernel.kernels.0"": [0.3333597603841055, 0.3333316400641753, 0.3333279045008064, 0.33336654757461404, 0.33333421814740327, 0.33341299943605623, 0.33340495120365926, 0.3334529345477484, 0.333309679337988, 0.33333572989614296, 0.3333189146820246, 0.3335091866294529, 0.33339701704965446, 0.3333592872468045, 0.33333454323487344, 0.3333602147262663, 0.33333778379951345, 0.3333508626666909], ""kernels.0.base_kernel.kernels.1.base_kernel"": [0.6931481805599428, 0.6931481805599428, 0.6931481805599428], ""kernels.1.base_kernel.kernels.0"": [0.5144136504095935, 0.19353830025794752, 0.2824087298533786, 0.4261164109898304, 0.24382348990823194, 0.7343446673181061, 0.5028396433174581, 0.6387950982792096, 0.3839212690650879, 0.36402043310844023, 0.1655592721390859, 0.7936499115570819, 0.6277710993733095, 0.5325486491532144, 0.2164686295780068, 0.5522755573484313, 0.3460810193552425, 0.34677018409694377], ""kernels.1.base_kernel.kernels.1"": [0.6931481805599428, 0.6931481805599428, 0.6931481805599428]}","{""kernels.0"": 2.6149625884040308e-05, ""kernels.0.base_kernel.kernels.1"": 0.0008032418091284743, ""kernels.1"": 0.4779892316026239}",10,5,30,15,15,archive,4,0
172,100.49607843346492,84.30817328948136,0.4986,local,-6.623758349607783,-119.15862674143048,112.5348683918227,0.1573058155024458,0.5024149681420377,archive,192,43,0.044005356292804367,0.005625535365597371,0.012589779920020791,0.0006046547797320725,0.15960866256934997,0.1655589584439496,0.3334329688554706,0.7936543227906399,"{""kernels.0.base_kernel.kernels.0"": [0.3333597603634365, 0.33333164030021223, 0.33332790430113096, 0.33336654805151317, 0.33333421811679254, 0.33341300359872356, 0.33340495116095636, 0.33345293411221766, 0.3333096793752219, 0.333335730343354, 0.33331891474586484, 0.33350918728463563, 0.3333970174025899, 0.3333592863999671, 0.3333345431434372, 0.3333602141767988, 0.3333377838065361, 0.3333508619539124], ""kernels.0.base_kernel.kernels.1.base_kernel"": [0.6931481805599428, 0.6931481805599428, 0.6931481805599428], ""kernels.1.base_kernel.kernels.0"": [0.5144146732391791, 0.19353635865838062, 0.2824062287575908, 0.42611507950940536, 0.24382144904804592, 0.7343487774488099, 0.5028399087726576, 0.638794214239519, 0.3839217584345711, 0.36402170792039856, 0.1655589584439496, 0.7936543227906399, 0.6277717748678872, 0.5325429812051483, 0.21646832567053323, 0.5522726362282747, 0.3460811138761201, 0.34676177188998913], ""kernels.1.base_kernel.kernels.1"": [0.6931481805599428, 0.6931481805599428, 0.6931481805599428]}","{""kernels.0"": 2.614962198357489e-05, ""kernels.0.base_kernel.kernels.1"": 0.0008032418090843283, ""kernels.1"": 0.477996596276982}",10,5,30,15,15,archive,3,1
173,84.1052280070501,84.1052280070501,0.5012,local,-6.211429601482159,-16.816353812700306,10.604924211218147,0.0576898372783221,0.21342212196463248,archive,254,21,0.006608114213937925,0.005742011386664653,0.012688371435640753,0.0006135301059177236,0.1594280152669619,0.16684068906684646,0.33342930399715537,0.8086956286951841,"{""kernels.0.base_kernel.kernels.0"": [0.3333596726003485, 0.3333317264168252, 0.33332768446932615, 0.33336465524838177, 0.3333342037998154, 0.33340984648064087, 0.3334073329452325, 0.33344876151366987, 0.3333060605661914, 0.33333674162125326, 0.3333190803364734, 0.33351055662736917, 0.3333962846804846, 0.3333584337044858, 0.3333342479746217, 0.33335968509451946, 0.3333375170166512, 0.3333501583375231], ""kernels.0.base_kernel.kernels.1.base_kernel"": [0.6931481805599428, 0.6931481805599428, 0.6931481805599428], ""kernels.1.base_kernel.kernels.0"": [0.5148564669713624, 0.18805231998572156, 0.2824088748587136, 0.4001828586113411, 0.24322935551244124, 0.6864108569655017, 0.5330129763723285, 0.6215862053466042, 0.33962970760800587, 0.37586702571659353, 0.16684068906684646, 0.8086956286951841, 0.6241249044953081, 0.5311299053871674, 0.21285883769263414, 0.5510492988948597, 0.34340097711807605, 0.34200929129633684], ""kernels.1.base_kernel.kernels.1"": [0.6931481805599428, 0.6931481805599428, 0.6931481805599428]}","{""kernels.0"": 2.6146253091828125e-05, ""kernels.0.base_kernel.kernels.1"": 0.0008032417672235312, ""kernels.1"": 0.4774546577805704}",10,5,30,15,15,archive,3,0
174,84.27006063860091,84.1052280070501,0.5,global,-6.746873693546755,-10.745422463075668,3.998548769528913,1.2913304841927113,1.4060521866921356,global,,,0.006724125055045391,0.00585139808319044,0.012538165482521284,0.0005978633760793165,0.1594267937237043,0.16684254005056792,0.33342930116462777,0.8087014669712858,"{""kernels.0.base_kernel.kernels.0"": [0.33335967232701547, 0.3333317266666704, 0.33332768415102215, 0.33336465540239574, 0.3333342036386835, 0.33340984503988064, 0.33340733357569746, 0.33344875728937484, 0.3333060600188542, 0.3333367421923989, 0.3333190801655914, 0.3335105583974282, 0.3333962843474107, 0.3333584327646821, 0.333334247777697, 0.3333596846324563, 0.33333751679000545, 0.3333501577448135], ""kernels.0.base_kernel.kernels.1.base_kernel"": [0.6931481805599428, 0.6931481805599428, 0.6931481805599428], ""kernels.1.base_kernel.kernels.0"": [0.5148526115288243, 0.18805229145943092, 0.2824040330016743, 0.40018963276084873, 0.2432270710066278, 0.6863945222120783, 0.532999475446716, 0.6215671933379011, 0.339631676112145, 0.3758718386902768, 0.16684254005056792, 0.8087014669712858, 0.6241247262761631, 0.5311275982667654, 0.21285619225063107, 0.5510475915624455, 0.343401584919861, 0.3420054085703396], ""kernels.1.base_kernel.kernels.1"": [0.6931481805599428, 0.6931481805599428, 0.6931481805599428]}","{""kernels.0"": 2.614624951201963e-05, ""kernels.0.base_kernel.kernels.1"": 0.0008032417671781044, ""kernels.1"": 0.47745099315442274}",10,5,30,15,15,archive,5,1
175,84.46694332650793,84.1052280070501,0.5004,global,-6.820155639197498,-11.298006341407156,4.477850702209658,1.1168430602885433,1.3586670985635014,global,,,0.006980938259277588,0.005181587412544252,0.01238427608641682,0.0005821202604826087,0.1594258244666797,0.16684425555608756,0.33342929826882595,0.8087078227675898,"{""kernels.0.base_kernel.kernels.0"": [0.3333596720438933, 0.3333317268858369, 0.33332768381442746, 0.333364655507605, 0.33333420345522646, 0.33340984363393084, 0.3334073345098523, 0.33344875290372106, 0.333306059394552, 0.33333674278275766, 0.33331907997578303, 0.3335105603082863, 0.33339628399377597, 0.3333584316086056, 0.333334247562054, 0.3333596841124766, 0.3333375165548659, 0.3333501569987683], ""kernels.0.base_kernel.kernels.1.base_kernel"": [0.6931481805599428, 0.6931481805599428, 0.6931481805599428], ""kernels.1.base_kernel.kernels.0"": [0.5148486908044556, 0.1880512888606137, 0.2823992458304663, 0.40019532285320203, 0.2432243585926689, 0.6863787770848088, 0.532987163849564, 0.6215463217309456, 0.33963349016365113, 0.37587638562218895, 0.16684425555608756, 0.8087078227675898, 0.6241245603907262, 0.5311233211605396, 0.21285325349922576, 0.5510452974056694, 0.34340225411964415, 0.341999086187539], ""kernels.1.base_kernel.kernels.1"": [0.6931481805599428, 0.6931481805599428, 0.6931481805599428]}","{""kernels.0"": 2.6146245810062104e-05, ""kernels.0.base_kernel.kernels.1"": 0.0008032417671311723, ""kernels.1"": 0.4774480853870978}",10,5,30,15,15,archive,5,2
176,84.27083656791653,84.1052280070501,0.4994,local,-6.866611453714466,-18.542948481883762,11.676337028169296,0.05924295593812891,0.2192706134550255,archive,254,24,0.006849641655908839,0.004835254703349491,0.012179662920244189,0.0005617085746561613,0.15896265777844984,0.16814317331141546,0.3334270574659475,0.814175777613986,"{""kernels.0.base_kernel.kernels.0"": [0.3333594591844339, 0.3333318689716, 0.3333273968472631, 0.3333647246563534, 0.33333404505259756, 0.3334087825795633, 0.33340810795385917, 0.3334453323523316, 0.3333055514340049, 0.33333725719079593, 0.33331892600718827, 0.3335121623769273, 0.33339599153495725, 0.33335736751409395, 0.33333406466981347, 0.3333592430326923, 0.3333373341240106, 0.33334944310855735], ""kernels.0.base_kernel.kernels.1.base_kernel"": [0.6931481805599428, 0.6931481805599428, 0.6931481805599428], ""kernels.1.base_kernel.kernels.0"": [0.5119516975079698, 0.18647014084389613, 0.2783550978557825, 0.4040290891565409, 0.24080297985682136, 0.6748320971000484, 0.5236247149353599, 0.6046906354991333, 0.3413071204328608, 0.37986217776721415, 0.16814317331141546, 0.814175777613986, 0.6239184217182061, 0.5261810473601272, 0.21032615516186073, 0.5488165783070136, 0.34391114242977794, 0.334962889044742], ""kernels.1.base_kernel.kernels.1"": [0.6931481805599428, 0.6931481805599428, 0.6931481805599428]}","{""kernels.0"": 2.6143338566873474e-05, ""kernels.0.base_kernel.kernels.1"": 0.0008032417302928317, ""kernels.1"": 0.47605858826648983}",10,5,30,15,15,archive,4,3
177,84.3974838256552,84.1052280070501,0.4996,local,-6.921003597638871,-124.70216442991058,117.78116083227171,0.06181254558520576,0.26030496198085307,archive,223,44,0.0062607838545388796,0.004496174065558136,0.01203080852353965,0.0005470593508380539,0.15895697932213004,0.1681438866891411,0.3334270557712935,0.8141759249985642,"{""kernels.0.base_kernel.kernels.0"": [0.3333594590218852, 0.33333186924609354, 0.3333273967226529, 0.3333647243996775, 0.33333404489722324, 0.33340878168289423, 0.3334081096020396, 0.3334453298596927, 0.333305550567517, 0.3333372579141965, 0.33331892585602996, 0.33351216409493767, 0.33339599131907116, 0.33335736629909024, 0.33333406452393105, 0.33335924248808446, 0.33333733393916026, 0.33334944255464266], ""kernels.0.base_kernel.kernels.1.base_kernel"": [0.6931481805599428, 0.6931481805599428, 0.6931481805599428], ""kernels.1.base_kernel.kernels.0"": [0.5119500502409939, 0.18646903844152435, 0.27835766380297977, 0.4040253487918294, 0.24080087851605367, 0.674827893940808, 0.5236329122788742, 0.6046957172656948, 0.3413025877749836, 0.37986699568039545, 0.1681438866891411, 0.8141759249985642, 0.6239188520389842, 0.5261776196935601, 0.21032565031036315, 0.548813473245903, 0.34391084640548836, 0.3349587414370682], ""kernels.1.base_kernel.kernels.1"": [0.6931481805599428, 0.6931481805599428, 0.6931481805599428]}","{""kernels.0"": 2.6143334746880518e-05, ""kernels.0.base_kernel.kernels.1"": 0.0008032417302455616, ""kernels.1"": 0.4760415529013977}",10,5,30,15,15,archive,4,4
178,84.41175703580784,84.1052280070501,0.4992,local,-6.9393568757572925,-18.923476614512893,11.9841197387556,0.04036950678553675,0.1412672221327872,archive,258,27,0.006280438134596319,0.004251761109402538,0.011878614936152346,0.0005323567881514837,0.15895177675647554,0.16814447065148336,0.3334270540389828,0.8141767951923261,"{""kernels.0.base_kernel.kernels.0"": [0.33335945886148444, 0.3333318694890516, 0.33332739657588834, 0.33336472414801743, 0.3333340447183463, 0.33340878079436304, 0.3334081113392415, 0.3334453272836026, 0.3333055496289186, 0.3333372586656405, 0.33331892568843047, 0.333512166017226, 0.3333959910588315, 0.33335736484326095, 0.3333340643532994, 0.3333592418822563, 0.3333373337468999, 0.33334944182509557], ""kernels.0.base_kernel.kernels.1.base_kernel"": [0.6931481805599428, 0.6931481805599428, 0.6931481805599428], ""kernels.1.base_kernel.kernels.0"": [0.5119485070372276, 0.18646683537974065, 0.27836010923117027, 0.4040208827844312, 0.24079831881154345, 0.6748244370409628, 0.5236416104649346, 0.6046997264383271, 0.34129789851879505, 0.3798716036898351, 0.16814447065148336, 0.8141767951923261, 0.62391904957339, 0.526171974684233, 0.21032476057518065, 0.5488096948523127, 0.34391045301999795, 0.3349516759736038], ""kernels.1.base_kernel.kernels.1"": [0.6931481805599428, 0.6931481805599428, 0.6931481805599428]}","{""kernels.0"": 2.6143330803861653e-05, ""kernels.0.base_kernel.kernels.1"": 0.0008032417301966968, ""kernels.1"": 0.47602594520842606}",10,5,30,15,15,archive,4,5
179,84.30508710735748,84.1052280070501,0.4996,local,-7.0024225780962635,-19.199121702512652,12.196699124416389,0.04000159527962097,0.14296713486624968,archive,258,28,0.005788538315221902,0.004059522385710109,0.011727748626259124,0.0005180297232028458,0.1589473833698279,0.16814477678146883,0.3334270523113152,0.8141778638279262,"{""kernels.0.base_kernel.kernels.0"": [0.33335945870967126, 0.33333186969278206, 0.3333273963841814, 0.3333647238756799, 0.33333404451920323, 0.3334087799282516, 0.3334081132817524, 0.33344532469437876, 0.3333055486273367, 0.3333372594158042, 0.3333189255026202, 0.33351216801298816, 0.33339599080132537, 0.33335736316637404, 0.3333340641716815, 0.3333592412264805, 0.33333733356195466, 0.3333494409145521], ""kernels.0.base_kernel.kernels.1.base_kernel"": [0.6931481805599428, 0.6931481805599428, 0.6931481805599428], ""kernels.1.base_kernel.kernels.0"": [0.5119471565713674, 0.18646350191171407, 0.27836186455814693, 0.40401558877316257, 0.24079532627936984, 0.6748216573833019, 0.5236518839604108, 0.6047025618333584, 0.34129300001007723, 0.37987567554507085, 0.16814477678146883, 0.8141778638279262, 0.6239192679524143, 0.5261640841228128, 0.21032369157730127, 0.5488052827560168, 0.3439100944831825, 0.33494151363667707], ""kernels.1.base_kernel.kernels.1"": [0.6931481805599428, 0.6931481805599428, 0.6931481805599428]}","{""kernels.0"": 2.6143326839651284e-05, ""kernels.0.base_kernel.kernels.1"": 0.0008032417301475446, ""kernels.1"": 0.47601276505249646}",10,5,30,15,15,archive,4,6
180,84.67974136350807,84.1052280070501,0.4986,global,-7.078202308952942,-12.095520091960687,5.017317783007745,1.353645178736241,1.4050856599511006,global,,,0.005521356076363491,0.0038476370128196404,0.01153678405961743,0.0005002366277567876,0.15718713502259832,0.16810109880153185,0.3334087769197903,0.815017022745315,"{""kernels.0.base_kernel.kernels.0"": [0.3333593752966333, 0.33333195750127487, 0.3333272732431292, 0.3333645520016118, 0.3333339237090022, 0.3334082934770223, 0.3334092603625584, 0.3334438663542402, 0.33330494384776316, 0.3333376824095439, 0.3333188113076397, 0.3335133230556915, 0.3333958304773081, 0.3333563144750318, 0.3333339529328889, 0.3333588508181189, 0.33333723259118386, 0.3333488383119728], ""kernels.0.base_kernel.kernels.1.base_kernel"": [0.6931481805599428, 0.6931481805599428, 0.6931481805599428], ""kernels.1.base_kernel.kernels.0"": [0.5112632497394387, 0.18398238262151465, 0.27914132896097665, 0.40046318341602927, 0.23891130725253576, 0.6734992598046747, 0.5298853375649705, 0.6053374225297745, 0.33814053765334645, 0.3819463441546886, 0.16810109880153185, 0.815017022745315, 0.6239568152811964, 0.5205655840087917, 0.2095257682140301, 0.5460021019943981, 0.34369969563426145, 0.3276923411811294], ""kernels.1.base_kernel.kernels.1"": [0.6931481805599428, 0.6931481805599428, 0.6931481805599428]}","{""kernels.0"": 2.6141142814833072e-05, ""kernels.0.base_kernel.kernels.1"": 0.0008032417029912531, ""kernels.1"": 0.47073202222198884}",10,5,30,15,15,archive,5,7
181,84.14493209048065,84.1052280070501,0.5008,local,-7.020703068893539,-20.15820736696518,13.13750429807164,0.042869998584613066,0.14935511723414147,archive,258,30,0.005962441829199225,0.0037110575190514145,0.011355539886964661,0.0004835680198497879,0.15848483504678054,0.16798885060004234,0.3334088629406744,0.8147626897613337,"{""kernels.0.base_kernel.kernels.0"": [0.33335935610323336, 0.3333320126218774, 0.3333271754510286, 0.3333645296130323, 0.3333338679302053, 0.3334081568468019, 0.3334095690345468, 0.3334432449528802, 0.33330473933782434, 0.3333378530073067, 0.33331873151598534, 0.33351376612740835, 0.3333957631891961, 0.3333558883904101, 0.3333339019518544, 0.3333586837115407, 0.33333717711731, 0.33334863480687815], ""kernels.0.base_kernel.kernels.1.base_kernel"": [0.6931481805599428, 0.6931481805599428, 0.6931481805599428], ""kernels.1.base_kernel.kernels.0"": [0.5110175227502652, 0.18324389856608023, 0.27837259005455484, 0.3994002984633641, 0.23800511673425415, 0.6735445903472679, 0.5290610201720598, 0.6040425904818141, 0.337774842866706, 0.38262628418533084, 0.16798885060004234, 0.8147626897613337, 0.6238545082462339, 0.5186105189985035, 0.20905012641342768, 0.5447260736856077, 0.34341763011818394, 0.325567769733418], ""kernels.1.base_kernel.kernels.1"": [0.6931481805599428, 0.6931481805599428, 0.6931481805599428]}","{""kernels.0"": 2.6140249663956688e-05, ""kernels.0.base_kernel.kernels.1"": 0.0008032416912870944, ""kernels.1"": 0.47462512319939054}",10,5,30,15,15,archive,4,8
182,84.18784867178188,84.1052280070501,0.5008,local,-7.027037203582575,-142.77632177474575,135.74928457116317,0.06086111454333917,0.25555136566750186,archive,232,33,0.004877863475170099,0.0035341767131329854,0.011216918024180109,0.0004712038463987778,0.15688512147195807,0.16834978772528297,0.3334089972774391,0.8147928890096814,"{""kernels.0.base_kernel.kernels.0"": [0.33335935416196805, 0.33333207283739613, 0.33332709703817537, 0.3333645200950256, 0.3333338135583691, 0.3334080500222005, 0.3334099445326778, 0.3334427732434361, 0.3333045882962719, 0.3333380701605973, 0.3333186815433309, 0.33351419027253737, 0.3333956977991369, 0.33335542535915696, 0.3333338603234745, 0.33335850341553386, 0.33333713944488236, 0.333348404268208], ""kernels.0.base_kernel.kernels.1.base_kernel"": [0.6931481805599428, 0.6931481805599428, 0.6931481805599428], ""kernels.1.base_kernel.kernels.0"": [0.511144920229581, 0.18256874085801514, 0.2780359528409536, 0.3985985704861227, 0.2371943181788862, 0.6742878733735702, 0.5296982610809226, 0.6040845484814236, 0.3379977974163463, 0.38392914591409877, 0.16834978772528297, 0.8147928890096814, 0.6239838822304407, 0.5164052004572917, 0.20885510084846512, 0.5434177693618985, 0.34346615744974285, 0.3233065243295429], ""kernels.1.base_kernel.kernels.1"": [0.6931481805599428, 0.6931481805599428, 0.6931481805599428]}","{""kernels.0"": 2.6139283044902642e-05, ""kernels.0.base_kernel.kernels.1"": 0.0008032416792256443, ""kernels.1"": 0.4698259834536037}",10,5,30,15,15,archive,2,9
183,84.55497522518152,84.1052280070501,0.4998,local,-7.011821057788239,-21.392232608955126,14.380411551166887,0.04242494262062759,0.14565506338112827,archive,258,32,0.00448978596549999,0.0033664901099641218,0.010883263241437015,0.0004419656062694109,0.1556645658325455,0.16902414668519755,0.3334098995289678,0.8138298976481922,"{""kernels.0.base_kernel.kernels.0"": [0.3333593349771224, 0.3333325073075626, 0.33332638689148925, 0.3333644450975526, 0.3333333984767403, 0.3334073859505827, 0.333412413107353, 0.33343959117930444, 0.3333032171418338, 0.3333396003338059, 0.3333181803157975, 0.3335171425727973, 0.3333950672413461, 0.3333518513482878, 0.33333349494333403, 0.33335711061170126, 0.33333679226420265, 0.33334662244299074], ""kernels.0.base_kernel.kernels.1.base_kernel"": [0.6931481805599428, 0.6931481805599428, 0.6931481805599428], ""kernels.1.base_kernel.kernels.0"": [0.5115071140496897, 0.1767582235940382, 0.2734738892521186, 0.39047180987158936, 0.2306979163395358, 0.6802517557676327, 0.5304420416095712, 0.6010009104532229, 0.33602745102002146, 0.3912150982733807, 0.16902414668519755, 0.8138298976481922, 0.6233128271926415, 0.49928156899008935, 0.20613761910828426, 0.5328013699692817, 0.3422140667162409, 0.3055807172424276], ""kernels.1.base_kernel.kernels.1"": [0.6931481805599428, 0.6931481805599428, 0.6931481805599428]}","{""kernels.0"": 2.6132405954664388e-05, ""kernels.0.base_kernel.kernels.1"": 0.0008032415903576342, ""kernels.1"": 0.46616432350132425}",10,5,30,15,15,archive,3,10
184,84.09383359842047,84.09383359842047,0.5002,local,-7.133400219614291,-21.69007729479934,14.55667707518505,0.04179010180310665,0.15093566288218588,archive,258,33,0.005253809174871683,0.0032605608817654185,0.010742820008654752,0.0004300572752245482,0.15566308941397802,0.16902339106516928,0.33340989993115794,0.8138305496542674,"{""kernels.0.base_kernel.kernels.0"": [0.33335933496519904, 0.3333325077722036, 0.3333263865957225, 0.333364445627082, 0.3333333983146792, 0.33340738610744863, 0.33341241375486724, 0.33343958978700317, 0.3333032163919946, 0.33333960139860286, 0.33331817994770674, 0.33351714444516223, 0.33339506676313047, 0.3333518499860538, 0.33333349477822344, 0.33335710986138506, 0.33333679201631367, 0.3333466223972687], ""kernels.0.base_kernel.kernels.1.base_kernel"": [0.6931481805599428, 0.6931481805599428, 0.6931481805599428], ""kernels.1.base_kernel.kernels.0"": [0.5115061941296299, 0.1767593524633977, 0.2734724241485282, 0.3904754850389568, 0.23069557835856552, 0.6802558013240272, 0.5304375397821818, 0.6009962125767523, 0.336023807088995, 0.3912215124236892, 0.16902339106516928, 0.8138305496542674, 0.623311017214036, 0.4992794679143768, 0.20613703182522325, 0.532796168961966, 0.3422124249724987, 0.3055870613912532], ""kernels.1.base_kernel.kernels.1"": [0.6931481805599428, 0.6931481805599428, 0.6931481805599428]}","{""kernels.0"": 2.6132401900867227e-05, ""kernels.0.base_kernel.kernels.1"": 0.0008032415903033767, ""kernels.1"": 0.4661598942497298}",10,5,30,15,15,archive,4,0
185,84.32881327232846,84.09383359842047,0.5002,local,-7.1478356605172575,-152.4212281484947,145.27339248797745,0.06391960947909152,0.26698000167777625,archive,232,36,0.004957932409485504,0.00469113595042072,0.010592570252458555,0.0004175179393032796,0.15566371234619883,0.16902224785122333,0.3334099003329456,0.8138300015929234,"{""kernels.0.base_kernel.kernels.0"": [0.333359334971083, 0.3333325082104045, 0.3333263862997721, 0.3333644462529958, 0.3333333981188981, 0.3334073860615544, 0.33341241460433685, 0.33343958814539043, 0.33330321532849816, 0.33333960252736344, 0.3333181795263334, 0.3335171462582857, 0.33339506610375474, 0.33335184826923864, 0.333333494554116, 0.33335710898323473, 0.33333679172428676, 0.3333466221164761], ""kernels.0.base_kernel.kernels.1.base_kernel"": [0.6931481805599428, 0.6931481805599428, 0.6931481805599428], ""kernels.1.base_kernel.kernels.0"": [0.51150551961647, 0.1767588920658273, 0.2734717109049423, 0.39047973287204923, 0.23069259403552558, 0.6802591858783796, 0.5304334598739636, 0.6009888551733664, 0.3360164624266983, 0.3912273828990199, 0.16902224785122333, 0.8138300015929234, 0.6233080997809886, 0.4992745901500416, 0.20613550500262912, 0.5327896636302314, 0.34221031672431035, 0.3055900015605732], ""kernels.1.base_kernel.kernels.1"": [0.6931481805599428, 0.6931481805599428, 0.6931481805599428]}","{""kernels.0"": 2.6132397529426064e-05, ""kernels.0.base_kernel.kernels.1"": 0.0008032415902443413, ""kernels.1"": 0.4661617630508227}",10,5,30,15,15,archive,3,1
186,84.18622372553162,84.09383359842047,0.5,local,-7.162273076733681,-22.620568154151172,15.458295077417493,0.04005909257569349,0.14582200712973886,archive,258,35,0.005059667271490898,0.004473113998530067,0.010413809708775378,0.0004028775812317692,0.1562485501901222,0.16868650565931292,0.3334099781198997,0.8136863733537236,"{""kernels.0.base_kernel.kernels.0"": [0.3333593363515401, 0.3333325835352481, 0.3333263161519407, 0.3333645568618753, 0.33333335494145405, 0.3334073628251912, 0.33341259341460816, 0.3334392500168887, 0.3333029850719063, 0.3333398262206561, 0.3333180900298904, 0.3335174947990491, 0.3333949183543, 0.33335145717892495, 0.3333334438482009, 0.33335692363867564, 0.33333673215637477, 0.3333465260788808], ""kernels.0.base_kernel.kernels.1.base_kernel"": [0.6931481805599428, 0.6931481805599428, 0.6931481805599428], ""kernels.1.base_kernel.kernels.0"": [0.511392758610475, 0.17637601704190428, 0.27313408990970667, 0.39093665692417995, 0.23000600993864814, 0.680970068632741, 0.5296939351991192, 0.5990645306672991, 0.33443413854708015, 0.39227320443287883, 0.16868650565931292, 0.8136863733537236, 0.6225956720535039, 0.49773679818129285, 0.2057005529638897, 0.5313373828234249, 0.3417334227307313, 0.30546297883749873], ""kernels.1.base_kernel.kernels.1"": [0.6931481805599428, 0.6931481805599428, 0.6931481805599428]}","{""kernels.0"": 2.613154172207931e-05, ""kernels.0.base_kernel.kernels.1"": 0.0008032415786177491, ""kernels.1"": 0.4679162774500268}",10,5,30,15,15,archive,4,2
187,84.17741497080706,84.09383359842047,0.5002,local,-7.166057324109856,-23.015886135899486,15.84982881178963,0.040290327239112564,0.1487697034868274,archive,258,36,0.004658639756262734,0.004223974543478088,0.01026072602801189,0.000390601534260827,0.15624629021325123,0.16868656674501423,0.3334099785242448,0.8136850142322718,"{""kernels.0.base_kernel.kernels.0"": [0.33335933638989046, 0.33333258394193344, 0.3333263157988035, 0.3333645574433135, 0.33333335472888087, 0.33340736257726594, 0.3334125944712237, 0.333439248600696, 0.3333029840161142, 0.3333398274981206, 0.33331808963968595, 0.3335174963212285, 0.3333949176208339, 0.333351455035353, 0.33333344359453076, 0.33335692267984474, 0.33333673191442725, 0.3333465254201135], ""kernels.0.base_kernel.kernels.1.base_kernel"": [0.6931481805599428, 0.6931481805599428, 0.6931481805599428], ""kernels.1.base_kernel.kernels.0"": [0.5113929922675466, 0.17637434753689837, 0.27313283605888694, 0.39093841503917887, 0.2300025158856746, 0.680973770951415, 0.529694199313734, 0.5990591932590579, 0.3344281062071734, 0.3922794807599169, 0.16868656674501423, 0.8136850142322718, 0.6225935394525182, 0.49772846748212346, 0.20569888941657083, 0.5313302330640102, 0.34173220217157035, 0.3054605312845554], ""kernels.1.base_kernel.kernels.1"": [0.6931481805599428, 0.6931481805599428, 0.6931481805599428]}","{""kernels.0"": 2.6131537070701827e-05, ""kernels.0.base_kernel.kernels.1"": 0.0008032415785552343, ""kernels.1"": 0.46790949752412775}",10,5,30,15,15,archive,4,3
188,208.5685558084809,84.09383359842047,0.4982,global,-8.603990541330411,-25.284470788132715,16.680480246802304,1.681033039263156,1.4139055794561115,global,,,0.2879275284429241,0.004060762389599504,0.009949809154892388,0.000366343619830875,0.15399648989510262,0.1689348332967745,0.3334003153089503,0.8101907151066021,"{""kernels.0.base_kernel.kernels.0"": [0.3333594023790847, 0.3333332365542373, 0.33332558586184013, 0.333365445676163, 0.33333294610686404, 0.3334072362423734, 0.33341447685367637, 0.3334367969900742, 0.33330100472197344, 0.33334211126098895, 0.3333173698616326, 0.33351988480863204, 0.33339339437552723, 0.33334714642447655, 0.33333293362953353, 0.33335509665267726, 0.33333628811518723, 0.3333448763318342], ""kernels.0.base_kernel.kernels.1.base_kernel"": [0.6931481805599428, 0.6931481805599428, 0.6931481805599428], ""kernels.1.base_kernel.kernels.0"": [0.5121379260454777, 0.17127110976822274, 0.2687193253700632, 0.3901906949559316, 0.2231580823036767, 0.6904027502703203, 0.5305491277241832, 0.5870267408374515, 0.3248293896909707, 0.40217703480553335, 0.1689348332967745, 0.8101907151066021, 0.6178245703475882, 0.47836831863827867, 0.20177930375918351, 0.5174952460483656, 0.3393775513302653, 0.2939602195802954], ""kernels.1.base_kernel.kernels.1"": [0.6931481805599428, 0.6931481805599428, 0.6931481805599428]}","{""kernels.0"": 2.61231316905679e-05, ""kernels.0.base_kernel.kernels.1"": 0.0008032414650333664, ""kernels.1"": 0.4611601050885839}",10,5,30,15,15,archive,5,4
189,84.16761043408903,84.09383359842047,0.5002,local,-7.127243055026514,-23.92768025739032,16.800437202363806,0.03828159449147663,0.1504183236948969,archive,258,37,0.004953922559115272,0.004061008205801514,0.009955472177738124,0.0003675098219516111,0.15399648977920824,0.16893483329998293,0.3334003153089071,0.8101907146056954,"{""kernels.0.base_kernel.kernels.0"": [0.33335940237907963, 0.33333323655429475, 0.3333255858617871, 0.3333654456761496, 0.33333294610684916, 0.33340723624237006, 0.3334144768537129, 0.33343679698999895, 0.3333010047219458, 0.3333421112611264, 0.3333173698615782, 0.3335198848087462, 0.33339339437544413, 0.3333471464242902, 0.3333329336295144, 0.333355096652571, 0.33333628811516214, 0.33334487633176635], ""kernels.0.base_kernel.kernels.1.base_kernel"": [0.6931481805599428, 0.6931481805599428, 0.6931481805599428], ""kernels.1.base_kernel.kernels.0"": [0.5121379257903633, 0.17127110990496464, 0.268719324876307, 0.3901906935241265, 0.22315808201745135, 0.6904027500925397, 0.5305491271235542, 0.5870267409252338, 0.32482939047689174, 0.4021770352585032, 0.16893483329998293, 0.8101907146056954, 0.6178245702781296, 0.4783683183038539, 0.201779303799418, 0.5174952454663213, 0.33937755122112623, 0.29396021966474106], ""kernels.1.base_kernel.kernels.1"": [0.6931481805599428, 0.6931481805599428, 0.6931481805599428]}","{""kernels.0"": 2.612313168996326e-05, ""kernels.0.base_kernel.kernels.1"": 0.0008032414650333579, ""kernels.1"": 0.4611601047409014}",10,5,30,15,15,archive,4,5
190,84.10265870854015,84.09383359842047,0.5002,local,-7.12147619338821,-24.383858289342218,17.26238209595401,0.04335270449199425,0.1502877282629906,archive,258,38,0.004102336816296536,0.0038527024419032704,0.009801911949060672,0.0003558174983008014,0.15399407528422596,0.1689353927847685,0.3334003149165138,0.8101875298542102,"{""kernels.0.base_kernel.kernels.0"": [0.3333594023605653, 0.3333332370014858, 0.3333255855172161, 0.33336544559848735, 0.3333329459869537, 0.3334072361315757, 0.3334144772834043, 0.33343679655570313, 0.33330100445071437, 0.3333421124169668, 0.3333173694477879, 0.33351988585105535, 0.3333933937014518, 0.3333471449238283, 0.3333329334749045, 0.33335509579770256, 0.3333362879162319, 0.33334487579260785], ""kernels.0.base_kernel.kernels.1.base_kernel"": [0.6931481805599428, 0.6931481805599428, 0.6931481805599428], ""kernels.1.base_kernel.kernels.0"": [0.5121361732095162, 0.17127192137848013, 0.26871681822922044, 0.3901794847906445, 0.22315583582337267, 0.6904007421715413, 0.5305452966196584, 0.5870290543713276, 0.32483480366809847, 0.4021814576845673, 0.1689353927847685, 0.8101875298542102, 0.6178239468018941, 0.47836561311177417, 0.20177961710086148, 0.5174906120107512, 0.3393767779916403, 0.29396083776117965], ""kernels.1.base_kernel.kernels.1"": [0.6931481805599428, 0.6931481805599428, 0.6931481805599428]}","{""kernels.0"": 2.612312675632522e-05, ""kernels.0.base_kernel.kernels.1"": 0.0008032414649632639, ""kernels.1"": 0.4611528612609583}",10,5,30,15,15,archive,4,6
191,84.20548778208902,84.09383359842047,0.4992,local,-7.118485716718239,-25.017875315472626,17.899389598754386,0.03852713183718485,0.14969793547583285,archive,258,39,0.0040427862135375015,0.003681737626455821,0.009614030111018341,0.0003417545684344454,0.15435995003511654,0.16884115347969572,0.33340019326835657,0.8090804846028709,"{""kernels.0.base_kernel.kernels.0"": [0.3333593954024008, 0.33333332968451146, 0.3333254771569881, 0.33336540886858207, 0.333332909726833, 0.33340720847869637, 0.3334145701732315, 0.3334366742353002, 0.3333009074517585, 0.3333424039974195, 0.33331725325748485, 0.33352009056468274, 0.3333931780580168, 0.33334669282015783, 0.3333328817046946, 0.33335486401391157, 0.33333623121254735, 0.3333446627520611], ""kernels.0.base_kernel.kernels.1.base_kernel"": [0.6931481805599428, 0.6931481805599428, 0.6931481805599428], ""kernels.1.base_kernel.kernels.0"": [0.511674565008738, 0.17097241532944413, 0.26771927466853523, 0.386820416271771, 0.22245567485700007, 0.6902844962321324, 0.5293484156810774, 0.5868518828967012, 0.32591799651000464, 0.403120433343834, 0.16884115347969572, 0.8090804846028709, 0.6173100980439924, 0.47677602945518543, 0.20157501543202735, 0.5160521628747071, 0.33902042460334125, 0.29275931689678714], ""kernels.1.base_kernel.kernels.1"": [0.6931481805599428, 0.6931481805599428, 0.6931481805599428]}","{""kernels.0"": 2.612191150667545e-05, ""kernels.0.base_kernel.kernels.1"": 0.000803241447531882, ""kernels.1"": 0.4622504867463111}",10,5,30,15,15,archive,3,7
192,85.02867835877295,84.09383359842047,0.5004,local,-6.985062322282126,-194.1324175526125,187.1473552303304,0.07563975830601782,0.2730037423859434,archive,240,43,0.011665428071342793,0.0035766093292906903,0.009412415735077295,0.00032706692383350074,0.15380774780238735,0.16861704729269839,0.33339991523552126,0.8075472402814061,"{""kernels.0.base_kernel.kernels.0"": [0.3333593707852104, 0.3333335292667003, 0.333325264672621, 0.33336557659537674, 0.3333328374808021, 0.3334071336822104, 0.33341478216936254, 0.33343663871216206, 0.333300602819151, 0.3333430746251035, 0.33331701938498665, 0.33352037815229957, 0.3333926967888321, 0.3333456922686594, 0.33333276541484136, 0.3333543817090894, 0.33333613011073154, 0.33334414841463617], ""kernels.0.base_kernel.kernels.1.base_kernel"": [0.6931481805599428, 0.6931481805599428, 0.6931481805599428], ""kernels.1.base_kernel.kernels.0"": [0.5108705345742053, 0.1702447358144728, 0.2659930554492904, 0.38374530020623837, 0.22103817912057433, 0.690687374896458, 0.5286963025737256, 0.5879481993489484, 0.32616684996809076, 0.4054995638867534, 0.16861704729269839, 0.8075472402814061, 0.6163100822300516, 0.4729256385374914, 0.2010310886937259, 0.5129639467759431, 0.3383471650780828, 0.28897484595522355], ""kernels.1.base_kernel.kernels.1"": [0.6931481805599428, 0.6931481805599428, 0.6931481805599428]}","{""kernels.0"": 2.6119327467034122e-05, ""kernels.0.base_kernel.kernels.1"": 0.0008032414106765957, ""kernels.1"": 0.4605938826690184}",10,5,30,15,15,archive,3,8
193,84.16373894528095,84.09383359842047,0.5004,local,-7.132626790105948,-7.21529240912991,0.0826656190239623,0.009072998638226198,0.03797289730580502,archive,288,0,0.003882611635306271,0.003544018246799601,0.009315102600323382,0.00032008607961685155,0.15375618584337855,0.16836221924291458,0.33339982045980165,0.8072989148165414,"{""kernels.0.base_kernel.kernels.0"": [0.33335936266025, 0.3333335692409009, 0.3333252138107383, 0.33336566801254414, 0.33333281541559795, 0.33340712509463877, 0.3334147813221833, 0.33343664424551445, 0.3333005342161671, 0.3333432698973831, 0.3333169467579341, 0.33352045321119367, 0.33339251582496454, 0.33334539046561995, 0.33333272481154297, 0.33335452296289336, 0.333336093767525, 0.3333439884096203], ""kernels.0.base_kernel.kernels.1.base_kernel"": [0.6931481805599428, 0.6931481805599428, 0.6931481805599428], ""kernels.1.base_kernel.kernels.0"": [0.5106526806341647, 0.16973924099210128, 0.2654753776326502, 0.3833553099618118, 0.22060083125683572, 0.6910816673634681, 0.5281120151260823, 0.587053576697797, 0.32613026503788856, 0.4061383503888132, 0.16836221924291458, 0.8072989148165414, 0.615654847685087, 0.4713725717314695, 0.20069445522696164, 0.5153876018868452, 0.33800925118882497, 0.28761374083034796], ""kernels.1.base_kernel.kernels.1"": [0.6931481805599428, 0.6931481805599428, 0.6931481805599428]}","{""kernels.0"": 2.6118567845687836e-05, ""kernels.0.base_kernel.kernels.1"": 0.0008032413999926954, ""kernels.1"": 0.4604391975622973}",10,5,30,15,15,archive,3,9
194,84.30135791669719,84.09383359842047,0.5002,local,-7.1391523133030885,-27.242922863882466,20.103770550579377,0.038244970403907536,0.14838227232243575,archive,258,42,0.0031702234095975328,0.003444033643553467,0.009007056851329001,0.0002986305450133033,0.15251032689660202,0.16638570052150004,0.3333991846916437,0.804850366592583,"{""kernels.0.base_kernel.kernels.0"": [0.33335929000257547, 0.3333339905180702, 0.33332478539577215, 0.3333665582538146, 0.33333263963276827, 0.33340741685230757, 0.33341488488243454, 0.3334368469833615, 0.3332999195888075, 0.33334516288909305, 0.33331631868403516, 0.33352095127540304, 0.33339095253097983, 0.33334279283997464, 0.33333236785191483, 0.333355807052157, 0.33333580038758354, 0.3333426083952986], ""kernels.0.base_kernel.kernels.1.base_kernel"": [0.6931481805599428, 0.6931481805599428, 0.6931481805599428], ""kernels.1.base_kernel.kernels.0"": [0.5088355027419375, 0.16638570052150004, 0.26170757373651155, 0.38006838936369464, 0.21694716350819362, 0.6977898012074134, 0.5252360292395424, 0.5814690624034843, 0.32551577017369876, 0.4133987038222775, 0.16696007761486836, 0.804850366592583, 0.6110753983632162, 0.4593605456163454, 0.19794925046285253, 0.5358855272966074, 0.33539609127764286, 0.2765565900473061], ""kernels.1.base_kernel.kernels.1"": [0.6931481805599428, 0.6931481805599428, 0.6931481805599428]}","{""kernels.0"": 2.6111799296330797e-05, ""kernels.0.base_kernel.kernels.1"": 0.0008032413037035073, ""kernels.1"": 0.4567016275868062}",10,5,30,15,15,archive,4,10
195,84.01466244431731,84.01466244431731,0.5008,local,-7.161463845515972,-27.878820649738802,20.71735680422283,0.04548350018277398,0.16749799043444616,archive,258,43,0.004114392534618296,0.00333414146182771,0.008850598852806183,0.00028806069259950176,0.15229920246959178,0.16630447554421535,0.3333991297900027,0.804299825843341,"{""kernels.0.base_kernel.kernels.0"": [0.33335928842418083, 0.3333340282082367, 0.33332475026693564, 0.33336662429469127, 0.33333263196635826, 0.33340745632854535, 0.33341484657601117, 0.3334369278479213, 0.33329985353720704, 0.3333453337981953, 0.3333162735879738, 0.33352093465910243, 0.33339080325146003, 0.3333426149812615, 0.3333323436891081, 0.33335589479331174, 0.333335777766857, 0.33334255601885443], ""kernels.0.base_kernel.kernels.1.base_kernel"": [0.6931481805599428, 0.6931481805599428, 0.6931481805599428], ""kernels.1.base_kernel.kernels.0"": [0.5087641474691719, 0.16630447554421535, 0.26137550385491387, 0.37972057282216876, 0.21677142641277994, 0.6980035080672464, 0.5252853396381594, 0.5812739572938522, 0.3249654420321927, 0.41406236680110486, 0.1669245063676194, 0.804299825843341, 0.6107428304327427, 0.45860072819198844, 0.1978532638882765, 0.5362053597125348, 0.3352735082541305, 0.2766874116083456], ""kernels.1.base_kernel.kernels.1"": [0.6931481805599428, 0.6931481805599428, 0.6931481805599428]}","{""kernels.0"": 2.6111199218748866e-05, ""kernels.0.base_kernel.kernels.1"": 0.0008032412950118091, ""kernels.1"": 0.4560682549145448}",10,5,30,15,15,archive,4,0
196,84.16121940603503,84.01466244431731,0.4994,local,-7.3821036327526794,-27.54077812507488,20.1586744923222,0.07185103521988365,0.26297399939959776,archive,254,43,0.006190797226214601,0.0036985715636639297,0.008630145355814457,0.00027347624196107784,0.15358597720104014,0.16590382003744736,0.33339896038146755,0.8026738712127562,"{""kernels.0.base_kernel.kernels.0"": [0.33335926932965204, 0.3333341115627995, 0.3333246218797907, 0.33336675054716847, 0.3333326115423307, 0.33340749592169916, 0.3334148011972905, 0.3334372103041128, 0.33329964871644213, 0.33334569070466497, 0.3333161524022761, 0.3335208040564123, 0.3333904248412359, 0.3333421622251182, 0.33333227354989403, 0.3333560845059696, 0.33333571435216386, 0.3333423546942803], ""kernels.0.base_kernel.kernels.1.base_kernel"": [0.6931481805599428, 0.6931481805599428, 0.6931481805599428], ""kernels.1.base_kernel.kernels.0"": [0.5084284608260571, 0.16590382003744736, 0.2598357567478676, 0.37840714086784044, 0.2162412231875804, 0.6982143449899202, 0.525291539081181, 0.5812833137567683, 0.3232316343517851, 0.4149099850282013, 0.16660023468036958, 0.8026738712127562, 0.6096405658085794, 0.45630743150774195, 0.1972761354949938, 0.5367369099036982, 0.33475450842573845, 0.27548280399834646], ""kernels.1.base_kernel.kernels.1"": [0.6931481805599428, 0.6931481805599428, 0.6931481805599428]}","{""kernels.0"": 2.610986706598395e-05, ""kernels.0.base_kernel.kernels.1"": 0.0008032412750204378, ""kernels.1"": 0.459928580461034}",10,5,30,15,15,archive,3,1
197,528.889909632415,84.01466244431731,0.4992,global,-8.847838095684214,-13.324722835983676,4.476884740299463,1.1367526694727186,1.4094343409389252,global,,,0.2955565240336431,0.0035346880260266832,0.008486589625866785,0.000264224220724634,0.1535777054203442,0.1659020785738414,0.33339895954168164,0.8026681326101631,"{""kernels.0.base_kernel.kernels.0"": [0.333359269273503, 0.3333341119063188, 0.33332462128186535, 0.3333667513414244, 0.3333326114771436, 0.33340749603528785, 0.333414802528663, 0.3334372120131665, 0.3332996480917499, 0.3333456924784989, 0.33331615199172177, 0.3335208027287931, 0.33339042304807537, 0.3333421601299469, 0.3333322732543967, 0.33335608535491823, 0.33333571416657043, 0.33334235375610277], ""kernels.0.base_kernel.kernels.1.base_kernel"": [0.6931481805599428, 0.6931481805599428, 0.6931481805599428], ""kernels.1.base_kernel.kernels.0"": [0.5084282383136359, 0.1659020785738414, 0.2598287254562629, 0.37840508586659266, 0.21623936797364823, 0.6982174060537922, 0.5253075762238617, 0.5812850867960212, 0.32322790464593887, 0.41491659714566337, 0.16660118805462432, 0.8026681326101631, 0.60963608109363, 0.4562962205167769, 0.19727343713690706, 0.5367395156586496, 0.33475360089848555, 0.2754774279957355], ""kernels.1.base_kernel.kernels.1"": [0.6931481805599428, 0.6931481805599428, 0.6931481805599428]}","{""kernels.0"": 2.6109860862461764e-05, ""kernels.0.base_kernel.kernels.1"": 0.0008032412749310992, ""kernels.1"": 0.45990376512523906}",10,5,30,15,15,archive,5,2
198,85.27575832451447,84.01466244431731,0.4998,local,-6.352985500674775,-12.51087042635795,6.157884925683176,0.02594887017824138,0.11512541756709115,archive,264,33,0.015991212126478953,0.003426679922669145,0.008005236003141278,0.00023063391223224013,0.15420534234306038,0.16628619459868266,0.33337822335881406,0.7938959246520214,"{""kernels.0.base_kernel.kernels.0"": [0.33335932459185946, 0.33333496425735254, 0.3333215512658981, 0.33336750762185785, 0.33333260337829645, 0.33340509454037914, 0.3334149649287152, 0.33344043950862445, 0.33329922632219783, 0.33335075052349294, 0.3333154042552674, 0.333517157886789, 0.3333889390957703, 0.3333350691559127, 0.33333214473939116, 0.33335594779369454, 0.3333355858185954, 0.33334025477038826], ""kernels.0.base_kernel.kernels.1.base_kernel"": [0.6931481805599428, 0.6931481805599428, 0.6931481805599428], ""kernels.1.base_kernel.kernels.0"": [0.511127560413107, 0.1730965703074711, 0.2163607722286354, 0.37380524561836714, 0.21870003570299953, 0.6985174003176893, 0.5371317911315339, 0.5930376892940747, 0.31688832820200263, 0.45728398250916086, 0.16628619459868266, 0.7938959246520214, 0.5997279462043885, 0.36519220592688745, 0.19520072873398864, 0.5229482862000661, 0.33060844589604943, 0.2670658796694453], ""kernels.1.base_kernel.kernels.1"": [0.6931481805599428, 0.6931481805599428, 0.6931481805599428]}","{""kernels.0"": 2.6101909505745513e-05, ""kernels.0.base_kernel.kernels.1"": 0.0008032411547932547, ""kernels.1"": 0.46178668396488215}",10,5,30,15,15,archive,4,3
199,262.5351885110261,84.01466244431731,0.4992,global,-8.31024429145238,-11.94937398703129,3.6391296955789105,0.4187074317412515,1.1809355594362396,global,,,0.28360565850340486,0.0034002881502744556,0.007914209346085544,0.0002253021867017197,0.1548371411923011,0.1650758587574807,0.3333778718449034,0.7878327101408295,"{""kernels.0.base_kernel.kernels.0"": [0.333359286730061, 0.3333348613076307, 0.33332127879939943, 0.3333674825260244, 0.33333260475390775, 0.33340466254083745, 0.33341439934802025, 0.3334411462200438, 0.33329950249130197, 0.3333522788175291, 0.33331519790092656, 0.3335157814922986, 0.3333882611637824, 0.3333354158132803, 0.3333320418289237, 0.33335620372951513, 0.3333355334164767, 0.3333394422114382], ""kernels.0.base_kernel.kernels.1.base_kernel"": [0.6931481805599428, 0.6931481805599428, 0.6931481805599428], ""kernels.1.base_kernel.kernels.0"": [0.5089751617286984, 0.1736258197735946, 0.21937536073838967, 0.37296143312622354, 0.21897159991224574, 0.6990320239142562, 0.5331305958070716, 0.5847653895717266, 0.31967779501729277, 0.4642140287568756, 0.1650758587574807, 0.7878327101408295, 0.5964656130110082, 0.3689426495413468, 0.19303120106071545, 0.5225758487237753, 0.32907722184123045, 0.2634766233572703], ""kernels.1.base_kernel.kernels.1"": [0.6931481805599428, 0.6931481805599428, 0.6931481805599428]}","{""kernels.0"": 2.6099117303023047e-05, ""kernels.0.base_kernel.kernels.1"": 0.0008032411116146083, ""kernels.1"": 0.4636820833479857}",10,5,30,15,15,archive,5,4
200,2277.384685059321,84.01466244431731,0.5002,global,-8.795841390812656,-11.619653256916099,2.8238118661034424,0.5348736449552929,1.2651059832710703,global,,,0.3066177526629625,0.0033979724450117193,0.00794470284844034,0.00022693212186542696,0.15308340079093158,0.16564312603927517,0.3333778053281066,0.7852941958265965,"{""kernels.0.base_kernel.kernels.0"": [0.3333592822495446, 0.33333484148335896, 0.3333210073635457, 0.33336755412369856, 0.33333259157588235, 0.33340443106981754, 0.3334143437075148, 0.33344164071967247, 0.33329949175739715, 0.3333528718519009, 0.3333151769199785, 0.333515051546836, 0.3333880565325147, 0.3333353280116704, 0.33333201541576113, 0.33335622850062846, 0.33333551580435644, 0.3333392044465788], ""kernels.0.base_kernel.kernels.1.base_kernel"": [0.6931481805599428, 0.6931481805599428, 0.6931481805599428], ""kernels.1.base_kernel.kernels.0"": [0.5086747892669239, 0.1737944530466467, 0.21758235933670725, 0.37368474907752414, 0.21843078085191203, 0.699023952982793, 0.5346180938905548, 0.5849650301163395, 0.31939781973086573, 0.46656120886262165, 0.16564312603927517, 0.7852941958265965, 0.5959940426441391, 0.36589254074750094, 0.19247553274380913, 0.5214971916626447, 0.3285618840707804, 0.26299497482160833], ""kernels.1.base_kernel.kernels.1"": [0.6931481805599428, 0.6931481805599428, 0.6931481805599428]}","{""kernels.0"": 2.609796757017351e-05, ""kernels.0.base_kernel.kernels.1"": 0.0008032410941260393, ""kernels.1"": 0.45842086331109855}",10,5,30,15,15,archive,5,5
