iteration,new_compliance,best_compliance,raster_solid_fraction,winner_source,winner_acquisition,winner_start_acquisition,winner_acquisition_gain,winner_start_distance,winner_kernel_distance,winner_start_method,winner_anchor_index,winner_archive_rank,posterior_score_std,posterior_incumbent_score_std,posterior_fixed_burnin_score_std,noise,outputscale_mean,lengthscale_min,lengthscale_median,lengthscale_max,lengthscales,outputscales,global_restarts,local_restarts,raw_global,raw_local,requested_raw_local,local_start_strategy,optimizer_failures,stagnation
1,125.96313008186446,125.92641449279164,0.5004,global,-3.1333299108816552,-7.4109943889756345,4.277664478093979,0.5959576784890684,1.2632242867560701,global,,,0.12759362721931541,0.026307943921979604,0.026307943921979604,0.006689389453505816,0.31952889964369424,0.13281069370302795,0.33334225625046365,0.6931481805599428,"{""kernels.0.base_kernel.kernels.0"": [0.33327871472399395, 0.3331573451886702, 0.3333358442236742, 0.33330613652447466, 0.33323603441767374, 0.33323068594771765, 0.333447118993915, 0.333406618872427, 0.33317078245021003, 0.333323655865258, 0.33327708424970653, 0.33321735653184265, 0.33311218329230347, 0.3331076879558132, 0.33320369531990235, 0.33314025173181244, 0.33334866827725307, 0.3331979372545135], ""kernels.0.base_kernel.kernels.1.base_kernel"": [0.6931481805599428, 0.6931481805599428, 0.6931481805599428], ""kernels.1.base_kernel.kernels.0"": [0.344445451099318, 0.3782306903919207, 0.34178883992416065, 0.41762283476623274, 0.3042689104328772, 0.35492389213165165, 0.48556079796616625, 0.4341963132606737, 0.1930995938278883, 0.29087634552020164, 0.363600913834717, 0.13281069370302795, 0.29028314994158944, 0.3814819807492072, 0.3436300397528813, 0.4197669683399459, 0.42213715302346116, 0.29393997742052924], ""kernels.1.base_kernel.kernels.1"": [0.6931481805599428, 0.6931481805599428, 0.6931481805599428]}","{""kernels.0"": 4.979238160636018e-06, ""kernels.0.base_kernel.kernels.1"": 0.0013904819154842247, ""kernels.1"": 0.9571912377774379}",10,5,30,1,15,radius,0,1
2,126.47538154335973,125.92641449279164,0.4994,global,-3.438771417901971,-6.013779030155164,2.5750076122531933,0.4373968528496473,1.1329487588980525,global,,,0.10432259966814658,0.025857826787586132,0.025857826787586132,0.006453916982046935,0.30825588909605633,0.13344330672239102,0.333335010876911,0.6931481805599428,"{""kernels.0.base_kernel.kernels.0"": [0.33333401417260416, 0.33333498267847006, 0.3333332785262446, 0.3333336686326787, 0.33333433364130155, 0.33333433187405076, 0.33333331115105375, 0.33333300493522877, 0.3333346732044427, 0.33333332332157506, 0.33333386838340057, 0.3333343020090121, 0.33333503907535184, 0.333335073597172, 0.33333447523714643, 0.33333514812264475, 0.33333381277858576, 0.3333345679263437], ""kernels.0.base_kernel.kernels.1.base_kernel"": [0.6931481805599428, 0.6931481805599428, 0.6931481805599428], ""kernels.1.base_kernel.kernels.0"": [0.34507993537110615, 0.3818977374917961, 0.34014378809953677, 0.4276236004015027, 0.3057944489047458, 0.3556423987966168, 0.49060579098418433, 0.4434074389551283, 0.19378423174439735, 0.28882419739023224, 0.3679195006765541, 0.13344330672239102, 0.29861921108556255, 0.37911240690931214, 0.35950484122943316, 0.4217123186749811, 0.4253390903665561, 0.3038607520726702], ""kernels.1.base_kernel.kernels.1"": [0.6931481805599428, 0.6931481805599428, 0.6931481805599428]}","{""kernels.0"": 4.979144224655933e-06, ""kernels.0.base_kernel.kernels.1"": 0.0013904816417391966, ""kernels.1"": 0.9233722065022051}",10,5,30,0,15,radius,0,2
3,134.60207272670166,125.92641449279164,0.4988,global,-3.466091580573422,-10.279999457526506,6.813907876953084,0.8078018692674239,1.3656532190591462,global,,,0.09084673885962005,0.025427999269341674,0.025427999269341674,0.006181373898398665,0.298446147558464,0.1316509977781219,0.3333336296987873,0.6931481805599428,"{""kernels.0.base_kernel.kernels.0"": [0.3333334138772436, 0.333332942155186, 0.33333328430883125, 0.3333334766442646, 0.3333332645636191, 0.3333332573375769, 0.33333467976028125, 0.33333378275331005, 0.33333286221716724, 0.3333332323564613, 0.3333332277920707, 0.33333301446120034, 0.33333260016224237, 0.3333325659164771, 0.33333301593539466, 0.3333329468036479, 0.33333404512413756, 0.333333027498139], ""kernels.0.base_kernel.kernels.1.base_kernel"": [0.6931481805599428, 0.6931481805599428, 0.6931481805599428], ""kernels.1.base_kernel.kernels.0"": [0.34672946609781785, 0.36910531584817685, 0.33756479026803604, 0.43594846950735344, 0.3069903279057192, 0.3646089845422716, 0.49767313578173344, 0.44259242704356133, 0.20647412855499528, 0.2919489331652527, 0.36977683561963665, 0.1316509977781219, 0.30575214450330246, 0.38866565867700653, 0.35781668325316945, 0.42365027708257424, 0.42932448167382475, 0.3026677342526165], ""kernels.1.base_kernel.kernels.1"": [0.6931481805599428, 0.6931481805599428, 0.6931481805599428]}","{""kernels.0"": 4.979029443993316e-06, ""kernels.0.base_kernel.kernels.1"": 0.0013904813149018726, ""kernels.1"": 0.8939429823310461}",10,5,30,2,15,radius,0,3
4,126.13878706203256,125.92641449279164,0.4974,global,-3.31230940076511,-7.179069559579563,3.8667601588144533,1.1022925275695177,1.3819722808809967,global,,,0.08506108656456203,0.025339247349078855,0.025339247349078855,0.006112482470590123,0.2912508304777734,0.1325836029900792,0.3333336351107685,0.6931481805599428,"{""kernels.0.base_kernel.kernels.0"": [0.33333347545028713, 0.33333311965221335, 0.3333332748159551, 0.333333527457333, 0.33333335789366375, 0.33333336601502006, 0.33333461535841225, 0.3333337427642041, 0.3333330082764928, 0.33333328678300905, 0.3333333181457791, 0.3333331128118636, 0.3333327874040327, 0.3333327727927922, 0.3333331558006761, 0.3333330542758698, 0.3333340196539951, 0.3333331564445026], ""kernels.0.base_kernel.kernels.1.base_kernel"": [0.6931481805599428, 0.6931481805599428, 0.6931481805599428], ""kernels.1.base_kernel.kernels.0"": [0.34722259014491325, 0.3712826608269079, 0.33662701191751465, 0.43933998570767874, 0.3063426020047171, 0.36493980138931714, 0.4999255747968016, 0.4454347747096823, 0.20625221288156168, 0.30046011196821193, 0.37325676455959805, 0.1325836029900792, 0.3043617187345512, 0.3932260311790826, 0.360828910713477, 0.418333312728106, 0.4276503797076253, 0.3021847263597889], ""kernels.1.base_kernel.kernels.1"": [0.6931481805599428, 0.6931481805599428, 0.6931481805599428]}","{""kernels.0"": 4.978965927651304e-06, ""kernels.0.base_kernel.kernels.1"": 0.0013904811357434693, ""kernels.1"": 0.8723570313316491}",10,5,30,0,15,radius,0,4
5,132.26284445129022,125.92641449279164,0.4484,global,-3.460897498962936,-7.904911800132227,4.444014301169291,0.5285500653690351,1.2097056639201305,global,,,0.08746947039765361,0.024549198975691182,0.024549198975691182,0.005726541249760957,0.28220256340162686,0.1319509832819804,0.3333336664844358,0.6931481805599428,"{""kernels.0.base_kernel.kernels.0"": [0.3333335501469352, 0.33333311795307996, 0.33333326808132113, 0.3333335691754672, 0.33333336864360713, 0.3333333951391733, 0.33333466989925, 0.3333337637934044, 0.3333330181244712, 0.33333329305655895, 0.33333355104910367, 0.333333118775683, 0.3333327978583317, 0.33333276885029556, 0.33333336374711775, 0.33333300197404353, 0.33333405472493466, 0.33333317244238725], ""kernels.0.base_kernel.kernels.1.base_kernel"": [0.6931481805599428, 0.6931481805599428, 0.6931481805599428], ""kernels.1.base_kernel.kernels.0"": [0.35694402242204937, 0.36926111448668614, 0.33578125912102214, 0.44265911143361214, 0.30285975502913093, 0.36850704542776547, 0.5036807110822858, 0.44853465565795986, 0.20549809807123526, 0.3000461906659117, 0.40028478670127376, 0.1319509832819804, 0.30560920980205625, 0.39177727994383316, 0.3864603363312927, 0.41713950808990274, 0.4297229071524029, 0.3059590238862806], ""kernels.1.base_kernel.kernels.1"": [0.6931481805599428, 0.6931481805599428, 0.6931481805599428]}","{""kernels.0"": 4.9788532676867776e-06, ""kernels.0.base_kernel.kernels.1"": 0.0013904808337725442, ""kernels.1"": 0.8452122305178403}",10,5,30,0,15,radius,0,5
6,142.6893737121157,125.92641449279164,0.4984,global,-3.4220103371642576,-5.74870861443164,2.3266982772673828,0.5901105836862021,1.2483004442794896,global,,,0.08417990442564285,0.024447805322918015,0.024447805322918015,0.005623516197862804,0.2755250337639161,0.13069775969088016,0.33333372543214934,0.6931481805599428,"{""kernels.0.base_kernel.kernels.0"": [0.3333335547063916, 0.33333310400419197, 0.3333332974566265, 0.3333336052114248, 0.333333371824966, 0.3333334155945682, 0.33333469547505473, 0.3333338456528739, 0.33333301706809976, 0.3333332897927058, 0.3333335990726638, 0.3333331074937387, 0.3333328061922604, 0.33333278286310014, 0.33333348418611597, 0.3333329986140967, 0.3333340682520014, 0.33333317041802824], ""kernels.0.base_kernel.kernels.1.base_kernel"": [0.6931481805599428, 0.6931481805599428, 0.6931481805599428], ""kernels.1.base_kernel.kernels.0"": [0.357111247449957, 0.36833552415709075, 0.3397733526294334, 0.44818254541778096, 0.30309017338345334, 0.37075490480154083, 0.5059800966902406, 0.45844307106236715, 0.20770585057493446, 0.2999403092335416, 0.4078413762835359, 0.13069775969088016, 0.30997278300662123, 0.3934166754181121, 0.40202101414941266, 0.42005624143882536, 0.43008240747343485, 0.3058408438224099], ""kernels.1.base_kernel.kernels.1"": [0.6931481805599428, 0.6931481805599428, 0.6931481805599428]}","{""kernels.0"": 4.9788152768068036e-06, ""kernels.0.base_kernel.kernels.1"": 0.0013904807404338112, ""kernels.1"": 0.8251796417360378}",10,5,30,0,15,radius,0,6
7,156.8537705253545,125.92641449279164,0.4996,global,-3.0575965114465995,-7.427329599576381,4.369733088129781,1.0685700697179923,1.4006479776108816,global,,,0.08255838533458877,0.02562673173882565,0.02562673173882565,0.0062380030875403515,0.27225299519800195,0.12275373250276465,0.3333335310522922,0.6931481805599428,"{""kernels.0.base_kernel.kernels.0"": [0.333333586716592, 0.3333330866373374, 0.33333302644241486, 0.33333347538799235, 0.33333341778730763, 0.33333345939718695, 0.33333472887680665, 0.33333340253584953, 0.33333306515790545, 0.33333332352763223, 0.33333368949684655, 0.3333331825058261, 0.3333329637952845, 0.33333278264403693, 0.3333334725498081, 0.3333330428770113, 0.3333341715070797, 0.3333332643185089], ""kernels.0.base_kernel.kernels.1.base_kernel"": [0.6931481805599428, 0.6931481805599428, 0.6931481805599428], ""kernels.1.base_kernel.kernels.0"": [0.36031592236682697, 0.34518948270776023, 0.2863781180122044, 0.43421429869429395, 0.30911448894309057, 0.3662250361297748, 0.5084802676638788, 0.4152440581981846, 0.23551287857833955, 0.2990613320848402, 0.4152618057297422, 0.12275373250276465, 0.32213132470745887, 0.40204176923351104, 0.3915785671216231, 0.4265609319073759, 0.4353299559266852, 0.3181741348082576], ""kernels.1.base_kernel.kernels.1"": [0.6931481805599428, 0.6931481805599428, 0.6931481805599428]}","{""kernels.0"": 4.9786393863854055e-06, ""kernels.0.base_kernel.kernels.1"": 0.001390480240024169, ""kernels.1"": 0.8153635267145953}",10,5,30,1,15,radius,0,7
8,116.79323263673407,116.79323263673407,0.4994,global,-2.7219283081228247,-7.174582255866965,4.452653947744141,0.6743190533578481,1.3517409648469556,global,,,0.08191725564562406,0.02858848207857555,0.02858848207857555,0.007967220809298958,0.2703493310717788,0.12042653480062367,0.3333337375531409,0.6931481805599428,"{""kernels.0.base_kernel.kernels.0"": [0.33333337200839236, 0.33333339942382917, 0.33333324960151706, 0.33333313656880914, 0.3333334458737698, 0.3333334431747567, 0.33333435486651286, 0.33333329590363686, 0.3333332275827224, 0.3333336454196094, 0.3333338296866723, 0.3333330104681396, 0.33333278625002566, 0.3333327742915555, 0.33333342122507736, 0.33333330853423904, 0.3333341120123774, 0.33333327548072056], ""kernels.0.base_kernel.kernels.1.base_kernel"": [0.6931481805599428, 0.6931481805599428, 0.6931481805599428], ""kernels.1.base_kernel.kernels.0"": [0.33420724748617103, 0.35884923603171265, 0.13583824124773847, 0.3637637258129548, 0.3196107092288511, 0.3241825242524481, 0.4691236466349539, 0.39480719636275496, 0.270590381578953, 0.35703689496514074, 0.41372786253676885, 0.12042653480062367, 0.32918714211403305, 0.37352436744162865, 0.3945387742138402, 0.3828029481577653, 0.4259994641966592, 0.35634629608461366], ""kernels.1.base_kernel.kernels.1"": [0.6931481805599428, 0.6931481805599428, 0.6931481805599428]}","{""kernels.0"": 4.978009832124602e-06, ""kernels.0.base_kernel.kernels.1"": 0.0013904780092350059, ""kernels.1"": 0.8096525371962692}",10,5,30,1,15,radius,0,0
9,95.75712449562778,95.75712449562778,0.5004,local,-3.943599174844503,-6.2708336862663,2.327234511421797,0.2297903489243746,0.815363351498189,radius,,,0.1088176390485967,0.027754743303704244,0.027287522560207597,0.0069858168599607,0.2620852292463503,0.12298940834779196,0.3333339893749281,0.6931481805599428,"{""kernels.0.base_kernel.kernels.0"": [0.3333334217214609, 0.3333334858994969, 0.3333332586682161, 0.33333332652184866, 0.33333344318636166, 0.33333357416270853, 0.3333344840844268, 0.33333327776522037, 0.3333332122744834, 0.33333364978193564, 0.3333338401041086, 0.333332979264583, 0.3333327617114916, 0.33333278912469777, 0.33333343621799094, 0.33333330647748394, 0.33333413864574757, 0.3333332955337902], ""kernels.0.base_kernel.kernels.1.base_kernel"": [0.6931481805599428, 0.6931481805599428, 0.6931481805599428], ""kernels.1.base_kernel.kernels.0"": [0.33974556031774067, 0.3678287780815133, 0.1282970440682048, 0.38349345311619265, 0.3171145987955758, 0.3431011871179157, 0.47388293679470656, 0.4066906597726387, 0.266163596114755, 0.358424629284489, 0.41377254163961796, 0.12298940834779196, 0.3289147994452453, 0.3721205702601748, 0.39737023070763766, 0.3785525619866078, 0.42588347804112053, 0.35915897701345756], ""kernels.1.base_kernel.kernels.1"": [0.6931481805599428, 0.6931481805599428, 0.6931481805599428]}","{""kernels.0"": 4.977815255897198e-06, ""kernels.0.base_kernel.kernels.1"": 0.0013904774366723877, ""kernels.1"": 0.7848602324871226}",10,5,30,2,15,radius,0,0
10,106.80444844732307,95.75712449562778,0.4992,global,-3.7454865430331736,-12.192897485552443,8.44741094251927,1.138512850320364,1.4024709432055598,global,,,0.10323368944402059,0.031435153201647234,0.02977526629018455,0.008133550497438843,0.25631613737362696,0.11362339177045822,0.3333339377865312,0.6931481805599428,"{""kernels.0.base_kernel.kernels.0"": [0.33333318725115446, 0.33333363281383144, 0.33333336007368125, 0.3333334779675743, 0.3333333917573777, 0.3333334877954012, 0.3333347501862616, 0.33333322769744617, 0.33333313427760525, 0.33333355038410284, 0.333333667136677, 0.3333328306076862, 0.33333288790488425, 0.3333324983450025, 0.33333351076139744, 0.33333321811271194, 0.3333342084363854, 0.3333334808756639], ""kernels.0.base_kernel.kernels.1.base_kernel"": [0.6931481805599428, 0.6931481805599428, 0.6931481805599428], ""kernels.1.base_kernel.kernels.0"": [0.3061481858286266, 0.38248845050963803, 0.11362339177045822, 0.39673041324097735, 0.31273373883352734, 0.34651685343499455, 0.4841563777411335, 0.4136184697307725, 0.2622808242774675, 0.36114813763954967, 0.39941155115138877, 0.13623667351010166, 0.3345425987161622, 0.36305592017209154, 0.39841403031306827, 0.36384414804091675, 0.4263337828917523, 0.3604510341074376], ""kernels.1.base_kernel.kernels.1"": [0.6931481805599428, 0.6931481805599428, 0.6931481805599428]}","{""kernels.0"": 4.977627953016506e-06, ""kernels.0.base_kernel.kernels.1"": 0.001390476912879202, ""kernels.1"": 0.7675529575800486}",10,5,30,1,15,radius,0,1
11,97.35618244451771,95.75712449562778,0.5008,global,-4.632308955441399,-7.782102319026786,3.1497933635853874,0.4821164193891356,1.1749385870643978,global,,,0.09671179903220718,0.03025097025669923,0.030925392110895285,0.00864770297191838,0.24558107536519702,0.11665706615632077,0.3333336233219274,0.6931481805599428,"{""kernels.0.base_kernel.kernels.0"": [0.3333331372293388, 0.3333336050972446, 0.3333333333384058, 0.33333351165205405, 0.3333333936861653, 0.3333334543126085, 0.33333482233187545, 0.33333322032679913, 0.33333313929374186, 0.33333356874809783, 0.33333364154661016, 0.33333281849367025, 0.33333283333821406, 0.3333325005619181, 0.3333335506952736, 0.3333332352832002, 0.33333422142175617, 0.33333340239430237], ""kernels.0.base_kernel.kernels.1.base_kernel"": [0.6931481805599428, 0.6931481805599428, 0.6931481805599428], ""kernels.1.base_kernel.kernels.0"": [0.300754451372273, 0.3801293010429223, 0.11665706615632077, 0.3978978576041615, 0.3126627003994861, 0.3403525405055258, 0.48549113187085335, 0.40975745891269416, 0.2613619685830638, 0.35940518297433627, 0.39626903987062084, 0.1356252965263482, 0.33093292042506, 0.3643064395012877, 0.40130735650895183, 0.36907447087708467, 0.4255011056909871, 0.3530426386538377], ""kernels.1.base_kernel.kernels.1"": [0.6931481805599428, 0.6931481805599428, 0.6931481805599428]}","{""kernels.0"": 4.977405217194857e-06, ""kernels.0.base_kernel.kernels.1"": 0.0013904763049384038, ""kernels.1"": 0.7353477723854355}",10,5,30,0,15,radius,0,2
12,98.10803472084218,95.75712449562778,0.4996,global,-4.314012499706179,-10.285913156472489,5.97190065676631,1.4325067213761589,1.4101211109726826,global,,,0.08262830318157281,0.027607793178081347,0.02906137477046945,0.007175772749830032,0.2367216214426641,0.11390546194517363,0.3333339673302784,0.6931481805599428,"{""kernels.0.base_kernel.kernels.0"": [0.33333305506998806, 0.3333336104281595, 0.3333333477423856, 0.33333343280356276, 0.3333336921676515, 0.33333345264814757, 0.33333484949485426, 0.33333322696604417, 0.3333333646155546, 0.33333360750391094, 0.3333336155853295, 0.33333281212839344, 0.33333275710749116, 0.3333324663012827, 0.3333336401675028, 0.33333319815976, 0.3333342424929054, 0.33333343034640683], ""kernels.0.base_kernel.kernels.1.base_kernel"": [0.6931481805599428, 0.6931481805599428, 0.6931481805599428], ""kernels.1.base_kernel.kernels.0"": [0.28487360956783625, 0.3743136933566951, 0.11390546194517363, 0.3909641551852895, 0.3571008404546924, 0.3346859455532342, 0.4855479154473158, 0.40665386415252675, 0.30398569539997905, 0.3536327063886905, 0.3874505351396024, 0.13205727752280688, 0.32550371230845754, 0.37526970665072185, 0.4096000655517812, 0.3634210244438225, 0.4241484996491065, 0.35289529609701176], ""kernels.1.base_kernel.kernels.1"": [0.6931481805599428, 0.6931481805599428, 0.6931481805599428]}","{""kernels.0"": 4.977284844076525e-06, ""kernels.0.base_kernel.kernels.1"": 0.0013904759718152613, ""kernels.1"": 0.708769411071333}",10,5,30,0,15,radius,0,3
13,111.1882721396019,95.75712449562778,0.4994,global,-4.292708846559283,-10.599345630669314,6.30663678411003,1.2547811200217938,1.4035374348579208,global,,,0.07979197363545858,0.026430030416089184,0.028181539893191002,0.006441122882034628,0.22770901690427717,0.11317425559710444,0.3333343185078868,0.6931481805599428,"{""kernels.0.base_kernel.kernels.0"": [0.3333330313096788, 0.3333336698339575, 0.3333333588875416, 0.3333334166096488, 0.33333436121282256, 0.33333352989952975, 0.33333498546995993, 0.3333332138971073, 0.33333340321687993, 0.33333361319684446, 0.33333360325389505, 0.3333328308104006, 0.33333270461839054, 0.3333324177045569, 0.33333368194996743, 0.33333320436451724, 0.33333427580295105, 0.3333334688048628], ""kernels.0.base_kernel.kernels.1.base_kernel"": [0.6931481805599428, 0.6931481805599428, 0.6931481805599428], ""kernels.1.base_kernel.kernels.0"": [0.27923472419918505, 0.38130449809821737, 0.11317425559710444, 0.39035413227239, 0.41183392827581894, 0.34010839655454506, 0.4858157507687986, 0.4024722900850755, 0.3107132134732415, 0.34808914626195553, 0.38230875341646325, 0.13176530617977233, 0.3220926434471014, 0.37936369915366724, 0.41206269836955733, 0.3647682960099445, 0.4236528402129166, 0.3532125974054256], ""kernels.1.base_kernel.kernels.1"": [0.6931481805599428, 0.6931481805599428, 0.6931481805599428]}","{""kernels.0"": 4.9771533847109315e-06, ""kernels.0.base_kernel.kernels.1"": 0.001390475621183526, ""kernels.1"": 0.6817315979382633}",10,5,30,0,15,radius,0,4
14,117.10003937192045,95.75712449562778,0.4962,local,-3.6716058688105053,-6.968655651407692,3.297049782597187,0.19529319338734438,0.8237040723547818,radius,,,0.0646556829168043,0.027307937416874168,0.029671853378840964,0.007113695126543218,0.22237106496354775,0.1185449950563794,0.3333344605263997,0.6931481805599428,"{""kernels.0.base_kernel.kernels.0"": [0.33333310561561735, 0.3333334390032034, 0.3333333109789744, 0.3333335975906505, 0.3333345669708592, 0.3333336253641874, 0.33333480283067746, 0.3333328833099144, 0.3333333960320137, 0.33333362395376015, 0.3333336312442292, 0.3333327888883717, 0.3333327640217386, 0.33333258052096404, 0.33333367713729856, 0.3333332566365907, 0.3333343540819401, 0.3333334315209042], ""kernels.0.base_kernel.kernels.1.base_kernel"": [0.6931481805599428, 0.6931481805599428, 0.6931481805599428], ""kernels.1.base_kernel.kernels.0"": [0.3008820671315808, 0.3620996462253952, 0.1185449950563794, 0.39693006175935486, 0.4232415694146532, 0.352283062595575, 0.4771472142332226, 0.3410568021393166, 0.3145026819975471, 0.3457275073063008, 0.3818334501167824, 0.13349642547508384, 0.3174946939568969, 0.38381881164785675, 0.4111428415870222, 0.36935640430203454, 0.4267745452389369, 0.35428397413677065], ""kernels.1.base_kernel.kernels.1"": [0.6931481805599428, 0.6931481805599428, 0.6931481805599428]}","{""kernels.0"": 4.976999051638079e-06, ""kernels.0.base_kernel.kernels.1"": 0.0013904751931903656, ""kernels.1"": 0.6657177426984012}",10,5,30,1,15,radius,0,5
15,102.65723829873713,95.75712449562778,0.4954,local,-3.90134863790344,-9.139711195200402,5.238362557296962,0.17848181229475307,0.6446683735978581,radius,,,0.06703762410193656,0.02527655796558707,0.027332857652171003,0.005746688981484237,0.218238660717704,0.1211340781119007,0.3333344755612059,0.6931481805599428,"{""kernels.0.base_kernel.kernels.0"": [0.33333327997196394, 0.3333332249581462, 0.33333278314479087, 0.3333334374240926, 0.33333466152834096, 0.3333342762856028, 0.3333355485399381, 0.33333463870752233, 0.3333337024392156, 0.33333391400635926, 0.3333338273920629, 0.333333406287111, 0.33333257990988285, 0.3333331366016639, 0.33333325139117376, 0.33333354296937345, 0.3333343124148895, 0.3333335083419687], ""kernels.0.base_kernel.kernels.1.base_kernel"": [0.6931481805599428, 0.6931481805599428, 0.6931481805599428], ""kernels.1.base_kernel.kernels.0"": [0.3283262861561933, 0.24733856461224263, 0.2998205387070999, 0.4066786889008465, 0.4377090341234215, 0.3614673289524601, 0.4996522913542379, 0.1474366256841083, 0.3871065423088341, 0.3685216916694122, 0.3837879951612709, 0.1211340781119007, 0.3337222936136264, 0.42958533981309605, 0.39162233131717733, 0.44862695860243545, 0.4337576836772878, 0.2942391687665379], ""kernels.1.base_kernel.kernels.1"": [0.6931481805599428, 0.6931481805599428, 0.6931481805599428]}","{""kernels.0"": 4.976486721151368e-06, ""kernels.0.base_kernel.kernels.1"": 0.0013904733936148457, ""kernels.1"": 0.653320532272776}",10,5,30,1,15,radius,0,6
16,89.19248040644894,89.19248040644894,0.4992,global,-4.424259779068985,-18.6135392186892,14.189279439620217,1.72518116436106,1.4141738108292983,global,,,0.06778889684759949,0.025790264997592193,0.028401307372604594,0.006138767784463243,0.21163352803571278,0.1212024123401639,0.33333447609519523,0.6931481805599428,"{""kernels.0.base_kernel.kernels.0"": [0.33333331601080285, 0.333333263950792, 0.33333281834193157, 0.3333335080221358, 0.3333348554289979, 0.3333344646184512, 0.3333355103416455, 0.3333344875719393, 0.33333371917829135, 0.3333338232725044, 0.33333371389989036, 0.3333333651445171, 0.3333325907477067, 0.333333083066936, 0.3333332902478012, 0.3333335287804153, 0.33333435051820326, 0.3333335430543429], ""kernels.0.base_kernel.kernels.1.base_kernel"": [0.6931481805599428, 0.6931481805599428, 0.6931481805599428], ""kernels.1.base_kernel.kernels.0"": [0.3325710829525506, 0.24751495361687254, 0.2704009507410449, 0.40620596267522285, 0.44425961710606054, 0.3725535742609326, 0.49759098644661304, 0.15511899727104628, 0.3913753540128801, 0.36116437299892334, 0.37666293101964265, 0.1212024123401639, 0.3345056693831095, 0.42854977746279094, 0.39246510739925256, 0.44639443723453864, 0.43362608444314094, 0.30034775025118254], ""kernels.1.base_kernel.kernels.1"": [0.6931481805599428, 0.6931481805599428, 0.6931481805599428]}","{""kernels.0"": 4.976313957361252e-06, ""kernels.0.base_kernel.kernels.1"": 0.0013904727195559734, ""kernels.1"": 0.633505135073625}",10,5,30,0,15,radius,0,0
17,88.5086965502432,88.5086965502432,0.4992,global,-4.5667513294169195,-18.665950067121155,14.099198737704235,0.8158748521072131,1.3483394859154159,global,,,0.07824470306567965,0.02695486399342558,0.027135511459695016,0.005290742304766738,0.2054015518369269,0.12153288343906302,0.333334650384574,0.6931481805599428,"{""kernels.0.base_kernel.kernels.0"": [0.33333323364908146, 0.3333331444833916, 0.33333283623198345, 0.33333354904769263, 0.333334612646352, 0.3333346982504075, 0.33333566318340657, 0.33333468812279604, 0.33333352886717355, 0.33333384603244587, 0.3333338951783363, 0.33333340314519416, 0.33333251977704687, 0.33333304540427816, 0.333333131164533, 0.33333354372781265, 0.3333343521706681, 0.3333333835227147], ""kernels.0.base_kernel.kernels.1.base_kernel"": [0.6931481805599428, 0.6931481805599428, 0.6931481805599428], ""kernels.1.base_kernel.kernels.0"": [0.3192060183874788, 0.2502863784373097, 0.27725373580593776, 0.4033783820306255, 0.4313424270196369, 0.3756508265273599, 0.49888656457819675, 0.14476661758969966, 0.3805599371054028, 0.3620147412909482, 0.37758629817596373, 0.12153288343906302, 0.3338796755799219, 0.41854940381559524, 0.3840080266553626, 0.4448201345006919, 0.43344313899352205, 0.30569643493297016], ""kernels.1.base_kernel.kernels.1"": [0.6931481805599428, 0.6931481805599428, 0.6931481805599428]}","{""kernels.0"": 4.9762244882005035e-06, ""kernels.0.base_kernel.kernels.1"": 0.0013904723624912785, ""kernels.1"": 0.6148092069238013}",10,5,30,0,15,radius,0,0
18,121.54704930217302,88.5086965502432,0.5,global,-4.3282438347413,-10.595860491024597,6.267616656283297,0.4325511385545554,1.1419481867413874,global,,,0.06528145857041696,0.026065864941972588,0.025850778458123416,0.004586273081349967,0.19930219165947385,0.12215545686510966,0.3333348409135459,0.6931481805599428,"{""kernels.0.base_kernel.kernels.0"": [0.33333322726224024, 0.33333306043103045, 0.3333328144754569, 0.3333336305634523, 0.3333348725982364, 0.33333521196272725, 0.33333632609204794, 0.33333480922885544, 0.3333335500830871, 0.333333870335452, 0.33333405316265524, 0.3333334370202469, 0.3333323803478456, 0.33333310924380255, 0.3333331054753504, 0.3333334948724102, 0.3333343787046703, 0.33333353594634235], ""kernels.0.base_kernel.kernels.1.base_kernel"": [0.6931481805599428, 0.6931481805599428, 0.6931481805599428], ""kernels.1.base_kernel.kernels.0"": [0.31168148833981935, 0.26438158414633584, 0.25252200315528317, 0.4073221830770184, 0.4463887332363508, 0.3943720525330307, 0.51505065316926, 0.141999807415021, 0.3847219427538527, 0.36027300170315946, 0.3814857427853012, 0.12215545686510966, 0.3279551493491091, 0.41542472145316806, 0.38499328981880565, 0.4393834934899505, 0.4344240955007865, 0.33523774349105295], ""kernels.1.base_kernel.kernels.1"": [0.6931481805599428, 0.6931481805599428, 0.6931481805599428]}","{""kernels.0"": 4.975962045409586e-06, ""kernels.0.base_kernel.kernels.1"": 0.0013904713709084028, ""kernels.1"": 0.5965111276454678}",10,5,30,0,15,radius,0,1
19,90.83901261316177,88.5086965502432,0.4986,local,-3.3970970917890324,-10.192982858172154,6.7958857663831225,0.1670773059269305,0.8118080282750074,radius,,,0.06909693138696842,0.03496564054106554,0.03483142032934427,0.008742971885095027,0.19776732436555958,0.11378827224075673,0.3333337734417925,0.6931481805599428,"{""kernels.0.base_kernel.kernels.0"": [0.33333357259541696, 0.3333328433090702, 0.33333317541867785, 0.3333336936484854, 0.33333481642184787, 0.3333343996699007, 0.33333318833977144, 0.3333347214345198, 0.33333335181868634, 0.33333352174838077, 0.33333426206516065, 0.33333320643016645, 0.33333233468513523, 0.33333260054514474, 0.33333344709680596, 0.33333385323509956, 0.3333342880452551, 0.33333357522582996], ""kernels.0.base_kernel.kernels.1.base_kernel"": [0.6931481805599428, 0.6931481805599428, 0.6931481805599428], ""kernels.1.base_kernel.kernels.0"": [0.3495730971608786, 0.2966718105454943, 0.32993691670686764, 0.4130272056224336, 0.4439314221060654, 0.3256112314634991, 0.2447220032823133, 0.16357262458989708, 0.33700234335447093, 0.29270035013759477, 0.3834480964312222, 0.11378827224075673, 0.3048879173610656, 0.3801622888088218, 0.3724682233200689, 0.42534106848268555, 0.41497754409708754, 0.317837371801297], ""kernels.1.base_kernel.kernels.1"": [0.6931481805599428, 0.6931481805599428, 0.6931481805599428]}","{""kernels.0"": 4.975762793427416e-06, ""kernels.0.base_kernel.kernels.1"": 0.0013904700480358192, ""kernels.1"": 0.5919065272858495}",10,5,30,2,15,radius,0,2
20,88.56510410659483,88.5086965502432,0.4998,global,-4.450322577496882,-13.426400308608445,8.976077731111562,1.1452308658962373,1.406431752128803,global,,,0.04679738589487785,0.03241500907664176,0.035083199563663243,0.008627510077400181,0.19110275184734957,0.11722709159442832,0.33333408025705535,0.6931481805599428,"{""kernels.0.base_kernel.kernels.0"": [0.3333335953150198, 0.3333329048520712, 0.3333331051564951, 0.3333337416337769, 0.3333349707276131, 0.33333462927754104, 0.3333331673972202, 0.33333470963467904, 0.33333348317438377, 0.3333336105701875, 0.33333436498494917, 0.3333331870899109, 0.3333323121412297, 0.33333259121758646, 0.3333334688542855, 0.3333338376418204, 0.33333432287229026, 0.33333364066831367], ""kernels.0.base_kernel.kernels.1.base_kernel"": [0.6931481805599428, 0.6931481805599428, 0.6931481805599428], ""kernels.1.base_kernel.kernels.0"": [0.35149868604125195, 0.3023433862343173, 0.32081334170787135, 0.41357783629797956, 0.45116011799050626, 0.34387379529011597, 0.22979305090897714, 0.16718553586507867, 0.34385655157424344, 0.3010522456803272, 0.38563106024223004, 0.11722709159442832, 0.30357210944791435, 0.373141611944659, 0.3708739225652641, 0.41981035240832393, 0.41337772110133414, 0.32105344058673524], ""kernels.1.base_kernel.kernels.1"": [0.6931481805599428, 0.6931481805599428, 0.6931481805599428]}","{""kernels.0"": 4.975698786694441e-06, ""kernels.0.base_kernel.kernels.1"": 0.0013904696793877599, ""kernels.1"": 0.5719128101638742}",10,5,30,0,15,radius,0,3
21,89.05387543645534,88.5086965502432,0.4968,global,-4.3225848384418395,-11.004972773307713,6.682387934865874,0.5130052377153869,1.258090839920714,global,,,0.03635082612471277,0.028571729759864342,0.031470144082131724,0.00642438186665237,0.1861344425845253,0.12255496657267562,0.3333340274436254,0.6931481805599428,"{""kernels.0.base_kernel.kernels.0"": [0.33333358672320174, 0.3333329696213799, 0.33333309094253666, 0.3333341857330842, 0.33333519141707, 0.33333468256684234, 0.3333333847523371, 0.3333348404975727, 0.3333334216224265, 0.33333359875628554, 0.33333446690115925, 0.33333309612857115, 0.3333323012931482, 0.3333326522668428, 0.33333346482467374, 0.3333338691541665, 0.33333433795439166, 0.33333363678402744], ""kernels.0.base_kernel.kernels.1.base_kernel"": [0.6931481805599428, 0.6931481805599428, 0.6931481805599428], ""kernels.1.base_kernel.kernels.0"": [0.34798346062235697, 0.32060635489882494, 0.31800157063387285, 0.42859405851458116, 0.4569065349862604, 0.3338469545847575, 0.2138835837533764, 0.16079740533161818, 0.3305261391392716, 0.3000506077115936, 0.3805418362811369, 0.12255496657267562, 0.302177281845759, 0.3739987589139633, 0.3654382363687023, 0.41605463879367827, 0.4099482848969632, 0.30858482347302607], ""kernels.1.base_kernel.kernels.1"": [0.6931481805599428, 0.6931481805599428, 0.6931481805599428]}","{""kernels.0"": 4.975549361428638e-06, ""kernels.0.base_kernel.kernels.1"": 0.0013904688568301064, ""kernels.1"": 0.5570078833473844}",10,5,30,0,15,radius,0,4
22,88.64570724979075,88.5086965502432,0.4966,global,-4.230888755600617,-9.400594731193127,5.16970597559251,0.5554902788551622,1.249702996742331,global,,,0.032923370546028466,0.026216792746600232,0.029000917328805793,0.005172139498401137,0.18121826914362915,0.1223561606246828,0.3333340547316467,0.6931481805599428,"{""kernels.0.base_kernel.kernels.0"": [0.3333335722674253, 0.33333311290296075, 0.3333331059121325, 0.3333342324839121, 0.3333353601939067, 0.33333481295522344, 0.3333334652125179, 0.3333348986365991, 0.3333334260937707, 0.3333336447739961, 0.333334573553295, 0.3333331017290442, 0.33333235999826805, 0.33333273134919367, 0.33333348081416125, 0.3333338769793812, 0.33333437440672287, 0.3333337260279604], ""kernels.0.base_kernel.kernels.1.base_kernel"": [0.6931481805599428, 0.6931481805599428, 0.6931481805599428], ""kernels.1.base_kernel.kernels.0"": [0.34226132480113286, 0.3438755719595483, 0.3180613915184423, 0.4341512149780835, 0.4617217221256665, 0.3289733442188245, 0.2059765552460872, 0.1592956933563488, 0.3262952668775797, 0.2954942835019657, 0.3790945605068497, 0.1223561606246828, 0.3004813515803819, 0.3864882076383451, 0.36545568217051105, 0.41797266163765534, 0.40854287578106185, 0.3062738784655196], ""kernels.1.base_kernel.kernels.1"": [0.6931481805599428, 0.6931481805599428, 0.6931481805599428]}","{""kernels.0"": 4.975407046440956e-06, ""kernels.0.base_kernel.kernels.1"": 0.0013904680802068626, ""kernels.1"": 0.5422593639436342}",10,5,30,0,15,radius,0,5
23,89.19406566554596,88.5086965502432,0.4978,global,-4.336456556100607,-9.483958290773598,5.147501734672991,0.5640748421602706,1.2890214348938271,global,,,0.037815250715478706,0.024322881901441506,0.027084520525076386,0.004317599343478523,0.1766511338559824,0.12332741109369606,0.333334114869544,0.6931481805599428,"{""kernels.0.base_kernel.kernels.0"": [0.333333566856775, 0.33333320405642125, 0.33333306302216603, 0.33333432543598507, 0.3333355279584972, 0.3333349042311708, 0.3333334645816218, 0.3333349424393383, 0.33333344499630907, 0.3333336931665008, 0.33333470282081096, 0.3333330997182741, 0.3333323559987272, 0.33333276486078106, 0.3333334825254797, 0.3333339043031029, 0.33333440111418994, 0.3333337668887843], ""kernels.0.base_kernel.kernels.1.base_kernel"": [0.6931481805599428, 0.6931481805599428, 0.6931481805599428], ""kernels.1.base_kernel.kernels.0"": [0.33984746733604715, 0.35563889305796914, 0.31274841792586167, 0.43857695077460085, 0.467087207431561, 0.32741016166693965, 0.20286831907694286, 0.15761157021854177, 0.32671124359512654, 0.29761353855502143, 0.38207006237738556, 0.12332741109369606, 0.29924387176196887, 0.3924259265012853, 0.3641039208971887, 0.4186664227375304, 0.40772549091179816, 0.3032823294612386], ""kernels.1.base_kernel.kernels.1"": [0.6931481805599428, 0.6931481805599428, 0.6931481805599428]}","{""kernels.0"": 4.975316596072071e-06, ""kernels.0.base_kernel.kernels.1"": 0.0013904676016187583, ""kernels.1"": 0.5285579586497324}",10,5,30,0,15,radius,0,6
24,91.62455441700288,88.5086965502432,0.4978,global,-4.34668125974969,-13.125262888791209,8.778581629041518,0.3716108200880148,1.2145878422401408,global,,,0.044879463213519336,0.02323846688788048,0.025790854609896115,0.0037832234345890935,0.1721878498244607,0.12356532869908221,0.3333341631115285,0.6931481805599428,"{""kernels.0.base_kernel.kernels.0"": [0.33333357369611666, 0.33333322492426537, 0.3333330447069697, 0.33333463916763045, 0.3333358014841446, 0.3333349866931795, 0.33333344229229833, 0.3333349759770166, 0.3333334443742776, 0.33333376095751194, 0.33333477895564345, 0.33333309495754293, 0.3333323431115698, 0.33333276827464337, 0.333333490698503, 0.33333390480796565, 0.33333442141509145, 0.33333380351844966], ""kernels.0.base_kernel.kernels.1.base_kernel"": [0.6931481805599428, 0.6931481805599428, 0.6931481805599428], ""kernels.1.base_kernel.kernels.0"": [0.338894955245239, 0.3591406541131805, 0.310769886308579, 0.4568964198220931, 0.47934060879879753, 0.32795036423450885, 0.20119563359133566, 0.15700400775973383, 0.32552928176260637, 0.3031982232792067, 0.383238370926492, 0.12356532869908221, 0.29805996827454184, 0.39379739725597124, 0.36415034124577267, 0.4184381879391653, 0.40763498267158843, 0.3032594425515447], ""kernels.1.base_kernel.kernels.1"": [0.6931481805599428, 0.6931481805599428, 0.6931481805599428]}","{""kernels.0"": 4.975265250492813e-06, ""kernels.0.base_kernel.kernels.1"": 0.0013904673589532274, ""kernels.1"": 0.5151681068491784}",10,5,30,0,15,radius,0,7
25,88.40385811085358,88.40385811085358,0.4996,global,-4.357252023678913,-14.329973961273978,9.972721937595065,1.2751867954209177,1.4140102888452564,global,,,0.041733294729402313,0.023045794714284768,0.025586136785468054,0.0036455322503319287,0.16832416030558597,0.12334018187748606,0.3333343844153112,0.6931481805599428,"{""kernels.0.base_kernel.kernels.0"": [0.3333336181777949, 0.3333332063901994, 0.33333301732344883, 0.3333348037179286, 0.3333359770480462, 0.3333350937376195, 0.3333333999757443, 0.3333350058289713, 0.3333334647852766, 0.3333337985109344, 0.33333478902807995, 0.33333309396795685, 0.33333233675328955, 0.33333277904683184, 0.33333349894517483, 0.3333343115957653, 0.3333344572348571, 0.33333381567243453], ""kernels.0.base_kernel.kernels.1.base_kernel"": [0.6931481805599428, 0.6931481805599428, 0.6931481805599428], ""kernels.1.base_kernel.kernels.0"": [0.34146624495170086, 0.3620196964372575, 0.3083498988068016, 0.4596234203981531, 0.47839380265067016, 0.32860291913532436, 0.2028649690310886, 0.15684566711298562, 0.32519366549682166, 0.3065026294199372, 0.3816986225768082, 0.12334018187748606, 0.2993476385935731, 0.40303466581132497, 0.3655410494447718, 0.43558364697045193, 0.40911876226993704, 0.29939410261661337], ""kernels.1.base_kernel.kernels.1"": [0.6931481805599428, 0.6931481805599428, 0.6931481805599428]}","{""kernels.0"": 4.975199632762845e-06, ""kernels.0.base_kernel.kernels.1"": 0.0013904670710575748, ""kernels.1"": 0.5035770386460676}",10,5,30,0,15,radius,0,0
26,89.50440860092394,88.40385811085358,0.5004,global,-4.47409201259471,-14.037287057484033,9.563195044889323,1.0361802088185783,1.4084595208288933,global,,,0.03376999435408911,0.02151894704024758,0.02429428171613598,0.0031810544433661754,0.1642406233842125,0.12444893727154738,0.3333345270994259,0.6931481805599428,"{""kernels.0.base_kernel.kernels.0"": [0.33333366787697283, 0.3333336468814052, 0.33333300095511176, 0.3333349427925137, 0.3333364678391792, 0.33333530472023987, 0.3333334772701644, 0.33333514584500934, 0.3333334914995321, 0.33333396404875715, 0.33333498231566194, 0.33333312793864867, 0.3333324052475083, 0.33333276251699845, 0.333333501301845, 0.3333345431818698, 0.333334511016982, 0.33333382355567326], ""kernels.0.base_kernel.kernels.1.base_kernel"": [0.6931481805599428, 0.6931481805599428, 0.6931481805599428], ""kernels.1.base_kernel.kernels.0"": [0.33933919492811426, 0.4010513459109782, 0.30674194122606613, 0.46637462847559, 0.4877560130176014, 0.3286895759943274, 0.19952008546041142, 0.15544774428824218, 0.3189145443180206, 0.31133472380052646, 0.38639764129643306, 0.12444893727154738, 0.2959873690722915, 0.41498062580386214, 0.3652165682672263, 0.44110941152512645, 0.4076709968965312, 0.2832633376094035], ""kernels.1.base_kernel.kernels.1"": [0.6931481805599428, 0.6931481805599428, 0.6931481805599428]}","{""kernels.0"": 4.9750063709066546e-06, ""kernels.0.base_kernel.kernels.1"": 0.0013904662693385447, ""kernels.1"": 0.491326428876928}",10,5,30,3,15,radius,0,1
27,87.12008857494061,87.12008857494061,0.4976,global,-4.542515834522535,-15.864280745519553,11.321764910997018,0.7448081100404831,1.340428077809139,global,,,0.021814202018444365,0.020577280476709814,0.02336660061433851,0.0028691509291551166,0.16063611694229554,0.12426949255065932,0.3333345495810368,0.6931481805599428,"{""kernels.0.base_kernel.kernels.0"": [0.3333336689956185, 0.33333366118279206, 0.33333302483202554, 0.3333349922107259, 0.3333365131114605, 0.33333533160551043, 0.3333334582410755, 0.3333351454175698, 0.33333350649297866, 0.3333339723043147, 0.3333350162199366, 0.333333122168573, 0.33333247312037134, 0.3333327861281587, 0.33333351498767777, 0.33333456384464366, 0.33333453531743, 0.33333384160709273], ""kernels.0.base_kernel.kernels.1.base_kernel"": [0.6931481805599428, 0.6931481805599428, 0.6931481805599428], ""kernels.1.base_kernel.kernels.0"": [0.3397102241398861, 0.4020840922823613, 0.3093752049394884, 0.4683818450880352, 0.4901540782345997, 0.3315658839759926, 0.19847428018713584, 0.15458684830548508, 0.3201200973391831, 0.3115863299882474, 0.3880105466355533, 0.12426949255065932, 0.3017076205627146, 0.4168695358373137, 0.3658806464648284, 0.4421791078772718, 0.4088552256042656, 0.28355132777605196], ""kernels.1.base_kernel.kernels.1"": [0.6931481805599428, 0.6931481805599428, 0.6931481805599428]}","{""kernels.0"": 4.974979431854784e-06, ""kernels.0.base_kernel.kernels.1"": 0.0013904661704054095, ""kernels.1"": 0.48051290967704935}",10,5,30,1,15,radius,0,0
28,100.74868893460301,87.12008857494061,0.4466,global,-5.0318780159065355,-11.370854491152146,6.338976475245611,0.49383652121828736,1.252444952796824,global,,,0.05518608270093248,0.01528916436260969,0.021465374929493193,0.002340240588245894,0.15754443564333892,0.12371156001722008,0.333334588032027,0.6931481805599428,"{""kernels.0.base_kernel.kernels.0"": [0.3333336657845091, 0.33333382396502964, 0.33333299761510876, 0.3333351818452973, 0.3333366791749277, 0.3333353907624639, 0.3333334196215189, 0.33333518961263037, 0.3333335424058239, 0.3333339944916602, 0.3333351436977153, 0.3333331235158819, 0.3333326097763909, 0.33333279361871887, 0.33333352744867956, 0.33333456443396775, 0.33333461163008615, 0.33333386006091165], ""kernels.0.base_kernel.kernels.1.base_kernel"": [0.6931481805599428, 0.6931481805599428, 0.6931481805599428], ""kernels.1.base_kernel.kernels.0"": [0.3386478416315126, 0.4146761943241164, 0.3078346234494632, 0.47256839694371705, 0.49212565723985857, 0.3282297718781191, 0.19620018779009749, 0.15424340978111983, 0.32050568524550876, 0.31077051429115965, 0.3900858721334034, 0.12371156001722008, 0.31046024414645096, 0.41562357972319935, 0.36442699836710124, 0.4399863388569387, 0.41056192070199593, 0.28059568563364223], ""kernels.1.base_kernel.kernels.1"": [0.6931481805599428, 0.6931481805599428, 0.6931481805599428]}","{""kernels.0"": 4.974915369991106e-06, ""kernels.0.base_kernel.kernels.1"": 0.0013904659301690798, ""kernels.1"": 0.4712378660844777}",10,5,30,0,15,radius,0,1
29,97.04990031594173,87.12008857494061,0.4978,local,-4.402576460048024,-9.559270753751179,5.156694293703154,0.18679792411562954,0.7628902128289474,radius,,,0.04229796841675602,0.01508997722122039,0.02105578287816699,0.0022148150063561215,0.15491115208916242,0.13480306468482858,0.3333348989155889,0.6931481805599428,"{""kernels.0.base_kernel.kernels.0"": [0.333333882537491, 0.3333340352229901, 0.33333313177241625, 0.333335792279707, 0.33333715067724756, 0.33333593259971506, 0.33333354531721543, 0.333335183759324, 0.3333338496790098, 0.33333419810962805, 0.3333345172686362, 0.33333297887517765, 0.33333290484436773, 0.33333315330002256, 0.3333339778953742, 0.3333353324293869, 0.3333346140718537, 0.333334448053011], ""kernels.0.base_kernel.kernels.1.base_kernel"": [0.6931481805599428, 0.6931481805599428, 0.6931481805599428], ""kernels.1.base_kernel.kernels.0"": [0.34294959147209764, 0.4193906551117775, 0.17456296570282756, 0.4902145033910636, 0.4982545317459606, 0.3483374426841676, 0.1925400767719286, 0.15473723450497795, 0.34740356908594505, 0.32087425233847267, 0.3296844290640366, 0.13480306468482858, 0.28806538720203834, 0.4212111293733798, 0.38622317369499926, 0.44239495669573503, 0.402205514108805, 0.329254049834306], ""kernels.1.base_kernel.kernels.1"": [0.6931481805599428, 0.6931481805599428, 0.6931481805599428]}","{""kernels.0"": 4.9745452175441666e-06, ""kernels.0.base_kernel.kernels.1"": 0.001390464724287804, ""kernels.1"": 0.4633380169979819}",10,5,30,1,15,radius,0,2
30,88.99715132729582,87.12008857494061,0.4988,global,-5.1062061584566685,-9.898661155113247,4.792454996656579,0.28012110379382527,1.0855191175444376,global,,,0.03871690584128274,0.015809708262554366,0.02371689777132243,0.00282777375536921,0.1540042990823601,0.1350567059821582,0.3333341039679719,0.6931481805599428,"{""kernels.0.base_kernel.kernels.0"": [0.3333339198576552, 0.33333349553731867, 0.33333307423870084, 0.33333567156609606, 0.333336760354187, 0.33333621518501705, 0.333333324543621, 0.33333498318424226, 0.33333381937564377, 0.333334055196639, 0.33333400156909404, 0.3333328755004128, 0.33333267212709583, 0.3333333749555297, 0.33333397381245966, 0.333335584669352, 0.33333310956266327, 0.33333415273930483], ""kernels.0.base_kernel.kernels.1.base_kernel"": [0.6931481805599428, 0.6931481805599428, 0.6931481805599428], ""kernels.1.base_kernel.kernels.0"": [0.3529117735926433, 0.3789188444472089, 0.19660126379456785, 0.48469417017165395, 0.49335171866213384, 0.3710761188438698, 0.20272420140342962, 0.15760177001933398, 0.33389433027844906, 0.33272929616405383, 0.3145211309512094, 0.1350567059821582, 0.2971627070356869, 0.43531582827893867, 0.3918507434915927, 0.4671130575131942, 0.26615936226891096, 0.29946204853183345], ""kernels.1.base_kernel.kernels.1"": [0.6931481805599428, 0.6931481805599428, 0.6931481805599428]}","{""kernels.0"": 4.9743613525004006e-06, ""kernels.0.base_kernel.kernels.1"": 0.0013904641157399908, ""kernels.1"": 0.46061745876998783}",10,5,30,0,15,radius,0,3
31,89.07007045975425,87.12008857494061,0.5002,global,-5.49725212582265,-9.963360725164156,4.466108599341506,0.5059203049766412,1.269925111569513,global,,,0.02996862859190457,0.015000409964743777,0.02267782447435373,0.0025238628505631056,0.15132807902965975,0.13644863277472838,0.3333346817135362,0.6931481805599428,"{""kernels.0.base_kernel.kernels.0"": [0.33333394422101137, 0.33333347256906304, 0.3333330230497416, 0.3333358238089614, 0.3333370773596832, 0.3333363879240121, 0.3333332879767741, 0.333335043525085, 0.33333416420186285, 0.333334152517918, 0.33333403021317276, 0.33333286255875894, 0.3333326437083491, 0.33333347332512664, 0.33333397422350003, 0.3333357298161455, 0.33333318367445597, 0.3333343199019874], ""kernels.0.base_kernel.kernels.1.base_kernel"": [0.6931481805599428, 0.6931481805599428, 0.6931481805599428], ""kernels.1.base_kernel.kernels.0"": [0.352460731534033, 0.3782037770287401, 0.19430988191111254, 0.48621333347814444, 0.4939431356973152, 0.3716465764964826, 0.20190866129461107, 0.156459951775565, 0.357468767763107, 0.3378310552635424, 0.30869550137472723, 0.13644863277472838, 0.2945462119613207, 0.44135643126587654, 0.3915551628971429, 0.46999998496510886, 0.26161977462811786, 0.30740226376511826], ""kernels.1.base_kernel.kernels.1"": [0.6931481805599428, 0.6931481805599428, 0.6931481805599428]}","{""kernels.0"": 4.974178565480505e-06, ""kernels.0.base_kernel.kernels.1"": 0.0013904635800662925, ""kernels.1"": 0.4525887993303475}",10,5,30,0,15,radius,0,4
32,88.78540278391432,87.12008857494061,0.4994,global,-5.586507710676475,-12.220788217438107,6.634280506761632,0.8278596713303591,1.378227009093452,global,,,0.025377613827351264,0.01422195424543824,0.021015268860838893,0.002107339955757943,0.14872796280353331,0.14062487608395519,0.33333475623404624,0.6931481805599428,"{""kernels.0.base_kernel.kernels.0"": [0.33333393555648155, 0.3333336745364696, 0.33333303799182673, 0.3333363819126597, 0.33333829900174033, 0.33333666812826385, 0.33333331326641247, 0.3333350679850088, 0.33333434628844594, 0.33333425917506004, 0.3333342399662218, 0.33333279694414797, 0.33333263219828524, 0.3333335209497211, 0.3333340250620415, 0.3333358895122099, 0.33333316940075064, 0.3333344444830837], ""kernels.0.base_kernel.kernels.1.base_kernel"": [0.6931481805599428, 0.6931481805599428, 0.6931481805599428], ""kernels.1.base_kernel.kernels.0"": [0.3481243408028988, 0.3957920348608911, 0.18273733563402342, 0.49755488880578747, 0.5110587965683178, 0.3752725923838614, 0.19812089553817397, 0.15519169571488856, 0.36077611829728584, 0.3413218960472015, 0.3172727561756595, 0.14062487608395519, 0.29002732260060227, 0.4421841751519855, 0.3933053599879125, 0.4672852109929125, 0.24657151212142833, 0.31007344600625636], ""kernels.1.base_kernel.kernels.1"": [0.6931481805599428, 0.6931481805599428, 0.6931481805599428]}","{""kernels.0"": 4.973826660701068e-06, ""kernels.0.base_kernel.kernels.1"": 0.0013904626557446637, ""kernels.1"": 0.4447884519281946}",10,5,30,1,15,radius,0,5
33,87.0855219530147,87.0855219530147,0.4982,global,-5.5049596054875165,-14.546478841481292,9.041519235993775,0.9625123664968737,1.4058070144595962,global,,,0.01953950169684271,0.013433542344353113,0.019626324185617237,0.0017942625813251107,0.1461744177326578,0.14283033492173552,0.3333348143949856,0.6931481805599428,"{""kernels.0.base_kernel.kernels.0"": [0.3333339194067665, 0.3333338018858736, 0.33333306579135535, 0.33333672882508075, 0.33333860661671566, 0.3333369843068669, 0.33333326494383253, 0.333335067458642, 0.33333456133132916, 0.3333343846180918, 0.3333344323540866, 0.3333327280902816, 0.333332668654298, 0.33333359615885527, 0.3333340950332373, 0.33333600384597306, 0.33333315936933794, 0.3333344982027437], ""kernels.0.base_kernel.kernels.1.base_kernel"": [0.6931481805599428, 0.6931481805599428, 0.6931481805599428], ""kernels.1.base_kernel.kernels.0"": [0.344557064152401, 0.39911373796530747, 0.17459603875166518, 0.5058862618570216, 0.5196586037251782, 0.3781707792844143, 0.1957796567951825, 0.15460050526808933, 0.3681591837237233, 0.34744311592016003, 0.32733974495182905, 0.14283033492173552, 0.2892424192061114, 0.44382546764210545, 0.39578737168417966, 0.4666896201833339, 0.23811468710574435, 0.30973431080792396], ""kernels.1.base_kernel.kernels.1"": [0.6931481805599428, 0.6931481805599428, 0.6931481805599428]}","{""kernels.0"": 4.973528807581668e-06, ""kernels.0.base_kernel.kernels.1"": 0.0013904619476550475, ""kernels.1"": 0.43712781772151077}",10,5,30,0,15,radius,0,0
34,86.80044106502767,86.80044106502767,0.4994,global,-5.365783092949412,-11.737538735841454,6.371755642892042,1.1118838030608948,1.4106951087212496,global,,,0.019450530520864585,0.0133152297084356,0.01799895697920647,0.0014717055327077553,0.1437834325610312,0.14598759000948572,0.33333559096140597,0.6931481805599428,"{""kernels.0.base_kernel.kernels.0"": [0.3333339447931376, 0.3333338527125933, 0.3333330978486176, 0.33333684085944637, 0.33333885669455815, 0.3333371166455286, 0.3333332284046393, 0.3333350747815675, 0.3333346102435176, 0.3333344678687536, 0.3333349847110833, 0.33333266020481, 0.33333264891979053, 0.3333336662427571, 0.3333341617215731, 0.3333361071412444, 0.3333331541643352, 0.3333345151226985], ""kernels.0.base_kernel.kernels.1.base_kernel"": [0.6931481805599428, 0.6931481805599428, 0.6931481805599428], ""kernels.1.base_kernel.kernels.0"": [0.3440216082479076, 0.40366305671040303, 0.16646989562070702, 0.5100131063243551, 0.5229977339128715, 0.37517176694254434, 0.19306304610410646, 0.15521285681316813, 0.3662147657481511, 0.35075269821526106, 0.3627314679320114, 0.14598759000948572, 0.28422868201852536, 0.44365792088241435, 0.39907998548951457, 0.46213357893161267, 0.22501566327858477, 0.3052277207262079], ""kernels.1.base_kernel.kernels.1"": [0.6931481805599428, 0.6931481805599428, 0.6931481805599428]}","{""kernels.0"": 4.973280804501749e-06, ""kernels.0.base_kernel.kernels.1"": 0.001390461394678647, ""kernels.1"": 0.4299548630076105}",10,5,30,1,15,radius,0,0
35,87.79367362090957,86.80044106502767,0.4996,global,-5.54796783960196,-11.838605256564648,6.290637416962688,0.6266568966787309,1.3397409298299856,global,,,0.01687191103509597,0.012739426845382134,0.016720196587026562,0.0012425259674463762,0.14167713682912095,0.14932745686117138,0.3333356114930692,0.6931481805599428,"{""kernels.0.base_kernel.kernels.0"": [0.3333338993293503, 0.3333339362012332, 0.33333310773265323, 0.33333705162355864, 0.3333389300236976, 0.3333371816431695, 0.33333322040588564, 0.33333508107733295, 0.3333345751595134, 0.33333455348051916, 0.3333350954435534, 0.3333326463175348, 0.33333272515450574, 0.3333336426985561, 0.3333342135419886, 0.33333612754258496, 0.3333330819303966, 0.3333345714594611], ""kernels.0.base_kernel.kernels.1.base_kernel"": [0.6931481805599428, 0.6931481805599428, 0.6931481805599428], ""kernels.1.base_kernel.kernels.0"": [0.3393287685055969, 0.4090482059312147, 0.16564117227356712, 0.517295129481736, 0.5227400947790033, 0.38095066347563383, 0.18930845005380584, 0.15508673434194792, 0.3600321789568224, 0.35813341359137374, 0.3669848287085762, 0.14932745686117138, 0.29194830400708505, 0.4424757459000978, 0.4012983824434569, 0.46130185206847224, 0.2158544866968709, 0.3102938203148758], ""kernels.1.base_kernel.kernels.1"": [0.6931481805599428, 0.6931481805599428, 0.6931481805599428]}","{""kernels.0"": 4.973200997051709e-06, ""kernels.0.base_kernel.kernels.1"": 0.001390461225307406, ""kernels.1"": 0.42363597606105835}",10,5,30,0,15,radius,1,1
36,87.01724358613,86.80044106502767,0.5006,local,-5.639906863637001,-10.5057370265447,4.8658301629077,0.20966296234409815,1.0110281402408163,radius,,,0.016066780157268246,0.011728161811425053,0.015712591548302624,0.0010768895110734823,0.14012973473851545,0.1495220561094288,0.3333356136912292,0.6931481805599428,"{""kernels.0.base_kernel.kernels.0"": [0.3333338984107237, 0.3333339413599286, 0.3333331091871838, 0.3333370617449962, 0.3333389339892985, 0.33333718624059044, 0.3333332258851338, 0.3333350818065345, 0.3333345765495843, 0.3333345566209663, 0.33333509818229945, 0.3333326457327549, 0.33333272810805625, 0.3333336457700449, 0.33333421548625125, 0.333336129200159, 0.3333330866735127, 0.33333457457297194], ""kernels.0.base_kernel.kernels.1.base_kernel"": [0.6931481805599428, 0.6931481805599428, 0.6931481805599428], ""kernels.1.base_kernel.kernels.0"": [0.33920633791724586, 0.4092781054474456, 0.16567807629801107, 0.5174663245033939, 0.5228524467271819, 0.3810159786293103, 0.18978871936346356, 0.15524380556367634, 0.36007953191746545, 0.35833588094043267, 0.36695075070699396, 0.1495220561094288, 0.2921167488816243, 0.4424635055381778, 0.4013285849981505, 0.461264020168966, 0.21610990841244743, 0.3104851768213968], ""kernels.1.base_kernel.kernels.1"": [0.6931481805599428, 0.6931481805599428, 0.6931481805599428]}","{""kernels.0"": 4.973197008745594e-06, ""kernels.0.base_kernel.kernels.1"": 0.0013904612184538643, ""kernels.1"": 0.4189937698000837}",10,5,30,1,15,radius,0,2
37,86.47681374748703,86.47681374748703,0.4984,global,-5.607566251528157,-12.579358376562094,6.971792125033938,0.8518781685147514,1.369684580478961,global,,,0.018613183517912465,0.010267600005546206,0.01452931597271065,0.0009035943655544065,0.13796017060560492,0.14990820579336014,0.33333561881429014,0.6931481805599428,"{""kernels.0.base_kernel.kernels.0"": [0.33333389704784394, 0.33333394701454183, 0.3333331105048071, 0.3333370794384416, 0.33333895208287867, 0.33333719433456516, 0.3333332307238882, 0.33333508252169536, 0.33333457868182004, 0.3333345629335489, 0.33333510406579486, 0.33333264573890403, 0.33333273229155036, 0.3333336524408978, 0.33333421851377965, 0.3333361335627854, 0.3333330903837389, 0.3333345790254694], ""kernels.0.base_kernel.kernels.1.base_kernel"": [0.6931481805599428, 0.6931481805599428, 0.6931481805599428], ""kernels.1.base_kernel.kernels.0"": [0.33902224543624926, 0.4094933271941587, 0.16568911805091288, 0.5179484603515871, 0.5235921563288144, 0.3811881096078359, 0.19030699917924965, 0.15541860486287312, 0.3601362264483705, 0.3587532854761106, 0.36704688886549985, 0.14990820579336014, 0.2923815619625756, 0.44262395420532724, 0.40139046277672497, 0.4612961192346025, 0.2162159286551899, 0.31072910153053185], ""kernels.1.base_kernel.kernels.1"": [0.6931481805599428, 0.6931481805599428, 0.6931481805599428]}","{""kernels.0"": 4.973191749388966e-06, ""kernels.0.base_kernel.kernels.1"": 0.001390461210017114, ""kernels.1"": 0.4124850774150483}",10,5,30,0,15,radius,0,0
38,87.49071425736994,86.47681374748703,0.498,global,-5.776968479042786,-13.368823899792154,7.5918554207493685,0.8493527454524669,1.369245412556564,global,,,0.0239211693869145,0.010876661835316886,0.013517070724915115,0.0007686662209609098,0.1361810803284248,0.15413203326541097,0.33333557826917437,0.6931481805599428,"{""kernels.0.base_kernel.kernels.0"": [0.3333337436409396, 0.3333344023180763, 0.3333331236168747, 0.33333934108189894, 0.3333400941769638, 0.3333380154444259, 0.33333318870595857, 0.33333506311355976, 0.3333345125681789, 0.3333347519684225, 0.33333609342478904, 0.3333324505100085, 0.3333329568499427, 0.3333340898018563, 0.33333442753116393, 0.3333365215592476, 0.3333332471718583, 0.3333346901525341], ""kernels.0.base_kernel.kernels.1.base_kernel"": [0.6931481805599428, 0.6931481805599428, 0.6931481805599428], ""kernels.1.base_kernel.kernels.0"": [0.31840735317384805, 0.4310702831494495, 0.1564916367516131, 0.5556964113333469, 0.5337221609992062, 0.3780680519422757, 0.1853442311992992, 0.15413203326541097, 0.33772188536017744, 0.36863277760672947, 0.3994764387077468, 0.16613110814583, 0.29789608374034804, 0.45284524590617564, 0.4053478763593627, 0.46411651682262733, 0.21625315618590144, 0.2988884513300018], ""kernels.1.base_kernel.kernels.1"": [0.6931481805599428, 0.6931481805599428, 0.6931481805599428]}","{""kernels.0"": 4.9728928536019335e-06, ""kernels.0.base_kernel.kernels.1"": 0.001390460681115545, ""kernels.1"": 0.40714780741130524}",10,5,30,1,15,radius,0,1
39,87.62058762239987,86.47681374748703,0.4982,global,-5.809057414138293,-9.928425001262635,4.1193675871243425,0.3449794149594479,1.2189732078134181,global,,,0.012146446012828126,0.008968906457386768,0.012713273740328686,0.0006696942595304496,0.13449861926871584,0.15215870495827033,0.33333587628557565,0.6931481805599428,"{""kernels.0.base_kernel.kernels.0"": [0.33333375888799666, 0.33333535992420055, 0.3333331375881701, 0.3333396584832477, 0.3333404237955735, 0.3333381204656761, 0.3333332063186347, 0.33333506593046663, 0.3333345331677026, 0.33333475617492514, 0.33333639264695075, 0.3333323630074869, 0.3333329848766352, 0.3333342381079295, 0.33333446035343517, 0.3333366266610104, 0.3333332288618908, 0.33333466067120804], ""kernels.0.base_kernel.kernels.1.base_kernel"": [0.6931481805599428, 0.6931481805599428, 0.6931481805599428], ""kernels.1.base_kernel.kernels.0"": [0.31836000864088876, 0.4777002809782721, 0.15512614537410985, 0.5600118754096586, 0.5440916435900488, 0.3795673526222386, 0.18385578295603683, 0.15215870495827033, 0.33814966483088565, 0.36704698854173257, 0.4100079866209242, 0.16806105058776083, 0.2951829456629226, 0.46243403505564823, 0.40524647785117857, 0.469281609400429, 0.21281942911758436, 0.2942902366591721], ""kernels.1.base_kernel.kernels.1"": [0.6931481805599428, 0.6931481805599428, 0.6931481805599428]}","{""kernels.0"": 4.972757936910247e-06, ""kernels.0.base_kernel.kernels.1"": 0.001390460475347146, ""kernels.1"": 0.40210042457286344}",10,5,30,0,15,radius,0,2
40,85.68979662536995,85.68979662536995,0.4994,global,-5.770504647738621,-13.783592241835034,8.013087594096413,1.0538152712898976,1.3870809494973833,global,,,0.01636985311907885,0.00809831501371634,0.012145611065560839,0.0006030800578775928,0.13298950781201732,0.15231235883348,0.3333358890099457,0.6931481805599428,"{""kernels.0.base_kernel.kernels.0"": [0.33333375909256746, 0.33333538584726885, 0.33333314029819766, 0.33333966577203944, 0.3333404347503028, 0.33333812580447025, 0.33333321176004554, 0.33333506891962894, 0.3333345396132749, 0.3333347598779329, 0.33333639217262256, 0.3333323633010764, 0.3333329902134142, 0.3333342475594685, 0.3333344634129591, 0.33333663335545, 0.33333323017094507, 0.3333346626753246], ""kernels.0.base_kernel.kernels.1.base_kernel"": [0.6931481805599428, 0.6931481805599428, 0.6931481805599428], ""kernels.1.base_kernel.kernels.0"": [0.31828498763290064, 0.477884954929969, 0.15532737586425088, 0.5601167144641311, 0.5441673975860513, 0.3794054055542477, 0.184401543871711, 0.15231235883348, 0.3386936615401552, 0.3670159708400051, 0.4094348528102723, 0.16828233280289015, 0.29543244403831526, 0.4628726393768048, 0.4054499466197665, 0.46964318312981396, 0.21284530398137147, 0.2942230507915635], ""kernels.1.base_kernel.kernels.1"": [0.6931481805599428, 0.6931481805599428, 0.6931481805599428]}","{""kernels.0"": 4.972752089906371e-06, ""kernels.0.base_kernel.kernels.1"": 0.001390460467783692, ""kernels.1"": 0.39757309021617837}",10,5,30,0,15,radius,0,0
41,87.52085395158863,85.68979662536995,0.4996,global,-6.082765986706798,-11.119344263651659,5.03657827694486,0.6900991345454071,1.3514803037921266,global,,,0.02866721903447702,0.009437752090459205,0.011544380246478834,0.0005373378181835969,0.13121019934551933,0.15276254911696957,0.3333358992593743,0.6931481805599428,"{""kernels.0.base_kernel.kernels.0"": [0.3333337558603188, 0.3333354179697232, 0.33333314180454887, 0.33333967941034465, 0.33334044562595966, 0.3333381292345434, 0.3333332159088528, 0.33333507233529514, 0.3333345480635682, 0.3333347585649873, 0.33333638054902537, 0.3333323644468693, 0.33333300513578995, 0.3333342662815316, 0.33333447161883606, 0.33333665050992206, 0.3333332294709866, 0.333334667309196], ""kernels.0.base_kernel.kernels.1.base_kernel"": [0.6931481805599428, 0.6931481805599428, 0.6931481805599428], ""kernels.1.base_kernel.kernels.0"": [0.317915789609117, 0.4773115280972344, 0.1554487808063998, 0.5601919244051422, 0.5435155443932345, 0.3787776748425592, 0.1845617742628605, 0.15276254911696957, 0.33932816619056544, 0.36633474204802535, 0.40776996717599967, 0.16883227940044496, 0.29681261654447905, 0.46424206306178983, 0.4060421758705628, 0.47073668233370297, 0.21287054598264502, 0.2939861008490987], ""kernels.1.base_kernel.kernels.1"": [0.6931481805599428, 0.6931481805599428, 0.6931481805599428]}","{""kernels.0"": 4.9727441342236566e-06, ""kernels.0.base_kernel.kernels.1"": 0.0013904604572057774, ""kernels.1"": 0.392235164835218}",10,5,30,0,15,radius,0,1
42,86.15400785999311,85.68979662536995,0.5,global,-6.232107494990416,-14.195969442306891,7.963861947316476,0.9734132394950457,1.40302681718136,global,,,0.019442520313108728,0.007952884783760458,0.010868560759518604,0.0004703524105026507,0.13079535210102572,0.15258646802414397,0.33333623141202845,0.6931481805599428,"{""kernels.0.base_kernel.kernels.0"": [0.3333336427402128, 0.33333636965343677, 0.3333331397317003, 0.33334089026998126, 0.33334080289035006, 0.3333382955469965, 0.33333329098227754, 0.33333505517314277, 0.3333346629915517, 0.3333349567950749, 0.33333609317062013, 0.33333235176090653, 0.33333336996970364, 0.33333460896051387, 0.33333467243010817, 0.3333370527875418, 0.3333331906858975, 0.3333348967344758], ""kernels.0.base_kernel.kernels.1.base_kernel"": [0.6931481805599428, 0.6931481805599428, 0.6931481805599428], ""kernels.1.base_kernel.kernels.0"": [0.3055986963669432, 0.4776188892388221, 0.15491264929854104, 0.588162225137389, 0.5340100692229532, 0.3708961565563977, 0.18389805373378276, 0.15258646802414397, 0.3433356531984745, 0.3688996773497913, 0.37120377831602774, 0.18407240360614768, 0.3264844573642151, 0.48257753109559115, 0.4155444422042604, 0.4884676992737337, 0.2102415984435136, 0.29705305785570235], ""kernels.1.base_kernel.kernels.1"": [0.6931481805599428, 0.6931481805599428, 0.6931481805599428]}","{""kernels.0"": 4.972562168693272e-06, ""kernels.0.base_kernel.kernels.1"": 0.001390460197148977, ""kernels.1"": 0.39099062354375946}",10,5,30,1,15,radius,0,2
43,84.94962976303606,84.94962976303606,0.502,global,-6.063042438620464,-10.894392494450454,4.83135005582999,0.44096599340667675,1.2424094750387769,global,,,0.01309904790641496,0.006986818470053961,0.010389778339972129,0.000424664000148226,0.12939444204243564,0.1527288865676416,0.333336255847855,0.6931481805599428,"{""kernels.0.base_kernel.kernels.0"": [0.3333336441562752, 0.3333364142425545, 0.333333140624339, 0.3333409257323684, 0.3333408289593647, 0.3333383005474722, 0.33333329117164445, 0.3333350550850138, 0.33333466214144375, 0.33333495806610236, 0.3333360974531555, 0.3333323525716214, 0.3333333784277282, 0.33333462016366655, 0.3333346743801844, 0.3333370629593519, 0.3333331939215657, 0.3333348989705504], ""kernels.0.base_kernel.kernels.1.base_kernel"": [0.6931481805599428, 0.6931481805599428, 0.6931481805599428], ""kernels.1.base_kernel.kernels.0"": [0.30564290232153063, 0.4791564767125467, 0.15480017050296363, 0.5883672242772093, 0.5354109102993468, 0.3714398780533159, 0.18356285230123895, 0.1527288865676416, 0.34303752299191514, 0.36883436938020797, 0.3715401590210132, 0.1847230275877594, 0.32635322718038434, 0.4825762822389754, 0.41537993975400567, 0.48861554985720296, 0.21030740723183325, 0.296785954787382], ""kernels.1.base_kernel.kernels.1"": [0.6931481805599428, 0.6931481805599428, 0.6931481805599428]}","{""kernels.0"": 4.972555002989323e-06, ""kernels.0.base_kernel.kernels.1"": 0.001390460189233832, ""kernels.1"": 0.38678789338307007}",10,5,30,0,15,radius,1,0
44,88.79946090298105,84.94962976303606,0.4996,global,-6.004295072420392,-13.285445569612891,7.281150497192499,0.8669942106003908,1.3627386718154153,global,,,0.03249078104127558,0.007788456577683997,0.009719452329206261,0.00036693413002602756,0.12749019703132905,0.14845054272140243,0.3333377140840309,0.6931481805599428,"{""kernels.0.base_kernel.kernels.0"": [0.3333336535934756, 0.33333779342073383, 0.3333330481468428, 0.3333417791273667, 0.33334182189513895, 0.33333864051241824, 0.3333332117959774, 0.33333494042565587, 0.3333346655050023, 0.33333468705237773, 0.3333363821479794, 0.33333230608586867, 0.3333339146055824, 0.3333353079132516, 0.3333348227468266, 0.33333763474732797, 0.33333327669302515, 0.3333345082780591], ""kernels.0.base_kernel.kernels.1.base_kernel"": [0.6931481805599428, 0.6931481805599428, 0.6931481805599428], ""kernels.1.base_kernel.kernels.0"": [0.3046073375036097, 0.4797188109773475, 0.14845054272140243, 0.5651023341090071, 0.556355275163049, 0.38571974421507843, 0.18542210501267836, 0.15137522176049592, 0.3393187238861517, 0.3437904171788737, 0.3794771045217774, 0.21874587882949625, 0.3389072196968722, 0.49210269704346443, 0.41191794828833805, 0.49962186490819965, 0.2233058650316513, 0.23495642335525774], ""kernels.1.base_kernel.kernels.1"": [0.6931481805599428, 0.6931481805599428, 0.6931481805599428]}","{""kernels.0"": 4.9722898344097556e-06, ""kernels.0.base_kernel.kernels.1"": 0.0013904598449261158, ""kernels.1"": 0.3810751589592266}",10,5,30,0,15,radius,0,1
45,85.38076984295276,84.94962976303606,0.501,global,-6.186850276784121,-12.671619028071673,6.484768751287552,0.38598201078540595,1.2366670699672382,global,,,0.018362974985286197,0.007185792713692904,0.009611053581731501,0.00035574194289966944,0.12600098095798867,0.14878530577031335,0.3333377338047243,0.6931481805599428,"{""kernels.0.base_kernel.kernels.0"": [0.33333365323557135, 0.33333782309896853, 0.333333053198183, 0.33334178985727847, 0.3333418366788358, 0.3333386523861795, 0.33333321297576973, 0.3333349452810803, 0.33333467136974415, 0.3333346968382454, 0.3333363899023801, 0.33333230038467737, 0.33333392151550734, 0.3333353218365827, 0.33333482466620706, 0.3333376445104801, 0.33333327552037734, 0.3333345172479495], ""kernels.0.base_kernel.kernels.1.base_kernel"": [0.6931481805599428, 0.6931481805599428, 0.6931481805599428], ""kernels.1.base_kernel.kernels.0"": [0.30458983353240077, 0.4806136217579176, 0.14878530577031335, 0.565909319860295, 0.5561862867299937, 0.3865700699726558, 0.18516947714805695, 0.15158950625991163, 0.3397354594908651, 0.34486752793059394, 0.38029134613944576, 0.21912325241975464, 0.33864630442484683, 0.4924820846316657, 0.41187275955020425, 0.4998342457432549, 0.2230321475541788, 0.23542641850955884], ""kernels.1.base_kernel.kernels.1"": [0.6931481805599428, 0.6931481805599428, 0.6931481805599428]}","{""kernels.0"": 4.972282624366454e-06, ""kernels.0.base_kernel.kernels.1"": 0.0013904598371212657, ""kernels.1"": 0.3766075107542204}",10,5,30,0,15,radius,0,2
46,85.71526157753121,84.94962976303606,0.5,global,-6.180035242723314,-17.759512219315074,11.57947697659176,0.712016968791184,1.3491479160380975,global,,,0.013407593557188525,0.006474859034125612,0.009190170720647017,0.00032184569549041663,0.12347613592066546,0.14942861738622112,0.3333377707207621,0.6931481805599428,"{""kernels.0.base_kernel.kernels.0"": [0.3333336508067334, 0.3333378758135293, 0.33333306075028285, 0.3333418159373425, 0.3333418623732354, 0.3333386766501701, 0.33333321234538477, 0.3333349514983413, 0.33333467684317597, 0.3333347134078029, 0.3333363909684576, 0.3333323091870376, 0.333333942400359, 0.333335352542977, 0.33333483108326906, 0.33333766562799483, 0.3333332779006862, 0.3333345264723059], ""kernels.0.base_kernel.kernels.1.base_kernel"": [0.6931481805599428, 0.6931481805599428, 0.6931481805599428], ""kernels.1.base_kernel.kernels.0"": [0.30435604325985505, 0.4819683533747772, 0.14942861738622112, 0.5673267779048056, 0.5555568458390358, 0.387772837670123, 0.18446360333081652, 0.15161704199128784, 0.3399630034907344, 0.34654332743836186, 0.38073249701311357, 0.22253273515006106, 0.3389648129670837, 0.49348776145592826, 0.4119949721439019, 0.5003691412080631, 0.22319077661705278, 0.2355394322977081], ""kernels.1.base_kernel.kernels.1"": [0.6931481805599428, 0.6931481805599428, 0.6931481805599428]}","{""kernels.0"": 4.972269660886003e-06, ""kernels.0.base_kernel.kernels.1"": 0.001390459822780348, ""kernels.1"": 0.3690329756695551}",10,5,30,1,15,radius,0,3
47,85.50839660416202,84.94962976303606,0.5002,global,-6.21943063727318,-13.360641569666486,7.141210932393306,0.6300090978721177,1.3553021351859624,global,,,0.014458313878608749,0.005990640459663321,0.00860288411143401,0.0002789849337096336,0.12485572793412053,0.15073386553074986,0.3333383632391219,0.6931481805599428,"{""kernels.0.base_kernel.kernels.0"": [0.3333336012607273, 0.33333870144913197, 0.33333311881249594, 0.3333423515021263, 0.3333423744855154, 0.33333911925177745, 0.33333321578383535, 0.3333350405202143, 0.33333483706030537, 0.33333486292870035, 0.33333642526995383, 0.3333323908121062, 0.33333427686859163, 0.3333357964448597, 0.3333349364415163, 0.3333380250291119, 0.33333328457320105, 0.333334643436979], ""kernels.0.base_kernel.kernels.1.base_kernel"": [0.6931481805599428, 0.6931481805599428, 0.6931481805599428], ""kernels.1.base_kernel.kernels.0"": [0.2988710536991112, 0.4972260646247488, 0.154203581191432, 0.5849614286958956, 0.547542462837165, 0.39876251834615745, 0.1772217052069876, 0.15073386553074986, 0.34731027123766883, 0.36228616056728186, 0.3823530820678574, 0.27732621315425354, 0.34340560915087587, 0.5054115573609885, 0.4127123397403826, 0.5078761729965529, 0.22253080670396805, 0.23242506672069388], ""kernels.1.base_kernel.kernels.1"": [0.6931481805599428, 0.6931481805599428, 0.6931481805599428]}","{""kernels.0"": 4.972102524056267e-06, ""kernels.0.base_kernel.kernels.1"": 0.0013904596112943918, ""kernels.1"": 0.37317175208854314}",10,5,30,0,15,radius,0,4
48,86.14412630322275,84.94962976303606,0.5,global,-6.301107899144066,-13.538781563860237,7.237673664716171,0.3074340000001178,1.0761556088694442,global,,,0.014830975048759031,0.005650000413057052,0.008215008808717129,0.0002519857094086419,0.12310443945964387,0.15121130592307602,0.3333383838907268,0.6931481805599428,"{""kernels.0.base_kernel.kernels.0"": [0.3333336018704285, 0.33333872997448744, 0.3333331165230746, 0.333342392947026, 0.33334238311205344, 0.33333912984342406, 0.333333236359627, 0.3333350436218889, 0.33333485382061634, 0.3333348582669385, 0.33333642479417763, 0.33333239019029287, 0.3333342927433273, 0.33333581722348554, 0.33333493898919686, 0.3333380378069661, 0.33333328648049965, 0.33333464981322264], ""kernels.0.base_kernel.kernels.1.base_kernel"": [0.6931481805599428, 0.6931481805599428, 0.6931481805599428], ""kernels.1.base_kernel.kernels.0"": [0.29882714522707166, 0.497156117537877, 0.15373546470665878, 0.5856608039046751, 0.5477482743040376, 0.39838003394392374, 0.17855018782541615, 0.15121130592307602, 0.3482335600802801, 0.3619936493043869, 0.3819602436258743, 0.2787484368232137, 0.3433124234717965, 0.505432644048555, 0.4125661233782977, 0.5080519775442849, 0.22240216152712364, 0.23246338853528015], ""kernels.1.base_kernel.kernels.1"": [0.6931481805599428, 0.6931481805599428, 0.6931481805599428]}","{""kernels.0"": 4.972093473758e-06, ""kernels.0.base_kernel.kernels.1"": 0.0013904596019321393, ""kernels.1"": 0.3679178866835257}",10,5,30,0,15,radius,0,5
49,86.41489871112724,84.94962976303606,0.4986,global,-6.427179381412848,-14.454922934057596,8.027743552644747,0.875250082297075,1.3696656058129855,global,,,0.01190053335857846,0.005324880574056378,0.007953473267377097,0.00023420751375796502,0.12106753832318462,0.15193635027073618,0.3333384183107271,0.6931481805599428,"{""kernels.0.base_kernel.kernels.0"": [0.3333336023110649, 0.33333877676575724, 0.33333311230052926, 0.3333424676086647, 0.33334241337712195, 0.33333915021969035, 0.3333332578808611, 0.33333504946199644, 0.3333348939316174, 0.333334852873451, 0.3333364281304627, 0.3333323928551492, 0.333334318413185, 0.33333585657409315, 0.33333494444782125, 0.33333805985569687, 0.3333332900242782, 0.33333466036391163], ""kernels.0.base_kernel.kernels.1.base_kernel"": [0.6931481805599428, 0.6931481805599428, 0.6931481805599428], ""kernels.1.base_kernel.kernels.0"": [0.2987484008628198, 0.4972393391525799, 0.15308021609114272, 0.5871064370235036, 0.5485017625739288, 0.3981019214059767, 0.17997207562398781, 0.15193635027073618, 0.35057454115837494, 0.3616714658186481, 0.3815684674189123, 0.28095331008816027, 0.34346678700422356, 0.5060277754152207, 0.4124673627903305, 0.5084356928159229, 0.22234927955325928, 0.23265257098896164], ""kernels.1.base_kernel.kernels.1"": [0.6931481805599428, 0.6931481805599428, 0.6931481805599428]}","{""kernels.0"": 4.9720805426069365e-06, ""kernels.0.base_kernel.kernels.1"": 0.001390459588681919, ""kernels.1"": 0.36180718330032935}",10,5,30,0,15,radius,0,6
50,85.98334356603623,84.94962976303606,0.499,global,-6.384081857338729,-14.465466155447862,8.081384298109132,0.6788001643175383,1.3688452128659454,global,,,0.0106644189196616,0.005136453386488373,0.007794103726024032,0.00022318879848960617,0.11971357491032507,0.15179442388333564,0.3333386245977412,0.6931481805599428,"{""kernels.0.base_kernel.kernels.0"": [0.33333359676327184, 0.33333908549063124, 0.33333309948178347, 0.3333429676236106, 0.3333425429359552, 0.3333392496985603, 0.3333332915236213, 0.33333506532929774, 0.3333350418819064, 0.3333348271716303, 0.3333364582707395, 0.3333324181997677, 0.33333445663391265, 0.3333360446166583, 0.3333349797750803, 0.3333381637048512, 0.3333333080237317, 0.333334711254361], ""kernels.0.base_kernel.kernels.1.base_kernel"": [0.6931481805599428, 0.6931481805599428, 0.6931481805599428], ""kernels.1.base_kernel.kernels.0"": [0.2978272282893125, 0.5010138218021348, 0.15179442388333564, 0.5979457679513849, 0.5490663903468682, 0.39485378424336415, 0.18257311301056803, 0.1537600928829361, 0.35603498452979804, 0.3593582657062568, 0.37893689761069754, 0.29190508810148696, 0.34566593268494233, 0.5088151220190333, 0.4125054604928241, 0.5094493048132404, 0.22255308473405647, 0.23305447622297018], ""kernels.1.base_kernel.kernels.1"": [0.6931481805599428, 0.6931481805599428, 0.6931481805599428]}","{""kernels.0"": 4.972022720513116e-06, ""kernels.0.base_kernel.kernels.1"": 0.0013904595258792249, ""kernels.1"": 0.35774529318237547}",10,5,30,0,15,radius,0,7
51,85.67674512349342,84.94962976303606,0.499,global,-6.481728616903292,-11.182220810166264,4.7004921932629715,0.44364960589859126,1.2969290346057205,global,,,0.010787686965983565,0.005008589668246288,0.007577008460247262,0.00020925835920097068,0.11988684833165782,0.1516918569266566,0.33333864152044657,0.6931481805599428,"{""kernels.0.base_kernel.kernels.0"": [0.3333335963985109, 0.33333911112465886, 0.33333309956271095, 0.33334301365600794, 0.3333425562723276, 0.33333925714207985, 0.333333288318173, 0.33333506446326494, 0.3333350550611403, 0.3333348277282407, 0.33333646273287354, 0.33333242142382524, 0.33333447110254355, 0.33333606058024823, 0.33333498339455625, 0.3333381719162343, 0.3333333093637823, 0.3333347166284423], ""kernels.0.base_kernel.kernels.1.base_kernel"": [0.6931481805599428, 0.6931481805599428, 0.6931481805599428], ""kernels.1.base_kernel.kernels.0"": [0.2977854274657541, 0.5011753367905651, 0.1516918569266566, 0.5984422027005569, 0.548996959933449, 0.39465497449679776, 0.1823712860390692, 0.15380031970406444, 0.3565076723762984, 0.35929597855491424, 0.3788974505424395, 0.29278237612056524, 0.34581896292677583, 0.508919215916401, 0.41251521542739533, 0.5094372229531471, 0.22254526673294195, 0.23306842394694158], ""kernels.1.base_kernel.kernels.1"": [0.6931481805599428, 0.6931481805599428, 0.6931481805599428]}","{""kernels.0"": 4.972017386738399e-06, ""kernels.0.base_kernel.kernels.1"": 0.0013904595201781713, ""kernels.1"": 0.3582651134574086}",10,5,30,1,15,radius,0,8
52,85.40854362308285,84.94962976303606,0.5,local,-6.794536851686912,-10.696617215201499,3.902080363514587,0.12673533519463043,0.670252405843817,radius,,,0.011754632953944516,0.0048578751259797616,0.0073158677981419685,0.00019358775424679474,0.11852422270405115,0.1516936063105367,0.3333386787579753,0.6931481805599428,"{""kernels.0.base_kernel.kernels.0"": [0.33333359609046803, 0.3333391696140239, 0.3333331006258652, 0.33334309940899354, 0.3333425827265664, 0.33333927570451316, 0.3333332871570507, 0.33333506509032396, 0.33333508069671997, 0.3333348346080711, 0.3333364776181441, 0.3333324325786795, 0.3333344995083498, 0.3333360948895448, 0.3333349908617208, 0.33333818790192665, 0.3333333126494308, 0.3333347277265595], ""kernels.0.base_kernel.kernels.1.base_kernel"": [0.6931481805599428, 0.6931481805599428, 0.6931481805599428], ""kernels.1.base_kernel.kernels.0"": [0.297758752628024, 0.5023895607030039, 0.1516936063105367, 0.5996899687174061, 0.5490746055937299, 0.3948515843909626, 0.18246663084464107, 0.1541549030771746, 0.35756848557712634, 0.35961280798212497, 0.3793435701401909, 0.2945970567286312, 0.3464556142714211, 0.509580639812875, 0.41263145566281006, 0.5095976905140363, 0.22268250945981521, 0.23343016822609777], ""kernels.1.base_kernel.kernels.1"": [0.6931481805599428, 0.6931481805599428, 0.6931481805599428]}","{""kernels.0"": 4.972007336688129e-06, ""kernels.0.base_kernel.kernels.1"": 0.0013904595108882227, ""kernels.1"": 0.3541772365939285}",10,5,30,3,15,radius,0,9
53,85.27386443716041,84.94962976303606,0.5006,global,-6.815250870572333,-12.204085385411021,5.388834514838688,0.3193428227912053,1.0339587870294742,global,,,0.008957624531332583,0.00472766182009159,0.007099034164384076,0.00018094782992739538,0.11692870203865967,0.15228126932231562,0.3333387334912351,0.6931481805599428,"{""kernels.0.base_kernel.kernels.0"": [0.33333359449918254, 0.33333925313925494, 0.33333310675969, 0.33334323371891983, 0.33334262304452394, 0.3333393004769943, 0.33333328134742424, 0.3333350680602201, 0.3333351160841129, 0.3333348624961852, 0.33333649964965256, 0.33333244861508654, 0.3333345394366117, 0.3333361491898134, 0.3333350020011015, 0.33333821384321527, 0.33333331508594266, 0.33333474279591874], ""kernels.0.base_kernel.kernels.1.base_kernel"": [0.6931481805599428, 0.6931481805599428, 0.6931481805599428], ""kernels.1.base_kernel.kernels.0"": [0.2976306170889141, 0.5039614108915018, 0.15228126932231562, 0.6019985455034635, 0.5492864917799964, 0.39508795921123013, 0.18199359869333356, 0.15501545550121157, 0.3589695788949254, 0.3610565193765062, 0.3799845028723104, 0.2969864392129536, 0.34719416501303885, 0.5108009896595116, 0.4127674913425361, 0.5099268254036351, 0.22268730811772808, 0.2338315921100648], ""kernels.1.base_kernel.kernels.1"": [0.6931481805599428, 0.6931481805599428, 0.6931481805599428]}","{""kernels.0"": 4.971993247851034e-06, ""kernels.0.base_kernel.kernels.1"": 0.0013904594976935608, ""kernels.1"": 0.3493906746250376}",10,5,30,0,15,radius,1,10
54,85.55245131723623,84.94962976303606,0.5002,global,-6.927663572553104,-10.134559842891752,3.206896270338648,0.6066168983642375,1.319880813403842,global,,,0.006156496030378019,0.004498555206426745,0.006754402776376918,0.00016258974155348107,0.11607974085863941,0.15303934620256865,0.3333388078248933,0.6931481805599428,"{""kernels.0.base_kernel.kernels.0"": [0.33333359130397106, 0.33333940681187574, 0.3333331150928946, 0.3333435256942738, 0.3333426980657301, 0.3333393529605632, 0.33333326726455403, 0.33333507522990974, 0.33333518575490784, 0.3333349043775415, 0.3333365326965529, 0.33333248969710483, 0.33333460573184676, 0.33333624407432966, 0.3333350207410319, 0.33333826268922334, 0.3333333173510122, 0.3333347638826047], ""kernels.0.base_kernel.kernels.1.base_kernel"": [0.6931481805599428, 0.6931481805599428, 0.6931481805599428], ""kernels.1.base_kernel.kernels.0"": [0.2973268371184834, 0.5064102079582646, 0.15303934620256865, 0.607528218918174, 0.5493701494150307, 0.39519960886621575, 0.18070087274887336, 0.15688273804518735, 0.36150828217935116, 0.3628265152052037, 0.3804777261122973, 0.30190688542837296, 0.34795328916869395, 0.5128126952671885, 0.41284269688104236, 0.510494959244912, 0.2224250054050732, 0.2337547430950842], ""kernels.1.base_kernel.kernels.1"": [0.6931481805599428, 0.6931481805599428, 0.6931481805599428]}","{""kernels.0"": 4.971969177473283e-06, ""kernels.0.base_kernel.kernels.1"": 0.0013904594743430205, ""kernels.1"": 0.3468437911323977}",10,5,30,0,15,radius,0,11
55,86.36981872322416,84.94962976303606,0.4998,global,-6.707218067021155,-13.50096215825804,6.793744091236886,0.5591421044687532,1.313574688018257,global,,,0.009586846237879964,0.0043148339949014534,0.006507958965090078,0.00014991758152690604,0.11555478402011149,0.1535084420320716,0.3333388415903362,0.6931481805599428,"{""kernels.0.base_kernel.kernels.0"": [0.33333358811147606, 0.3333395084129991, 0.3333331183228189, 0.33334373977944687, 0.33334275834323174, 0.3333393888992941, 0.33333326206248737, 0.3333350734008643, 0.3333352276784907, 0.3333349267026834, 0.3333365535333542, 0.3333325226190626, 0.3333346557682825, 0.3333363134038678, 0.3333350351308113, 0.33333829428137834, 0.33333331879308026, 0.3333347833562961], ""kernels.0.base_kernel.kernels.1.base_kernel"": [0.6931481805599428, 0.6931481805599428, 0.6931481805599428], ""kernels.1.base_kernel.kernels.0"": [0.29703884596925234, 0.5078933250819406, 0.1535084420320716, 0.611496959356804, 0.5498965898671637, 0.3951747052898992, 0.18055888587475538, 0.1577851025040653, 0.3629037003264164, 0.36343695743808724, 0.38063285332528196, 0.3054517393976814, 0.34892305249634986, 0.5143327311536543, 0.41297228949944265, 0.5108474298392034, 0.22232976267296017, 0.23419380486119173], ""kernels.1.base_kernel.kernels.1"": [0.6931481805599428, 0.6931481805599428, 0.6931481805599428]}","{""kernels.0"": 4.971953385047815e-06, ""kernels.0.base_kernel.kernels.1"": 0.0013904594596610656, ""kernels.1"": 0.34526892064728837}",10,5,30,0,15,radius,0,12
56,85.34363258152186,84.94962976303606,0.4994,global,-7.185379381387885,-13.82061819995972,6.6352388185718345,0.9608777754662472,1.3904741169519488,global,,,0.007543173506869726,0.004237225210279846,0.006417825467096347,0.00014496392960719207,0.11397767932493857,0.1561239844388636,0.3333390870930025,0.6931481805599428,"{""kernels.0.base_kernel.kernels.0"": [0.33333358504589033, 0.33333987728435616, 0.33333314576455236, 0.33334471933813326, 0.33334319274459673, 0.3333396923543643, 0.3333332648962875, 0.3333350461923257, 0.3333353874491611, 0.33333509020366375, 0.33333669260978577, 0.33333274797293444, 0.33333491091374406, 0.3333365805778771, 0.3333350990523887, 0.33333848183164067, 0.333333341069446, 0.33333490442151303], ""kernels.0.base_kernel.kernels.1.base_kernel"": [0.6931481805599428, 0.6931481805599428, 0.6931481805599428], ""kernels.1.base_kernel.kernels.0"": [0.29682898059645774, 0.509951464093765, 0.1561239844388636, 0.6274195633623895, 0.5562330027147099, 0.4012999374519709, 0.18016488532381808, 0.1585952734315983, 0.3650672421861853, 0.3694142675836027, 0.38400427318780983, 0.3264957002174179, 0.3536129226594071, 0.5219190023429068, 0.4128946967485965, 0.5141273683251572, 0.22212965231927162, 0.2380070160551935], ""kernels.1.base_kernel.kernels.1"": [0.6931481805599428, 0.6931481805599428, 0.6931481805599428]}","{""kernels.0"": 4.971874997907898e-06, ""kernels.0.base_kernel.kernels.1"": 0.001390459387683443, ""kernels.1"": 0.3405376067121344}",10,5,30,0,15,radius,0,13
57,85.88580947351892,84.94962976303606,0.4988,global,-7.228529283374643,-14.228596672215906,7.000067388841263,0.9861070537474944,1.4007380852095597,global,,,0.00699495942505385,0.004011317982087008,0.006185456123959145,0.00013379369843364168,0.11501269836870733,0.1560197010048715,0.33333910511551523,0.6931481805599428,"{""kernels.0.base_kernel.kernels.0"": [0.333333584276542, 0.3333399103711327, 0.33333314538819386, 0.3333447930069547, 0.33334322173572417, 0.33333971443992816, 0.33333326276369324, 0.333335043049921, 0.33333539782765825, 0.3333350954174581, 0.3333367009600581, 0.3333327621658426, 0.3333349298757243, 0.33333660047058666, 0.3333351035899662, 0.3333384957911023, 0.33333334193285963, 0.33333491488462424], ""kernels.0.base_kernel.kernels.1.base_kernel"": [0.6931481805599428, 0.6931481805599428, 0.6931481805599428], ""kernels.1.base_kernel.kernels.0"": [0.29674530754887707, 0.5101469407385646, 0.1560197010048715, 0.6276842508745978, 0.5561554104815017, 0.401163321838631, 0.1800650179161669, 0.15857023701415207, 0.3649930184223306, 0.3692515579368403, 0.3840106820268777, 0.32761716725166085, 0.3535590740913933, 0.5219298138894934, 0.41279390328762183, 0.5142095655298078, 0.22197760289359775, 0.2381156254707001], ""kernels.1.base_kernel.kernels.1"": [0.6931481805599428, 0.6931481805599428, 0.6931481805599428]}","{""kernels.0"": 4.971868781519399e-06, ""kernels.0.base_kernel.kernels.1"": 0.0013904593813699158, ""kernels.1"": 0.34364266385597053}",10,5,30,0,15,radius,0,14
58,85.5495596776872,84.94962976303606,0.5,global,-6.849953788336591,-12.223203576534342,5.373249788197751,0.5442609364362173,1.2898251992878584,global,,,0.012428846891023033,0.003917652369303314,0.006053084409199108,0.00012741544544489999,0.11390116986337685,0.15603806628290548,0.3333391444066083,0.6931481805599428,"{""kernels.0.base_kernel.kernels.0"": [0.3333335828915885, 0.3333399929658478, 0.3333331439094522, 0.33334491990554616, 0.33334329382830563, 0.33333976096629675, 0.3333332627008568, 0.33333504052724733, 0.3333354171912275, 0.3333351146047021, 0.3333367275635365, 0.3333328064846504, 0.3333349811060047, 0.3333366618374744, 0.3333351172759683, 0.33333852784691975, 0.33333334418655886, 0.3333349462455999], ""kernels.0.base_kernel.kernels.1.base_kernel"": [0.6931481805599428, 0.6931481805599428, 0.6931481805599428], ""kernels.1.base_kernel.kernels.0"": [0.29666399180688835, 0.5113166389399464, 0.15603806628290548, 0.6267169975937505, 0.556759424132088, 0.401702994948108, 0.18055132148061434, 0.15933781157339197, 0.3650233682052609, 0.36978507989828446, 0.3850320922181578, 0.330925324103561, 0.3543803552918945, 0.5227814298483849, 0.4128979846543369, 0.514664875473084, 0.22203592682967654, 0.23936638900989812], ""kernels.1.base_kernel.kernels.1"": [0.6931481805599428, 0.6931481805599428, 0.6931481805599428]}","{""kernels.0"": 4.9718541107642045e-06, ""kernels.0.base_kernel.kernels.1"": 0.0013904593689532405, ""kernels.1"": 0.34030807836706656}",10,5,30,0,15,radius,1,15
59,85.18235675608396,84.94962976303606,0.4998,local,-7.139274649000545,-12.160848865142482,5.0215742161419366,0.1841818064494793,0.6802336592020489,radius,,,0.005563868451242765,0.0037449981979646363,0.005888689688323581,0.00011993084494590889,0.11256829352396464,0.15576677005148695,0.33334005621239404,0.6931481805599428,"{""kernels.0.base_kernel.kernels.0"": [0.3333335754156811, 0.33334018560293655, 0.33333313634253064, 0.3333452398142893, 0.33334345988877206, 0.33333992682185154, 0.33333327513396666, 0.33333502771290513, 0.333335438561338, 0.33333516192369894, 0.3333368243869663, 0.3333328989134563, 0.33333509479949663, 0.33333683789102553, 0.33333514961331007, 0.3333386140056193, 0.33333334651449353, 0.33333502991149616], ""kernels.0.base_kernel.kernels.1.base_kernel"": [0.6931481805599428, 0.6931481805599428, 0.6931481805599428], ""kernels.1.base_kernel.kernels.0"": [0.29615752973812726, 0.5135867050745917, 0.15576677005148695, 0.6263669544972641, 0.5575951218064636, 0.40538680922288156, 0.18207373524640055, 0.16096524499436424, 0.3632306994426298, 0.37038260201487666, 0.388681977288115, 0.3378822228708832, 0.35591687981517434, 0.5268979190663505, 0.4132360959340359, 0.5163392719807591, 0.2219165459327423, 0.2427186770831075], ""kernels.1.base_kernel.kernels.1"": [0.6931481805599428, 0.6931481805599428, 0.6931481805599428]}","{""kernels.0"": 4.971820293737915e-06, ""kernels.0.base_kernel.kernels.1"": 0.0013904593403232489, ""kernels.1"": 0.33630944941127694}",10,5,30,1,15,radius,1,16
60,85.3390053850283,84.94962976303606,0.5,global,-7.271474447799109,-12.929799273323855,5.658324825524746,0.46991999169163345,1.2424143074777627,global,,,0.005448736145769143,0.0036593696066169012,0.005664505768475544,0.00011034322134467548,0.11378162613673483,0.15547615177017432,0.33334013877744884,0.6931481805599428,"{""kernels.0.base_kernel.kernels.0"": [0.33333357114868273, 0.33334026785978105, 0.33333313266974346, 0.3333453848478496, 0.3333435400848346, 0.3333400096951167, 0.33333326653302775, 0.33333501226954476, 0.3333354435585032, 0.3333351837611149, 0.3333368688995236, 0.333332937703306, 0.33333514816388005, 0.3333369154914739, 0.33333516550920916, 0.3333386516663399, 0.33333334855305985, 0.3333350700364343], ""kernels.0.base_kernel.kernels.1.base_kernel"": [0.6931481805599428, 0.6931481805599428, 0.6931481805599428], ""kernels.1.base_kernel.kernels.0"": [0.2958283533802656, 0.5137677958156444, 0.15547615177017432, 0.6260789559912082, 0.5576936314750693, 0.4066363081369902, 0.18207262431127721, 0.1610788889764304, 0.3619786210464369, 0.37031045082851777, 0.3899262962261924, 0.340674785487159, 0.3565247838503623, 0.5281236847917592, 0.4134198332016388, 0.5168209409896882, 0.2218809973663185, 0.24405704989729857], ""kernels.1.base_kernel.kernels.1"": [0.6931481805599428, 0.6931481805599428, 0.6931481805599428]}","{""kernels.0"": 4.971805241665275e-06, ""kernels.0.base_kernel.kernels.1"": 0.0013904593268743296, ""kernels.1"": 0.3399494472780885}",10,5,30,0,15,radius,0,17
61,85.60692512575301,84.94962976303606,0.4994,global,-7.352961956033933,-13.556818964829695,6.203857008795762,1.1120709732342704,1.3866180971371749,global,,,0.006600651513413023,0.0035009972318755865,0.005417782813357455,0.0001004117525815766,0.11184104798058397,0.1555779645438205,0.33334022442673694,0.6931481805599428,"{""kernels.0.base_kernel.kernels.0"": [0.333333568484354, 0.33334035702741166, 0.333333132314581, 0.3333455236235843, 0.33334361426325587, 0.33334009182606217, 0.33333326490049375, 0.3333350011070407, 0.33333545298532696, 0.33333521096044777, 0.3333369168526334, 0.3333329845801798, 0.3333352055838218, 0.3333369972687943, 0.3333351827244252, 0.33333868817498374, 0.33333335350854715, 0.33333511222948137], ""kernels.0.base_kernel.kernels.1.base_kernel"": [0.6931481805599428, 0.6931481805599428, 0.6931481805599428], ""kernels.1.base_kernel.kernels.0"": [0.2956542529495887, 0.5147950461497575, 0.1555779645438205, 0.6264326313210882, 0.558078997739444, 0.40843044608791274, 0.18281205777262635, 0.16172611722523306, 0.36134321121485447, 0.3708434505523003, 0.39169876481220045, 0.34385650932486983, 0.35783334816137746, 0.5297340350452037, 0.4138088884698489, 0.5174875432000772, 0.22221498062359646, 0.24599678590394344], ""kernels.1.base_kernel.kernels.1"": [0.6931481805599428, 0.6931481805599428, 0.6931481805599428]}","{""kernels.0"": 4.971788884984849e-06, ""kernels.0.base_kernel.kernels.1"": 0.0013904593147300887, ""kernels.1"": 0.33412771283813686}",10,5,30,0,15,radius,0,18
62,85.939639018365,84.94962976303606,0.5026,global,-7.489410281027633,-11.188879392327003,3.6994691112993703,0.6561759037214318,1.323280194819649,global,,,0.019606982131571297,0.0034406667871304014,0.0054186575715469,9.999999747378752e-05,0.11348782334533836,0.1551011515431221,0.3333411372171773,0.6931481805599428,"{""kernels.0.base_kernel.kernels.0"": [0.33333352591789844, 0.33334129635042536, 0.3333331187742326, 0.3333471788258615, 0.33334445269018553, 0.33334097808392926, 0.33333317093866444, 0.3333348463203631, 0.3333355080290878, 0.3333355022391074, 0.33333743163260177, 0.3333334721312485, 0.3333358133256914, 0.3333377703796605, 0.333335368387346, 0.33333904688737614, 0.33333338974949583, 0.33333556109391366], ""kernels.0.base_kernel.kernels.1.base_kernel"": [0.6931481805599428, 0.6931481805599428, 0.6931481805599428], ""kernels.1.base_kernel.kernels.0"": [0.2924231375816331, 0.5234283192271534, 0.1551011515431221, 0.6336749269531268, 0.560787927664486, 0.4214228287582672, 0.1862963176611668, 0.16514014570701827, 0.35043981877028724, 0.3734541007401479, 0.40663584686639054, 0.37698328771422074, 0.3692285148920996, 0.5407896707582351, 0.41734600285154716, 0.5221182301336853, 0.22409283374711927, 0.2631597433008328], ""kernels.1.base_kernel.kernels.1"": [0.6931481805599428, 0.6931481805599428, 0.6931481805599428]}","{""kernels.0"": 4.971631173151929e-06, ""kernels.0.base_kernel.kernels.1"": 0.0013904591881626594, ""kernels.1"": 0.3390680392166793}",10,5,30,0,15,radius,0,19
63,90.29697828945234,84.94962976303606,0.5008,global,-5.563003812881597,-14.948382394150398,9.385378581268801,0.5151585722341299,1.2992749201397196,global,,,0.03152519554254643,0.003441853339299856,0.005430481232740055,9.999999747378752e-05,0.11334333210318297,0.14813691768983236,0.3333421805947183,0.6931481805599428,"{""kernels.0.base_kernel.kernels.0"": [0.33333342549977135, 0.33334178491093747, 0.3333331260003728, 0.33334947382201024, 0.3333446302701077, 0.3333425762784991, 0.3333329171738947, 0.33333436289423657, 0.3333357054915174, 0.33333621928566637, 0.3333378806975677, 0.3333360182286437, 0.33333680765364276, 0.33333894107704554, 0.3333356415742553, 0.33333959356164033, 0.3333334465947561, 0.33333618518207514], ""kernels.0.base_kernel.kernels.1.base_kernel"": [0.6931481805599428, 0.6931481805599428, 0.6931481805599428], ""kernels.1.base_kernel.kernels.0"": [0.2830377619422491, 0.5058277289117362, 0.14813691768983236, 0.6341714722588907, 0.5440908249406512, 0.4200430012261898, 0.18096567139510067, 0.16197542542621862, 0.34620905477520064, 0.3805241993311265, 0.400031613758792, 0.48809627208291245, 0.3715132181721895, 0.5388907991353236, 0.41816546936874444, 0.5233790943568375, 0.22269487851159844, 0.27382414753169726], ""kernels.1.base_kernel.kernels.1"": [0.6931481805599428, 0.6931481805599428, 0.6931481805599428]}","{""kernels.0"": 4.9712132272784694e-06, ""kernels.0.base_kernel.kernels.1"": 0.0013904588890449598, ""kernels.1"": 0.33863456620727667}",10,5,30,0,15,radius,1,20
64,85.45947163903719,84.94962976303606,0.5004,global,-7.162194195881562,-14.017171225385392,6.8549770295038295,0.5218792204457707,1.2896085262676522,global,,,0.0073430233848251585,0.003470899744377072,0.005437334333075564,9.999999747378752e-05,0.11295008455826794,0.16351049124385375,0.3333425877799408,0.6931481805599428,"{""kernels.0.base_kernel.kernels.0"": [0.3333339341620305, 0.33334189904214695, 0.3333333427859114, 0.33334896111844686, 0.3333449196194679, 0.33334327651773465, 0.33333314910877404, 0.3333341524545638, 0.33333560852909755, 0.3333357481846433, 0.3333376390958112, 0.33333674869879004, 0.3333363043461388, 0.3333390508659854, 0.33333596232941914, 0.3333400811479575, 0.33333349125674056, 0.3333363750785924], ""kernels.0.base_kernel.kernels.1.base_kernel"": [0.6931481805599428, 0.6931481805599428, 0.6931481805599428], ""kernels.1.base_kernel.kernels.0"": [0.3190246627054238, 0.5230746848095902, 0.1671062942079402, 0.6104273846896113, 0.5499986838789291, 0.4217083880704306, 0.1823224463144564, 0.16351049124385375, 0.33590855504562084, 0.34671751448987087, 0.38334006192063186, 0.47277605732729777, 0.33789798932121906, 0.535389600173835, 0.45341251702472657, 0.5319076305753577, 0.21672601819270507, 0.2652743471372503], ""kernels.1.base_kernel.kernels.1"": [0.6931481805599428, 0.6931481805599428, 0.6931481805599428]}","{""kernels.0"": 4.9707552896941425e-06, ""kernels.0.base_kernel.kernels.1"": 0.0013904585327277994, ""kernels.1"": 0.3374548243867863}",10,5,30,0,15,radius,0,21
65,86.0128228558354,84.94962976303606,0.5012,local,-7.289692407254325,-12.559864631973547,5.2701722247192215,0.13854546797983155,0.6712982085244719,radius,,,0.010470276280437396,0.0034693644581909096,0.00544829138345599,9.999999747378752e-05,0.11246953640763184,0.16356391387817204,0.3333425971588151,0.6931481805599428,"{""kernels.0.base_kernel.kernels.0"": [0.33333393328678346, 0.3333419036881241, 0.3333333440790929, 0.3333489548254044, 0.3333449287652052, 0.33334329062950613, 0.333333150461129, 0.3333341525471601, 0.3333356098058143, 0.3333357517885546, 0.33333763996195126, 0.3333367654591412, 0.33333630292907757, 0.3333390512074254, 0.33333597135981824, 0.33334008638039986, 0.3333334914797153, 0.33333638175766467], ""kernels.0.base_kernel.kernels.1.base_kernel"": [0.6931481805599428, 0.6931481805599428, 0.6931481805599428], ""kernels.1.base_kernel.kernels.0"": [0.319022689325766, 0.5230840088180224, 0.16720715476557807, 0.6106904428480824, 0.5502000412176883, 0.42222759870216553, 0.18246287329430388, 0.16356391387817204, 0.3360431671985115, 0.34708252299763054, 0.38348805133379266, 0.4735891365579095, 0.337912017889757, 0.5354937166192352, 0.4534485684151348, 0.5319988531747061, 0.21670679951351843, 0.2654760598214193], ""kernels.1.base_kernel.kernels.1"": [0.6931481805599428, 0.6931481805599428, 0.6931481805599428]}","{""kernels.0"": 4.970746800465388e-06, ""kernels.0.base_kernel.kernels.1"": 0.0013904585266470504, ""kernels.1"": 0.336013179949448}",10,5,30,1,15,radius,0,22
66,85.71223026629983,84.94962976303606,0.4986,global,-7.372480261097572,-11.260494461667372,3.8880142005698,0.4301177095528508,1.2802451911688773,global,,,0.010926677480778609,0.0034615470815426612,0.00545818166766611,9.999999747378752e-05,0.11158285123044888,0.163642364860712,0.33334261278826705,0.6931481805599428,"{""kernels.0.base_kernel.kernels.0"": [0.3333339324271963, 0.33334191189047824, 0.3333333469269686, 0.33334895203463605, 0.33334495208159415, 0.3333433136860558, 0.3333331527307491, 0.33333415262098126, 0.3333356129650636, 0.3333357578027605, 0.33333764486649375, 0.3333367972211333, 0.33333630505703227, 0.33333905296503635, 0.3333359831205101, 0.3333400932328484, 0.3333334926438345, 0.3333363965604113], ""kernels.0.base_kernel.kernels.1.base_kernel"": [0.6931481805599428, 0.6931481805599428, 0.6931481805599428], ""kernels.1.base_kernel.kernels.0"": [0.31902648936704403, 0.5231346198049548, 0.16744367445152292, 0.611070736889049, 0.5509134602313969, 0.42306628698828247, 0.18272025664993005, 0.163642364860712, 0.33628531552981733, 0.34759632366893656, 0.38385783191308037, 0.4751834492686776, 0.33813986890824854, 0.5356697279024136, 0.4535305317822596, 0.5321119309650056, 0.21675463465447517, 0.2661119881172759], ""kernels.1.base_kernel.kernels.1"": [0.6931481805599428, 0.6931481805599428, 0.6931481805599428]}","{""kernels.0"": 4.970736149633587e-06, ""kernels.0.base_kernel.kernels.1"": 0.0013904585193112156, ""kernels.1"": 0.33335312443588583}",10,5,30,1,15,radius,0,23
67,85.44847257625244,84.94962976303606,0.4988,global,-7.436571713423037,-13.934386265317393,6.497814551894356,0.538408467355451,1.1513821147009975,global,,,0.00703856097749624,0.0034322653108692937,0.0054679016480304165,9.999999747378752e-05,0.11055246968088199,0.16349879094806644,0.33334265351345393,0.6931481805599428,"{""kernels.0.base_kernel.kernels.0"": [0.3333339311899553, 0.3333419501258047, 0.33333335087209254, 0.3333490939455179, 0.3333450258430796, 0.3333433569011031, 0.33333315901053734, 0.3333341502193972, 0.3333356130212522, 0.33333577707001416, 0.33333766528813197, 0.3333368562087116, 0.3333363017533155, 0.33333905027291877, 0.3333359990303493, 0.33334010331321534, 0.3333334938467905, 0.3333364259275921], ""kernels.0.base_kernel.kernels.1.base_kernel"": [0.6931481805599428, 0.6931481805599428, 0.6931481805599428], ""kernels.1.base_kernel.kernels.0"": [0.31898939946419164, 0.5243913203682198, 0.16765504033429557, 0.6164237631576521, 0.5534695468799198, 0.4242227736068298, 0.18292991028774633, 0.16349879094806644, 0.33619596192512663, 0.3485306729989105, 0.38451069097504353, 0.4776492034795155, 0.33809734007535863, 0.5356613055807155, 0.45352037568131043, 0.5322057491091854, 0.2166347830427548, 0.26718362063938894], ""kernels.1.base_kernel.kernels.1"": [0.6931481805599428, 0.6931481805599428, 0.6931481805599428]}","{""kernels.0"": 4.970718132065385e-06, ""kernels.0.base_kernel.kernels.1"": 0.0013904585078551599, ""kernels.1"": 0.3302619798166587}",10,5,30,0,15,radius,0,24
68,129.85582844419204,84.94962976303606,0.4976,global,-7.25885245901064,-22.154466036501862,14.895613577491222,0.9084735440044351,1.4044157381887858,global,,,0.11507321407711889,0.003419207348535,0.0054773684677265665,9.999999747378752e-05,0.10969525593133396,0.16293859598974478,0.3333427920726464,0.6931481805599428,"{""kernels.0.base_kernel.kernels.0"": [0.3333339268034503, 0.33334208128695125, 0.33333335631971905, 0.3333495133951871, 0.3333452348710849, 0.3333435028583415, 0.33333317254986805, 0.3333341396906442, 0.3333356140693391, 0.33333583139348594, 0.33333772505556203, 0.3333370461118773, 0.33333632449927797, 0.33333903631264716, 0.3333360476334667, 0.3333401337455476, 0.3333335011976695, 0.3333365164753508], ""kernels.0.base_kernel.kernels.1.base_kernel"": [0.6931481805599428, 0.6931481805599428, 0.6931481805599428], ""kernels.1.base_kernel.kernels.0"": [0.3187410797093725, 0.5282425133704487, 0.16785177744688778, 0.6297531761552253, 0.5595323970977708, 0.4272041839498732, 0.1833042365014826, 0.16293859598974478, 0.33562424169471283, 0.350546335969546, 0.3860016617227175, 0.4845533877692331, 0.34013464562523094, 0.5350579707520635, 0.4536755821572035, 0.5322871195775714, 0.2169549282625335, 0.2701464550332354], ""kernels.1.base_kernel.kernels.1"": [0.6931481805599428, 0.6931481805599428, 0.6931481805599428]}","{""kernels.0"": 4.970666693146976e-06, ""kernels.0.base_kernel.kernels.1"": 0.0013904584742061691, ""kernels.1"": 0.3276903386531026}",10,5,30,0,15,radius,0,25
69,86.16564846295884,84.94962976303606,0.4998,local,-7.359266249403344,-14.308681487198537,6.949415237795193,0.25129816852787584,0.8796604098137767,radius,,,0.008237606526587216,0.0034202636813067985,0.0054658797779950224,9.999999747378752e-05,0.11107049244229604,0.15959109379795083,0.3333422595756427,0.6931481805599428,"{""kernels.0.base_kernel.kernels.0"": [0.3333339214565763, 0.3333418647194145, 0.3333332525585782, 0.3333493508149839, 0.3333446569528199, 0.3333426544318709, 0.333333739901709, 0.33333418908446344, 0.3333357804806908, 0.3333365623790911, 0.33333873856190666, 0.3333383636422566, 0.33333654538707336, 0.33333898397906947, 0.3333359861166574, 0.3333402005285975, 0.3333335023470432, 0.33333672656383334], ""kernels.0.base_kernel.kernels.1.base_kernel"": [0.6931481805599428, 0.6931481805599428, 0.6931481805599428], ""kernels.1.base_kernel.kernels.0"": [0.3151060160306772, 0.5088453161987323, 0.16162364556043063, 0.6111085286231832, 0.5289601839770011, 0.38963528804707265, 0.17741695166819185, 0.15959109379795083, 0.3469648305906218, 0.38713799505948676, 0.41580556546583797, 0.5041828149065473, 0.3496058427693517, 0.5352244857771895, 0.44176433959394623, 0.5261219522671765, 0.21533731231587047, 0.27252129630634103], ""kernels.1.base_kernel.kernels.1"": [0.6931481805599428, 0.6931481805599428, 0.6931481805599428]}","{""kernels.0"": 4.9702117706664426e-06, ""kernels.0.base_kernel.kernels.1"": 0.0013904581103131057, ""kernels.1"": 0.3318160490048043}",10,5,30,1,15,radius,0,26
70,85.1686512607848,84.94962976303606,0.5002,global,-7.542070462931385,-11.514228164292337,3.9721577013609526,0.4329406720044651,1.2477123066630496,global,,,0.004026982112347466,0.0034130897257065897,0.005474345797225993,9.999999747378752e-05,0.11044649239814819,0.15963549619781386,0.3333422603574073,0.6931481805599428,"{""kernels.0.base_kernel.kernels.0"": [0.3333339204906642, 0.3333418659816414, 0.33333325533401476, 0.33334937010651783, 0.33334466941562657, 0.3333426547331732, 0.3333337486913463, 0.33333419200536424, 0.3333357867083908, 0.3333365389046919, 0.333338748017263, 0.33333839165484547, 0.3333365476822999, 0.3333389805971741, 0.3333359840364707, 0.3333401976421513, 0.33333350260761757, 0.3333367309519245], ""kernels.0.base_kernel.kernels.1.base_kernel"": [0.6931481805599428, 0.6931481805599428, 0.6931481805599428], ""kernels.1.base_kernel.kernels.0"": [0.3150115592699168, 0.5086904261034004, 0.1618276741457414, 0.6116133951724634, 0.5295715985380408, 0.38976465588108683, 0.1778980065178749, 0.15963549619781386, 0.34728815056959783, 0.38615723268615737, 0.41612062642093234, 0.5048187655555343, 0.3497244605914118, 0.5349379156397746, 0.4417241792485282, 0.5259440838079603, 0.21534044805297534, 0.2728582777886561], ""kernels.1.base_kernel.kernels.1"": [0.6931481805599428, 0.6931481805599428, 0.6931481805599428]}","{""kernels.0"": 4.970202753673357e-06, ""kernels.0.base_kernel.kernels.1"": 0.0013904581035072779, ""kernels.1"": 0.3299440488881836}",10,5,30,0,15,radius,0,27
71,86.74411000075652,84.94962976303606,0.4986,global,-7.283636003926995,-14.352017553243574,7.0683815493165785,0.7353427268739782,1.3514300358167965,global,,,0.020048955910307167,0.003396808507062658,0.005483267205054643,9.999999747378752e-05,0.10988390941787224,0.1596379371915475,0.3333422628957683,0.6931481805599428,"{""kernels.0.base_kernel.kernels.0"": [0.333333919211007, 0.33334186799207216, 0.33333325856731794, 0.3333494020135709, 0.33334468710756343, 0.3333426577994645, 0.3333337588788003, 0.33333419484808174, 0.33333579469995533, 0.33333650927673963, 0.3333387614630358, 0.33333843148346626, 0.33333655147347435, 0.33333897654430134, 0.3333359815918484, 0.3333401945844319, 0.3333335029734905, 0.33333673746532294], ""kernels.0.base_kernel.kernels.1.base_kernel"": [0.6931481805599428, 0.6931481805599428, 0.6931481805599428], ""kernels.1.base_kernel.kernels.0"": [0.3148837921414828, 0.5084225098464468, 0.16208146780810606, 0.612364571371045, 0.5302636155232127, 0.38998487823350375, 0.1784671430661782, 0.1596379371915475, 0.34765925962167044, 0.3849056863373612, 0.4165141736325945, 0.5057264693660657, 0.3498977333953281, 0.5346144264176573, 0.44167314537294644, 0.5257309171267499, 0.21534107084567983, 0.27329828566236936], ""kernels.1.base_kernel.kernels.1"": [0.6931481805599428, 0.6931481805599428, 0.6931481805599428]}","{""kernels.0"": 4.970190941900076e-06, ""kernels.0.base_kernel.kernels.1"": 0.0013904580944809188, ""kernels.1"": 0.3282562999681939}",10,5,30,0,15,radius,0,28
72,85.35868766481306,84.94962976303606,0.5018,global,-7.306391427780388,-12.38284544913834,5.076454021357953,0.7938978440220802,1.354305633213316,global,,,0.010777228105865556,0.003389249409136067,0.005490309667853161,9.999999747378752e-05,0.10893076331147,0.1592914861903174,0.33334227849521303,0.6931481805599428,"{""kernels.0.base_kernel.kernels.0"": [0.33333391579643035, 0.33334186473865857, 0.33333326395540447, 0.3333494865826351, 0.33334471083897343, 0.33334269225176755, 0.3333337755739558, 0.33333419762328376, 0.3333358486416183, 0.33333646701870734, 0.3333387836253323, 0.33333850400670384, 0.3333365542864317, 0.3333389714642329, 0.3333359763403786, 0.33334019249384694, 0.33333350027911113, 0.33333677696579794], ""kernels.0.base_kernel.kernels.1.base_kernel"": [0.6931481805599428, 0.6931481805599428, 0.6931481805599428], ""kernels.1.base_kernel.kernels.0"": [0.31465603259462455, 0.5074281796397704, 0.1624804348518128, 0.614977414270628, 0.5310745300946651, 0.391660101733705, 0.1790341866419781, 0.1592914861903174, 0.3506331499405873, 0.38324826547271873, 0.4170974333029831, 0.5074977580847204, 0.3497378720843158, 0.534221428317895, 0.44154408719013105, 0.5254880565009394, 0.21499243008587182, 0.27582638299122597], ""kernels.1.base_kernel.kernels.1"": [0.6931481805599428, 0.6931481805599428, 0.6931481805599428]}","{""kernels.0"": 4.970171285759688e-06, ""kernels.0.base_kernel.kernels.1"": 0.001390458079857199, ""kernels.1"": 0.32539686168326704}",10,5,30,0,15,radius,0,29
73,85.837281687986,84.94962976303606,0.4998,global,-7.185152765072386,-10.478269078458547,3.293116313386161,0.4572892783205674,1.2266879605580538,global,,,0.007902217144390756,0.003369621656015662,0.005498437453671401,9.999999747378752e-05,0.10966496722145812,0.15558439945992886,0.33334286047285455,0.6931481805599428,"{""kernels.0.base_kernel.kernels.0"": [0.33333386147480065, 0.3333428584439416, 0.333333300282309, 0.3333508146379596, 0.3333446959657527, 0.33334286250176753, 0.33333380142730307, 0.3333342198153204, 0.3333361004714158, 0.33333623235720017, 0.3333388922619946, 0.33333901978362557, 0.33333659215114586, 0.3333388897530568, 0.333335970820113, 0.3333401652961175, 0.33333351971883707, 0.33333692329719466], ""kernels.0.base_kernel.kernels.1.base_kernel"": [0.6931481805599428, 0.6931481805599428, 0.6931481805599428], ""kernels.1.base_kernel.kernels.0"": [0.3103862731589565, 0.5305649193247961, 0.16478508937913244, 0.6495598065795491, 0.527172901865329, 0.39982258878160315, 0.17833615611924641, 0.15558439945992886, 0.3625244794257652, 0.3740948321214421, 0.41558372208693695, 0.5175006858201094, 0.3517572292406296, 0.5306524574320055, 0.4419767145190537, 0.5231559637685146, 0.21431782227567311, 0.2851166503109387], ""kernels.1.base_kernel.kernels.1"": [0.6931481805599428, 0.6931481805599428, 0.6931481805599428]}","{""kernels.0"": 4.9700286030527206e-06, ""kernels.0.base_kernel.kernels.1"": 0.0013904579777195081, ""kernels.1"": 0.32759947365805175}",10,5,30,0,15,radius,0,30
74,85.75559557807583,84.94962976303606,0.4994,global,-7.190021792935538,-13.61774015508813,6.427718362152592,0.5151368106907742,1.3148986862771939,global,,,0.012594063427837436,0.0033684181084057798,0.005505672158431525,9.999999747378752e-05,0.1090981545632513,0.1559979181886658,0.3333428999761959,0.6931481805599428,"{""kernels.0.base_kernel.kernels.0"": [0.33333386074993415, 0.3333429196871999, 0.3333333003313109, 0.33335088641723837, 0.3333446830890272, 0.333342880265192, 0.3333338059452601, 0.3333342310458909, 0.33333610998889274, 0.33333622364312465, 0.3333388989827375, 0.3333390668253372, 0.33333660001436854, 0.3333388952531875, 0.33333597242802876, 0.3333401648212051, 0.3333335219110379, 0.3333369308834346], ""kernels.0.base_kernel.kernels.1.base_kernel"": [0.6931481805599428, 0.6931481805599428, 0.6931481805599428], ""kernels.1.base_kernel.kernels.0"": [0.31022822759697727, 0.5312742898376147, 0.16474846045173813, 0.6494715811763758, 0.526424026151235, 0.4000101937589201, 0.17858338444749175, 0.1559979181886658, 0.3626846160884233, 0.3739813489544406, 0.41545392494489003, 0.5183335303700549, 0.3520329337517858, 0.5307378623880108, 0.44212632384576656, 0.5232066019350485, 0.2144176624223793, 0.2854212673156843], ""kernels.1.base_kernel.kernels.1"": [0.6931481805599428, 0.6931481805599428, 0.6931481805599428]}","{""kernels.0"": 4.970017122497039e-06, ""kernels.0.base_kernel.kernels.1"": 0.0013904579700337759, ""kernels.1"": 0.32589903570259765}",10,5,30,0,15,radius,1,31
75,85.27461238781697,84.94962976303606,0.4998,local,-7.17042053368742,-13.057238193493912,5.886817659806493,0.22901022372178895,0.9473367128320205,radius,,,0.005435418139894875,0.003360515757915684,0.005512599529236347,9.999999747378752e-05,0.1084606926955098,0.15659724889285734,0.33334293707575324,0.6931481805599428,"{""kernels.0.base_kernel.kernels.0"": [0.33333385876768673, 0.33334297937947577, 0.33333330325477006, 0.3333509897491083, 0.33334467732381245, 0.3333428947720307, 0.333333808569905, 0.3333342442898763, 0.3333361493023177, 0.33333620541049247, 0.33333891507677754, 0.333339140107702, 0.33333661094748596, 0.3333388959903907, 0.3333359770367639, 0.3333401624453741, 0.3333335245840074, 0.33333693845445833], ""kernels.0.base_kernel.kernels.1.base_kernel"": [0.6931481805599428, 0.6931481805599428, 0.6931481805599428], ""kernels.1.base_kernel.kernels.0"": [0.309972943877994, 0.5314235585029651, 0.1650062762903001, 0.6497344728599238, 0.5257984079561517, 0.3999462055708929, 0.17868184786456767, 0.15659724889285734, 0.36450912284042014, 0.37332281215028157, 0.4156941430037062, 0.5199965653679803, 0.3524098568271505, 0.5304192206164937, 0.4424541392382261, 0.5231268492563428, 0.21454665423524244, 0.28560110396146876], ""kernels.1.base_kernel.kernels.1"": [0.6931481805599428, 0.6931481805599428, 0.6931481805599428]}","{""kernels.0"": 4.970003175731146e-06, ""kernels.0.base_kernel.kernels.1"": 0.0013904579607437657, ""kernels.1"": 0.3239866501226099}",10,5,30,1,15,radius,0,32
76,85.4699383445463,84.94962976303606,0.5,local,-7.25270862815797,-14.636235225381242,7.3835265972232715,0.19472591506387465,0.8987791573589616,radius,,,0.008181903744854798,0.003356083778016582,0.0055195799224566815,9.999999747378752e-05,0.10790521984846058,0.15737266328502497,0.3333430126565858,0.6931481805599428,"{""kernels.0.base_kernel.kernels.0"": [0.33333385531372645, 0.333343097439186, 0.333333307585063, 0.3333511861020861, 0.33334467600852546, 0.33334292787398556, 0.33333381356563424, 0.33333426298654706, 0.3333362209258599, 0.3333361760714034, 0.33333895099076133, 0.3333392772859456, 0.3333366304943796, 0.33333889741340844, 0.33333598531835257, 0.3333401587801524, 0.33333352885844586, 0.3333369519720668], ""kernels.0.base_kernel.kernels.1.base_kernel"": [0.6931481805599428, 0.6931481805599428, 0.6931481805599428], ""kernels.1.base_kernel.kernels.0"": [0.30952336432386574, 0.5320806072663743, 0.16538789721757421, 0.6505532729517586, 0.5248858369506142, 0.40015379592548317, 0.17887550485369494, 0.15737266328502497, 0.3676294122517759, 0.3721390398113333, 0.4163200862813847, 0.5230698713991695, 0.35298940947088353, 0.5299389132212791, 0.4429754289193715, 0.5229551635637764, 0.21470745154717236, 0.2858338979209881], ""kernels.1.base_kernel.kernels.1"": [0.6931481805599428, 0.6931481805599428, 0.6931481805599428]}","{""kernels.0"": 4.969979007195176e-06, ""kernels.0.base_kernel.kernels.1"": 0.0013904579446642896, ""kernels.1"": 0.32232023162171025}",10,5,30,1,15,radius,1,33
77,85.88492062182371,84.94962976303606,0.5004,local,-7.359679790553311,-14.062057612468305,6.702377821914994,0.16155670738513675,0.6495014786856191,radius,,,0.0080705088390546,0.0033441672362190663,0.0055261137289855464,9.999999747378752e-05,0.10903161792822373,0.15998496822857,0.3333436039632186,0.6931481805599428,"{""kernels.0.base_kernel.kernels.0"": [0.33333383479914946, 0.33334378843052953, 0.333333317289497, 0.33335262862587867, 0.33334487449927463, 0.3333434194959076, 0.3333338383683091, 0.33333434469446016, 0.333336642566322, 0.33333597279851046, 0.3333392330518726, 0.33334021885371706, 0.33333677592956595, 0.33333893829996786, 0.33333604468173733, 0.33334013669163975, 0.3333335466422827, 0.3333370448667707], ""kernels.0.base_kernel.kernels.1.base_kernel"": [0.6931481805599428, 0.6931481805599428, 0.6931481805599428], ""kernels.1.base_kernel.kernels.0"": [0.30674042053500356, 0.5316904997533793, 0.16637075153268993, 0.6579067997346005, 0.5290106738894965, 0.4137408782218501, 0.17976024845926955, 0.15998496822857, 0.38218951972913345, 0.3627260898943284, 0.4205184844920862, 0.5388869156490956, 0.3548895990399752, 0.5280749368870203, 0.4461860322335297, 0.5216484984070333, 0.21464955326121127, 0.28673304791037146], ""kernels.1.base_kernel.kernels.1"": [0.6931481805599428, 0.6931481805599428, 0.6931481805599428]}","{""kernels.0"": 4.969811578978084e-06, ""kernels.0.base_kernel.kernels.1"": 0.0013904578346883253, ""kernels.1"": 0.32569942613840386}",10,5,30,1,15,radius,0,34
78,85.64342862792826,84.94962976303606,0.4998,global,-7.377336911184868,-14.125556866723379,6.748219955538511,0.8505140571521601,1.358583028984458,global,,,0.005991815098546608,0.0033417173080054455,0.0055320118204451015,9.999999747378752e-05,0.10843611751408098,0.15995708159396604,0.333343642132154,0.6931481805599428,"{""kernels.0.base_kernel.kernels.0"": [0.3333338356220809, 0.33334383148938074, 0.3333333183463661, 0.3333526977386474, 0.33334488975372983, 0.3333434527749273, 0.3333338354742811, 0.33333434441159815, 0.33333665966639636, 0.33333597162813156, 0.33333925358263394, 0.3333402679520716, 0.33333678401799677, 0.3333389468483439, 0.3333360469341522, 0.33334013546079955, 0.3333335483838076, 0.3333370525198859], ""kernels.0.base_kernel.kernels.1.base_kernel"": [0.6931481805599428, 0.6931481805599428, 0.6931481805599428], ""kernels.1.base_kernel.kernels.0"": [0.3067757750324225, 0.5320615455065005, 0.16643684098339118, 0.658130828827529, 0.5292781665237962, 0.4142299113893928, 0.17963640617380303, 0.15995708159396604, 0.3825159041944692, 0.3627203721939296, 0.42091568379452693, 0.5394662862073212, 0.35494112306264786, 0.5283657485370402, 0.4462997252223218, 0.5216678904259345, 0.2146782993950519, 0.2870535029471133], ""kernels.1.base_kernel.kernels.1"": [0.6931481805599428, 0.6931481805599428, 0.6931481805599428]}","{""kernels.0"": 4.969800647075376e-06, ""kernels.0.base_kernel.kernels.1"": 0.0013904578284855858, ""kernels.1"": 0.3239129249131103}",10,5,30,0,15,radius,0,35
79,85.06813425723527,84.94962976303606,0.499,global,-7.491136994654117,-13.433990010576467,5.94285301592235,1.0562164200206656,1.3809240584476874,global,,,0.0047019231013649045,0.003339157633211054,0.005537798864522052,9.999999747378752e-05,0.10793265115366561,0.1598213953549378,0.33334369463132185,0.6931481805599428,"{""kernels.0.base_kernel.kernels.0"": [0.3333338362272474, 0.3333438932467999, 0.33333332027851525, 0.3333527826257835, 0.33334491923065573, 0.33334349601584384, 0.33333382762544334, 0.3333343438897088, 0.33333667898642677, 0.3333359744285651, 0.3333392795858119, 0.33334032369608946, 0.3333367928914323, 0.3333389600867583, 0.33333605192112603, 0.3333401349785681, 0.3333335509131717, 0.33333706140368524], ""kernels.0.base_kernel.kernels.1.base_kernel"": [0.6931481805599428, 0.6931481805599428, 0.6931481805599428], ""kernels.1.base_kernel.kernels.0"": [0.3067515580124058, 0.5326583129100098, 0.1665210436725106, 0.6585512105557608, 0.5297781096410558, 0.41497229888554743, 0.1796319957529221, 0.1598213953549378, 0.3829247816487318, 0.36278018232650905, 0.42125464954184977, 0.540240140366374, 0.3550630715173588, 0.5285704795928683, 0.44647360589815993, 0.5216532324540888, 0.21471820965030156, 0.28740048112709693], ""kernels.1.base_kernel.kernels.1"": [0.6931481805599428, 0.6931481805599428, 0.6931481805599428]}","{""kernels.0"": 4.969788254526803e-06, ""kernels.0.base_kernel.kernels.1"": 0.0013904578215364438, ""kernels.1"": 0.3224025258512059}",10,5,30,0,15,radius,0,36
80,195.41148368850776,84.94962976303606,0.5,global,-8.61423070145871,-14.180931301314185,5.566700599855475,0.9978753876778671,1.3698617159114133,global,,,0.25217760853150695,0.003336102006560923,0.00554373379452304,9.999999747378752e-05,0.10758575115795165,0.1597405856740225,0.3333437511857538,0.6931481805599428,"{""kernels.0.base_kernel.kernels.0"": [0.3333338367620161, 0.333343955816155, 0.33333332192609344, 0.33335287233683863, 0.33334494533122283, 0.33334354655535264, 0.3333338204468967, 0.33333434413088875, 0.3333366994868602, 0.3333359781833196, 0.3333393047957158, 0.33334038294088403, 0.3333368013075878, 0.3333389727988277, 0.33333605696003, 0.333340134378643, 0.33333355290977706, 0.3333370703962923], ""kernels.0.base_kernel.kernels.1.base_kernel"": [0.6931481805599428, 0.6931481805599428, 0.6931481805599428], ""kernels.1.base_kernel.kernels.0"": [0.30670418581983827, 0.5330997448890986, 0.16657583840650447, 0.6588953325961415, 0.5300663154395331, 0.41610742797384925, 0.17976778551522754, 0.1597405856740225, 0.3833697540893106, 0.3628028949218234, 0.4215124347900169, 0.5411062061325768, 0.3550803574911896, 0.5286342775490904, 0.4466249377870619, 0.5215909235964018, 0.21469502039959737, 0.28764815216132], ""kernels.1.base_kernel.kernels.1"": [0.6931481805599428, 0.6931481805599428, 0.6931481805599428]}","{""kernels.0"": 4.969775534749874e-06, ""kernels.0.base_kernel.kernels.1"": 0.001390457814276639, ""kernels.1"": 0.32136182588404355}",10,5,30,0,15,radius,0,37
81,85.49267818934032,84.94962976303606,0.4996,global,-7.421835201702178,-12.721490540254162,5.299655338551984,0.6940800358877829,1.2814324034902609,global,,,0.006577846472842621,0.0033303360081337677,0.005530279286870854,9.999999747378752e-05,0.10807228549163574,0.15889759218482755,0.3333440236960521,0.6931481805599428,"{""kernels.0.base_kernel.kernels.0"": [0.33333383726616966, 0.3333442501748444, 0.3333333187819732, 0.33335330715515693, 0.3333450652727807, 0.3333437972172597, 0.3333337816717239, 0.3333343465978923, 0.3333367942255389, 0.333335984462551, 0.3333394296537619, 0.3333406918700261, 0.3333368375379967, 0.33333902396288134, 0.33333608364804995, 0.33334013293870646, 0.3333335599210624, 0.33333710139822087], ""kernels.0.base_kernel.kernels.1.base_kernel"": [0.6931481805599428, 0.6931481805599428, 0.6931481805599428], ""kernels.1.base_kernel.kernels.0"": [0.30618862602815106, 0.5339967182478067, 0.1659314974178191, 0.6592136478869435, 0.530414281934565, 0.42023227134069435, 0.17937762633476886, 0.15889759218482755, 0.38466578701920007, 0.3616660077483127, 0.4218332909152972, 0.5449235674309718, 0.35446580761214863, 0.5281320001000611, 0.4472057210290337, 0.5210097475831188, 0.21425578676587087, 0.2874464924687383], ""kernels.1.base_kernel.kernels.1"": [0.6931481805599428, 0.6931481805599428, 0.6931481805599428]}","{""kernels.0"": 4.969709752043999e-06, ""kernels.0.base_kernel.kernels.1"": 0.0013904577751692325, ""kernels.1"": 0.32282142898998595}",10,5,30,0,15,radius,1,38
82,85.16407917137501,84.94962976303606,0.4994,global,-7.599225349065268,-14.812474440653332,7.2132490915880645,0.3780166542916643,1.0040745069874735,global,,,0.0031574643763948164,0.0033263021619711025,0.005535645193123691,9.999999747378752e-05,0.10728119363679976,0.15903945000073422,0.3333440666525506,0.6931481805599428,"{""kernels.0.base_kernel.kernels.0"": [0.3333338378493209, 0.3333442972482173, 0.33333332018380357, 0.3333533709899085, 0.333345083109896, 0.33334383605688395, 0.33333377869219966, 0.3333343505405268, 0.3333368116823757, 0.3333359891888659, 0.33333945132742776, 0.33334073988574414, 0.3333368467509979, 0.33333903324199554, 0.33333608805201703, 0.333340133129413, 0.33333356251927054, 0.33333710903004693], ""kernels.0.base_kernel.kernels.1.base_kernel"": [0.6931481805599428, 0.6931481805599428, 0.6931481805599428], ""kernels.1.base_kernel.kernels.0"": [0.30615238766656755, 0.5344342266662785, 0.16597014277914918, 0.6593952165594641, 0.5305941845220847, 0.420867884528615, 0.17952732063279836, 0.15903945000073422, 0.38513536099679624, 0.3617499247510497, 0.42213826839137464, 0.5455487465114313, 0.35466266644280575, 0.5281159470700635, 0.44732543606532477, 0.5209600894305102, 0.21432331450035888, 0.28770116117690864], ""kernels.1.base_kernel.kernels.1"": [0.6931481805599428, 0.6931481805599428, 0.6931481805599428]}","{""kernels.0"": 4.96969888818514e-06, ""kernels.0.base_kernel.kernels.1"": 0.0013904577692325194, ""kernels.1"": 0.32044815344227856}",10,5,30,0,15,radius,1,39
83,91.0570848837083,84.94962976303606,0.5,global,-7.23875099114011,-11.129912772273384,3.891161781133274,1.0254794772321212,1.3677351974711642,global,,,0.031882885571381823,0.003323098141407998,0.0055410555276869606,9.999999747378752e-05,0.1069611018527095,0.1590879198428763,0.3333441107842064,0.6931481805599428,"{""kernels.0.base_kernel.kernels.0"": [0.33333383822770446, 0.3333443451464728, 0.33333332101874796, 0.3333534378346452, 0.33334510259817857, 0.33334387642193997, 0.3333337744772976, 0.33333435349776763, 0.33333682936481956, 0.3333359929641845, 0.3333394739770753, 0.33334078954044266, 0.3333368558176178, 0.33333904197842035, 0.3333360923251185, 0.3333401335203421, 0.3333335647331524, 0.3333371162294237], ""kernels.0.base_kernel.kernels.1.base_kernel"": [0.6931481805599428, 0.6931481805599428, 0.6931481805599428], ""kernels.1.base_kernel.kernels.0"": [0.3060870570527697, 0.5347694711957702, 0.16596376323016415, 0.659543704018924, 0.5307305602351038, 0.4213818482275021, 0.1795652998277106, 0.1590879198428763, 0.38555444501334496, 0.3617378957693384, 0.42238425046128725, 0.5461422734367161, 0.3547943393469464, 0.5280538578909575, 0.4474178629140356, 0.520887326495139, 0.2143478115579957, 0.28785404656779834], ""kernels.1.base_kernel.kernels.1"": [0.6931481805599428, 0.6931481805599428, 0.6931481805599428]}","{""kernels.0"": 4.9696880809716205e-06, ""kernels.0.base_kernel.kernels.1"": 0.0013904577630907294, ""kernels.1"": 0.3194878781069568}",10,5,30,1,15,radius,0,40
84,85.57807320698844,84.94962976303606,0.4984,global,-7.604976112365703,-12.495823289966431,4.890847177600728,0.5040603817149244,1.2779709087861453,global,,,0.006092712114528608,0.0033180048695545944,0.005542216680363489,9.999999747378752e-05,0.10650709717566424,0.1593084654430152,0.3333441645996876,0.6931481805599428,"{""kernels.0.base_kernel.kernels.0"": [0.33333384033562996, 0.3333444031066261, 0.3333333199424458, 0.33335352297915405, 0.33334510925731853, 0.33334392609274904, 0.3333337699947945, 0.3333343577818336, 0.33333685566450066, 0.3333359978374537, 0.3333394982567095, 0.3333408405750939, 0.3333368716712868, 0.3333390531455845, 0.33333609440763085, 0.33334013293430664, 0.3333335659618183, 0.3333371237347293], ""kernels.0.base_kernel.kernels.1.base_kernel"": [0.6931481805599428, 0.6931481805599428, 0.6931481805599428], ""kernels.1.base_kernel.kernels.0"": [0.3061391772051494, 0.5354520352735525, 0.16592943128228518, 0.6599842535643279, 0.5302459219448481, 0.422002469201744, 0.17977320322648316, 0.1593084654430152, 0.3858152948368746, 0.3618887106036272, 0.4228155899057133, 0.5452446656762878, 0.35505497304692313, 0.5281652641773895, 0.44742848399410334, 0.5208012073070962, 0.21440035247114095, 0.2881700735968708], ""kernels.1.base_kernel.kernels.1"": [0.6931481805599428, 0.6931481805599428, 0.6931481805599428]}","{""kernels.0"": 4.9696762506580735e-06, ""kernels.0.base_kernel.kernels.1"": 0.0013904577563941928, ""kernels.1"": 0.31812586409434784}",10,5,30,0,15,radius,0,41
85,106.31817508016583,84.94962976303606,0.4996,global,-8.200500259730347,-11.948554624552326,3.7480543648219786,0.45685525230132035,1.2534783878692795,global,,,0.07853499155282467,0.003313489364899386,0.005546797267680745,9.999999747378752e-05,0.10612857276898023,0.15951553234206695,0.33334422705686223,0.6931481805599428,"{""kernels.0.base_kernel.kernels.0"": [0.3333338423695414, 0.33334447123988753, 0.333333318753782, 0.33335362828060355, 0.33334512470732536, 0.33334398287383693, 0.3333337646224137, 0.33333436206020545, 0.33333688993525784, 0.3333360036731782, 0.33333952677143497, 0.3333409014213311, 0.3333368909962659, 0.33333906435209776, 0.3333360971454696, 0.33334013215225283, 0.33333356787867685, 0.33333713370888696], ""kernels.0.base_kernel.kernels.1.base_kernel"": [0.6931481805599428, 0.6931481805599428, 0.6931481805599428], ""kernels.1.base_kernel.kernels.0"": [0.306172842637785, 0.5362696420140014, 0.16588708401811908, 0.6607337395735999, 0.5299728692359036, 0.4227185723614373, 0.17992997070209452, 0.15951553234206695, 0.3862670176433656, 0.3620277763428155, 0.4233308661331911, 0.5445007471924681, 0.355391337543906, 0.5282928732182135, 0.44745789040169126, 0.5206979662901123, 0.2144639737557815, 0.28858145323637957], ""kernels.1.base_kernel.kernels.1"": [0.6931481805599428, 0.6931481805599428, 0.6931481805599428]}","{""kernels.0"": 4.9696631236697695e-06, ""kernels.0.base_kernel.kernels.1"": 0.0013904577490464441, ""kernels.1"": 0.31699029089477054}",10,5,30,0,15,radius,0,42
86,86.04878693171166,84.94962976303606,0.499,global,-7.501446983229213,-12.098876528606263,4.59742954537705,0.5817633735498688,1.3409369125852815,global,,,0.007268990055123385,0.003294031689677469,0.005540195018634586,9.999999747378752e-05,0.10641100633224504,0.1604217991897585,0.3333447815032004,0.6931481805599428,"{""kernels.0.base_kernel.kernels.0"": [0.33333384824676476, 0.3333450599792571, 0.3333332832145576, 0.3333543317284767, 0.33334516519675583, 0.3333445030271437, 0.33333373198082555, 0.33333438797826365, 0.33333717622171816, 0.33333604214215024, 0.33333978586095186, 0.33334133208056443, 0.3333370988912084, 0.3333391720143448, 0.333336070311101, 0.33334010069309566, 0.3333335599589441, 0.33333720956449053], ""kernels.0.base_kernel.kernels.1.base_kernel"": [0.6931481805599428, 0.6931481805599428, 0.6931481805599428], ""kernels.1.base_kernel.kernels.0"": [0.3061674810591426, 0.5440602981844502, 0.1645512557179245, 0.6551411701075482, 0.512584697918003, 0.43017004074941184, 0.18265036588291153, 0.1604217991897585, 0.39084689182626503, 0.3639960316792069, 0.42879689434635454, 0.5374835769806963, 0.35883154658043587, 0.5304268705212875, 0.44569459399028954, 0.5188511813094356, 0.21472579410014916, 0.2921407649190063], ""kernels.1.base_kernel.kernels.1"": [0.6931481805599428, 0.6931481805599428, 0.6931481805599428]}","{""kernels.0"": 4.9695578936426366e-06, ""kernels.0.base_kernel.kernels.1"": 0.0013904576870003254, ""kernels.1"": 0.3178375917518412}",10,5,30,0,15,radius,1,43
87,85.20329824412894,84.94962976303606,0.5,global,-7.690086142736818,-13.669940023663445,5.979853880926627,0.756425695859587,1.3740390149410757,global,,,0.004053876019557805,0.003284645200076328,0.00554405648821888,9.999999747378752e-05,0.10603678906351756,0.15938684998532343,0.33334537341679,0.6931481805599428,"{""kernels.0.base_kernel.kernels.0"": [0.3333338636122075, 0.3333455666802077, 0.33333327124622175, 0.33335543283981256, 0.3333455460623297, 0.3333452007712503, 0.33333361607746764, 0.3333343714226425, 0.3333374817627498, 0.33333604716544535, 0.3333401566798507, 0.33334219335133747, 0.3333372870702513, 0.333339218441113, 0.3333359991784509, 0.33334003570442355, 0.33333355603438586, 0.33333728996290934], ""kernels.0.base_kernel.kernels.1.base_kernel"": [0.6931481805599428, 0.6931481805599428, 0.6931481805599428], ""kernels.1.base_kernel.kernels.0"": [0.3065125245313197, 0.5451088534765947, 0.16444969203432747, 0.6605580177215347, 0.5081454541156074, 0.43553746946810906, 0.18244184880730002, 0.15938684998532343, 0.39354154755298326, 0.36140058369950884, 0.437025096251753, 0.5458081532117478, 0.36122384548241776, 0.5292878093093907, 0.4427950311327494, 0.5167097978649351, 0.21443634192336342, 0.2947410679226352], ""kernels.1.base_kernel.kernels.1"": [0.6931481805599428, 0.6931481805599428, 0.6931481805599428]}","{""kernels.0"": 4.969403895000446e-06, ""kernels.0.base_kernel.kernels.1"": 0.0013904576021381743, ""kernels.1"": 0.3167149401845195}",10,5,30,0,15,radius,0,44
88,85.33568910489382,84.94962976303606,0.499,global,-7.7883431068756055,-16.185540471910787,8.397197365035183,0.7638399862213334,1.362116608362727,global,,,0.002924324691620591,0.0032821975554417513,0.005548428897301468,9.999999747378752e-05,0.1063561395333419,0.1608654022767458,0.33334635896461995,0.6931481805599428,"{""kernels.0.base_kernel.kernels.0"": [0.3333338841758011, 0.333346515801274, 0.33333324432771216, 0.3333576820347208, 0.33334622539907527, 0.3333464925301647, 0.3333333846629517, 0.33333435447797205, 0.33333802138639046, 0.3333361040837341, 0.3333407714865777, 0.333343788953412, 0.33333762886167345, 0.3333393273767997, 0.33333585338788935, 0.3333398875816679, 0.33333356735951253, 0.33333743260795545], ""kernels.0.base_kernel.kernels.1.base_kernel"": [0.6931481805599428, 0.6931481805599428, 0.6931481805599428], ""kernels.1.base_kernel.kernels.0"": [0.30561161198916525, 0.5453746156479933, 0.16291089096064598, 0.6691778206182096, 0.5021808016240775, 0.43519255090247433, 0.18181207056254936, 0.1608654022767458, 0.3951822302314469, 0.3575864978436071, 0.4435304333898952, 0.552648059208647, 0.3631632454991288, 0.527204230107199, 0.43865282378299103, 0.5133225204378528, 0.2140005808149096, 0.2996235641343362], ""kernels.1.base_kernel.kernels.1"": [0.6931481805599428, 0.6931481805599428, 0.6931481805599428]}","{""kernels.0"": 4.969013594846315e-06, ""kernels.0.base_kernel.kernels.1"": 0.001390457389793121, ""kernels.1"": 0.31767299219663775}",10,5,30,1,15,radius,0,45
89,84.81131744468502,84.81131744468502,0.5004,global,-7.750325015359051,-11.832487664414629,4.082162649055578,0.5974328756671696,1.2975124431446026,global,,,0.005963518076105539,0.003281189769235629,0.005552396764677214,9.999999747378752e-05,0.10623687173111888,0.1608884803622915,0.3333463729328673,0.6931481805599428,"{""kernels.0.base_kernel.kernels.0"": [0.3333338843848862, 0.3333465325494837, 0.33333324501764505, 0.33335771665469816, 0.3333462369845316, 0.33334650888120293, 0.33333338249656275, 0.33333435392607347, 0.33333802598341206, 0.33333610884429854, 0.3333407786468588, 0.3333438084785612, 0.3333376324881194, 0.333339329698852, 0.33333585121694176, 0.33333988485036936, 0.3333335676610051, 0.33333743379592734], ""kernels.0.base_kernel.kernels.1.base_kernel"": [0.6931481805599428, 0.6931481805599428, 0.6931481805599428], ""kernels.1.base_kernel.kernels.0"": [0.3055761237677524, 0.545472402556072, 0.16292484307806693, 0.6691880825882337, 0.5022928671906999, 0.4352005717857355, 0.18181013429466267, 0.1608884803622915, 0.3951082028690374, 0.35774333737270597, 0.44354987341353547, 0.5526055068661424, 0.3631209997057821, 0.5270956003987346, 0.4386276959984236, 0.5132523104938285, 0.21398839669687625, 0.2996553758157393], ""kernels.1.base_kernel.kernels.1"": [0.6931481805599428, 0.6931481805599428, 0.6931481805599428]}","{""kernels.0"": 4.969004294098229e-06, ""kernels.0.base_kernel.kernels.1"": 0.001390457384895887, ""kernels.1"": 0.31731518880416665}",10,5,30,0,15,radius,0,0
90,85.57566579229979,84.81131744468502,0.499,global,-7.578529761353495,-18.10260430542419,10.524074544070695,0.7004541373923605,1.3490041159098374,global,,,0.008776733666096439,0.004058347252817098,0.005556567940558823,9.999999747378752e-05,0.10572867884104668,0.16320525513714262,0.33334647783311533,0.6931481805599428,"{""kernels.0.base_kernel.kernels.0"": [0.33333387792437175, 0.33334657846155935, 0.3333332492055532, 0.3333588879198364, 0.33334637720467125, 0.3333466969864497, 0.3333333037878902, 0.33333434754716235, 0.33333797253258995, 0.33333621139119507, 0.333340851091476, 0.33334424757240994, 0.33333766354773364, 0.3333392847524856, 0.3333357784142639, 0.3333398340255215, 0.33333357856412793, 0.3333374754532546], ""kernels.0.base_kernel.kernels.1.base_kernel"": [0.6931481805599428, 0.6931481805599428, 0.6931481805599428], ""kernels.1.base_kernel.kernels.0"": [0.30439186757953307, 0.5381353221205434, 0.16320525513714262, 0.6812551529513435, 0.5035058023049376, 0.4339499739258049, 0.1782001230897575, 0.1638579858840717, 0.3854742153048799, 0.359160200240795, 0.4433452126653718, 0.5568499791022409, 0.36380674071831276, 0.5211733918091435, 0.4373463805533688, 0.5113627124142606, 0.21468596639306697, 0.304645439123395], ""kernels.1.base_kernel.kernels.1"": [0.6931481805599428, 0.6931481805599428, 0.6931481805599428]}","{""kernels.0"": 4.968848260267874e-06, ""kernels.0.base_kernel.kernels.1"": 0.0013904573028500611, ""kernels.1"": 0.3157906103720297}",10,5,30,0,15,radius,0,1
91,85.23288514684438,84.81131744468502,0.501,local,-7.722496907971869,-14.865487586624177,7.142990678652308,0.12596481306188378,0.4686870725173702,radius,,,0.005975113562700805,0.0035041119655281555,0.005559745431147147,9.999999747378752e-05,0.10590845690899416,0.16240767003737078,0.33334650201675065,0.6931481805599428,"{""kernels.0.base_kernel.kernels.0"": [0.3333338705179959, 0.33334654866150537, 0.3333332410744108, 0.33335960981338225, 0.3333464553719959, 0.3333468423908482, 0.3333333477581715, 0.3333343009850054, 0.33333794289879154, 0.3333362331331467, 0.3333409049110255, 0.33334445721145, 0.3333377442524824, 0.33333929209631796, 0.333335741725495, 0.3333398034845594, 0.33333358734785173, 0.33333752544253964], ""kernels.0.base_kernel.kernels.1.base_kernel"": [0.6931481805599428, 0.6931481805599428, 0.6931481805599428], ""kernels.1.base_kernel.kernels.0"": [0.30340668724442166, 0.5335812379138944, 0.16240767003737078, 0.6842990649662856, 0.5036219417046714, 0.435368141370668, 0.1814400676371955, 0.1638679112553042, 0.3805166634368998, 0.357479684734061, 0.44367844306125165, 0.5564465672858856, 0.3679651236208128, 0.518859017830289, 0.4370409746117842, 0.5098015443172668, 0.21603311584957155, 0.3095626809288573], ""kernels.1.base_kernel.kernels.1"": [0.6931481805599428, 0.6931481805599428, 0.6931481805599428]}","{""kernels.0"": 4.968739497331319e-06, ""kernels.0.base_kernel.kernels.1"": 0.0013904572452249618, ""kernels.1"": 0.31632994474226017}",10,5,30,2,15,radius,0,2
92,363.27040399104607,84.81131744468502,0.4994,global,-9.220009377510985,-11.466514357109912,2.2465049795989263,0.8741833859662446,1.3963437246043668,global,,,0.2732319465784186,0.0031113408293225037,0.005563152003219701,9.999999747378752e-05,0.10545629049782446,0.16261862645710262,0.3333465511653361,0.6989159402815008,"{""kernels.0.base_kernel.kernels.0"": [0.3333338670432707, 0.33334651971415236, 0.3333332545473998, 0.3333609941689966, 0.3333465826165199, 0.3333469640200473, 0.33333327035728216, 0.33333424487511965, 0.33333794702277736, 0.33333636017753926, 0.333340992680592, 0.33334481354749607, 0.33333779468007346, 0.33333929027708054, 0.3333356980396539, 0.3333397640026615, 0.33333359249258415, 0.33333758666543956], ""kernels.0.base_kernel.kernels.1.base_kernel"": [0.6931481805599428, 0.6931481805599428, 0.6931481805599428], ""kernels.1.base_kernel.kernels.0"": [0.30281596813066325, 0.5284656257228033, 0.16261862645710262, 0.6989159402815008, 0.5036868571949396, 0.43574582654919797, 0.17821813956876933, 0.16428786655085956, 0.37729369960378883, 0.3588632791273612, 0.44477409020970726, 0.5608725978112922, 0.3704508396868149, 0.5166240002501323, 0.43647015215615775, 0.5085652809164456, 0.21669205997637025, 0.3150350718346144], ""kernels.1.base_kernel.kernels.1"": [0.6931481805599428, 0.6931481805599428, 0.6931481805599428]}","{""kernels.0"": 4.968596639045318e-06, ""kernels.0.base_kernel.kernels.1"": 0.0013904571748090656, ""kernels.1"": 0.31497344572202524}",10,5,30,0,15,radius,0,3
93,297.14018033113075,84.81131744468502,0.5014,global,-9.221374653096287,-10.865569006720776,1.6441943536244885,0.7918414568059335,1.3415112401197626,global,,,0.27668492327241884,0.0031391638488430717,0.005580805989674543,9.999999747378752e-05,0.10798102604950234,0.1623455067851427,0.3333465397832719,0.6989836136141393,"{""kernels.0.base_kernel.kernels.0"": [0.33333386679281496, 0.33334650620484874, 0.33333325439875516, 0.33336113337058715, 0.333346573361695, 0.33334697057023815, 0.33333325285288384, 0.3333342509912146, 0.3333379465878383, 0.33333636854494075, 0.3333409847853337, 0.3333448524751175, 0.33333775079262823, 0.3333392693751754, 0.3333356675853771, 0.3333397108825119, 0.3333335755364393, 0.3333375832706659], ""kernels.0.base_kernel.kernels.1.base_kernel"": [0.6931481805599428, 0.6931481805599428, 0.6931481805599428], ""kernels.1.base_kernel.kernels.0"": [0.30267936950076985, 0.5276501646950174, 0.1623455067851427, 0.6989836136141393, 0.5022616054100892, 0.43564488848556154, 0.17695880684518653, 0.16431766257926775, 0.37681512880269796, 0.3582966112365045, 0.4429119946784699, 0.5611277954256088, 0.36843837145370384, 0.5150588542054934, 0.43532306574011476, 0.5036111835141821, 0.21572409154414382, 0.3152256632993921], ""kernels.1.base_kernel.kernels.1"": [0.6931481805599428, 0.6931481805599428, 0.6931481805599428]}","{""kernels.0"": 4.968584115542637e-06, ""kernels.0.base_kernel.kernels.1"": 0.001390457167002103, ""kernels.1"": 0.3225476523973894}",10,5,30,0,15,radius,0,4
94,84.92223152936585,84.81131744468502,0.5018,global,-7.687682561082526,-11.365446743049262,3.6777641819667357,1.0868587019827047,1.3813458772422822,global,,,0.006076491048551533,0.0031598886459128046,0.005585088217881023,9.999999747378752e-05,0.1050034811012406,0.1626325626998736,0.3333461992807745,0.707147356936349,"{""kernels.0.base_kernel.kernels.0"": [0.33333388048636675, 0.33334610507205226, 0.3333332597361971, 0.3333637103283143, 0.3333462934894968, 0.3333470960059418, 0.3333334191671409, 0.33333440525837554, 0.3333379706577167, 0.3333365480586079, 0.3333409373741231, 0.3333452840811123, 0.3333368495135541, 0.3333383690876956, 0.33333516222664605, 0.33333864347278425, 0.3333333620294579, 0.3333372082660276], ""kernels.0.base_kernel.kernels.1.base_kernel"": [0.6931481805599428, 0.6931481805599428, 0.6931481805599428], ""kernels.1.base_kernel.kernels.0"": [0.30246111654430796, 0.5353076796061702, 0.1626325626998736, 0.707147356936349, 0.4899100632531362, 0.4523631471497948, 0.17181487613585988, 0.16481105986901326, 0.3761570106472907, 0.34798591918273786, 0.4258245423795554, 0.5590036670078559, 0.33478134562822126, 0.47536090407221404, 0.4184505634972971, 0.42677162840078714, 0.20648247090551858, 0.30946845177410054], ""kernels.1.base_kernel.kernels.1"": [0.6931481805599428, 0.6931481805599428, 0.6931481805599428]}","{""kernels.0"": 4.968260740435709e-06, ""kernels.0.base_kernel.kernels.1"": 0.001390456989025388, ""kernels.1"": 0.313615018053956}",10,5,30,1,15,radius,0,5
95,85.19424536261985,84.81131744468502,0.501,global,-7.5040911151320415,-21.71108863984993,14.206997524717888,1.3283474247042442,1.3968800097108311,global,,,0.0041938943581912745,0.0029729468638397807,0.005588680986932277,9.999999747378752e-05,0.10475721309307667,0.1624836315491339,0.33334618685232154,0.7065068277953608,"{""kernels.0.base_kernel.kernels.0"": [0.33333387966204814, 0.3333461019746294, 0.33333325656977364, 0.33336376345984337, 0.33334627173001363, 0.3333470981695362, 0.3333334220597977, 0.333334412729759, 0.33333796873311883, 0.33333655212558566, 0.33334094253656726, 0.3333453035034111, 0.333336829219679, 0.3333383569993736, 0.3333351525999775, 0.3333386147896352, 0.33333336250052864, 0.3333372009612324], ""kernels.0.base_kernel.kernels.1.base_kernel"": [0.6931481805599428, 0.6931481805599428, 0.6931481805599428], ""kernels.1.base_kernel.kernels.0"": [0.3025530208291409, 0.5354900712797046, 0.1624836315491339, 0.7065068277953608, 0.489438673730965, 0.4526695035332725, 0.17145842765125208, 0.16528513560165767, 0.3761409982979509, 0.347762011843079, 0.426096831606045, 0.5596975422569355, 0.3349815144139427, 0.4756045679132362, 0.418479798003482, 0.42594287114107804, 0.20662995959869515, 0.30979198234288313], ""kernels.1.base_kernel.kernels.1"": [0.6931481805599428, 0.6931481805599428, 0.6931481805599428]}","{""kernels.0"": 4.9682478869514835e-06, ""kernels.0.base_kernel.kernels.1"": 0.0013904569816074396, ""kernels.1"": 0.31287621404973565}",10,5,30,0,15,radius,0,6
96,85.22345499513729,84.81131744468502,0.4996,local,-7.569845426214574,-14.01719278079232,6.4473473545777455,0.18919145795846656,0.8939850525440097,radius,,,0.005467704194072417,0.0028037598775900335,0.00559184468961415,9.999999747378752e-05,0.1042847272023835,0.1622595293484828,0.33334617057772714,0.7056341422728122,"{""kernels.0.base_kernel.kernels.0"": [0.3333338778384579, 0.3333461019014874, 0.3333332509373177, 0.33336386729266027, 0.3333462392539669, 0.333347105650551, 0.3333334305725323, 0.3333344249927973, 0.33333796710035335, 0.3333365603173169, 0.3333409542422609, 0.33334536036597656, 0.33333679669881827, 0.3333383358518261, 0.3333351360062844, 0.33333856337456386, 0.33333336344967995, 0.3333371895535821], ""kernels.0.base_kernel.kernels.1.base_kernel"": [0.6931481805599428, 0.6931481805599428, 0.6931481805599428], ""kernels.1.base_kernel.kernels.0"": [0.30268533683240356, 0.5360033428463151, 0.1622595293484828, 0.7056341422728122, 0.488914969710085, 0.45331775638611355, 0.1710194130194368, 0.16609920299338843, 0.3761849357684153, 0.34735618794679435, 0.42668090377453866, 0.5614244292717465, 0.33546845092801986, 0.47610088756760033, 0.4185771227968283, 0.4244992377732262, 0.2069064123666312, 0.31038274478362154], ""kernels.1.base_kernel.kernels.1"": [0.6931481805599428, 0.6931481805599428, 0.6931481805599428]}","{""kernels.0"": 4.968224080011134e-06, ""kernels.0.base_kernel.kernels.1"": 0.0013904569679786076, ""kernels.1"": 0.3114587564150919}",10,5,30,2,15,radius,0,7
97,84.73847189859208,84.73847189859208,0.5014,global,-7.72702577678678,-11.65635484420564,3.929329067418861,0.9563266348091289,1.3753215906104603,global,,,0.004732789310812065,0.0027820150941277404,0.005594889332743268,9.999999747378752e-05,0.10447328779040928,0.16102587280251426,0.33334613155501647,0.7030251102456275,"{""kernels.0.base_kernel.kernels.0"": [0.33333386352267397, 0.33334617580303944, 0.33333321923950704, 0.33336452594471705, 0.3333460873069935, 0.3333471667929926, 0.33333349296608783, 0.33333448125186477, 0.3333379646963478, 0.33333660310798324, 0.3333410459015019, 0.33334573574469745, 0.33333660667683895, 0.33333820984209983, 0.3333350347056238, 0.33333826675987827, 0.3333333612254578, 0.3333371291173474], ""kernels.0.base_kernel.kernels.1.base_kernel"": [0.6931481805599428, 0.6931481805599428, 0.6931481805599428], ""kernels.1.base_kernel.kernels.0"": [0.3029909521890629, 0.5410090890254431, 0.16102587280251426, 0.7030251102456275, 0.4865982751496327, 0.4564245394060153, 0.16918265841273883, 0.1702482977395785, 0.3761184918628836, 0.3438217356553002, 0.4306033070924526, 0.5712264852755323, 0.3370996307872458, 0.47781515850514605, 0.41863251711377353, 0.4161254114200458, 0.207725798200711, 0.31340339189347843], ""kernels.1.base_kernel.kernels.1"": [0.6931481805599428, 0.6931481805599428, 0.6931481805599428]}","{""kernels.0"": 4.9680847129021675e-06, ""kernels.0.base_kernel.kernels.1"": 0.0013904568874138759, ""kernels.1"": 0.31202443839910105}",10,5,30,0,15,radius,0,0
98,85.43590443396039,84.73847189859208,0.4984,global,-7.680486737425612,-10.816743874159878,3.1362571367342653,0.47189842873407983,1.277250431462306,global,,,0.006920763701835938,0.00357198302675328,0.0055981338517356915,9.999999747378752e-05,0.10431499278858307,0.16055627525417104,0.3333462493792375,0.6931481805599428,"{""kernels.0.base_kernel.kernels.0"": [0.33333382888490937, 0.3333463240768502, 0.3333331636436, 0.3333650735192324, 0.3333458681066713, 0.3333479426668416, 0.33333361491774655, 0.33333441334771935, 0.3333375786082685, 0.33333669248374753, 0.3333411939351115, 0.33334617468162475, 0.3333361717087635, 0.3333379599604721, 0.3333347317799134, 0.3333374764703593, 0.3333333236878398, 0.33333741090862584], ""kernels.0.base_kernel.kernels.1.base_kernel"": [0.6931481805599428, 0.6931481805599428, 0.6931481805599428], ""kernels.1.base_kernel.kernels.0"": [0.30291704816656884, 0.5450687106241983, 0.16055627525417104, 0.6826554351183444, 0.4924185036886548, 0.4750765851649245, 0.16742588986116883, 0.17026016788133164, 0.35926332368607616, 0.3298960408400045, 0.4296294123266283, 0.5652343788271564, 0.3387605614479986, 0.4702951550940095, 0.41745150619397936, 0.3982501964252723, 0.2075392948706292, 0.34753322048213753], ""kernels.1.base_kernel.kernels.1"": [0.6931481805599428, 0.6931481805599428, 0.6931481805599428]}","{""kernels.0"": 4.967600040084629e-06, ""kernels.0.base_kernel.kernels.1"": 0.0013904566059976036, ""kernels.1"": 0.31154955415971153}",10,5,30,0,15,radius,0,1
99,84.49995109796598,84.49995109796598,0.5022,local,-7.800425793670973,-17.219345129974098,9.418919336303125,0.1226667668754984,0.5756775249790651,radius,,,0.004600202897647968,0.0030437816109410033,0.0056005791993180565,9.999999747378752e-05,0.10417606419570198,0.1605316244120638,0.3333462602649512,0.6931481805599428,"{""kernels.0.base_kernel.kernels.0"": [0.33333382848646864, 0.3333463313786596, 0.3333331639297144, 0.33336508644880025, 0.33334586982645237, 0.33334795826618463, 0.3333336204354996, 0.33333441037459216, 0.3333375804300456, 0.3333366932362555, 0.3333411938097472, 0.3333461891512427, 0.33333616640870534, 0.33333796151929446, 0.3333347292891823, 0.3333374676113644, 0.3333333231495764, 0.33333742539055733], ""kernels.0.base_kernel.kernels.1.base_kernel"": [0.6931481805599428, 0.6931481805599428, 0.6931481805599428], ""kernels.1.base_kernel.kernels.0"": [0.3028329974837476, 0.5452703485453603, 0.1605316244120638, 0.6836909991479235, 0.4925192545100929, 0.47486961826833746, 0.16766618656001026, 0.17031483663898284, 0.3595637699912885, 0.329651727379115, 0.42935266361679825, 0.5658203300072916, 0.33874869425146115, 0.4699456061453105, 0.4174743731327351, 0.39813866921856556, 0.2074811180789074, 0.3484173261868899], ""kernels.1.base_kernel.kernels.1"": [0.6931481805599428, 0.6931481805599428, 0.6931481805599428]}","{""kernels.0"": 4.967586367168115e-06, ""kernels.0.base_kernel.kernels.1"": 0.0013904565981995964, ""kernels.1"": 0.3111327684025392}",10,5,30,2,15,radius,1,0
100,84.70179573800169,84.49995109796598,0.502,global,-8.064865211267726,-12.926005426637929,4.861140215370202,0.7757209584183932,1.3648321579920917,global,,,0.00835919354490177,0.003544722836139727,0.005603534298609513,9.999999747378752e-05,0.10442005281687688,0.16064736626112755,0.3333462635950294,0.6931481805599428,"{""kernels.0.base_kernel.kernels.0"": [0.33333383437044345, 0.333345745999227, 0.33333316582999245, 0.33336356755269514, 0.3333463437837919, 0.3333485712602456, 0.33333359827094167, 0.333334291401693, 0.33333747987269025, 0.3333366350324294, 0.3333411381881125, 0.33334618340626687, 0.33333603277764196, 0.3333380789220162, 0.33333460690060684, 0.3333372406456733, 0.33333330218982044, 0.3333377374015322], ""kernels.0.base_kernel.kernels.1.base_kernel"": [0.6931481805599428, 0.6931481805599428, 0.6931481805599428], ""kernels.1.base_kernel.kernels.0"": [0.3025544651322618, 0.528390174789152, 0.16064736626112755, 0.6660411842272198, 0.5067346948732043, 0.4810347055132641, 0.1682857804735046, 0.17059740970777504, 0.36013017919958784, 0.3187213868295413, 0.42138505113593333, 0.5645009426862969, 0.34095219276554417, 0.46304881256461555, 0.4168360184599139, 0.39542610066473405, 0.20745495303915407, 0.37391619554579797], ""kernels.1.base_kernel.kernels.1"": [0.6931481805599428, 0.6931481805599428, 0.6931481805599428]}","{""kernels.0"": 4.9671992544898185e-06, ""kernels.0.base_kernel.kernels.1"": 0.0013904563645604925, ""kernels.1"": 0.31186473488681565}",10,5,30,0,15,radius,0,1
101,85.60834265807088,84.49995109796598,0.498,global,-7.6555436709638816,-11.236911085377814,3.5813674144139327,0.5033824956527658,1.3181853882942125,global,,,0.005782685839553001,0.003014269953543515,0.0056059699254392146,9.999999747378752e-05,0.10453222832370405,0.16090117118610786,0.333346069446008,0.6931481805599428,"{""kernels.0.base_kernel.kernels.0"": [0.33333383689043966, 0.3333454076843927, 0.3333331826993453, 0.3333630441954505, 0.3333463321993738, 0.3333486844077922, 0.33333365055918296, 0.3333342401114728, 0.33333733834633333, 0.3333366136797093, 0.33334116702403666, 0.3333458066926421, 0.33333600344422865, 0.33333810932450825, 0.33333455166784365, 0.333337202760657, 0.33333328954020885, 0.3333378476540726], ""kernels.0.base_kernel.kernels.1.base_kernel"": [0.6931481805599428, 0.6931481805599428, 0.6931481805599428], ""kernels.1.base_kernel.kernels.0"": [0.3026151691670615, 0.5201860330538272, 0.16090117118610786, 0.6639366034367327, 0.5027311887888357, 0.48564439082553784, 0.1714993922510697, 0.16962278318144458, 0.35222085268072395, 0.31616878133412357, 0.4207519852978099, 0.5540828458170608, 0.3433741191970769, 0.46123478014390396, 0.4157146006574445, 0.39465351686796873, 0.2081734299220799, 0.3865526521035703], ""kernels.1.base_kernel.kernels.1"": [0.6931481805599428, 0.6931481805599428, 0.6931481805599428]}","{""kernels.0"": 4.9670835235876e-06, ""kernels.0.base_kernel.kernels.1"": 0.0013904562896126852, ""kernels.1"": 0.3122012615979759}",10,5,30,0,15,radius,1,2
102,86.2284380728021,84.49995109796598,0.4968,global,-7.455146141262407,-12.998835141021353,5.543688999758945,0.7870725634923954,1.3272444113625745,global,,,0.00697625656820472,0.0029423491944049395,0.00560786486061744,9.999999747378752e-05,0.10474622081508832,0.16365103138234466,0.33334594586210486,0.6931481805599428,"{""kernels.0.base_kernel.kernels.0"": [0.333333836513127, 0.3333451814721156, 0.3333332361226189, 0.33336288778077394, 0.3333465813269998, 0.333348711049433, 0.3333335916623587, 0.3333342311421247, 0.3333372957372981, 0.333336606006078, 0.3333412018196583, 0.33334531039721, 0.3333359451556239, 0.3333381836284315, 0.3333345499731808, 0.333337176906915, 0.3333332883456079, 0.3333375693140953], ""kernels.0.base_kernel.kernels.1.base_kernel"": [0.6931481805599428, 0.6931481805599428, 0.6931481805599428], ""kernels.1.base_kernel.kernels.0"": [0.3027393073227222, 0.520151835375229, 0.16365103138234466, 0.6729562074179853, 0.5061374745568814, 0.48544524729503413, 0.16875421852543193, 0.17251758761281413, 0.3518925462535686, 0.31444200352854046, 0.42128569513272407, 0.548811623854406, 0.34574280398406193, 0.46204131842366924, 0.4166310850019183, 0.3956151619068459, 0.2092292188806316, 0.37058246016344965], ""kernels.1.base_kernel.kernels.1"": [0.6931481805599428, 0.6931481805599428, 0.6931481805599428]}","{""kernels.0"": 4.966921537402946e-06, ""kernels.0.base_kernel.kernels.1"": 0.0013904561875827963, ""kernels.1"": 0.3128432393361447}",10,5,30,0,15,radius,0,3
103,86.04644382527337,84.49995109796598,0.5004,global,-8.293299565782407,-10.797694290132608,2.5043947243502007,0.6093894941961333,1.3614211853367337,global,,,0.008003833952657118,0.0028027477027920697,0.005608965005883231,9.999999747378752e-05,0.1037505618410859,0.1637191908049757,0.33334590341567966,0.6931481805599428,"{""kernels.0.base_kernel.kernels.0"": [0.33333383851865267, 0.33334521228062514, 0.33333323931515574, 0.33336295003567934, 0.3333464918427063, 0.33334868719876365, 0.3333335992503963, 0.33333422768710436, 0.3333373139960157, 0.33333662976026873, 0.3333412010807877, 0.333345314988653, 0.3333359442517146, 0.3333381852407197, 0.33333454780803234, 0.3333371739224467, 0.3333332871825525, 0.33333758454365786], ""kernels.0.base_kernel.kernels.1.base_kernel"": [0.6931481805599428, 0.6931481805599428, 0.6931481805599428], ""kernels.1.base_kernel.kernels.0"": [0.3029287470865838, 0.5220344835585355, 0.1637191908049757, 0.6749855548627084, 0.5033223037642045, 0.4841133936083031, 0.169271302165131, 0.1726818020611544, 0.353077895131662, 0.316018216750643, 0.42096877786081527, 0.5499120303634223, 0.3455434002283422, 0.46202421859656995, 0.4165899330855067, 0.39563598196963085, 0.20917159425892995, 0.37187494155523126], ""kernels.1.base_kernel.kernels.1"": [0.6931481805599428, 0.6931481805599428, 0.6931481805599428]}","{""kernels.0"": 4.966905295194199e-06, ""kernels.0.base_kernel.kernels.1"": 0.001390456178213057, ""kernels.1"": 0.30985626243974945}",10,5,30,1,15,radius,0,4
104,86.468884816019,84.49995109796598,0.498,global,-8.381833155130822,-13.109226595931297,4.7273934408004745,1.13192787480049,1.390204019409303,global,,,0.008765588764401864,0.0028042613980328894,0.005610379091162754,9.999999747378752e-05,0.10496833426882414,0.16492089039789537,0.3333458191287325,0.6931481805599428,"{""kernels.0.base_kernel.kernels.0"": [0.3333338396175736, 0.3333454948099169, 0.33333326413131115, 0.3333631672642585, 0.33334592563041354, 0.33334850913772557, 0.33333362387649845, 0.33333418264066583, 0.33333753913418923, 0.33333676715963884, 0.33334112786125625, 0.3333457126270514, 0.3333359741434083, 0.33333817741502675, 0.3333345423592674, 0.33333713973193835, 0.3333332673241279, 0.33333754108660785], ""kernels.0.base_kernel.kernels.1.base_kernel"": [0.6931481805599428, 0.6931481805599428, 0.6931481805599428], ""kernels.1.base_kernel.kernels.0"": [0.3036992990409848, 0.5357823125591222, 0.16492089039789537, 0.6827707187197539, 0.4870864485998362, 0.4739264798394076, 0.1697859564779878, 0.173235587924628, 0.36685314868606533, 0.3236612076769026, 0.4152159398170453, 0.5690907918183509, 0.3417034214523869, 0.46108030466810185, 0.41688017736296445, 0.39462618365573, 0.2071607266331857, 0.3697574258069541], ""kernels.1.base_kernel.kernels.1"": [0.6931481805599428, 0.6931481805599428, 0.6931481805599428]}","{""kernels.0"": 4.966785210163027e-06, ""kernels.0.base_kernel.kernels.1"": 0.0013904561043783356, ""kernels.1"": 0.31350957991688394}",10,5,30,2,15,radius,0,5
105,323.6415630242929,84.49995109796598,0.4994,global,-9.39155980606287,-15.39422835016352,6.002668544100649,1.5806921386378623,1.4100142513023024,global,,,0.2560783971795407,0.002769737894688764,0.005610983916822743,9.999999747378752e-05,0.10374789734289713,0.16539733804849743,0.3333458464533824,0.6931481805599428,"{""kernels.0.base_kernel.kernels.0"": [0.33333384595563126, 0.3333455205683947, 0.33333327181173594, 0.33336326137507116, 0.3333459237486911, 0.3333484730834714, 0.3333336356064092, 0.33333416547368755, 0.33333755534199183, 0.33333674642275674, 0.33334111299290337, 0.33334576915807373, 0.3333359878049488, 0.3333381853982108, 0.33333454766614534, 0.3333371374934718, 0.3333332732147079, 0.33333753989213416], ""kernels.0.base_kernel.kernels.1.base_kernel"": [0.6931481805599428, 0.6931481805599428, 0.6931481805599428], ""kernels.1.base_kernel.kernels.0"": [0.3042218267639711, 0.536343504616813, 0.16539733804849743, 0.6850113128634561, 0.4883810354494563, 0.4741882864095132, 0.1705531720819914, 0.17227147970301082, 0.36725282318419056, 0.3218875028994692, 0.41438240967716433, 0.5702866079293177, 0.3426058957498609, 0.46169594142960435, 0.4171306288898546, 0.39476651106906613, 0.20756023889596337, 0.3703329864412245], ""kernels.1.base_kernel.kernels.1"": [0.6931481805599428, 0.6931481805599428, 0.6931481805599428]}","{""kernels.0"": 4.966764437291144e-06, ""kernels.0.base_kernel.kernels.1"": 0.00139045609326004, ""kernels.1"": 0.30984826917099406}",10,5,30,0,15,radius,0,6
106,84.98078634669683,84.49995109796598,0.5008,global,-8.732183396186539,-11.44843302717484,2.716249630988301,1.2534811528383083,1.391517451611641,global,,,0.004963387286941303,0.002780057885840455,0.005621650675570582,9.999999747378752e-05,0.10508875892521581,0.16306860356266983,0.333345969112617,0.7049384213926294,"{""kernels.0.base_kernel.kernels.0"": [0.3333338571480845, 0.33334483026867545, 0.33333316903175697, 0.3333644688162812, 0.3333452939909766, 0.3333482401236695, 0.3333340219592925, 0.33333400494337845, 0.3333377034531905, 0.3333365385351282, 0.33334059423049694, 0.33334664423425736, 0.33333650113675406, 0.33333845189783, 0.33333425786931015, 0.3333360974420351, 0.33333327507199073, 0.3333375582685282], ""kernels.0.base_kernel.kernels.1.base_kernel"": [0.6931481805599428, 0.6931481805599428, 0.6931481805599428], ""kernels.1.base_kernel.kernels.0"": [0.30559476317726025, 0.5520131656329815, 0.16306860356266983, 0.7049384213926294, 0.4895463185729181, 0.4857713252961673, 0.16382357252575194, 0.16553352372107383, 0.37482742458584495, 0.31673657899504787, 0.39171769002440426, 0.5842663559320737, 0.36395796672111913, 0.47510883280791666, 0.4064476626144917, 0.3638248783360605, 0.20840607895186813, 0.38617823793340256], ""kernels.1.base_kernel.kernels.1"": [0.6931481805599428, 0.6931481805599428, 0.6931481805599428]}","{""kernels.0"": 4.966417499532348e-06, ""kernels.0.base_kernel.kernels.1"": 0.001390455890951249, ""kernels.1"": 0.31387085446719665}",10,5,30,1,15,radius,0,7
107,84.67455938852135,84.49995109796598,0.4996,global,-8.998027180481163,-12.961251682255313,3.9632245017741496,0.5559377736956705,1.263273961930087,global,,,0.005733482493719495,0.0026089562420557196,0.005623313072275864,9.999999747378752e-05,0.1048450095707912,0.1631815588231969,0.33334598950601246,0.7044543296854986,"{""kernels.0.base_kernel.kernels.0"": [0.3333338576005247, 0.3333448149276201, 0.3333331684630349, 0.33336448911221056, 0.33334529757429016, 0.33334824019681136, 0.3333340309860633, 0.3333340070380421, 0.3333377009292963, 0.3333365384165667, 0.3333405935112816, 0.3333466814377348, 0.3333365127107388, 0.3333384620060452, 0.33333424862444677, 0.3333360803791878, 0.3333332749927054, 0.33333756382755275], ""kernels.0.base_kernel.kernels.1.base_kernel"": [0.6931481805599428, 0.6931481805599428, 0.6931481805599428], ""kernels.1.base_kernel.kernels.0"": [0.3056400171859537, 0.5517938759453911, 0.1631815588231969, 0.7044543296854986, 0.4900587763476318, 0.4859440167054365, 0.16369275065260433, 0.16567509676906425, 0.3745345881526248, 0.3169158967249328, 0.39188996298873946, 0.5847477995076377, 0.3638606877439976, 0.4749954858840935, 0.4061419768853121, 0.363534922316198, 0.20820892544570532, 0.3866131303442869], ""kernels.1.base_kernel.kernels.1"": [0.6931481805599428, 0.6931481805599428, 0.6931481805599428]}","{""kernels.0"": 4.966406077092006e-06, ""kernels.0.base_kernel.kernels.1"": 0.0013904558845729564, ""kernels.1"": 0.31313960642172356}",10,5,30,0,15,radius,2,8
108,84.7473101643736,84.49995109796598,0.5012,global,-8.515069463483538,-12.266389460380903,3.751319996897365,0.6525709299345648,1.2440673142548895,global,,,0.004152645869032371,0.0025775521869737523,0.0056250592769048575,9.999999747378752e-05,0.10492273277817464,0.16235480780129913,0.33334598441732977,0.6931481805599428,"{""kernels.0.base_kernel.kernels.0"": [0.3333338712829224, 0.33334509241784493, 0.33333312543380134, 0.3333644979402821, 0.3333450752745022, 0.33334863785012464, 0.33333419995277574, 0.3333340001367496, 0.3333376843975623, 0.33333652105787925, 0.33334057021014746, 0.3333468764168146, 0.33333674282804043, 0.3333386294685973, 0.3333341354755341, 0.33333582152078284, 0.33333328909789944, 0.33333738903764293], ""kernels.0.base_kernel.kernels.1.base_kernel"": [0.6931481805599428, 0.6931481805599428, 0.6931481805599428], ""kernels.1.base_kernel.kernels.0"": [0.30649927899526597, 0.5559123100204608, 0.16235480780129913, 0.690891498529683, 0.48785883632919136, 0.5122655713001185, 0.16435848420234705, 0.16510578180396962, 0.3714561886428132, 0.31723425747168604, 0.39513192429758315, 0.5806188152424406, 0.36492392793011386, 0.47137441252221546, 0.4028459522423081, 0.3587270519705156, 0.20491767740590555, 0.38385468003511725], ""kernels.1.base_kernel.kernels.1"": [0.6931481805599428, 0.6931481805599428, 0.6931481805599428]}","{""kernels.0"": 4.966222415561036e-06, ""kernels.0.base_kernel.kernels.1"": 0.0013904557789915029, ""kernels.1"": 0.31337277633311683}",10,5,30,0,15,radius,0,9
109,84.53936395870066,84.49995109796598,0.5014,global,-8.473107004244927,-11.443460326527273,2.970353322282346,1.1339747285154809,1.3644988829320612,global,,,0.005044390267591214,0.0025170723879955614,0.00562654233640576,9.999999747378752e-05,0.10471840804878212,0.16235992135916016,0.33334599379877605,0.6931481805599428,"{""kernels.0.base_kernel.kernels.0"": [0.33333387204862225, 0.33334510527361044, 0.3333331247261608, 0.3333644965070948, 0.3333450657005853, 0.33334866348592, 0.3333342034111304, 0.3333340008327779, 0.3333376876903808, 0.3333365206621559, 0.33334056577352217, 0.33334688232394166, 0.33333675185802303, 0.3333386386052937, 0.3333341323294404, 0.33333581226193837, 0.33333329293804437, 0.3333373829654512], ""kernels.0.base_kernel.kernels.1.base_kernel"": [0.6931481805599428, 0.6931481805599428, 0.6931481805599428], ""kernels.1.base_kernel.kernels.0"": [0.306527602004249, 0.5560411962516265, 0.16235992135916016, 0.6909402073514394, 0.48781716323801866, 0.5128154500967601, 0.1643356963408415, 0.16513890965812358, 0.37149610388649557, 0.31714781949215654, 0.39492403743279103, 0.5806307659640735, 0.36508719047509447, 0.47130887443071495, 0.4028146453836031, 0.35856970954771666, 0.20492787007260682, 0.3838536488107171], ""kernels.1.base_kernel.kernels.1"": [0.6931481805599428, 0.6931481805599428, 0.6931481805599428]}","{""kernels.0"": 4.966212581531062e-06, ""kernels.0.base_kernel.kernels.1"": 0.0013904557734996186, ""kernels.1"": 0.31275980216026517}",10,5,30,0,15,radius,0,10
110,84.83860388595184,84.49995109796598,0.5006,global,-8.066015357793436,-17.91279406706991,9.846778709276474,0.7703463626794265,1.3688998298729358,global,,,0.003785976801551166,0.0025156768412360974,0.005628010935157858,9.999999747378752e-05,0.10446916686654424,0.16171680625622356,0.333346637619586,0.6931481805599428,"{""kernels.0.base_kernel.kernels.0"": [0.33333389794497437, 0.3333461215713329, 0.333333090155972, 0.33336404584734536, 0.33334480391442645, 0.3333493349569234, 0.3333342909056864, 0.33333398119944807, 0.3333380299964403, 0.3333363994296853, 0.33334055824633557, 0.33334715366783907, 0.33333691885875444, 0.33333879547439654, 0.3333340621593197, 0.3333356155853576, 0.33333335779091355, 0.3333370918650737], ""kernels.0.base_kernel.kernels.1.base_kernel"": [0.6931481805599428, 0.6931481805599428, 0.6931481805599428], ""kernels.1.base_kernel.kernels.0"": [0.3071523427303506, 0.5730679128829766, 0.16171680625622356, 0.6826271400671999, 0.4841833016714533, 0.5272283079056224, 0.16393177828854505, 0.1636973355669219, 0.38195453998138074, 0.3077544010057309, 0.3993754823248697, 0.5830516384163282, 0.3677122541216334, 0.46743169215782937, 0.4019818945583615, 0.3544437467780821, 0.20464433057187276, 0.37432022494167716], ""kernels.1.base_kernel.kernels.1"": [0.6931481805599428, 0.6931481805599428, 0.6931481805599428]}","{""kernels.0"": 4.965996339318462e-06, ""kernels.0.base_kernel.kernels.1"": 0.0013904556523160448, ""kernels.1"": 0.3120120789509774}",10,5,30,0,15,radius,0,11
111,84.85621650259651,84.49995109796598,0.5012,global,-8.07618753348295,-14.247172935444727,6.170985401961778,0.6473906060177284,1.3334704457381528,global,,,0.005713983395687901,0.0025011996438733313,0.0056291364691295285,9.999999747378752e-05,0.1043006778715068,0.1617639881490996,0.33334666393053114,0.6931481805599428,"{""kernels.0.base_kernel.kernels.0"": [0.3333338984580241, 0.33334616356042723, 0.33333308977974946, 0.333364033060844, 0.3333447917470218, 0.33334936047621444, 0.3333342950541674, 0.33333398390185903, 0.333338037811195, 0.3333364019587749, 0.3333405591980313, 0.3333471643006351, 0.3333369229469843, 0.3333388010094532, 0.33333405964518, 0.333335609837491, 0.33333335965341904, 0.33333708627923725], ""kernels.0.base_kernel.kernels.1.base_kernel"": [0.6931481805599428, 0.6931481805599428, 0.6931481805599428], ""kernels.1.base_kernel.kernels.0"": [0.3071242336180214, 0.5735520941654257, 0.1617639881490996, 0.6827496513435536, 0.4839700825932017, 0.527244464180539, 0.1640273763300411, 0.16378607704941764, 0.3819602786985749, 0.30784872042372785, 0.39951340386543555, 0.5830797858094584, 0.3676469396588809, 0.46745679147449243, 0.4019570021310414, 0.3543781697540646, 0.20458646971695044, 0.37436075251338996], ""kernels.1.base_kernel.kernels.1"": [0.6931481805599428, 0.6931481805599428, 0.6931481805599428]}","{""kernels.0"": 4.965986581621588e-06, ""kernels.0.base_kernel.kernels.1"": 0.001390455646921571, ""kernels.1"": 0.3115066119810172}",10,5,30,1,15,radius,1,12
112,84.58142432748056,84.49995109796598,0.5008,global,-8.084787469179089,-11.694748184155664,3.609960714976575,0.577590766914587,1.3341442049574648,global,,,0.003382008080024676,0.0024943528386355634,0.005630102820178804,9.999999747378752e-05,0.1041316963837428,0.16183336772142842,0.3333467065715335,0.6931481805599428,"{""kernels.0.base_kernel.kernels.0"": [0.33333389910993505, 0.3333462296049391, 0.3333330896797942, 0.33336401220989176, 0.3333447802305347, 0.3333493947570472, 0.3333343025111789, 0.333333986161409, 0.3333380467470162, 0.3333364061237541, 0.33334055813659486, 0.33334718353812787, 0.3333369264099239, 0.33333880697457846, 0.33333405640759517, 0.3333356030466405, 0.3333333616052091, 0.3333370759137876], ""kernels.0.base_kernel.kernels.1.base_kernel"": [0.6931481805599428, 0.6931481805599428, 0.6931481805599428], ""kernels.1.base_kernel.kernels.0"": [0.30709265767684485, 0.5743558640199652, 0.16183336772142842, 0.6827322720132305, 0.4838216637893354, 0.5277794959843791, 0.16426168596747706, 0.16385610857584731, 0.3818531072667782, 0.3078794853131938, 0.3995254991714025, 0.5834537115918195, 0.3675289573955511, 0.46746480347535174, 0.4019208922148474, 0.3542795800771251, 0.20450008624156224, 0.37425211205377784], ""kernels.1.base_kernel.kernels.1"": [0.6931481805599428, 0.6931481805599428, 0.6931481805599428]}","{""kernels.0"": 4.965975037906803e-06, ""kernels.0.base_kernel.kernels.1"": 0.001390455640573886, ""kernels.1"": 0.3109996675356166}",10,5,30,0,15,radius,1,13
113,84.5899692555634,84.49995109796598,0.5006,global,-8.08352669407898,-11.375612357475447,3.292085663396467,1.1612202344805618,1.3682571450342098,global,,,0.0029382972847269016,0.0024808043670778487,0.00563103035822967,9.999999747378752e-05,0.10420770593950053,0.1627428227651342,0.33334727772962974,0.6931481805599428,"{""kernels.0.base_kernel.kernels.0"": [0.3333339083055692, 0.33334716646249524, 0.33333308411813345, 0.3333637616527932, 0.33334470135089506, 0.33334979600637754, 0.3333343699053992, 0.3333340043993057, 0.3333381304192764, 0.3333364480148396, 0.3333405466067956, 0.33334738899676425, 0.3333369737001297, 0.33333887001595536, 0.33333402042635035, 0.3333355233087414, 0.3333333831822691, 0.3333369156958372], ""kernels.0.base_kernel.kernels.1.base_kernel"": [0.6931481805599428, 0.6931481805599428, 0.6931481805599428], ""kernels.1.base_kernel.kernels.0"": [0.3067640953565289, 0.5868205322878405, 0.1627428227651342, 0.6823998625232911, 0.48299594962924125, 0.5323094121473668, 0.16619287478199782, 0.16427600262409894, 0.37970347686140726, 0.30765390465579323, 0.39898632467830375, 0.586241168469381, 0.3665928276009763, 0.4674363597261669, 0.4016149563695929, 0.3530528175696816, 0.2036015783477512, 0.3708694189156644], ""kernels.1.base_kernel.kernels.1"": [0.6931481805599428, 0.6931481805599428, 0.6931481805599428]}","{""kernels.0"": 4.96583706472716e-06, ""kernels.0.base_kernel.kernels.1"": 0.00139045556435049, ""kernels.1"": 0.31122769641708636}",10,5,30,0,15,radius,2,14
114,84.67772902317499,84.49995109796598,0.5016,global,-8.062266352080593,-11.990695331014148,3.928428978933555,1.3772407269724436,1.4130057074389983,global,,,0.002817814754979956,0.002469156569337355,0.005631943256507165,9.999999747378752e-05,0.10434218157974094,0.16275261438195063,0.3333473195865234,0.6931481805599428,"{""kernels.0.base_kernel.kernels.0"": [0.3333339092004047, 0.33334723760815643, 0.3333330836116916, 0.3333637425036021, 0.3333446997464188, 0.3333498178112747, 0.33333436732149363, 0.3333340041581621, 0.3333381376146432, 0.3333364507123567, 0.33334054729158935, 0.3333474015648904, 0.3333369781637561, 0.33333887306160964, 0.3333340193081135, 0.33333551821185714, 0.33333338614756713, 0.33333690684639844], ""kernels.0.base_kernel.kernels.1.base_kernel"": [0.6931481805599428, 0.6931481805599428, 0.6931481805599428], ""kernels.1.base_kernel.kernels.0"": [0.3067864841424654, 0.5874946182802419, 0.16275261438195063, 0.6822193146546914, 0.4829327392950055, 0.5323185200921101, 0.1659829007288811, 0.16420871381674423, 0.3796601637001914, 0.30756018438896887, 0.39893958007009883, 0.5862898787297065, 0.3666466006943749, 0.46741586686842906, 0.4016543436802382, 0.35293801411851794, 0.203617612506597, 0.3706064838637375], ""kernels.1.base_kernel.kernels.1"": [0.6931481805599428, 0.6931481805599428, 0.6931481805599428]}","{""kernels.0"": 4.965826802925128e-06, ""kernels.0.base_kernel.kernels.1"": 0.0013904555588091657, ""kernels.1"": 0.3116311233536107}",10,5,30,1,15,radius,0,15
115,1743.7811848409012,84.49995109796598,0.4986,global,-9.24565482912803,-11.203970506905787,1.9583156777777564,0.393194650116788,1.1757106009724025,global,,,0.2006502023729839,0.002454715858143777,0.005632618306663585,9.999999747378752e-05,0.10391928817067385,0.16329684264698968,0.33334797986411635,0.6931481805599428,"{""kernels.0.base_kernel.kernels.0"": [0.33333392316690397, 0.33334835993963785, 0.333333074178422, 0.3333634814830453, 0.3333446831313739, 0.3333501716205698, 0.33333435799898287, 0.3333340072223259, 0.33333824782244215, 0.3333364956546108, 0.3333405643987973, 0.3333475997885949, 0.3333370631703609, 0.33333892933169035, 0.333334010843001, 0.33333545076454585, 0.33333343222052536, 0.3333367853414575], ""kernels.0.base_kernel.kernels.1.base_kernel"": [0.6931481805599428, 0.6931481805599428, 0.6931481805599428], ""kernels.1.base_kernel.kernels.0"": [0.30711425945180987, 0.5996680313134644, 0.16329684264698968, 0.6810948089612273, 0.48272820169794883, 0.533897318907077, 0.16461046601972212, 0.16380135564334525, 0.3793342829527468, 0.30680135524639207, 0.39886424133416903, 0.5872752583675741, 0.36861093757283303, 0.4679919892011879, 0.4026519796323549, 0.35198699292852254, 0.20421856834085264, 0.3677325984902239], ""kernels.1.base_kernel.kernels.1"": [0.6931481805599428, 0.6931481805599428, 0.6931481805599428]}","{""kernels.0"": 4.965666555882888e-06, ""kernels.0.base_kernel.kernels.1"": 0.0013904554735998942, ""kernels.1"": 0.31036244337186575}",10,5,30,0,15,radius,2,16
116,90.43035467165474,84.49995109796598,0.4994,global,-4.1322190728805435,-10.516399513592988,6.384180440712445,0.5002269849254835,1.2562635918208707,global,,,0.0448770957115408,0.002526881727288661,0.005858873264362932,9.999999747378752e-05,0.13013688630147782,0.08691936811158213,0.3333430878665957,0.6931481805599428,"{""kernels.0.base_kernel.kernels.0"": [0.3333351133453304, 0.33335184269472734, 0.3333325087295758, 0.33334692620336537, 0.33334139258374035, 0.33334645628104853, 0.33333459790876757, 0.33333510791208815, 0.3333349471443363, 0.333336010891077, 0.333334285314501, 0.33334464612893855, 0.333336348182482, 0.33334152960425284, 0.3333358772629558, 0.3333330548143961, 0.33333357059906266, 0.33333609173234696], ""kernels.0.base_kernel.kernels.1.base_kernel"": [0.6931481805599428, 0.6931481805599428, 0.6931481805599428], ""kernels.1.base_kernel.kernels.0"": [0.4360955590528431, 0.6497294493664871, 0.2704001144809372, 0.6050116956359006, 0.5433828255661843, 0.5798257336339722, 0.18224650856194927, 0.19592798776592785, 0.3444813491149362, 0.3085601126835335, 0.3832545807936524, 0.5846087754706434, 0.3127830756869494, 0.4740506679268177, 0.4723835654489487, 0.08691936811158213, 0.23085984770770665, 0.454519694778348], ""kernels.1.base_kernel.kernels.1"": [0.6931481805599428, 0.6931481805599428, 0.6931481805599428]}","{""kernels.0"": 4.96518068149889e-06, ""kernels.0.base_kernel.kernels.1"": 0.0013904551119765895, ""kernels.1"": 0.38901523861177534}",10,5,30,0,15,radius,0,17
117,87.96941165948218,84.49995109796598,0.5004,global,-4.973104827388344,-9.490463978991965,4.517359151603621,1.1929570325114498,1.3895751984309697,global,,,0.05812029140094743,0.0025201143345680165,0.005855879595951991,9.999999747378752e-05,0.13041696671701059,0.08472122347176504,0.3333406081644614,0.6931481805599428,"{""kernels.0.base_kernel.kernels.0"": [0.33333523810234683, 0.33335203422557635, 0.33333218382679675, 0.333344441136972, 0.3333400286266766, 0.33334581507450756, 0.3333346411813632, 0.3333350326510199, 0.3333342512383245, 0.33333588322222063, 0.3333335767189773, 0.333344133975484, 0.3333365451294562, 0.33334118770224624, 0.33333614957474744, 0.33333367373466244, 0.3333335053562861, 0.3333359271453632], ""kernels.0.base_kernel.kernels.1.base_kernel"": [0.6931481805599428, 0.6931481805599428, 0.6931481805599428], ""kernels.1.base_kernel.kernels.0"": [0.4362528691696283, 0.6538197633303201, 0.27625314634726195, 0.5865185439550673, 0.5283137378355961, 0.5774024669359692, 0.18473989688660775, 0.2021862707591964, 0.333065001070819, 0.3092770932338939, 0.38789043752321223, 0.5871018600962389, 0.325055918343498, 0.43321135647273545, 0.477374180868349, 0.08472122347176504, 0.23578612132444088, 0.4585055917822715], ""kernels.1.base_kernel.kernels.1"": [0.6931481805599428, 0.6931481805599428, 0.6931481805599428]}","{""kernels.0"": 4.965045106989005e-06, ""kernels.0.base_kernel.kernels.1"": 0.0013904550072674775, ""kernels.1"": 0.3898554800986573}",10,5,30,1,15,radius,1,18
118,90.32771747554261,84.49995109796598,0.4988,global,-5.461945052209867,-9.390451941354272,3.928506889144405,1.2695402243072236,1.394726396663368,global,,,0.07521710321713411,0.0025164897811356837,0.0058540835880771915,9.999999747378752e-05,0.12948951877658602,0.08426365558005619,0.3333399600478486,0.6931481805599428,"{""kernels.0.base_kernel.kernels.0"": [0.3333367138197771, 0.33335238946799534, 0.33333176518376306, 0.33334201973108246, 0.3333389075249761, 0.33334500757310825, 0.33333465837271403, 0.3333348375500936, 0.3333335674051817, 0.3333356774221069, 0.3333324796120137, 0.33334342100996683, 0.3333367118976588, 0.3333410125707212, 0.3333365124479207, 0.3333344278549247, 0.3333333247457239, 0.3333356918737769], ""kernels.0.base_kernel.kernels.1.base_kernel"": [0.6931481805599428, 0.6931481805599428, 0.6931481805599428], ""kernels.1.base_kernel.kernels.0"": [0.5157800505009353, 0.6561236959932316, 0.28514458957958666, 0.5879540609278538, 0.5332887638046135, 0.5751698380399171, 0.1836774493268965, 0.19928764672083815, 0.3305891369410644, 0.30270773018855734, 0.38613336760234557, 0.5857530642805355, 0.3267824555192226, 0.42214380470808255, 0.478211065379154, 0.08426365558005619, 0.2327987823351274, 0.4599915539253647], ""kernels.1.base_kernel.kernels.1"": [0.6931481805599428, 0.6931481805599428, 0.6931481805599428]}","{""kernels.0"": 4.9647787508249666e-06, ""kernels.0.base_kernel.kernels.1"": 0.0013904548132728934, ""kernels.1"": 0.3870731367377343}",10,5,30,0,15,radius,0,19
119,85.03046984755355,84.49995109796598,0.5022,global,-5.613195826717164,-11.652050810154869,6.038854983437704,0.5668732817959872,1.1926640365385504,global,,,0.02267831100891719,0.002511006661578489,0.005851062973642511,9.999999747378752e-05,0.12901153237833105,0.0843506648674531,0.33333994285035495,0.6931481805599428,"{""kernels.0.base_kernel.kernels.0"": [0.3333367426096902, 0.3333524047404082, 0.33333175612194127, 0.3333419672879908, 0.33333887343328295, 0.3333449944522332, 0.333334658067677, 0.3333348362458883, 0.33333355589826874, 0.3333356749952473, 0.33333246131198785, 0.3333433958959065, 0.3333367232978763, 0.333341012267427, 0.33333652170101935, 0.3333344439378482, 0.33333332397410176, 0.3333356861375925], ""kernels.0.base_kernel.kernels.1.base_kernel"": [0.6931481805599428, 0.6931481805599428, 0.6931481805599428], ""kernels.1.base_kernel.kernels.0"": [0.5159348996399955, 0.6561817265712815, 0.28537026170807656, 0.5879287055316847, 0.5329976598317656, 0.5754401869953903, 0.18352955895356496, 0.19949911840312862, 0.33080391360976447, 0.3027520569567129, 0.3869599337945484, 0.585448640393874, 0.3275231764850317, 0.4225394219068502, 0.4783553288251231, 0.0843506648674531, 0.2330537871603272, 0.460040552802768], ""kernels.1.base_kernel.kernels.1"": [0.6931481805599428, 0.6931481805599428, 0.6931481805599428]}","{""kernels.0"": 4.964769937525602e-06, ""kernels.0.base_kernel.kernels.1"": 0.0013904548068544651, ""kernels.1"": 0.3856391775582011}",10,5,30,0,15,radius,0,20
120,84.82425739914248,84.49995109796598,0.4998,global,-6.178350478066781,-10.31259864275464,4.134248164687859,0.35000622926955366,1.1393335310720831,global,,,0.007302406806939917,0.0025017863193534345,0.005850442831629645,9.999999747378752e-05,0.1279728339160455,0.08485481566813036,0.3333398918243819,0.6931481805599428,"{""kernels.0.base_kernel.kernels.0"": [0.3333367953247624, 0.33335242597835013, 0.33333173114304093, 0.3333418325067496, 0.33333878176805193, 0.33334497748202624, 0.33333466242695664, 0.3333348314653247, 0.3333335242069996, 0.33333566369269363, 0.33333240394685976, 0.3333433365082923, 0.3333367502687267, 0.33334100188071186, 0.3333365410697708, 0.3333344872670622, 0.3333333197066447, 0.33333566333874937], ""kernels.0.base_kernel.kernels.1.base_kernel"": [0.6931481805599428, 0.6931481805599428, 0.6931481805599428], ""kernels.1.base_kernel.kernels.0"": [0.5160349162639911, 0.6563624109186736, 0.28575634218217855, 0.5874791229307509, 0.5320698293864395, 0.5759883780670364, 0.18339373685363553, 0.2002476954568617, 0.3311153302610993, 0.30260673795849663, 0.3882201642611127, 0.5849367584539233, 0.3288222645938691, 0.423066963084681, 0.47862732273312303, 0.08485481566813036, 0.23354747658137454, 0.46006313589691084], ""kernels.1.base_kernel.kernels.1"": [0.6931481805599428, 0.6931481805599428, 0.6931481805599428]}","{""kernels.0"": 4.964751878492083e-06, ""kernels.0.base_kernel.kernels.1"": 0.0013904547926957595, ""kernels.1"": 0.38252308220356224}",10,5,30,0,15,radius,0,21
121,86.37854403243433,84.49995109796598,0.5028,global,-6.225629247094388,-8.781497825125129,2.555868578030741,0.45088377828422266,1.2428327013854035,global,,,0.028425737178613315,0.002505791451703841,0.005849806504601773,9.999999747378752e-05,0.13078961004235876,0.09128443219391343,0.33334063687401194,0.6931481805599428,"{""kernels.0.base_kernel.kernels.0"": [0.3333376189504697, 0.333352857559739, 0.33333139655552946, 0.3333403201137496, 0.3333380758071749, 0.3333449921194999, 0.3333347086951369, 0.3333345817499389, 0.33333310371737335, 0.3333355347808847, 0.333331524991748, 0.33334274948110854, 0.3333369737747639, 0.33334095363427424, 0.33333682091805333, 0.33333504043984924, 0.3333332253613685, 0.3333354407598161], ""kernels.0.base_kernel.kernels.1.base_kernel"": [0.6931481805599428, 0.6931481805599428, 0.6931481805599428], ""kernels.1.base_kernel.kernels.0"": [0.5202395857748374, 0.6602775546586372, 0.2884226095647924, 0.5877124769409607, 0.5321019728799947, 0.5870390667812132, 0.18379094742518506, 0.20319450353976493, 0.3250972943467603, 0.2980506904473519, 0.396670265592069, 0.5865543698677405, 0.3337076934019951, 0.4369028184025919, 0.48100776257109834, 0.09128443219391343, 0.23765689609579965, 0.4612442184683099], ""kernels.1.base_kernel.kernels.1"": [0.6931481805599428, 0.6931481805599428, 0.6931481805599428]}","{""kernels.0"": 4.96442049204827e-06, ""kernels.0.base_kernel.kernels.1"": 0.0013904545448430545, ""kernels.1"": 0.3909734111617411}",10,5,30,0,15,radius,0,22
122,87.76771612246824,84.49995109796598,0.4992,global,-6.238262164786143,-9.9885161282164,3.750253963430257,0.993038283631286,1.3992137813205228,global,,,0.03059161458083041,0.0025031560859237133,0.005848448055642529,9.999999747378752e-05,0.13051508023858405,0.09132657752316872,0.3333406263055343,0.6931481805599428,"{""kernels.0.base_kernel.kernels.0"": [0.3333376300645706, 0.3333528848795365, 0.33333139997651295, 0.33334030217249844, 0.333338070402892, 0.33334500041749937, 0.33333470756017847, 0.3333345737773848, 0.33333310426177387, 0.33333553293401136, 0.33333151328489125, 0.3333427491272434, 0.3333369790190809, 0.33334095043857015, 0.33333682600156656, 0.3333350464377543, 0.33333322389848824, 0.3333354412505128], ""kernels.0.base_kernel.kernels.1.base_kernel"": [0.6931481805599428, 0.6931481805599428, 0.6931481805599428], ""kernels.1.base_kernel.kernels.0"": [0.520253698926392, 0.6608706562843394, 0.28922853107973456, 0.5875677026161099, 0.5319567209466329, 0.5871806130207607, 0.18385816726045523, 0.2031919940264657, 0.32504271059139944, 0.2979556457945387, 0.396582255543206, 0.5866617116433992, 0.3338439138321962, 0.4370635837773847, 0.4810779638042144, 0.09132657752316872, 0.2377802454100645, 0.4613546459216884], ""kernels.1.base_kernel.kernels.1"": [0.6931481805599428, 0.6931481805599428, 0.6931481805599428]}","{""kernels.0"": 4.964410957375744e-06, ""kernels.0.base_kernel.kernels.1"": 0.0013904545385942874, ""kernels.1"": 0.3901498217662005}",10,5,30,0,15,radius,0,23
123,87.95990797387967,84.49995109796598,0.4984,global,-6.367450009829332,-10.645876113773594,4.278426103944263,1.1551412665674359,1.4001808887064353,global,,,0.030008620874192923,0.0024957423206766606,0.005846271528007856,9.999999747378752e-05,0.12978741140673347,0.0915339863026458,0.33334060971092483,0.6931481805599428,"{""kernels.0.base_kernel.kernels.0"": [0.3333376480536573, 0.3333529323280006, 0.33333140582792675, 0.33334027425725943, 0.33333805963761487, 0.3333450133198355, 0.3333347068882758, 0.3333345605764051, 0.3333331065655617, 0.3333355353237962, 0.333331495614618, 0.3333427495502486, 0.3333369891911311, 0.33334094516459023, 0.3333368345742678, 0.3333350595897832, 0.3333332215429008, 0.33333544508627816], ""kernels.0.base_kernel.kernels.1.base_kernel"": [0.6931481805599428, 0.6931481805599428, 0.6931481805599428], ""kernels.1.base_kernel.kernels.0"": [0.520281314188541, 0.6620790417874721, 0.29082577270678256, 0.5873028245519089, 0.5316100287156476, 0.5875171935700135, 0.1841944831948329, 0.20315497017572368, 0.32500156427040877, 0.29861707994010767, 0.39648917902216396, 0.5868064474388633, 0.3341226356413615, 0.43728353640494133, 0.4811968921455985, 0.0915339863026458, 0.23795566590929562, 0.46199501949387733], ""kernels.1.base_kernel.kernels.1"": [0.6931481805599428, 0.6931481805599428, 0.6931481805599428]}","{""kernels.0"": 4.96439576566045e-06, ""kernels.0.base_kernel.kernels.1"": 0.001390454528561538, ""kernels.1"": 0.3879668152958732}",10,5,30,1,15,radius,1,24
124,87.64329183774024,84.49995109796598,0.4966,local,-6.4042531075037115,-13.961526606488361,7.5572734989846495,0.14457399551346853,0.48491578712270716,radius,,,0.02081308141493657,0.002487683986758217,0.005843936560715248,9.999999747378752e-05,0.12936086179687142,0.0926517843968015,0.3333405611529928,0.6931481805599428,"{""kernels.0.base_kernel.kernels.0"": [0.33333771497612447, 0.33335315268111326, 0.33333142241674196, 0.33334019650711844, 0.33333804045576515, 0.33334504938095477, 0.3333346920451285, 0.33333450417765803, 0.33333312544656485, 0.33333553002262417, 0.3333314104148297, 0.3333427740442843, 0.33333702364260076, 0.33334092579886715, 0.3333368666509615, 0.3333351276245108, 0.3333332107879524, 0.3333354506060205], ""kernels.0.base_kernel.kernels.1.base_kernel"": [0.6931481805599428, 0.6931481805599428, 0.6931481805599428], ""kernels.1.base_kernel.kernels.0"": [0.5203574877820248, 0.6721692769495733, 0.29680367374275596, 0.5864102455490356, 0.53163506459877, 0.5878372080212725, 0.18408141174359444, 0.20244087645900877, 0.3264751173859376, 0.2996480040324593, 0.39551752104847504, 0.5875375972136765, 0.334491230988315, 0.4375831247963238, 0.48149216170992937, 0.0926517843968015, 0.23828824196437481, 0.4641747800389626], ""kernels.1.base_kernel.kernels.1"": [0.6931481805599428, 0.6931481805599428, 0.6931481805599428]}","{""kernels.0"": 4.964342061955399e-06, ""kernels.0.base_kernel.kernels.1"": 0.0013904544921578554, ""kernels.1"": 0.3866871665563945}",10,5,30,1,15,radius,0,25
125,89.93124447805718,84.49995109796598,0.4966,global,-6.26161758088943,-14.441928064426728,8.180310483537298,1.5972007524521246,1.413584763607896,global,,,0.022522674999067002,0.0024904433422224437,0.0058418757472401914,9.999999747378752e-05,0.13020552404553867,0.09291186155975376,0.3333405490578638,0.6931481805599428,"{""kernels.0.base_kernel.kernels.0"": [0.3333377336558676, 0.3333531183862727, 0.3333314147929279, 0.33334017724519366, 0.3333380372839184, 0.33334505212037313, 0.33333469487844103, 0.33333449118239594, 0.3333331236903858, 0.3333355168844589, 0.33333139651454163, 0.3333428288123065, 0.33333703550174887, 0.3333409208705339, 0.3333368745719071, 0.33333514710691126, 0.33333320858241716, 0.3333354389066494], ""kernels.0.base_kernel.kernels.1.base_kernel"": [0.6931481805599428, 0.6931481805599428, 0.6931481805599428], ""kernels.1.base_kernel.kernels.0"": [0.5205311095979672, 0.6727862085938758, 0.2975033818016537, 0.5861743868103728, 0.5321594265439742, 0.5872379587095101, 0.18395750068558678, 0.2022118019962595, 0.3267513664447493, 0.29913367312361044, 0.3953818324812512, 0.5883319622836329, 0.33486323871091805, 0.43762597614110627, 0.4815807001870335, 0.09291186155975376, 0.23839171502993098, 0.4640465808647386], ""kernels.1.base_kernel.kernels.1"": [0.6931481805599428, 0.6931481805599428, 0.6931481805599428]}","{""kernels.0"": 4.964330721703475e-06, ""kernels.0.base_kernel.kernels.1"": 0.0013904544838634664, ""kernels.1"": 0.3892211533220309}",10,5,30,1,15,radius,0,26
126,110.01054043425756,84.49995109796598,0.5,global,-6.03879159978962,-10.820318926503067,4.781527326713446,0.41720814950253376,1.190304767324282,global,,,0.13063790405277836,0.0025145900794064147,0.005838595809737857,9.999999747378752e-05,0.13133786816589338,0.09715662089324936,0.33333959113905015,0.6931481805599428,"{""kernels.0.base_kernel.kernels.0"": [0.33333793535754713, 0.3333529106907101, 0.333331279169111, 0.33334071963939904, 0.3333378765475022, 0.33334514421928335, 0.33333474477626224, 0.33333433839922727, 0.3333329879281347, 0.3333354478744544, 0.33333132828352957, 0.33333846263870126, 0.33333728510819394, 0.3333409322882091, 0.33333694155988347, 0.3333354254679183, 0.3333332036978331, 0.3333352669232582], ""kernels.0.base_kernel.kernels.1.base_kernel"": [0.6931481805599428, 0.6931481805599428, 0.6931481805599428], ""kernels.1.base_kernel.kernels.0"": [0.5247369681838607, 0.6738308593650375, 0.3054002183795293, 0.6013511254533053, 0.540072199900394, 0.5883805475814432, 0.18545901908402507, 0.20138539377499304, 0.3184119482823134, 0.3038157058769065, 0.3795891687677671, 0.4892663881554934, 0.34476141486417, 0.44093770136972926, 0.48340722894283283, 0.09715662089324936, 0.2432063245214949, 0.4684716170839661], ""kernels.1.base_kernel.kernels.1"": [0.6931481805599428, 0.6931481805599428, 0.6931481805599428]}","{""kernels.0"": 4.96425532758367e-06, ""kernels.0.base_kernel.kernels.1"": 0.001390454409569542, ""kernels.1"": 0.392618185832783}",10,5,30,0,15,radius,1,27
127,87.71896793708777,84.49995109796598,0.5016,global,-6.276175573695619,-10.294723421535156,4.018547847839537,1.3989864545561987,1.4116184955341489,global,,,0.02131473823718432,0.0025071794399828015,0.005829376310175226,9.999999747378752e-05,0.1332460486636083,0.10037549030319312,0.3333395941213846,0.6931481805599428,"{""kernels.0.base_kernel.kernels.0"": [0.33333829465369036, 0.33335233780462337, 0.3333311589180984, 0.3333410969620794, 0.3333383208465541, 0.333345383835339, 0.33333477528652955, 0.3333340757745051, 0.3333330521308854, 0.3333351861947407, 0.33333154440516793, 0.33333610127830515, 0.33333762335208167, 0.333340867396215, 0.3333370823028949, 0.33333577992908864, 0.3333331008570353, 0.3333350345979003], ""kernels.0.base_kernel.kernels.1.base_kernel"": [0.6931481805599428, 0.6931481805599428, 0.6931481805599428], ""kernels.1.base_kernel.kernels.0"": [0.5275732990868861, 0.6816898391732403, 0.3276966336909257, 0.6051770503641388, 0.5622055952184764, 0.5901477865829226, 0.1841720854055584, 0.2047409954017172, 0.3149520660038388, 0.30271673859353304, 0.37053804971000015, 0.49644512137604985, 0.3474979510897442, 0.4414271391807974, 0.48286478688765605, 0.10037549030319312, 0.2453495180403459, 0.4678981339650557], ""kernels.1.base_kernel.kernels.1"": [0.6931481805599428, 0.6931481805599428, 0.6931481805599428]}","{""kernels.0"": 4.96400519438572e-06, ""kernels.0.base_kernel.kernels.1"": 0.0013904542264452072, ""kernels.1"": 0.39834272775918533}",10,5,30,0,15,radius,0,28
128,85.27166649397324,84.49995109796598,0.4996,global,-6.6447632342552385,-10.152402760427943,3.5076395261727047,1.037566524895906,1.3681640759398876,global,,,0.009753905781132076,0.0025050131303817726,0.0058270070937255355,9.999999747378752e-05,0.13285356582952465,0.10052359318579185,0.3333395876483455,0.6931481805599428,"{""kernels.0.base_kernel.kernels.0"": [0.3333383085466058, 0.33335238334153344, 0.33333114846766315, 0.3333410235349202, 0.3333381523817756, 0.333345380930987, 0.3333347678193717, 0.33333405607049266, 0.33333308133929546, 0.33333517807933727, 0.3333315539567978, 0.3333360173020096, 0.33333765460758885, 0.3333408667500851, 0.3333370930990221, 0.3333358059845734, 0.3333330969339702, 0.33333503221722843], ""kernels.0.base_kernel.kernels.1.base_kernel"": [0.6931481805599428, 0.6931481805599428, 0.6931481805599428], ""kernels.1.base_kernel.kernels.0"": [0.5277796739574705, 0.6832600003673913, 0.3290657298400012, 0.6031043424286102, 0.5580379361118188, 0.5903008719002517, 0.1836979836432798, 0.20470736779294796, 0.31586349670499664, 0.3030539629572735, 0.3700535634315859, 0.4961932564494142, 0.348359234472454, 0.44169379660515184, 0.4829991333463521, 0.10052359318579185, 0.2457020806238797, 0.4681061496315631], ""kernels.1.base_kernel.kernels.1"": [0.6931481805599428, 0.6931481805599428, 0.6931481805599428]}","{""kernels.0"": 4.963991402776068e-06, ""kernels.0.base_kernel.kernels.1"": 0.001390454215970534, ""kernels.1"": 0.3971652792812006}",10,5,30,0,15,radius,0,29
129,275.59920024112046,84.49995109796598,0.4982,global,-7.466913524262722,-10.095378531054969,2.628465006792247,0.6337527079436492,1.2754087437213761,global,,,0.3027862981251613,0.0025005217722531637,0.005825605469430274,9.999999747378752e-05,0.1321595164586606,0.10114139785045544,0.3333396082845829,0.6931481805599428,"{""kernels.0.base_kernel.kernels.0"": [0.33333833725354606, 0.3333525206775957, 0.3333311307229955, 0.33334091330190596, 0.3333378780275254, 0.3333453769769694, 0.33333476081271857, 0.33333401583319006, 0.333333133228796, 0.3333351615354079, 0.3333315681291267, 0.3333358528304801, 0.3333377097800846, 0.3333408793156198, 0.33333711379269076, 0.3333358598149737, 0.33333308825066416, 0.33333503587501867], ""kernels.0.base_kernel.kernels.1.base_kernel"": [0.6931481805599428, 0.6931481805599428, 0.6931481805599428], ""kernels.1.base_kernel.kernels.0"": [0.5281547911957718, 0.6868752093744617, 0.33170486604605864, 0.6004971734209773, 0.551928376861649, 0.590636441998101, 0.18382653785546732, 0.20437774571648884, 0.31715278713841977, 0.30348928094172845, 0.3699269796193572, 0.4960602270666661, 0.34967173507266414, 0.4426294961752098, 0.48315359263857294, 0.10114139785045544, 0.24615222767122538, 0.46880592225975554], ""kernels.1.base_kernel.kernels.1"": [0.6931481805599428, 0.6931481805599428, 0.6931481805599428]}","{""kernels.0"": 4.963963901371319e-06, ""kernels.0.base_kernel.kernels.1"": 0.0013904541953864448, ""kernels.1"": 0.3950831312166939}",10,5,30,0,15,radius,0,30
130,224.23375467972215,84.49995109796598,0.497,global,-6.925861000247571,-9.873179537967797,2.947318537720226,0.9202441460909051,1.3479298289259813,global,,,0.20930154631676823,0.0025116132461799534,0.00582739128469813,9.999999747378752e-05,0.13367634849697246,0.1013695950087318,0.33333959828262943,0.6931481805599428,"{""kernels.0.base_kernel.kernels.0"": [0.33333834615167934, 0.33335257003684376, 0.33333112188310215, 0.3333408504135795, 0.3333378003946486, 0.3333453708421696, 0.33333475427761583, 0.33333399403097164, 0.3333331446380393, 0.333335150182823, 0.3333315661679613, 0.3333357979585793, 0.3333377194535196, 0.3333408844894807, 0.33333711970147994, 0.333335876656483, 0.3333330836070008, 0.3333350342751633], ""kernels.0.base_kernel.kernels.1.base_kernel"": [0.6931481805599428, 0.6931481805599428, 0.6931481805599428], ""kernels.1.base_kernel.kernels.0"": [0.5281964755924005, 0.6869839432617527, 0.3323769139156317, 0.5987886858701371, 0.5503857296743284, 0.5898806600423645, 0.1827279877918139, 0.20344512259301836, 0.3170917708985555, 0.302789819938396, 0.3690370098648499, 0.4958523423442032, 0.3489739811805491, 0.44278371233104064, 0.4830107954365516, 0.1013695950087318, 0.24598038598158695, 0.4688443739986885], ""kernels.1.base_kernel.kernels.1"": [0.6931481805599428, 0.6931481805599428, 0.6931481805599428]}","{""kernels.0"": 4.963955031338498e-06, ""kernels.0.base_kernel.kernels.1"": 0.0013904541879754605, ""kernels.1"": 0.3996336273479106}",10,5,30,1,15,radius,0,31
131,195.22326259422988,84.49995109796598,0.4986,global,-7.513122398782105,-9.89404540469384,2.3809230059117343,0.4470394423685636,1.159983804791963,global,,,0.31362975264633536,0.0025443559081492176,0.005821654504387038,9.999999747378752e-05,0.13858765773941756,0.10149997757484033,0.3333395426958833,0.6931481805599428,"{""kernels.0.base_kernel.kernels.0"": [0.33333833677394104, 0.3333526978384898, 0.33333109273897216, 0.33334074861782553, 0.3333377106618125, 0.3333454191060569, 0.33333476882868385, 0.33333396226752665, 0.3333331050060003, 0.3333351411939193, 0.3333313448648137, 0.3333357593827902, 0.3333377056818033, 0.33334090008031353, 0.3333370897563959, 0.3333358922429973, 0.33333304520398044, 0.33333495028394], ""kernels.0.base_kernel.kernels.1.base_kernel"": [0.6931481805599428, 0.6931481805599428, 0.6931481805599428], ""kernels.1.base_kernel.kernels.0"": [0.5273294186685322, 0.6887188612088349, 0.3322834658117648, 0.5968812834482857, 0.5492513421069729, 0.5898856164522805, 0.18200456857688274, 0.20058514196211985, 0.3133787609240504, 0.3015641280132444, 0.3545784339376844, 0.49662675236433074, 0.3448173663611265, 0.44448739495643635, 0.4811180298313697, 0.10149997757484033, 0.2442814854488776, 0.4651911484368305], ""kernels.1.base_kernel.kernels.1"": [0.6931481805599428, 0.6931481805599428, 0.6931481805599428]}","{""kernels.0"": 4.963944358126316e-06, ""kernels.0.base_kernel.kernels.1"": 0.00139045417811816, ""kernels.1"": 0.4143675550957764}",10,5,30,0,15,radius,0,32
132,84.90177328770248,84.49995109796598,0.4994,global,-6.826609496805121,-12.854096447259751,6.02748695045463,0.6864131326980651,1.3610522250888006,global,,,0.006786710949893687,0.0025635844859210172,0.0058124682707617345,9.999999747378752e-05,0.13114107703751166,0.104550790173474,0.3333388786200762,0.7124755368497079,"{""kernels.0.base_kernel.kernels.0"": [0.3333382267955031, 0.33335405839110865, 0.3333309761268381, 0.3333395304446493, 0.33333692970558737, 0.3333459347574035, 0.33333495747756064, 0.3333339029464563, 0.33333302773118845, 0.33333522391692466, 0.33333015859815746, 0.33333549524745193, 0.3333376599734499, 0.33334089063811134, 0.3333368368658556, 0.33333599368207045, 0.3333328059467639, 0.33333451455752694], ""kernels.0.base_kernel.kernels.1.base_kernel"": [0.6931481805599428, 0.6931481805599428, 0.6931481805599428], ""kernels.1.base_kernel.kernels.0"": [0.5190847794454271, 0.7124755368497079, 0.34084637366301124, 0.5850274360832993, 0.5491852063233286, 0.6009979378677164, 0.1784691159902268, 0.19341092524028036, 0.30501721035818996, 0.312337833174651, 0.27783460919587316, 0.5090441018353544, 0.33487806628700906, 0.45691048277476254, 0.4702874051816753, 0.104550790173474, 0.23718817379087215, 0.45190547279545734], ""kernels.1.base_kernel.kernels.1"": [0.6931481805599428, 0.6931481805599428, 0.6931481805599428]}","{""kernels.0"": 4.963770993109082e-06, ""kernels.0.base_kernel.kernels.1"": 0.001390454060694153, ""kernels.1"": 0.3920278132808477}",10,5,30,0,15,radius,0,33
133,96.14768531202535,84.49995109796598,0.5012,global,-6.757113695751279,-12.048827750945346,5.291714055194067,1.3254485866609753,1.4086044058719647,global,,,0.0640173714054645,0.00255333239757344,0.005811524617804065,9.999999747378752e-05,0.13078503768717292,0.10456353776900057,0.33333883561759,0.7129768503190466,"{""kernels.0.base_kernel.kernels.0"": [0.33333822339133773, 0.33335410676336263, 0.33333098253725135, 0.33333944784384223, 0.33333690689389817, 0.33334594517910365, 0.33333497754943486, 0.33333390828753046, 0.33333302668648285, 0.3333352244521108, 0.3333301619583244, 0.33333547928297175, 0.3333376594347539, 0.3333408818503276, 0.33333682431169837, 0.33333599754913573, 0.333332801107887, 0.3333345123736673], ""kernels.0.base_kernel.kernels.1.base_kernel"": [0.6931481805599428, 0.6931481805599428, 0.6931481805599428], ""kernels.1.base_kernel.kernels.0"": [0.518789504020192, 0.7129768503190466, 0.34201696511556107, 0.5845291552526836, 0.5499941465571063, 0.6010639749059234, 0.17879336355467457, 0.19364347933632528, 0.3052568270739486, 0.31322850178651895, 0.2778404703417292, 0.5092234810478202, 0.33569038647922345, 0.4566415343987732, 0.4699613098690381, 0.10456353776900057, 0.23716934493014585, 0.4524754047800471], ""kernels.1.base_kernel.kernels.1"": [0.6931481805599428, 0.6931481805599428, 0.6931481805599428]}","{""kernels.0"": 4.963761086779962e-06, ""kernels.0.base_kernel.kernels.1"": 0.001390454053765303, ""kernels.1"": 0.3909596952466667}",10,5,30,0,15,radius,0,34
134,93.08774642289518,84.49995109796598,0.4972,global,-7.130186698113086,-14.764457268835788,7.634270570722702,0.7732762329676635,1.3460506832707997,global,,,0.045560087258303766,0.0025385875849390275,0.005805964257412268,9.999999747378752e-05,0.13182860035682428,0.10599540405000499,0.333338113441728,0.7238233697412837,"{""kernels.0.base_kernel.kernels.0"": [0.3333381657812771, 0.3333552599471863, 0.33333111899196494, 0.33333806110217884, 0.3333364614276019, 0.3333460699961381, 0.3333353124336485, 0.333333974400066, 0.3333330705747809, 0.3333352214518464, 0.3333301653561948, 0.33333495584971373, 0.3333375791602858, 0.33334075346891573, 0.3333365785943866, 0.3333360886986204, 0.3333326904795458, 0.33333432017650594], ""kernels.0.base_kernel.kernels.1.base_kernel"": [0.6931481805599428, 0.6931481805599428, 0.6931481805599428], ""kernels.1.base_kernel.kernels.0"": [0.5135258665203006, 0.7238233697412837, 0.36353667138549567, 0.5756683785080183, 0.5613550107552833, 0.5962874303793364, 0.18022274930530505, 0.19568177165517436, 0.3122860650066645, 0.32545672377480334, 0.27302464458037257, 0.5082745411466751, 0.3534983141006643, 0.4528826935651028, 0.4642858833651773, 0.10599540405000499, 0.23697844147083272, 0.46154831622498926], ""kernels.1.base_kernel.kernels.1"": [0.6931481805599428, 0.6931481805599428, 0.6931481805599428]}","{""kernels.0"": 4.963584114812927e-06, ""kernels.0.base_kernel.kernels.1"": 0.001390453925937402, ""kernels.1"": 0.3940903835604206}",10,5,30,0,15,radius,0,35
135,89.25534368840493,84.49995109796598,0.4994,local,-7.188023604707709,-10.862024872675864,3.674001267968155,0.13188798610103578,0.48801493764290477,radius,,,0.04183107560683881,0.002540575421753351,0.005801639714571869,9.999999747378752e-05,0.1324448224331508,0.10605799023501715,0.33333809414082294,0.7238267040809893,"{""kernels.0.base_kernel.kernels.0"": [0.3333381643102152, 0.33335528804382053, 0.33333111608276245, 0.33333802397143064, 0.3333364485656893, 0.3333460567018726, 0.33333531918912823, 0.3333339700870887, 0.33333307598294704, 0.3333352085767925, 0.3333301660163788, 0.3333349394838185, 0.3333375824375526, 0.3333407509092095, 0.3333365674921442, 0.3333360959521625, 0.3333326853097551, 0.33333429600318143], ""kernels.0.base_kernel.kernels.1.base_kernel"": [0.6931481805599428, 0.6931481805599428, 0.6931481805599428], ""kernels.1.base_kernel.kernels.0"": [0.5135234352758615, 0.7238267040809893, 0.36392505826578686, 0.5753888365236537, 0.5619127009539286, 0.5957315014299737, 0.17987044309376973, 0.195461528283097, 0.3121332271299448, 0.3252661666589091, 0.2724063138588846, 0.508405442088592, 0.35343750306710203, 0.45290846016782665, 0.4639423884850943, 0.10605799023501715, 0.23687884638618323, 0.4611647457664187], ""kernels.1.base_kernel.kernels.1"": [0.6931481805599428, 0.6931481805599428, 0.6931481805599428]}","{""kernels.0"": 4.963576263473869e-06, ""kernels.0.base_kernel.kernels.1"": 0.001390453919999919, ""kernels.1"": 0.39593904980318906}",10,5,30,1,15,radius,0,36
136,84.87610362697122,84.49995109796598,0.4998,local,-7.201018330300778,-13.367520519731153,6.166502189430375,0.1336055176053413,0.723903585681084,radius,,,0.004765664995614306,0.0025348087420740176,0.005798568278636957,9.999999747378752e-05,0.13168392489883585,0.10637173769228901,0.33333805971303215,0.7243029128275329,"{""kernels.0.base_kernel.kernels.0"": [0.33333816067800087, 0.3333553039743888, 0.3333311098156117, 0.33333795874806343, 0.33333643021087905, 0.33334605163711656, 0.333335338231366, 0.333333970392283, 0.3333330841347177, 0.3333351850712815, 0.33333016502733415, 0.33333493990294527, 0.3333376101277938, 0.33334074883923376, 0.3333365544962508, 0.3333361140858908, 0.3333326830404122, 0.3333342636671188], ""kernels.0.base_kernel.kernels.1.base_kernel"": [0.6931481805599428, 0.6931481805599428, 0.6931481805599428], ""kernels.1.base_kernel.kernels.0"": [0.5134874711429619, 0.7243029128275329, 0.3647064041144366, 0.5748535066974896, 0.5630605548231167, 0.595455201454112, 0.18000824719303127, 0.19557725248376945, 0.312383474613367, 0.3250929230743346, 0.27180778677188155, 0.5105649104282443, 0.3541604095163581, 0.4531545567794205, 0.46357860640843235, 0.10637173769228901, 0.23704197668792276, 0.46088361981162573], ""kernels.1.base_kernel.kernels.1"": [0.6931481805599428, 0.6931481805599428, 0.6931481805599428]}","{""kernels.0"": 4.963563035882647e-06, ""kernels.0.base_kernel.kernels.1"": 0.001390453910480353, ""kernels.1"": 0.3936563572229913}",10,5,30,2,15,radius,1,37
137,347.3814336792359,84.49995109796598,0.5046,global,-7.743579336750972,-9.456311456122744,1.712732119371772,0.9779359907396152,1.2924523139694546,global,,,0.29569545091468996,0.0025353049432919627,0.005797535973981295,9.999999747378752e-05,0.13252759894212518,0.10687277253518934,0.33333799021763477,0.7248763046925695,"{""kernels.0.base_kernel.kernels.0"": [0.33333815535865724, 0.3333553178600153, 0.33333109532888916, 0.33333782507661236, 0.33333637717561015, 0.3333460469889184, 0.33333537223286375, 0.33333396692841466, 0.333333090574797, 0.33333513947063714, 0.3333301598918673, 0.3333349170792866, 0.3333376602408165, 0.3333407507605702, 0.3333365300702891, 0.33333614941866263, 0.33333267643642855, 0.33333420475469705], ""kernels.0.base_kernel.kernels.1.base_kernel"": [0.6931481805599428, 0.6931481805599428, 0.6931481805599428], ""kernels.1.base_kernel.kernels.0"": [0.5134113797561229, 0.7248763046925695, 0.3658436881628742, 0.5731554242347927, 0.5642784516024291, 0.5948992423777092, 0.1798650631196388, 0.1954071716917912, 0.3121249745081754, 0.32436494607721855, 0.2705381089882267, 0.5133287235745154, 0.3550993587377538, 0.45379537231092915, 0.4628085451976843, 0.10687277253518934, 0.23713745599808536, 0.4603250405349411], ""kernels.1.base_kernel.kernels.1"": [0.6931481805599428, 0.6931481805599428, 0.6931481805599428]}","{""kernels.0"": 4.9635408794963754e-06, ""kernels.0.base_kernel.kernels.1"": 0.001390453893194872, ""kernels.1"": 0.3961873793923012}",10,5,30,0,15,radius,0,38
138,89.47120072915337,84.49995109796598,0.4992,local,-7.172591415481916,-10.630672207259995,3.4580807917780785,0.16950668557333204,0.6606320342042512,radius,,,0.04074612020668797,0.002553294673753809,0.005811831955694398,9.999999747378752e-05,0.13427029625228795,0.10624745269517451,0.333337975505558,0.7256758677864025,"{""kernels.0.base_kernel.kernels.0"": [0.3333381479069322, 0.33335534161337627, 0.33333109666032945, 0.3333378031041838, 0.33333638669587584, 0.33334605603173956, 0.3333353474068587, 0.3333339185022041, 0.3333331167494115, 0.3333351024690723, 0.3333301519578526, 0.3333349035623621, 0.33333767734550157, 0.3333407622095712, 0.3333365132213992, 0.3333361604738866, 0.3333326811508585, 0.33333419177986395], ""kernels.0.base_kernel.kernels.1.base_kernel"": [0.6931481805599428, 0.6931481805599428, 0.6931481805599428], ""kernels.1.base_kernel.kernels.0"": [0.5133132179813137, 0.7256758677864025, 0.3665353916528314, 0.572134123468153, 0.5656173450040531, 0.5947079592836966, 0.17854410898556827, 0.1936286487621526, 0.3116941319221149, 0.3238102852588591, 0.2690784459446655, 0.51431721527302, 0.3554196692654091, 0.45413219624413137, 0.4622353843389699, 0.10624745269517451, 0.23779669154538963, 0.4604858754197485], ""kernels.1.base_kernel.kernels.1"": [0.6931481805599428, 0.6931481805599428, 0.6931481805599428]}","{""kernels.0"": 4.963528781090582e-06, ""kernels.0.base_kernel.kernels.1"": 0.0013904538847912477, ""kernels.1"": 0.40141547134329153}",10,5,30,2,15,radius,1,39
139,23645.364596842966,84.49995109796598,0.5006,global,-7.907412091310222,-9.63724647842771,1.7298343871174868,1.0133212003187348,1.3745466113647633,global,,,0.3103728575108462,0.0025412949237169063,0.005808728010004867,9.999999747378752e-05,0.13127908307487487,0.10443146313581539,0.33333797013901834,0.7306932868984765,"{""kernels.0.base_kernel.kernels.0"": [0.3333380942647409, 0.3333554241856081, 0.33333108361055735, 0.3333375631879972, 0.333336385597469, 0.3333461036971908, 0.3333352388313454, 0.33333369924927236, 0.3333333875478856, 0.33333489082133144, 0.33333013482042806, 0.3333347912489072, 0.3333378460132957, 0.3333408336843724, 0.3333364040625106, 0.3333362736861235, 0.33333269887366285, 0.3333342634285228], ""kernels.0.base_kernel.kernels.1.base_kernel"": [0.6931481805599428, 0.6931481805599428, 0.6931481805599428], ""kernels.1.base_kernel.kernels.0"": [0.5127839092055958, 0.7306932868984765, 0.3706936156488591, 0.5659302741489419, 0.5772083621058952, 0.5944090439202822, 0.17435986015934293, 0.19033708141836528, 0.31542697736540365, 0.3244612890076712, 0.26362401284141757, 0.5211380578046936, 0.360012322481924, 0.4569304566643788, 0.4588133800182326, 0.10443146313581539, 0.2419566683633986, 0.47034091297770364], ""kernels.1.base_kernel.kernels.1"": [0.6931481805599428, 0.6931481805599428, 0.6931481805599428]}","{""kernels.0"": 4.9634448741380364e-06, ""kernels.0.base_kernel.kernels.1"": 0.0013904538286237562, ""kernels.1"": 0.39244183195112675}",10,5,30,0,15,radius,0,40
140,294.5471855725989,84.49995109796598,0.4984,global,-4.144823831372668,-13.412841812458762,9.268017981086093,0.9116115465891395,1.2647368116506188,global,,,0.45798260785307243,0.0029907923954318955,0.0066414208256319746,9.999999747378752e-05,0.2678019007942217,0.2183047183760966,0.3498927419434641,0.800258096037927,"{""kernels.0.base_kernel.kernels.0"": [0.33333681852785013, 0.3333457614657945, 0.3333332052228694, 0.33334105447044177, 0.3333422915135395, 0.3333476783748543, 0.3333342033206065, 0.33333318785602395, 0.33333543606008437, 0.33333674774211813, 0.33333198012886966, 0.3333383728393917, 0.33333957371039624, 0.33334220025351424, 0.3333370503636806, 0.3333365524950466, 0.33333343312224817, 0.3333372100925527], ""kernels.0.base_kernel.kernels.1.base_kernel"": [0.6931481805599428, 0.6931481805599428, 0.6931481805599428], ""kernels.1.base_kernel.kernels.0"": [0.4640712318219745, 0.3711420849253142, 0.5021968709269329, 0.428116185172006, 0.800258096037927, 0.7606384862370342, 0.23495328143942573, 0.30258515081529225, 0.47913254407372396, 0.5734747739549878, 0.36643780551207394, 0.6713834602565837, 0.5752032106009217, 0.683177799340586, 0.5571583786063311, 0.2183047183760966, 0.38357106365904897, 0.6734102769107867], ""kernels.1.base_kernel.kernels.1"": [0.6931481805599428, 0.6931481805599428, 0.6931481805599428]}","{""kernels.0"": 4.963329257051908e-06, ""kernels.0.base_kernel.kernels.1"": 0.001390453759098875, ""kernels.1"": 0.8020102852943093}",10,5,30,0,15,radius,0,41
141,264.13289796035616,84.49995109796598,0.498,global,-4.326943417932317,-6.044914457386111,1.7179710394537935,0.5818495269842747,1.126169130020459,global,,,0.48004905638020695,0.0030090764643073004,0.006641715737530582,9.999999747378752e-05,0.2698011024951337,0.21673279379189403,0.34586203752960715,0.8037436053644706,"{""kernels.0.base_kernel.kernels.0"": [0.3333367724997077, 0.3333456557181363, 0.33333332793753667, 0.3333413559695895, 0.333342796634999, 0.33334788277552746, 0.33333402640697435, 0.33333305979106165, 0.3333354981953821, 0.33333678325185484, 0.3333321046896104, 0.33333855553602454, 0.3333396058767352, 0.33334233268746916, 0.33333706887245884, 0.3333365571047588, 0.3333333729034671, 0.333337308963556], ""kernels.0.base_kernel.kernels.1.base_kernel"": [0.6931481805599428, 0.6931481805599428, 0.6931481805599428], ""kernels.1.base_kernel.kernels.0"": [0.4654575118820907, 0.36373293586622585, 0.5063595220368757, 0.4246759339238701, 0.8037436053644706, 0.7557519081434594, 0.23674977032268918, 0.30304456997189594, 0.47661739291747773, 0.5719570807820108, 0.35837619228368683, 0.6673943234914, 0.5773127482858803, 0.6828121637093255, 0.5608296325023511, 0.21673279379189403, 0.3838152738084656, 0.6720522534263536], ""kernels.1.base_kernel.kernels.1"": [0.6931481805599428, 0.6931481805599428, 0.6931481805599428]}","{""kernels.0"": 4.963288664672525e-06, ""kernels.0.base_kernel.kernels.1"": 0.0013904537539999823, ""kernels.1"": 0.8080078904427365}",10,5,30,0,15,radius,0,42
142,369.25431057166406,84.49995109796598,0.4652,global,-4.427786152656981,-6.646028899723689,2.218242747066708,0.7935057866198804,1.282763971896368,global,,,0.38496746394087156,0.0030170128423448986,0.006637508199510392,9.999999747378752e-05,0.261193301303912,0.21510862653190777,0.33551626458886574,0.8149970249482924,"{""kernels.0.base_kernel.kernels.0"": [0.33333656167463277, 0.3333449565624626, 0.333333963855854, 0.33334288269388973, 0.3333453088789713, 0.3333487549705022, 0.3333330202659141, 0.33333241475805847, 0.33333576620084227, 0.33333697176432825, 0.33333280365620044, 0.33333949260845824, 0.33333974601484445, 0.3333429439045217, 0.33333718917779304, 0.33333661014570504, 0.33333303278468124, 0.3333378258452056], ""kernels.0.base_kernel.kernels.1.base_kernel"": [0.6931481805599428, 0.6931481805599428, 0.6931481805599428], ""kernels.1.base_kernel.kernels.0"": [0.47586100200231934, 0.359073449638878, 0.5270045599992679, 0.41364479578912294, 0.8149970249482924, 0.7411151217548605, 0.23322978986716214, 0.3038840200768106, 0.4706598333652669, 0.5690471648300801, 0.3376837742072293, 0.6598965390489622, 0.5844582340337022, 0.6801174096183242, 0.5769096571948467, 0.21510862653190777, 0.3827886616230878, 0.6703043701008715], ""kernels.1.base_kernel.kernels.1"": [0.6931481805599428, 0.6931481805599428, 0.6931481805599428]}","{""kernels.0"": 4.963052479222336e-06, ""kernels.0.base_kernel.kernels.1"": 0.0013904537242698724, ""kernels.1"": 0.7821844871349868}",10,5,30,0,15,radius,0,43
143,287.34107661364135,84.49995109796598,0.501,global,-4.894942141564626,-8.105888300407761,3.210946158843135,0.7840344624938788,1.3460239444161837,global,,,0.5239697584140625,0.0030473447780322376,0.006648567966893454,9.999999747378752e-05,0.2656473132183653,0.21423615888790853,0.33506011435270994,0.8152348173571106,"{""kernels.0.base_kernel.kernels.0"": [0.3333365453819889, 0.3333448578876187, 0.3333339996078647, 0.33334291244636816, 0.3333454466997575, 0.33334877296374266, 0.33333294877814346, 0.33333237552053613, 0.33333577754378224, 0.3333369856130366, 0.33333283713251405, 0.3333395423070573, 0.3333397539972704, 0.3333429810255437, 0.3333371962397331, 0.3333366049643198, 0.3333330127571899, 0.3333378433750542], ""kernels.0.base_kernel.kernels.1.base_kernel"": [0.6931481805599428, 0.6931481805599428, 0.6931481805599428], ""kernels.1.base_kernel.kernels.0"": [0.4758587127823425, 0.35281288813180356, 0.5276191158617021, 0.40776456183146464, 0.8152348173571106, 0.7391721335203488, 0.23009949158792684, 0.30310928339909476, 0.47057453917297054, 0.5689904177395807, 0.3367714557416772, 0.6599525745518403, 0.5837453210715557, 0.6800371536937777, 0.5770288327722088, 0.21423615888790853, 0.38244488992826514, 0.6696186893701676], ""kernels.1.base_kernel.kernels.1"": [0.6931481805599428, 0.6931481805599428, 0.6931481805599428]}","{""kernels.0"": 4.963037382315579e-06, ""kernels.0.base_kernel.kernels.1"": 0.0013904537221510699, ""kernels.1"": 0.7955465228955626}",10,5,30,0,15,radius,0,44
144,321.07982221163473,84.49995109796598,0.5012,global,-4.9897912831246645,-7.035800675386633,2.0460093922619684,0.8278812130369044,1.3811183215005414,global,,,0.4719752769210609,0.003049047655322074,0.006647209852867185,9.999999747378752e-05,0.259215036896767,0.21504758706448715,0.33539370353137044,0.8174610087859319,"{""kernels.0.base_kernel.kernels.0"": [0.333336474047528, 0.33334441671574677, 0.33333416422080914, 0.33334307847372585, 0.33334606627532926, 0.33334885825749017, 0.3333326717613057, 0.3333322300197903, 0.33333583192468835, 0.33333706006917685, 0.33333301184279485, 0.33333975066630867, 0.3333398042329746, 0.3333431626579375, 0.3333372317834758, 0.33333659322486375, 0.3333329204289523, 0.3333379444195354], ""kernels.0.base_kernel.kernels.1.base_kernel"": [0.6931481805599428, 0.6931481805599428, 0.6931481805599428], ""kernels.1.base_kernel.kernels.0"": [0.4777233033939466, 0.34357360425970135, 0.5309538448710356, 0.395389590584159, 0.8174610087859319, 0.7343367740770418, 0.22539469928610062, 0.3044837073189469, 0.4732258257312025, 0.5713056126628773, 0.33743854880525065, 0.66030390443899, 0.5837016339727399, 0.6817226091149851, 0.5788727792252899, 0.21504758706448715, 0.3821061479815079, 0.6693033819684082], ""kernels.1.base_kernel.kernels.1"": [0.6931481805599428, 0.6931481805599428, 0.6931481805599428]}","{""kernels.0"": 4.9629567440384e-06, ""kernels.0.base_kernel.kernels.1"": 0.0013904537115143813, ""kernels.1"": 0.7762496940220427}",10,5,30,0,15,radius,0,45
145,201.1119602030313,84.49995109796598,0.5002,global,-5.023947313449158,-6.878339269436839,1.8543919559876807,0.7797762469386931,1.3151830236432833,global,,,0.49897798758139,0.003060651757782857,0.006650562666712671,9.999999747378752e-05,0.2559314824499831,0.21459241093679304,0.3334692517759462,0.8190242444229263,"{""kernels.0.base_kernel.kernels.0"": [0.33333636630576985, 0.3333435532074511, 0.33333440311381796, 0.3333432727861924, 0.3333471653675056, 0.3333488522642852, 0.3333322565104077, 0.33333192621620206, 0.333335833009023, 0.3333371329588342, 0.33333330670660144, 0.3333399630842457, 0.33333988599645414, 0.33334352496587705, 0.3333373090842028, 0.3333365611534103, 0.33333270154074646, 0.33333807251656666], ""kernels.0.base_kernel.kernels.1.base_kernel"": [0.6931481805599428, 0.6931481805599428, 0.6931481805599428], ""kernels.1.base_kernel.kernels.0"": [0.48214251109441747, 0.3456149413570606, 0.5309699306738863, 0.3795557559180208, 0.8190242444229263, 0.7241321753894328, 0.22345771626506708, 0.30304526890814887, 0.4721091124155993, 0.569993336105733, 0.3335896512876072, 0.6514896304641464, 0.5819076937263745, 0.6794925677483413, 0.5812636875915836, 0.21459241093679304, 0.37924332261408494, 0.6681247795996478], ""kernels.1.base_kernel.kernels.1"": [0.6931481805599428, 0.6931481805599428, 0.6931481805599428]}","{""kernels.0"": 4.962791528968158e-06, ""kernels.0.base_kernel.kernels.1"": 0.0013904536878333686, ""kernels.1"": 0.7663990308705869}",10,5,30,0,15,radius,0,46
146,420.97867866255524,84.49995109796598,0.5004,global,-5.056040794106228,-5.672685982602472,0.6166451884962436,0.49235444240170956,1.1270169262856233,global,,,0.4914346811149862,0.0030529433950424066,0.006639380905738533,9.999999747378752e-05,0.25504138771790347,0.2149586704960645,0.33347115036169894,0.8190911629422507,"{""kernels.0.base_kernel.kernels.0"": [0.3333363569023395, 0.33334346737346177, 0.33333442601724117, 0.3333432826075107, 0.33334726702634027, 0.3333488481816131, 0.33333221720667755, 0.33333189834492677, 0.3333358318098965, 0.33333713907547846, 0.3333333352929656, 0.3333399835973363, 0.33333989410468334, 0.33334356210491367, 0.3333373185830924, 0.3333365586765306, 0.3333326810915231, 0.3333380849485917], ""kernels.0.base_kernel.kernels.1.base_kernel"": [0.6931481805599428, 0.6931481805599428, 0.6931481805599428], ""kernels.1.base_kernel.kernels.0"": [0.48255734627740204, 0.3454806738579885, 0.531023626354572, 0.37963394229318065, 0.8190911629422507, 0.7238039067916732, 0.22365156512182688, 0.30295653661967126, 0.4723189514078084, 0.5701549153689935, 0.3335934525417848, 0.6513374637717125, 0.5819249124122006, 0.6804283456519117, 0.5815463422112148, 0.2149586704960645, 0.37904481013482344, 0.6681711549978112], ""kernels.1.base_kernel.kernels.1"": [0.6931481805599428, 0.6931481805599428, 0.6931481805599428]}","{""kernels.0"": 4.962772292911077e-06, ""kernels.0.base_kernel.kernels.1"": 0.0013904536850518144, ""kernels.1"": 0.7637287466963657}",10,5,30,0,15,radius,0,47
147,238.79762240363465,84.49995109796598,0.499,global,-5.035338543013841,-6.252825434601184,1.2174868915873427,0.5415898519860912,1.1979650692741657,global,,,0.48098281938407517,0.0030707803290791653,0.006656852920512953,9.999999747378752e-05,0.25560510336870973,0.21542175358361618,0.33334821018084504,0.8189868484514247,"{""kernels.0.base_kernel.kernels.0"": [0.3333363293709794, 0.3333432095907961, 0.3333344927850398, 0.33334330196389084, 0.33334757669195625, 0.3333488436697338, 0.3333320947942546, 0.33333178951420617, 0.3333358279918081, 0.3333371281823432, 0.33333341233352254, 0.3333400330328597, 0.33333988948952836, 0.33334367829474315, 0.3333373396309744, 0.33333654839414306, 0.3333326153551466, 0.3333381140830006], ""kernels.0.base_kernel.kernels.1.base_kernel"": [0.6931481805599428, 0.6931481805599428, 0.6931481805599428], ""kernels.1.base_kernel.kernels.0"": [0.4836923828046463, 0.3448158366699306, 0.5308526782690013, 0.3777475338736595, 0.8189868484514247, 0.7228870065818334, 0.22247563152573482, 0.2971139734027788, 0.472574686307164, 0.5661863913876322, 0.3319507054580997, 0.6491757803435203, 0.577230938583928, 0.6843892198086783, 0.5809990277899632, 0.21542175358361618, 0.3773596984148748, 0.6666021060400268], ""kernels.1.base_kernel.kernels.1"": [0.6931481805599428, 0.6931481805599428, 0.6931481805599428]}","{""kernels.0"": 4.962714776791377e-06, ""kernels.0.base_kernel.kernels.1"": 0.0013904536765077, ""kernels.1"": 0.7654198937148448}",10,5,30,0,15,radius,0,48
148,194.08040972588026,84.49995109796598,0.4984,global,-5.0659053550794715,-7.711367903706185,2.645462548626713,0.5062729733313551,1.1527605173551716,global,,,0.3024363432761666,0.0030599736838941524,0.006649197993536241,9.999999747378752e-05,0.25331700029672516,0.21582941805211855,0.33334824643006056,0.8189525280360781,"{""kernels.0.base_kernel.kernels.0"": [0.33333632250965983, 0.3333431481191143, 0.3333345097987972, 0.3333433034460717, 0.33334764777745496, 0.33334884508266616, 0.3333320691678254, 0.33333177196512803, 0.33333583081785806, 0.33333712816356836, 0.333333433442085, 0.3333400490720556, 0.3333398912802873, 0.333343704880075, 0.3333373460747668, 0.3333365461338749, 0.33333260153059296, 0.33333812278568486], ""kernels.0.base_kernel.kernels.1.base_kernel"": [0.6931481805599428, 0.6931481805599428, 0.6931481805599428], ""kernels.1.base_kernel.kernels.0"": [0.48402506450082794, 0.34528795318261474, 0.5309161675683716, 0.3779818387721912, 0.8189525280360781, 0.7229566878867193, 0.22285545345727406, 0.29672293926059135, 0.47331697015721125, 0.5656589403109213, 0.33204529778565695, 0.649027363181901, 0.5766730108439853, 0.6849966343807251, 0.5810353696095171, 0.21582941805211855, 0.3771503087563464, 0.6665194646443836], ""kernels.1.base_kernel.kernels.1"": [0.6931481805599428, 0.6931481805599428, 0.6931481805599428]}","{""kernels.0"": 4.962698850675951e-06, ""kernels.0.base_kernel.kernels.1"": 0.001390453674220167, ""kernels.1"": 0.7585555845171046}",10,5,30,0,15,radius,0,49
149,284.8108122071241,84.49995109796598,0.5014,global,-5.134868277641636,-6.267340753688868,1.1324724760472318,0.9930412669081813,1.3919500879195394,global,,,0.4835609650991093,0.003069469072247301,0.006637871468752498,9.999999747378752e-05,0.2562679627414301,0.21431629174809097,0.3333483225527274,0.81951677017399,"{""kernels.0.base_kernel.kernels.0"": [0.3333363254906338, 0.33334300094666636, 0.3333344419429846, 0.3333433450544256, 0.33334787023634976, 0.333348774869105, 0.3333319931849992, 0.3333317197752768, 0.33333577691797944, 0.3333370849755382, 0.33333345716774687, 0.3333400500993315, 0.33333991222466286, 0.3333437675573234, 0.33333736074381215, 0.3333365387307483, 0.33333256189391003, 0.33333814493539937], ""kernels.0.base_kernel.kernels.1.base_kernel"": [0.6931481805599428, 0.6931481805599428, 0.6931481805599428], ""kernels.1.base_kernel.kernels.0"": [0.4856642538872566, 0.3463841323270356, 0.52101819912395, 0.38062830008431553, 0.81951677017399, 0.7169936214507006, 0.22222413962615167, 0.29459617508175007, 0.4658014311527786, 0.5568600497903183, 0.3299248732427041, 0.6457733122347433, 0.5764391530710895, 0.6856442846871489, 0.5810253552699377, 0.21431629174809097, 0.3765810617175384, 0.665262235910847], ""kernels.1.base_kernel.kernels.1"": [0.6931481805599428, 0.6931481805599428, 0.6931481805599428]}","{""kernels.0"": 4.9626612611780005e-06, ""kernels.0.base_kernel.kernels.1"": 0.001390453668168205, ""kernels.1"": 0.7674084718948608}",10,5,30,0,15,radius,0,50
150,404.5350432626083,84.49995109796598,0.4986,global,-5.242998217608909,-5.908647907525266,0.6656496899163571,0.9454593217419699,1.3362636216418124,global,,,0.4945689059357515,0.003067183839582391,0.006635801542871549,9.999999747378752e-05,0.2497757873109252,0.21252713119018019,0.3333486843980091,0.8205955332681956,"{""kernels.0.base_kernel.kernels.0"": [0.33333631973892114, 0.3333423480496841, 0.33333427868388377, 0.33334350306227606, 0.3333487914872384, 0.33334857730877976, 0.33333172077775297, 0.3333315719148176, 0.33333570018095837, 0.3333369761779494, 0.3333335989314055, 0.33334019723242125, 0.33334000994479257, 0.3333440020826555, 0.33333743589911496, 0.33333650225614375, 0.3333324247749787, 0.3333383048878481], ""kernels.0.base_kernel.kernels.1.base_kernel"": [0.6931481805599428, 0.6931481805599428, 0.6931481805599428], ""kernels.1.base_kernel.kernels.0"": [0.49060560109718326, 0.34540988359940245, 0.49171215154728526, 0.39080683763003093, 0.8205955332681956, 0.7036781289969665, 0.21871919940181533, 0.2921505056018253, 0.44806889232570196, 0.5306745451259038, 0.3277008133270582, 0.6428042957695151, 0.5758465601793029, 0.6878956772618451, 0.5816729826123274, 0.21252713119018019, 0.37503428090205027, 0.6642485122653549], ""kernels.1.base_kernel.kernels.1"": [0.6931481805599428, 0.6931481805599428, 0.6931481805599428]}","{""kernels.0"": 4.962484766439575e-06, ""kernels.0.base_kernel.kernels.1"": 0.001390453639439692, ""kernels.1"": 0.7479319458085695}",10,5,30,0,15,radius,0,51
151,503.99752318002015,84.49995109796598,0.4996,global,-5.261890707499436,-6.35771434807156,1.0958236405721236,1.2017043496426763,1.405292171044204,global,,,0.48237341009291085,0.0030779195784546277,0.006649949439123128,9.999999747378752e-05,0.24831260764935192,0.2128945256179475,0.3333488649264173,0.814446222514405,"{""kernels.0.base_kernel.kernels.0"": [0.3333363134591164, 0.3333419918233746, 0.33333427796919235, 0.3333435495527966, 0.33334915669556625, 0.33334857315726835, 0.33333163749234335, 0.33333155247256896, 0.3333357376848858, 0.3333369878835139, 0.33333367341757836, 0.3333403204391203, 0.3333400358804255, 0.3333440961970036, 0.33333747888825294, 0.3333364796804438, 0.33333237794534093, 0.3333384034709534], ""kernels.0.base_kernel.kernels.1.base_kernel"": [0.6931481805599428, 0.6931481805599428, 0.6931481805599428], ""kernels.1.base_kernel.kernels.0"": [0.49173891054144964, 0.338340691345686, 0.48655335582383674, 0.3893819489879444, 0.814446222514405, 0.70474332771241, 0.21870529382184692, 0.29337837813538126, 0.4429012965024165, 0.5319554246591477, 0.32780574913621835, 0.6458436017915514, 0.5744400462585357, 0.6800541636834584, 0.5821758527129687, 0.2128945256179475, 0.374785227167278, 0.6638129816238296], ""kernels.1.base_kernel.kernels.1"": [0.6931481805599428, 0.6931481805599428, 0.6931481805599428]}","{""kernels.0"": 4.962385531694581e-06, ""kernels.0.base_kernel.kernels.1"": 0.0013904536236152964, ""kernels.1"": 0.7435424069389088}",10,5,30,0,15,radius,0,52
152,1085.477490153945,84.49995109796598,0.4994,global,-5.228424390901968,-6.49107862892375,1.2626542380217822,0.7670893264777647,1.2168204555671944,global,,,0.47648996780940234,0.0030905047811206716,0.006677258770399437,9.999999747378752e-05,0.24840931108628814,0.21586020526056382,0.33334900261055944,0.807947077057338,"{""kernels.0.base_kernel.kernels.0"": [0.3333363137488635, 0.3333417746126827, 0.33333428989207237, 0.33334360262345886, 0.33334940387281214, 0.33334860134830674, 0.33333160215629504, 0.3333315534767553, 0.3333357540865733, 0.3333370089838494, 0.3333337361320529, 0.3333402318104032, 0.3333400561462009, 0.33334419862864706, 0.33333752028802704, 0.3333364807997935, 0.33333235340522005, 0.33333849776497926], ""kernels.0.base_kernel.kernels.1.base_kernel"": [0.6931481805599428, 0.6931481805599428, 0.6931481805599428], ""kernels.1.base_kernel.kernels.0"": [0.49330746360604966, 0.3465074573767072, 0.4845677308106935, 0.3925410234513733, 0.807947077057338, 0.7062791465935409, 0.22171882820052158, 0.29563528176853027, 0.4318522667948912, 0.5345787352826131, 0.3296775718293912, 0.6044119387824264, 0.5725303036871648, 0.6746230217128635, 0.5827171010244989, 0.21586020526056382, 0.3751620311495486, 0.6632509549160596], ""kernels.1.base_kernel.kernels.1"": [0.6931481805599428, 0.6931481805599428, 0.6931481805599428]}","{""kernels.0"": 4.962313428156244e-06, ""kernels.0.base_kernel.kernels.1"": 0.001390453611476802, ""kernels.1"": 0.7438325173339594}",10,5,30,1,15,radius,0,53
153,3888.1697861809175,84.49995109796598,0.4994,global,-4.743874987742474,-5.616709524186644,0.8728345364441692,0.5902825072413724,1.1110247427482671,global,,,0.44606839969389306,0.00316771499266703,0.0067734352175814186,9.999999747378752e-05,0.25703305111381847,0.21611597080052303,0.3333490024625502,0.7983020139096837,"{""kernels.0.base_kernel.kernels.0"": [0.33333631346091236, 0.33334173192429495, 0.3333343123580992, 0.3333436135396111, 0.3333494236122959, 0.33334858131280454, 0.33333160324157574, 0.333331573842637, 0.3333357504252797, 0.33333698781844723, 0.33333377049054236, 0.33334027895665935, 0.3333400847390317, 0.3333442496491362, 0.333337545676014, 0.3333364814508597, 0.33333235832427455, 0.3333385468015071], ""kernels.0.base_kernel.kernels.1.base_kernel"": [0.6931481805599428, 0.6931481805599428, 0.6931481805599428], ""kernels.1.base_kernel.kernels.0"": [0.4934422991759216, 0.34758964270508647, 0.4851845532735632, 0.39321375786221713, 0.7983020139096837, 0.6994479197733461, 0.21860327248014222, 0.29728137309848235, 0.4237958634763383, 0.5278948601036068, 0.3316111234375389, 0.5979752909681957, 0.5749628054450466, 0.6735941402311859, 0.5838293146260797, 0.21611597080052303, 0.37525825385211603, 0.6637674058247676], ""kernels.1.base_kernel.kernels.1"": [0.6931481805599428, 0.6931481805599428, 0.6931481805599428]}","{""kernels.0"": 4.962296908649599e-06, ""kernels.0.base_kernel.kernels.1"": 0.0013904536082844858, ""kernels.1"": 0.7697037374362623}",10,5,30,4,15,radius,0,54
154,206.3525259850669,84.49995109796598,0.5004,global,-4.334044552528964,-6.096861736706364,1.7628171841773996,0.9333079575174427,1.402499888308596,global,,,0.5423772372620875,0.0033142568224290457,0.00704840402652154,9.999999747378752e-05,0.2812973898085529,0.2076070691128222,0.35919636969959656,0.7116313562684519,"{""kernels.0.base_kernel.kernels.0"": [0.3333361374257458, 0.3333421705272418, 0.3333351067185777, 0.3333444001211039, 0.33334721053488203, 0.3333477858060105, 0.3333322976718028, 0.3333322146630698, 0.33333654789395706, 0.3333361057860152, 0.33333469028204404, 0.3333421345347644, 0.3333404283852017, 0.33334402364175447, 0.3333379703856652, 0.33333645944315515, 0.33333266821238844, 0.3333397571283294], ""kernels.0.base_kernel.kernels.1.base_kernel"": [0.6931481805599428, 0.6931481805599428, 0.6931481805599428], ""kernels.1.base_kernel.kernels.0"": [0.48316925195021915, 0.38504495359318264, 0.5457936686573267, 0.47034020993606873, 0.5984447498260747, 0.5987897759386338, 0.22483438538507255, 0.2076070691128222, 0.4148598399662416, 0.413557532889456, 0.43471391660466197, 0.6699894821984902, 0.6046888282466172, 0.6564802690719719, 0.6171328386697064, 0.2456886398636731, 0.39225583911960504, 0.7116313562684519], ""kernels.1.base_kernel.kernels.1"": [0.6931481805599428, 0.6931481805599428, 0.6931481805599428]}","{""kernels.0"": 4.962106912369566e-06, ""kernels.0.base_kernel.kernels.1"": 0.0013904535738685322, ""kernels.1"": 0.8424967537448778}",10,5,30,0,15,radius,0,55
155,607.6532155356224,84.49995109796598,0.5,global,-4.475837504181428,-7.0187609672373235,2.542923463055896,1.2472326068591548,1.4128696437432746,global,,,0.5019427635963987,0.003315961552188781,0.007036311107645353,9.999999747378752e-05,0.28543293664751035,0.21668361634384614,0.36373614577621693,0.7144714765707049,"{""kernels.0.base_kernel.kernels.0"": [0.333335868843696, 0.33334249907509267, 0.33333576057045966, 0.3333448335057889, 0.33334574313876836, 0.33334766557970263, 0.3333329064911273, 0.3333330708010299, 0.3333374556371422, 0.333335672463977, 0.33333508591104705, 0.33334348964698196, 0.3333406925240731, 0.3333439082613303, 0.3333383637139309, 0.33333620069162306, 0.3333328293935598, 0.33334071187489944], ""kernels.0.base_kernel.kernels.1.base_kernel"": [0.6931481805599428, 0.6931481805599428, 0.6931481805599428], ""kernels.1.base_kernel.kernels.0"": [0.4674430163587636, 0.39651942318557126, 0.5678903314739264, 0.4571861223786643, 0.5575926401231323, 0.6030791052117342, 0.23344005270362506, 0.21668361634384614, 0.4232286874676534, 0.3941246259727312, 0.4323860300258763, 0.6659196301088189, 0.599978999362376, 0.6671611860574168, 0.6289767617425649, 0.2433796692213048, 0.39648029865177703, 0.7144714765707049], ""kernels.1.base_kernel.kernels.1"": [0.6931481805599428, 0.6931481805599428, 0.6931481805599428]}","{""kernels.0"": 4.961844486707986e-06, ""kernels.0.base_kernel.kernels.1"": 0.0013904535308492572, ""kernels.1"": 0.8549033945671951}",10,5,30,0,15,radius,0,56
156,1110.7843354125969,84.49995109796598,0.499,global,-4.496520138809647,-5.280833640173824,0.7843135013641769,0.773829129152262,1.257992784934147,global,,,0.5155555666655562,0.0033495634481771844,0.0070718072425650395,9.999999747378752e-05,0.29009711141871247,0.21653913840395891,0.36130764851942826,0.6995397781464483,"{""kernels.0.base_kernel.kernels.0"": [0.3333358330065865, 0.33334254581482037, 0.33333585063041593, 0.3333448819203044, 0.3333455466082518, 0.33334764696054686, 0.3333329584302139, 0.3333331300695677, 0.3333375298763333, 0.33333561178571874, 0.3333351388899731, 0.3333436089726701, 0.33334065483768655, 0.3333438545616339, 0.3333384139708325, 0.333336172859229, 0.3333328489989017, 0.33334077146733243], ""kernels.0.base_kernel.kernels.1.base_kernel"": [0.6931481805599428, 0.6931481805599428, 0.6931481805599428], ""kernels.1.base_kernel.kernels.0"": [0.4666830998386906, 0.4021836171924333, 0.5693668904895378, 0.46261753215887286, 0.5527427616747564, 0.6063536547517001, 0.23376836813641905, 0.21653913840395891, 0.4146409771669397, 0.38926765007830966, 0.4307528193515294, 0.6595632094320336, 0.5846811988594609, 0.6609106513023932, 0.6277899424266166, 0.24457903376760304, 0.39418227135472506, 0.6995397781464483], ""kernels.1.base_kernel.kernels.1"": [0.6931481805599428, 0.6931481805599428, 0.6931481805599428]}","{""kernels.0"": 4.961802057483769e-06, ""kernels.0.base_kernel.kernels.1"": 0.0013904535235493205, ""kernels.1"": 0.8688959189305305}",10,5,30,0,15,radius,0,57
157,18379.5570551484,84.49995109796598,0.464,global,-4.09080907760861,-4.787712555459861,0.6969034778512508,0.38014969885650546,1.0299164290097664,global,,,0.5057885893134102,0.0033974252369771826,0.0071584921981663946,9.999999747378752e-05,0.293797617839269,0.2171031577508312,0.33674752320474566,0.6931481805599428,"{""kernels.0.base_kernel.kernels.0"": [0.3333357193114757, 0.3333428139251386, 0.33333620958693294, 0.33334475997226465, 0.3333448414315531, 0.333347833479379, 0.3333331539869926, 0.33333347383693657, 0.3333379489046447, 0.33333536723134977, 0.3333354052590811, 0.3333442434878653, 0.3333403989489066, 0.33334347197662895, 0.3333385971616451, 0.3333361561110066, 0.3333329682642659, 0.3333407849442054], ""kernels.0.base_kernel.kernels.1.base_kernel"": [0.6931481805599428, 0.6931481805599428, 0.6931481805599428], ""kernels.1.base_kernel.kernels.0"": [0.46412743298043796, 0.4234171242708887, 0.5815229043099649, 0.4514472607744425, 0.5182270905197097, 0.6439698096268058, 0.25293061717290416, 0.2171031577508312, 0.43284069173447465, 0.3401472129301123, 0.4396212092421814, 0.6713027047896105, 0.5265698831526671, 0.6321541004743148, 0.630953153786145, 0.2650154271802944, 0.38766240127720547, 0.6419953909236024], ""kernels.1.base_kernel.kernels.1"": [0.6931481805599428, 0.6931481805599428, 0.6931481805599428]}","{""kernels.0"": 4.96168105121123e-06, ""kernels.0.base_kernel.kernels.1"": 0.0013904535027630604, ""kernels.1"": 0.8799974383339927}",10,5,30,1,15,radius,1,58
158,312.5200216398742,84.49995109796598,0.4998,global,-3.238184068276719,-5.392416795681803,2.154232727405084,0.8529832631034835,1.3473802700556397,global,,,0.531797312608858,0.003961740171820506,0.007718729874290178,9.999999747378752e-05,0.35462340605831183,0.254166454388962,0.3511926658044785,0.7957439025926928,"{""kernels.0.base_kernel.kernels.0"": [0.33333621673816066, 0.3333446625147749, 0.33333736572219475, 0.33334798470666893, 0.33334100979795445, 0.33334998910909236, 0.3333314827543855, 0.33333209773988176, 0.33333886481998987, 0.3333362402747734, 0.3333359564214685, 0.3333445524489057, 0.33333369563932375, 0.33334546425483025, 0.3333380418717902, 0.3333353451478255, 0.3333335849937883, 0.3333437137818939], ""kernels.0.base_kernel.kernels.1.base_kernel"": [0.6931481805599428, 0.6931481805599428, 0.6931481805599428], ""kernels.1.base_kernel.kernels.0"": [0.5570655566725421, 0.43235191744294243, 0.6000987471499922, 0.5711026796701159, 0.254166454388962, 0.7148307035499053, 0.30250835443172575, 0.3690353424998646, 0.5715631527161641, 0.48653547550194254, 0.4165236169391231, 0.7128160096342727, 0.2785028184539021, 0.7957439025926928, 0.5943515616899243, 0.39786610910909387, 0.42842649009171624, 0.7545257886054697], ""kernels.1.base_kernel.kernels.1"": [0.6931481805599428, 0.6931481805599428, 0.6931481805599428]}","{""kernels.0"": 4.96041745547162e-06, ""kernels.0.base_kernel.kernels.1"": 0.001390453372664843, ""kernels.1"": 1.0624748043848151}",10,5,30,1,15,radius,0,59
159,175.54894381791945,84.49995109796598,0.4994,global,-3.390956213250978,-7.291308215036757,3.9003520017857793,0.48841261824048604,1.0354545542840443,global,,,0.5330044072426746,0.003973096056799649,0.007714483637611719,9.999999747378752e-05,0.3558822362949548,0.25573570641442417,0.3517722318100086,0.793724581646745,"{""kernels.0.base_kernel.kernels.0"": [0.3333362233689026, 0.33334456377872346, 0.33333732745949407, 0.3333478393679713, 0.33334096749226494, 0.3333499604725807, 0.3333314298613783, 0.333332031480371, 0.33333879556252555, 0.3333362201284398, 0.3333359206653299, 0.33334446026743936, 0.33333374709761177, 0.3333454688928665, 0.3333380546573475, 0.333335307443494, 0.3333335717852844, 0.33334365743550104], ""kernels.0.base_kernel.kernels.1.base_kernel"": [0.6931481805599428, 0.6931481805599428, 0.6931481805599428], ""kernels.1.base_kernel.kernels.0"": [0.5544078321402458, 0.4198487270441501, 0.5989436260537702, 0.5648872944434951, 0.25573570641442417, 0.7117390318125061, 0.2930839054657992, 0.37019450314743657, 0.570190282499178, 0.48829156693383047, 0.41609770528507084, 0.7068769904181991, 0.2840029445808565, 0.793724581646745, 0.5954683264021865, 0.39363377109752834, 0.4286092515624428, 0.7555414855534003], ""kernels.1.base_kernel.kernels.1"": [0.6931481805599428, 0.6931481805599428, 0.6931481805599428]}","{""kernels.0"": 4.960380104479783e-06, ""kernels.0.base_kernel.kernels.1"": 0.0013904533688990969, ""kernels.1"": 1.066251295135861}",10,5,30,0,15,radius,0,60
160,261.82222419736274,84.49995109796598,0.4996,global,-3.527714271617474,-5.202032761091809,1.6743184894743353,1.1343272830691482,1.3664691302629965,global,,,0.5262457613506738,0.003999511128568232,0.007699504912143428,9.999999747378752e-05,0.34473780104261187,0.231572680955549,0.33795865051760426,0.7495628497887686,"{""kernels.0.base_kernel.kernels.0"": [0.333336320444735, 0.33334266350419134, 0.3333364833319424, 0.3333455890109471, 0.333339716760884, 0.333349071861991, 0.3333312140831746, 0.33333072873241176, 0.33333736810244574, 0.33333569719676437, 0.3333350487389426, 0.33334311002451705, 0.33333441053606366, 0.3333451987969413, 0.3333383431441384, 0.3333347594783626, 0.333333260301005, 0.3333426713072786], ""kernels.0.base_kernel.kernels.1.base_kernel"": [0.6931481805599428, 0.6931481805599428, 0.6931481805599428], ""kernels.1.base_kernel.kernels.0"": [0.525904977755322, 0.4170734880121514, 0.5796846466161673, 0.6112327239553276, 0.231572680955549, 0.6967186034067674, 0.2883154251249357, 0.3796318379936077, 0.5645470876510608, 0.5209347166289234, 0.40793834763088527, 0.7026488883039836, 0.29951182235957835, 0.7447375650865521, 0.6137340175829501, 0.34256822917321755, 0.4241927050795132, 0.7495628497887686], ""kernels.1.base_kernel.kernels.1"": [0.6931481805599428, 0.6931481805599428, 0.6931481805599428]}","{""kernels.0"": 4.959400028004793e-06, ""kernels.0.base_kernel.kernels.1"": 0.0013904532727791457, ""kernels.1"": 1.0328179904550285}",10,5,30,1,15,radius,0,61
161,6814.113980184683,84.49995109796598,0.4982,global,-3.5939557109893148,-5.80506638164987,2.211110670660555,0.9893735000723722,1.355593165795741,global,,,0.5636989637474437,0.003992652054921917,0.007690302184349146,9.999999747378752e-05,0.3413723146576602,0.2345271816630303,0.3361170997883218,0.7627691142441567,"{""kernels.0.base_kernel.kernels.0"": [0.33333629746796767, 0.3333426655441199, 0.3333364813031357, 0.33334577140559984, 0.3333397132917045, 0.3333490188799211, 0.33333117728289496, 0.33333066923391913, 0.33333734786597785, 0.3333357031354723, 0.33333500357024437, 0.33334310054180916, 0.3333343673994523, 0.33334516181438906, 0.33333834817513225, 0.33333478480643747, 0.333333275391931, 0.33334261886132543], ""kernels.0.base_kernel.kernels.1.base_kernel"": [0.6931481805599428, 0.6931481805599428, 0.6931481805599428], ""kernels.1.base_kernel.kernels.0"": [0.528367726592277, 0.40745031040419083, 0.5841321897485502, 0.6110640774258072, 0.2345271816630303, 0.7013518519821095, 0.28493758547667913, 0.3765487061271852, 0.5697390016912499, 0.5233844395896383, 0.3999341331175998, 0.6952029791315094, 0.29785202794167615, 0.7627691142441567, 0.6115468149899871, 0.3388851806967225, 0.42622562652689694, 0.7518826667020543], ""kernels.1.base_kernel.kernels.1"": [0.6931481805599428, 0.6931481805599428, 0.6931481805599428]}","{""kernels.0"": 4.959324134064919e-06, ""kernels.0.base_kernel.kernels.1"": 0.0013904532644782761, ""kernels.1"": 1.0227215313843683}",10,5,30,0,15,radius,0,62
162,3384.506669980817,84.49995109796598,0.4994,global,-3.0454162301437986,-4.600811208223294,1.5553949780794953,1.127544035161485,1.3658410321446455,global,,,0.6591319043719346,0.004088824058890811,0.008010471591539656,9.999999747378752e-05,0.3536875501228544,0.19842262499190277,0.3388705356784095,0.7821017777550439,"{""kernels.0.base_kernel.kernels.0"": [0.33333605766725816, 0.3333432669437054, 0.33333639132413234, 0.33334769806141407, 0.3333392622404066, 0.3333478076339554, 0.33333182082954194, 0.3333319080860235, 0.33333789999944785, 0.33333556209670356, 0.33333527918418077, 0.3333433403691258, 0.33333392679184787, 0.3333449033881185, 0.33333820332236846, 0.33333493732198843, 0.333333102728264, 0.3333414281621792], ""kernels.0.base_kernel.kernels.1.base_kernel"": [0.6931481805599428, 0.6931481805599428, 0.6931481805599428], ""kernels.1.base_kernel.kernels.0"": [0.509235218596454, 0.43278098796243764, 0.5845050935971391, 0.6691374724817923, 0.3443932637228637, 0.5614677537480565, 0.19842262499190277, 0.3267454848802048, 0.60350752573401, 0.5710362311645479, 0.45283946823886334, 0.6955932498332444, 0.24002711371996352, 0.7821017777550439, 0.6092302342280437, 0.3666592245264993, 0.41656694042454684, 0.7014357607716383], ""kernels.1.base_kernel.kernels.1"": [0.6931481805599428, 0.6931481805599428, 0.6931481805599428]}","{""kernels.0"": 4.958922643020283e-06, ""kernels.0.base_kernel.kernels.1"": 0.0013904532188422716, ""kernels.1"": 1.059667238227078}",10,5,30,0,15,radius,0,63
163,410.7955635381991,84.49995109796598,0.4992,global,-2.9347566900971556,-3.701471028133498,0.7667143380363424,0.4275268564037418,1.0325180064352288,global,,,0.6323693589596587,0.004060852224859694,0.00820514764926209,9.999999747378752e-05,0.35531699128605326,0.20240856396662454,0.33610356457804236,0.6931481805599428,"{""kernels.0.base_kernel.kernels.0"": [0.33333548588623735, 0.3333462741004997, 0.33333696526193857, 0.3333495839773521, 0.33334148172839, 0.3333469317165729, 0.3333339775439359, 0.33333299858890325, 0.3333405497503636, 0.33333673236142763, 0.3333360909239484, 0.3333453656433846, 0.3333332607966969, 0.33334199399236575, 0.33333790962327386, 0.3333351646867803, 0.33333338309613253, 0.3333412604620545], ""kernels.0.base_kernel.kernels.1.base_kernel"": [0.6931481805599428, 0.6931481805599428, 0.6931481805599428], ""kernels.1.base_kernel.kernels.0"": [0.45726911619706345, 0.4712982029986232, 0.599707157981405, 0.5875291677743143, 0.5247274635769165, 0.6127720668196305, 0.22179988007155474, 0.20240856396662454, 0.6720622124793288, 0.5273609578671403, 0.3628995225477664, 0.6911177600931087, 0.2606618716271531, 0.666885622672247, 0.584127422755752, 0.33885754517873257, 0.4185430188989707, 0.6900203179922704], ""kernels.1.base_kernel.kernels.1"": [0.6931481805599428, 0.6931481805599428, 0.6931481805599428]}","{""kernels.0"": 4.958197228085705e-06, ""kernels.0.base_kernel.kernels.1"": 0.001390453128438666, ""kernels.1"": 1.0645555625324932}",10,5,30,0,15,radius,0,64
164,373.88763958919645,84.49995109796598,0.4978,global,-3.160293929181441,-4.38648915915475,1.226195229973309,1.6420901866901612,1.4107658497623907,global,,,0.714326800176312,0.004084075578303571,0.008207884831944276,9.999999747378752e-05,0.35852251590597395,0.20200044611233825,0.3369658221113859,0.6931481805599428,"{""kernels.0.base_kernel.kernels.0"": [0.3333354698683697, 0.33334631135752313, 0.33333696633149584, 0.33334956174386554, 0.33334157766137185, 0.33334694380972474, 0.3333339883876302, 0.33333301583787217, 0.3333405942435729, 0.33333676466184453, 0.33333610409531284, 0.3333454027970169, 0.33333325670636044, 0.33334195792985705, 0.3333378995715457, 0.33333518265113526, 0.33333338650282796, 0.33334122693283397], ""kernels.0.base_kernel.kernels.1.base_kernel"": [0.6931481805599428, 0.6931481805599428, 0.6931481805599428], ""kernels.1.base_kernel.kernels.0"": [0.45518967190343823, 0.45992190600729915, 0.5990357447378063, 0.5852242093719655, 0.5231998795506352, 0.609463024819665, 0.22011191955615192, 0.20200044611233825, 0.6700254883724703, 0.5287763630119324, 0.3636234996522077, 0.6917773251074552, 0.259953647496842, 0.6668961815815152, 0.5835846212139357, 0.34058208247890637, 0.41823534223616243, 0.6849998188868128], ""kernels.1.base_kernel.kernels.1"": [0.6931481805599428, 0.6931481805599428, 0.6931481805599428]}","{""kernels.0"": 4.958172376968127e-06, ""kernels.0.base_kernel.kernels.1"": 0.0013904531251622719, ""kernels.1"": 1.0741721364203827}",10,5,30,0,15,radius,1,65
165,280.5274339019792,84.49995109796598,0.5012,global,-3.2964237763005384,-5.1599780335580725,1.863554257257534,1.14372340533293,1.3607132585685893,global,,,0.6865127898958208,0.004101002577186836,0.008206657922375613,9.999999747378752e-05,0.35023401997381964,0.20231173001215633,0.3422051957420219,0.6931481805599428,"{""kernels.0.base_kernel.kernels.0"": [0.3333353982047612, 0.33334643699677025, 0.3333369687469098, 0.33334946144581995, 0.33334194299397457, 0.3333469968085941, 0.33333407174238144, 0.3333331233122629, 0.33334079840761516, 0.33333691460787257, 0.33333609888842075, 0.3333455261374139, 0.33333324536003306, 0.33334172553155095, 0.3333378438375678, 0.3333352704413032, 0.3333334077445875, 0.33334106559689114], ""kernels.0.base_kernel.kernels.1.base_kernel"": [0.6931481805599428, 0.6931481805599428, 0.6931481805599428], ""kernels.1.base_kernel.kernels.0"": [0.44826409846657556, 0.44234018175538536, 0.5964824868186581, 0.5829557252041202, 0.5122523326044495, 0.6048660060873667, 0.21722333201756402, 0.20231173001215633, 0.6627926063050116, 0.5350129951410088, 0.3526595235742838, 0.6906418585366411, 0.2609274475885911, 0.6607489980074606, 0.5797349091429453, 0.3510609300382238, 0.4180422464167755, 0.665391626923351], ""kernels.1.base_kernel.kernels.1"": [0.6931481805599428, 0.6931481805599428, 0.6931481805599428]}","{""kernels.0"": 4.958049573703842e-06, ""kernels.0.base_kernel.kernels.1"": 0.0013904531099116235, ""kernels.1"": 1.0493066487619735}",10,5,30,0,15,radius,0,66
166,355.2406482042022,84.49995109796598,0.499,global,-3.383707145373707,-4.275192427493384,0.8914852821196773,0.6677765149097208,1.3180093675757254,global,,,0.7008172996191453,0.004119516617922855,0.008197223254316387,9.999999747378752e-05,0.34770108689967644,0.19995838216550052,0.33900661170547963,0.6931481805599428,"{""kernels.0.base_kernel.kernels.0"": [0.3333353133927428, 0.33334644568008215, 0.3333369770957111, 0.3333492849328279, 0.3333422388046659, 0.3333469546356663, 0.3333341628156591, 0.33333323879947313, 0.3333409447947097, 0.33333704597834873, 0.3333360457599418, 0.3333456172368577, 0.33333317064408846, 0.3333415032147471, 0.3333377793343654, 0.3333353227355833, 0.3333334176859632, 0.3333408632433574], ""kernels.0.base_kernel.kernels.1.base_kernel"": [0.6931481805599428, 0.6931481805599428, 0.6931481805599428], ""kernels.1.base_kernel.kernels.0"": [0.44331039730849336, 0.44944652336106106, 0.5941479794545532, 0.5809901090412853, 0.5026174550561575, 0.5972667261829638, 0.21296454680713378, 0.19995838216550052, 0.653908364598971, 0.5380327801687199, 0.34466393847813137, 0.6866783307238067, 0.2587578597006793, 0.6584864571968886, 0.5778852248153066, 0.35966202912276624, 0.41627450370851343, 0.6533519188959616], ""kernels.1.base_kernel.kernels.1"": [0.6931481805599428, 0.6931481805599428, 0.6931481805599428]}","{""kernels.0"": 4.957886582110611e-06, ""kernels.0.base_kernel.kernels.1"": 0.0013904530869240305, ""kernels.1"": 1.0417078497255232}",10,5,30,0,15,radius,0,67
167,419.9471737690892,84.49995109796598,0.5022,global,-3.526648639919632,-6.607108756739152,3.0804601168195203,0.886007585453829,1.3566309568123338,global,,,0.6888395432185399,0.004110885325091803,0.008194074015378987,9.999999747378752e-05,0.3451991061232074,0.2003956282403738,0.33911022529940815,0.6931481805599428,"{""kernels.0.base_kernel.kernels.0"": [0.33333530382795384, 0.3333464453158785, 0.33333697906255133, 0.33334926295664297, 0.33334226519244736, 0.33334694473425414, 0.3333341685730817, 0.3333332532844897, 0.3333409558136217, 0.33333706088736886, 0.33333603902332926, 0.3333456266888274, 0.3333331605417024, 0.3333414884393128, 0.33333777108851953, 0.3333353247886367, 0.3333334177079213, 0.33334084226279276], ""kernels.0.base_kernel.kernels.1.base_kernel"": [0.6931481805599428, 0.6931481805599428, 0.6931481805599428], ""kernels.1.base_kernel.kernels.0"": [0.4426689575152707, 0.4488711580169055, 0.5940467126453262, 0.5813543382309814, 0.5030298026926057, 0.596488575479999, 0.2128709628427589, 0.2003956282403738, 0.6535487245605034, 0.5387449300335958, 0.3448711876421734, 0.6869810143905986, 0.2585080733442388, 0.658924342008445, 0.5778279370781428, 0.36042431257625324, 0.4160301743276799, 0.6529646802633966], ""kernels.1.base_kernel.kernels.1"": [0.6931481805599428, 0.6931481805599428, 0.6931481805599428]}","{""kernels.0"": 4.957866949090053e-06, ""kernels.0.base_kernel.kernels.1"": 0.001390453084128095, ""kernels.1"": 1.0342019074185451}",10,5,30,0,15,radius,0,68
168,350.3661125729635,84.49995109796598,0.4982,global,-3.542084473245732,-6.094566927653005,2.5524824544072726,0.7117912391298724,1.2207088423825956,global,,,0.6464565999353916,0.004127346141519885,0.008197200424215102,9.999999747378752e-05,0.3457656357426448,0.200537306593472,0.3375453990006777,0.6931481805599428,"{""kernels.0.base_kernel.kernels.0"": [0.3333352910812031, 0.3333464409646196, 0.3333369860593352, 0.3333492111746635, 0.33334230407145343, 0.33334692709396685, 0.3333341707811663, 0.3333332753513504, 0.3333409694198377, 0.3333370780934736, 0.3333360106073048, 0.33334564110222886, 0.3333331390869446, 0.3333414632517129, 0.33333775809102534, 0.3333353210657772, 0.3333334152323841, 0.3333408039203243], ""kernels.0.base_kernel.kernels.1.base_kernel"": [0.6931481805599428, 0.6931481805599428, 0.6931481805599428], ""kernels.1.base_kernel.kernels.0"": [0.44184026395073417, 0.44474049098099255, 0.5938627055662017, 0.5788540204890709, 0.5020656561237185, 0.5932058355281993, 0.21131760715976233, 0.200537306593472, 0.6518022564679817, 0.5388985153604611, 0.34174158682669187, 0.6864636464503874, 0.2572399186191866, 0.6594830481566344, 0.5775467877612156, 0.35995672092811326, 0.4153390536008856, 0.6515776531742318], ""kernels.1.base_kernel.kernels.1"": [0.6931481805599428, 0.6931481805599428, 0.6931481805599428]}","{""kernels.0"": 4.957836893929376e-06, ""kernels.0.base_kernel.kernels.1"": 0.0013904530796501867, ""kernels.1"": 1.0359014963113902}",10,5,30,2,15,radius,0,69
169,325.31597264862717,84.49995109796598,0.5002,global,-3.6768337231179586,-4.809369913137152,1.1325361900191933,0.8970354145349778,1.3439974268921655,global,,,0.6010811999005159,0.0041400369240132085,0.008193567028388428,9.999999747378752e-05,0.3389519137556502,0.20087171681260557,0.33384002601498863,0.6931481805599428,"{""kernels.0.base_kernel.kernels.0"": [0.33333524475243204, 0.333346447779338, 0.3333370144876957, 0.3333490277085975, 0.3333423953394376, 0.3333467849349188, 0.33333417797729104, 0.3333333494362478, 0.333341039404306, 0.3333371356893984, 0.3333359106042529, 0.3333456845292044, 0.3333330578139453, 0.3333413600276851, 0.33333770741879193, 0.33333530285345886, 0.33333340478669277, 0.3333406530772466], ""kernels.0.base_kernel.kernels.1.base_kernel"": [0.6931481805599428, 0.6931481805599428, 0.6931481805599428], ""kernels.1.base_kernel.kernels.0"": [0.4393383819285423, 0.44064809848810627, 0.5923308903164549, 0.5759224556766774, 0.494623625328669, 0.5785971356973496, 0.20747472500803588, 0.20087171681260557, 0.6477616003097411, 0.5394149387358551, 0.33433102432137984, 0.6851708346137946, 0.2557254261243965, 0.6638925316177933, 0.5760146106911356, 0.3601345965196311, 0.41358158919905225, 0.6449282284853454], ""kernels.1.base_kernel.kernels.1"": [0.6931481805599428, 0.6931481805599428, 0.6931481805599428]}","{""kernels.0"": 4.957721041920803e-06, ""kernels.0.base_kernel.kernels.1"": 0.0013904530629801034, ""kernels.1"": 1.0154603304829286}",10,5,30,0,15,radius,0,70
170,267.0124661110279,84.49995109796598,0.5022,global,-3.715250927972062,-5.957917537131929,2.2426666091598673,0.8738157326921312,1.3966373751879015,global,,,0.7278182480617222,0.0041455912038661025,0.008187659400026198,9.999999747378752e-05,0.3389741079658361,0.20055234797672347,0.3333478400923543,0.6931481805599428,"{""kernels.0.base_kernel.kernels.0"": [0.33333522826260464, 0.3333464325809939, 0.333337019166799, 0.3333489606824916, 0.3333424159153616, 0.33334671950221706, 0.3333341790101632, 0.3333333721869094, 0.3333410339008043, 0.3333371548717674, 0.33333585343578953, 0.3333456906552576, 0.33333303509030127, 0.3333412927154768, 0.33333769152193976, 0.33333529225440156, 0.33333340199481126, 0.3333406068329888], ""kernels.0.base_kernel.kernels.1.base_kernel"": [0.6931481805599428, 0.6931481805599428, 0.6931481805599428], ""kernels.1.base_kernel.kernels.0"": [0.4386333125291381, 0.4406124003392014, 0.5908353715778334, 0.5763231075006647, 0.4930393530627843, 0.5754093840048896, 0.20706358506390954, 0.20055234797672347, 0.645494258203976, 0.5398523160380748, 0.3303544814577105, 0.6844903034540714, 0.256329812728915, 0.664056206621566, 0.5756406347045643, 0.3611824801238933, 0.4132936351725198, 0.6443222151770558], ""kernels.1.base_kernel.kernels.1"": [0.6931481805599428, 0.6931481805599428, 0.6931481805599428]}","{""kernels.0"": 4.957676204708344e-06, ""kernels.0.base_kernel.kernels.1"": 0.0013904530558232263, ""kernels.1"": 1.0155269131654803}",10,5,30,2,15,radius,0,71
171,447.59026352469414,84.49995109796598,0.4968,global,-3.7490799939843424,-4.125898058631666,0.3768180646473236,0.5005128422949185,1.0578878509931124,global,,,0.6760829443656207,0.004135903867933665,0.008176897412523466,9.999999747378752e-05,0.3367033522659572,0.20043167926603278,0.33334780407110465,0.6931481805599428,"{""kernels.0.base_kernel.kernels.0"": [0.3333352196236968, 0.33334642227797234, 0.33333702225252343, 0.33334892604615823, 0.3333424240940086, 0.333346682096051, 0.3333341791319229, 0.3333333824675015, 0.33334103032391016, 0.3333371644869089, 0.3333358247345759, 0.33334569412061904, 0.33333302324619285, 0.3333412598391009, 0.33333768297871036, 0.3333352853840616, 0.33333340051697524, 0.3333405838666579], ""kernels.0.base_kernel.kernels.1.base_kernel"": [0.6931481805599428, 0.6931481805599428, 0.6931481805599428], ""kernels.1.base_kernel.kernels.0"": [0.4383025525498237, 0.44035704508071155, 0.5902969863286327, 0.5766931355699471, 0.49274892429270223, 0.5740398507694628, 0.20713741357774745, 0.20043167926603278, 0.6447426843885073, 0.5403721061393008, 0.32911509091025626, 0.6845403465247942, 0.2565670191036071, 0.6643601822227232, 0.5755876511007711, 0.3616769315409496, 0.41315714892102984, 0.6442199303392533], ""kernels.1.base_kernel.kernels.1"": [0.6931481805599428, 0.6931481805599428, 0.6931481805599428]}","{""kernels.0"": 4.957651723532761e-06, ""kernels.0.base_kernel.kernels.1"": 0.0013904530519536194, ""kernels.1"": 1.0087146460941945}",10,5,30,0,15,radius,0,72
172,317.7491850545291,84.49995109796598,0.5,global,-3.699451090679397,-4.981773688718059,1.2823225980386619,0.6638136915272727,1.2698298458523045,global,,,0.7145818780742272,0.004150009087264047,0.008182219150378572,9.999999747378752e-05,0.33751120684090763,0.20001051287051977,0.3333477599014023,0.6931481805599428,"{""kernels.0.base_kernel.kernels.0"": [0.33333520972352854, 0.3333464105133564, 0.3333370250555571, 0.33334888067339413, 0.3333424288906017, 0.3333466391294104, 0.33333417521450165, 0.33333339392560135, 0.3333410249948426, 0.333337162853495, 0.33333578874364267, 0.3333456972411977, 0.3333330026090032, 0.3333412188547931, 0.33333767369213685, 0.33333527714812267, 0.3333333977401103, 0.3333405581130968], ""kernels.0.base_kernel.kernels.1.base_kernel"": [0.6931481805599428, 0.6931481805599428, 0.6931481805599428], ""kernels.1.base_kernel.kernels.0"": [0.4377151779487562, 0.4393133758165379, 0.5895344071221462, 0.5757442038798675, 0.4918600723760855, 0.5718950831702206, 0.2063634190940224, 0.20001051287051977, 0.6434941030192347, 0.536317404463684, 0.32679521085459573, 0.6840407232298893, 0.2559570036455119, 0.6627786332667424, 0.5751408042292856, 0.36142751141908663, 0.41277749755359583, 0.6434039872459646], ""kernels.1.base_kernel.kernels.1"": [0.6931481805599428, 0.6931481805599428, 0.6931481805599428]}","{""kernels.0"": 4.957625004306716e-06, ""kernels.0.base_kernel.kernels.1"": 0.0013904530475382707, ""kernels.1"": 1.0111382098501802}",10,5,30,0,15,radius,0,73
173,466.23219406928865,84.49995109796598,0.5002,global,-3.7836256104074533,-5.843028665124217,2.059403054716764,0.7250715820370197,1.3727237664769647,global,,,0.7319897484084299,0.004139030816832821,0.008175401053339379,9.999999747378752e-05,0.33465861600902413,0.20014877132595726,0.3333477328003512,0.6931481805599428,"{""kernels.0.base_kernel.kernels.0"": [0.3333352036171279, 0.3333464019605163, 0.333337027085442, 0.33334885339548204, 0.3333424315981626, 0.3333466122052203, 0.3333341742381057, 0.33333340158956953, 0.333341023074154, 0.33333716253390305, 0.33333576855857555, 0.3333456990179501, 0.3333329928024795, 0.333341195835159, 0.333337668198575, 0.3333352744681301, 0.3333333968657134, 0.3333405444728687], ""kernels.0.base_kernel.kernels.1.base_kernel"": [0.6931481805599428, 0.6931481805599428, 0.6931481805599428], ""kernels.1.base_kernel.kernels.0"": [0.4374564346391166, 0.4393195169423222, 0.5891929246266896, 0.5757192729765847, 0.49199190121026976, 0.5711377547029679, 0.20649997032520964, 0.20014877132595726, 0.643184480601386, 0.5342760859299478, 0.3261158885088932, 0.6840635416342578, 0.2565093873943908, 0.6626603913815872, 0.5750412532753757, 0.36199011180559093, 0.4127070305644123, 0.6433825921503776], ""kernels.1.base_kernel.kernels.1"": [0.6931481805599428, 0.6931481805599428, 0.6931481805599428]}","{""kernels.0"": 4.957607629527866e-06, ""kernels.0.base_kernel.kernels.1"": 0.0013904530447446059, ""kernels.1"": 1.0025804373746983}",10,5,30,0,15,radius,0,74
174,16811.42848605254,84.49995109796598,0.4974,global,-3.894842044589633,-5.051836681028257,1.1569946364386237,0.656447681540209,1.18001744883666,global,,,0.6661699418787035,0.0041664785148307635,0.008182262155387372,9.999999747378752e-05,0.3330111660027922,0.197060065151215,0.333347619950438,0.6931481805599428,"{""kernels.0.base_kernel.kernels.0"": [0.3333351805369457, 0.333346354062464, 0.3333370349371926, 0.3333487381977005, 0.3333424308645522, 0.3333465017031755, 0.3333341630307463, 0.33333341066833094, 0.33334101225441887, 0.3333371534977606, 0.33333568478944775, 0.3333456960769507, 0.33333294260171764, 0.3333411097433498, 0.33333765008902605, 0.33333525716051876, 0.3333333928741343, 0.33334048525148957], ""kernels.0.base_kernel.kernels.1.base_kernel"": [0.6931481805599428, 0.6931481805599428, 0.6931481805599428], ""kernels.1.base_kernel.kernels.0"": [0.4360566014341413, 0.43206694718568234, 0.587211440347467, 0.5709262822979736, 0.4888660001774013, 0.566646429143343, 0.20396197771452537, 0.197060065151215, 0.6400685069503993, 0.5243824418948625, 0.3210603109634269, 0.681912544512288, 0.2556786287323164, 0.6618301005362135, 0.5742752052365624, 0.3628117540392354, 0.4122228484169937, 0.6412509134617383], ""kernels.1.base_kernel.kernels.1"": [0.6931481805599428, 0.6931481805599428, 0.6931481805599428]}","{""kernels.0"": 4.957542675964113e-06, ""kernels.0.base_kernel.kernels.1"": 0.0013904530338727601, ""kernels.1"": 0.9976380874318278}",10,5,30,0,15,radius,0,75
175,437.7975591046835,84.49995109796598,0.5002,global,-1.9331517921640051,-6.387528900446436,4.454377108282431,0.8658469791370559,1.222581547320877,global,,,0.5485357879876392,0.0038219980581845293,0.008613948577271185,9.999999747378752e-05,0.38406429088205,0.05422300231943346,0.35528038673998097,0.9268856721647563,"{""kernels.0.base_kernel.kernels.0"": [0.33333405763772334, 0.3333734420791121, 0.33334245188837036, 0.333357837442369, 0.33334988789147635, 0.3333441401308573, 0.333335686822615, 0.33333175618305844, 0.333344317973428, 0.333336810715215, 0.3333355716911407, 0.33334797973788327, 0.33334027867069704, 0.3333419197613774, 0.33333890007346184, 0.33333889734881644, 0.33333294578201295, 0.33334166138215393], ""kernels.0.base_kernel.kernels.1.base_kernel"": [0.6931481805599428, 0.6931481805599428, 0.6931481805599428], ""kernels.1.base_kernel.kernels.0"": [0.05422300231943346, 0.9268856721647563, 0.685023984697281, 0.8418988693128621, 0.6562887972403061, 0.698131242245091, 0.32801407847510644, 0.15259915795572593, 0.5511939348291205, 0.5300443095406054, 0.37718733140084976, 0.7253043398849929, 0.5391287862964301, 0.909133881057689, 0.6487387084916714, 0.865836643770258, 0.5163555024356719, 0.7452908336775094], ""kernels.1.base_kernel.kernels.1"": [0.6931481805599428, 0.6931481805599428, 0.6931481805599428]}","{""kernels.0"": 4.954631733847273e-06, ""kernels.0.base_kernel.kernels.1"": 0.0013904528104379985, ""kernels.1"": 1.1507974652039783}",10,5,30,0,15,radius,0,76
176,244.54203945834107,84.49995109796598,0.5006,local,-2.233711809691677,-4.770578045722008,2.536866236030331,0.23376251614061386,0.6907083962339579,radius,,,0.3369154494797091,0.00388988935548674,0.00861618029277607,9.999999747378752e-05,0.3984769032498763,0.05418155699456545,0.35230312888883714,0.9156139310555711,"{""kernels.0.base_kernel.kernels.0"": [0.33333407007986227, 0.3333735900407371, 0.33334228823451273, 0.33335779447696406, 0.33334982277203834, 0.33334438735690397, 0.33333569007137986, 0.3333318464159603, 0.33334420110778773, 0.33333675747788494, 0.33333559261297496, 0.333348006001216, 0.3333400592713105, 0.3333420277267728, 0.33333888827187536, 0.33333885780808414, 0.3333328825811995, 0.3333417370518852], ""kernels.0.base_kernel.kernels.1.base_kernel"": [0.6931481805599428, 0.6931481805599428, 0.6931481805599428], ""kernels.1.base_kernel.kernels.0"": [0.05418155699456545, 0.9156139310555711, 0.6741116286427351, 0.8427737838953909, 0.6532684084128716, 0.6848563697061508, 0.3159225875184615, 0.15288248886727862, 0.5434166044315897, 0.5244652498070429, 0.3712326677369372, 0.7243872035040243, 0.5166770996753755, 0.9065118735653119, 0.6486557188233526, 0.8489967465415202, 0.5100409628180086, 0.7427986783451448], ""kernels.1.base_kernel.kernels.1"": [0.6931481805599428, 0.6931481805599428, 0.6931481805599428]}","{""kernels.0"": 4.954596468126029e-06, ""kernels.0.base_kernel.kernels.1"": 0.0013904528083146003, ""kernels.1"": 1.194035302344846}",10,5,30,1,15,radius,0,77
177,353.124243353204,84.49995109796598,0.4966,global,-2.5945252168859576,-4.560575537610448,1.9660503207244902,0.5893774049309803,1.120732553938878,global,,,0.6695977907455329,0.003937082879751004,0.008603327346156077,9.999999747378752e-05,0.3774842416722981,0.0539790417267837,0.35134904128731803,0.9144345002140206,"{""kernels.0.base_kernel.kernels.0"": [0.3333343834574927, 0.3333705291450374, 0.3333413381249241, 0.33335739773808926, 0.3333494858457462, 0.3333453342989762, 0.33333557224003907, 0.3333324201785536, 0.33334289076994256, 0.333336648917607, 0.33333568632652766, 0.333347883779872, 0.3333391091216714, 0.3333425168377749, 0.3333387414303448, 0.3333385518404729, 0.3333326114073355, 0.333342143716335], ""kernels.0.base_kernel.kernels.1.base_kernel"": [0.6931481805599428, 0.6931481805599428, 0.6931481805599428], ""kernels.1.base_kernel.kernels.0"": [0.0539790417267837, 0.6673528607726088, 0.6331665358691195, 0.8433903057693474, 0.6784227356749492, 0.6244769655967356, 0.26892961366838136, 0.16932781684718434, 0.4993292909269763, 0.5356615232028112, 0.3693275534295986, 0.7365792191274908, 0.469366183912791, 0.9144345002140206, 0.648788780527298, 0.76873980185961, 0.49188312411008944, 0.7784414792205956], ""kernels.1.base_kernel.kernels.1"": [0.6931481805599428, 0.6931481805599428, 0.6931481805599428]}","{""kernels.0"": 4.954421934881636e-06, ""kernels.0.base_kernel.kernels.1"": 0.0013904527952224232, ""kernels.1"": 1.131057317799737}",10,5,30,0,15,radius,0,78
178,168.59645917986046,84.49995109796598,0.4994,global,-2.302341487508245,-5.87432805311816,3.571986565609915,0.7325876538714003,1.2028847503477023,global,,,0.2705925079957392,0.003984984085294806,0.00859809958797302,9.999999747378752e-05,0.3794155955701453,0.053918440240413874,0.34276284991683004,0.9032548279278666,"{""kernels.0.base_kernel.kernels.0"": [0.3333344567523833, 0.3333693673773185, 0.33334107939769464, 0.33335713030032865, 0.33334925856220815, 0.3333456751193566, 0.33333570233596815, 0.3333325991403739, 0.3333424573014222, 0.3333365514138344, 0.3333356520180134, 0.3333477013979476, 0.33333863895543736, 0.33334261954559596, 0.33333870504980395, 0.3333383522719988, 0.33333251862107055, 0.3333423045152039], ""kernels.0.base_kernel.kernels.1.base_kernel"": [0.6931481805599428, 0.6931481805599428, 0.6931481805599428], ""kernels.1.base_kernel.kernels.0"": [0.053918440240413874, 0.6752216348451965, 0.6361677789431778, 0.8298374823999743, 0.6691452421686318, 0.6279516650202611, 0.26583503834761446, 0.1679597511768787, 0.49018051975147553, 0.5278466216802931, 0.3521563324563416, 0.7236294856364044, 0.4448481120754481, 0.9032548279278666, 0.6407100278939087, 0.7380647701053256, 0.48339829446344235, 0.7778946973420146], ""kernels.1.base_kernel.kernels.1"": [0.6931481805599428, 0.6931481805599428, 0.6931481805599428]}","{""kernels.0"": 4.954345428604339e-06, ""kernels.0.base_kernel.kernels.1"": 0.001390452788913796, ""kernels.1"": 1.1368513795760935}",10,5,30,1,15,radius,0,79
179,167.64447014930505,84.49995109796598,0.4994,local,-2.480046936916956,-4.62324297792298,2.143196041006024,0.1926124406024843,0.943433282228556,radius,,,0.25833203476858946,0.004060119605107684,0.008583254100799052,9.999999747378752e-05,0.3759310173034551,0.053847093736252336,0.33336101100835036,0.8930118084314362,"{""kernels.0.base_kernel.kernels.0"": [0.333334774217549, 0.3333658151397896, 0.3333407166220352, 0.33335620687691114, 0.33334887643930805, 0.3333460111704273, 0.333335830580382, 0.3333328990580736, 0.3333416434724084, 0.3333363658817065, 0.333335380233957, 0.33334701982820397, 0.33333816712887265, 0.3333426633333843, 0.33333865302429566, 0.3333380288525794, 0.33333230461246555, 0.3333411820724254], ""kernels.0.base_kernel.kernels.1.base_kernel"": [0.6931481805599428, 0.6931481805599428, 0.6931481805599428], ""kernels.1.base_kernel.kernels.0"": [0.053847093736252336, 0.5964697893512864, 0.6501374049587497, 0.8114148622351248, 0.6739325415924178, 0.6521476562660621, 0.25364875752851956, 0.17568091067665823, 0.47145184271782326, 0.5310694373546951, 0.3235156950264119, 0.7125449743456056, 0.4273080417944104, 0.8930118084314362, 0.6293390138393539, 0.7039014179486287, 0.47478906676908533, 0.7094489877093584], ""kernels.1.base_kernel.kernels.1"": [0.6931481805599428, 0.6931481805599428, 0.6931481805599428]}","{""kernels.0"": 4.954269036419153e-06, ""kernels.0.base_kernel.kernels.1"": 0.0013904527791206076, ""kernels.1"": 1.1263976448622082}",10,5,30,1,15,radius,0,80
180,298.90260601768847,84.49995109796598,0.499,global,-3.0085087794739023,-4.90572094309038,1.8972121636164774,1.4474009919162985,1.3873984319137842,global,,,0.7196814871784231,0.0040982053932570005,0.008568243067143233,9.999999747378752e-05,0.36097890176160535,0.053719666501751695,0.3333549143542315,0.8652403748854326,"{""kernels.0.base_kernel.kernels.0"": [0.3333356489911938, 0.33335866943462683, 0.33334007422024514, 0.33335115927383613, 0.3333475581212789, 0.3333468867055456, 0.33333627870989146, 0.33333346654520646, 0.3333399707939152, 0.33333578194087016, 0.333335148698055, 0.3333449105956673, 0.3333373318677289, 0.3333429431085176, 0.33333849906841784, 0.33333733026329826, 0.33333199296972693, 0.33333508223948743], ""kernels.0.base_kernel.kernels.1.base_kernel"": [0.6931481805599428, 0.6931481805599428, 0.6931481805599428], ""kernels.1.base_kernel.kernels.0"": [0.053719666501751695, 0.6229836732223045, 0.6727551697604827, 0.7074663482266875, 0.6607377111899131, 0.6965619025327158, 0.2620582163502714, 0.19296846770719267, 0.41418603709884816, 0.492952236925661, 0.31604499911737954, 0.681806902620258, 0.4098362599430843, 0.8652403748854326, 0.612833304615389, 0.6491065674724417, 0.4630491345068667, 0.5234559775479297], ""kernels.1.base_kernel.kernels.1"": [0.6931481805599428, 0.6931481805599428, 0.6931481805599428]}","{""kernels.0"": 4.954186757232437e-06, ""kernels.0.base_kernel.kernels.1"": 0.0013904527573350021, ""kernels.1"": 1.0815412983407238}",10,5,30,1,15,radius,0,81
181,366.2474361253445,84.49995109796598,0.4996,global,-3.0969779791604295,-4.687746664390801,1.5907686852303713,0.920281829033747,1.3381432802261328,global,,,0.630173436901857,0.004050269412793191,0.008558586310434482,9.999999747378752e-05,0.35915485617106063,0.05363062144165643,0.33652052052252834,0.8342768061375525,"{""kernels.0.base_kernel.kernels.0"": [0.33333582277662915, 0.33335523939325507, 0.3333399155890482, 0.33334950914165584, 0.3333472211096906, 0.3333473176559792, 0.33333624605627327, 0.3333336493413565, 0.33333949630836035, 0.3333357386769081, 0.33333507991370914, 0.33334443573800826, 0.333336839885266, 0.3333429334038569, 0.3333384392151101, 0.3333369097541987, 0.3333319874111361, 0.3333334165289878], ""kernels.0.base_kernel.kernels.1.base_kernel"": [0.6931481805599428, 0.6931481805599428, 0.6931481805599428], ""kernels.1.base_kernel.kernels.0"": [0.05363062144165643, 0.6273672534394511, 0.6686602131988462, 0.7276205264289557, 0.6693137519574821, 0.6621891716414862, 0.2636919904875542, 0.1912559634045516, 0.4275230305330291, 0.48399231370635387, 0.3396858016518017, 0.7095905783827744, 0.4039723604175771, 0.8342768061375525, 0.6083124925375564, 0.6271499120627742, 0.4633124516124287, 0.5090349211615841], ""kernels.1.base_kernel.kernels.1"": [0.6931481805599428, 0.6931481805599428, 0.6931481805599428]}","{""kernels.0"": 4.954081065694242e-06, ""kernels.0.base_kernel.kernels.1"": 0.001390452739743719, ""kernels.1"": 1.0760691616923723}",10,5,30,0,15,radius,1,82
182,87.27951105880078,84.49995109796598,0.5018,local,-2.936690647540569,-4.60427550883292,1.667584861292351,0.17185683753150915,0.6357027074053552,radius,,,0.211430015946266,0.004073328193284476,0.008554295856862631,9.999999747378752e-05,0.36406144107238475,0.053619665623720086,0.3354983171783633,0.8313303357740094,"{""kernels.0.base_kernel.kernels.0"": [0.3333358417051151, 0.33335492529163324, 0.3333398998999024, 0.3333493638792216, 0.33334718386309525, 0.33334734584513565, 0.33333624351148583, 0.33333367220517496, 0.33333945276965515, 0.3333357347815435, 0.3333350672673377, 0.3333443584788332, 0.3333367880401185, 0.33334292515287833, 0.3333384373861185, 0.3333368458041842, 0.3333319834748584, 0.33333324896280336], ""kernels.0.base_kernel.kernels.1.base_kernel"": [0.6931481805599428, 0.6931481805599428, 0.6931481805599428], ""kernels.1.base_kernel.kernels.0"": [0.053619665623720086, 0.6242668460757581, 0.6684223171482515, 0.7266359580975033, 0.6676641152224156, 0.6614131674111638, 0.2634939759797447, 0.1900209400800828, 0.42675674539024167, 0.48232650209964467, 0.33764170906509344, 0.7066455352734016, 0.3999568865026376, 0.8313303357740094, 0.6074785031375879, 0.6236938801607352, 0.4626654221959527, 0.5051828787611776], ""kernels.1.base_kernel.kernels.1"": [0.6931481805599428, 0.6931481805599428, 0.6931481805599428]}","{""kernels.0"": 4.954071373674811e-06, ""kernels.0.base_kernel.kernels.1"": 0.0013904527377330827, ""kernels.1"": 1.0907889164080475}",10,5,30,4,15,radius,0,83
183,704.0794972893458,84.49995109796598,0.5008,global,-3.2854227020059557,-6.234489961119083,2.9490672591131273,0.5154909816283781,1.2823120941395705,global,,,0.6231772726982998,0.0040928898611909134,0.008549853130770082,9.999999747378752e-05,0.35027740669140717,0.05356920879124765,0.3333491480204326,0.8018723331602868,"{""kernels.0.base_kernel.kernels.0"": [0.3333360659675396, 0.33335060689462864, 0.33333967686622157, 0.3333474893178168, 0.3333466784442154, 0.33334768914623647, 0.3333362099826161, 0.33333400755955017, 0.33333890454723786, 0.3333357616552453, 0.33333494548638726, 0.333343364088961, 0.3333361330251027, 0.33334284135551034, 0.3333383973959746, 0.3333360452214136, 0.33333195816471334, 0.3333310918265109], ""kernels.0.base_kernel.kernels.1.base_kernel"": [0.6931481805599428, 0.6931481805599428, 0.6931481805599428], ""kernels.1.base_kernel.kernels.0"": [0.05356920879124765, 0.5984845835471584, 0.6668348187455101, 0.7312370056320245, 0.6600660621629124, 0.6641656151259877, 0.27508157295045954, 0.18526497031360795, 0.4345295339731866, 0.47436607367216427, 0.32765518777910113, 0.6824083398146826, 0.36413689378623293, 0.8018723331602868, 0.5982989609721121, 0.5886366713710655, 0.4557755381062884, 0.47173222767368983], ""kernels.1.base_kernel.kernels.1"": [0.6931481805599428, 0.6931481805599428, 0.6931481805599428]}","{""kernels.0"": 4.953911332512473e-06, ""kernels.0.base_kernel.kernels.1"": 0.001390452708437192, ""kernels.1"": 1.0494368134544518}",10,5,30,1,15,radius,0,84
184,109.61832884249066,84.49995109796598,0.5006,global,-3.172225524776952,-6.517702010824202,3.3454764860472497,0.514260592216985,1.192914743177452,global,,,0.22794098684838546,0.0041214615215041115,0.008573218175053295,9.999999747378752e-05,0.355465458473974,0.05356002767702596,0.3333490469086382,0.8003592537318948,"{""kernels.0.base_kernel.kernels.0"": [0.3333360733681729, 0.3333503997674772, 0.3333396356127936, 0.3333473529851966, 0.333346647242415, 0.33334769404979925, 0.3333361723214339, 0.3333340235320231, 0.3333388805507947, 0.3333357641939496, 0.3333349393636851, 0.33334331417540664, 0.33333609521032737, 0.3333427823094787, 0.33333840277397975, 0.3333360144967829, 0.3333319653450041, 0.33333097492605707], ""kernels.0.base_kernel.kernels.1.base_kernel"": [0.6931481805599428, 0.6931481805599428, 0.6931481805599428], ""kernels.1.base_kernel.kernels.0"": [0.05356002767702596, 0.5992688036738292, 0.6625704112551964, 0.728675608877539, 0.660767163433801, 0.6635316640850406, 0.2734911203387927, 0.18522838627534807, 0.43757235230982244, 0.47210777016258565, 0.32754856322108905, 0.6841379351592571, 0.36282040315508146, 0.8003592537318948, 0.5971417370709108, 0.5868731754350992, 0.4546452679552795, 0.46958833946318107], ""kernels.1.base_kernel.kernels.1"": [0.6931481805599428, 0.6931481805599428, 0.6931481805599428]}","{""kernels.0"": 4.953898203957729e-06, ""kernels.0.base_kernel.kernels.1"": 0.001390452705654472, ""kernels.1"": 1.0650009688180635}",10,5,30,0,15,radius,0,85
185,247.58336794845968,84.49995109796598,0.4986,global,-3.4005907352387426,-6.954834308190481,3.5542435729517385,0.5721205358280642,1.105985406930235,global,,,0.6176397344741734,0.004095224320495103,0.008563081914651887,9.999999747378752e-05,0.35177002359057385,0.05354938410368885,0.33334892450785747,0.7999200719510147,"{""kernels.0.base_kernel.kernels.0"": [0.3333360945640632, 0.33335012738965425, 0.33333955848518987, 0.33334711518548404, 0.333346534222298, 0.3333477216260607, 0.33333612511236904, 0.3333340495108212, 0.3333388439959993, 0.33333576620357774, 0.3333349543774016, 0.3333432228084528, 0.3333360574504444, 0.3333427124347304, 0.33333840789603697, 0.333335976309343, 0.3333319741555204, 0.3333307900830684], ""kernels.0.base_kernel.kernels.1.base_kernel"": [0.6931481805599428, 0.6931481805599428, 0.6931481805599428], ""kernels.1.base_kernel.kernels.0"": [0.05354938410368885, 0.6047692092450242, 0.6581212711924611, 0.7256802762783363, 0.6635978641616816, 0.6654976474521205, 0.27372966475272, 0.18673016795342265, 0.4436758252977944, 0.47038320260274663, 0.3309797393625493, 0.6877364626909499, 0.36325172001703937, 0.7999200719510147, 0.596060944514021, 0.5869231026481398, 0.45345331503261677, 0.4656140989665318], ""kernels.1.base_kernel.kernels.1"": [0.6931481805599428, 0.6931481805599428, 0.6931481805599428]}","{""kernels.0"": 4.95387780970506e-06, ""kernels.0.base_kernel.kernels.1"": 0.0013904527015743602, ""kernels.1"": 1.0539146641923376}",10,5,30,0,15,radius,0,86
186,895.8576776409816,84.49995109796598,0.5002,global,-3.465670190788617,-4.700337437388838,1.234667246600221,0.6650068184529297,1.2861816161921993,global,,,0.6941369959683086,0.004104351940386627,0.00855049542035941,9.999999747378752e-05,0.35550882439937714,0.0535410323759694,0.33334884799470843,0.7985342150336175,"{""kernels.0.base_kernel.kernels.0"": [0.33333610948945, 0.3333499658104173, 0.33333951411352714, 0.3333469691042154, 0.33334646710625987, 0.3333477301789995, 0.333336091682725, 0.3333340598867633, 0.33333881733242143, 0.3333357628409598, 0.3333349571341258, 0.3333431612677314, 0.3333360320511192, 0.3333426655322198, 0.333338412366969, 0.3333359449339692, 0.3333319770508457, 0.33333067459320964], ""kernels.0.base_kernel.kernels.1.base_kernel"": [0.6931481805599428, 0.6931481805599428, 0.6931481805599428], ""kernels.1.base_kernel.kernels.0"": [0.0535410323759694, 0.6050750353488359, 0.6558391051737363, 0.7225469013594796, 0.6635204251190665, 0.664962049242222, 0.2727529745596057, 0.1861913743123588, 0.4454220780792033, 0.4684245971688362, 0.33114517084592715, 0.6878990393141206, 0.36209239742264765, 0.7985342150336175, 0.5954433558195136, 0.5856996219322262, 0.4525979378892621, 0.4622053114663255], ""kernels.1.base_kernel.kernels.1"": [0.6931481805599428, 0.6931481805599428, 0.6931481805599428]}","{""kernels.0"": 4.9538674785058245e-06, ""kernels.0.base_kernel.kernels.1"": 0.0013904526991503161, ""kernels.1"": 1.0651310666315026}",10,5,30,1,15,radius,0,87
187,59212.82485799477,84.49995109796598,0.4992,global,-3.4670935636528473,-6.865994724214441,3.3989011605615937,0.7353558596372999,1.2277659137977222,global,,,0.6914892967552818,0.004138027828136662,0.008587763462361293,9.999999747378752e-05,0.3572935891292222,0.05350905356576659,0.33334840219067596,0.7698456007517479,"{""kernels.0.base_kernel.kernels.0"": [0.3333361671067537, 0.3333490458379319, 0.33333926246802187, 0.3333461972395335, 0.33334607632931845, 0.33334775854341997, 0.33333586870865206, 0.33333411930652307, 0.33333869985621706, 0.3333356081924099, 0.33333492383323565, 0.3333428417920739, 0.3333358656034979, 0.33334257880649615, 0.33333842831772803, 0.333335777561665, 0.3333320083786613, 0.33333010550717823], ""kernels.0.base_kernel.kernels.1.base_kernel"": [0.6931481805599428, 0.6931481805599428, 0.6931481805599428], ""kernels.1.base_kernel.kernels.0"": [0.05350905356576659, 0.6082252822568611, 0.6447411379842447, 0.7071179888246353, 0.6659793710115329, 0.6684136008280634, 0.26797994918583407, 0.19085137949722275, 0.4667514779223007, 0.4369384988189811, 0.331213941560586, 0.6937093556234183, 0.3556986899321843, 0.7698456007517479, 0.5900891434178497, 0.5805799024713567, 0.44800198852266354, 0.44922830073621056], ""kernels.1.base_kernel.kernels.1"": [0.6931481805599428, 0.6931481805599428, 0.6931481805599428]}","{""kernels.0"": 4.9537954215265615e-06, ""kernels.0.base_kernel.kernels.1"": 0.001390452684624982, ""kernels.1"": 1.0704853609076201}",10,5,30,0,15,radius,0,88
188,168.1964509876709,84.49995109796598,0.4994,global,-2.4099223174820184,-4.870720793975525,2.4607984764935065,0.578063161367264,1.2734905034187927,global,,,0.8205405202650865,0.004314967188307113,0.009219095014013834,9.999999747378752e-05,0.41443886708155464,0.05312440752878652,0.33334798521813425,0.8244195670960651,"{""kernels.0.base_kernel.kernels.0"": [0.33333599830722516, 0.333348938574211, 0.3333390352695719, 0.3333463216764428, 0.33334657106681415, 0.3333470318620575, 0.33333552372649716, 0.33333455091086656, 0.33333886063846563, 0.33333588393092267, 0.3333351287276654, 0.33334321676055906, 0.33333586504509066, 0.3333416716717604, 0.33333831803534736, 0.3333359339934147, 0.33333223966827663, 0.3333305200882265], ""kernels.0.base_kernel.kernels.1.base_kernel"": [0.6931481805599428, 0.6931481805599428, 0.6931481805599428], ""kernels.1.base_kernel.kernels.0"": [0.05312440752878652, 0.8154589847968607, 0.662892438520856, 0.8244195670960651, 0.7148869099002679, 0.6547678628741166, 0.2912580739782109, 0.2458196038250722, 0.4837308110388019, 0.41745074963396905, 0.3888282209413962, 0.7619937076331241, 0.29553673418202464, 0.6358414023331618, 0.5694935424006696, 0.5490302513695928, 0.44961153743872234, 0.4895996277143366], ""kernels.1.base_kernel.kernels.1"": [0.6931481805599428, 0.6931481805599428, 0.6931481805599428]}","{""kernels.0"": 4.9536650306989615e-06, ""kernels.0.base_kernel.kernels.1"": 0.0013904526664764575, ""kernels.1"": 1.2419211949131568}",10,5,30,1,15,radius,0,89
189,1586.2488878088557,84.49995109796598,0.5002,global,-2.4616714897024763,-4.3628396312300985,1.9011681415276223,0.36981704943302746,1.0678227857483218,global,,,0.8182714942301738,0.004272663951542691,0.009203615102705552,9.999999747378752e-05,0.4211914328990594,0.0523547836714998,0.3333477906630793,0.8184830315732278,"{""kernels.0.base_kernel.kernels.0"": [0.33333622177578337, 0.3333474819185678, 0.33333853719870005, 0.33334668877199397, 0.3333480994075908, 0.3333455309836282, 0.33333393619352275, 0.3333347253142888, 0.333339162698138, 0.3333364326568903, 0.33333581902541887, 0.33334286797044993, 0.3333366414622152, 0.33334037519926, 0.3333378844970296, 0.33333520010836404, 0.3333327213229298, 0.33332980326614886], ""kernels.0.base_kernel.kernels.1.base_kernel"": [0.6931481805599428, 0.6931481805599428, 0.6931481805599428], ""kernels.1.base_kernel.kernels.0"": [0.0523547836714998, 0.6723067512899296, 0.6908419970373356, 0.8184830315732278, 0.7093008078993412, 0.6687072965044163, 0.31484612975311865, 0.31207499754068063, 0.5478898452030855, 0.3411194829813737, 0.4529920220382364, 0.7421693707940601, 0.30728050132615115, 0.6067036180918347, 0.5135888281991672, 0.41347992224260005, 0.4459829073534244, 0.49363303748981086], ""kernels.1.base_kernel.kernels.1"": [0.6931481805599428, 0.6931481805599428, 0.6931481805599428]}","{""kernels.0"": 4.953294772968595e-06, ""kernels.0.base_kernel.kernels.1"": 0.001390452626202502, ""kernels.1"": 1.2621788927762028}",10,5,30,0,15,radius,0,90
190,198.1472950030087,84.49995109796598,0.4986,global,-2.614266332162286,-4.327776052337987,1.7135097201757015,0.5802543110623234,1.1854334637400712,global,,,0.6997249703943073,0.004344429195680359,0.009273795703495237,9.999999747378752e-05,0.4239743177262391,0.052303193916915125,0.3333472176667678,0.8391130505548275,"{""kernels.0.base_kernel.kernels.0"": [0.3333362091681655, 0.33334747262412157, 0.33333850778483953, 0.333346962709414, 0.33334821939310444, 0.3333454108988185, 0.33333376033509965, 0.333334632661832, 0.3333391703889569, 0.3333364294583348, 0.33333588120665353, 0.3333428667499335, 0.33333663833464483, 0.33334023900403464, 0.3333378235637258, 0.33333520653151477, 0.3333327449671084, 0.3333298797024752], ""kernels.0.base_kernel.kernels.1.base_kernel"": [0.6931481805599428, 0.6931481805599428, 0.6931481805599428], ""kernels.1.base_kernel.kernels.0"": [0.052303193916915125, 0.695950747334729, 0.6867572525783844, 0.8391130505548275, 0.7097518805541312, 0.6706343291591035, 0.29626802442936095, 0.29805528730136066, 0.5522689590844503, 0.32832819573403765, 0.4509581387023443, 0.7433068922854768, 0.2907980842283038, 0.5917804661730258, 0.5078129706993573, 0.401171032897257, 0.4432260825892552, 0.49931820648094993], ""kernels.1.base_kernel.kernels.1"": [0.6931481805599428, 0.6931481805599428, 0.6931481805599428]}","{""kernels.0"": 4.953249962544023e-06, ""kernels.0.base_kernel.kernels.1"": 0.001390452621565506, ""kernels.1"": 1.2705275473071893}",10,5,30,1,15,radius,1,91
191,206.7351897709038,84.49995109796598,0.4978,global,-2.6744811184117254,-3.4391242151017374,0.764643096690012,0.4839745802622791,0.9201278633531181,global,,,0.7680857681902447,0.004288922000667012,0.009257828991848526,9.999999747378752e-05,0.4107321655494837,0.05228605343949242,0.3333472645732674,0.8460424130950329,"{""kernels.0.base_kernel.kernels.0"": [0.3333362089074485, 0.33334747371535484, 0.3333384915571622, 0.33334705543118, 0.33334824301342453, 0.3333453943162287, 0.3333337320715758, 0.33333461538066617, 0.3333391754991617, 0.333336434799544, 0.33333591116481265, 0.3333428613801917, 0.3333366477103106, 0.33334020668486236, 0.3333378004829329, 0.33333521633365104, 0.3333327528356021, 0.3333299079504451], ""kernels.0.base_kernel.kernels.1.base_kernel"": [0.6931481805599428, 0.6931481805599428, 0.6931481805599428], ""kernels.1.base_kernel.kernels.0"": [0.05228605343949242, 0.7037659782096386, 0.6856834348410118, 0.8460424130950329, 0.7123818611858729, 0.6766622683403127, 0.2965946427739389, 0.29718196862254065, 0.5563010361627825, 0.32873571174010024, 0.4540605821484929, 0.7455044293238057, 0.2919688809724603, 0.5930447948055961, 0.5070097251546072, 0.39995366378998853, 0.44271931419412686, 0.5042832421641181], ""kernels.1.base_kernel.kernels.1"": [0.6931481805599428, 0.6931481805599428, 0.6931481805599428]}","{""kernels.0"": 4.953230541184632e-06, ""kernels.0.base_kernel.kernels.1"": 0.0013904526196752982, ""kernels.1"": 1.2308010907982345}",10,5,30,0,15,radius,0,92
192,403.87788224220276,84.49995109796598,0.4996,global,-2.7892607086840977,-3.7598266256553177,0.97056591697122,1.463382587768487,1.4019544927015803,global,,,0.8303446338221907,0.004312675288248785,0.009242633546113387,9.999999747378752e-05,0.41369050906669447,0.052235168007261835,0.33334731049990163,0.8542058167298758,"{""kernels.0.base_kernel.kernels.0"": [0.33333623038096055, 0.33334739491517534, 0.33333843326290524, 0.33334722608462797, 0.3333482859989391, 0.3333453217712956, 0.33333361431527725, 0.33333454577435606, 0.3333391451174342, 0.33333643147843295, 0.3333359599578075, 0.3333427820090876, 0.33333666254440597, 0.3333401065264967, 0.3333377437513451, 0.33333521947700623, 0.3333327591361869, 0.3333298840968819], ""kernels.0.base_kernel.kernels.1.base_kernel"": [0.6931481805599428, 0.6931481805599428, 0.6931481805599428], ""kernels.1.base_kernel.kernels.0"": [0.052235168007261835, 0.7072102324395191, 0.6807091590731533, 0.8542058167298758, 0.7116649926466452, 0.683061005117448, 0.28729085450272396, 0.28742290802838477, 0.5576393300357314, 0.3210646423678273, 0.45377185419656546, 0.7436740695986641, 0.28535406876207303, 0.5902556078217578, 0.5021740325167934, 0.3895008437511168, 0.4395866729425873, 0.5071569769147033], ""kernels.1.base_kernel.kernels.1"": [0.6931481805599428, 0.6931481805599428, 0.6931481805599428]}","{""kernels.0"": 4.953187160189566e-06, ""kernels.0.base_kernel.kernels.1"": 0.0013904526143561713, ""kernels.1"": 1.239676121398567}",10,5,30,0,15,radius,0,93
193,294.3776903381589,84.49995109796598,0.5028,global,-2.8033332697038515,-3.967994569085418,1.1646612993815664,0.7707824941970274,1.1906183122673752,global,,,0.7269864777377044,0.004278835522837046,0.009237892322266409,9.999999747378752e-05,0.4044505789129433,0.05221806943988855,0.333347332832008,0.8578692183496471,"{""kernels.0.base_kernel.kernels.0"": [0.3333362375245918, 0.33334737518281904, 0.33333840985522767, 0.333347290481197, 0.3333482903732209, 0.3333453119154508, 0.3333335914815753, 0.33333453340876606, 0.33333913899489265, 0.33333643525224516, 0.3333359846582271, 0.33334275497580046, 0.33333667339666495, 0.333340075189619, 0.33333772239993376, 0.33333522814331407, 0.33333276246010657, 0.33332988550871756], ""kernels.0.base_kernel.kernels.1.base_kernel"": [0.6931481805599428, 0.6931481805599428, 0.6931481805599428], ""kernels.1.base_kernel.kernels.0"": [0.05221806943988855, 0.7092298977468638, 0.6794723114282647, 0.8578692183496471, 0.7133046530050647, 0.6870484051403737, 0.2876041503410654, 0.2866281086751167, 0.5598694230379069, 0.32123338272076113, 0.4562105531818153, 0.7443863437403527, 0.2865590898191577, 0.5918470548903964, 0.5011565166967733, 0.38801994023846975, 0.43888193503623957, 0.5102020571212462], ""kernels.1.base_kernel.kernels.1"": [0.6931481805599428, 0.6931481805599428, 0.6931481805599428]}","{""kernels.0"": 4.953169131919033e-06, ""kernels.0.base_kernel.kernels.1"": 0.0013904526123417259, ""kernels.1"": 1.2119563309573562}",10,5,30,0,15,radius,0,94
194,870.902714949973,84.49995109796598,0.5002,global,-2.877148337945533,-4.229077541947578,1.3519292040020447,0.6077319103075782,1.3114756618476717,global,,,0.7712360618976613,0.004302173157895868,0.009226389060884821,9.999999747378752e-05,0.4070457116232296,0.052179175371063924,0.3333473323107929,0.8598071407187641,"{""kernels.0.base_kernel.kernels.0"": [0.33333626343521, 0.3333472874880608, 0.3333383508398462, 0.33334737713352497, 0.333348267771577, 0.3333452727893805, 0.33333351600506883, 0.33333450339052734, 0.3333391020933148, 0.3333364320842813, 0.33333599499538374, 0.33334265469515406, 0.33333668390545396, 0.3333400137420918, 0.3333376790637332, 0.3333352362363635, 0.33333276208277207, 0.33332983409062156], ""kernels.0.base_kernel.kernels.1.base_kernel"": [0.6931481805599428, 0.6931481805599428, 0.6931481805599428], ""kernels.1.base_kernel.kernels.0"": [0.052179175371063924, 0.7058241688023463, 0.675565639155614, 0.8598071407187641, 0.7100197421264489, 0.6899280892913965, 0.2819910319615478, 0.2822069095727967, 0.5587308351647827, 0.31690040840272243, 0.4517706102331516, 0.7409854892140546, 0.2832506716028685, 0.5941683490483525, 0.4957271580681058, 0.3810409543196427, 0.43629215919900227, 0.5114626261593835], ""kernels.1.base_kernel.kernels.1"": [0.6931481805599428, 0.6931481805599428, 0.6931481805599428]}","{""kernels.0"": 4.95313626560502e-06, ""kernels.0.base_kernel.kernels.1"": 0.0013904526079418146, ""kernels.1"": 1.2197417291254815}",10,5,30,2,15,radius,1,95
195,472.7728082478742,84.49995109796598,0.499,global,-2.9909072206620833,-3.548349264926287,0.5574420442642039,1.0242392897991566,1.2224309004817617,global,,,0.7754778708033039,0.004291207983214825,0.009253823595607698,9.999999747378752e-05,0.39454164927221475,0.052132468345439525,0.33334735310737074,0.8626201552934589,"{""kernels.0.base_kernel.kernels.0"": [0.3333362942374197, 0.3333472488318361, 0.3333382340704707, 0.33334745738290533, 0.3333482224536805, 0.3333452888431966, 0.33333345783895385, 0.3333344774802246, 0.33333906405709307, 0.3333363621371492, 0.3333360127095799, 0.33334251886927946, 0.3333366864302231, 0.3333399351003195, 0.33333763371148545, 0.33333527709734245, 0.3333327625267055, 0.3333298220742959], ""kernels.0.base_kernel.kernels.1.base_kernel"": [0.6931481805599428, 0.6931481805599428, 0.6931481805599428], ""kernels.1.base_kernel.kernels.0"": [0.052132468345439525, 0.7064017184145034, 0.6697649782096593, 0.8626201552934589, 0.71181922942381, 0.6938710588687531, 0.277978504754664, 0.28166766069748134, 0.5597555796490395, 0.30930316146419135, 0.44852342644395293, 0.741755571339568, 0.28273140900560223, 0.6017398887222751, 0.49050697909939656, 0.37684681173369855, 0.4334819338212382, 0.5207332748773619], ""kernels.1.base_kernel.kernels.1"": [0.6931481805599428, 0.6931481805599428, 0.6931481805599428]}","{""kernels.0"": 4.953090624953802e-06, ""kernels.0.base_kernel.kernels.1"": 0.001390452602188325, ""kernels.1"": 1.182229542123831}",10,5,30,0,15,radius,0,96
196,238.1258845675239,84.49995109796598,0.5012,global,-2.980097161419375,-6.961380087312503,3.981282925893128,0.6518675451624865,1.1801792069772972,global,,,0.601800497902812,0.004323710322183035,0.00925403261092136,9.999999747378752e-05,0.40029822333312426,0.05211666571168047,0.3333473387425264,0.8612090461563994,"{""kernels.0.base_kernel.kernels.0"": [0.33333630979918033, 0.33334721745814766, 0.3333381937231588, 0.33334746002690524, 0.33334819407275684, 0.3333452884031479, 0.3333334346645049, 0.3333344645204406, 0.3333390382269776, 0.3333363335188861, 0.3333360071000026, 0.3333424555451213, 0.33333668092397195, 0.3333399090537892, 0.3333376163789467, 0.3333352874981664, 0.3333327580121211, 0.33332978800455687], ""kernels.0.base_kernel.kernels.1.base_kernel"": [0.6931481805599428, 0.6931481805599428, 0.6931481805599428], ""kernels.1.base_kernel.kernels.0"": [0.05211666571168047, 0.7026653579559389, 0.6677964920987188, 0.8612090461563994, 0.710317394733739, 0.692703342807735, 0.2749694983501023, 0.27953263652842353, 0.5579890623410451, 0.30527653920007225, 0.4461986039356769, 0.739993462077615, 0.28024747024867436, 0.6021195973615827, 0.48789323089543746, 0.37385456860060284, 0.43213690576890945, 0.5198913969890342], ""kernels.1.base_kernel.kernels.1"": [0.6931481805599428, 0.6931481805599428, 0.6931481805599428]}","{""kernels.0"": 4.95307830820718e-06, ""kernels.0.base_kernel.kernels.1"": 0.0013904526002339066, ""kernels.1"": 1.1994992643208306}",10,5,30,2,15,radius,0,97
197,335.32909523655593,84.49995109796598,0.5004,global,-3.100231862233673,-3.9677303370457295,0.8674984748120567,1.2013869339724235,1.384149818474831,global,,,0.784028321536813,0.004371327161026344,0.009239868992357176,9.999999747378752e-05,0.365458367660986,0.05170861203652988,0.33334602782814404,0.8606573631170037,"{""kernels.0.base_kernel.kernels.0"": [0.3333366331055302, 0.333346500985317, 0.3333370310739685, 0.3333477146536171, 0.33334734292185225, 0.3333455546709711, 0.3333331139953815, 0.33333428073618004, 0.3333385355215908, 0.3333356389085123, 0.33333592780151516, 0.3333408835071798, 0.33333644836230447, 0.3333392917848456, 0.3333371467011051, 0.3333357534185675, 0.3333326196450156, 0.333329292026896], ""kernels.0.base_kernel.kernels.1.base_kernel"": [0.6931481805599428, 0.6931481805599428, 0.6931481805599428], ""kernels.1.base_kernel.kernels.0"": [0.05170861203652988, 0.6324397017696721, 0.6239499776116467, 0.8606573631170037, 0.7298314126508533, 0.7225181861832981, 0.2620757229897508, 0.2803846317824542, 0.5715977626608659, 0.23325558060470164, 0.43318635762888363, 0.7346059341230321, 0.26239817820361877, 0.6159089438041324, 0.437952370655668, 0.3299824608360078, 0.40573436836698545, 0.5540076922433677], ""kernels.1.base_kernel.kernels.1"": [0.6931481805599428, 0.6931481805599428, 0.6931481805599428]}","{""kernels.0"": 4.952665625574299e-06, ""kernels.0.base_kernel.kernels.1"": 0.0013904525432566267, ""kernels.1"": 1.0949796977740758}",10,5,30,0,15,radius,0,98
198,233.6789743730033,84.49995109796598,0.5024,global,-3.086516381427166,-4.821878150566252,1.735361769139086,0.6055963003326698,1.3028395813636573,global,,,0.7883645542376639,0.004312844277910341,0.00923020636605098,9.999999747378752e-05,0.3781313692666761,0.05160443340544071,0.33334639696051616,0.8894792835144245,"{""kernels.0.base_kernel.kernels.0"": [0.3333367662764816, 0.33334616603948547, 0.33333681633710394, 0.33334800863240016, 0.33334662788154684, 0.3333458125687371, 0.33333298428482083, 0.3333342926723253, 0.3333383341667832, 0.33333556599655456, 0.333335765586769, 0.3333400213282156, 0.3333364522089711, 0.3333391378607286, 0.333337002140953, 0.3333360655407927, 0.33333259975140156, 0.3333292456845924], ""kernels.0.base_kernel.kernels.1.base_kernel"": [0.6931481805599428, 0.6931481805599428, 0.6931481805599428], ""kernels.1.base_kernel.kernels.0"": [0.05160443340544071, 0.6779714771687327, 0.6370519596897836, 0.8894792835144245, 0.7312743579101911, 0.7605864612232064, 0.2828400233489503, 0.31652639784007963, 0.5945577259129945, 0.21671708298078932, 0.45379003068655355, 0.7216042362866891, 0.27959659636450784, 0.6049050267758155, 0.4346411073142273, 0.3624967904404312, 0.40920796228520784, 0.5709042265278808], ""kernels.1.base_kernel.kernels.1"": [0.6931481805599428, 0.6931481805599428, 0.6931481805599428]}","{""kernels.0"": 4.95252018038129e-06, ""kernels.0.base_kernel.kernels.1"": 0.0013904525181110791, ""kernels.1"": 1.132998702761737}",10,5,30,0,15,radius,0,99
199,402.63654129950567,84.49995109796598,0.4976,global,-2.979644521300074,-3.536939508757398,0.5572949874573236,0.7891726467392568,1.3202055457576625,global,,,0.7198595527192555,0.004365353151055864,0.009216028581999618,9.999999747378752e-05,0.3871255276754418,0.05159158100515766,0.33334633357418963,0.8878108400582009,"{""kernels.0.base_kernel.kernels.0"": [0.3333367922498777, 0.3333461006803797, 0.3333367971836069, 0.33334805730556766, 0.33334656646799954, 0.3333458266119431, 0.33333290771454543, 0.33333425940553035, 0.33333826375173087, 0.33333554985091224, 0.3333357370189461, 0.3333399262743031, 0.33333646028386815, 0.33333915547999854, 0.3333369839232291, 0.33333608867764103, 0.3333325969509724, 0.33332920262368904], ""kernels.0.base_kernel.kernels.1.base_kernel"": [0.6931481805599428, 0.6931481805599428, 0.6931481805599428], ""kernels.1.base_kernel.kernels.0"": [0.05159158100515766, 0.6658452455704148, 0.6372678243714937, 0.8878108400582009, 0.7305438075384884, 0.7585235730172878, 0.2793306529877044, 0.31697233787734974, 0.591756325267819, 0.2081976904102974, 0.45271154089423615, 0.7200871221404961, 0.27678625116175637, 0.6030123101234139, 0.4328876570869863, 0.36429115105077364, 0.4098741510626197, 0.5688676906629603], ""kernels.1.base_kernel.kernels.1"": [0.6931481805599428, 0.6931481805599428, 0.6931481805599428]}","{""kernels.0"": 4.952502713118947e-06, ""kernels.0.base_kernel.kernels.1"": 0.0013904525155123853, ""kernels.1"": 1.1599811780081}",10,5,30,0,15,radius,0,100
200,207.5276062982108,84.49995109796598,0.4992,global,-3.076804519868674,-4.348944318055106,1.2721397981864322,0.5196137915656583,1.09473645831594,global,,,0.6615258004216709,0.004330522184121566,0.009210878232576913,9.999999747378752e-05,0.37543639219796826,0.051579791516690426,0.3333463038702844,0.8907973043449003,"{""kernels.0.base_kernel.kernels.0"": [0.3333368066786256, 0.33334609847020263, 0.3333367878254669, 0.33334814990958844, 0.3333465092703662, 0.333345869064401, 0.33333285580992084, 0.3333342374862928, 0.33333821144535164, 0.33333554686964206, 0.3333357193248831, 0.33333985424887114, 0.3333364575969217, 0.33333918874676816, 0.3333369650954064, 0.33333611663933516, 0.3333325984986168, 0.33332921850464453], ""kernels.0.base_kernel.kernels.1.base_kernel"": [0.6931481805599428, 0.6931481805599428, 0.6931481805599428], ""kernels.1.base_kernel.kernels.0"": [0.051579791516690426, 0.6652922010096999, 0.6386124858000775, 0.8907973043449003, 0.7329428849619319, 0.761945907132727, 0.28126119169868713, 0.3201179526180796, 0.5923583533385517, 0.20443808343309786, 0.4551001601453135, 0.720241749807265, 0.2768781304356688, 0.6058001057888349, 0.4324869316860183, 0.36971358697681445, 0.41122738470253206, 0.571986048314125], ""kernels.1.base_kernel.kernels.1"": [0.6931481805599428, 0.6931481805599428, 0.6931481805599428]}","{""kernels.0"": 4.952478755672969e-06, ""kernels.0.base_kernel.kernels.1"": 0.0013904525123376835, ""kernels.1"": 1.1249137716028115}",10,5,30,1,15,radius,0,101
201,317.8178132146089,84.49995109796598,0.499,global,-3.042173328588949,-3.783152753146748,0.740979424557799,1.0028534533986482,1.2925418590836195,global,,,0.6624092172863392,0.004371436746398578,0.00919609878322144,9.999999747378752e-05,0.38206970424234893,0.05156705339692307,0.3333462458482391,0.8906171293268815,"{""kernels.0.base_kernel.kernels.0"": [0.3333368319089243, 0.33334605906326104, 0.33333677375156756, 0.333348219674572, 0.3333464326332171, 0.3333458954549682, 0.3333327775229828, 0.33333420288923815, 0.33333813114578986, 0.3333355398490488, 0.3333356809842462, 0.3333397379071332, 0.3333364496725506, 0.33333922102276886, 0.33333694875059455, 0.33333614161613717, 0.3333325918234588, 0.33332919248324006], ""kernels.0.base_kernel.kernels.1.base_kernel"": [0.6931481805599428, 0.6931481805599428, 0.6931481805599428], ""kernels.1.base_kernel.kernels.0"": [0.05156705339692307, 0.6591927482376807, 0.6388925846549752, 0.8906171293268815, 0.7322549610541603, 0.7620430462853659, 0.2791765842511166, 0.3205188853420176, 0.5896958135230231, 0.19721084628788757, 0.4538443693004344, 0.716949459756657, 0.27341295808988997, 0.6055693357600751, 0.43088213900937294, 0.3726499439318768, 0.4116397008804762, 0.5714457999853666], ""kernels.1.base_kernel.kernels.1"": [0.6931481805599428, 0.6931481805599428, 0.6931481805599428]}","{""kernels.0"": 4.95245872604393e-06, ""kernels.0.base_kernel.kernels.1"": 0.001390452508933111, ""kernels.1"": 1.1448137077593876}",10,5,30,0,15,radius,0,102
202,257.9849748833289,84.49995109796598,0.5018,global,-3.1209000620343446,-4.7579082061468885,1.637008144112544,0.9927882531246558,1.3967368902641362,global,,,0.7626862373222385,0.00433862624712893,0.009185614189119486,9.999999747378752e-05,0.3723249523762111,0.05155552907201047,0.3333462125060456,0.8937064006377551,"{""kernels.0.base_kernel.kernels.0"": [0.3333368471573389, 0.33334605315896493, 0.3333367640229954, 0.3333483329589214, 0.3333463718531263, 0.3333459270624188, 0.3333327041863349, 0.3333341786867011, 0.33333808058922554, 0.3333355393958392, 0.33333564657702475, 0.3333396477552477, 0.3333364515637907, 0.33333925107035905, 0.3333369308116697, 0.3333361731238161, 0.33333258797254833, 0.33332920984834713], ""kernels.0.base_kernel.kernels.1.base_kernel"": [0.6931481805599428, 0.6931481805599428, 0.6931481805599428], ""kernels.1.base_kernel.kernels.0"": [0.05155552907201047, 0.6581085993343541, 0.6398325051165373, 0.8937064006377551, 0.7346297700673944, 0.7642935103791914, 0.2802660291245028, 0.3235403580032861, 0.5902278953260004, 0.19397248400055203, 0.4557140676534423, 0.7161443599038458, 0.2755343321190247, 0.6068671997637792, 0.4306883597307069, 0.3785149827695933, 0.412431200466386, 0.5752143111450976], ""kernels.1.base_kernel.kernels.1"": [0.6931481805599428, 0.6931481805599428, 0.6931481805599428]}","{""kernels.0"": 4.952434712036036e-06, ""kernels.0.base_kernel.kernels.1"": 0.0013904525055463233, ""kernels.1"": 1.115579452188375}",10,5,30,0,15,radius,0,103
203,146.23173466836522,84.49995109796598,0.4998,global,-3.1862732404539225,-4.333613589190181,1.1473403487362583,0.39001295637271244,1.0498526690054415,global,,,0.2319042927795165,0.004377899238951978,0.00917250985815051,9.999999747378752e-05,0.37874972685293434,0.05154276855506998,0.3333461534446195,0.8937453352376342,"{""kernels.0.base_kernel.kernels.0"": [0.3333368718375842, 0.3333460153321163, 0.3333367484601714, 0.3333484278671622, 0.33334629155712264, 0.33334594249731186, 0.3333326072990402, 0.3333341419655926, 0.3333380025336189, 0.33333553300861984, 0.333335590984187, 0.3333395184327634, 0.33333644784806327, 0.33333927877374686, 0.3333369139327587, 0.33333620134992614, 0.333332576675877, 0.3333291897070663], ""kernels.0.base_kernel.kernels.1.base_kernel"": [0.6931481805599428, 0.6931481805599428, 0.6931481805599428], ""kernels.1.base_kernel.kernels.0"": [0.05154276855506998, 0.6517669672778877, 0.6397881286383552, 0.8937453352376342, 0.7341823545605944, 0.7635115226708578, 0.27814616815377113, 0.32379915423658484, 0.5875233954875109, 0.18752825708021675, 0.45435320278052843, 0.7123371898824458, 0.2739536188871765, 0.6051136533001168, 0.4294643629290469, 0.3820815886263324, 0.4124782575333443, 0.5756863922028198], ""kernels.1.base_kernel.kernels.1"": [0.6931481805599428, 0.6931481805599428, 0.6931481805599428]}","{""kernels.0"": 4.952413742200717e-06, ""kernels.0.base_kernel.kernels.1"": 0.0013904525019397677, ""kernels.1"": 1.1348537756431212}",10,5,30,0,15,radius,0,104
204,131.127439199654,84.49995109796598,0.5002,global,-2.753776344504674,-5.621457818942351,2.867681474437677,0.7128854902678872,1.3326406285856103,global,,,0.20540346945569302,0.004524078885164121,0.009158211370217557,9.999999747378752e-05,0.36421809475004335,0.051445389801269045,0.33334681725518855,0.8175859798622643,"{""kernels.0.base_kernel.kernels.0"": [0.333337243934284, 0.3333451071563373, 0.33333678953204016, 0.33334803633824345, 0.3333452855323763, 0.3333455981721336, 0.3333316469091977, 0.3333337633188607, 0.33333753627750584, 0.33333562838559533, 0.33333503361110123, 0.3333379879888792, 0.33333644877320306, 0.3333399209102781, 0.33333687857182803, 0.33333671590539377, 0.33333238245653574, 0.3333274182176956], ""kernels.0.base_kernel.kernels.1.base_kernel"": [0.6931481805599428, 0.6931481805599428, 0.6931481805599428], ""kernels.1.base_kernel.kernels.0"": [0.051445389801269045, 0.539189521551348, 0.6387791574703953, 0.8175859798622643, 0.7113801690225776, 0.7907407426560134, 0.2817210314861004, 0.3486448601513681, 0.5832723150998527, 0.1548273904181322, 0.4684386812679671, 0.690667668900247, 0.28773486196765774, 0.6353437566004383, 0.4406677985130171, 0.46207977785052007, 0.4161332200634103, 0.4861651600312595], ""kernels.1.base_kernel.kernels.1"": [0.6931481805599428, 0.6931481805599428, 0.6931481805599428]}","{""kernels.0"": 4.952248488530542e-06, ""kernels.0.base_kernel.kernels.1"": 0.0013904524685850134, ""kernels.1"": 1.0912588795330567}",10,5,30,1,15,radius,0,105
205,216.51021674847172,84.49995109796598,0.4992,global,-2.628738369561077,-3.8966632220069477,1.2679248524458706,1.2405803881102953,1.389610425572296,global,,,0.6251456623795344,0.004531233221236771,0.009145515772754928,9.999999747378752e-05,0.37135882683014726,0.05140021735767178,0.333345442717912,0.8025410981167622,"{""kernels.0.base_kernel.kernels.0"": [0.33333742794984766, 0.3333454091468597, 0.3333366719405181, 0.33334459557073803, 0.33334497026501864, 0.3333454762889644, 0.3333312032628283, 0.33333354125246717, 0.3333373745136778, 0.33333565944392024, 0.33333489551407963, 0.33333683515286916, 0.33333648957167794, 0.333340411703155, 0.333336887635525, 0.33333696918060796, 0.3333323085889411, 0.33332698350417067], ""kernels.0.base_kernel.kernels.1.base_kernel"": [0.6931481805599428, 0.6931481805599428, 0.6931481805599428], ""kernels.1.base_kernel.kernels.0"": [0.05140021735767178, 0.7014011295030573, 0.6373366779398585, 0.7185878118478497, 0.7078791069033604, 0.8025410981167622, 0.3033488054042671, 0.35784471805873413, 0.5945018117073636, 0.14053487720776114, 0.4794570288136018, 0.6602936618407526, 0.30456406071620395, 0.626014291448326, 0.4536835626540641, 0.5018117726950512, 0.4221888409407566, 0.4491795282595394], ""kernels.1.base_kernel.kernels.1"": [0.6931481805599428, 0.6931481805599428, 0.6931481805599428]}","{""kernels.0"": 4.952188154867134e-06, ""kernels.0.base_kernel.kernels.1"": 0.0013904524504439494, ""kernels.1"": 1.1126810758518428}",12,3,36,0,9,radius,0,106
206,359.57857094902903,84.49995109796598,0.4994,global,-3.113814170160677,-4.37720442641507,1.263390256254393,1.0665721279178297,1.3540346542692647,global,,,0.7566131988894615,0.004568412818960509,0.00913079034917107,9.999999747378752e-05,0.36522563100801814,0.051354448547219086,0.33394835296537473,0.7685534278704563,"{""kernels.0.base_kernel.kernels.0"": [0.3333375389603305, 0.33334571504654015, 0.33333662324257535, 0.33334264016009835, 0.3333449269645369, 0.333344986468739, 0.3333304164062337, 0.33333327858095746, 0.33333722171527885, 0.3333356544874538, 0.3333346928519046, 0.3333362361700692, 0.33333661511862855, 0.33334089734082833, 0.3333368917459393, 0.3333374032701679, 0.3333322488008051, 0.333326888513051], ""kernels.0.base_kernel.kernels.1.base_kernel"": [0.6931481805599428, 0.6931481805599428, 0.6931481805599428], ""kernels.1.base_kernel.kernels.0"": [0.051354448547219086, 0.6270671275830098, 0.6279296558764664, 0.7000685634938068, 0.723699438787287, 0.7685534278704563, 0.2895833580188192, 0.37469999468796356, 0.5987100717094368, 0.13232771391717296, 0.48536073253888035, 0.6569647534182727, 0.3345509908842093, 0.6531175551155551, 0.4683768942561723, 0.571091720810163, 0.4362343567534685, 0.44596917401364305], ""kernels.1.base_kernel.kernels.1"": [0.6931481805599428, 0.6931481805599428, 0.6931481805599428]}","{""kernels.0"": 4.952108749645854e-06, ""kernels.0.base_kernel.kernels.1"": 0.001390452431230213, ""kernels.1"": 1.0942814884840746}",12,3,36,0,9,radius,0,107
207,269.62383140687564,84.49995109796598,0.499,global,-2.555705045248425,-8.051646403709007,5.495941358460582,1.0766695008427503,1.3647658794070503,global,,,0.609093019549387,0.004696989328650329,0.00912234849896266,9.999999747378752e-05,0.35382524445836355,0.05112764465299566,0.35926498040201515,0.8489885747049463,"{""kernels.0.base_kernel.kernels.0"": [0.3333378137389323, 0.33334876701594524, 0.33333663707465927, 0.33333502440260293, 0.3333444606348393, 0.3333432473057231, 0.33332735370247324, 0.3333322001797961, 0.3333364149588162, 0.3333354130319474, 0.33333342459660237, 0.33333337705075994, 0.33333792330544887, 0.3333439858522439, 0.33333722348156924, 0.3333411971178086, 0.3333317471803234, 0.3333268968492328], ""kernels.0.base_kernel.kernels.1.base_kernel"": [0.6931481805599428, 0.6931481805599428, 0.6931481805599428], ""kernels.1.base_kernel.kernels.0"": [0.05112764465299566, 0.7013380170518092, 0.6266792190484641, 0.714442488717804, 0.7132671999322865, 0.7357235765158271, 0.3026655749582442, 0.3851811937880851, 0.5611035590015475, 0.09412391624746114, 0.44866275891703516, 0.6268714989114389, 0.5296391347986236, 0.7293041618843856, 0.6013917030947012, 0.8489885747049463, 0.5104136910138752, 0.45528863560379246], ""kernels.1.base_kernel.kernels.1"": [0.6931481805599428, 0.6931481805599428, 0.6931481805599428]}","{""kernels.0"": 4.9515190804339635e-06, ""kernels.0.base_kernel.kernels.1"": 0.001390452310318031, ""kernels.1"": 1.0600803295456922}",12,3,36,0,9,radius,0,108
208,575.6940952891877,84.49995109796598,0.4976,global,-3.0786304372508537,-4.254120503995837,1.1754900667449837,0.9302205993733803,1.2856052571945569,global,,,0.7364873757765,0.004671192643069159,0.009109749964222707,9.999999747378752e-05,0.3599313800550059,0.05108798131253894,0.36748744214518536,0.7750689710707884,"{""kernels.0.base_kernel.kernels.0"": [0.33333775258461884, 0.33334927062387504, 0.33333678072988127, 0.3333351342419894, 0.3333446191179044, 0.3333433723690288, 0.33332706722933236, 0.33333232596309426, 0.33333632442880706, 0.33333535972157835, 0.3333333833755016, 0.33333396717438646, 0.33333836318618865, 0.33334442339196024, 0.33333759093880305, 0.33334249624367784, 0.3333314257578955, 0.3333268620741795], ""kernels.0.base_kernel.kernels.1.base_kernel"": [0.6931481805599428, 0.6931481805599428, 0.6931481805599428], ""kernels.1.base_kernel.kernels.0"": [0.05108798131253894, 0.704286787308064, 0.633452776216281, 0.7273275146605932, 0.7003226947069175, 0.7435909245583459, 0.3100377430046941, 0.40162561366649563, 0.5327592158384784, 0.10130796338334466, 0.4155734538021554, 0.6546066798985861, 0.5075037203907183, 0.7502021500524243, 0.6316517624679606, 0.7750689710707884, 0.5031275863088658, 0.4500839500155361], ""kernels.1.base_kernel.kernels.1"": [0.6931481805599428, 0.6931481805599428, 0.6931481805599428]}","{""kernels.0"": 4.951322902281765e-06, ""kernels.0.base_kernel.kernels.1"": 0.0013904522770897927, ""kernels.1"": 1.0783987365650256}",12,3,36,0,9,radius,0,109
209,110.09036126408898,84.49995109796598,0.499,local,-2.6353410929448478,-4.868494571541728,2.23315347859688,0.16827044757569043,0.9454359065654753,radius,,,0.23763825171919056,0.004691311673012537,0.009116867753218842,9.999999747378752e-05,0.36290642533268197,0.051083590195697304,0.3665391268029925,0.7716907946718207,"{""kernels.0.base_kernel.kernels.0"": [0.3333377447140455, 0.3333493038095031, 0.3333367976834066, 0.33333515511319406, 0.3333446516375814, 0.33334337345363774, 0.3333270314291586, 0.33333232790731343, 0.33333631734343194, 0.33333535599375164, 0.33333339287291347, 0.33333401532406287, 0.33333837616006756, 0.3333444256723544, 0.33333761888576585, 0.3333425724320856, 0.33333140522524046, 0.3333268657763946], ""kernels.0.base_kernel.kernels.1.base_kernel"": [0.6931481805599428, 0.6931481805599428, 0.6931481805599428], ""kernels.1.base_kernel.kernels.0"": [0.051083590195697304, 0.7021638370351023, 0.6336260195290245, 0.7268680907455093, 0.7014936987408937, 0.7414542782955936, 0.3093346196407719, 0.3997289497964818, 0.5316939341850973, 0.1011781542623722, 0.415148265692, 0.6556048263325823, 0.5048279235970066, 0.7408343531374997, 0.6310263859083132, 0.7716907946718207, 0.5022846946524122, 0.44696567687977834], ""kernels.1.base_kernel.kernels.1"": [0.6931481805599428, 0.6931481805599428, 0.6931481805599428]}","{""kernels.0"": 4.951302560265174e-06, ""kernels.0.base_kernel.kernels.1"": 0.0013904522735917468, ""kernels.1"": 1.0873238724218939}",12,3,36,1,9,radius,0,110
210,474.33501326122587,84.49995109796598,0.4974,global,-3.1909517205417277,-5.54063255799147,2.3496808374497427,0.5644108644580073,1.2453205491989896,global,,,0.7641603050019702,0.004689240135450006,0.009107222292761993,9.999999747378752e-05,0.357530671497367,0.0510590446723521,0.3635514729829596,0.7576842547447603,"{""kernels.0.base_kernel.kernels.0"": [0.3333378110926971, 0.3333493376225739, 0.3333368735894564, 0.33333459979519714, 0.3333438639388422, 0.3333436685013258, 0.3333268403815829, 0.3333322593736478, 0.3333362041632653, 0.3333353767878278, 0.3333334803732699, 0.3333337463600046, 0.3333384740409402, 0.33334449029017044, 0.33333778803242275, 0.333343032488386, 0.3333312777157657, 0.3333267571258485], ""kernels.0.base_kernel.kernels.1.base_kernel"": [0.6931481805599428, 0.6931481805599428, 0.6931481805599428], ""kernels.1.base_kernel.kernels.0"": [0.0510590446723521, 0.7101767744490043, 0.6364619152767523, 0.692217524129761, 0.7026322095148317, 0.7435148553071783, 0.31061799817152796, 0.3937536083433453, 0.5307012946810231, 0.10257772264515425, 0.41889396454062966, 0.6601678828148778, 0.49284245949346733, 0.7039306348765432, 0.6263892801922382, 0.7576842547447603, 0.4979327438934778, 0.4159702266416679], ""kernels.1.base_kernel.kernels.1"": [0.6931481805599428, 0.6931481805599428, 0.6931481805599428]}","{""kernels.0"": 4.951194871097358e-06, ""kernels.0.base_kernel.kernels.1"": 0.0013904522526328581, ""kernels.1"": 1.0711966110445972}",12,3,36,0,9,radius,1,111
211,85.48346874725135,84.49995109796598,0.5004,global,-3.137340860861392,-4.762297922258753,1.6249570613973612,1.224842847644008,1.3472465163752296,global,,,0.1114845163208484,0.00470074676580685,0.009107450081015399,9.999999747378752e-05,0.3570766782496397,0.051046457324912746,0.3609167613725568,0.7546652161275217,"{""kernels.0.base_kernel.kernels.0"": [0.33333780675583774, 0.33334939408883496, 0.33333691503988594, 0.3333347293136129, 0.33334361002911095, 0.3333437481844015, 0.3333267712576725, 0.3333322359826458, 0.33333620720227286, 0.3333353846126985, 0.33333348934851137, 0.3333336875751727, 0.3333384848610813, 0.33334440928797165, 0.3333378583498465, 0.3333431703900255, 0.33333124113777396, 0.33332690972060774], ""kernels.0.base_kernel.kernels.1.base_kernel"": [0.6931481805599428, 0.6931481805599428, 0.6931481805599428], ""kernels.1.base_kernel.kernels.0"": [0.051046457324912746, 0.707514185339262, 0.6352899170368241, 0.7043504849254444, 0.7072193006396132, 0.7390037214590477, 0.29692102132268605, 0.3884841286562787, 0.5318197115138745, 0.10359856358107056, 0.4092601363303048, 0.6624596310497486, 0.4839423829490352, 0.6994357313194248, 0.6227306113472992, 0.7546652161275217, 0.4949952212708973, 0.415732221712339], ""kernels.1.base_kernel.kernels.1"": [0.6931481805599428, 0.6931481805599428, 0.6931481805599428]}","{""kernels.0"": 4.951134905361058e-06, ""kernels.0.base_kernel.kernels.1"": 0.001390452241146679, ""kernels.1"": 1.069834631372867}",12,3,36,0,9,radius,0,112
212,353.5089699822126,84.49995109796598,0.4984,global,-3.2330343686949456,-4.6051080855753455,1.3720737168803998,1.173378534177499,1.3969443901043777,global,,,0.7033267785284704,0.004680469343756373,0.00910405221482655,9.999999747378752e-05,0.3537271307765895,0.05101900670357015,0.3536383733521226,0.7383157945945292,"{""kernels.0.base_kernel.kernels.0"": [0.33333782631919, 0.3333494744241911, 0.33333698105900283, 0.3333347148414431, 0.3333430190782346, 0.33334395832649777, 0.3333269221386658, 0.33333221925457907, 0.333336246478453, 0.3333354139186937, 0.33333352087255497, 0.3333334501397323, 0.33333849460406634, 0.3333442143877199, 0.33333798871259696, 0.33334342160934, 0.33333114738045455, 0.333327153034668], ""kernels.0.base_kernel.kernels.1.base_kernel"": [0.6931481805599428, 0.6931481805599428, 0.6931481805599428], ""kernels.1.base_kernel.kernels.0"": [0.05101900670357015, 0.6958265454567018, 0.6325048009469943, 0.7019158236569842, 0.7155364193540091, 0.7289725061463918, 0.29938820898731466, 0.3739272722800541, 0.5368259119214376, 0.10740640222940742, 0.40611649008313383, 0.6636256935972641, 0.46737466720168525, 0.6801531201788017, 0.613551036213865, 0.7383157945945292, 0.48699514521263176, 0.40785821981564374], ""kernels.1.base_kernel.kernels.1"": [0.6931481805599428, 0.6931481805599428, 0.6931481805599428]}","{""kernels.0"": 4.9509883092697965e-06, ""kernels.0.base_kernel.kernels.1"": 0.0013904522118029401, ""kernels.1"": 1.0597859891296564}",12,3,36,1,9,radius,0,113
213,458.5570652226171,84.49995109796598,0.4998,global,-3.372258410971889,-6.7817976714302315,3.4095392604583425,1.53799086579188,1.4085357861200825,global,,,0.530638819745456,0.004615763331528717,0.009096794123055153,9.999999747378752e-05,0.35611533497236086,0.0508738604612249,0.3396407863800507,0.7406431678552144,"{""kernels.0.base_kernel.kernels.0"": [0.33333774562784263, 0.33334949833373223, 0.33333710511753667, 0.3333352692473631, 0.3333411197668076, 0.3333442372075143, 0.3333278208703299, 0.33333235089130586, 0.33333686038994553, 0.3333355820412046, 0.33333366208702264, 0.33333274418248054, 0.33333788914935664, 0.3333429454752976, 0.3333380976067108, 0.33334306592787855, 0.3333311086822642, 0.33332849021205996], ""kernels.0.base_kernel.kernels.1.base_kernel"": [0.6931481805599428, 0.6931481805599428, 0.6931481805599428], ""kernels.1.base_kernel.kernels.0"": [0.0508738604612249, 0.6649499520338515, 0.6302672446452006, 0.70951633660178, 0.7406431678552144, 0.7320464192331344, 0.2938091231303052, 0.3459320744263692, 0.593783961433865, 0.12524881063764143, 0.4366595930000492, 0.6340604557779066, 0.3551696881950493, 0.6317563086219948, 0.5487171835369684, 0.6688840044778315, 0.4581920522924769, 0.3913607123507217], ""kernels.1.base_kernel.kernels.1"": [0.6931481805599428, 0.6931481805599428, 0.6931481805599428]}","{""kernels.0"": 4.950171479137296e-06, ""kernels.0.base_kernel.kernels.1"": 0.0013904520412480823, ""kernels.1"": 1.0669506027043554}",12,3,36,0,9,radius,0,114
214,85.73157650163651,84.49995109796598,0.4982,local,-3.3788377365379496,-5.245007880659896,1.8661701441219467,0.14765612145161525,0.7396971318235497,radius,,,0.06526242251851996,0.004606464783818291,0.009095998509556034,9.999999747378752e-05,0.3531608664452928,0.050861288753955236,0.3354117707584584,0.7451148021618532,"{""kernels.0.base_kernel.kernels.0"": [0.33333771266598883, 0.33334975802176126, 0.3333370440872001, 0.33333523492548395, 0.3333414431495263, 0.3333442894154108, 0.3333277080337264, 0.33333241530193214, 0.33333691578274116, 0.3333356283014889, 0.33333332051717346, 0.3333325531417673, 0.3333376272907291, 0.3333429585694816, 0.3333379490094104, 0.3333426577832687, 0.3333310891391614, 0.33332867435320057], ""kernels.0.base_kernel.kernels.1.base_kernel"": [0.6931481805599428, 0.6931481805599428, 0.6931481805599428], ""kernels.1.base_kernel.kernels.0"": [0.050861288753955236, 0.6988187361316539, 0.6302111166162915, 0.697632017894851, 0.7451148021618532, 0.7418685320462818, 0.26775517714826824, 0.3374737834951556, 0.5851835410960812, 0.12969839623168133, 0.41877458748779456, 0.6140810782512077, 0.34660991419023557, 0.6284029231586084, 0.5411599978251294, 0.6622849212377013, 0.4418334010709543, 0.4124816580799146], ""kernels.1.base_kernel.kernels.1"": [0.6931481805599428, 0.6931481805599428, 0.6931481805599428]}","{""kernels.0"": 4.9500900543546425e-06, ""kernels.0.base_kernel.kernels.1"": 0.001390452022815395, ""kernels.1"": 1.0580871972230088}",12,3,36,1,9,radius,0,115
215,149.11789334855067,84.49995109796598,0.498,local,-3.355949564557499,-5.447426416558001,2.091476852000502,0.27718588307357017,0.8394183422827961,radius,,,0.3633494291791189,0.004552967073663259,0.009092775155080645,9.999999747378752e-05,0.3592278281925448,0.05082292279136234,0.3333471680388127,0.7623654251979635,"{""kernels.0.base_kernel.kernels.0"": [0.3333376525024941, 0.33335006488409674, 0.3333368814562625, 0.33333378054458374, 0.33334239597981, 0.33334427119352866, 0.33332829419032306, 0.33333272845539313, 0.3333373219766138, 0.3333357543119576, 0.33333254102151944, 0.33333267582158177, 0.3333367925860237, 0.3333428046297877, 0.3333374822483599, 0.3333412319566121, 0.3333311600142072, 0.3333285248519405], ""kernels.0.base_kernel.kernels.1.base_kernel"": [0.6931481805599428, 0.6931481805599428, 0.6931481805599428], ""kernels.1.base_kernel.kernels.0"": [0.05082292279136234, 0.6578997707550605, 0.6256948929155808, 0.5909264236448482, 0.7623654251979635, 0.7140702132734723, 0.2751283463571549, 0.3009848229923357, 0.565793242157903, 0.1504070692280301, 0.43100967961179876, 0.6017540840214551, 0.3404692702615489, 0.5865815694794891, 0.5239535403495872, 0.6127987290297324, 0.41713310190464503, 0.47023117893949645], ""kernels.1.base_kernel.kernels.1"": [0.6931481805599428, 0.6931481805599428, 0.6931481805599428]}","{""kernels.0"": 4.949808480462001e-06, ""kernels.0.base_kernel.kernels.1"": 0.0013904519527232716, ""kernels.1"": 1.0762880828164307}",12,3,36,3,9,radius,0,116
216,336.2883600126946,84.49995109796598,0.4992,global,-3.4704643238383666,-5.305300125848451,1.8348358020100841,0.41799065140463076,1.0067387674551374,global,,,0.6803583385811884,0.004508689658272839,0.009079459798263224,9.999999747378752e-05,0.3539764109664867,0.05081892467814648,0.3333435107613616,0.7644151901854356,"{""kernels.0.base_kernel.kernels.0"": [0.33333760330798534, 0.33335005657096894, 0.3333368756438587, 0.333333838516213, 0.3333424731859828, 0.33334430737429593, 0.33332837738551235, 0.3333327867363254, 0.3333373333145774, 0.3333357569983589, 0.3333325420259713, 0.3333328691969259, 0.3333367265769141, 0.3333427141484273, 0.3333374673102649, 0.3333410762382453, 0.33333120261635363, 0.3333285369803798], ""kernels.0.base_kernel.kernels.1.base_kernel"": [0.6931481805599428, 0.6931481805599428, 0.6931481805599428], ""kernels.1.base_kernel.kernels.0"": [0.05081892467814648, 0.6835261349387901, 0.6291504858604926, 0.5992717302820744, 0.7644151901854356, 0.7253453101623802, 0.26667949140450065, 0.3032495315264392, 0.5686785196029565, 0.15268319726123553, 0.4256127151028212, 0.6091308332693163, 0.3327707335950482, 0.5892528295044396, 0.5228621697234682, 0.611859547011764, 0.4189797150764164, 0.4811027465081489], ""kernels.1.base_kernel.kernels.1"": [0.6931481805599428, 0.6931481805599428, 0.6931481805599428]}","{""kernels.0"": 4.949775445467005e-06, ""kernels.0.base_kernel.kernels.1"": 0.0013904519454458041, ""kernels.1"": 1.0605338311785688}",12,3,36,0,9,radius,0,117
217,17783.41531451502,84.49995109796598,0.4986,global,-3.4838641025465082,-6.066389614437375,2.5825255118908665,0.6853177370097056,1.3581739864788593,global,,,0.7316093594843583,0.004527948859845094,0.009071006202884948,9.999999747378752e-05,0.3589349465702729,0.05081772892986209,0.33334349998994867,0.7638475646116047,"{""kernels.0.base_kernel.kernels.0"": [0.333337599014189, 0.33335003757395393, 0.3333368677830958, 0.333333811601493, 0.3333424829468084, 0.33334430986415425, 0.33332839553973365, 0.33333279608013583, 0.33333732095600715, 0.3333357579555239, 0.3333325341895739, 0.33333289865518284, 0.33333670443033137, 0.3333426901157431, 0.33333746354453603, 0.3333410309436599, 0.333331207834397, 0.3333285068758141], ""kernels.0.base_kernel.kernels.1.base_kernel"": [0.6931481805599428, 0.6931481805599428, 0.6931481805599428], ""kernels.1.base_kernel.kernels.0"": [0.05081772892986209, 0.6831997950688639, 0.62922878768313, 0.5960234005325638, 0.7638475646116047, 0.7253493110867827, 0.26452760891193633, 0.30214297387168887, 0.5679445948758542, 0.1525068643175057, 0.42433737230948915, 0.6095328028688268, 0.32970575866845153, 0.5878604525749991, 0.5223146239781855, 0.6097527610135284, 0.4189017055348665, 0.4817168567201819], ""kernels.1.base_kernel.kernels.1"": [0.6931481805599428, 0.6931481805599428, 0.6931481805599428]}","{""kernels.0"": 4.9497684218928025e-06, ""kernels.0.base_kernel.kernels.1"": 0.0013904519433233626, ""kernels.1"": 1.0754094379990735}",12,3,36,0,9,radius,0,118
218,354.6361090821317,84.49995109796598,0.4992,global,-2.408796159792575,-3.6562119781653375,1.2474158183727626,1.282416676843967,1.4004553818621623,global,,,0.7307857336789881,0.0043246344976351275,0.009403890762051635,9.999999747378752e-05,0.38117659097195467,0.05071001587900441,0.3333449430601667,0.77203392955741,"{""kernels.0.base_kernel.kernels.0"": [0.3333386130344857, 0.3333433487902237, 0.33333514626585964, 0.3333329284044139, 0.3333465373301097, 0.3333427078463968, 0.3333282105587043, 0.3333321151150972, 0.3333370071857983, 0.3333359338715302, 0.33333776770210305, 0.33333961711443433, 0.3333374702597266, 0.33333642788778384, 0.3333383941181169, 0.33333603786269694, 0.3333320210373213, 0.33332261977176514], ""kernels.0.base_kernel.kernels.1.base_kernel"": [0.6931481805599428, 0.6931481805599428, 0.6931481805599428], ""kernels.1.base_kernel.kernels.0"": [0.05071001587900441, 0.7027893969459389, 0.6348674057334892, 0.77203392955741, 0.7335219316338276, 0.5831960818833742, 0.34833947700170936, 0.31477541267387715, 0.6685125594812984, 0.6595496897217143, 0.3735427186377533, 0.7464222700413615, 0.2952918371651774, 0.501780279035553, 0.503116163267902, 0.15187371689169604, 0.39388810606433683, 0.40843372808787415], ""kernels.1.base_kernel.kernels.1"": [0.6931481805599428, 0.6931481805599428, 0.6931481805599428]}","{""kernels.0"": 4.949106648340426e-06, ""kernels.0.base_kernel.kernels.1"": 0.0013904517386814845, ""kernels.1"": 1.1421343720705341}",12,3,36,0,9,radius,1,119
219,191.06647131338678,84.49995109796598,0.4994,global,-2.5725783570250087,-4.338242648116913,1.7656642910919045,0.6746530841763136,1.339691478543489,global,,,0.5354782754913734,0.004294378935979995,0.009395196534748282,9.999999747378752e-05,0.37347880138032385,0.05070860407586702,0.3333449524271434,0.7812008803283406,"{""kernels.0.base_kernel.kernels.0"": [0.33333862854825963, 0.3333433711904912, 0.333335099492054, 0.3333330390471382, 0.33334653366379563, 0.3333427016630398, 0.33332816775309393, 0.3333320891782777, 0.33333706274669445, 0.33333597498541556, 0.3333377727325222, 0.3333395797189875, 0.33333748874377217, 0.333336399730251, 0.3333383860206438, 0.3333360723798056, 0.333332021870802, 0.3333227511438501], ""kernels.0.base_kernel.kernels.1.base_kernel"": [0.6931481805599428, 0.6931481805599428, 0.6931481805599428], ""kernels.1.base_kernel.kernels.0"": [0.05070860407586702, 0.7035482303400306, 0.6333389381070021, 0.7812008803283406, 0.7343245494369687, 0.5833860878025778, 0.34753648771091233, 0.31510700776577577, 0.6703689831930174, 0.6549862385864245, 0.3759826669027146, 0.7461460207845722, 0.2950304279237371, 0.49898250209907513, 0.5011982438786439, 0.15168171869933356, 0.39549562502587965, 0.40968250608601636], ""kernels.1.base_kernel.kernels.1"": [0.6931481805599428, 0.6931481805599428, 0.6931481805599428]}","{""kernels.0"": 4.94909712322613e-06, ""kernels.0.base_kernel.kernels.1"": 0.0013904517354493156, ""kernels.1"": 1.119041003308399}",12,3,36,0,9,radius,0,120
220,282.92900594415426,84.49995109796598,0.5008,global,-2.808473149740943,-3.8003501723822937,0.9918770226413507,1.148988925630144,1.3498187294453907,global,,,0.6983658357289422,0.004308718779268425,0.009380772858234465,9.999999747378752e-05,0.3774684929593757,0.05070746808812199,0.33334493654035774,0.7849209155685158,"{""kernels.0.base_kernel.kernels.0"": [0.3333386510564613, 0.33334335266586923, 0.3333350589542863, 0.3333330466050544, 0.33334652041484625, 0.33334269448070103, 0.3333281184532754, 0.333332058890334, 0.33333708290451797, 0.33333598247030743, 0.3333377710404576, 0.33333952594324023, 0.3333375022426747, 0.33333636287511514, 0.33333838343453637, 0.33333610688178034, 0.3333320122362922, 0.3333228057407955], ""kernels.0.base_kernel.kernels.1.base_kernel"": [0.6931481805599428, 0.6931481805599428, 0.6931481805599428], ""kernels.1.base_kernel.kernels.0"": [0.05070746808812199, 0.7007975358618591, 0.6316056937122242, 0.7849209155685158, 0.73276898157116, 0.581440892464689, 0.34462978162432856, 0.3140398536573176, 0.6699561535388645, 0.6506026599913493, 0.37522630261260026, 0.7444157275831839, 0.29288837921935695, 0.49561033126646264, 0.49909711085437775, 0.1510487394191165, 0.3962317632391705, 0.4074762600898885], ""kernels.1.base_kernel.kernels.1"": [0.6931481805599428, 0.6931481805599428, 0.6931481805599428]}","{""kernels.0"": 4.949093853726769e-06, ""kernels.0.base_kernel.kernels.1"": 0.0013904517328698828, ""kernels.1"": 1.1310100780514034}",12,3,36,1,9,radius,0,121
221,243.75576883960724,84.49995109796598,0.4998,global,-2.9233644770433362,-4.402000317970747,1.4786358409274105,0.8068668076244685,1.1176110860129218,global,,,0.6852868193233652,0.004309829979787828,0.009368711610659369,9.999999747378752e-05,0.369284387338918,0.05069512443131852,0.3333429606152253,0.828053819858815,"{""kernels.0.base_kernel.kernels.0"": [0.3333388445355286, 0.33334328869188484, 0.3333346617077436, 0.3333332577377436, 0.3333463908608832, 0.3333426325385657, 0.33332775476529397, 0.33333179097607696, 0.333337342566794, 0.33333608354983824, 0.33333775302721685, 0.33333903170498447, 0.3333376388954713, 0.33333602720497874, 0.3333383445051775, 0.33333645642408427, 0.33333192096728165, 0.33332351483822925], ""kernels.0.base_kernel.kernels.1.base_kernel"": [0.6931481805599428, 0.6931481805599428, 0.6931481805599428], ""kernels.1.base_kernel.kernels.0"": [0.05069512443131852, 0.6921782049605485, 0.6172333779840975, 0.828053819858815, 0.7257188547473284, 0.5810311896847239, 0.3302747404918095, 0.3117985105952971, 0.6743856335357508, 0.6080937902576414, 0.3751328973480373, 0.7295203489176595, 0.28629273023548396, 0.4704532509682651, 0.4817262023895438, 0.15086754221719506, 0.4046570772331308, 0.40403797551564535], ""kernels.1.base_kernel.kernels.1"": [0.6931481805599428, 0.6931481805599428, 0.6931481805599428]}","{""kernels.0"": 4.949042599918003e-06, ""kernels.0.base_kernel.kernels.1"": 0.0013904517050320172, ""kernels.1"": 1.106457761269122}",12,3,36,0,9,radius,0,122
222,273.61785688757357,84.49995109796598,0.4968,global,-3.0565332794172404,-5.557145437354343,2.500612157937103,0.7863482446394326,1.3510252205535207,global,,,0.8209781399026587,0.004305503118635739,0.009355142469340452,9.999999747378752e-05,0.37032059417363555,0.0506916394659742,0.3333447795290307,0.8233565137160666,"{""kernels.0.base_kernel.kernels.0"": [0.333338892321619, 0.3333432433004858, 0.33333457332284305, 0.3333331966334701, 0.33334631575757556, 0.33334263198327607, 0.33332777628311067, 0.3333317509564145, 0.33333740311080434, 0.33333609590601637, 0.3333377546731853, 0.333338909293994, 0.33333765624607486, 0.3333359692177289, 0.333338329770006, 0.33333652521202495, 0.33333188574160416, 0.3333236515929112], ""kernels.0.base_kernel.kernels.1.base_kernel"": [0.6931481805599428, 0.6931481805599428, 0.6931481805599428], ""kernels.1.base_kernel.kernels.0"": [0.0506916394659742, 0.687098783679581, 0.6154105723193332, 0.8233565137160666, 0.7237063275607267, 0.5829134473696064, 0.3345005366614702, 0.312365993861996, 0.6743092853061586, 0.6053913678647185, 0.37740293117476664, 0.7283128800463033, 0.2870905719401806, 0.4677724269865679, 0.47962063915714453, 0.1511346663248646, 0.4050685865671525, 0.40215810345594155], ""kernels.1.base_kernel.kernels.1"": [0.6931481805599428, 0.6931481805599428, 0.6931481805599428]}","{""kernels.0"": 4.9490299195061235e-06, ""kernels.0.base_kernel.kernels.1"": 0.0013904516966120367, ""kernels.1"": 1.109566381794375}",12,3,36,0,9,radius,0,123
223,231.1419410444511,84.49995109796598,0.4994,global,-3.022763125720231,-3.664733339513982,0.6419702137937509,0.4640256526531565,1.0479445787661743,global,,,0.656987805445135,0.004297738166781912,0.009342701554969282,9.999999747378752e-05,0.3689297663458236,0.05068923497805773,0.33334475046537676,0.8218587083277915,"{""kernels.0.base_kernel.kernels.0"": [0.3333389172921476, 0.33334323027590884, 0.3333345181292057, 0.33333318643598686, 0.3333462706548447, 0.3333426291331206, 0.3333277699194282, 0.3333317197766157, 0.3333374433338557, 0.33333610620571014, 0.3333377534970157, 0.33333883783994694, 0.3333376622785754, 0.3333359325635544, 0.33333831756026244, 0.33333656540745293, 0.3333318633041247, 0.33332375426690036], ""kernels.0.base_kernel.kernels.1.base_kernel"": [0.6931481805599428, 0.6931481805599428, 0.6931481805599428], ""kernels.1.base_kernel.kernels.0"": [0.05068923497805773, 0.6852819459751637, 0.6143917346948593, 0.8218587083277915, 0.7226194217516551, 0.5841415973622794, 0.3345048891518602, 0.31198811617919897, 0.6743289701344213, 0.604047710171487, 0.37811369656863786, 0.7278303350911685, 0.28659978895726457, 0.4664947743040438, 0.478111417581991, 0.1511670698650111, 0.4052294538544002, 0.40155004873251887], ""kernels.1.base_kernel.kernels.1"": [0.6931481805599428, 0.6931481805599428, 0.6931481805599428]}","{""kernels.0"": 4.949020121401312e-06, ""kernels.0.base_kernel.kernels.1"": 0.0013904516907338772, ""kernels.1"": 1.1053938983266156}",12,3,36,1,9,radius,0,124
224,322.8176169993768,84.49995109796598,0.4984,global,-3.110152876081408,-3.875150663646145,0.7649977875647367,0.8418798858927643,1.311674426789488,global,,,0.7581644252254542,0.0042994096800632875,0.009328935422654807,9.999999747378752e-05,0.37011436496612365,0.05068733800032385,0.33334472698873047,0.8197783942973725,"{""kernels.0.base_kernel.kernels.0"": [0.3333389369809556, 0.33334322447874654, 0.3333344738652005, 0.33333316674174224, 0.3333462294987144, 0.33334262023274636, 0.33332775523840075, 0.333331695632095, 0.3333374728704864, 0.33333610824730114, 0.3333377511222225, 0.33333877021455244, 0.33333765533360915, 0.33333590744815367, 0.3333383038817479, 0.3333366000266371, 0.33333185031977663, 0.3333238231067306], ""kernels.0.base_kernel.kernels.1.base_kernel"": [0.6931481805599428, 0.6931481805599428, 0.6931481805599428], ""kernels.1.base_kernel.kernels.0"": [0.05068733800032385, 0.683594716350165, 0.613582633949594, 0.8197783942973725, 0.7207704278319659, 0.5836036236591197, 0.3337718703935678, 0.31174071198889663, 0.6737594300422637, 0.6031642557728755, 0.3780681665240445, 0.7269071924817999, 0.28605325451361907, 0.4653800717313063, 0.47695403147674237, 0.15149444119616445, 0.4055832602724935, 0.4004140300417284], ""kernels.1.base_kernel.kernels.1"": [0.6931481805599428, 0.6931481805599428, 0.6931481805599428]}","{""kernels.0"": 4.949013502109725e-06, ""kernels.0.base_kernel.kernels.1"": 0.0013904516861500988, ""kernels.1"": 1.1089476941987189}",12,3,36,0,9,radius,0,125
225,325.8571027086202,84.49995109796598,0.4972,global,-3.171213612492617,-3.9623297661687866,0.7911161536761697,0.894257119706733,1.3812188903370541,global,,,0.7883530314515067,0.004290309239524154,0.009318861460937982,9.999999747378752e-05,0.3675447261072431,0.05068516739082761,0.3333429208625085,0.8181814745338539,"{""kernels.0.base_kernel.kernels.0"": [0.3333389540031558, 0.3333432334280925, 0.3333344289387109, 0.33333316375805194, 0.3333461821188645, 0.33334260829692447, 0.33332774127415365, 0.3333316656752954, 0.33333751036712606, 0.3333361094317086, 0.3333377488897961, 0.333338701328977, 0.3333376475995069, 0.33333588197109987, 0.3333382874871963, 0.3333366371886383, 0.3333318374467538, 0.33332391182187765], ""kernels.0.base_kernel.kernels.1.base_kernel"": [0.6931481805599428, 0.6931481805599428, 0.6931481805599428], ""kernels.1.base_kernel.kernels.0"": [0.05068516739082761, 0.6835357853076468, 0.6129802238947396, 0.8181814745338539, 0.7192407852528021, 0.5837251038867023, 0.3321947014878279, 0.31096982517415245, 0.6738066799213972, 0.6020203164957252, 0.3785645284669941, 0.7263715528567919, 0.2859844246157496, 0.4642314139063911, 0.4758843966274098, 0.1523624786819491, 0.4059261088166526, 0.3998686838391899], ""kernels.1.base_kernel.kernels.1"": [0.6931481805599428, 0.6931481805599428, 0.6931481805599428]}","{""kernels.0"": 4.94900475945573e-06, ""kernels.0.base_kernel.kernels.1"": 0.001390451680905491, ""kernels.1"": 1.1012387776360644}",12,3,36,0,9,radius,0,126
226,12470.571605512463,84.49995109796598,0.5002,global,-3.2332982692440857,-3.824326229988991,0.5910279607449054,0.9600261324632029,1.34626699782102,global,,,0.7692208760821818,0.004295685565270052,0.0093090611761625,9.999999747378752e-05,0.36902357772098515,0.050683899481865184,0.33334291483686485,0.8165627947326544,"{""kernels.0.base_kernel.kernels.0"": [0.33333896480630804, 0.3333432335295021, 0.33333440232551476, 0.3333331489747412, 0.3333461526168617, 0.3333425961442276, 0.33332773122327397, 0.33333164805414434, 0.3333375284936589, 0.3333361065495374, 0.33333774493677215, 0.33333865907556176, 0.3333376423509367, 0.33333586774073004, 0.3333382794534561, 0.3333366579908741, 0.3333318288999149, 0.33332395445999097], ""kernels.0.base_kernel.kernels.1.base_kernel"": [0.6931481805599428, 0.6931481805599428, 0.6931481805599428], ""kernels.1.base_kernel.kernels.0"": [0.050683899481865184, 0.6828664669003046, 0.6123819906988613, 0.8165627947326544, 0.7177467330502587, 0.5829394667683632, 0.33091016709205917, 0.3099784337753568, 0.6731392413903289, 0.6008321409141555, 0.3779294433166222, 0.7255694083527979, 0.2851356279266586, 0.4633403682939391, 0.47525017487951793, 0.152554396296793, 0.40591150196032333, 0.3988357941416137], ""kernels.1.base_kernel.kernels.1"": [0.6931481805599428, 0.6931481805599428, 0.6931481805599428]}","{""kernels.0"": 4.9490005909861795e-06, ""kernels.0.base_kernel.kernels.1"": 0.0013904516778882158, ""kernels.1"": 1.1056753324844764}",12,3,36,0,9,radius,0,127
227,332.94290907531166,84.49995109796598,0.4998,global,-2.5232802982998304,-5.533748605607076,3.0104683073072454,0.889410182459655,1.2320326700603756,global,,,0.6772715746032165,0.005297362049351482,0.009567597310226172,9.999999747378752e-05,0.3639102578933538,0.050652564275662317,0.33334841012897753,0.9137744662475662,"{""kernels.0.base_kernel.kernels.0"": [0.33333946857152635, 0.33334237846311904, 0.33333807302163687, 0.33332847892233114, 0.3333544417948361, 0.3333406741033545, 0.3333294052892723, 0.33332612947370566, 0.3333386156385957, 0.3333369203231766, 0.33333770352461495, 0.33333626738917094, 0.3333400286550831, 0.33334016106061554, 0.33333848182195547, 0.33333980495990534, 0.33333231997806484, 0.33332549390736316], ""kernels.0.base_kernel.kernels.1.base_kernel"": [0.6931481805599428, 0.6931481805599428, 0.6931481805599428], ""kernels.1.base_kernel.kernels.0"": [0.050652564275662317, 0.6986310025423916, 0.7206475187180633, 0.7713239208684574, 0.9137744662475662, 0.18742821506976431, 0.278414417902595, 0.6054660499032991, 0.7746015198352291, 0.6597608985032276, 0.1640605171322193, 0.7726491444229789, 0.7247482877014001, 0.6572637423520824, 0.6526242502413442, 0.553471998617011, 0.4468566440600907, 0.48414265819792324], ""kernels.1.base_kernel.kernels.1"": [0.6931481805599428, 0.6931481805599428, 0.6931481805599428]}","{""kernels.0"": 4.948239058684882e-06, ""kernels.0.base_kernel.kernels.1"": 0.001390451317010117, ""kernels.1"": 1.0903353741239927}",12,3,36,1,9,radius,0,128
228,241.3905351953216,84.49995109796598,0.5034,global,-2.538919622183929,-4.368032466953281,1.8291128447693517,0.8279676595066099,1.346547442910569,global,,,0.6677164232309246,0.005317978524033753,0.009557567397250149,9.999999747378752e-05,0.36595398514819505,0.05065453582460227,0.33334844140764414,0.914352680892778,"{""kernels.0.base_kernel.kernels.0"": [0.333339496417405, 0.33334239973783913, 0.3333381849699096, 0.3333283939392399, 0.33335448307744914, 0.33334066926465084, 0.33332946672344677, 0.333326169557575, 0.3333386053851539, 0.3333368558721093, 0.33333773294336927, 0.33333622097158816, 0.33334008275427746, 0.33334022927370643, 0.3333384659453348, 0.33333992113866834, 0.3333323055527951, 0.3333253896709449], ""kernels.0.base_kernel.kernels.1.base_kernel"": [0.6931481805599428, 0.6931481805599428, 0.6931481805599428], ""kernels.1.base_kernel.kernels.0"": [0.05065453582460227, 0.699928376828322, 0.7214083658947366, 0.7704756466005358, 0.914352680892778, 0.18840300662726786, 0.2783366238813516, 0.600841624222224, 0.7732116669618998, 0.658122641171004, 0.16138051008556742, 0.7710072855385627, 0.7222656161763911, 0.6518971729364149, 0.6525961074588392, 0.5492488307568083, 0.4455021545864359, 0.48276334180905817], ""kernels.1.base_kernel.kernels.1"": [0.6931481805599428, 0.6931481805599428, 0.6931481805599428]}","{""kernels.0"": 4.948222633677414e-06, ""kernels.0.base_kernel.kernels.1"": 0.0013904513125681565, ""kernels.1"": 1.0964665559093834}",12,3,36,1,9,radius,0,129
229,166.6986638951382,84.49995109796598,0.4626,global,-2.603016868244917,-4.195251535599045,1.5922346673541279,0.487859348759558,1.1858604379048792,global,,,0.35721021791849594,0.005300182190125009,0.009543685919048585,9.999999747378752e-05,0.362478815829159,0.05065566669895739,0.33334844973262073,0.9149788904321341,"{""kernels.0.base_kernel.kernels.0"": [0.33333950824889425, 0.33334239469588983, 0.3333382466786318, 0.33332836340341493, 0.33335450476935163, 0.3333406644627326, 0.3333295050144715, 0.33332619785356377, 0.33333860688531775, 0.3333368247851141, 0.33333774673238126, 0.3333362066383405, 0.3333401128960048, 0.333340269445634, 0.33333845775033577, 0.3333399861794667, 0.3333323014595893, 0.33332535286376996], ""kernels.0.base_kernel.kernels.1.base_kernel"": [0.6931481805599428, 0.6931481805599428, 0.6931481805599428], ""kernels.1.base_kernel.kernels.0"": [0.05065566669895739, 0.7004233167206833, 0.7218186031483835, 0.7709022595491856, 0.9149788904321341, 0.1896305855416882, 0.2786382378652753, 0.5988229896708502, 0.7730714693173226, 0.6580131598168127, 0.16061077657494044, 0.77130169594776, 0.7213650450695654, 0.6503021669037075, 0.6525477989722885, 0.5478290333160811, 0.44501682868245923, 0.48369746980370126], ""kernels.1.base_kernel.kernels.1"": [0.6931481805599428, 0.6931481805599428, 0.6931481805599428]}","{""kernels.0"": 4.948211882445509e-06, ""kernels.0.base_kernel.kernels.1"": 0.0013904513099800057, ""kernels.1"": 1.0860410479656144}",12,3,36,1,9,radius,0,130
230,258.59364199033695,84.49995109796598,0.5002,global,-2.8665403037799226,-6.5399233510155845,3.673383047235662,0.4871046335386819,1.1382015509185304,global,,,0.6880472017947149,0.0053169065058982804,0.009529972777518977,9.999999747378752e-05,0.36586066476397733,0.05065634684863387,0.33334842720474983,0.9141633346838665,"{""kernels.0.base_kernel.kernels.0"": [0.3333395284061966, 0.33334235083993485, 0.3333382859054967, 0.3333282942203271, 0.3333545035695648, 0.33334067457058475, 0.3333295201715079, 0.33332610539771435, 0.3333385504202765, 0.3333367817477117, 0.33333776719452063, 0.3333361437009751, 0.3333401462569498, 0.33334030305769746, 0.333338455886067, 0.33334002674836327, 0.33333229344019805, 0.33332528829562186], ""kernels.0.base_kernel.kernels.1.base_kernel"": [0.6931481805599428, 0.6931481805599428, 0.6931481805599428], ""kernels.1.base_kernel.kernels.0"": [0.05065634684863387, 0.6980649969805591, 0.722005405654218, 0.769144489876046, 0.9141633346838665, 0.18897314640601812, 0.27703607405923847, 0.5937281789357822, 0.7709419282181861, 0.6570183405906577, 0.15986253493865754, 0.7700559388991569, 0.7201065872603403, 0.6484887835690816, 0.6525277381170534, 0.5458158784061062, 0.44426205996517626, 0.4825453265528801], ""kernels.1.base_kernel.kernels.1"": [0.6931481805599428, 0.6931481805599428, 0.6931481805599428]}","{""kernels.0"": 4.948208491447032e-06, ""kernels.0.base_kernel.kernels.1"": 0.0013904513082548052, ""kernels.1"": 1.0961865947751859}",12,3,36,0,9,radius,0,131
231,259.480530383953,84.49995109796598,0.5,global,-2.757453007288814,-4.251153012894687,1.4937000056058727,0.4634065351215272,1.1209334194447904,global,,,0.6519646638973668,0.0052905027892288705,0.009516709160055318,9.999999747378752e-05,0.3608265030394764,0.05065884564440544,0.33334834552441783,0.9114344967517783,"{""kernels.0.base_kernel.kernels.0"": [0.3333395849634202, 0.3333422126618105, 0.33333842586676204, 0.333328134947441, 0.3333544783870252, 0.3333407187380776, 0.33332960281833635, 0.333325820293048, 0.33333835922508526, 0.33333663980570866, 0.33333784080829687, 0.33333595879498334, 0.333340279708929, 0.3333404128021897, 0.3333384569850652, 0.3333401760479103, 0.3333322735650574, 0.33332510353427386], ""kernels.0.base_kernel.kernels.1.base_kernel"": [0.6931481805599428, 0.6931481805599428, 0.6931481805599428], ""kernels.1.base_kernel.kernels.0"": [0.05065884564440544, 0.6955203222242262, 0.7226106604427287, 0.7671211124178526, 0.9114344967517783, 0.19148128534761155, 0.2756358481073615, 0.578611782158863, 0.7660284387407063, 0.6535894073644571, 0.16005710604361112, 0.7675536781750543, 0.7179444766250337, 0.6464218130200058, 0.6534533037637323, 0.5406423324906028, 0.44237489871847185, 0.48238570641456835], ""kernels.1.base_kernel.kernels.1"": [0.6931481805599428, 0.6931481805599428, 0.6931481805599428]}","{""kernels.0"": 4.948190904014549e-06, ""kernels.0.base_kernel.kernels.1"": 0.0013904513018435226, ""kernels.1"": 1.0810841096256816}",12,3,36,0,9,radius,0,132
232,205.97094106281315,84.49995109796598,0.499,global,-2.7303221594939426,-11.754598353016222,9.02427619352228,0.9977011179478349,1.2921814587636267,global,,,0.6921830046498944,0.005311274194931648,0.009503825363998892,9.999999747378752e-05,0.36447436097590374,0.050659426880646445,0.33334831974588697,0.9105067213486453,"{""kernels.0.base_kernel.kernels.0"": [0.3333395990510742, 0.33334217329764904, 0.33333845751769375, 0.3333280809380694, 0.33335446619412484, 0.33334072479441845, 0.3333296183921238, 0.33332575044298485, 0.3333383097292876, 0.333336603402185, 0.33333785666948323, 0.333335903603098, 0.33334031642857376, 0.333340435077121, 0.33333845704047693, 0.33334019882256005, 0.33333226841451374, 0.3333250506504156], ""kernels.0.base_kernel.kernels.1.base_kernel"": [0.6931481805599428, 0.6931481805599428, 0.6931481805599428], ""kernels.1.base_kernel.kernels.0"": [0.050659426880646445, 0.6936499392645541, 0.7224888208260564, 0.7653612378560748, 0.9105067213486453, 0.19086514914813527, 0.27464205566970246, 0.5751655067176519, 0.7643764772844082, 0.6524823967872462, 0.15887807671061732, 0.7660802297770268, 0.7164010714081535, 0.6454448724658551, 0.653120483306675, 0.5376101489932712, 0.4416448080121697, 0.48132243452693113], ""kernels.1.base_kernel.kernels.1"": [0.6931481805599428, 0.6931481805599428, 0.6931481805599428]}","{""kernels.0"": 4.948187829187708e-06, ""kernels.0.base_kernel.kernels.1"": 0.0013904513002196317, ""kernels.1"": 1.0920276834396623}",12,3,36,1,9,radius,0,133
233,310.69759239423206,84.49995109796598,0.5004,global,-3.0003917808513965,-4.904496937912701,1.9041051570613048,0.7858971775116826,1.2170819931571506,global,,,0.7376620126349224,0.005335267907196855,0.009489777657925897,9.999999747378752e-05,0.3571206046819096,0.05066805406140954,0.33334798482353123,0.9041654888542782,"{""kernels.0.base_kernel.kernels.0"": [0.3333397456398432, 0.3333417109190962, 0.3333388943553384, 0.33332757000340224, 0.3333542587279662, 0.33334075696869314, 0.3333298996434476, 0.3333249148097473, 0.3333377028897584, 0.33333611643017463, 0.3333380776262796, 0.333335364561392, 0.3333408480998076, 0.33334076759535125, 0.33333846278523893, 0.33334052836832395, 0.33333223481752544, 0.33332446530422766], ""kernels.0.base_kernel.kernels.1.base_kernel"": [0.6931481805599428, 0.6931481805599428, 0.6931481805599428], ""kernels.1.base_kernel.kernels.0"": [0.05066805406140954, 0.68495187077723, 0.7215514632316896, 0.7559275846910768, 0.9041654888542782, 0.1951112869175402, 0.27365120574279744, 0.5381996318727527, 0.7504722083514763, 0.643078510193369, 0.15327399705769573, 0.7590336129354489, 0.7021913594220228, 0.6437437602291005, 0.6500146068685947, 0.5069948217212918, 0.43610180049655867, 0.47934174999457674], ""kernels.1.base_kernel.kernels.1"": [0.6931481805599428, 0.6931481805599428, 0.6931481805599428]}","{""kernels.0"": 4.948124246781019e-06, ""kernels.0.base_kernel.kernels.1"": 0.0013904512762742567, ""kernels.1"": 1.0699664146452077}",12,3,36,2,9,radius,0,134
234,328.6996502134142,84.49995109796598,0.5002,global,-3.1716860779462084,-4.693429984024354,1.5217439060781452,0.7938654362874263,1.2557933965059778,global,,,0.7313086986367017,0.005315060892398446,0.009478921600983754,9.999999747378752e-05,0.35843891264927197,0.050671628105742925,0.3333478809508746,0.9036062062063134,"{""kernels.0.base_kernel.kernels.0"": [0.3333397716769497, 0.333341596989706, 0.33333902335323395, 0.33332747567582727, 0.33335416491204317, 0.3333407367119838, 0.33332998197730646, 0.3333247300855288, 0.3333375690794679, 0.3333359788562307, 0.3333381490013734, 0.3333352963657175, 0.33334100248903126, 0.33334080568661184, 0.33333845913893717, 0.33334062280678456, 0.33333223078325097, 0.33332435775414954], ""kernels.0.base_kernel.kernels.1.base_kernel"": [0.6931481805599428, 0.6931481805599428, 0.6931481805599428], ""kernels.1.base_kernel.kernels.0"": [0.050671628105742925, 0.6852195724053309, 0.7199794842078727, 0.7568479513912322, 0.9036062062063134, 0.19367498859379606, 0.27159106545365397, 0.5319359144047777, 0.7507634405126754, 0.6407722404736654, 0.15610795852816456, 0.763388682279584, 0.6981705572727352, 0.6372029445530716, 0.648045896451412, 0.5011585933351139, 0.43420801928787506, 0.4828583383692993], ""kernels.1.base_kernel.kernels.1"": [0.6931481805599428, 0.6931481805599428, 0.6931481805599428]}","{""kernels.0"": 4.948095927832014e-06, ""kernels.0.base_kernel.kernels.1"": 0.001390451265742727, ""kernels.1"": 1.0739213385861452}",12,3,36,0,9,radius,0,135
235,309.4409312238216,84.49995109796598,0.5002,global,-3.239250679949042,-4.814237558880145,1.574986878931103,1.1213171130243735,1.3908662942567496,global,,,0.7816533896089501,0.005302288648152217,0.009468809098633239,9.999999747378752e-05,0.35672955297251896,0.0506726571890325,0.33334784728235867,0.9034905374776867,"{""kernels.0.base_kernel.kernels.0"": [0.33333977856493774, 0.3333415597664397, 0.3333390522034209, 0.3333274368647257, 0.33335413479827763, 0.3333407355441397, 0.33333001457644135, 0.33332469520157587, 0.3333375331468683, 0.3333359413438823, 0.3333381640742315, 0.33333527016625397, 0.3333410374553262, 0.33334081526312914, 0.3333384628571956, 0.33334063811520726, 0.33333223083720903, 0.333324321795756], ""kernels.0.base_kernel.kernels.1.base_kernel"": [0.6931481805599428, 0.6931481805599428, 0.6931481805599428], ""kernels.1.base_kernel.kernels.0"": [0.0506726571890325, 0.6852821427695834, 0.7197501146994575, 0.7558289481712592, 0.9034905374776867, 0.19395013348435977, 0.2719112514210467, 0.5307728913454581, 0.7506980723176666, 0.639870341530715, 0.15620461196791957, 0.762538446236128, 0.6975923154006798, 0.6365957214307193, 0.6477674686838183, 0.49998329848816725, 0.4340953272133657, 0.4830594186839878], ""kernels.1.base_kernel.kernels.1"": [0.6931481805599428, 0.6931481805599428, 0.6931481805599428]}","{""kernels.0"": 4.948088162051479e-06, ""kernels.0.base_kernel.kernels.1"": 0.0013904512627814834, ""kernels.1"": 1.0687932595666134}",12,3,36,0,9,radius,0,136
236,281.67693587176495,84.49995109796598,0.4992,global,-3.155265226390747,-3.795374545049605,0.6401093186588578,0.8783548943469536,1.321509166475679,global,,,0.48189800792701565,0.005303930118231068,0.009457935871038279,9.999999747378752e-05,0.3575521214285493,0.05067356324151168,0.33334781186239654,0.9030931397526322,"{""kernels.0.base_kernel.kernels.0"": [0.33333978657689395, 0.33334151884022417, 0.3333390769710216, 0.3333273927933175, 0.3333541048845689, 0.3333407359504689, 0.33333004000248, 0.3333246564778996, 0.3333374986093617, 0.33333590521215106, 0.3333381774439499, 0.3333352411471707, 0.3333410669950343, 0.333340821959685, 0.33333846686050495, 0.3333406504155755, 0.3333322299556857, 0.3333242820681391], ""kernels.0.base_kernel.kernels.1.base_kernel"": [0.6931481805599428, 0.6931481805599428, 0.6931481805599428], ""kernels.1.base_kernel.kernels.0"": [0.05067356324151168, 0.6842160851136142, 0.7194672019065529, 0.7542916277001651, 0.9030931397526322, 0.19361625512610703, 0.27167415162570163, 0.529038008022426, 0.7506355096154929, 0.6386568054120139, 0.15597436357107386, 0.7614773710085481, 0.6970056090502224, 0.6354014521188331, 0.6475522332765055, 0.49847461311088515, 0.43394886105701097, 0.48265239543216115], ""kernels.1.base_kernel.kernels.1"": [0.6931481805599428, 0.6931481805599428, 0.6931481805599428]}","{""kernels.0"": 4.9480819661916405e-06, ""kernels.0.base_kernel.kernels.1"": 0.0013904512600845123, ""kernels.1"": 1.0712609649435971}",12,3,36,0,9,radius,1,137
237,181.38555658410095,84.49995109796598,0.4992,global,-3.120740811011812,-4.667263576098927,1.546522765087115,0.6371984606466299,1.240677213417642,global,,,0.4796559581881193,0.005317515074367969,0.009446090315609102,9.999999747378752e-05,0.3618279184486606,0.05067578175371038,0.3333477141028977,0.9033633977311335,"{""kernels.0.base_kernel.kernels.0"": [0.3333398249294823, 0.33334139393773665, 0.33333906819462483, 0.33332691818771704, 0.33335403426805876, 0.33334078761149544, 0.3333300956830726, 0.3333244975063584, 0.33333745251201646, 0.3333357468000951, 0.33333823399964363, 0.33333519593918404, 0.33334110147190094, 0.3333407235345755, 0.3333384674008106, 0.33334062996347336, 0.333332206571974, 0.33332409411038316], ""kernels.0.base_kernel.kernels.1.base_kernel"": [0.6931481805599428, 0.6931481805599428, 0.6931481805599428], ""kernels.1.base_kernel.kernels.0"": [0.05067578175371038, 0.6814040768390869, 0.7155333820852574, 0.7415681165288578, 0.9033633977311335, 0.19340474149180958, 0.2717312475270446, 0.5218791085600902, 0.7532233259367381, 0.6317280192613566, 0.1562906747643556, 0.7590884418926994, 0.6962213926581661, 0.6179364194770582, 0.6469044643469991, 0.48943136410644034, 0.4335251907446227, 0.4776507171815986], ""kernels.1.base_kernel.kernels.1"": [0.6931481805599428, 0.6931481805599428, 0.6931481805599428]}","{""kernels.0"": 4.948080399152958e-06, ""kernels.0.base_kernel.kernels.1"": 0.0013904512545886427, ""kernels.1"": 1.084088356010994}",12,3,36,0,9,radius,0,138
238,264.12633694460595,84.49995109796598,0.4988,global,-3.2162814474261174,-6.994742740856209,3.7784612934300914,0.7270403993100006,1.3432810860520419,global,,,0.7668840218774307,0.005273631704107482,0.009432108669405647,9.999999747378752e-05,0.35658328663126143,0.050676652878341395,0.3333476893355451,0.9044900400489709,"{""kernels.0.base_kernel.kernels.0"": [0.3333398318032335, 0.3333413646257385, 0.3333390309869754, 0.3333268017946716, 0.3333540140453517, 0.33334081161006135, 0.3333301199738699, 0.333324447748246, 0.3333374366414372, 0.3333356627049986, 0.3333382593662286, 0.33333519685271595, 0.33334111720405435, 0.33334069469720856, 0.3333384677005628, 0.3333406203913391, 0.3333322029967529, 0.33332405365566325], ""kernels.0.base_kernel.kernels.1.base_kernel"": [0.6931481805599428, 0.6931481805599428, 0.6931481805599428], ""kernels.1.base_kernel.kernels.0"": [0.050676652878341395, 0.6822568703161218, 0.713875658633082, 0.739852371418702, 0.9044900400489709, 0.1948922436258881, 0.2729725813551387, 0.5201067895863003, 0.7543216324031341, 0.6301724592456521, 0.15779984403159394, 0.7594172428302887, 0.6966999910378586, 0.6133483895444684, 0.6468163336542182, 0.48747363919483033, 0.4341631006810616, 0.47805875683292975], ""kernels.1.base_kernel.kernels.1"": [0.6931481805599428, 0.6931481805599428, 0.6931481805599428]}","{""kernels.0"": 4.948078607604264e-06, ""kernels.0.base_kernel.kernels.1"": 0.0013904512525565018, ""kernels.1"": 1.06835446056262}",12,3,36,1,9,radius,0,139
239,487.9314166476355,84.49995109796598,0.5012,global,-3.2137322556171797,-4.735254102939444,1.5215218473222643,1.0164306417458036,1.3654063372370508,global,,,0.5657453422364834,0.005283500176508032,0.009419727443204233,9.999999747378752e-05,0.3605580194988666,0.05067824813369963,0.33334762590812167,0.9047846838910525,"{""kernels.0.base_kernel.kernels.0"": [0.3333398549118871, 0.33334128225061177, 0.3333389538116862, 0.333326513286331, 0.33335396956563157, 0.3333408611311385, 0.33333014943634454, 0.3333243140941188, 0.3333373867898576, 0.3333354868114874, 0.33333830902140493, 0.33333516318576173, 0.33334113868510706, 0.3333406295978984, 0.33333847085921897, 0.3333405948893022, 0.3333321871021599, 0.3333239354022197], ""kernels.0.base_kernel.kernels.1.base_kernel"": [0.6931481805599428, 0.6931481805599428, 0.6931481805599428], ""kernels.1.base_kernel.kernels.0"": [0.05067824813369963, 0.6795914978894732, 0.7103148713692083, 0.7325691976064111, 0.9047846838910525, 0.19419332969159417, 0.27232636121575987, 0.513596655340421, 0.7544760408254685, 0.6254807029602433, 0.15845787235100892, 0.757303530834183, 0.6953614858927943, 0.6016720132224844, 0.6463001157152923, 0.48118859305601736, 0.4343087716343133, 0.47548952595145916], ""kernels.1.base_kernel.kernels.1"": [0.6931481805599428, 0.6931481805599428, 0.6931481805599428]}","{""kernels.0"": 4.948079422084442e-06, ""kernels.0.base_kernel.kernels.1"": 0.0013904512485075119, ""kernels.1"": 1.0802786591686702}",12,3,36,1,9,radius,0,140
240,238.1337049399363,84.49995109796598,0.5002,global,-3.185050871979776,-4.175328242795078,0.9902773708153019,0.6465558865146617,1.2945743379153145,global,,,0.7469376781215181,0.005151215145023282,0.009418350214212577,9.999999747378752e-05,0.36247254428150555,0.050691614263539346,0.33334700166765135,0.7788954511472967,"{""kernels.0.base_kernel.kernels.0"": [0.33333991961531545, 0.33334085093853044, 0.333338260744183, 0.3333248176685755, 0.33335243052063274, 0.3333413442737469, 0.3333304668298877, 0.3333234834348527, 0.3333372133288769, 0.3333340927515273, 0.33333867035306025, 0.3333353084730305, 0.33334157281467, 0.333340067657628, 0.33333851035078865, 0.3333401380681218, 0.33333211703740073, 0.3333233235186737], ""kernels.0.base_kernel.kernels.1.base_kernel"": [0.6931481805599428, 0.6931481805599428, 0.6931481805599428], ""kernels.1.base_kernel.kernels.0"": [0.050691614263539346, 0.6887765551952464, 0.6845181619414371, 0.7043317697499887, 0.7788954511472967, 0.1973855709139797, 0.29602928440041665, 0.4718130293394757, 0.7622618272982458, 0.5804352579238821, 0.18463906901213414, 0.7204606178094306, 0.6864302263479978, 0.5294298227157823, 0.6504209497343827, 0.37962583168502717, 0.44089026064111125, 0.45567501453493514], ""kernels.1.base_kernel.kernels.1"": [0.6931481805599428, 0.6931481805599428, 0.6931481805599428]}","{""kernels.0"": 4.9480883342787115e-06, ""kernels.0.base_kernel.kernels.1"": 0.0013904512133690982, ""kernels.1"": 1.0860222335428134}",12,3,36,1,9,radius,0,141
241,257.5198477076144,84.49995109796598,0.5046,global,-3.1575818064321144,-4.772519119822517,1.6149373133904028,0.6444119541764343,1.256448140041567,global,,,0.6808663465595692,0.0051263091860335305,0.009405364328548991,9.999999747378752e-05,0.3610137912263886,0.05070364484951699,0.33334144902672846,0.843210679872939,"{""kernels.0.base_kernel.kernels.0"": [0.33333950188560646, 0.3333413199470508, 0.3333377187275657, 0.33332599995011847, 0.3333513685068111, 0.33334133308180813, 0.33333041299008764, 0.33332328170023906, 0.3333374879138212, 0.333333906454912, 0.3333385514498484, 0.33333633756570147, 0.3333415649716488, 0.3333393481941423, 0.3333388383594136, 0.333339209842453, 0.3333321514789332, 0.3333237580990079], ""kernels.0.base_kernel.kernels.1.base_kernel"": [0.6931481805599428, 0.6931481805599428, 0.6931481805599428], ""kernels.1.base_kernel.kernels.0"": [0.05070364484951699, 0.6712627074173073, 0.6918897355075098, 0.7585929213999086, 0.843210679872939, 0.2169558763060646, 0.3002957877870208, 0.4312281833219296, 0.7416191399123105, 0.6062147935472969, 0.17828194001247455, 0.7440009918880884, 0.660269297867697, 0.5342462579367062, 0.6631527572609075, 0.3267138036900698, 0.4649490779670602, 0.4251661518774568], ""kernels.1.base_kernel.kernels.1"": [0.6931481805599428, 0.6931481805599428, 0.6931481805599428]}","{""kernels.0"": 4.948037863517815e-06, ""kernels.0.base_kernel.kernels.1"": 0.0013904511686576246, ""kernels.1"": 1.0816459744726445}",12,3,36,1,9,radius,0,142
242,192.93857970390366,84.49995109796598,0.4976,global,-3.194283688544243,-5.347147772439654,2.152864083895411,0.6418727137787241,1.293960960991649,global,,,0.5347326887707222,0.00508242569402962,0.00939265666658972,9.999999747378752e-05,0.35750899653849605,0.05070677596072934,0.3333415501486222,0.8343785065050138,"{""kernels.0.base_kernel.kernels.0"": [0.3333394491240224, 0.3333415081536104, 0.33333758012699116, 0.3333260614289615, 0.33335116155365646, 0.33334135293692774, 0.33333040827436994, 0.3333233879873705, 0.3333376193054091, 0.333333957831351, 0.33333858671453426, 0.333336530141439, 0.33334159214363396, 0.333339130535264, 0.33333889196772265, 0.33333909875805895, 0.3333321036349741, 0.33332396996094454], ""kernels.0.base_kernel.kernels.1.base_kernel"": [0.6931481805599428, 0.6931481805599428, 0.6931481805599428], ""kernels.1.base_kernel.kernels.0"": [0.05070677596072934, 0.6719100140286789, 0.6906551746569699, 0.7584622640792812, 0.8343785065050138, 0.2118859417634631, 0.30541917128771195, 0.42385008222198794, 0.7446385376650365, 0.6070108409473611, 0.18470621826697206, 0.7466864241575392, 0.656146197688905, 0.5323633051613855, 0.6594609585533852, 0.3161275752394485, 0.4626228635764109, 0.42483295926215625], ""kernels.1.base_kernel.kernels.1"": [0.6931481805599428, 0.6931481805599428, 0.6931481805599428]}","{""kernels.0"": 4.948018583651612e-06, ""kernels.0.base_kernel.kernels.1"": 0.0013904511547714203, ""kernels.1"": 1.071131590442133}",12,3,36,0,9,radius,0,143
243,331.7569951982163,84.49995109796598,0.4992,global,-3.3085546749247525,-8.990488861861675,5.681934186936922,0.6598114162693811,1.1742388016563843,global,,,0.6623553324623751,0.0050889713748064076,0.009379198904403174,9.999999747378752e-05,0.3604032735614184,0.05070712713056886,0.33334155529596216,0.8332218255921697,"{""kernels.0.base_kernel.kernels.0"": [0.33333944593918374, 0.333341518365111, 0.3333375625416577, 0.3333260530850827, 0.3333511451868195, 0.33334136141639675, 0.3333304064933311, 0.3333233958921672, 0.3333376266360099, 0.33333395969574564, 0.3333385890577643, 0.33333653849324996, 0.3333415922268133, 0.3333390968793326, 0.3333388997497575, 0.3333390840347791, 0.3333321013550049, 0.3333239828526802], ""kernels.0.base_kernel.kernels.1.base_kernel"": [0.6931481805599428, 0.6931481805599428, 0.6931481805599428], ""kernels.1.base_kernel.kernels.0"": [0.05070712713056886, 0.6710458709986542, 0.6903878199914857, 0.7576803460937334, 0.8332218255921697, 0.21123481441851877, 0.30570671865789295, 0.42277531835168136, 0.7443784095335881, 0.6067049043757227, 0.1845879429447535, 0.7458910062233605, 0.6554754314698416, 0.5322161568464459, 0.6593280455189331, 0.31457711312352243, 0.4623315666165221, 0.4243265177210414], ""kernels.1.base_kernel.kernels.1"": [0.6931481805599428, 0.6931481805599428, 0.6931481805599428]}","{""kernels.0"": 4.948017276375253e-06, ""kernels.0.base_kernel.kernels.1"": 0.0013904511529297867, ""kernels.1"": 1.0798144215140488}",12,3,36,0,9,radius,1,144
244,386.76621654455545,84.49995109796598,0.4992,global,-3.3673694393389386,-4.645185232488429,1.2778157931494905,0.939244656603024,1.3932844418570127,global,,,0.7320022821554004,0.005078507376897921,0.009369557638174328,9.999999747378752e-05,0.359245917137652,0.0507093957159667,0.3333415996121581,0.8276464522478235,"{""kernels.0.base_kernel.kernels.0"": [0.3333394111339813, 0.33334161034712667, 0.3333374557504592, 0.33332608360175064, 0.3333510062602597, 0.33334139043119343, 0.33333041331111524, 0.3333234765167318, 0.33333766879185855, 0.3333340210477538, 0.3333385940726384, 0.3333366248138974, 0.3333415888771895, 0.3333389307455041, 0.33333893958531613, 0.3333389906715657, 0.3333320876629396, 0.3333241112243735], ""kernels.0.base_kernel.kernels.1.base_kernel"": [0.6931481805599428, 0.6931481805599428, 0.6931481805599428], ""kernels.1.base_kernel.kernels.0"": [0.0507093957159667, 0.6722802406589713, 0.6894519738949966, 0.7571086234783836, 0.8276464522478235, 0.21308580772259408, 0.31243026908931665, 0.41953746715238327, 0.7412006784243418, 0.6046295610169399, 0.1838436072278756, 0.7430893054438694, 0.6528650822107741, 0.5346183458920915, 0.6584454926298499, 0.3081079413463786, 0.46153483082479785, 0.42739768832399216], ""kernels.1.base_kernel.kernels.1"": [0.6931481805599428, 0.6931481805599428, 0.6931481805599428]}","{""kernels.0"": 4.948003479121593e-06, ""kernels.0.base_kernel.kernels.1"": 0.0013904511415128724, ""kernels.1"": 1.076342352267964}",12,3,36,0,9,radius,0,145
245,2101.1013787314528,84.49995109796598,0.4972,global,-3.405868258020193,-3.7105272266102753,0.30465896859008224,0.4201367999062436,1.012761712540897,global,,,0.7619506365018799,0.005086842434879363,0.009362809236487007,9.999999747378752e-05,0.3612168464357044,0.050709824802819714,0.33334160096617027,0.8268704771981584,"{""kernels.0.base_kernel.kernels.0"": [0.333339406521274, 0.33334161690536424, 0.3333374278314938, 0.3333260861279047, 0.33335097606934394, 0.3333413949858812, 0.33333040119218676, 0.3333234788486949, 0.3333376697715722, 0.33333402942026613, 0.3333385966071949, 0.3333366394775854, 0.33334158502697625, 0.33333889708855197, 0.3333389471779224, 0.33333897535354556, 0.33333208385751123, 0.33332412527387173], ""kernels.0.base_kernel.kernels.1.base_kernel"": [0.6931481805599428, 0.6931481805599428, 0.6931481805599428], ""kernels.1.base_kernel.kernels.0"": [0.050709824802819714, 0.67121641768902, 0.6886924306286063, 0.7570486576280877, 0.8268704771981584, 0.21264714084156827, 0.31186990780535, 0.41717466695099625, 0.7402070351654365, 0.6036773897017023, 0.18358186470632812, 0.7426369909080214, 0.6511574930464571, 0.533654823027931, 0.6579959498768962, 0.30623599879942187, 0.4611396258086035, 0.42707233208994244], ""kernels.1.base_kernel.kernels.1"": [0.6931481805599428, 0.6931481805599428, 0.6931481805599428]}","{""kernels.0"": 4.948001430838878e-06, ""kernels.0.base_kernel.kernels.1"": 0.0013904511390791263, ""kernels.1"": 1.0822551401666032}",12,3,36,0,9,radius,0,146
246,419.01120593334485,84.49995109796598,0.4992,global,-3.1202710930775703,-5.094987834883199,1.9747167418056284,0.9270236036557725,1.324487086112388,global,,,0.6884385547838974,0.00507189695465766,0.00943351038724207,9.999999747378752e-05,0.3635312193921682,0.05071448800767456,0.333341646684312,0.8322353942632608,"{""kernels.0.base_kernel.kernels.0"": [0.3333392887111433, 0.33334185692109203, 0.3333371603663144, 0.33332648534918685, 0.33335075385243335, 0.3333414364475319, 0.33333037167594576, 0.33332372017957923, 0.3333378378924286, 0.33333424500617337, 0.33333861004044935, 0.33333699389775784, 0.33334134535758414, 0.33333843897805676, 0.33333888521898053, 0.33333875191680684, 0.33333188213355053, 0.33332446446541486], ""kernels.0.base_kernel.kernels.1.base_kernel"": [0.6931481805599428, 0.6931481805599428, 0.6931481805599428], ""kernels.1.base_kernel.kernels.0"": [0.05071448800767456, 0.6798315626985829, 0.6734996877543074, 0.7535926511195686, 0.8322353942632608, 0.23758962549229495, 0.32903518638766477, 0.4111878976139492, 0.7421207130170694, 0.6086587264184199, 0.18218693139184225, 0.7448919541777363, 0.5858268287904966, 0.5110759820222701, 0.6293701154273837, 0.28099233036105464, 0.40156787939225913, 0.441782553112221], ""kernels.1.base_kernel.kernels.1"": [0.6931481805599428, 0.6931481805599428, 0.6931481805599428]}","{""kernels.0"": 4.9479715879977975e-06, ""kernels.0.base_kernel.kernels.1"": 0.0013904511133954538, ""kernels.1"": 1.089198259091521}",12,3,36,2,9,radius,0,147
247,306.412510702576,84.49995109796598,0.4974,global,-3.2635960894824914,-3.9278889170072344,0.6642928275247431,0.8589908037103402,1.2836859074278086,global,,,0.7111940698011431,0.005093477617292875,0.009428330907625926,9.999999747378752e-05,0.3700491344350003,0.05071489435491824,0.3333416332395466,0.831109976629552,"{""kernels.0.base_kernel.kernels.0"": [0.33333928164850324, 0.3333418236642832, 0.33333712416336253, 0.3333265065373849, 0.33335071225379126, 0.33334144281481, 0.33333033404812074, 0.3333237279107231, 0.3333378555413476, 0.333334271148835, 0.3333386164238812, 0.333337052380502, 0.33334130903078263, 0.33333836692742325, 0.3333388786129878, 0.33333873316739665, 0.333331889709121, 0.33332448299390827], ""kernels.0.base_kernel.kernels.1.base_kernel"": [0.6931481805599428, 0.6931481805599428, 0.6931481805599428], ""kernels.1.base_kernel.kernels.0"": [0.05071489435491824, 0.671475211918367, 0.6729274477620554, 0.7490010696212497, 0.831109976629552, 0.23503963403727426, 0.3276969737284902, 0.4087339559193189, 0.7408844758516951, 0.608323273290667, 0.18374212432721, 0.7486899431806033, 0.5787987191871302, 0.5060300075793077, 0.6274095301859213, 0.2777484762057526, 0.39858558676766376, 0.44351338715863764], ""kernels.1.base_kernel.kernels.1"": [0.6931481805599428, 0.6931481805599428, 0.6931481805599428]}","{""kernels.0"": 4.94796960110191e-06, ""kernels.0.base_kernel.kernels.1"": 0.0013904511100669235, ""kernels.1"": 1.108752004225333}",12,3,36,0,9,radius,0,148
248,237.41685937406544,84.49995109796598,0.5012,global,-3.3119266359435833,-4.585389961262669,1.2734633253190855,0.9680557914613402,1.311168330074286,global,,,0.8138540321163146,0.0050520761701436144,0.00941731321538184,9.999999747378752e-05,0.36387179025134625,0.050715217021941005,0.33334162816099766,0.8319647922120317,"{""kernels.0.base_kernel.kernels.0"": [0.3333392710996509, 0.3333418190799868, 0.3333371037806056, 0.333326553785421, 0.33335068850742344, 0.3333414372420086, 0.3333303232770643, 0.33332375546614534, 0.33333787313141283, 0.3333342952623204, 0.33333861787798763, 0.33333709496021624, 0.33334128763836773, 0.3333383276123877, 0.33333887320526184, 0.33333871891421935, 0.33333189946039354, 0.33332450956791765], ""kernels.0.base_kernel.kernels.1.base_kernel"": [0.6931481805599428, 0.6931481805599428, 0.6931481805599428], ""kernels.1.base_kernel.kernels.0"": [0.050715217021941005, 0.6699569195232367, 0.6729845046441384, 0.7484901440383711, 0.8319647922120317, 0.23533605883060002, 0.32918980932451813, 0.4089947685176825, 0.7410989435709, 0.6092668770460462, 0.1858668487066564, 0.7517232008288616, 0.575742605194551, 0.5041280206694676, 0.6265235797722307, 0.27686444476380245, 0.3974205218214294, 0.4458456603547792], ""kernels.1.base_kernel.kernels.1"": [0.6931481805599428, 0.6931481805599428, 0.6931481805599428]}","{""kernels.0"": 4.947965578629456e-06, ""kernels.0.base_kernel.kernels.1"": 0.0013904511077929872, ""kernels.1"": 1.090219971680667}",12,3,36,0,9,radius,0,149
249,265.43556196330576,84.49995109796598,0.4912,global,-3.326912736276746,-5.167979153127586,1.8410664168508402,0.5891155484536649,1.126296047596375,global,,,0.7390557209239241,0.005064104969274596,0.00940450582855798,9.999999747378752e-05,0.3674839640465288,0.05071559494668983,0.3333416074978284,0.8315230540489682,"{""kernels.0.base_kernel.kernels.0"": [0.3333392641407597, 0.3333417841770231, 0.33333706414541986, 0.33332656773153907, 0.33335064286971483, 0.3333414308186336, 0.33333028507044665, 0.3333237718031263, 0.3333378804601178, 0.3333343190338014, 0.33333862044378293, 0.3333371286279847, 0.3333412445597644, 0.33333825681753604, 0.33333886612400704, 0.33333869371947955, 0.33333190778089217, 0.3333245123660354], ""kernels.0.base_kernel.kernels.1.base_kernel"": [0.6931481805599428, 0.6931481805599428, 0.6931481805599428], ""kernels.1.base_kernel.kernels.0"": [0.05071559494668983, 0.6646210763020242, 0.672558179623546, 0.7444112707321939, 0.8315230540489682, 0.23267952507236958, 0.3286203517372831, 0.40766883392839615, 0.7396612957271806, 0.6090858490091148, 0.18670729005638517, 0.7541270457024049, 0.5682612477206506, 0.49837369299545675, 0.6245275340366877, 0.2727098411218427, 0.3945136577436226, 0.4461918398645524], ""kernels.1.base_kernel.kernels.1"": [0.6931481805599428, 0.6931481805599428, 0.6931481805599428]}","{""kernels.0"": 4.947963024090877e-06, ""kernels.0.base_kernel.kernels.1"": 0.0013904511040346223, ""kernels.1"": 1.1010564930725275}",12,3,36,0,9,radius,0,150
250,2826.367410285,84.49995109796598,0.5006,global,-3.3412672610776717,-5.001761568059599,1.660494306981927,0.8253093853688148,1.2700602782054433,global,,,0.6590815520712034,0.00502780787938891,0.00939213121004412,9.999999747378752e-05,0.3621650667735286,0.050715898028968184,0.3333415997922583,0.8324191761569729,"{""kernels.0.base_kernel.kernels.0"": [0.33333925591976227, 0.3333417726079952, 0.3333370422446592, 0.3333266018588782, 0.33335061755604745, 0.33334142697652147, 0.3333302709856103, 0.3333237964831454, 0.333337889771383, 0.3333343400044156, 0.3333386205274935, 0.33333715516585416, 0.33334121898066055, 0.33333821858549406, 0.3333388609273101, 0.3333386783718505, 0.33333191694541514, 0.33332452701776843], ""kernels.0.base_kernel.kernels.1.base_kernel"": [0.6931481805599428, 0.6931481805599428, 0.6931481805599428], ""kernels.1.base_kernel.kernels.0"": [0.050715898028968184, 0.6639455825891293, 0.6726599185736657, 0.7440624646450794, 0.8324191761569729, 0.23350820192932004, 0.32981056874499004, 0.4084165574935606, 0.7395598265795087, 0.6100013874472693, 0.18826569165482107, 0.7562293846866882, 0.56506921320236, 0.4962375355731579, 0.623610529665516, 0.27131325159125463, 0.39331853803455097, 0.4476390974502338], ""kernels.1.base_kernel.kernels.1"": [0.6931481805599428, 0.6931481805599428, 0.6931481805599428]}","{""kernels.0"": 4.947959483458404e-06, ""kernels.0.base_kernel.kernels.1"": 0.0013904511016647773, ""kernels.1"": 1.0850998012594377}",12,3,36,0,9,radius,1,151
251,261.7083624795495,84.49995109796598,0.4984,global,-2.2648217063736533,-4.1944825078650165,1.9296608014913632,0.8538392411294582,1.2720549479033154,global,,,0.6045973736764273,0.00514928257285858,0.00948284603899602,9.999999747378752e-05,0.37655879649399004,0.05071600316706526,0.3333415747812971,0.8327389985441511,"{""kernels.0.base_kernel.kernels.0"": [0.33333924785393887, 0.3333417243104246, 0.3333370152329579, 0.33332640453868245, 0.333350601269155, 0.3333414252521696, 0.33333026121261156, 0.3333238120099932, 0.3333378835385184, 0.3333343583083176, 0.33333862480951404, 0.3333371869494827, 0.3333411798056572, 0.33333818161036666, 0.3333388429878497, 0.3333386646501529, 0.33333191485871394, 0.3333245356493034], ""kernels.0.base_kernel.kernels.1.base_kernel"": [0.6931481805599428, 0.6931481805599428, 0.6931481805599428], ""kernels.1.base_kernel.kernels.0"": [0.05071600316706526, 0.661617940476674, 0.6720005580940868, 0.7097244922420873, 0.8327389985441511, 0.23028796663320097, 0.32673614517450256, 0.4071671292056413, 0.7362232877163999, 0.6092034355062861, 0.18719553115924004, 0.758591673089399, 0.559424081251887, 0.49405254324100606, 0.6190073689852699, 0.2644419505023332, 0.3909209638527718, 0.4490156674840499], ""kernels.1.base_kernel.kernels.1"": [0.6931481805599428, 0.6931481805599428, 0.6931481805599428]}","{""kernels.0"": 4.947962071283736e-06, ""kernels.0.base_kernel.kernels.1"": 0.0013904510994102142, ""kernels.1"": 1.1282809904204887}",12,3,36,2,9,radius,0,152
252,101.34849808897319,84.49995109796598,0.4988,global,-2.660294363021909,-4.09388228663845,1.4335879236165407,0.5029576462639616,1.1638765367543318,global,,,0.1961234467219132,0.004539032347809758,0.009471914921197842,9.999999747378752e-05,0.369434799808435,0.0507279509555152,0.3354050513822151,0.8627066176022743,"{""kernels.0.base_kernel.kernels.0"": [0.3333379961558786, 0.3333402057634098, 0.33333637066792265, 0.3333328391742616, 0.3333500094446253, 0.3333405909786809, 0.33332985646961577, 0.33332600197169593, 0.33333700707903985, 0.3333356285230436, 0.3333375235754378, 0.33333945029253054, 0.3333378706943179, 0.3333355636148989, 0.3333381858964029, 0.33333749852068506, 0.3333324719733672, 0.33332583979478936], ""kernels.0.base_kernel.kernels.1.base_kernel"": [0.6931481805599428, 0.6931481805599428, 0.6931481805599428], ""kernels.1.base_kernel.kernels.0"": [0.0507279509555152, 0.6419327708007171, 0.6743991434086422, 0.41187966327549647, 0.8627066176022743, 0.35834522033176264, 0.337460093319805, 0.44334969391659407, 0.6470234844872635, 0.6594592381885344, 0.36117778449987625, 0.7699255325142503, 0.259000963613449, 0.4979300682984405, 0.5290935874593408, 0.16886739891336824, 0.3474272038996889, 0.7498762637452921], ""kernels.1.base_kernel.kernels.1"": [0.6931481805599428, 0.6931481805599428, 0.6931481805599428]}","{""kernels.0"": 4.9477174957919365e-06, ""kernels.0.base_kernel.kernels.1"": 0.0013904509511031256, ""kernels.1"": 1.1069090007567062}",12,3,36,0,9,radius,0,153
253,270.282368305525,84.49995109796598,0.4998,global,-2.930886706365372,-4.1941551610228185,1.2632684546574464,0.5794523843694188,1.0969355917497228,global,,,0.6959412701444968,0.004562551945981052,0.009465953878187964,9.999999747378752e-05,0.3696227557810796,0.050724825787507075,0.3333449236453513,0.8348274254274417,"{""kernels.0.base_kernel.kernels.0"": [0.33333837087680196, 0.33333975578878744, 0.33333599178239104, 0.33333356556460636, 0.3333489477346677, 0.3333408995560349, 0.3333293818657919, 0.33332584400236076, 0.33333621264414875, 0.3333349020554977, 0.33333727314784467, 0.3333391773718943, 0.33333767777721973, 0.3333356667521209, 0.3333381234468829, 0.33333764817425016, 0.33333239857854974, 0.33332320331875104], ""kernels.0.base_kernel.kernels.1.base_kernel"": [0.6931481805599428, 0.6931481805599428, 0.6931481805599428], ""kernels.1.base_kernel.kernels.0"": [0.050724825787507075, 0.6002956309672265, 0.6561315891570856, 0.4549177504907406, 0.8348274254274417, 0.3718169670895899, 0.3282839058964979, 0.41940238724376255, 0.6413661556550979, 0.6449191271426484, 0.3565701372778486, 0.7846216519149602, 0.2442080984456434, 0.48737903108277464, 0.5003866370010586, 0.19684719960829705, 0.35163469700219147, 0.6311255662341143], ""kernels.1.base_kernel.kernels.1"": [0.6931481805599428, 0.6931481805599428, 0.6931481805599428]}","{""kernels.0"": 4.947733903122438e-06, ""kernels.0.base_kernel.kernels.1"": 0.0013904509278880664, ""kernels.1"": 1.1074728686814477}",12,3,36,1,9,radius,0,154
254,236.9804537478804,84.49995109796598,0.4994,global,-3.0049117329849215,-5.270164261702075,2.265252528717154,1.2290495080992236,1.379603586796566,global,,,0.7340680039799451,0.004527612079051883,0.009453904445734018,9.999999747378752e-05,0.3708653937278501,0.05071854609177576,0.3389439003221913,0.82557875087391,"{""kernels.0.base_kernel.kernels.0"": [0.3333384870882991, 0.33334068486505275, 0.3333357448321454, 0.333334053647932, 0.3333482193095197, 0.3333411406215638, 0.3333291652934347, 0.33332638803643183, 0.3333360409075395, 0.33333486257147565, 0.33333716463780577, 0.3333389176322632, 0.33333730504285414, 0.333335762507863, 0.33333790583892076, 0.3333376493259385, 0.3333323465966433, 0.33332222584034316], ""kernels.0.base_kernel.kernels.1.base_kernel"": [0.6931481805599428, 0.6931481805599428, 0.6931481805599428], ""kernels.1.base_kernel.kernels.0"": [0.05071854609177576, 0.6285490198433114, 0.6502329187987423, 0.4279731460033284, 0.82557875087391, 0.39998607313896956, 0.3445395813348629, 0.40330240131884454, 0.6583791588754598, 0.6512437035880629, 0.3662530187539177, 0.7750217169332613, 0.23914119105133624, 0.46709941315054354, 0.4657538685403703, 0.20146403482010644, 0.351708346332313, 0.5981284676674414], ""kernels.1.base_kernel.kernels.1"": [0.6931481805599428, 0.6931481805599428, 0.6931481805599428]}","{""kernels.0"": 4.947703013176049e-06, ""kernels.0.base_kernel.kernels.1"": 0.001390450890353885, ""kernels.1"": 1.1112007825901833}",12,3,36,0,9,radius,0,155
255,293.7281604302651,84.49995109796598,0.4996,global,-3.1719223452088308,-4.453982430216747,1.2820600850079158,0.7506082521148669,1.3301747387333307,global,,,0.7881571033399859,0.004532130471588178,0.009441105873410894,9.999999747378752e-05,0.37333339784784875,0.05071730531207663,0.3360594397585352,0.8243019130978474,"{""kernels.0.base_kernel.kernels.0"": [0.33333848626256074, 0.33334085632812044, 0.3333357174784767, 0.33333421158766485, 0.33334813300937666, 0.33334113288693007, 0.3333290751511402, 0.3333264709814489, 0.3333360467862464, 0.3333348795492799, 0.3333371558673126, 0.33333892188099795, 0.3333372497106124, 0.333335780849386, 0.33333786922861425, 0.3333376385883418, 0.3333323403852664, 0.33332220704208765], ""kernels.0.base_kernel.kernels.1.base_kernel"": [0.6931481805599428, 0.6931481805599428, 0.6931481805599428], ""kernels.1.base_kernel.kernels.0"": [0.05071730531207663, 0.6232966047586549, 0.6489873614137498, 0.4310311793986989, 0.8243019130978474, 0.3985406563563602, 0.33877074650769373, 0.40195521776619053, 0.6587556480936836, 0.6506065153461015, 0.36874907500612575, 0.7765867399205091, 0.23791572608782713, 0.46534553286401625, 0.46188993187617483, 0.20323156621698923, 0.35169422736053535, 0.5990642587911528], ""kernels.1.base_kernel.kernels.1"": [0.6931481805599428, 0.6931481805599428, 0.6931481805599428]}","{""kernels.0"": 4.94769558386415e-06, ""kernels.0.base_kernel.kernels.1"": 0.0013904508835025243, ""kernels.1"": 1.1186047949644597}",12,3,36,0,9,radius,0,156
256,449.11225973584345,84.49995109796598,0.4994,global,-3.2752909818523124,-4.301220223883415,1.0259292420311024,0.9556418007653973,1.328363271324936,global,,,0.8117091199666253,0.004516663216136279,0.009429827649440252,9.999999747378752e-05,0.3708676179790178,0.05071695795922183,0.3358960115555051,0.8241954521095098,"{""kernels.0.base_kernel.kernels.0"": [0.3333384844272982, 0.3333409075100461, 0.3333357113608121, 0.3333342539269434, 0.3333481090480975, 0.33334113363103696, 0.333329062751511, 0.3333265013458134, 0.3333360521396228, 0.33333488682238593, 0.33333715272408093, 0.333338922936852, 0.33333723428094514, 0.3333357879390428, 0.3333378578116164, 0.33333763436774955, 0.3333323391736405, 0.3333222079318259], ""kernels.0.base_kernel.kernels.1.base_kernel"": [0.6931481805599428, 0.6931481805599428, 0.6931481805599428], ""kernels.1.base_kernel.kernels.0"": [0.05071695795922183, 0.6230726090220482, 0.648902156625582, 0.4321332951114609, 0.8241954521095098, 0.3991922670115418, 0.33844391406291263, 0.40222961014630115, 0.6591184619994839, 0.6505932089546043, 0.3696423526654849, 0.7769696045457889, 0.23817242390132828, 0.4652487494810087, 0.46091110598382384, 0.2038632161704245, 0.351777400279895, 0.5996341145005458], ""kernels.1.base_kernel.kernels.1"": [0.6931481805599428, 0.6931481805599428, 0.6931481805599428]}","{""kernels.0"": 4.94769264241742e-06, ""kernels.0.base_kernel.kernels.1"": 0.0013904508814961915, ""kernels.1"": 1.1112074553629148}",12,3,36,0,9,radius,0,157
257,333.3721243561555,84.49995109796598,0.5002,global,-3.187195685871463,-4.845648925617655,1.658453239746192,0.5388290172530981,1.0768606301366157,global,,,0.734739921898758,0.0045248759535672966,0.009425875177297772,9.999999747378752e-05,0.3719122125722105,0.050715502658564,0.3339858308960747,0.822074909861962,"{""kernels.0.base_kernel.kernels.0"": [0.33333848393737653, 0.33334107318703105, 0.3333356836036487, 0.3333343842966441, 0.33334801297570077, 0.3333411311340251, 0.3333290007680133, 0.33332659136265, 0.3333360566878313, 0.33333490352506057, 0.3333371326511998, 0.333338900448596, 0.33333717827875103, 0.33333580800299284, 0.33333781676172347, 0.33333761998031586, 0.3333323326425005, 0.33332218065859526], ""kernels.0.base_kernel.kernels.1.base_kernel"": [0.6931481805599428, 0.6931481805599428, 0.6931481805599428], ""kernels.1.base_kernel.kernels.0"": [0.050715502658564, 0.6183216819872523, 0.647958648603259, 0.4320290777389389, 0.822074909861962, 0.3989652875624296, 0.33462364881644857, 0.40236633611609635, 0.6583231977089711, 0.649331066799892, 0.3700092944541745, 0.7759632719200523, 0.23737007290982193, 0.4609271415448745, 0.45659188592167693, 0.20407943391334074, 0.35155191919549056, 0.5993933414523216], ""kernels.1.base_kernel.kernels.1"": [0.6931481805599428, 0.6931481805599428, 0.6931481805599428]}","{""kernels.0"": 4.9476845489121185e-06, ""kernels.0.base_kernel.kernels.1"": 0.0013904508739680831, ""kernels.1"": 1.1143412391581147}",12,3,36,0,9,radius,0,158
258,204.30991644720953,84.49995109796598,0.4994,global,-3.2724419127312867,-5.0271693466081775,1.7547274338768908,0.5078650987045165,1.1385716599937226,global,,,0.6386217891296703,0.0045132272368266215,0.009416230447936734,9.999999747378752e-05,0.3698076752055364,0.05071509899743415,0.3340598082428631,0.8217906188279073,"{""kernels.0.base_kernel.kernels.0"": [0.33333848201915256, 0.33334112018389617, 0.33333567478626464, 0.3333344210155654, 0.3333479867247896, 0.3333411242121285, 0.3333289930852904, 0.3333266217639376, 0.3333360613786188, 0.33333490843508584, 0.33333712780019303, 0.3333388962435853, 0.333337163051712, 0.3333358148958164, 0.33333780420236114, 0.3333376147406849, 0.3333323311209509, 0.33332218088750415], ""kernels.0.base_kernel.kernels.1.base_kernel"": [0.6931481805599428, 0.6931481805599428, 0.6931481805599428], ""kernels.1.base_kernel.kernels.0"": [0.05071509899743415, 0.6178138724005153, 0.6476917023034643, 0.43241382688439356, 0.8217906188279073, 0.39886171689245625, 0.33477162976093655, 0.4027572082158673, 0.6584332692439901, 0.6489715368552701, 0.37056448662489744, 0.7757885266433854, 0.23770242735754385, 0.460162356839693, 0.455584348436755, 0.20429921716242946, 0.3516151982353873, 0.5997613411273713], ""kernels.1.base_kernel.kernels.1"": [0.6931481805599428, 0.6931481805599428, 0.6931481805599428]}","{""kernels.0"": 4.947681646694196e-06, ""kernels.0.base_kernel.kernels.1"": 0.0013904508717635302, ""kernels.1"": 1.108027627063199}",12,3,36,0,9,radius,0,159
259,215.69084401687604,84.49995109796598,0.503,global,-3.293770918410168,-4.535638639951003,1.2418677215408351,0.6840483847138972,1.1408128288355408,global,,,0.7296936533364746,0.004516659386753487,0.009403266650607192,9.999999747378752e-05,0.37059649792550603,0.05071395851539178,0.33343966095481115,0.819909422793875,"{""kernels.0.base_kernel.kernels.0"": [0.33333848119120196, 0.33334123796160353, 0.3333356471530745, 0.33333451014695076, 0.3333479109625161, 0.33334110148537616, 0.3333289580168856, 0.3333266919685161, 0.33333606299469004, 0.3333349118701675, 0.3333371110294707, 0.33333887018704045, 0.33333712068521976, 0.3333358291766007, 0.3333377722641156, 0.3333376006490899, 0.3333323238064735, 0.33332215780843494], ""kernels.0.base_kernel.kernels.1.base_kernel"": [0.6931481805599428, 0.6931481805599428, 0.6931481805599428], ""kernels.1.base_kernel.kernels.0"": [0.05071395851539178, 0.6147021820470081, 0.6466826311727512, 0.4327249099772907, 0.819909422793875, 0.3965344032324777, 0.33353141094710625, 0.4028151128551151, 0.6578930006410731, 0.6471928241810149, 0.37039123807058133, 0.774448433692864, 0.2369902089381422, 0.4570181111775579, 0.45253261452595145, 0.20422601896590137, 0.3513220425221581, 0.5993229653385143], ""kernels.1.base_kernel.kernels.1"": [0.6931481805599428, 0.6931481805599428, 0.6931481805599428]}","{""kernels.0"": 4.947675565405264e-06, ""kernels.0.base_kernel.kernels.1"": 0.0013904508657582755, ""kernels.1"": 1.1103940952351943}",12,3,36,0,9,radius,0,160
260,204.747709166782,84.49995109796598,0.5022,global,-3.3647985451406464,-7.105528831817181,3.7407302866765346,0.7804743318003915,1.2395960612736718,global,,,0.43435717258179074,0.0045037203430631405,0.009390300566886401,9.999999747378752e-05,0.3686486394837932,0.05071356440509618,0.33348211089385027,0.8195768902048046,"{""kernels.0.base_kernel.kernels.0"": [0.33333847974773523, 0.3333412814355134, 0.33333563909575076, 0.3333345420778514, 0.33334788412190364, 0.33334109432804426, 0.3333289492483549, 0.333326719230797, 0.3333360651791121, 0.33333491450995983, 0.33333710513727255, 0.3333388622827236, 0.33333710590454524, 0.33333583546961554, 0.3333377604038235, 0.3333375951364057, 0.33333232174205557, 0.3333221600582544], ""kernels.0.base_kernel.kernels.1.base_kernel"": [0.6931481805599428, 0.6931481805599428, 0.6931481805599428], ""kernels.1.base_kernel.kernels.0"": [0.05071356440509618, 0.614736332368153, 0.6467223868075217, 0.43323258854583424, 0.8195768902048046, 0.3964628958788504, 0.33361633766579696, 0.4031664931327487, 0.657986854223337, 0.6468412237014234, 0.37060325598252064, 0.7742015049891958, 0.2372079770281689, 0.45630611923469666, 0.45161624044455373, 0.2043647314066494, 0.3513027270412478, 0.6007020982530795], ""kernels.1.base_kernel.kernels.1"": [0.6931481805599428, 0.6931481805599428, 0.6931481805599428]}","{""kernels.0"": 4.947672722192107e-06, ""kernels.0.base_kernel.kernels.1"": 0.0013904508634986863, ""kernels.1"": 1.1045505199151586}",12,3,36,0,9,radius,0,161
261,119.3403469257483,84.49995109796598,0.4986,local,-3.202420252332307,-4.345610896437462,1.1431906441051547,0.18149324095655645,0.6312415074783074,radius,,,0.2519393977319395,0.004507477851513331,0.009377449026845197,9.999999747378752e-05,0.37025110633478703,0.050713150634652364,0.3334435024276706,0.8182541385124071,"{""kernels.0.base_kernel.kernels.0"": [0.3333384843632405, 0.33334130930927164, 0.33333562480742035, 0.33333456174246595, 0.3333478228103281, 0.33334111397274097, 0.3333289442248992, 0.33332672941539926, 0.33333605576122405, 0.3333349085836949, 0.3333370972077821, 0.33333880684369643, 0.3333370890747144, 0.33333584285346696, 0.33333775256357645, 0.3333375939628448, 0.33333231756295933, 0.3333221207961001], ""kernels.0.base_kernel.kernels.1.base_kernel"": [0.6931481805599428, 0.6931481805599428, 0.6931481805599428], ""kernels.1.base_kernel.kernels.0"": [0.050713150634652364, 0.6133017073936714, 0.6465153378671882, 0.43247898987075156, 0.8182541385124071, 0.39632752054617526, 0.3335391820450131, 0.4028090571425333, 0.6576413786914941, 0.6456021690275168, 0.36954913949286056, 0.7720987368648198, 0.2362648326882708, 0.45486918692414524, 0.4505298276562338, 0.20407026543565163, 0.3510269563956388, 0.5997432095286727], ""kernels.1.base_kernel.kernels.1"": [0.6931481805599428, 0.6931481805599428, 0.6931481805599428]}","{""kernels.0"": 4.947671677504786e-06, ""kernels.0.base_kernel.kernels.1"": 0.001390450861081875, ""kernels.1"": 1.1093579204716018}",12,3,36,1,9,radius,0,162
262,262.83190045782743,84.49995109796598,0.5006,global,-3.319152661051153,-4.833479769240866,1.5143271081897134,0.769005472169911,1.2964290320708451,global,,,0.6306406921455316,0.0044956106204964855,0.009368833736461257,9.999999747378752e-05,0.3678549519667793,0.05071224650423055,0.33339866345739,0.8156695956822494,"{""kernels.0.base_kernel.kernels.0"": [0.3333384999968614, 0.33334132654951154, 0.3333355986503815, 0.3333346321693125, 0.3333476935384454, 0.3333411556825278, 0.3333289223472758, 0.33332674510667026, 0.3333360096016478, 0.3333349067556894, 0.3333370802685876, 0.33333862246630985, 0.33333706881880637, 0.33333586504712837, 0.33333774046979475, 0.33333759242724714, 0.3333323104197124, 0.3333219921557655], ""kernels.0.base_kernel.kernels.1.base_kernel"": [0.6931481805599428, 0.6931481805599428, 0.6931481805599428], ""kernels.1.base_kernel.kernels.0"": [0.05071224650423055, 0.6143682404414613, 0.6461899948545923, 0.43631543660670047, 0.8156695956822494, 0.39793524410323156, 0.3334496333763346, 0.4030803047486276, 0.6558818745011258, 0.6439643018075799, 0.3683811809356184, 0.768209367174214, 0.23570531882190246, 0.45268968431861434, 0.44856912355924794, 0.20513848181319985, 0.35057379379291326, 0.598773967539334], ""kernels.1.base_kernel.kernels.1"": [0.6931481805599428, 0.6931481805599428, 0.6931481805599428]}","{""kernels.0"": 4.947669875608618e-06, ""kernels.0.base_kernel.kernels.1"": 0.0013904508558379592, ""kernels.1"": 1.1021694573746244}",12,3,36,1,9,radius,0,163
263,313.7123276147323,84.49995109796598,0.4988,global,-3.3495591375905316,-5.113376072406648,1.7638169348161168,0.89388856502679,1.3125508979440568,global,,,0.7330074614672751,0.004499999897069027,0.009356987399624633,9.999999747378752e-05,0.3698152634271636,0.05071190159100315,0.3333444872965673,0.814552037383357,"{""kernels.0.base_kernel.kernels.0"": [0.33333850677683463, 0.33334132803529476, 0.3333355875883527, 0.3333346443990985, 0.33334764655783977, 0.3333411679966774, 0.3333289092563292, 0.33332674674098267, 0.3333359903711614, 0.33333490324907344, 0.3333370732619285, 0.33333855302586707, 0.33333706151773024, 0.3333358713424869, 0.3333377352312407, 0.3333375911317297, 0.33333230698924804, 0.3333219383431018], ""kernels.0.base_kernel.kernels.1.base_kernel"": [0.6931481805599428, 0.6931481805599428, 0.6931481805599428], ""kernels.1.base_kernel.kernels.0"": [0.05071190159100315, 0.6141135529718478, 0.645942178964984, 0.4360075151103196, 0.814552037383357, 0.3975519026810692, 0.33274242609405047, 0.40267281442222996, 0.6549743233438478, 0.64316715482431, 0.3674349664047953, 0.7666625964240996, 0.23507914953911127, 0.45147382774769856, 0.44745758787310247, 0.2049136990514825, 0.3502772607556912, 0.5979818310762764], ""kernels.1.base_kernel.kernels.1"": [0.6931481805599428, 0.6931481805599428, 0.6931481805599428]}","{""kernels.0"": 4.947669947649569e-06, ""kernels.0.base_kernel.kernels.1"": 0.0013904508538438185, ""kernels.1"": 1.1080503917576991}",12,3,36,3,9,radius,0,164
264,333.32020545505424,84.49995109796598,0.4976,global,-3.38634916110383,-4.626854860161217,1.2405056990573868,1.4884715962957582,1.4047688792840058,global,,,0.706047792854651,0.004491378740840635,0.00934682369476957,9.999999747378752e-05,0.36725972253861294,0.050710760275829964,0.33334441195848175,0.8117733410942121,"{""kernels.0.base_kernel.kernels.0"": [0.3333385258710072, 0.33334134161386547, 0.333335557425003, 0.33333470349111644, 0.3333474823030981, 0.3333412112299331, 0.3333288728552396, 0.3333267553027346, 0.3333359361233419, 0.3333349003228496, 0.3333370517930827, 0.33333831387698026, 0.3333370402754171, 0.3333359005622669, 0.33333771343614954, 0.3333375870954108, 0.3333322998285562, 0.33332177651439454], ""kernels.0.base_kernel.kernels.1.base_kernel"": [0.6931481805599428, 0.6931481805599428, 0.6931481805599428], ""kernels.1.base_kernel.kernels.0"": [0.050710760275829964, 0.6144450945502096, 0.6455716469933716, 0.4375083903445444, 0.8117733410942121, 0.39807513834595454, 0.3317636339600264, 0.4017309606635457, 0.6530299631391868, 0.6412674048637917, 0.3657297916157591, 0.7625060778327221, 0.235182764971296, 0.4488628665255871, 0.4442318250178885, 0.2057510751911088, 0.34979475080142575, 0.5972290331937651], ""kernels.1.base_kernel.kernels.1"": [0.6931481805599428, 0.6931481805599428, 0.6931481805599428]}","{""kernels.0"": 4.947667880349158e-06, ""kernels.0.base_kernel.kernels.1"": 0.0013904508465385531, ""kernels.1"": 1.10038376910142}",12,3,36,0,9,radius,0,165
265,266.6218212074294,84.49995109796598,0.4992,global,-3.390080076217666,-4.118770087454416,0.7286900112367496,0.6791632542592081,1.274565641910231,global,,,0.7482806472024622,0.004496397470213121,0.00933757010988235,9.999999747378752e-05,0.3688855505121258,0.05071040237321227,0.3333443901994515,0.8110060809990305,"{""kernels.0.base_kernel.kernels.0"": [0.33333853138119707, 0.33334134022741485, 0.3333355486539032, 0.3333347111853175, 0.33334744017148815, 0.33334122007668554, 0.33332886063703693, 0.3333267564765601, 0.33333591599441703, 0.33333489764939317, 0.3333370446600959, 0.33333824777337745, 0.3333370346391311, 0.3333359079648649, 0.3333377075949816, 0.33333758486815607, 0.3333322974646168, 0.3333217293402895], ""kernels.0.base_kernel.kernels.1.base_kernel"": [0.6931481805599428, 0.6931481805599428, 0.6931481805599428], ""kernels.1.base_kernel.kernels.0"": [0.05071040237321227, 0.6135420513371579, 0.6453161192935168, 0.4366888716581429, 0.8110060809990305, 0.39736177743949674, 0.33103204811292797, 0.4015643189845687, 0.6516481262661307, 0.6404409657867901, 0.3649141332463672, 0.7615935411257722, 0.2348759837687546, 0.4477870819873977, 0.443162525730163, 0.20549499059922854, 0.34951919151718397, 0.5967073602130298], ""kernels.1.base_kernel.kernels.1"": [0.6931481805599428, 0.6931481805599428, 0.6931481805599428]}","{""kernels.0"": 4.94766792073438e-06, ""kernels.0.base_kernel.kernels.1"": 0.00139045084449936, ""kernels.1"": 1.1052612530239574}",12,3,36,0,9,radius,0,166
266,349.0840185940278,84.49995109796598,0.5002,global,-3.4067915278508014,-4.845002158283933,1.4382106304331312,0.9415139256807148,1.3436123312349524,global,,,0.6852683103706042,0.0044877389444591366,0.009325856370652558,9.999999747378752e-05,0.36617187551176356,0.05070936089263536,0.33334432939372893,0.8096018360537882,"{""kernels.0.base_kernel.kernels.0"": [0.333338544198056, 0.3333413445585439, 0.3333355247541325, 0.33333474773705085, 0.333347314228914, 0.33334124869386345, 0.33332883227545684, 0.33332676949661905, 0.3333358631708418, 0.33333489561666635, 0.3333370247058632, 0.3333380563403191, 0.3333370195976083, 0.3333359327694888, 0.33333768967436084, 0.33333757824257143, 0.3333322952907151, 0.3333216051707039], ""kernels.0.base_kernel.kernels.1.base_kernel"": [0.6931481805599428, 0.6931481805599428, 0.6931481805599428], ""kernels.1.base_kernel.kernels.0"": [0.05070936089263536, 0.612800651349592, 0.6449706855974573, 0.4368270289566699, 0.8096018360537882, 0.39707638519668437, 0.32976223444394126, 0.4021142923825356, 0.6484689691168722, 0.638528587650765, 0.3633579542311652, 0.7599961159418348, 0.2353798496911782, 0.44591640566220114, 0.4406600172741117, 0.20546627471183565, 0.3497119359701564, 0.59612576621485], ""kernels.1.base_kernel.kernels.1"": [0.6931481805599428, 0.6931481805599428, 0.6931481805599428]}","{""kernels.0"": 4.947666160881318e-06, ""kernels.0.base_kernel.kernels.1"": 0.0013904508380944427, ""kernels.1"": 1.0971202280310353}",12,3,36,0,9,radius,0,167
267,1825.9081034458468,84.49995109796598,0.5018,global,-3.470034065706578,-4.05788387798682,0.5878498122802416,0.7098797138033385,1.3399118106586998,global,,,0.7740419789312714,0.004493293172223269,0.009317334952262663,9.999999747378752e-05,0.36779361574306857,0.0507089896231961,0.3333443027927683,0.808985755281103,"{""kernels.0.base_kernel.kernels.0"": [0.33333855083427416, 0.33334133368895813, 0.33333552043560166, 0.3333347416589953, 0.33334727189657837, 0.3333412556121793, 0.33332882324712354, 0.3333267714945715, 0.3333358454966253, 0.33333489444516384, 0.3333370189689004, 0.33333799450997387, 0.333337014735309, 0.33333594453548365, 0.33333768267587743, 0.3333375750077887, 0.3333322936070547, 0.33332156312699635], ""kernels.0.base_kernel.kernels.1.base_kernel"": [0.6931481805599428, 0.6931481805599428, 0.6931481805599428], ""kernels.1.base_kernel.kernels.0"": [0.0507089896231961, 0.6115402440451292, 0.6445641833536349, 0.4360613813950125, 0.808985755281103, 0.3960880231206335, 0.3290598728014108, 0.4021895654354627, 0.6472043916932728, 0.6380267102953407, 0.36258516874012464, 0.759322945078387, 0.23509673194064373, 0.44468025244260917, 0.43966877782119396, 0.2051407464984944, 0.34966439073894984, 0.5955445818171069], ""kernels.1.base_kernel.kernels.1"": [0.6931481805599428, 0.6931481805599428, 0.6931481805599428]}","{""kernels.0"": 4.9476664348264815e-06, ""kernels.0.base_kernel.kernels.1"": 0.0013904508359768638, ""kernels.1"": 1.101985448726794}",12,3,36,0,9,radius,0,168
268,270.53863885019473,84.49995109796598,0.5014,global,-3.342286555936321,-4.03661410463881,0.6943275487024887,0.5898243800041186,1.3612464637976893,global,,,0.7952336014102582,0.004544881939843814,0.009373276102995468,9.999999747378752e-05,0.37165332196126316,0.05070700838089476,0.33334421689697713,0.8022770554911518,"{""kernels.0.base_kernel.kernels.0"": [0.3333385761084161, 0.3333413265110354, 0.3333355187319767, 0.3333347710759524, 0.33334710728291883, 0.33334121179061743, 0.33332881037998097, 0.3333268463526518, 0.33333585023796153, 0.33333485157075876, 0.33333700990682646, 0.33333782176336063, 0.33333701841672814, 0.3333359924068335, 0.3333376608067609, 0.33333757031538336, 0.3333322997464901, 0.3333213058342725], ""kernels.0.base_kernel.kernels.1.base_kernel"": [0.6931481805599428, 0.6931481805599428, 0.6931481805599428], ""kernels.1.base_kernel.kernels.0"": [0.05070700838089476, 0.6139610953349917, 0.6445875150333884, 0.44061491176316453, 0.8022770554911518, 0.39013179542003495, 0.32620916533970173, 0.4081169051103419, 0.6426581120231215, 0.6324538916375171, 0.36294594589830204, 0.760128600179535, 0.23271367565169165, 0.4421527671065631, 0.4369304770031853, 0.2059778656370908, 0.34994463189675834, 0.5816661408708589], ""kernels.1.base_kernel.kernels.1"": [0.6931481805599428, 0.6931481805599428, 0.6931481805599428]}","{""kernels.0"": 4.947667825218867e-06, ""kernels.0.base_kernel.kernels.1"": 0.0013904508285461897, ""kernels.1"": 1.113564567387418}",12,3,36,0,9,radius,0,169
269,386.4246855587105,84.49995109796598,0.4992,global,-3.461402350743599,-7.240067462598412,3.7786651118548127,1.0239776269938954,1.3346867439486476,global,,,0.8404597756546108,0.004523225797750752,0.009361578294572724,9.999999747378752e-05,0.3674726815108405,0.05070653483715414,0.33334420222931804,0.8018878156701276,"{""kernels.0.base_kernel.kernels.0"": [0.33333857904612035, 0.33334132956819446, 0.33333552139646055, 0.3333347796018933, 0.3333470748904416, 0.3333412042522556, 0.3333288166678228, 0.3333268685590848, 0.3333358597675163, 0.3333348481589801, 0.33333700919046405, 0.3333377852435697, 0.33333701953969436, 0.33333600667616464, 0.3333376543587155, 0.3333375679422624, 0.3333323024795027, 0.3333212643725533], ""kernels.0.base_kernel.kernels.1.base_kernel"": [0.6931481805599428, 0.6931481805599428, 0.6931481805599428], ""kernels.1.base_kernel.kernels.0"": [0.05070653483715414, 0.6155939364511884, 0.6448844927978203, 0.4424096116850918, 0.8018878156701276, 0.3900565340385292, 0.3268659694801187, 0.41032224022962915, 0.6427327664116129, 0.6322535295883087, 0.3638643546698721, 0.7608346386688031, 0.23328712066163101, 0.4423485545861576, 0.43657878873549705, 0.20658660569732357, 0.35025591307988346, 0.5794704630350908], ""kernels.1.base_kernel.kernels.1"": [0.6931481805599428, 0.6931481805599428, 0.6931481805599428]}","{""kernels.0"": 4.947666819741324e-06, ""kernels.0.base_kernel.kernels.1"": 0.0013904508265878469, ""kernels.1"": 1.101022646039114}",12,3,36,0,9,radius,0,170
270,264.87063920221055,84.49995109796598,0.4984,global,-3.4631523762502,-5.776668479746458,2.3135161034962577,0.5820817694293727,1.1793233530662146,global,,,0.7859049693929582,0.004546473807399299,0.009354627576078264,9.999999747378752e-05,0.36909678000179014,0.05070371250927527,0.33334409244559343,0.7964305364930593,"{""kernels.0.base_kernel.kernels.0"": [0.3333386097445966, 0.3333412993782217, 0.3333355211109718, 0.3333347679110396, 0.33334688551296515, 0.33334114430850426, 0.3333288049448206, 0.33332693278647224, 0.33333587898136535, 0.33333480343481614, 0.3333369914674669, 0.3333375435582754, 0.33333701788569237, 0.3333360717109436, 0.33333762215715085, 0.33333755586369507, 0.33333230707732875, 0.3333209743106595], ""kernels.0.base_kernel.kernels.1.base_kernel"": [0.6931481805599428, 0.6931481805599428, 0.6931481805599428], ""kernels.1.base_kernel.kernels.0"": [0.05070371250927527, 0.6153407066833918, 0.645126250247561, 0.4425361975035125, 0.7964305364930593, 0.38152728432633315, 0.32477501677732795, 0.4172842481635697, 0.6392238229499196, 0.6281389075861878, 0.3634424840978023, 0.7616228212379517, 0.23127615717947775, 0.4394590851844401, 0.4333133228885203, 0.2062291231806425, 0.35063886007444717, 0.5640551816333148], ""kernels.1.base_kernel.kernels.1"": [0.6931481805599428, 0.6931481805599428, 0.6931481805599428]}","{""kernels.0"": 4.947667951941483e-06, ""kernels.0.base_kernel.kernels.1"": 0.001390450816018331, ""kernels.1"": 1.1058949415214}",12,3,36,0,9,radius,0,171
271,279.10961712558037,84.49995109796598,0.4964,global,-3.5406499728283793,-6.127854087962401,2.5872041151340217,1.328709755219657,1.3912851796804975,global,,,0.7663642197244773,0.004526720441723748,0.00934286141864179,9.999999747378752e-05,0.3654516389471399,0.05070326656138949,0.33334408077570593,0.7965028632471781,"{""kernels.0.base_kernel.kernels.0"": [0.3333386115871913, 0.33334129920726385, 0.3333355235267539, 0.3333347717086069, 0.333346862344148, 0.33334113666948767, 0.33332880910122925, 0.3333269440678177, 0.33333588816271004, 0.33333480173044444, 0.33333698976832715, 0.33333751051095356, 0.33333701794740195, 0.3333360835100357, 0.3333376163115407, 0.33333755303750384, 0.333332308793947, 0.33332094893601133], ""kernels.0.base_kernel.kernels.1.base_kernel"": [0.6931481805599428, 0.6931481805599428, 0.6931481805599428], ""kernels.1.base_kernel.kernels.0"": [0.05070326656138949, 0.6165664419180167, 0.6453616773562114, 0.44399691847162914, 0.7965028632471781, 0.38138392867496845, 0.32543796233647626, 0.4189498160931683, 0.6394873020855582, 0.62826894173629, 0.36412122105282146, 0.7622225636269837, 0.23190342751143625, 0.43985460331772086, 0.4330879743048364, 0.2066105341345108, 0.3508791484968874, 0.5627047604013536], ""kernels.1.base_kernel.kernels.1"": [0.6931481805599428, 0.6931481805599428, 0.6931481805599428]}","{""kernels.0"": 4.947667045605809e-06, ""kernels.0.base_kernel.kernels.1"": 0.001390450814157733, ""kernels.1"": 1.0949595183602163}",12,3,36,0,9,radius,1,172
272,159.90862058474016,84.49995109796598,0.501,local,-3.2339064619930475,-4.0976626355900665,0.863756173597019,0.15290579638842902,0.5465315557132667,radius,,,0.1843086493128092,0.004543681050810745,0.009331695767732729,9.999999747378752e-05,0.3666507633923019,0.05070003729990712,0.333343971693896,0.7945915817428743,"{""kernels.0.base_kernel.kernels.0"": [0.3333386396674223, 0.33334124529865905, 0.3333355247701047, 0.3333347373940477, 0.333346698089133, 0.33334107797701656, 0.33332879071578464, 0.3333269675339701, 0.3333359137654359, 0.3333347648949548, 0.3333369653202549, 0.33333723532595416, 0.33333701333018706, 0.3333361467854385, 0.333337581536233, 0.3333375371412784, 0.33333230998643204, 0.3333207074932247], ""kernels.0.base_kernel.kernels.1.base_kernel"": [0.6931481805599428, 0.6931481805599428, 0.6931481805599428], ""kernels.1.base_kernel.kernels.0"": [0.05070003729990712, 0.6156735792820819, 0.645205715554325, 0.44428275686942814, 0.7945915817428743, 0.3737873505094074, 0.32327577305529703, 0.42502237070015286, 0.6377605872842065, 0.6266755330059736, 0.36318429126974816, 0.7621029368135303, 0.23101078151216678, 0.437662366427164, 0.43008378209409776, 0.20619992503702128, 0.3511611151701552, 0.5496384452648657], ""kernels.1.base_kernel.kernels.1"": [0.6931481805599428, 0.6931481805599428, 0.6931481805599428]}","{""kernels.0"": 4.947667954564984e-06, ""kernels.0.base_kernel.kernels.1"": 0.001390450801887406, ""kernels.1"": 1.0985568917070636}",12,3,36,1,9,radius,0,173
273,115.3157836333674,84.49995109796598,0.502,local,-1.7307605302807259,-4.778609997041872,3.0478494667611455,0.18670872466801944,0.9294635423981871,radius,,,0.18391063211804776,0.004604576245461017,0.009320555350828713,9.999999747378752e-05,0.37913672856591596,0.05069885045203063,0.3333438780332124,0.7847094597246254,"{""kernels.0.base_kernel.kernels.0"": [0.33333868823230006, 0.3333411082314615, 0.33333549723042766, 0.33333478807603206, 0.33334664783496337, 0.333341103547896, 0.3333287890235525, 0.3333268203727022, 0.3333357280786643, 0.33333475316306116, 0.33333693600276426, 0.3333361067783531, 0.33333701740024313, 0.33333620332572045, 0.3333375747126323, 0.3333375659938941, 0.33333230691116617, 0.33332062729005757], ""kernels.0.base_kernel.kernels.1.base_kernel"": [0.6931481805599428, 0.6931481805599428, 0.6931481805599428], ""kernels.1.base_kernel.kernels.0"": [0.05069885045203063, 0.6115718890960922, 0.6437788688083015, 0.4480513086295951, 0.7847094597246254, 0.36843639039721976, 0.32389047657262393, 0.41630823669309586, 0.6181186749454363, 0.6262997202896309, 0.3587325881420171, 0.7188564783215391, 0.23189624034302703, 0.43650950279830286, 0.4281294901576511, 0.20669795828712714, 0.35158369161976555, 0.5456739128139363], ""kernels.1.base_kernel.kernels.1"": [0.6931481805599428, 0.6931481805599428, 0.6931481805599428]}","{""kernels.0"": 4.947681731366752e-06, ""kernels.0.base_kernel.kernels.1"": 0.0013904507977554655, ""kernels.1"": 1.136014787218261}",12,3,36,1,9,radius,0,174
274,210.78203593040013,84.49995109796598,0.5034,global,-3.2801424775931247,-5.174856711737515,1.8947142341443906,1.4207021351888496,1.4023096536222448,global,,,0.663638501765736,0.004679640239778844,0.009312888263857018,9.999999747378752e-05,0.36630550927662736,0.050695370685293686,0.3358466272956928,0.7261135695972234,"{""kernels.0.base_kernel.kernels.0"": [0.33333892128054204, 0.33334048941574707, 0.3333356174923769, 0.3333354251925519, 0.33334580997876195, 0.333341256343156, 0.33332883931289536, 0.3333257108953678, 0.3333340233777656, 0.3333348944008565, 0.3333365932619615, 0.33332828262847214, 0.3333370820341828, 0.33333643121877105, 0.3333375512516535, 0.33333772685102775, 0.33333230919632445, 0.33332147650826277], ""kernels.0.base_kernel.kernels.1.base_kernel"": [0.6931481805599428, 0.6931481805599428, 0.6931481805599428], ""kernels.1.base_kernel.kernels.0"": [0.050695370685293686, 0.5998545728782652, 0.6482769544469037, 0.522038296992718, 0.7261135695972234, 0.37267488059030274, 0.3383474446126236, 0.3525190420888332, 0.523730284056902, 0.6433270379597259, 0.3405589999637754, 0.4488361708786195, 0.25272386138501, 0.44157353123496984, 0.4231805791957726, 0.21725883706824275, 0.3570399184043407, 0.5988932417801894], ""kernels.1.base_kernel.kernels.1"": [0.6931481805599428, 0.6931481805599428, 0.6931481805599428]}","{""kernels.0"": 4.947759638527363e-06, ""kernels.0.base_kernel.kernels.1"": 0.0013904507817790563, ""kernels.1"": 1.0975211292884643}",12,3,36,0,9,radius,0,175
275,269.6944528159976,84.49995109796598,0.4296,global,-3.504665573360361,-4.3550522639185285,0.8503866905581674,0.8190893781610936,1.3224287476375547,global,,,0.7169604809135002,0.0046833907256171,0.009300177335136555,9.999999747378752e-05,0.3659011511322688,0.05068671053575033,0.33334354627643925,0.7697553441682534,"{""kernels.0.base_kernel.kernels.0"": [0.3333384607315355, 0.3333404409032763, 0.33333596042587677, 0.33333478236794883, 0.33334621175773566, 0.33334088079514285, 0.33332913323868146, 0.33332661411542813, 0.33333403032691866, 0.3333349069286441, 0.3333368192093056, 0.3333279749589944, 0.3333368839098449, 0.33333618075617777, 0.33333741200403916, 0.3333376508568292, 0.33333233130762147, 0.333322449108573], ""kernels.0.base_kernel.kernels.1.base_kernel"": [0.6931481805599428, 0.6931481805599428, 0.6931481805599428], ""kernels.1.base_kernel.kernels.0"": [0.05068671053575033, 0.6208369778014311, 0.651431872848586, 0.4526111307629985, 0.7697553441682534, 0.3609299536874917, 0.32131491260872724, 0.36858862739992815, 0.5787918310782025, 0.6158430890483041, 0.3868681106434194, 0.39652942759765747, 0.26913617077436014, 0.4424306505329206, 0.4465535168749853, 0.2302946854802343, 0.3631534281937225, 0.581016282829122], ""kernels.1.base_kernel.kernels.1"": [0.6931481805599428, 0.6931481805599428, 0.6931481805599428]}","{""kernels.0"": 4.947772082828088e-06, ""kernels.0.base_kernel.kernels.1"": 0.0013904507403275797, ""kernels.1"": 1.096308054884396}",12,3,36,0,9,radius,0,176
276,211.94702575727925,84.49995109796598,0.4996,global,-3.526539797167796,-4.611901068177203,1.0853612710094072,1.21623511916865,1.4003761534270458,global,,,0.675344835115094,0.004672647663123049,0.009288764555463562,9.999999747378752e-05,0.36467264595223314,0.05068408046584457,0.33334355878799926,0.7620141629604543,"{""kernels.0.base_kernel.kernels.0"": [0.33333829556477734, 0.33334062503281764, 0.33333605880816747, 0.3333350153970662, 0.33334637846081505, 0.33334073911518347, 0.3333293234317661, 0.333326861173183, 0.3333340979572969, 0.33333484284269704, 0.33333681259795767, 0.33332842548094627, 0.33333680189770176, 0.33333608040811213, 0.3333373994711536, 0.3333375998862794, 0.33333233844521043, 0.3333228307205962], ""kernels.0.base_kernel.kernels.1.base_kernel"": [0.6931481805599428, 0.6931481805599428, 0.6931481805599428], ""kernels.1.base_kernel.kernels.0"": [0.05068408046584457, 0.6352442802327677, 0.649986260663021, 0.46874641467058586, 0.7620141629604543, 0.3585055237140871, 0.3200406394596455, 0.37622728420274915, 0.5818154825492989, 0.6075368028987034, 0.3853481774452083, 0.3907926897488662, 0.25927530325934567, 0.4412763981694826, 0.45611940718556443, 0.24006424843208946, 0.36467408543845353, 0.5873537929785899], ""kernels.1.base_kernel.kernels.1"": [0.6931481805599428, 0.6931481805599428, 0.6931481805599428]}","{""kernels.0"": 4.9477652005793894e-06, ""kernels.0.base_kernel.kernels.1"": 0.0013904507248422952, ""kernels.1"": 1.0926225393666567}",12,3,36,0,9,radius,0,177
277,297.1298711431974,84.49995109796598,0.5006,global,-3.581202655895483,-4.543199978192344,0.9619973222968605,0.632557035659139,1.284363393255448,global,,,0.7041608122839584,0.0046822062309579285,0.00927660860975632,9.999999747378752e-05,0.3681747520511393,0.0506835555753721,0.33334356405849347,0.7610284868550328,"{""kernels.0.base_kernel.kernels.0"": [0.3333382744286424, 0.3333406317935717, 0.33333607246413915, 0.33333501902656787, 0.33334640648444963, 0.3333407216325373, 0.3333293507087074, 0.3333268883905676, 0.33333410427942384, 0.3333348231206442, 0.3333368118518248, 0.3333285037260659, 0.33333679181568293, 0.3333360717598734, 0.33333739941686247, 0.3333375922402633, 0.3333323371836082, 0.33332286570326747], ""kernels.0.base_kernel.kernels.1.base_kernel"": [0.6931481805599428, 0.6931481805599428, 0.6931481805599428], ""kernels.1.base_kernel.kernels.0"": [0.0506835555753721, 0.6341084110367656, 0.6497299073979531, 0.46552041574819425, 0.7610284868550328, 0.3578305453729633, 0.31966740443814157, 0.3776035045312801, 0.5822452539632382, 0.6062053419521382, 0.38542177420681595, 0.3897788266389686, 0.25854179000946736, 0.44127913419746506, 0.45719187404085754, 0.2411272677108907, 0.36460390794089187, 0.5873883242525207], ""kernels.1.base_kernel.kernels.1"": [0.6931481805599428, 0.6931481805599428, 0.6931481805599428]}","{""kernels.0"": 4.947765263646533e-06, ""kernels.0.base_kernel.kernels.1"": 0.0013904507220119744, ""kernels.1"": 1.1031288576661422}",12,3,36,0,9,radius,0,178
278,292.30926246343347,84.49995109796598,0.478,global,-3.5867438581673827,-4.395969288902092,0.8092254307347089,0.5031206859110046,1.2147243723202357,global,,,0.706338422771287,0.004666288059293727,0.009266147599980975,9.999999747378752e-05,0.3656744653434641,0.05068302139846405,0.3333435711876105,0.7608567798835216,"{""kernels.0.base_kernel.kernels.0"": [0.3333382488060536, 0.33334064659236246, 0.3333360888638728, 0.3333350352523046, 0.3333464386047816, 0.33334070377043945, 0.3333293855557449, 0.33332692399281133, 0.33333411664942025, 0.3333348021624193, 0.3333368155383592, 0.33332859890600364, 0.33333678093517977, 0.33333606547503597, 0.333337398713596, 0.3333375835353937, 0.3333323380451348, 0.3333229178169055], ""kernels.0.base_kernel.kernels.1.base_kernel"": [0.6931481805599428, 0.6931481805599428, 0.6931481805599428], ""kernels.1.base_kernel.kernels.0"": [0.05068302139846405, 0.6345857854705897, 0.6497093632502947, 0.46373044011822084, 0.7608567798835216, 0.3584586201561788, 0.32002726708374496, 0.37984732734006305, 0.5834649661697145, 0.6054700264124874, 0.38644716137165935, 0.3902355392606583, 0.25858016858414906, 0.4421116962719847, 0.45865340860962833, 0.24300463980458073, 0.3647510719244539, 0.5884166606046516], ""kernels.1.base_kernel.kernels.1"": [0.6931481805599428, 0.6931481805599428, 0.6931481805599428]}","{""kernels.0"": 4.947763814968482e-06, ""kernels.0.base_kernel.kernels.1"": 0.0013904507188798006, ""kernels.1"": 1.0956279975476975}",12,3,36,1,9,radius,0,179
279,289.68967346665295,84.49995109796598,0.4998,global,-3.5758386889517517,-5.6117582885141735,2.0359195995624217,0.6263661908764123,1.2878087790663324,global,,,0.7312616144933153,0.0046741608956911785,0.00925569865448116,9.999999747378752e-05,0.3681040417043926,0.05068244982388071,0.3333435744225627,0.759884151433435,"{""kernels.0.base_kernel.kernels.0"": [0.3333382271625902, 0.3333406517059489, 0.3333361021124288, 0.3333350430345262, 0.3333464637986654, 0.33334068504646003, 0.33332941135659433, 0.33332694637296434, 0.3333341161218621, 0.3333347768448839, 0.3333368165128243, 0.33332867839652797, 0.33333676896099057, 0.33333605822397594, 0.33333739852989425, 0.33333757495844824, 0.33333233690491954, 0.3333229552454041], ""kernels.0.base_kernel.kernels.1.base_kernel"": [0.6931481805599428, 0.6931481805599428, 0.6931481805599428], ""kernels.1.base_kernel.kernels.0"": [0.05068244982388071, 0.6333689756856324, 0.6493993098848737, 0.4606033304198738, 0.759884151433435, 0.3575107866418548, 0.31925489860895434, 0.3809544859598002, 0.5839494399150076, 0.6041210237629038, 0.3864371311988548, 0.38951821016941146, 0.25756605241016384, 0.44215686309018815, 0.45975495310613496, 0.2439978844720764, 0.36461314156375785, 0.5886857887819018], ""kernels.1.base_kernel.kernels.1"": [0.6931481805599428, 0.6931481805599428, 0.6931481805599428]}","{""kernels.0"": 4.947763656561056e-06, ""kernels.0.base_kernel.kernels.1"": 0.0013904507158723444, ""kernels.1"": 1.1029167266336488}",12,3,36,0,9,radius,0,180
280,550.2476956891757,84.49995109796598,0.4988,global,-3.617635934552649,-4.27487858818091,0.6572426536282614,0.9084942071237334,1.2990313131647924,global,,,0.7244456157174058,0.004659341170812132,0.00924506625058354,9.999999747378752e-05,0.36554419177301267,0.05068188592269331,0.33334357771456846,0.7593769011888482,"{""kernels.0.base_kernel.kernels.0"": [0.3333382025259348, 0.33334066626124437, 0.3333361186245559, 0.33333506052202627, 0.3333464885872856, 0.3333406668418513, 0.3333294441481624, 0.3333269753774777, 0.3333341209492334, 0.3333347536399725, 0.3333368193488353, 0.33332876880045886, 0.33333675655120343, 0.3333360531954551, 0.33333739790874256, 0.3333375658668156, 0.3333323372340923, 0.3333230051413329], ""kernels.0.base_kernel.kernels.1.base_kernel"": [0.6931481805599428, 0.6931481805599428, 0.6931481805599428], ""kernels.1.base_kernel.kernels.0"": [0.05068188592269331, 0.6337232915794972, 0.6494802189838563, 0.4589390675435646, 0.7593769011888482, 0.35792738935098417, 0.3194211721742359, 0.3829446382740489, 0.5851930288139846, 0.6031496309309382, 0.38699648359959843, 0.3899326262429116, 0.25737173226390797, 0.4429584947873125, 0.461054028412226, 0.24580897333776064, 0.36467358403340266, 0.5896798447848421], ""kernels.1.base_kernel.kernels.1"": [0.6931481805599428, 0.6931481805599428, 0.6931481805599428]}","{""kernels.0"": 4.9477622663916625e-06, ""kernels.0.base_kernel.kernels.1"": 0.0013904507126739516, ""kernels.1"": 1.0952371768440976}",12,3,36,2,9,radius,0,181
281,347.14952625848184,84.49995109796598,0.4992,global,-3.595797624145011,-5.02585597702913,1.4300583528841186,0.8267185580769167,1.2415015381594052,global,,,0.7921207249837914,0.0046735658720362195,0.009246327879119592,9.999999747378752e-05,0.3678540575853964,0.05068141920753291,0.33334358674010944,0.7582776865806554,"{""kernels.0.base_kernel.kernels.0"": [0.3333381851390418, 0.3333406697038563, 0.33333612941702556, 0.3333350670520163, 0.33334650377636255, 0.3333406517894365, 0.3333294622140169, 0.3333269899902146, 0.3333341188487861, 0.333334729050293, 0.33333681765047385, 0.3333288317646474, 0.3333367450658822, 0.33333605105002, 0.33333739668890405, 0.33333755514382357, 0.33333233542851776, 0.3333230347655377], ""kernels.0.base_kernel.kernels.1.base_kernel"": [0.6931481805599428, 0.6931481805599428, 0.6931481805599428], ""kernels.1.base_kernel.kernels.0"": [0.05068141920753291, 0.6322096328167696, 0.649210028032564, 0.45611103498425765, 0.7582776865806554, 0.3568894062491336, 0.31888028347313996, 0.3838971119578737, 0.5855052343632112, 0.6017394169077573, 0.3863614104052533, 0.3896363929456859, 0.2558816621276635, 0.443551580418713, 0.4614477424396843, 0.24587480274687637, 0.36435864811096996, 0.5899916040235962], ""kernels.1.base_kernel.kernels.1"": [0.6931481805599428, 0.6931481805599428, 0.6931481805599428]}","{""kernels.0"": 4.94776215779962e-06, ""kernels.0.base_kernel.kernels.1"": 0.00139045071022458, ""kernels.1"": 1.1021667742838068}",12,3,36,1,9,radius,0,182
282,237.83793426519557,84.49995109796598,0.4988,global,-3.6517146434708025,-4.418924195848273,0.7672095523774707,0.6374961126915596,1.280965255796981,global,,,0.8101336304993771,0.004661004172911164,0.009237860542141322,9.999999747378752e-05,0.3650432526806627,0.050680805696633455,0.33334360435322197,0.7575594395909092,"{""kernels.0.base_kernel.kernels.0"": [0.3333381587560622, 0.3333406830034539, 0.3333361459403642, 0.3333350874330409, 0.33334652570299, 0.3333406309157846, 0.3333294939879476, 0.3333270161433121, 0.33333412106788596, 0.3333346992754482, 0.3333368174936131, 0.3333289251752931, 0.33333672971232253, 0.33333605048774545, 0.33333739526976874, 0.3333375403819585, 0.33333233469383905, 0.33332308980976816], ""kernels.0.base_kernel.kernels.1.base_kernel"": [0.6931481805599428, 0.6931481805599428, 0.6931481805599428], ""kernels.1.base_kernel.kernels.0"": [0.050680805696633455, 0.6322428670391904, 0.6490997575071706, 0.45411029509532097, 0.7575594395909092, 0.35692057820815704, 0.3194289620406597, 0.38584858911365344, 0.5866685342784078, 0.6004769601620398, 0.38628740593027716, 0.39028888996121486, 0.25487412833491485, 0.4452971149695436, 0.4623496279386957, 0.24675332579110795, 0.3641703943262772, 0.5913873153137426], ""kernels.1.base_kernel.kernels.1"": [0.6931481805599428, 0.6931481805599428, 0.6931481805599428]}","{""kernels.0"": 4.947760591598928e-06, ""kernels.0.base_kernel.kernels.1"": 0.001390450706735067, ""kernels.1"": 1.0937343595746614}",12,3,36,0,9,radius,0,183
283,93.9347989539063,84.49995109796598,0.499,local,-3.3234697750972026,-4.661790026668729,1.3383202515715267,0.11466458971069653,0.4480345079812161,radius,,,0.14886951967833603,0.004666721114598023,0.009226168826238711,9.999999747378752e-05,0.3668091021745397,0.05068031465430849,0.3333436110752408,0.7564781187998645,"{""kernels.0.base_kernel.kernels.0"": [0.3333381417227674, 0.33334068377214676, 0.33333615623119633, 0.3333350972862531, 0.3333465383783348, 0.3333406131951103, 0.33332951364100744, 0.3333270260684724, 0.3333341152121798, 0.3333346735300912, 0.3333368147222821, 0.33332898427447344, 0.3333367181065115, 0.3333360477909441, 0.3333373950165407, 0.3333375294767751, 0.3333323330741549, 0.3333231202832322], ""kernels.0.base_kernel.kernels.1.base_kernel"": [0.6931481805599428, 0.6931481805599428, 0.6931481805599428], ""kernels.1.base_kernel.kernels.0"": [0.05068031465430849, 0.6310422644615823, 0.6487809583566693, 0.45167091067302784, 0.7564781187998645, 0.35576729683357233, 0.3195992876735134, 0.38636188383224296, 0.5867715028276721, 0.599318615835706, 0.3854874723172771, 0.38965322288694965, 0.2536407781469718, 0.4458096902242887, 0.46278694814769966, 0.24681156104985977, 0.3638952046303353, 0.5918222886834632], ""kernels.1.base_kernel.kernels.1"": [0.6931481805599428, 0.6931481805599428, 0.6931481805599428]}","{""kernels.0"": 4.947760460947548e-06, ""kernels.0.base_kernel.kernels.1"": 0.0013904507041063805, ""kernels.1"": 1.0990319080590518}",12,3,36,2,9,radius,0,184
284,490.1870489851144,84.49995109796598,0.5012,global,-3.7064655510291002,-5.036626097472818,1.330160546443718,0.8916793552644949,1.354956334035487,global,,,0.7793539275228478,0.004654648762251813,0.00922310872573361,9.999999747378752e-05,0.3641623812649933,0.05067986535342795,0.33334361995904593,0.7560821567803608,"{""kernels.0.base_kernel.kernels.0"": [0.33333812541476937, 0.33334068986963356, 0.33333617332822035, 0.33333511189409, 0.33334655004845837, 0.333340598692133, 0.3333295358412928, 0.3333270336840944, 0.3333341182575942, 0.33333464483521347, 0.33333681515817837, 0.3333290621473225, 0.33333670718234376, 0.3333360480269999, 0.3333373944528524, 0.33333752013625156, 0.33333233223103004, 0.33332315157673764], ""kernels.0.base_kernel.kernels.1.base_kernel"": [0.6931481805599428, 0.6931481805599428, 0.6931481805599428], ""kernels.1.base_kernel.kernels.0"": [0.05067986535342795, 0.6312622762121636, 0.6494276287286619, 0.45037073956509394, 0.7560821567803608, 0.3557819548517358, 0.320350418590491, 0.38787039590243744, 0.5878069315164018, 0.5983165535380729, 0.3854672242187369, 0.3920152550730702, 0.25304726751363205, 0.44688843108641374, 0.4634680998019933, 0.24743079036275378, 0.3637825448035269, 0.5925661109645284], ""kernels.1.base_kernel.kernels.1"": [0.6931481805599428, 0.6931481805599428, 0.6931481805599428]}","{""kernels.0"": 4.947759411319275e-06, ""kernels.0.base_kernel.kernels.1"": 0.0013904507013654144, ""kernels.1"": 1.0910917453342033}",12,3,36,0,9,radius,0,185
285,572.027322221704,84.49995109796598,0.4964,global,-3.6347767935208095,-4.414626923513271,0.7798501299924618,0.5023531212977406,1.3673627776239563,global,,,0.8197469997971989,0.00466619429569307,0.0092214212307409,9.999999747378752e-05,0.3659358846849467,0.050679211833380644,0.3333436228930545,0.754876530998605,"{""kernels.0.base_kernel.kernels.0"": [0.3333381064159699, 0.3333406855414761, 0.3333361922226894, 0.33333512577813185, 0.333346560244633, 0.3333405768111983, 0.33332955588097635, 0.3333270349265277, 0.33333411310872507, 0.33333460059653686, 0.33333680982423886, 0.3333291513382397, 0.33333669008464645, 0.3333360474536829, 0.3333373965041218, 0.33333750831220876, 0.33333232975065685, 0.3333231806413046], ""kernels.0.base_kernel.kernels.1.base_kernel"": [0.6931481805599428, 0.6931481805599428, 0.6931481805599428], ""kernels.1.base_kernel.kernels.0"": [0.050679211833380644, 0.6298693422444248, 0.6486268893436243, 0.44718081119150377, 0.754876530998605, 0.3542113037937625, 0.3202186010378312, 0.38815724726513334, 0.5885008775584236, 0.5962378787775997, 0.38427432075617424, 0.39310323522556123, 0.2510491139250782, 0.4473864174479436, 0.46424682144691554, 0.24794219832678363, 0.3633602420140105, 0.5927177862842471], ""kernels.1.base_kernel.kernels.1"": [0.6931481805599428, 0.6931481805599428, 0.6931481805599428]}","{""kernels.0"": 4.947759467366291e-06, ""kernels.0.base_kernel.kernels.1"": 0.0013904506975863384, ""kernels.1"": 1.0964122555977864}",12,3,36,1,9,radius,0,186
286,255.1485940931714,84.49995109796598,0.5008,global,-3.6664886806294654,-4.427820538982959,0.7613318583534938,0.42457476685029055,1.0884676523048893,global,,,0.823243777061875,0.004658695019272655,0.009223548602939391,9.999999747378752e-05,0.3632656203664455,0.05067883028019722,0.333343628175943,0.7547010531843427,"{""kernels.0.base_kernel.kernels.0"": [0.3333380933745688, 0.33334068904302316, 0.3333362044842555, 0.3333351418838923, 0.33334656730886286, 0.33334056363903725, 0.33332957123788076, 0.3333270391272369, 0.3333341118350855, 0.33333457826146734, 0.3333368062810224, 0.33332920480311656, 0.33333667952887025, 0.3333360488593659, 0.3333373973624899, 0.3333375005032437, 0.33333232872171054, 0.3333232084343751], ""kernels.0.base_kernel.kernels.1.base_kernel"": [0.6931481805599428, 0.6931481805599428, 0.6931481805599428], ""kernels.1.base_kernel.kernels.0"": [0.05067883028019722, 0.6301571515168756, 0.6482739590227294, 0.44655728903157865, 0.7547010531843427, 0.35405127677928205, 0.3208294779445824, 0.38894020348220454, 0.5893021189247442, 0.5955655230326709, 0.3840831138051771, 0.39381381601491167, 0.25047914754980477, 0.448126776657169, 0.4648885841802637, 0.24873216542947307, 0.36318763203747845, 0.5934068479594948], ""kernels.1.base_kernel.kernels.1"": [0.6931481805599428, 0.6931481805599428, 0.6931481805599428]}","{""kernels.0"": 4.947758598787209e-06, ""kernels.0.base_kernel.kernels.1"": 0.0013904506952263584, ""kernels.1"": 1.0884014626455114}",12,3,36,0,9,radius,0,187
287,111.16781941888016,84.49995109796598,0.4998,local,-3.6400727328244273,-5.657759729874649,2.017686997050222,0.21036787369197998,0.6613967850245128,radius,,,0.16759676003177146,0.004666610036368524,0.00921229738136577,9.999999747378752e-05,0.36448925669935894,0.05067807756421151,0.33334363068161266,0.7534818391286894,"{""kernels.0.base_kernel.kernels.0"": [0.3333380731771196, 0.3333406856209166, 0.3333362234333727, 0.3333351614289959, 0.33334657574230864, 0.3333405360003751, 0.333329589077429, 0.3333270364703209, 0.33333409726333224, 0.33333453181139916, 0.3333367953248025, 0.3333292868321186, 0.3333366598535248, 0.3333360481670452, 0.3333373994612222, 0.33333748555746934, 0.3333323253738129, 0.33332324179944584], ""kernels.0.base_kernel.kernels.1.base_kernel"": [0.6931481805599428, 0.6931481805599428, 0.6931481805599428], ""kernels.1.base_kernel.kernels.0"": [0.05067807756421151, 0.629198478280364, 0.6472008518661094, 0.4433885518481152, 0.7534818391286894, 0.3519768647330824, 0.3204117451149294, 0.3895718504232396, 0.5895313974409604, 0.5937099339049692, 0.3824728616895779, 0.393111286536418, 0.24878985623850486, 0.44856720654494137, 0.4656190120225944, 0.24932258211909905, 0.36264498800213646, 0.5937187835593191], ""kernels.1.base_kernel.kernels.1"": [0.6931481805599428, 0.6931481805599428, 0.6931481805599428]}","{""kernels.0"": 4.947758645176965e-06, ""kernels.0.base_kernel.kernels.1"": 0.0013904506908364572, ""kernels.1"": 1.0920723716485952}",12,3,36,2,9,radius,1,188
288,235.85893757231483,84.49995109796598,0.4946,global,-3.692027330463259,-4.848580572402342,1.1565532419390827,0.6860366175690426,1.2510272181504636,global,,,0.8050129908838801,0.0046565404195256285,0.009206030846766989,9.999999747378752e-05,0.3619229875391032,0.050677534917090684,0.33334363156043617,0.7530114145638105,"{""kernels.0.base_kernel.kernels.0"": [0.33333806600391264, 0.33334069604231303, 0.33333612871120105, 0.33333519128610284, 0.3333465670785593, 0.333340518587212, 0.3333296087834143, 0.33332701037869394, 0.3333341111160342, 0.333334476698484, 0.3333367858994623, 0.333329323846479, 0.3333366530939223, 0.33333605216775697, 0.3333374042378995, 0.33333747794927404, 0.33333232360721077, 0.3333232639349186], ""kernels.0.base_kernel.kernels.1.base_kernel"": [0.6931481805599428, 0.6931481805599428, 0.6931481805599428], ""kernels.1.base_kernel.kernels.0"": [0.050677534917090684, 0.6295376467243585, 0.6438509033778241, 0.44361303669490504, 0.7530114145638105, 0.35093606156194557, 0.32097628955665813, 0.38967996103521957, 0.5915679521525219, 0.5920295479515293, 0.382093253436067, 0.3931170889658149, 0.24853068370540604, 0.44936798250410603, 0.46647684881330104, 0.2505472819450925, 0.3624628614041968, 0.5946953490358683], ""kernels.1.base_kernel.kernels.1"": [0.6931481805599428, 0.6931481805599428, 0.6931481805599428]}","{""kernels.0"": 4.947759280029549e-06, ""kernels.0.base_kernel.kernels.1"": 0.0013904506872848424, ""kernels.1"": 1.0843735641707446}",12,3,36,1,9,radius,0,189
289,111.49486719690981,84.49995109796598,0.5006,local,-3.4005683540269747,-5.473700188836839,2.073131834809864,0.11316832102179912,0.7186710503760628,radius,,,0.17958586974957214,0.00466385960149192,0.0091945309522552,9.999999747378752e-05,0.3637618216259264,0.050677071003945584,0.33334362713443977,0.7519967422800719,"{""kernels.0.base_kernel.kernels.0"": [0.333338062342492, 0.3333406979171775, 0.3333360508466933, 0.3333352068348651, 0.3333465563517021, 0.3333405023012652, 0.33332961901571123, 0.33332698247171294, 0.33333411529007256, 0.333334427917564, 0.3333367756235708, 0.33332934592576563, 0.333336646412615, 0.3333360568783531, 0.3333374084484703, 0.33333747182430573, 0.33333232065282037, 0.33332327161877556], ""kernels.0.base_kernel.kernels.1.base_kernel"": [0.6931481805599428, 0.6931481805599428, 0.6931481805599428], ""kernels.1.base_kernel.kernels.0"": [0.050677071003945584, 0.6289070887812651, 0.641136095159509, 0.4423568387678646, 0.7519967422800719, 0.34906845056802316, 0.32076357628426455, 0.3890219562898677, 0.5924415839976354, 0.5901905705877846, 0.3810143867980754, 0.39206122743782273, 0.2474652969217474, 0.4500428493670228, 0.4668792421522678, 0.25108394335662826, 0.36206646265547393, 0.5949305386837211], ""kernels.1.base_kernel.kernels.1"": [0.6931481805599428, 0.6931481805599428, 0.6931481805599428]}","{""kernels.0"": 4.947760839023901e-06, ""kernels.0.base_kernel.kernels.1"": 0.0013904506843655316, ""kernels.1"": 1.0898900664325746}",12,3,36,2,9,radius,0,190
290,93.72402508343765,84.49995109796598,0.4998,global,-3.5029410339077693,-4.592870949856093,1.0899299159483236,0.48858127582113925,1.091604515541513,global,,,0.13303255569616482,0.004648908189918677,0.009188227417379307,9.999999747378752e-05,0.35967628549774044,0.05067607524055042,0.3333435809342161,0.7500673847367723,"{""kernels.0.base_kernel.kernels.0"": [0.3333380599061259, 0.33334065542897384, 0.33333585400066934, 0.3333352518667832, 0.3333465064394584, 0.33334045959995734, 0.3333296537037709, 0.3333269288328543, 0.33333417656424735, 0.3333343425956196, 0.333336756274456, 0.3333294499174312, 0.33333663186250034, 0.33333606737320304, 0.33333741326905747, 0.33333745271722115, 0.3333322072953086, 0.33332337347122326], ""kernels.0.base_kernel.kernels.1.base_kernel"": [0.6931481805599428, 0.6931481805599428, 0.6931481805599428], ""kernels.1.base_kernel.kernels.0"": [0.05067607524055042, 0.6267966808714194, 0.6354746917185226, 0.4419975776831388, 0.7500673847367723, 0.3458911440417814, 0.32156783346922047, 0.38759208438821124, 0.5954972914317451, 0.5877796181585988, 0.3795594291126058, 0.39745882997586823, 0.24692721361506198, 0.4539425230417871, 0.46842298145906536, 0.2533226693022654, 0.3556205307508576, 0.6000174042609039], ""kernels.1.base_kernel.kernels.1"": [0.6931481805599428, 0.6931481805599428, 0.6931481805599428]}","{""kernels.0"": 4.947762844899596e-06, ""kernels.0.base_kernel.kernels.1"": 0.0013904506765755904, ""kernels.1"": 1.077633458053801}",12,3,36,0,9,radius,0,191
291,122.21916157031168,84.49995109796598,0.4988,global,-3.598751168253134,-4.842871249516744,1.2441200812636097,0.3179521747406599,0.9033399405167833,global,,,0.48914037799314825,0.004661362876632719,0.00918551689938243,9.999999747378752e-05,0.3623981888117878,0.05067583902743867,0.33334356457160197,0.7492149884483065,"{""kernels.0.base_kernel.kernels.0"": [0.3333380644913837, 0.3333406398678017, 0.333335787132637, 0.3333352610248645, 0.33334648927540217, 0.33334045051976047, 0.33332965595296304, 0.33332690475368243, 0.3333341794164636, 0.33333431128082736, 0.33333674763626936, 0.3333294558025097, 0.3333366295080102, 0.3333360699991176, 0.3333374159184688, 0.3333374487581791, 0.33333218005150217, 0.3333233859190637], ""kernels.0.base_kernel.kernels.1.base_kernel"": [0.6931481805599428, 0.6931481805599428, 0.6931481805599428], ""kernels.1.base_kernel.kernels.0"": [0.05067583902743867, 0.6257357093720168, 0.6342129623366344, 0.44102796625982843, 0.7492149884483065, 0.34466666019435804, 0.3211301822610308, 0.3863676827674032, 0.5961661927553552, 0.5868525309814279, 0.37855554493161725, 0.39729211510292456, 0.24612031568555215, 0.4542323750358574, 0.4685241824572952, 0.25326585712550104, 0.3539700682682833, 0.6005824848060967], ""kernels.1.base_kernel.kernels.1"": [0.6931481805599428, 0.6931481805599428, 0.6931481805599428]}","{""kernels.0"": 4.947764745085113e-06, ""kernels.0.base_kernel.kernels.1"": 0.001390450674554218, ""kernels.1"": 1.0857991679960641}",12,3,36,0,9,radius,0,192
292,269.6906715682892,84.49995109796598,0.4984,global,-3.5199296993310774,-4.690796147776324,1.170866448445247,0.49205210002503613,1.2854840172416477,global,,,0.6679104409017075,0.004647901999859032,0.009177744286629324,9.999999747378752e-05,0.3598488905002089,0.050675422085736006,0.33334352813389534,0.7486949955322445,"{""kernels.0.base_kernel.kernels.0"": [0.33333807186723396, 0.333340600270209, 0.3333356448170327, 0.3333352813298965, 0.3333464559975817, 0.333340435680283, 0.333329683347159, 0.33332686741948786, 0.33333420496971056, 0.33333424912765414, 0.33333673356495636, 0.33332946891173554, 0.33333663038086553, 0.3333360768088335, 0.333337420669045, 0.333337450736163, 0.33333212742649726, 0.33332342701110673], ""kernels.0.base_kernel.kernels.1.base_kernel"": [0.6931481805599428, 0.6931481805599428, 0.6931481805599428], ""kernels.1.base_kernel.kernels.0"": [0.050675422085736006, 0.6251316012113471, 0.6321134305770458, 0.4413902173270856, 0.7486949955322445, 0.3441554299632274, 0.3231502858113797, 0.3857572580965742, 0.5992031901622035, 0.5859936857427908, 0.3778567356422327, 0.39787621356877473, 0.2462349162400186, 0.45593452514030414, 0.4694021733841507, 0.2549978290390804, 0.351298269725621, 0.6029879533603506], ""kernels.1.base_kernel.kernels.1"": [0.6931481805599428, 0.6931481805599428, 0.6931481805599428]}","{""kernels.0"": 4.947767329607597e-06, ""kernels.0.base_kernel.kernels.1"": 0.0013904506701192965, ""kernels.1"": 1.078151273063178}",12,3,36,0,9,radius,0,193
293,242.50960411130936,84.49995109796598,0.4982,global,-3.699948173180663,-4.44188792471077,0.7419397515301065,0.981086135125092,1.3891282649222478,global,,,0.7735412130677548,0.004655183199898676,0.009167117566328787,9.999999747378752e-05,0.362210955725647,0.05067517253402063,0.33334350486159603,0.7478551410520403,"{""kernels.0.base_kernel.kernels.0"": [0.33333807721208897, 0.3333405739505834, 0.33333556825219957, 0.33333528603285506, 0.33334643577260864, 0.3333404260998265, 0.33332968930793655, 0.333326845825367, 0.33333421423079657, 0.33333421432989463, 0.3333367226412971, 0.33332946815567016, 0.33333663117674733, 0.3333360788721206, 0.3333374233772624, 0.3333374515850358, 0.3333320987512926, 0.33332343801164777], ""kernels.0.base_kernel.kernels.1.base_kernel"": [0.6931481805599428, 0.6931481805599428, 0.6931481805599428], ""kernels.1.base_kernel.kernels.0"": [0.05067517253402063, 0.6238878737692429, 0.6309292202590605, 0.44036475018890403, 0.7478551410520403, 0.3431353287497159, 0.3231340076302179, 0.385061025479032, 0.6000146046339173, 0.5851227003477295, 0.3766095141395403, 0.39715002725292087, 0.2456777794105679, 0.4560825410981298, 0.4696370680551285, 0.25537250798703737, 0.3496808026348342, 0.6034868265854888], ""kernels.1.base_kernel.kernels.1"": [0.6931481805599428, 0.6931481805599428, 0.6931481805599428]}","{""kernels.0"": 4.947769646123191e-06, ""kernels.0.base_kernel.kernels.1"": 0.0013904506678425275, ""kernels.1"": 1.0852374687394524}",12,3,36,2,9,radius,1,194
294,192.8842085241215,84.49995109796598,0.499,global,-3.648264850052506,-5.2751850078793465,1.6269201578268406,0.8270256243031902,1.3558332775318578,global,,,0.6466041440950547,0.004640811389192335,0.009155796153048871,9.999999747378752e-05,0.3594753890716548,0.05067474463693585,0.3333434651709889,0.7472454651006732,"{""kernels.0.base_kernel.kernels.0"": [0.33333808450052743, 0.33334053188256446, 0.3333354186628105, 0.3333353047403051, 0.33334639845941333, 0.3333404078486541, 0.33332971076783496, 0.3333268124041422, 0.33333424194425715, 0.333334150451234, 0.3333367043182753, 0.3333294785874866, 0.333336633745771, 0.33333608676334675, 0.33333742794532417, 0.3333374533251158, 0.3333320448673774, 0.3333234832247464], ""kernels.0.base_kernel.kernels.1.base_kernel"": [0.6931481805599428, 0.6931481805599428, 0.6931481805599428], ""kernels.1.base_kernel.kernels.0"": [0.05067474463693585, 0.6233541893740759, 0.6291278845886147, 0.44003368141675414, 0.7472454651006732, 0.3427742881826867, 0.325020260510108, 0.38464647316629486, 0.6027949106764832, 0.5841804353798912, 0.37525804131043217, 0.3971218040562214, 0.2458162049206734, 0.4575162173169719, 0.47048155006289766, 0.2570161900414323, 0.34683928689987864, 0.6068899392735468], ""kernels.1.base_kernel.kernels.1"": [0.6931481805599428, 0.6931481805599428, 0.6931481805599428]}","{""kernels.0"": 4.947772541929927e-06, ""kernels.0.base_kernel.kernels.1"": 0.0013904506631101474, ""kernels.1"": 1.0770307687793124}",12,3,36,0,9,radius,0,195
295,240.74010471023934,84.49995109796598,0.4978,global,-3.673172101068129,-4.760645680044787,1.0874735789766579,0.933866964560296,1.374706493727209,global,,,0.622170898682303,0.0046470846113077354,0.009144431077563953,9.999999747378752e-05,0.3617547262295675,0.050674509020964924,0.3333434421789794,0.7464761281406466,"{""kernels.0.base_kernel.kernels.0"": [0.3333380896102515, 0.3333405063265687, 0.3333353463640379, 0.3333353073816637, 0.33334637803139006, 0.3333403979121214, 0.3333297163004055, 0.3333267908354279, 0.33333425019823615, 0.33333411593390083, 0.33333669454164044, 0.3333294782414023, 0.33333663479143666, 0.33333608840613044, 0.3333374307095285, 0.33333745397359993, 0.3333320194693448, 0.3333234940117628], ""kernels.0.base_kernel.kernels.1.base_kernel"": [0.6931481805599428, 0.6931481805599428, 0.6931481805599428], ""kernels.1.base_kernel.kernels.0"": [0.050674509020964924, 0.6222008923093129, 0.6281428395417828, 0.43872694052178807, 0.7464761281406466, 0.34178355191810317, 0.325443633825224, 0.38392439248160565, 0.603679717474623, 0.5832532808068552, 0.37408978400122744, 0.3963981118049316, 0.24525066535602577, 0.45747847813643544, 0.4707150183605404, 0.2572916109172903, 0.34539537727057523, 0.6077550149821652], ""kernels.1.base_kernel.kernels.1"": [0.6931481805599428, 0.6931481805599428, 0.6931481805599428]}","{""kernels.0"": 4.947774888958296e-06, ""kernels.0.base_kernel.kernels.1"": 0.0013904506607977237, ""kernels.1"": 1.0838687802530158}",12,3,36,1,9,radius,0,196
296,353.77713887632245,84.49995109796598,0.4998,global,-3.7942531173992977,-4.147573989818399,0.3533208724191015,0.29449363799524664,0.8701665223894431,global,,,0.7410923078738648,0.004632962490250836,0.009133128749521068,9.999999747378752e-05,0.35908914746060133,0.05067409016509621,0.3333434031986369,0.7457764278848539,"{""kernels.0.base_kernel.kernels.0"": [0.33333809704408945, 0.333340466830663, 0.3333351972468067, 0.3333353315778485, 0.33334633956661086, 0.3333403769460227, 0.33332973690315376, 0.3333267554466757, 0.3333342664293349, 0.3333340571078414, 0.3333366770823103, 0.3333294852349052, 0.33333663924110235, 0.333336098211472, 0.33333743608426797, 0.33333745785325286, 0.3333319687144278, 0.33332353157553923], ""kernels.0.base_kernel.kernels.1.base_kernel"": [0.6931481805599428, 0.6931481805599428, 0.6931481805599428], ""kernels.1.base_kernel.kernels.0"": [0.05067409016509621, 0.6219822196425799, 0.626917656559728, 0.43876595286290204, 0.7457764278848539, 0.34130935962366377, 0.32758418191843097, 0.38345880533363463, 0.6077250391398817, 0.5826702358389461, 0.37261920021907613, 0.3961094272821546, 0.24521629678902745, 0.45863825445210543, 0.4715878335853643, 0.2589843474726007, 0.34255321914273396, 0.6105523151026326], ""kernels.1.base_kernel.kernels.1"": [0.6931481805599428, 0.6931481805599428, 0.6931481805599428]}","{""kernels.0"": 4.9477782882808595e-06, ""kernels.0.base_kernel.kernels.1"": 0.0013904506557219473, ""kernels.1"": 1.0758720439477938}",12,3,36,0,9,radius,0,197
297,316.81282223047765,84.49995109796598,0.5026,global,-3.7259423048177007,-4.832193118279868,1.1062508134621671,0.9100287357023875,1.3324882500130926,global,,,0.622592540756806,0.004640881029387934,0.00912555987014666,9.999999747378752e-05,0.36119606440617663,0.05067387747447203,0.3333433827901592,0.7450071863339977,"{""kernels.0.base_kernel.kernels.0"": [0.33333810167404193, 0.3333404447356891, 0.3333351328888006, 0.3333353361749424, 0.33334632084462923, 0.3333403663336462, 0.3333297387680105, 0.33332673482312636, 0.33333426744046757, 0.33333402865147954, 0.3333366680114191, 0.3333294830308827, 0.33333664027655613, 0.33333610080673914, 0.3333374385211605, 0.3333374596124142, 0.33333194728873244, 0.3333235378846646], ""kernels.0.base_kernel.kernels.1.base_kernel"": [0.6931481805599428, 0.6931481805599428, 0.6931481805599428], ""kernels.1.base_kernel.kernels.0"": [0.05067387747447203, 0.6210459224807758, 0.6262950766078195, 0.43790430381754814, 0.7450071863339977, 0.3403165873922517, 0.3275252363417879, 0.38264631262479537, 0.6087574785574325, 0.581987441359705, 0.3713092362373614, 0.39528643520926837, 0.24460788886026064, 0.45862678917672867, 0.4717313468807271, 0.25923360615331825, 0.34123758580069974, 0.6111564660965052], ""kernels.1.base_kernel.kernels.1"": [0.6931481805599428, 0.6931481805599428, 0.6931481805599428]}","{""kernels.0"": 4.947780611513949e-06, ""kernels.0.base_kernel.kernels.1"": 0.0013904506535215365, ""kernels.1"": 1.0821927947843968}",12,3,36,1,9,radius,0,198
298,288.1405593134193,84.49995109796598,0.5008,global,-3.7872501497440187,-4.889446830304478,1.1021966805604593,1.0130836383356194,1.3751681338562147,global,,,0.6900117027695724,0.004628109980454164,0.009116466172847403,9.999999747378752e-05,0.35872209417183404,0.05067319566374739,0.3333433278547566,0.7432720665699568,"{""kernels.0.base_kernel.kernels.0"": [0.33333811051604556, 0.3333403909553252, 0.33333493862329444, 0.3333353623259439, 0.33334626475418805, 0.3333403251266478, 0.3333297558505393, 0.3333266855499157, 0.33333427873921856, 0.3333339561985279, 0.33333664014529474, 0.3333294921606949, 0.33333664371614313, 0.333336110976837, 0.33333743485902734, 0.33333746210179765, 0.33333188611500164, 0.33332357558079756], ""kernels.0.base_kernel.kernels.1.base_kernel"": [0.6931481805599428, 0.6931481805599428, 0.6931481805599428], ""kernels.1.base_kernel.kernels.0"": [0.05067319566374739, 0.6212343918650695, 0.6250674732257256, 0.43790511713154395, 0.7432720665699568, 0.34180247079825626, 0.32944628808356613, 0.3823091279220348, 0.6130423016575145, 0.5786383914081514, 0.367345581364187, 0.3954195729308979, 0.24570654300319844, 0.4601384297454191, 0.46990102975442277, 0.2602616822279573, 0.33791946334406037, 0.6126086701716619], ""kernels.1.base_kernel.kernels.1"": [0.6931481805599428, 0.6931481805599428, 0.6931481805599428]}","{""kernels.0"": 4.947785615127713e-06, ""kernels.0.base_kernel.kernels.1"": 0.0013904506465145247, ""kernels.1"": 1.0747708840833725}",12,3,36,2,9,radius,0,199
299,112.80996806266067,84.49995109796598,0.4998,local,-3.42917148882168,-6.300473252864357,2.871301764042677,0.17892656651776925,0.6418310631382905,radius,,,0.179177717076672,0.0046345598852342625,0.009106575711885367,9.999999747378752e-05,0.36089699903959577,0.05067297937001767,0.3333433111138168,0.7427201982653989,"{""kernels.0.base_kernel.kernels.0"": [0.33333811373657224, 0.3333403732243291, 0.3333348873186507, 0.3333353643215134, 0.33334624900330456, 0.3333403116664568, 0.3333297542927511, 0.333326668039694, 0.3333342772360284, 0.3333339358587165, 0.3333366322328109, 0.3333294895389567, 0.33333664480477226, 0.3333361120750645, 0.33333743452957537, 0.3333374630248314, 0.3333318706146607, 0.33332357985925226], ""kernels.0.base_kernel.kernels.1.base_kernel"": [0.6931481805599428, 0.6931481805599428, 0.6931481805599428], ""kernels.1.base_kernel.kernels.0"": [0.05067297937001767, 0.6204487572834677, 0.6246406733905099, 0.4370277477662022, 0.7427201982653989, 0.3412955186601496, 0.3291053808095356, 0.3815990100668731, 0.6135381870461111, 0.5776352662914652, 0.3659058216512861, 0.3947011348865096, 0.24538050043517462, 0.4601635301688789, 0.4693383189976092, 0.26025344658412786, 0.3369773537214769, 0.6127501948885806], ""kernels.1.base_kernel.kernels.1"": [0.6931481805599428, 0.6931481805599428, 0.6931481805599428]}","{""kernels.0"": 4.9477876687102744e-06, ""kernels.0.base_kernel.kernels.1"": 0.0013904506445983505, ""kernels.1"": 1.0812955986865203}",12,3,36,1,9,radius,0,200
300,268.9750269655525,84.49995109796598,0.4956,global,-3.8302662118962028,-4.544074176157291,0.713807964261088,0.6443028204292329,1.224584333338367,global,,,0.7751495008315958,0.004623237701775257,0.009100454175967115,9.999999747378752e-05,0.35789094969338336,0.05066877478419075,0.333340094106628,0.7395437878852799,"{""kernels.0.base_kernel.kernels.0"": [0.33333818320021547, 0.3333402305957569, 0.3333339527572964, 0.33333557564909666, 0.3333463507666999, 0.3333399576174992, 0.33332981738227596, 0.33332643412025076, 0.3333339283901466, 0.3333336507209478, 0.3333365260012825, 0.33332964346937, 0.3333366293427891, 0.3333358168989809, 0.33333738759596665, 0.33333749775103483, 0.3333316390251276, 0.33332386971019634], ""kernels.0.base_kernel.kernels.1.base_kernel"": [0.6931481805599428, 0.6931481805599428, 0.6931481805599428], ""kernels.1.base_kernel.kernels.0"": [0.05066877478419075, 0.6286912073526179, 0.6198553779967183, 0.4389021681393404, 0.7395437878852799, 0.3385719953513772, 0.3298278983987648, 0.376407834042142, 0.620362452641093, 0.5696632362028335, 0.3504557001992751, 0.4107758942630837, 0.2396777918443182, 0.44235437433572206, 0.46387368260275386, 0.26465984922996955, 0.32799599607947866, 0.636716759927182], ""kernels.1.base_kernel.kernels.1"": [0.6931481805599428, 0.6931481805599428, 0.6931481805599428]}","{""kernels.0"": 4.947813573810876e-06, ""kernels.0.base_kernel.kernels.1"": 0.0013904506071002335, ""kernels.1"": 1.072277450659476}",12,3,36,0,9,radius,0,201
301,666.9033484224079,84.49995109796598,0.503,global,-3.7819926611287484,-5.181031761569347,1.3990391004405986,0.6311899710653672,1.2251444915217504,global,,,0.7262071285527387,0.004626220392319327,0.009090084933615026,9.999999747378752e-05,0.3593108984731135,0.05066849143538252,0.3333400767840594,0.7392208557616097,"{""kernels.0.base_kernel.kernels.0"": [0.3333381899169053, 0.3333402085235111, 0.3333339112666893, 0.3333355783977044, 0.33334634386752265, 0.3333399450446078, 0.3333298143691032, 0.3333264152167386, 0.33333390014521297, 0.3333336385650261, 0.3333365200535999, 0.33332961465364186, 0.33333663058641144, 0.33333581186664324, 0.3333373857920422, 0.33333749999187684, 0.3333316306502598, 0.33332386549046594], ""kernels.0.base_kernel.kernels.1.base_kernel"": [0.6931481805599428, 0.6931481805599428, 0.6931481805599428], ""kernels.1.base_kernel.kernels.0"": [0.05066849143538252, 0.6271270468981719, 0.619953624101034, 0.43789408051282225, 0.7392208557616097, 0.33882435359313984, 0.3296929096085729, 0.37565163780886845, 0.6200396236711855, 0.5699497418263987, 0.349422923062074, 0.4095093494888939, 0.2396513402140447, 0.44185592685062713, 0.4635909644830049, 0.2647484956896856, 0.32764270667413664, 0.6365389390829457], ""kernels.1.base_kernel.kernels.1"": [0.6931481805599428, 0.6931481805599428, 0.6931481805599428]}","{""kernels.0"": 4.947816151029743e-06, ""kernels.0.base_kernel.kernels.1"": 0.0013904506047009348, ""kernels.1"": 1.0765372969984885}",12,3,36,0,9,radius,0,202
302,219.03346386800848,84.49995109796598,0.4958,local,-3.5602316449941562,-6.74817998111371,3.1879483361195535,0.267035065056165,0.9864367836197282,radius,,,0.38948833455633775,0.004654031542261859,0.009097031690445413,9.999999747378752e-05,0.35787676230594573,0.05066572017582155,0.3333390227741866,0.7374968187213983,"{""kernels.0.base_kernel.kernels.0"": [0.3333382409030974, 0.33334000880623155, 0.3333334062525238, 0.33333565107184376, 0.33334627309935966, 0.3333398046452758, 0.3333298066121544, 0.33332628374999285, 0.33333366147875326, 0.33333341387223886, 0.333336445140794, 0.33332939938269424, 0.3333366613798258, 0.33333577689041155, 0.3333373634051591, 0.33333755501596, 0.3333315592965697, 0.33332391943743456], ""kernels.0.base_kernel.kernels.1.base_kernel"": [0.6931481805599428, 0.6931481805599428, 0.6931481805599428], ""kernels.1.base_kernel.kernels.0"": [0.05066572017582155, 0.6116386336051021, 0.6035014300603732, 0.43224826430757124, 0.7374968187213983, 0.34541693255745465, 0.32723941736026263, 0.37268239945760223, 0.6213639927332387, 0.5509711813901503, 0.3317036776602477, 0.4047235337791869, 0.2468172425544536, 0.4420270103995907, 0.46268175923489485, 0.2700542259133315, 0.32562859324735643, 0.6402028509906142], ""kernels.1.base_kernel.kernels.1"": [0.6931481805599428, 0.6931481805599428, 0.6931481805599428]}","{""kernels.0"": 4.94784186709995e-06, ""kernels.0.base_kernel.kernels.1"": 0.0013904505775983705, ""kernels.1"": 1.0722348884983717}",12,3,36,1,9,radius,0,203
303,315.89385781316975,84.49995109796598,0.4972,global,-3.676405745242791,-7.761998128102649,4.085592382859858,0.5387485133028587,1.1443148002080061,global,,,0.5501179669548643,0.004663243986216696,0.00908586744381419,9.999999747378752e-05,0.36138130580773886,0.05066508269518681,0.33333900014531087,0.7377420327215977,"{""kernels.0.base_kernel.kernels.0"": [0.3333382376911818, 0.33333979667611346, 0.33333333300147217, 0.3333356734025355, 0.3333463044609085, 0.3333397625994399, 0.3333298217522085, 0.3333262911032443, 0.33333363714791536, 0.33333326455260165, 0.33333645017113056, 0.3333294167584218, 0.33333667523495075, 0.33333579023161974, 0.3333373742052026, 0.33333759252360806, 0.33333155621104454, 0.3333239943859042], ""kernels.0.base_kernel.kernels.1.base_kernel"": [0.6931481805599428, 0.6931481805599428, 0.6931481805599428], ""kernels.1.base_kernel.kernels.0"": [0.05066508269518681, 0.6011458457284576, 0.6019888497807621, 0.4340525607002525, 0.7377420327215977, 0.34329768209163547, 0.32563711952660834, 0.3720702370738642, 0.6212626454049152, 0.5443570233986211, 0.33023970896399685, 0.4108057539836402, 0.24675892408699596, 0.44133652584082267, 0.4629458669244063, 0.271076121359049, 0.3264119058078939, 0.6432287569979893], ""kernels.1.base_kernel.kernels.1"": [0.6931481805599428, 0.6931481805599428, 0.6931481805599428]}","{""kernels.0"": 4.9478484844480436e-06, ""kernels.0.base_kernel.kernels.1"": 0.0013904505715687733, ""kernels.1"": 1.0827485190031634}",12,3,36,0,9,radius,0,204
304,210.57085764128794,84.49995109796598,0.4962,local,-3.494964904497465,-6.333470430259481,2.8385055257620158,0.2548089877032093,1.2641814916497143,radius,,,0.5162446386086968,0.004643204607600222,0.00907684978707346,9.999999747378752e-05,0.3573267659353964,0.050664688299966204,0.333338951456592,0.7384822512756438,"{""kernels.0.base_kernel.kernels.0"": [0.3333382321865964, 0.33333967072658754, 0.3333333000739516, 0.33333569772342664, 0.3333463221404964, 0.33333975095962476, 0.3333298285050543, 0.33332630592212786, 0.3333336357419108, 0.3333331795600869, 0.3333364611512237, 0.3333294199970606, 0.3333366878439568, 0.3333357783413365, 0.33333737513610656, 0.3333376119300501, 0.3333315579603202, 0.333324054281268], ""kernels.0.base_kernel.kernels.1.base_kernel"": [0.6931481805599428, 0.6931481805599428, 0.6931481805599428], ""kernels.1.base_kernel.kernels.0"": [0.050664688299966204, 0.5982682620267393, 0.602074153932283, 0.43532136873265115, 0.7384822512756438, 0.34436903068887903, 0.325684901404627, 0.3724857294342624, 0.6221771949312757, 0.5404910342357007, 0.32701368024451455, 0.4150592545077988, 0.2488836654594414, 0.4400486745014396, 0.4623271743958856, 0.27264231377715015, 0.32746448293567154, 0.6457194840352043], ""kernels.1.base_kernel.kernels.1"": [0.6931481805599428, 0.6931481805599428, 0.6931481805599428]}","{""kernels.0"": 4.947851396658217e-06, ""kernels.0.base_kernel.kernels.1"": 0.0013904505677560853, ""kernels.1"": 1.0705848993870364}",12,3,36,1,9,radius,0,205
305,259.4444455151959,84.49995109796598,0.503,global,-3.72655744594366,-5.6341137744724525,1.9075563285287926,0.5420971414181461,1.2095112898941618,global,,,0.7328781576237239,0.00465906516179012,0.009065816723987942,9.999999747378752e-05,0.3611842319574357,0.05066441454833398,0.33333889085744456,0.7378896436818935,"{""kernels.0.base_kernel.kernels.0"": [0.3333382314397979, 0.3333395502750912, 0.3333332724308923, 0.3333357131648992, 0.33334632772248984, 0.3333397443109158, 0.3333298311984188, 0.3333263065849963, 0.3333336283294408, 0.33333311669474985, 0.33333645783064053, 0.33332940091399565, 0.33333669551308365, 0.33333576693699063, 0.333337378318719, 0.3333376184905219, 0.33333155672889364, 0.33332408524990975], ""kernels.0.base_kernel.kernels.1.base_kernel"": [0.6931481805599428, 0.6931481805599428, 0.6931481805599428], ""kernels.1.base_kernel.kernels.0"": [0.05066441454833398, 0.5940360305919676, 0.6015703137439552, 0.43434802141677703, 0.7378896436818935, 0.3432732378272579, 0.3246030562538939, 0.3714658449107405, 0.6217522549254254, 0.5368766714312091, 0.32373520099202485, 0.41591431316439065, 0.2490679586519094, 0.43789672807044305, 0.4615933600199436, 0.27279610809967436, 0.3277561562620364, 0.646335472916359], ""kernels.1.base_kernel.kernels.1"": [0.6931481805599428, 0.6931481805599428, 0.6931481805599428]}","{""kernels.0"": 4.947855126302845e-06, ""kernels.0.base_kernel.kernels.1"": 0.0013904505652890798, ""kernels.1"": 1.0821572974518918}",12,3,36,0,9,radius,0,206
306,254.93002422879678,84.49995109796598,0.501,global,-3.8631009065998563,-6.344408071259918,2.4813071646600613,1.2037308951547916,1.3893767207217766,global,,,0.7794691398672159,0.004705532117577624,0.00905523233268583,9.999999747378752e-05,0.3541826037063665,0.05065973703167165,0.33333889139314754,0.7353963448486144,"{""kernels.0.base_kernel.kernels.0"": [0.33333816800251975, 0.3333375070527877, 0.33333283249422563, 0.3333360959540775, 0.33334642424774663, 0.3333396147837753, 0.33332999274797204, 0.33332645620349766, 0.3333335698247368, 0.3333320611490902, 0.33333644915247734, 0.33332906061567813, 0.33333685696527027, 0.3333356167037282, 0.333337432486073, 0.3333377529127823, 0.3333315641975578, 0.3333248916094892], ""kernels.0.base_kernel.kernels.1.base_kernel"": [0.6931481805599428, 0.6931481805599428, 0.6931481805599428], ""kernels.1.base_kernel.kernels.0"": [0.05065973703167165, 0.5511589549528925, 0.5997875271371039, 0.437443057857019, 0.7353963448486144, 0.3370347279048459, 0.3244849430916405, 0.36789603520171243, 0.622372208021225, 0.486180671866127, 0.2803576580520045, 0.44435271803532866, 0.26566882409085923, 0.41322865164485967, 0.4537689656347812, 0.2877318535156881, 0.3372929247088102, 0.6686683305501255], ""kernels.1.base_kernel.kernels.1"": [0.6931481805599428, 0.6931481805599428, 0.6931481805599428]}","{""kernels.0"": 4.947906920663046e-06, ""kernels.0.base_kernel.kernels.1"": 0.0013904505161328254, ""kernels.1"": 1.061152412696046}",12,3,36,0,9,radius,0,207
307,168.29135388384682,84.49995109796598,0.4996,global,-3.189612498347894,-13.057485476490106,9.867872978142213,1.4158284694736512,1.412156918140588,global,,,0.36796749414696883,0.005378578533793768,0.009042191273773056,9.999999747378752e-05,0.3430722230935804,0.050666836747519255,0.33334584039187376,0.7234420766177772,"{""kernels.0.base_kernel.kernels.0"": [0.33333982853997507, 0.3333276934818374, 0.3333352215655874, 0.3333334564740953, 0.3333490333673262, 0.33333888212092466, 0.3333271339738892, 0.33331658323798435, 0.33332944595655467, 0.33333057943756866, 0.3333386894070678, 0.33331283316613486, 0.33334089562684294, 0.3333412336222502, 0.3333383192523094, 0.3333426474164214, 0.33333080890855066, 0.3333287841213072], ""kernels.0.base_kernel.kernels.1.base_kernel"": [0.6931481805599428, 0.6931481805599428, 0.6931481805599428], ""kernels.1.base_kernel.kernels.0"": [0.050666836747519255, 0.6464407631742318, 0.7151218954149545, 0.5312345081140444, 0.7117359357397626, 0.19141729711008204, 0.2846644084415768, 0.6463486530877471, 0.7147625352711714, 0.6569461000653675, 0.13262776380806557, 0.5805584623449612, 0.6737315760739395, 0.3924911009789165, 0.5814739325577283, 0.6800612401444343, 0.3580027766568996, 0.7234420766177772], ""kernels.1.base_kernel.kernels.1"": [0.6931481805599428, 0.6931481805599428, 0.6931481805599428]}","{""kernels.0"": 4.948535583945651e-06, ""kernels.0.base_kernel.kernels.1"": 0.0013904499249466737, ""kernels.1"": 1.0278212708202106}",12,3,36,1,9,radius,0,208
308,162.7147333505092,84.49995109796598,0.4088,global,-3.2889600264052543,-5.217200471133455,1.9282404447282007,0.9033817309437489,1.3949061466965424,global,,,0.2089730641492933,0.005394782479401836,0.009031884807939311,9.999999747378752e-05,0.3444559912281757,0.0506682945315603,0.3333458811755219,0.7200631384036038,"{""kernels.0.base_kernel.kernels.0"": [0.33333988793203573, 0.3333273792080832, 0.3333352373180411, 0.33333332050222336, 0.3333490408605952, 0.3333389328700368, 0.3333272062324621, 0.3333164528706465, 0.3333293470496093, 0.33333049882874444, 0.3333387379072463, 0.33331257442723267, 0.3333409103874616, 0.3333412618578987, 0.33333830561587136, 0.3333427214904485, 0.33333077481688195, 0.3333286529624369], ""kernels.0.base_kernel.kernels.1.base_kernel"": [0.6931481805599428, 0.6931481805599428, 0.6931481805599428], ""kernels.1.base_kernel.kernels.0"": [0.0506682945315603, 0.6367343196092017, 0.71497290053814, 0.524915797467526, 0.7078791271709363, 0.18930480257969856, 0.2854574199483585, 0.6453974518253747, 0.7133749385914078, 0.6553198407157846, 0.132545648130708, 0.5781828265502424, 0.6722617701678714, 0.3929572478200578, 0.583344784405636, 0.6756869444148227, 0.3574084914983883, 0.7200631384036038], ""kernels.1.base_kernel.kernels.1"": [0.6931481805599428, 0.6931481805599428, 0.6931481805599428]}","{""kernels.0"": 4.948552255807803e-06, ""kernels.0.base_kernel.kernels.1"": 0.0013904499203882734, ""kernels.1"": 1.0319725752118831}",12,3,36,0,9,radius,0,209
309,6598.376168218244,84.49995109796598,0.4996,global,-3.2758451132228332,-4.620956046022531,1.345110932799698,0.9838007864932745,1.3247240363580175,global,,,0.5603826185404768,0.005299679009899391,0.009021667253689431,9.999999747378752e-05,0.3419522454259138,0.050688938492459576,0.33334594510419713,0.7055351228377124,"{""kernels.0.base_kernel.kernels.0"": [0.3333405254474898, 0.33332736316175254, 0.3333349241200523, 0.3333329938915208, 0.33334883053452685, 0.33333953798047644, 0.3333278789554597, 0.3333135787853801, 0.33332745573249206, 0.3333260474969885, 0.33333962136704587, 0.333310179424556, 0.33334061676596294, 0.3333417759328452, 0.33333852367537437, 0.3333430596738674, 0.3333302382316204, 0.33332072834135007], ""kernels.0.base_kernel.kernels.1.base_kernel"": [0.6931481805599428, 0.6931481805599428, 0.6931481805599428], ""kernels.1.base_kernel.kernels.0"": [0.050688938492459576, 0.6460382194664397, 0.6838573151375286, 0.5004856166355245, 0.7055351228377124, 0.1853060713629633, 0.2975772067530059, 0.5730055085549043, 0.6907057050871714, 0.4709878707990096, 0.1492200962397007, 0.5260874156593103, 0.6504468136449923, 0.4268174261719397, 0.6081732171471287, 0.6142251120575091, 0.3502492819054228, 0.557664976163726], ""kernels.1.base_kernel.kernels.1"": [0.6931481805599428, 0.6931481805599428, 0.6931481805599428]}","{""kernels.0"": 4.948867236198177e-06, ""kernels.0.base_kernel.kernels.1"": 0.001390449861641294, ""kernels.1"": 1.0244613375488638}",12,3,36,1,9,radius,0,210
310,93.80538048959997,84.49995109796598,0.501,global,-2.623741566512553,-4.203502432674125,1.579760866161572,0.6265181233635265,1.2896716918771445,global,,,0.17865851101313382,0.0046500816950807225,0.009170852386905522,9.999999747378752e-05,0.33444236186453796,0.050814987010633465,0.33334568908166706,0.861893744081592,"{""kernels.0.base_kernel.kernels.0"": [0.33334006236112285, 0.33332526779934957, 0.3333328665315592, 0.3333344977215356, 0.33334977416591105, 0.33334160399742313, 0.33333097707485043, 0.3333219157413711, 0.33333131619105205, 0.3333272071064884, 0.33333686374435306, 0.3333282140679336, 0.3333370592056055, 0.3333356039377957, 0.33333880401638927, 0.3333380765147264, 0.3333291082892366, 0.33331754073949477], ""kernels.0.base_kernel.kernels.1.base_kernel"": [0.6931481805599428, 0.6931481805599428, 0.6931481805599428], ""kernels.1.base_kernel.kernels.0"": [0.050814987010633465, 0.46820297221467294, 0.6425643467978076, 0.649644960822446, 0.861893744081592, 0.25264032662724994, 0.32262534110875546, 0.49002507526242467, 0.6003085324868368, 0.6534311853264958, 0.3831787527946955, 0.4508308416601564, 0.4181236641554246, 0.6815135679100803, 0.5661694869705252, 0.0944456095137928, 0.39728783405268525, 0.5104168600387988], ""kernels.1.base_kernel.kernels.1"": [0.6931481805599428, 0.6931481805599428, 0.6931481805599428]}","{""kernels.0"": 4.949566309430642e-06, ""kernels.0.base_kernel.kernels.1"": 0.0013904495882293788, ""kernels.1"": 1.001931686439075}",12,3,36,1,9,radius,0,211
311,303.55129647463053,84.49995109796598,0.4992,global,-2.7762170172998797,-4.1992971784211415,1.4230801611212618,0.818033771410876,1.3279210853755667,global,,,0.690289141065264,0.004618711622734084,0.009168412170653326,9.999999747378752e-05,0.33868167155106393,0.05081965699430427,0.33334588539564103,0.8637091969256583,"{""kernels.0.base_kernel.kernels.0"": [0.3333403156171662, 0.333325923346802, 0.3333323707356527, 0.33333353021846446, 0.3333497703609645, 0.3333420004303176, 0.33333048863211834, 0.33332118479389894, 0.3333308297886798, 0.33332757997924717, 0.33333663330216917, 0.3333269484650348, 0.3333370579618183, 0.3333358622199478, 0.3333388088230871, 0.3333380744812013, 0.3333291085499137, 0.33331753822912713], ""kernels.0.base_kernel.kernels.1.base_kernel"": [0.6931481805599428, 0.6931481805599428, 0.6931481805599428], ""kernels.1.base_kernel.kernels.0"": [0.05081965699430427, 0.4970874969445643, 0.6421763831135083, 0.6377298602731112, 0.8637091969256583, 0.2656663027672115, 0.3267287752893083, 0.4658223387285498, 0.6061753643471276, 0.649053724695721, 0.3778401317892266, 0.4413627299795057, 0.4196039507448353, 0.6766245374140163, 0.557979030804791, 0.09635307538, 0.39845738219296445, 0.504792017905678], ""kernels.1.base_kernel.kernels.1"": [0.6931481805599428, 0.6931481805599428, 0.6931481805599428]}","{""kernels.0"": 4.949640794708417e-06, ""kernels.0.base_kernel.kernels.1"": 0.0013904495660491676, ""kernels.1"": 1.014649615446348}",12,3,36,0,9,radius,0,212
312,328.6497016337599,84.49995109796598,0.4996,global,-3.100070411693202,-4.496163863234281,1.3960934515410788,0.819257445337612,1.2804681960640099,global,,,0.7328037493111053,0.00463281224166981,0.009159183290335939,9.999999747378752e-05,0.3426109554199517,0.05082043387713911,0.33334591630330945,0.8632306196968496,"{""kernels.0.base_kernel.kernels.0"": [0.3333403477433559, 0.3333259986424266, 0.33333229702935085, 0.3333334090800097, 0.3333497759888566, 0.33334205661776234, 0.3333304216904456, 0.3333210884139524, 0.33333079240307195, 0.3333276349268038, 0.3333366054698891, 0.3333268025292469, 0.3333370522499394, 0.33333589873927866, 0.3333388093462185, 0.33333807218542066, 0.33332910664386545, 0.33331754037948974], ""kernels.0.base_kernel.kernels.1.base_kernel"": [0.6931481805599428, 0.6931481805599428, 0.6931481805599428], ""kernels.1.base_kernel.kernels.0"": [0.05082043387713911, 0.4953603346890748, 0.6415009735814972, 0.6342502835259701, 0.8632306196968496, 0.26530877736892855, 0.3277733662857549, 0.46049832517027345, 0.6064899203319364, 0.6484456993796742, 0.3763742086148672, 0.4401024937939727, 0.4180722615873663, 0.6761872108587537, 0.5566378736505547, 0.09653141700816369, 0.3982894141849687, 0.5033418714939749], ""kernels.1.base_kernel.kernels.1"": [0.6931481805599428, 0.6931481805599428, 0.6931481805599428]}","{""kernels.0"": 4.94965377598639e-06, ""kernels.0.base_kernel.kernels.1"": 0.0013904495623187963, ""kernels.1"": 1.0264374670437602}",12,3,36,1,9,radius,0,213
313,157.14048668285568,84.49995109796598,0.501,global,-3.511040341965971,-4.664024025320768,1.152983683354797,0.6396235197203126,1.1972250451239699,global,,,0.6523334825768867,0.004633811525974915,0.00915075630644435,9.999999747378752e-05,0.33806991018314414,0.05082888620490373,0.33355874536244956,0.8614772527661455,"{""kernels.0.base_kernel.kernels.0"": [0.33334059846724, 0.33332690098403395, 0.333331604006193, 0.33333235071152584, 0.3333498253459903, 0.3333425602996947, 0.3333297562759684, 0.3333203304512637, 0.33333050467228925, 0.33332822579617977, 0.3333363258980375, 0.333325499323605, 0.33333706432893545, 0.33333627095327567, 0.3333388131558298, 0.33333800042934936, 0.3333291291175262, 0.3333177028598091], ""kernels.0.base_kernel.kernels.1.base_kernel"": [0.6931481805599428, 0.6931481805599428, 0.6931481805599428], ""kernels.1.base_kernel.kernels.0"": [0.05082888620490373, 0.49433867214764127, 0.6368651621358711, 0.6097514593576764, 0.8614772527661455, 0.2700112298721931, 0.33376766537890884, 0.41393004115004645, 0.6131342674540223, 0.6431590396324665, 0.3664211971024546, 0.43836946894388173, 0.4010301954976492, 0.6552112530961467, 0.5428781563168543, 0.09862962442858507, 0.39651983128733204, 0.4917448444852887], ""kernels.1.base_kernel.kernels.1"": [0.6931481805599428, 0.6931481805599428, 0.6931481805599428]}","{""kernels.0"": 4.949773370231099e-06, ""kernels.0.base_kernel.kernels.1"": 0.0013904495222475542, ""kernels.1"": 1.0128143312538147}",12,3,36,0,9,radius,0,214
314,199.961203924181,84.49995109796598,0.4976,global,-3.185678171020915,-4.265276901428617,1.0795987304077022,0.8245174595192429,1.4101503394041253,global,,,0.4440515350033105,0.004614693775154548,0.009140897709411299,9.999999747378752e-05,0.3365175776288785,0.05082992590593177,0.3338082043731051,0.8611783059329798,"{""kernels.0.base_kernel.kernels.0"": [0.3333406014288763, 0.3333270161831215, 0.33333155127000585, 0.33333233814175794, 0.3333498275472113, 0.3333425765993823, 0.33332969603792345, 0.33332035313727854, 0.3333305221885751, 0.333328312794808, 0.33333631053621043, 0.33332543305317586, 0.33333706695863646, 0.3333362805531706, 0.3333388069677352, 0.33333797818460137, 0.3333291407032289, 0.3333177880348326], ""kernels.0.base_kernel.kernels.1.base_kernel"": [0.6931481805599428, 0.6931481805599428, 0.6931481805599428], ""kernels.1.base_kernel.kernels.0"": [0.05082992590593177, 0.49542674242738544, 0.6365072395543526, 0.6119068570519625, 0.8611783059329798, 0.2722473680617905, 0.3342665811989988, 0.4106020088737704, 0.6150198763365817, 0.6434709226868208, 0.36616602269384074, 0.44095110084746914, 0.39925431466425104, 0.653679428322659, 0.5418216754291585, 0.09839924545759751, 0.39637579183080246, 0.49315903976717596], ""kernels.1.base_kernel.kernels.1"": [0.6931481805599428, 0.6931481805599428, 0.6931481805599428]}","{""kernels.0"": 4.949784676784516e-06, ""kernels.0.base_kernel.kernels.1"": 0.0013904495173304686, ""kernels.1"": 1.0081573335846283}",12,3,36,0,9,radius,0,215
315,236.89193640590798,84.49995109796598,0.4998,global,-2.8819552331322953,-4.726374287352876,1.8444190542205803,0.8154313667297947,1.3214449619557114,global,,,0.5591022836696704,0.004618336341080659,0.009130068360580933,9.999999747378752e-05,0.33904459183903457,0.050830483445135646,0.3337235139007837,0.8600659610051261,"{""kernels.0.base_kernel.kernels.0"": [0.3333406078797025, 0.3333270613241786, 0.3333315161106773, 0.3333323167257592, 0.3333498283084843, 0.3333425857256808, 0.33332965800575837, 0.33332035165518065, 0.3333305242747456, 0.33332830540604574, 0.3333363005317225, 0.33332537381388777, 0.3333370714096786, 0.3333362893873779, 0.3333388070323668, 0.3333379812721938, 0.3333291413767227, 0.3333178192894765], ""kernels.0.base_kernel.kernels.1.base_kernel"": [0.6931481805599428, 0.6931481805599428, 0.6931481805599428], ""kernels.1.base_kernel.kernels.0"": [0.050830483445135646, 0.4944703707260269, 0.6358931457821538, 0.6120905303687224, 0.8600659610051261, 0.272493302875188, 0.33409719949308314, 0.40856325275333544, 0.6154064258150035, 0.6424325629641122, 0.36561457049015783, 0.44111263619935814, 0.39796738607764875, 0.6528353347411329, 0.5411317810577394, 0.09841025489139744, 0.3959397786112094, 0.4935082006303699], ""kernels.1.base_kernel.kernels.1"": [0.6931481805599428, 0.6931481805599428, 0.6931481805599428]}","{""kernels.0"": 4.949792922659269e-06, ""kernels.0.base_kernel.kernels.1"": 0.0013904495144789265, ""kernels.1"": 1.015738376209702}",12,3,36,2,9,radius,0,216
316,150.94366743340052,84.49995109796598,0.4996,local,-3.247755309231276,-7.178553295799549,3.9307979865682734,0.21256534485451578,1.0184505906692671,radius,,,0.4455359880900642,0.0043432749931145535,0.009119922421859676,9.999999747378752e-05,0.3380204288362534,0.050906851907315136,0.333342013492485,0.7718317169871524,"{""kernels.0.base_kernel.kernels.0"": [0.3333410602992242, 0.33333356533548664, 0.3333286607168147, 0.33333164806904203, 0.33334475982683015, 0.33334296668574576, 0.33332703689855625, 0.33332695155920267, 0.33333150664588956, 0.33332912017566574, 0.33333612075800934, 0.3333184925105705, 0.3333378898902399, 0.3333361618637731, 0.3333380075053626, 0.33333846213103485, 0.3333304701491417, 0.33332036651045516], ""kernels.0.base_kernel.kernels.1.base_kernel"": [0.6931481805599428, 0.6931481805599428, 0.6931481805599428], ""kernels.1.base_kernel.kernels.0"": [0.050906851907315136, 0.4498368731895236, 0.594509745798094, 0.6187975230034704, 0.7718317169871524, 0.568552879553592, 0.30219875856190453, 0.3281118345236499, 0.6599080249833805, 0.5947424500096218, 0.5151074053233377, 0.47588172249667937, 0.19879684245840867, 0.5896534831682435, 0.42380875328302564, 0.10733213633877717, 0.3702642191367317, 0.604376014930703], ""kernels.1.base_kernel.kernels.1"": [0.6931481805599428, 0.6931481805599428, 0.6931481805599428]}","{""kernels.0"": 4.95115360172507e-06, ""kernels.0.base_kernel.kernels.1"": 0.0013904490050517535, ""kernels.1"": 1.0126658863501066}",12,3,36,2,9,radius,0,217
317,285.5464037945503,84.49995109796598,0.499,global,-2.821122070379226,-5.597206344217161,2.7760842738379354,0.4644919376559091,1.1818000424456556,global,,,0.541277665623965,0.0043341565543282695,0.009110541194532895,9.999999747378752e-05,0.3416092948807774,0.05090529318265659,0.3333421243611586,0.7562901482644622,"{""kernels.0.base_kernel.kernels.0"": [0.33334125925851604, 0.3333334870924272, 0.3333283421051708, 0.3333320660377462, 0.33334434275237457, 0.33334298946380114, 0.3333274449664062, 0.3333268335428712, 0.33333124304648454, 0.33332876344005163, 0.3333359609465113, 0.3333188457323633, 0.33333792271094104, 0.33333621041864614, 0.3333378971730486, 0.33333851271902354, 0.33333044047171906, 0.3333193129875131], ""kernels.0.base_kernel.kernels.1.base_kernel"": [0.6931481805599428, 0.6931481805599428, 0.6931481805599428], ""kernels.1.base_kernel.kernels.0"": [0.05090529318265659, 0.4751084080591567, 0.5820296537312013, 0.6377114677672334, 0.7562901482644622, 0.5585333345865476, 0.31766893892837955, 0.3190765541115411, 0.668457387662495, 0.5607856279535525, 0.5327046889025657, 0.47599301507471437, 0.19477145319933994, 0.581863044697121, 0.4042429087302216, 0.10873772437917711, 0.36293752706901167, 0.6001376361314562], ""kernels.1.base_kernel.kernels.1"": [0.6931481805599428, 0.6931481805599428, 0.6931481805599428]}","{""kernels.0"": 4.951268259477243e-06, ""kernels.0.base_kernel.kernels.1"": 0.0013904489674387568, ""kernels.1"": 1.023432484406634}",12,3,36,0,9,radius,1,218
318,118.45823112541973,84.49995109796598,0.5,global,-3.3493733524462788,-3.9658298785271007,0.6164565260808219,0.4384672970145488,1.2540629919181778,global,,,0.2715257815212453,0.0043437558919827085,0.009101006040389532,9.999999747378752e-05,0.34414542910918744,0.05090495502113621,0.33334213502433635,0.7553279431707552,"{""kernels.0.base_kernel.kernels.0"": [0.33334129046338756, 0.3333334415014126, 0.33332831232389454, 0.33333212579884686, 0.33334427309812, 0.33334297958528514, 0.33332744811659154, 0.33332680844487483, 0.3333312198841766, 0.33332872191639457, 0.33333591996833734, 0.3333188698333496, 0.33333793723467425, 0.3333362264149128, 0.33333787292149736, 0.33333850983078817, 0.33333043868349116, 0.333319155898568], ""kernels.0.base_kernel.kernels.1.base_kernel"": [0.6931481805599428, 0.6931481805599428, 0.6931481805599428], ""kernels.1.base_kernel.kernels.0"": [0.05090495502113621, 0.4695806645178343, 0.5803353532903964, 0.6367647812927939, 0.7553279431707552, 0.5598307251021947, 0.3146542469050076, 0.3175229715379451, 0.6688853197129309, 0.5585966747425862, 0.5334070359839033, 0.4732231938413185, 0.1965062206662384, 0.5818808821094885, 0.400135739180237, 0.1069588613279708, 0.3619108558635021, 0.5998167002338797], ""kernels.1.base_kernel.kernels.1"": [0.6931481805599428, 0.6931481805599428, 0.6931481805599428]}","{""kernels.0"": 4.951290723804196e-06, ""kernels.0.base_kernel.kernels.1"": 0.0013904489601387195, ""kernels.1"": 1.0310408870766998}",12,3,36,0,9,radius,0,219
319,1143.3106058797732,84.49995109796598,0.4998,global,-3.3910849265751657,-4.9364984723494505,1.5454135457742848,0.9387308840531305,1.369579625358906,global,,,0.7007629850646212,0.004322609975149962,0.00909459479324976,9.999999747378752e-05,0.33809515071106216,0.05090375818346902,0.3333421719451678,0.7555872947073147,"{""kernels.0.base_kernel.kernels.0"": [0.3333414472298509, 0.3333334783389629, 0.3333280576227697, 0.33333243035759236, 0.33334374473798356, 0.3333428966604848, 0.33332753898610534, 0.33332672360198246, 0.33333124594505803, 0.33332840873291364, 0.33333563472766825, 0.33331912017586873, 0.3333380626998454, 0.33333629249337643, 0.3333377722845023, 0.333338522398442, 0.3333304461025306, 0.33331831426113334], ""kernels.0.base_kernel.kernels.1.base_kernel"": [0.6931481805599428, 0.6931481805599428, 0.6931481805599428], ""kernels.1.base_kernel.kernels.0"": [0.05090375818346902, 0.45960383912543534, 0.5726060761662272, 0.6420029107320471, 0.7555872947073147, 0.5623260292074155, 0.30967392850384623, 0.3135683555944506, 0.6754075364066504, 0.5495834158324763, 0.5377523379481313, 0.46701912922821454, 0.20681977257202075, 0.5817830989288494, 0.3828882661796528, 0.10334102536003635, 0.3577824716385412, 0.596970473297123], ""kernels.1.base_kernel.kernels.1"": [0.6931481805599428, 0.6931481805599428, 0.6931481805599428]}","{""kernels.0"": 4.951403705486132e-06, ""kernels.0.base_kernel.kernels.1"": 0.0013904489211290403, ""kernels.1"": 1.0128900518083521}",12,3,36,0,9,radius,0,220
320,884.0842238317487,84.49995109796598,0.5002,global,-3.448464925330063,-4.546369147931086,1.0979042226010232,1.1242988932288764,1.3668106692966584,global,,,0.6250372640827851,0.004618767458327836,0.009120294122432532,9.999999747378752e-05,0.3357010268460099,0.05094768643084863,0.33434289848307913,0.8920343696619668,"{""kernels.0.base_kernel.kernels.0"": [0.33334073835512057, 0.3333310494098895, 0.33333019861611696, 0.33333191795912626, 0.33334548287963295, 0.33334177699115664, 0.33332897866696976, 0.3333244970042763, 0.33333344621750705, 0.3333299371815918, 0.33333389863094925, 0.33332382122353715, 0.3333386233311606, 0.33333578341022535, 0.3333373806517743, 0.3333378196752473, 0.333329963880635, 0.3333184574209222], ""kernels.0.base_kernel.kernels.1.base_kernel"": [0.6931481805599428, 0.6931481805599428, 0.6931481805599428], ""kernels.1.base_kernel.kernels.0"": [0.05094768643084863, 0.524216056208376, 0.7049153831493101, 0.6541494738362643, 0.8920343696619668, 0.24496504167806632, 0.3353403140865253, 0.3693992405391205, 0.6479065824240836, 0.6445767166731469, 0.3659494476807651, 0.44936479836219373, 0.43184968853771366, 0.6508605052331817, 0.4234462241867312, 0.09689142524191102, 0.3944891012024426, 0.49429076954305406], ""kernels.1.base_kernel.kernels.1"": [0.6931481805599428, 0.6931481805599428, 0.6931481805599428]}","{""kernels.0"": 4.953291232090084e-06, ""kernels.0.base_kernel.kernels.1"": 0.001390448221191131, ""kernels.1"": 1.0057076790256065}",12,3,36,0,9,radius,0,221
321,254.95469537183857,84.49995109796598,0.5,global,-3.237345313320585,-6.511513946552802,3.2741686332322173,1.3654226253995438,1.4119423146489354,global,,,0.663913883919729,0.004648531627933879,0.009135471438888355,9.999999747378752e-05,0.33999406310631813,0.050962146714421376,0.3472532509071325,0.8534796453640688,"{""kernels.0.base_kernel.kernels.0"": [0.33334100955625606, 0.3333298455102574, 0.3333290478079856, 0.33333145288561195, 0.3333466831140036, 0.3333428231694964, 0.33332865032547476, 0.33332351322851694, 0.3333322448773524, 0.333328812390759, 0.33333444481271257, 0.33332284007587915, 0.3333374786234488, 0.333335415807972, 0.33333771358225683, 0.3333380395242437, 0.3333295955489832, 0.33331827845543055], ""kernels.0.base_kernel.kernels.1.base_kernel"": [0.6931481805599428, 0.6931481805599428, 0.6931481805599428], ""kernels.1.base_kernel.kernels.0"": [0.050962146714421376, 0.5019990099902017, 0.6043506625880444, 0.611227351459701, 0.8534796453640688, 0.2546378923926382, 0.36115981870026137, 0.3901507963280778, 0.6591118540339804, 0.6315744577809351, 0.3638813717409511, 0.4498491524257436, 0.388309025650138, 0.5498683131900459, 0.48870318106231314, 0.10156408864072394, 0.37871228510326693, 0.4940964407510573], ""kernels.1.base_kernel.kernels.1"": [0.6931481805599428, 0.6931481805599428, 0.6931481805599428]}","{""kernels.0"": 4.9535051426117165e-06, ""kernels.0.base_kernel.kernels.1"": 0.0013904481592260686, ""kernels.1"": 1.0185867876545858}",12,3,36,0,9,radius,0,222
322,120.92205917777733,84.49995109796598,0.5014,local,-3.4334116672259967,-7.416068453388825,3.9826567861628286,0.31512262436276434,0.8694793543140119,radius,,,0.3857272911738656,0.0046176906775053156,0.009125116351760956,9.999999747378752e-05,0.3363104237379925,0.050965473271872196,0.3416034435461585,0.8561915055926701,"{""kernels.0.base_kernel.kernels.0"": [0.3333409816951451, 0.333329805612649, 0.33332899878599437, 0.3333316366677947, 0.3333469217139058, 0.33334287277786784, 0.33332843283342645, 0.33332327727641714, 0.33333211704327764, 0.3333287392987285, 0.3333345618319014, 0.3333227166266091, 0.3333373670398979, 0.33333540336662904, 0.3333377967127208, 0.33333805705041675, 0.33332960388720545, 0.33331843478767026], ""kernels.0.base_kernel.kernels.1.base_kernel"": [0.6931481805599428, 0.6931481805599428, 0.6931481805599428], ""kernels.1.base_kernel.kernels.0"": [0.050965473271872196, 0.508504881558923, 0.6049650409665385, 0.6151902088335723, 0.8561915055926701, 0.2608221990254075, 0.34985996537841124, 0.38573712381315606, 0.6589935153912132, 0.6342823487751084, 0.36158596798300535, 0.4458426415250898, 0.3832924128821521, 0.545588775096793, 0.4942901996855362, 0.10112339383060606, 0.37909256888770354, 0.5019413324707986], ""kernels.1.base_kernel.kernels.1"": [0.6931481805599428, 0.6931481805599428, 0.6931481805599428]}","{""kernels.0"": 4.953543523067044e-06, ""kernels.0.base_kernel.kernels.1"": 0.0013904481461252572, ""kernels.1"": 1.0075358695243293}",12,3,36,1,9,radius,1,223
323,173.00907839734157,84.49995109796598,0.498,global,-3.4310017272417195,-7.154576754931061,3.723575027689342,1.4540849203656208,1.4139472468841459,global,,,0.5793054757562077,0.004626774318538585,0.009118571929245204,9.999999747378752e-05,0.3390129777450048,0.050966028393069504,0.3409110623599756,0.8561556852850565,"{""kernels.0.base_kernel.kernels.0"": [0.3333409799066352, 0.3333297811281561, 0.3333289863627291, 0.3333316617187869, 0.3333469586536872, 0.33334288087306785, 0.33332840540196285, 0.3333232434805283, 0.3333321022012169, 0.3333287212613767, 0.33333458005348704, 0.3333226997513692, 0.3333373472451432, 0.3333353974970742, 0.33333780986151357, 0.3333380599368238, 0.3333296012505704, 0.3333184367331773], ""kernels.0.base_kernel.kernels.1.base_kernel"": [0.6931481805599428, 0.6931481805599428, 0.6931481805599428], ""kernels.1.base_kernel.kernels.0"": [0.050966028393069504, 0.5072084279690763, 0.6048098376472798, 0.6150822787687893, 0.8561556852850565, 0.2606273178169568, 0.34847516606626394, 0.3848578944382947, 0.6588309284767432, 0.6341317247527694, 0.3612470748364823, 0.44494898030252716, 0.38152638503314773, 0.5445826122122159, 0.49481079479439716, 0.10100685596887979, 0.37874190901697247, 0.5018129529787464], ""kernels.1.base_kernel.kernels.1"": [0.6931481805599428, 0.6931481805599428, 0.6931481805599428]}","{""kernels.0"": 4.953551138281978e-06, ""kernels.0.base_kernel.kernels.1"": 0.0013904481437992256, ""kernels.1"": 1.0156435315400767}",12,3,36,1,9,radius,0,224
324,216.0231104841886,84.49995109796598,0.5004,global,-3.5267600008268776,-7.848606653532528,4.32184665270565,1.115078674055014,1.3789378273039448,global,,,0.6347376945557179,0.004610121145410677,0.009108386903170437,9.999999747378752e-05,0.3368187370074131,0.05096765884895745,0.3402280171203016,0.8568060401551755,"{""kernels.0.base_kernel.kernels.0"": [0.3333409691435244, 0.3333297389715782, 0.33332896370366427, 0.3333317466425286, 0.33334705943450277, 0.3333429019372401, 0.3333283512072956, 0.3333231760035692, 0.33333207832668255, 0.3333286903693986, 0.33333463412131376, 0.3333226802744938, 0.3333373011367546, 0.33333538529407386, 0.3333378438797825, 0.333338065749498, 0.33332960089965596, 0.33331846715956165], ""kernels.0.base_kernel.kernels.1.base_kernel"": [0.6931481805599428, 0.6931481805599428, 0.6931481805599428], ""kernels.1.base_kernel.kernels.0"": [0.05096765884895745, 0.5062394950610049, 0.6050007862338774, 0.616726186599401, 0.8568060401551755, 0.26249257305414353, 0.34710897480610037, 0.38460599327891437, 0.6595455361915337, 0.6350549286936167, 0.3618945477823415, 0.44465411632583185, 0.3784695566441322, 0.5428205496138223, 0.49659069206560724, 0.10121991134103028, 0.378350281095719, 0.5034137967803622], ""kernels.1.base_kernel.kernels.1"": [0.6931481805599428, 0.6931481805599428, 0.6931481805599428]}","{""kernels.0"": 4.9535689189525525e-06, ""kernels.0.base_kernel.kernels.1"": 0.001390448137537223, ""kernels.1"": 1.0090608093157831}",12,3,36,0,9,radius,1,225
325,226.49773730400125,84.49995109796598,0.4994,global,-3.5222190163850673,-4.19838150158456,0.6761624851994927,0.44376776709830484,1.1591099960604279,global,,,0.6476027189096443,0.004613353173246155,0.009097801728789804,9.999999747378752e-05,0.338844313247652,0.0509683348639663,0.3398277309309884,0.8565550096394937,"{""kernels.0.base_kernel.kernels.0"": [0.3333409669757556, 0.33332971466635875, 0.33332894942180197, 0.3333317730030513, 0.3333470981560289, 0.3333429115131304, 0.33332832705976273, 0.3333231433785393, 0.33333206384653896, 0.3333286711571353, 0.333334654884, 0.33332266568769786, 0.3333372806558208, 0.3333353791694458, 0.3333378585933696, 0.3333380697493686, 0.33332959887919195, 0.3333184695656842], ""kernels.0.base_kernel.kernels.1.base_kernel"": [0.6931481805599428, 0.6931481805599428, 0.6931481805599428], ""kernels.1.base_kernel.kernels.0"": [0.0509683348639663, 0.5048023502388146, 0.6048035397003115, 0.616474099763025, 0.8565550096394937, 0.2625948568081401, 0.34630836370594786, 0.3842094943879155, 0.6593434919011832, 0.634980491471134, 0.36191745022878485, 0.4441582177096716, 0.37654165383591714, 0.5418891803179823, 0.49703961167029204, 0.10121063338441202, 0.3779804510544498, 0.5035031946029542], ""kernels.1.base_kernel.kernels.1"": [0.6931481805599428, 0.6931481805599428, 0.6931481805599428]}","{""kernels.0"": 4.953577764357633e-06, ""kernels.0.base_kernel.kernels.1"": 0.001390448134739757, ""kernels.1"": 1.015137538030452}",12,3,36,0,9,radius,0,226
326,253.18625071138248,84.49995109796598,0.502,global,-3.5662286026721963,-6.133487774533736,2.56725917186154,0.9400977847572518,1.4073884686980465,global,,,0.616704670603795,0.004596846815292687,0.009087193663911712,9.999999747378752e-05,0.33669114838717745,0.05096989905996167,0.33947577405329443,0.8565513278422802,"{""kernels.0.base_kernel.kernels.0"": [0.33334095782432316, 0.33332967795029644, 0.333328923119547, 0.3333318409845126, 0.33334718264066004, 0.3333429288741045, 0.3333282835962621, 0.3333230830726319, 0.333332042715638, 0.33332863421393827, 0.3333347039426724, 0.3333226501687855, 0.3333372380615909, 0.3333353842401586, 0.33333788962389044, 0.33333807718576747, 0.333329597940911, 0.333318491030701], ""kernels.0.base_kernel.kernels.1.base_kernel"": [0.6931481805599428, 0.6931481805599428, 0.6931481805599428], ""kernels.1.base_kernel.kernels.0"": [0.05096989905996167, 0.503638872309026, 0.6046175260426904, 0.6171788814252783, 0.8565513278422802, 0.2644009718153729, 0.3456043654659289, 0.384051485168527, 0.660227762508758, 0.6360055420018627, 0.36280633545148283, 0.44423939305440807, 0.37315980075261485, 0.5415294526416272, 0.49811284261209465, 0.1014762436839374, 0.3774444245429031, 0.5048099679613405], ""kernels.1.base_kernel.kernels.1"": [0.6931481805599428, 0.6931481805599428, 0.6931481805599428]}","{""kernels.0"": 4.953595522777519e-06, ""kernels.0.base_kernel.kernels.1"": 0.0013904481285090477, ""kernels.1"": 1.0086780434375004}",12,3,36,0,9,radius,0,227
327,239.5867356462186,84.49995109796598,0.5,global,-3.3295636075510138,-5.568593862242631,2.239030254691617,0.3926963037940283,1.1758565111171555,global,,,0.5455962681845093,0.00460213103110672,0.009077076688495162,9.999999747378752e-05,0.33896746440581854,0.05097054230928127,0.33907201303758766,0.8560910468677811,"{""kernels.0.base_kernel.kernels.0"": [0.3333409562922794, 0.33332965515768637, 0.33332890630980727, 0.3333318618011851, 0.3333472146408576, 0.33334293686321614, 0.3333282610594193, 0.33332305148907904, 0.3333320285844705, 0.33332860874176756, 0.33333472304620765, 0.333322634949141, 0.3333372172625653, 0.33333538587094125, 0.33333790448175216, 0.3333380817003878, 0.3333295959098866, 0.3333184909610677], ""kernels.0.base_kernel.kernels.1.base_kernel"": [0.6931481805599428, 0.6931481805599428, 0.6931481805599428], ""kernels.1.base_kernel.kernels.0"": [0.05097054230928127, 0.5020623298782394, 0.6042380462191115, 0.6166120313952735, 0.8560910468677811, 0.26445838350069234, 0.34479681143431773, 0.38343208973712084, 0.6600041645705769, 0.6357919713694462, 0.362580053995489, 0.4435129967336279, 0.37069386658814935, 0.541188440012758, 0.49828851259358975, 0.10152157820611828, 0.376996173616781, 0.504898210949418], ""kernels.1.base_kernel.kernels.1"": [0.6931481805599428, 0.6931481805599428, 0.6931481805599428]}","{""kernels.0"": 4.953604732401194e-06, ""kernels.0.base_kernel.kernels.1"": 0.001390448125635878, ""kernels.1"": 1.0155069914870873}",12,3,36,0,9,radius,0,228
328,338.12102898292926,84.49995109796598,0.4992,global,-3.691861189791751,-5.235171876535328,1.543310686743577,0.8618542389394281,1.3598255737601985,global,,,0.6597629591482308,0.004621007054432904,0.00906679343825851,9.999999747378752e-05,0.33533644248341016,0.05098396941330028,0.3333419610746186,0.8499398647723122,"{""kernels.0.base_kernel.kernels.0"": [0.3333408685053571, 0.3333293271699563, 0.3333285325553118, 0.33333204147605505, 0.3333478548449913, 0.3333430536438801, 0.33332796105041096, 0.3333225693584814, 0.3333318075321646, 0.33332819668530467, 0.33333517396010165, 0.3333225009561254, 0.33333674657804074, 0.3333354204075786, 0.33333822783494665, 0.33333819782180213, 0.33332958809421925, 0.33331863603544953], ""kernels.0.base_kernel.kernels.1.base_kernel"": [0.6931481805599428, 0.6931481805599428, 0.6931481805599428], ""kernels.1.base_kernel.kernels.0"": [0.05098396941330028, 0.48421788975903807, 0.5981074317670083, 0.5841962901589832, 0.8499398647723122, 0.2690931547168661, 0.332476685095592, 0.3788347231524333, 0.6578484320982918, 0.6332547189236376, 0.3643479690457008, 0.43916206576358613, 0.32562338649982486, 0.543974117345692, 0.5033859014975526, 0.10773365493567107, 0.3692779406742798, 0.5140600928521992], ""kernels.1.base_kernel.kernels.1"": [0.6931481805599428, 0.6931481805599428, 0.6931481805599428]}","{""kernels.0"": 4.953782436853918e-06, ""kernels.0.base_kernel.kernels.1"": 0.0013904480667610495, ""kernels.1"": 1.0046139256010325}",12,3,36,0,9,radius,1,229
329,387.29714350488337,84.49995109796598,0.4994,global,-3.680464316646582,-4.619422609717439,0.9389582930708573,0.9170588114346545,1.26551062698937,global,,,0.6788371660923114,0.0045567661718337125,0.009058971230430288,9.999999747378752e-05,0.3367508463858912,0.05098846099558586,0.3333454783553214,0.844460503489149,"{""kernels.0.base_kernel.kernels.0"": [0.3333407950644065, 0.33332944718159846, 0.3333284250520633, 0.3333323958800959, 0.33334795349855306, 0.33334300321208976, 0.33332803616723045, 0.33332260594817575, 0.3333318375875289, 0.33332804206805866, 0.3333353014464971, 0.3333225981818421, 0.33333668186107457, 0.3333353935540722, 0.3333382935383547, 0.33333821496817967, 0.3333296499942338, 0.3333187825420283], ""kernels.0.base_kernel.kernels.1.base_kernel"": [0.6931481805599428, 0.6931481805599428, 0.6931481805599428], ""kernels.1.base_kernel.kernels.0"": [0.05098846099558586, 0.5004318910434437, 0.5911076167162846, 0.598258858972325, 0.844460503489149, 0.2850755878219566, 0.3393411012206801, 0.3792670376348111, 0.660303464576311, 0.6226049128921208, 0.3688930276894549, 0.4441097925833213, 0.3178432727690617, 0.5442318602746343, 0.5023098481367669, 0.1059780945904388, 0.3692506936810542, 0.5260349371210427], ""kernels.1.base_kernel.kernels.1"": [0.6931481805599428, 0.6931481805599428, 0.6931481805599428]}","{""kernels.0"": 4.953840184569261e-06, ""kernels.0.base_kernel.kernels.1"": 0.0013904480444482635, ""kernels.1"": 1.0088571372730406}",12,3,36,0,9,radius,0,230
330,208.73655998765508,84.49995109796598,0.5006,local,-3.6045578020512785,-5.353429291838957,1.7488714897876783,0.39740523295740077,1.1051269920064444,radius,,,0.6117498850690967,0.004569631373958475,0.0090531437388303,9.999999747378752e-05,0.3400430983791969,0.050988826079607294,0.33334547847769314,0.8435558228622348,"{""kernels.0.base_kernel.kernels.0"": [0.3333407944050268, 0.3333294300587302, 0.333328410466826, 0.3333324187605366, 0.3333479566352806, 0.3333430003201057, 0.33332803000539196, 0.33332260215558845, 0.3333318367287363, 0.3333280203874824, 0.33333530933196054, 0.3333225871136413, 0.3333366800658403, 0.3333353854327854, 0.3333382996545919, 0.3333382159420763, 0.333329650947291, 0.3333187677152924], ""kernels.0.base_kernel.kernels.1.base_kernel"": [0.6931481805599428, 0.6931481805599428, 0.6931481805599428], ""kernels.1.base_kernel.kernels.0"": [0.050988826079607294, 0.49772649405953523, 0.5902994387877252, 0.5974573538864281, 0.8435558228622348, 0.28492293565730376, 0.33869750130511467, 0.37777073758549756, 0.6597177285710509, 0.6211426943005186, 0.36890537674719664, 0.4431637917876877, 0.3158875992026602, 0.5433953006306262, 0.5018037378876048, 0.10587015377252644, 0.36879416566635115, 0.5254537106394532], ""kernels.1.base_kernel.kernels.1"": [0.6931481805599428, 0.6931481805599428, 0.6931481805599428]}","{""kernels.0"": 4.953847877139932e-06, ""kernels.0.base_kernel.kernels.1"": 0.0013904480421286518, ""kernels.1"": 1.018733893247585}",12,3,36,1,9,radius,0,231
331,310.8477444818389,84.49995109796598,0.4992,global,-3.6978952970417116,-5.949910724429585,2.252015427387873,0.46225865187859017,1.2388490948017277,global,,,0.7163245872461131,0.004550386875862171,0.009042642896721348,9.999999747378752e-05,0.33655023398687195,0.05099030478598521,0.33334548020737764,0.8418512458572652,"{""kernels.0.base_kernel.kernels.0"": [0.33334078228226666, 0.3333294173985924, 0.3333283789473038, 0.333332520348194, 0.33334797193921634, 0.33334298847553895, 0.33332802595183014, 0.3333226225278487, 0.33333186297780687, 0.33332797752179055, 0.33333534085054894, 0.3333225897139738, 0.33333667863337146, 0.3333353652122145, 0.33333831759030275, 0.3333382170112873, 0.3333296626690369, 0.33331875815852585], ""kernels.0.base_kernel.kernels.1.base_kernel"": [0.6931481805599428, 0.6931481805599428, 0.6931481805599428], ""kernels.1.base_kernel.kernels.0"": [0.05099030478598521, 0.49321214538387137, 0.5892579017030188, 0.5979515276695849, 0.8418512458572652, 0.28760794525178457, 0.33955326361762717, 0.3753792140872141, 0.6597609831391593, 0.6179821605469743, 0.3719187325490054, 0.44321581964470863, 0.3122650718491598, 0.5420954360397238, 0.5008518760537679, 0.10620259997345244, 0.36795142436626543, 0.5257835513996285], ""kernels.1.base_kernel.kernels.1"": [0.6931481805599428, 0.6931481805599428, 0.6931481805599428]}","{""kernels.0"": 4.953869518066602e-06, ""kernels.0.base_kernel.kernels.1"": 0.0013904480343249108, ""kernels.1"": 1.0082553000567729}",12,3,36,0,9,radius,0,232
332,289.15753260555994,84.49995109796598,0.4994,global,-3.7584458171080866,-5.2042651480701165,1.44581933096203,0.4996390032002112,1.2709238690492628,global,,,0.6575019343297863,0.004558201978653203,0.009034118853455668,9.999999747378752e-05,0.33918431062635973,0.05099068771291091,0.33334547709441215,0.8408376761083123,"{""kernels.0.base_kernel.kernels.0"": [0.3333407806035462, 0.3333294112623453, 0.33332836423708867, 0.33333254274989416, 0.33334797111112213, 0.33334298307770216, 0.3333280181953078, 0.33332262562420417, 0.33333186584760877, 0.33332795931081544, 0.3333353473786618, 0.3333225827817423, 0.3333366766734435, 0.33333535721600993, 0.3333383229948589, 0.3333382192031301, 0.3333296646359455, 0.33331874852392446], ""kernels.0.base_kernel.kernels.1.base_kernel"": [0.6931481805599428, 0.6931481805599428, 0.6931481805599428], ""kernels.1.base_kernel.kernels.0"": [0.05099068771291091, 0.4912540474476802, 0.5885039646793047, 0.5972354061764424, 0.8408376761083123, 0.2876746322475173, 0.3389904668452308, 0.3742379333803413, 0.6593309078244299, 0.6165508775139061, 0.37207574024286316, 0.44255052470563555, 0.31049401366099966, 0.5413672364595636, 0.5003300192102034, 0.10612282289103514, 0.36750345544726015, 0.5254786678407108], ""kernels.1.base_kernel.kernels.1"": [0.6931481805599428, 0.6931481805599428, 0.6931481805599428]}","{""kernels.0"": 4.95387730299843e-06, ""kernels.0.base_kernel.kernels.1"": 0.001390448031844495, ""kernels.1"": 1.0161575299699317}",12,3,36,1,9,radius,0,233
333,326.0192038536495,84.49995109796598,0.4994,global,-3.7362538584045977,-5.016532073618033,1.2802782152134355,0.5828150447057372,1.255718930299983,global,,,0.7220681777225176,0.0045357794020865405,0.009024847728116766,9.999999747378752e-05,0.3350886390342001,0.05099252298879273,0.3333454688997217,0.8379485900130756,"{""kernels.0.base_kernel.kernels.0"": [0.33334076306078514, 0.33332942060902404, 0.3333283147778248, 0.33333266793043825, 0.3333479713599973, 0.3333429664394461, 0.3333280074380563, 0.33332266850176034, 0.3333318988589877, 0.33332790905950577, 0.3333353821068842, 0.33332259549774423, 0.3333366740209033, 0.33333532790563064, 0.333338346351527, 0.3333382251635657, 0.33332968203735736, 0.3333187478024106], ""kernels.0.base_kernel.kernels.1.base_kernel"": [0.6931481805599428, 0.6931481805599428, 0.6931481805599428], ""kernels.1.base_kernel.kernels.0"": [0.05099252298879273, 0.48714494558760935, 0.5861661500176147, 0.5976025382383268, 0.8379485900130756, 0.2920488667021415, 0.33906632247277657, 0.3713056078448242, 0.6595039508230117, 0.6121991483825986, 0.3747288561953499, 0.4432629032170736, 0.30509013072225466, 0.5397129531049243, 0.498642658223802, 0.10649387324082546, 0.36625082853611063, 0.5264509410879943], ""kernels.1.base_kernel.kernels.1"": [0.6931481805599428, 0.6931481805599428, 0.6931481805599428]}","{""kernels.0"": 4.9539063568933876e-06, ""kernels.0.base_kernel.kernels.1"": 0.0013904480212306104, ""kernels.1"": 1.003870515175013}",12,3,36,2,9,radius,0,234
334,879.0958096499536,84.49995109796598,0.5042,global,-3.6804224038589526,-5.492852352934863,1.8124299490759102,1.1959126575915873,1.3792482039602394,global,,,0.6616356672267242,0.004545816536406759,0.009016867252847416,9.999999747378752e-05,0.3382005635612193,0.050992828164133204,0.3333454621906952,0.8368369599647764,"{""kernels.0.base_kernel.kernels.0"": [0.3333407616113037, 0.33332941835053254, 0.33332830037524114, 0.3333326847264214, 0.3333479650664799, 0.33334295931491054, 0.333327997918873, 0.33332267417849815, 0.3333319003424085, 0.3333278942918239, 0.3333353863041894, 0.33332258788467845, 0.3333366712509697, 0.33333531972592406, 0.33333835109088195, 0.333338227484102, 0.3333296840835067, 0.33331874275537215], ""kernels.0.base_kernel.kernels.1.base_kernel"": [0.6931481805599428, 0.6931481805599428, 0.6931481805599428], ""kernels.1.base_kernel.kernels.0"": [0.050992828164133204, 0.48541756373485145, 0.5853285742535967, 0.596749770138513, 0.8368369599647764, 0.29208544930686087, 0.3380869505136348, 0.3701569567704972, 0.6590707393977686, 0.6108646781887215, 0.37461593865742393, 0.4426056481017763, 0.30329760441886416, 0.5390072578765627, 0.4980067312867106, 0.10639578793133886, 0.36578060628476367, 0.526315616362357], ""kernels.1.base_kernel.kernels.1"": [0.6931481805599428, 0.6931481805599428, 0.6931481805599428]}","{""kernels.0"": 4.953913624178398e-06, ""kernels.0.base_kernel.kernels.1"": 0.0013904480189236448, ""kernels.1"": 1.0132062887511102}",12,3,36,0,9,radius,0,235
335,400.15548160038884,84.49995109796598,0.4984,global,-3.5254527812332475,-5.1239038597444955,1.598451078511248,1.0081096395049256,1.3794720245281777,global,,,0.6923095864722848,0.004369181068696097,0.009032258878468027,9.999999747378752e-05,0.33472539026615516,0.051029339697991095,0.3333396351221038,0.7409915995296956,"{""kernels.0.base_kernel.kernels.0"": [0.3333407449682094, 0.3333320560371814, 0.3333274193029996, 0.33333421052810386, 0.33334496149372506, 0.3333417457895798, 0.33332720811729266, 0.3333259989719788, 0.3333326567542198, 0.3333283528987613, 0.33333578503224787, 0.3333207876661005, 0.33333719324668337, 0.3333350174264031, 0.33333754224628165, 0.33333852527599817, 0.33333133657170083, 0.333318337680902], ""kernels.0.base_kernel.kernels.1.base_kernel"": [0.6931481805599428, 0.6931481805599428, 0.6931481805599428], ""kernels.1.base_kernel.kernels.0"": [0.051029339697991095, 0.46104856845633513, 0.4650974923347236, 0.6457520848816631, 0.7409915995296956, 0.5247150919162222, 0.32400152772222895, 0.3143092303230495, 0.7047269380368445, 0.5521540547170638, 0.5168045214724106, 0.4787613940042669, 0.1776629897557365, 0.5548661674405452, 0.38025568783500685, 0.1120052672416662, 0.27719536979700615, 0.6127229499519284], ""kernels.1.base_kernel.kernels.1"": [0.6931481805599428, 0.6931481805599428, 0.6931481805599428]}","{""kernels.0"": 4.954872984141179e-06, ""kernels.0.base_kernel.kernels.1"": 0.0013904476601575705, ""kernels.1"": 1.0027807682653238}",12,3,36,1,9,radius,0,236
336,305.14507382828486,84.49995109796598,0.4994,global,-3.6911806064899846,-4.921386436201301,1.2302058297113163,0.6720012111423032,1.2064088652917622,global,,,0.7387504342635033,0.004392697108434247,0.009026954259893987,9.999999747378752e-05,0.3370237706387487,0.05102773298202248,0.3333397370776577,0.7399273546808323,"{""kernels.0.base_kernel.kernels.0"": [0.33334090925154736, 0.3333321631598829, 0.3333275275504574, 0.3333341231958394, 0.33334438091416474, 0.33334165343615696, 0.3333272508117461, 0.33332619908198957, 0.3333325886698662, 0.33332853276853225, 0.33333560237651877, 0.3333203862539084, 0.33333728788529887, 0.33333519866171296, 0.33333747053100116, 0.333338564903768, 0.33333136299667615, 0.33331796078999093], ""kernels.0.base_kernel.kernels.1.base_kernel"": [0.6931481805599428, 0.6931481805599428, 0.6931481805599428], ""kernels.1.base_kernel.kernels.0"": [0.05102773298202248, 0.46319732634971567, 0.4587213643205367, 0.6468244147579844, 0.7399273546808323, 0.5051664973810481, 0.3185191337525106, 0.3224898418262512, 0.7019425365506381, 0.5582092467587983, 0.5226223039055444, 0.4618632257891222, 0.17974923031407625, 0.5585256347321405, 0.3671705628114173, 0.11263248522266761, 0.281022360526764, 0.6055761785631761], ""kernels.1.base_kernel.kernels.1"": [0.6931481805599428, 0.6931481805599428, 0.6931481805599428]}","{""kernels.0"": 4.954959131394001e-06, ""kernels.0.base_kernel.kernels.1"": 0.0013904476306601794, ""kernels.1"": 1.0096759093264547}",12,3,36,0,9,radius,0,237
337,216.08689458427034,84.49995109796598,0.5006,global,-3.5578372982269717,-4.622782295808403,1.064944997581431,1.7037278952949064,1.4109335632823143,global,,,0.6219728874002681,0.004394972117658775,0.00901836577576355,9.999999747378752e-05,0.3332599149385527,0.05101772241113772,0.333340036624445,0.7571449938926507,"{""kernels.0.base_kernel.kernels.0"": [0.33334151353669417, 0.33333228793065406, 0.33332836928801823, 0.3333338180417598, 0.33334251206357524, 0.33334138324464324, 0.3333278255169977, 0.3333265126705235, 0.3333326058121268, 0.33332919284503254, 0.3333346052941309, 0.33332051809991087, 0.33333764695460444, 0.33333575177807595, 0.33333701928550885, 0.33333869000424676, 0.33333133042408464, 0.333316375777021], ""kernels.0.base_kernel.kernels.1.base_kernel"": [0.6931481805599428, 0.6931481805599428, 0.6931481805599428], ""kernels.1.base_kernel.kernels.0"": [0.05101772241113772, 0.4739195963658731, 0.4534010155223193, 0.6533688277729435, 0.7571449938926507, 0.4561485873517533, 0.3161844070802111, 0.36027232349064914, 0.7020915996895312, 0.5711362706798185, 0.5438045126068554, 0.449129013741932, 0.182815246110415, 0.5706651985369625, 0.29935917526331146, 0.11244122061879258, 0.29518421108254633, 0.57877611173255], ""kernels.1.base_kernel.kernels.1"": [0.6931481805599428, 0.6931481805599428, 0.6931481805599428]}","{""kernels.0"": 4.955518904914528e-06, ""kernels.0.base_kernel.kernels.1"": 0.00139044742945762, ""kernels.1"": 0.9983843418672957}",12,3,36,1,9,radius,0,238
338,258.82389347563264,84.49995109796598,0.5002,local,-3.6124457323732173,-6.199874544253294,2.587428811880077,0.37226403341821107,0.9984252510579621,radius,,,0.5695425161949776,0.004375652596018082,0.009008115083079889,9.999999747378752e-05,0.33339894068452164,0.05101572012466846,0.33334010877181697,0.7569859025480217,"{""kernels.0.base_kernel.kernels.0"": [0.3333415609677665, 0.3333320711432494, 0.3333283454986646, 0.33333369988213457, 0.33334270260126886, 0.3333415322504483, 0.33332786355899263, 0.3333260707343683, 0.3333325238924324, 0.33332902958879373, 0.33333443531704593, 0.33332059869799047, 0.33333768029026645, 0.33333575368383583, 0.3333370198473852, 0.33333868529318567, 0.33333125121949714, 0.33331626638574396], ""kernels.0.base_kernel.kernels.1.base_kernel"": [0.6931481805599428, 0.6931481805599428, 0.6931481805599428], ""kernels.1.base_kernel.kernels.0"": [0.05101572012466846, 0.4658209497945449, 0.4581003468387688, 0.6556455368760239, 0.7569859025480217, 0.46793020183639383, 0.32561495754744957, 0.35242410349068154, 0.7012757890543372, 0.5679446385086608, 0.5470186249504624, 0.45539876843430144, 0.18124547972528438, 0.5718820708145713, 0.29334063857878406, 0.11277448517835736, 0.29308365701578576, 0.5910915434137971], ""kernels.1.base_kernel.kernels.1"": [0.6931481805599428, 0.6931481805599428, 0.6931481805599428]}","{""kernels.0"": 4.955655067771935e-06, ""kernels.0.base_kernel.kernels.1"": 0.0013904473822203933, ""kernels.1"": 0.9988014190162767}",12,3,36,1,9,radius,0,239
339,4129.710247825342,84.49995109796598,0.4998,global,-3.6307281001196907,-4.7776051811674325,1.1468770810477418,0.898050046583003,1.366720490708245,global,,,0.6698168563556963,0.004376781663892779,0.00899838741589116,9.999999747378752e-05,0.3346714498685765,0.051015535336587065,0.3333401128302693,0.7563774983902691,"{""kernels.0.base_kernel.kernels.0"": [0.3333415666605022, 0.3333320636415397, 0.33332833673992185, 0.33333368350434905, 0.33334269881052986, 0.33334153706884695, 0.33332784708654906, 0.33332605109066266, 0.33333251519380874, 0.333329025837456, 0.33333442561413196, 0.333320583737862, 0.33333768506677697, 0.3333357369107587, 0.3333370206664444, 0.33333868859169163, 0.3333312497596842, 0.33331624876109744], ""kernels.0.base_kernel.kernels.1.base_kernel"": [0.6931481805599428, 0.6931481805599428, 0.6931481805599428], ""kernels.1.base_kernel.kernels.0"": [0.051015535336587065, 0.4653701421081445, 0.4578944271227302, 0.6554153099355271, 0.7563774983902691, 0.46784179703252593, 0.3245401400943594, 0.3519119069054174, 0.7012743142544591, 0.5678179086339301, 0.5469061299806356, 0.4552649154692804, 0.18114034168359738, 0.570930200089452, 0.29288909481675973, 0.11282729807746947, 0.29302796438534695, 0.5910078373844169], ""kernels.1.base_kernel.kernels.1"": [0.6931481805599428, 0.6931481805599428, 0.6931481805599428]}","{""kernels.0"": 4.955664549815426e-06, ""kernels.0.base_kernel.kernels.1"": 0.0013904473792509771, ""kernels.1"": 1.0026189465619286}",12,3,36,0,9,radius,0,240
340,151.4013992133319,84.49995109796598,0.4984,global,-3.2261443298656216,-4.704306372186631,1.4781620423210091,1.6286767384543337,1.4077175294193234,global,,,0.48940270674921593,0.004367383860246913,0.009098300488324723,9.999999747378752e-05,0.33011459458008896,0.05099905930005766,0.33334007592985465,0.7456764453637744,"{""kernels.0.base_kernel.kernels.0"": [0.33334240933397474, 0.33333182401371414, 0.3333276975197271, 0.3333331923614159, 0.3333404811740392, 0.3333423763932892, 0.3333288905717844, 0.33332613983733433, 0.3333317138996079, 0.3333291083280363, 0.3333340737010108, 0.3333147317916294, 0.33333835720578814, 0.33333635015821617, 0.33333629848708346, 0.3333396706856701, 0.3333312148020598, 0.3333150302146607], ""kernels.0.base_kernel.kernels.1.base_kernel"": [0.6931481805599428, 0.6931481805599428, 0.6931481805599428], ""kernels.1.base_kernel.kernels.0"": [0.05099905930005766, 0.4383895525781739, 0.45649793190287086, 0.7330523654971117, 0.7208133688016862, 0.5488707615574184, 0.3009601262816174, 0.3168796581367184, 0.7456764453637744, 0.59667288275218, 0.6420906435330276, 0.600504550036755, 0.18670427982199647, 0.5971568035243647, 0.1080352780375329, 0.12817697680227796, 0.3380246235744284, 0.6402352480653405], ""kernels.1.base_kernel.kernels.1"": [0.6931481805599428, 0.6931481805599428, 0.6931481805599428]}","{""kernels.0"": 4.9562874296049275e-06, ""kernels.0.base_kernel.kernels.1"": 0.0013904471880672642, ""kernels.1"": 0.98894838026477}",12,3,36,0,9,radius,0,241
341,160.45459799474705,84.49995109796598,0.4996,global,-3.3659035361658596,-5.005719525128229,1.6398159889623694,0.5189495748856898,1.2884827232014824,global,,,0.6095849310286687,0.0043521799830762405,0.009089575489961327,9.999999747378752e-05,0.32805513459775604,0.05099867942532937,0.3333400544494882,0.7458747750146938,"{""kernels.0.base_kernel.kernels.0"": [0.333342442047546, 0.3333318406418483, 0.33332768552768255, 0.3333331412903463, 0.33334041724699753, 0.33334239303511376, 0.33332889566997614, 0.3333261417577966, 0.3333316788497931, 0.3333291174998523, 0.3333340527959036, 0.33331453767980856, 0.3333383705094103, 0.33333637439456537, 0.3333363110007115, 0.33333969165197885, 0.3333312034766665, 0.3333149957343016], ""kernels.0.base_kernel.kernels.1.base_kernel"": [0.6931481805599428, 0.6931481805599428, 0.6931481805599428], ""kernels.1.base_kernel.kernels.0"": [0.05099867942532937, 0.4398277029609965, 0.455674115720429, 0.7341279981706421, 0.7204384070966164, 0.5513294828634747, 0.30274158647762495, 0.3178662798421046, 0.7458747750146938, 0.5972813537321551, 0.642818645637984, 0.6003074861833659, 0.18667632262162398, 0.5982212156518538, 0.10819377524192755, 0.12829878096878722, 0.33854922694867084, 0.6407617366532777], ""kernels.1.base_kernel.kernels.1"": [0.6931481805599428, 0.6931481805599428, 0.6931481805599428]}","{""kernels.0"": 4.956300272432482e-06, ""kernels.0.base_kernel.kernels.1"": 0.0013904471846274808, ""kernels.1"": 0.9827700003083683}",12,3,36,0,9,radius,0,242
342,294.10177086382424,84.49995109796598,0.4996,global,-3.2646691480950567,-4.60892604437512,1.3442568962800632,0.9141204378543273,1.3982251054764734,global,,,0.5431987841132875,0.004355084515312158,0.00908048647086826,9.999999747378752e-05,0.33082546683872727,0.050997757548357066,0.33334000667828056,0.7462601198967816,"{""kernels.0.base_kernel.kernels.0"": [0.3333425171600272, 0.33333185594026504, 0.33332765163570666, 0.3333330146543864, 0.33334027567559493, 0.33334242245606543, 0.33332888955240014, 0.3333261308885915, 0.33333159566468135, 0.33332912160023154, 0.333334003430395, 0.33331411012566053, 0.3333383974159902, 0.33333642026718074, 0.3333363376288579, 0.33333973768096625, 0.33333117671186996, 0.33331489605195525], ""kernels.0.base_kernel.kernels.1.base_kernel"": [0.6931481805599428, 0.6931481805599428, 0.6931481805599428], ""kernels.1.base_kernel.kernels.0"": [0.050997757548357066, 0.44014743320947036, 0.45322457182213943, 0.7352205139644927, 0.7185653073991333, 0.5549868975351419, 0.3047762175273405, 0.31861076758182627, 0.7462601198967816, 0.5975429117514567, 0.644152739069902, 0.5992815288416645, 0.18564635829022444, 0.599672949119124, 0.10823905689541442, 0.12818371473680404, 0.3394012139106062, 0.6407778174729709], ""kernels.1.base_kernel.kernels.1"": [0.6931481805599428, 0.6931481805599428, 0.6931481805599428]}","{""kernels.0"": 4.956329326347037e-06, ""kernels.0.base_kernel.kernels.1"": 0.0013904471774757814, ""kernels.1"": 0.9910809970093797}",12,3,36,0,9,radius,0,243
343,358.189616331634,84.49995109796598,0.4984,global,-3.5331663108830433,-4.391068681486108,0.8579023706030648,0.8942355078772414,1.349852737183287,global,,,0.6765513471534542,0.00433908320688707,0.009071404643870492,9.999999747378752e-05,0.32905546577190786,0.050996308046049,0.3333399665212232,0.7471387964320944,"{""kernels.0.base_kernel.kernels.0"": [0.333342586047992, 0.333331868846798, 0.3333276300160082, 0.3333328833665542, 0.3333401490641951, 0.3333424602122753, 0.33332888347906553, 0.333326135884266, 0.3333315107957292, 0.3333291297324447, 0.3333339550054557, 0.3333137086244057, 0.3333384224025594, 0.33333646250343024, 0.3333363642291961, 0.3333397839782513, 0.3333311498917529, 0.33331480388079526], ""kernels.0.base_kernel.kernels.1.base_kernel"": [0.6931481805599428, 0.6931481805599428, 0.6931481805599428], ""kernels.1.base_kernel.kernels.0"": [0.050996308046049, 0.443323575455418, 0.45159912390064166, 0.7361046231671667, 0.7155995197302708, 0.5609183373845698, 0.30741830839114276, 0.32084687357317143, 0.7471387964320944, 0.5952100552655794, 0.6452527214447373, 0.599352569826126, 0.18506373130317794, 0.6021489585146008, 0.1083531362993147, 0.12862713131943057, 0.34042080812320524, 0.640681544336654], ""kernels.1.base_kernel.kernels.1"": [0.6931481805599428, 0.6931481805599428, 0.6931481805599428]}","{""kernels.0"": 4.956358521746155e-06, ""kernels.0.base_kernel.kernels.1"": 0.0013904471699203243, ""kernels.1"": 0.9857709937872815}",12,3,36,0,9,radius,0,244
344,2273.763312078876,84.49995109796598,0.4988,local,-3.375535295386695,-5.844718313811486,2.4691830184247916,0.3005315809856855,1.0186143040086586,radius,,,0.5397945580039762,0.004346738462529796,0.009064425635268549,9.999999747378752e-05,0.3317274713812474,0.05099570117696848,0.33333995028282765,0.74701522820544,"{""kernels.0.base_kernel.kernels.0"": [0.3333426144927565, 0.33333186422517, 0.3333276180233052, 0.33333282591978725, 0.3333400973978557, 0.33334246708547743, 0.3333288714198057, 0.3333261299607412, 0.33333147141539415, 0.3333291291942578, 0.3333339347546173, 0.3333135402008421, 0.33333843283409836, 0.3333364786164145, 0.3333363757668372, 0.3333398031677996, 0.33333113816228077, 0.33331476027165985], ""kernels.0.base_kernel.kernels.1.base_kernel"": [0.6931481805599428, 0.6931481805599428, 0.6931481805599428], ""kernels.1.base_kernel.kernels.0"": [0.05099570117696848, 0.4429430897491357, 0.4504402675895467, 0.7356238729311843, 0.714004100507809, 0.5621364489177338, 0.3072755166221811, 0.32092895451210557, 0.74701522820544, 0.5940192383993044, 0.64533290062765, 0.5984428306078803, 0.18433482678884647, 0.6028127240493053, 0.10829736742765565, 0.12850452109766275, 0.34065173328389, 0.640255301763506], ""kernels.1.base_kernel.kernels.1"": [0.6931481805599428, 0.6931481805599428, 0.6931481805599428]}","{""kernels.0"": 4.956370907269446e-06, ""kernels.0.base_kernel.kernels.1"": 0.0013904471670577291, ""kernels.1"": 0.9937870106057773}",12,3,36,2,9,radius,0,245
345,121.3638295832999,84.49995109796598,0.5,global,-2.6259002648690766,-5.100050757187837,2.4741504923187607,1.1336211777772254,1.3643483604427673,global,,,0.37268037079581257,0.004489258832786069,0.009122277122753084,9.999999747378752e-05,0.3289016536254454,0.050982670189028384,0.3333397655192225,0.842446111149435,"{""kernels.0.base_kernel.kernels.0"": [0.33334384966705477, 0.3333326373133834, 0.33332651979780425, 0.33333115924132634, 0.33333855693236175, 0.3333430125675801, 0.3333263768163574, 0.33332338607686435, 0.33333162493808594, 0.3333289528602475, 0.3333318822323139, 0.33330230456269516, 0.3333381497585434, 0.33333816809986827, 0.3333374872760696, 0.33334097410608327, 0.3333304669111256, 0.333311828074904], ""kernels.0.base_kernel.kernels.1.base_kernel"": [0.6931481805599428, 0.6931481805599428, 0.6931481805599428], ""kernels.1.base_kernel.kernels.0"": [0.050982670189028384, 0.5253335374443764, 0.4463932123420528, 0.842446111149435, 0.7012765107895891, 0.6551088168136614, 0.33012182264386475, 0.4805062628156874, 0.7845457941468283, 0.6071245212834718, 0.6932876878039645, 0.6012580322248624, 0.11969268380796527, 0.7041060057290103, 0.07914115398567506, 0.13462523265136586, 0.2723641008738449, 0.5531675592145043], ""kernels.1.base_kernel.kernels.1"": [0.6931481805599428, 0.6931481805599428, 0.6931481805599428]}","{""kernels.0"": 4.957154424243765e-06, ""kernels.0.base_kernel.kernels.1"": 0.0013904469766927012, ""kernels.1"": 0.9853095567452193}",12,3,36,1,9,radius,1,246
346,1304.575518097934,84.49995109796598,0.5004,global,-2.862747445261133,-4.6744670844230685,1.8117196391619355,0.8451867243963166,1.411559216096585,global,,,0.5655087532930162,0.004518028950680069,0.009116300039814826,9.999999747378752e-05,0.3229116321986723,0.05098248620063156,0.33333988026122446,0.8338494819002418,"{""kernels.0.base_kernel.kernels.0"": [0.33334411881713477, 0.33333197677204146, 0.333326200376198, 0.3333309489697533, 0.33333838407646954, 0.33334314166218443, 0.3333259648376453, 0.3333224712315361, 0.3333312630762623, 0.33332847223031165, 0.33333124799844355, 0.33330196433160303, 0.33333825002084105, 0.33333857434936637, 0.33333756070568227, 0.33334118617308256, 0.3333304549429866, 0.33331074295266616], ""kernels.0.base_kernel.kernels.1.base_kernel"": [0.6931481805599428, 0.6931481805599428, 0.6931481805599428], ""kernels.1.base_kernel.kernels.0"": [0.05098248620063156, 0.49844273314535803, 0.4318163709233899, 0.8338494819002418, 0.6913681315681787, 0.6626430346431507, 0.3305517354251358, 0.4801317633505787, 0.7803941608913714, 0.5953955830250497, 0.6863664754249447, 0.6388607563914136, 0.11187513028599527, 0.6973035348477593, 0.08014679248648832, 0.1382708776136235, 0.27932768184653034, 0.5400737811803762], ""kernels.1.base_kernel.kernels.1"": [0.6931481805599428, 0.6931481805599428, 0.6931481805599428]}","{""kernels.0"": 4.95733154758073e-06, ""kernels.0.base_kernel.kernels.1"": 0.0013904469419441128, ""kernels.1"": 0.9673394923225251}",12,3,36,0,9,radius,0,247
347,196.07768006198557,84.49995109796598,0.5022,global,-2.874910192123208,-4.996904434933751,2.121994242810543,0.8551103756845488,1.3869616085247347,global,,,0.5070005376516327,0.00457375517608445,0.009145310280790912,9.999999747378752e-05,0.3335694164092187,0.05098188520040964,0.33333990823334325,0.8311385357181034,"{""kernels.0.base_kernel.kernels.0"": [0.3333441388405176, 0.3333319073024005, 0.3333261710932914, 0.33333087654731247, 0.3333383818809249, 0.33334319213389696, 0.33332591328516786, 0.3333223865327171, 0.3333311879228147, 0.33332846057298077, 0.3333312089812602, 0.3333017881490821, 0.333338245513822, 0.33333860975824053, 0.3333375610846683, 0.33334120670844597, 0.3333304485528317, 0.33331070322257017], ""kernels.0.base_kernel.kernels.1.base_kernel"": [0.6931481805599428, 0.6931481805599428, 0.6931481805599428], ""kernels.1.base_kernel.kernels.0"": [0.05098188520040964, 0.49612892782468915, 0.43104046937962703, 0.8311385357181034, 0.6891811157665624, 0.662263080082925, 0.32571479211642473, 0.47809669768969165, 0.7774666903466156, 0.5922191581613969, 0.6850849470161016, 0.6361066057537279, 0.11270058174376685, 0.6969701349304116, 0.07958182316093851, 0.13564771399679376, 0.27994485316572215, 0.5406882626212963], ""kernels.1.base_kernel.kernels.1"": [0.6931481805599428, 0.6931481805599428, 0.6931481805599428]}","{""kernels.0"": 4.957350682777267e-06, ""kernels.0.base_kernel.kernels.1"": 0.0013904469385742262, ""kernels.1"": 0.9993128449383992}",12,3,36,0,9,radius,1,248
348,102.03323101909916,84.49995109796598,0.497,local,-3.114688111708241,-6.627762457868528,3.5130743461602867,0.1771050425921072,0.8892902951949623,radius,,,0.17407986850450172,0.004496444166194689,0.009135155996940765,9.999999747378752e-05,0.3236866403449825,0.05096382680015107,0.3333404479415075,0.8552653995819499,"{""kernels.0.base_kernel.kernels.0"": [0.33334425183503474, 0.333330423064891, 0.3333255516417775, 0.3333289420465838, 0.3333389067246214, 0.33334464482102877, 0.33332671862522834, 0.3333215126948984, 0.3333296451508665, 0.3333292757981853, 0.3333305140103962, 0.3332996502812321, 0.33333768311110584, 0.33333936036881073, 0.333337608005513, 0.33334153551420426, 0.33333030817016274, 0.3333093582480894], ""kernels.0.base_kernel.kernels.1.base_kernel"": [0.6931481805599428, 0.6931481805599428, 0.6931481805599428], ""kernels.1.base_kernel.kernels.0"": [0.05096382680015107, 0.46124271217504387, 0.43579682768832956, 0.8552653995819499, 0.744785277603131, 0.5571605982314075, 0.30294558839754865, 0.39043365975954475, 0.7549171581187837, 0.5559985782754457, 0.6614246096826599, 0.6883197608501487, 0.16650350373890738, 0.6481111755349832, 0.07187314067565591, 0.12218193109753205, 0.30679778083846215, 0.4988564952410453], ""kernels.1.base_kernel.kernels.1"": [0.6931481805599428, 0.6931481805599428, 0.6931481805599428]}","{""kernels.0"": 4.958132760607833e-06, ""kernels.0.base_kernel.kernels.1"": 0.001390446762400171, ""kernels.1"": 0.9696645161397868}",12,3,36,2,9,radius,0,249
349,226.49742037664072,84.49995109796598,0.5008,global,-3.175454839211307,-5.467695272322406,2.2922404331110995,0.6400928466563622,1.3953250460037518,global,,,0.641224135308785,0.004509551762875438,0.009131938824200877,9.999999747378752e-05,0.3271818174699928,0.05096332593227071,0.333340442729687,0.8513705852124498,"{""kernels.0.base_kernel.kernels.0"": [0.333344266872227, 0.3333304763592566, 0.33332556103578787, 0.3333287153039073, 0.3333388652493355, 0.3333446507241031, 0.33332674229782533, 0.33332154879841125, 0.3333296720872568, 0.3333293355884464, 0.33333052335478525, 0.33329944452671706, 0.33333766112081714, 0.33333934428442946, 0.3333376109874028, 0.33334154117494447, 0.3333303060804636, 0.3333093895821959], ""kernels.0.base_kernel.kernels.1.base_kernel"": [0.6931481805599428, 0.6931481805599428, 0.6931481805599428], ""kernels.1.base_kernel.kernels.0"": [0.05096332593227071, 0.46317742024843866, 0.4370622640445656, 0.8513705852124498, 0.7429259914800703, 0.5551960169807093, 0.3016389821053824, 0.3895677050871547, 0.7556564889243506, 0.5574293405840447, 0.6609493166568168, 0.6831613382279214, 0.16666589957205666, 0.6486437994862273, 0.0718794487849711, 0.12153280210255542, 0.30716632653681336, 0.4963123175834152], ""kernels.1.base_kernel.kernels.1"": [0.6931481805599428, 0.6931481805599428, 0.6931481805599428]}","{""kernels.0"": 4.95815389940153e-06, ""kernels.0.base_kernel.kernels.1"": 0.0013904467578639505, ""kernels.1"": 0.980150047498215}",12,3,36,0,9,radius,0,250
350,247.60457498101616,84.49995109796598,0.4988,global,-3.1996146776923045,-4.414207104499744,1.2145924268074397,1.2889380996743194,1.3972135956934568,global,,,0.6805112527874262,0.004491136482065618,0.009121813607351403,9.999999747378752e-05,0.3237130260555296,0.05096285226931021,0.3333404352427677,0.8475369296551898,"{""kernels.0.base_kernel.kernels.0"": [0.33334427575352577, 0.33333055237533227, 0.3333255805787475, 0.33332847406933075, 0.3333388302294826, 0.33334465970401644, 0.33332678546386907, 0.3333216081233308, 0.33332972312557835, 0.3333294192847836, 0.3333305458012894, 0.33329925382883707, 0.33333763455398496, 0.3333393269016335, 0.33333761280603985, 0.33334154358390194, 0.3333303062844909, 0.33330945618960783], ""kernels.0.base_kernel.kernels.1.base_kernel"": [0.6931481805599428, 0.6931481805599428, 0.6931481805599428], ""kernels.1.base_kernel.kernels.0"": [0.05096285226931021, 0.4671705574735786, 0.43922286199344435, 0.8475369296551898, 0.7418096372732838, 0.5539911382224961, 0.3015780355760234, 0.38939443002882373, 0.7576139935987952, 0.5600127672936117, 0.6610936020069994, 0.678312210514474, 0.16743657664675393, 0.6497678369534711, 0.07197439739760908, 0.12126659685157194, 0.30784326703464693, 0.4944009128456432], ""kernels.1.base_kernel.kernels.1"": [0.6931481805599428, 0.6931481805599428, 0.6931481805599428]}","{""kernels.0"": 4.958177668988749e-06, ""kernels.0.base_kernel.kernels.1"": 0.0013904467521762233, ""kernels.1"": 0.9697436732367435}",12,3,36,2,9,radius,0,251
351,346.77844416211303,84.49995109796598,0.5004,global,-3.3150442910306666,-4.337792701350153,1.0227484103194868,0.7977544496737693,1.3762687547297627,global,,,0.6369329731203544,0.004499770588317684,0.009112010740411068,9.999999747378752e-05,0.32666283477084457,0.05096242549862035,0.33334042994196844,0.8442241753747797,"{""kernels.0.base_kernel.kernels.0"": [0.3333442877732214, 0.33333058219453815, 0.33332558590236505, 0.3333282751198165, 0.33333880115979164, 0.3333446607973566, 0.3333268089439658, 0.3333216404157293, 0.33332974997026343, 0.3333294700581158, 0.33333055222434305, 0.3332990984825721, 0.33333761636695025, 0.3333393122549598, 0.33333761774515824, 0.33334154762897716, 0.33333030438818667, 0.3333094836910475], ""kernels.0.base_kernel.kernels.1.base_kernel"": [0.6931481805599428, 0.6931481805599428, 0.6931481805599428], ""kernels.1.base_kernel.kernels.0"": [0.05096242549862035, 0.46789683196311643, 0.44010216220079434, 0.8442241753747797, 0.7405317445750151, 0.5517194657782041, 0.300533867878644, 0.3884478980922788, 0.7584296729644489, 0.5609014231342688, 0.660665525260952, 0.67436232652509, 0.1674625455758369, 0.6501133553531454, 0.07200320801648533, 0.1207873570857072, 0.3080784505443029, 0.4920738572979116], ""kernels.1.base_kernel.kernels.1"": [0.6931481805599428, 0.6931481805599428, 0.6931481805599428]}","{""kernels.0"": 4.958196845320998e-06, ""kernels.0.base_kernel.kernels.1"": 0.0013904467480395201, ""kernels.1"": 0.9785930993676488}",12,3,36,0,9,radius,0,252
352,288.67778962570867,84.49995109796598,0.5004,global,-2.764096277363426,-5.0491888034628225,2.2850925260993966,1.1919442669533564,1.4017116441722768,global,,,0.538646119562882,0.004566953206833514,0.009103624927358722,9.999999747378752e-05,0.3365064630888368,0.05087802255900144,0.33333925207917364,0.8733770490319751,"{""kernels.0.base_kernel.kernels.0"": [0.3333432553985783, 0.3333305526164815, 0.3333261627302249, 0.3333126820740613, 0.33334053498332816, 0.3333431935514293, 0.3333312793503678, 0.33332733638441103, 0.3333357997325455, 0.3333372835444179, 0.3333314499422727, 0.33329939687897414, 0.33333447992388326, 0.33333539166169884, 0.33333825158878166, 0.3333402525695656, 0.33332983394687704, 0.3333224028544503], ""kernels.0.base_kernel.kernels.1.base_kernel"": [0.6931481805599428, 0.6931481805599428, 0.6931481805599428], ""kernels.1.base_kernel.kernels.0"": [0.05087802255900144, 0.5454507897522007, 0.6056732953024199, 0.8240923433182197, 0.8733770490319751, 0.23823211265797303, 0.3049685022836533, 0.3649424920226503, 0.711587199882951, 0.6628475707695539, 0.6060883892865812, 0.5369344018080714, 0.297252801284452, 0.6097912720527421, 0.15630323012169495, 0.09948490928031373, 0.2651460313692615, 0.4531293825520658], ""kernels.1.base_kernel.kernels.1"": [0.6931481805599428, 0.6931481805599428, 0.6931481805599428]}","{""kernels.0"": 4.9627854555325e-06, ""kernels.0.base_kernel.kernels.1"": 0.0013904455992334447, ""kernels.1"": 1.0081239808818214}",12,3,36,0,9,radius,1,253
353,1543.3230589944906,84.49995109796598,0.5016,global,-3.3027546576359326,-5.305293432974655,2.0025387753387225,0.47239358310807716,1.1563132341013498,global,,,0.4941268538574154,0.004622241400270255,0.009094557582076366,9.999999747378752e-05,0.3271520512258336,0.05088685382138325,0.3333391202206122,0.8446883289755123,"{""kernels.0.base_kernel.kernels.0"": [0.3333434093955259, 0.3333289051832037, 0.3333256954094798, 0.33331587616029507, 0.3333410907782212, 0.3333439287803655, 0.3333308671906306, 0.33332564584965474, 0.33333306955945263, 0.33333554489191003, 0.33333080005528104, 0.33330115675577265, 0.33333492288328337, 0.33333562209732637, 0.33333813661243633, 0.3333401038287881, 0.3333301148684542, 0.3333199255050192], ""kernels.0.base_kernel.kernels.1.base_kernel"": [0.6931481805599428, 0.6931481805599428, 0.6931481805599428], ""kernels.1.base_kernel.kernels.0"": [0.05088685382138325, 0.5180501908125172, 0.5961732955862488, 0.757610684452829, 0.8446883289755123, 0.25721802461897314, 0.30069171498906766, 0.3875558980309019, 0.7090227414163691, 0.675868658841842, 0.586665160192835, 0.46476015386262626, 0.30124198194864493, 0.6049019621383651, 0.14752213444762113, 0.09905382413977792, 0.20057139012378647, 0.399944020708619], ""kernels.1.base_kernel.kernels.1"": [0.6931481805599428, 0.6931481805599428, 0.6931481805599428]}","{""kernels.0"": 4.963054209475258e-06, ""kernels.0.base_kernel.kernels.1"": 0.0013904455395025402, ""kernels.1"": 0.9800607450837887}",12,3,36,1,9,radius,0,254
354,188.09495784940887,84.49995109796598,0.4982,global,-2.151945884137687,-4.610254834089327,2.4583089499516397,1.1182381352718556,1.4063232568986694,global,,,0.4789329543768135,0.004705272624834298,0.009130706684921894,9.999999747378752e-05,0.3418281830151621,0.05088675921919658,0.33333911695356444,0.8471024631993236,"{""kernels.0.base_kernel.kernels.0"": [0.3333433891648967, 0.3333288065795486, 0.33332552644228797, 0.3333158911310047, 0.3333411750881144, 0.33334393022709796, 0.3333308756936932, 0.33332556179734857, 0.33333307604277396, 0.3333354368000917, 0.3333308268156808, 0.3333013393066564, 0.333334921030602, 0.3333356371767793, 0.33333812461137985, 0.333340109295749, 0.33333014284889473, 0.33331997600299806], ""kernels.0.base_kernel.kernels.1.base_kernel"": [0.6931481805599428, 0.6931481805599428, 0.6931481805599428], ""kernels.1.base_kernel.kernels.0"": [0.05088675921919658, 0.509356801582808, 0.5851260502270382, 0.7485360501856545, 0.8471024631993236, 0.25642954591868816, 0.2977066565753179, 0.3809954720050423, 0.7083733532285537, 0.6723081685784305, 0.585960022468731, 0.4654453813116136, 0.2991911424570911, 0.6055181708232187, 0.14690712329363906, 0.09897798683843285, 0.19919696674294915, 0.3968066551797771], ""kernels.1.base_kernel.kernels.1"": [0.6931481805599428, 0.6931481805599428, 0.6931481805599428]}","{""kernels.0"": 4.963066830437259e-06, ""kernels.0.base_kernel.kernels.1"": 0.001390445536794398, ""kernels.1"": 1.0240891404418615}",12,3,36,2,9,radius,0,255
355,241.85100021525614,84.49995109796598,0.4966,global,-3.357886989242828,-4.352927987886574,0.9950409986437458,0.5824326013358876,1.3345963030676171,global,,,0.6878219424226691,0.004719490318940464,0.009121276773323871,9.999999747378752e-05,0.33165898877370803,0.050887866229428695,0.3333369101434819,0.9166154432054472,"{""kernels.0.base_kernel.kernels.0"": [0.3333427233763082, 0.3333272332625354, 0.3333226039884462, 0.3333171464813882, 0.3333431001676147, 0.33334389358894645, 0.333331413604996, 0.33332450455832013, 0.33333361281474694, 0.3333338497289269, 0.33333185618818145, 0.3333059314614251, 0.3333350438575072, 0.33333601762878945, 0.3333378026581743, 0.3333401549312137, 0.33333082478276027, 0.3333211984545506], ""kernels.0.base_kernel.kernels.1.base_kernel"": [0.6931481805599428, 0.6931481805599428, 0.6931481805599428], ""kernels.1.base_kernel.kernels.0"": [0.050887866229428695, 0.4031066973361386, 0.41071348662211515, 0.6026454114445582, 0.9166154432054472, 0.3071075312988957, 0.28499290248712905, 0.28811925500918, 0.7215622979077824, 0.6290199145175345, 0.6065474762171188, 0.534053535901563, 0.2967092071629568, 0.6329631163694652, 0.14886534160144985, 0.11307707383836912, 0.18688753762829952, 0.3663433239101388], ""kernels.1.base_kernel.kernels.1"": [0.6931481805599428, 0.6931481805599428, 0.6931481805599428]}","{""kernels.0"": 4.963243650628079e-06, ""kernels.0.base_kernel.kernels.1"": 0.0013904454809786217, ""kernels.1"": 0.9935815575964948}",12,3,36,1,9,radius,0,256
356,246.339117060441,84.49995109796598,0.4944,global,-3.253902090782071,-4.19255213594552,0.938650045163449,0.7947356024494747,1.3754773119608579,global,,,0.5435368309000205,0.004549045729020555,0.009111541036578595,9.999999747378752e-05,0.3449216478570944,0.05088670976545944,0.3333385826814417,0.872998126447585,"{""kernels.0.base_kernel.kernels.0"": [0.3333418757245349, 0.33332846267536753, 0.3333229692591866, 0.3333196080335016, 0.33334391352858206, 0.33334324006460553, 0.33333192196510814, 0.33332582204741856, 0.3333347163220763, 0.3333344543263998, 0.3333329294941366, 0.333308222562759, 0.3333349642623609, 0.3333356933114463, 0.333337333216796, 0.3333398321460874, 0.33333120561867624, 0.333323323625071], ""kernels.0.base_kernel.kernels.1.base_kernel"": [0.6931481805599428, 0.6931481805599428, 0.6931481805599428], ""kernels.1.base_kernel.kernels.0"": [0.05088670976545944, 0.4544295663925605, 0.3686117556968203, 0.643071208230268, 0.872998126447585, 0.3776707138057946, 0.29247788096525357, 0.26296008508915203, 0.727539972923525, 0.6474150593109979, 0.5985212798700373, 0.5358218242723012, 0.3034338910005382, 0.6149958819337938, 0.14555957718500373, 0.11331417565782304, 0.17791508801040207, 0.46655740093173603], ""kernels.1.base_kernel.kernels.1"": [0.6931481805599428, 0.6931481805599428, 0.6931481805599428]}","{""kernels.0"": 4.963301180625168e-06, ""kernels.0.base_kernel.kernels.1"": 0.0013904454291119477, ""kernels.1"": 1.0333695348409906}",12,3,36,1,9,radius,0,257
357,280.71777881655464,84.49995109796598,0.4996,global,-2.9842093391067617,-5.019792431624669,2.0355830925179075,0.9500076880648435,1.3936437287909844,global,,,0.6152036646808043,0.0045820865941773176,0.009101800774787101,9.999999747378752e-05,0.33694265688482433,0.05088397997975079,0.3333363729702579,0.8583540456761952,"{""kernels.0.base_kernel.kernels.0"": [0.33334139694132053, 0.3333289089494515, 0.3333235930914157, 0.333320950133576, 0.3333440949594366, 0.3333430836061923, 0.33333229047824536, 0.3333272702565479, 0.3333356782562489, 0.33333448590670356, 0.3333336321359804, 0.3333104393362291, 0.33333492110568386, 0.33333551143477874, 0.33333706768426696, 0.33333964745803085, 0.33333157971070015, 0.333323252109598], ""kernels.0.base_kernel.kernels.1.base_kernel"": [0.6931481805599428, 0.6931481805599428, 0.6931481805599428], ""kernels.1.base_kernel.kernels.0"": [0.05088397997975079, 0.3948529955903075, 0.32757014446981464, 0.6291057458116412, 0.8583540456761952, 0.4156972507779696, 0.29223882538525936, 0.2568318254603381, 0.739051039970795, 0.634359047822919, 0.5860649777564878, 0.5683640173202009, 0.28868671805075796, 0.6175513984556684, 0.14641648278804253, 0.11434397748594631, 0.16612275523686104, 0.44251517946163765], ""kernels.1.base_kernel.kernels.1"": [0.6931481805599428, 0.6931481805599428, 0.6931481805599428]}","{""kernels.0"": 4.963370175378929e-06, ""kernels.0.base_kernel.kernels.1"": 0.001390445381085201, ""kernels.1"": 1.0094325619032123}",12,3,36,1,9,radius,0,258
358,164.06769197969356,84.49995109796598,0.4966,global,-3.2925883647830156,-4.336084170622462,1.0434958058394468,0.6118483545011071,1.3652458474246851,global,,,0.5858572315806316,0.00452982170244123,0.009092922539103794,9.999999747378752e-05,0.33105213670935396,0.050869066863037396,0.3333370164277025,0.8186277774321402,"{""kernels.0.base_kernel.kernels.0"": [0.3333403796570016, 0.33333095173121097, 0.3333266833909856, 0.33332364877437787, 0.3333433624611216, 0.3333427647911638, 0.3333329491393767, 0.33333090101028073, 0.3333376975965431, 0.3333356092900153, 0.3333356783170374, 0.3333136816098779, 0.33333487828170083, 0.3333351521218255, 0.3333363352588619, 0.33333905137430797, 0.33333255762996833, 0.3333238660072651], ""kernels.0.base_kernel.kernels.1.base_kernel"": [0.6931481805599428, 0.6931481805599428, 0.6931481805599428], ""kernels.1.base_kernel.kernels.0"": [0.050869066863037396, 0.3966431529183252, 0.282981753733572, 0.6877738243830266, 0.8186277774321402, 0.5666859393506617, 0.2823502554434256, 0.24037045295292048, 0.7400225600946161, 0.6304265230082673, 0.5833237724336692, 0.5873411207498629, 0.2603224403564399, 0.6146373459261115, 0.12443663187533925, 0.11740567043549047, 0.14801871894683816, 0.5008366278689418], ""kernels.1.base_kernel.kernels.1"": [0.6931481805599428, 0.6931481805599428, 0.6931481805599428]}","{""kernels.0"": 4.963565376023975e-06, ""kernels.0.base_kernel.kernels.1"": 0.0013904451993593666, ""kernels.1"": 0.9917610013633265}",12,3,36,1,9,radius,0,259
359,219.9862630076353,84.49995109796598,0.4994,global,-3.502381921138785,-4.550291411156254,1.0479094900174686,0.5870348800971804,1.3187614052599947,global,,,0.7378101893820246,0.004531191426111087,0.009084108786752658,9.999999747378752e-05,0.33263697907769724,0.050868701813967916,0.333337015071536,0.8181202887288463,"{""kernels.0.base_kernel.kernels.0"": [0.3333403890928368, 0.3333309595418972, 0.3333267167073586, 0.33332360374291453, 0.33334332371584346, 0.33334278799365435, 0.33333294296234656, 0.33333092259782726, 0.3333376950558218, 0.3333356118908002, 0.33333569170337113, 0.33331367018289426, 0.3333348741525831, 0.33333515668701685, 0.33333633508725025, 0.3333390547915863, 0.3333325658219936, 0.333323819943705], ""kernels.0.base_kernel.kernels.1.base_kernel"": [0.6931481805599428, 0.6931481805599428, 0.6931481805599428], ""kernels.1.base_kernel.kernels.0"": [0.050868701813967916, 0.396692789246461, 0.2834034919810383, 0.6873563102181024, 0.8181202887288463, 0.5667850898872493, 0.28181453106955623, 0.24041068041499208, 0.7401162197713674, 0.6299217041082201, 0.5838081298931612, 0.587935735988125, 0.25971380999124394, 0.6147669746046862, 0.12439864893340677, 0.11732184884444125, 0.14796779327134635, 0.5003171614438762], ""kernels.1.base_kernel.kernels.1"": [0.6931481805599428, 0.6931481805599428, 0.6931481805599428]}","{""kernels.0"": 4.963569977498813e-06, ""kernels.0.base_kernel.kernels.1"": 0.0013904451958739882, ""kernels.1"": 0.9965155284672402}",12,3,36,0,9,radius,0,260
360,96.50242582029793,84.49995109796598,0.499,local,-3.2424713059869195,-4.714565182350431,1.4720938763635116,0.12688817095997573,0.5371634545564629,radius,,,0.11790581947190967,0.004520396008330839,0.009074275166769095,9.999999747378752e-05,0.331613395901437,0.05086809788882292,0.33333701432335794,0.8176062048388636,"{""kernels.0.base_kernel.kernels.0"": [0.33334040403591864, 0.33333097788836, 0.3333267765653681, 0.3333235341187009, 0.3333432584044377, 0.3333428297557958, 0.33333293626394267, 0.33333096219566155, 0.3333376934919999, 0.33333561836426545, 0.3333357175925299, 0.3333136594963298, 0.33333487035692777, 0.33333516608011443, 0.33333633515471606, 0.33333906018353043, 0.3333325807522909, 0.333323745909653], ""kernels.0.base_kernel.kernels.1.base_kernel"": [0.6931481805599428, 0.6931481805599428, 0.6931481805599428], ""kernels.1.base_kernel.kernels.0"": [0.05086809788882292, 0.3974748043041618, 0.28435253320178705, 0.6871494799372174, 0.8176062048388636, 0.5673968137850366, 0.281664311359004, 0.24078595497252891, 0.7406249169341205, 0.6293014584663216, 0.5850557074324008, 0.5898343558663615, 0.2592986416430555, 0.6151496548739965, 0.12452392714350519, 0.11732868538874805, 0.1479790614842699, 0.4998286468459865], ""kernels.1.base_kernel.kernels.1"": [0.6931481805599428, 0.6931481805599428, 0.6931481805599428]}","{""kernels.0"": 4.9635773245125326e-06, ""kernels.0.base_kernel.kernels.1"": 0.0013904451896681392, ""kernels.1"": 0.9934447789373184}",12,3,36,1,9,radius,0,261
361,273.0366460184446,84.49995109796598,0.4994,global,-3.5229536202846132,-4.183182670900425,0.6602290506158122,0.9615494521078872,1.3974969596511044,global,,,0.8153683731899936,0.004527158385813514,0.009072517903705099,9.999999747378752e-05,0.33401080565074,0.05086744184932218,0.33333698713713855,0.8164639950821371,"{""kernels.0.base_kernel.kernels.0"": [0.3333404496031731, 0.33333103384509616, 0.33332686572534764, 0.33332336340353824, 0.33334303008074007, 0.3333428679506529, 0.3333329235685582, 0.33333099600936317, 0.3333376098345585, 0.3333356079658601, 0.3333356776653468, 0.3333135737925103, 0.33333483877587333, 0.33333518426384073, 0.3333363644397186, 0.3333390811490931, 0.3333325940517998, 0.33332362003036503], ""kernels.0.base_kernel.kernels.1.base_kernel"": [0.6931481805599428, 0.6931481805599428, 0.6931481805599428], ""kernels.1.base_kernel.kernels.0"": [0.05086744184932218, 0.3979337892831576, 0.28716804522249006, 0.6855199744480607, 0.8164639950821371, 0.5671109940706963, 0.2811892254660674, 0.24092472768331316, 0.7405823222552145, 0.6280535584731517, 0.5855986907473303, 0.59181287199322, 0.257156788194032, 0.61554412896391, 0.12425652867831717, 0.11705395137741986, 0.14794285390937978, 0.4980338363416822], ""kernels.1.base_kernel.kernels.1"": [0.6931481805599428, 0.6931481805599428, 0.6931481805599428]}","{""kernels.0"": 4.963591336946694e-06, ""kernels.0.base_kernel.kernels.1"": 0.0013904451818737627, ""kernels.1"": 1.0006370081790092}",12,3,36,0,9,radius,0,262
362,251.58291881322782,84.49995109796598,0.4988,global,-3.546380063967149,-4.217752494298998,0.6713724303318491,0.7205784464467312,1.2283131721121505,global,,,0.712225136678384,0.004512464045444487,0.00906329736954309,9.999999747378752e-05,0.33174850217878665,0.05086718669178954,0.3333369769197149,0.8162920566422771,"{""kernels.0.base_kernel.kernels.0"": [0.3333404672822064, 0.3333310621942732, 0.3333269033977755, 0.33332330200643123, 0.3333429364763017, 0.3333428856471985, 0.33333292102173595, 0.33333101181428976, 0.3333375771545254, 0.333335605336813, 0.33333566268147613, 0.3333135419380442, 0.33333482751272575, 0.3333351938591338, 0.33333637668490446, 0.3333390897005917, 0.33333260040387336, 0.3333235751638502], ""kernels.0.base_kernel.kernels.1.base_kernel"": [0.6931481805599428, 0.6931481805599428, 0.6931481805599428], ""kernels.1.base_kernel.kernels.0"": [0.05086718669178954, 0.39883197257396896, 0.28855842411276034, 0.6854106874824475, 0.8162920566422771, 0.5675172619731662, 0.28145625761123927, 0.2412920035547798, 0.7407897147571804, 0.6277966435398101, 0.5861209753201928, 0.5928974055547063, 0.25661422662704125, 0.6158586180525376, 0.1242775382956486, 0.1171021661266589, 0.14805784919428694, 0.49781627704325976], ""kernels.1.base_kernel.kernels.1"": [0.6931481805599428, 0.6931481805599428, 0.6931481805599428]}","{""kernels.0"": 4.963596777723408e-06, ""kernels.0.base_kernel.kernels.1"": 0.0013904451784383408, ""kernels.1"": 0.993850097761144}",12,3,36,0,9,radius,0,263
363,336.16939458035756,84.49995109796598,0.4956,global,-3.5219338268212907,-4.3071380260564505,0.7852041992351597,0.7896173043836462,1.3433487292334156,global,,,0.6614650257395854,0.0045150306582623645,0.009053835035041995,9.999999747378752e-05,0.33356932225995867,0.05086647703500081,0.33333694865674374,0.81516791436726,"{""kernels.0.base_kernel.kernels.0"": [0.3333405154012815, 0.33333111608527016, 0.3333269842903518, 0.3333231302480549, 0.33334270073497035, 0.33334292231468365, 0.33333290809224086, 0.33333104239415, 0.33333748914836564, 0.3333355902898938, 0.33333561869009626, 0.33331342888638416, 0.3333347990880758, 0.33333521549455264, 0.33333640816512183, 0.333339113832256, 0.33333261422118315, 0.33332345345730313], ""kernels.0.base_kernel.kernels.1.base_kernel"": [0.6931481805599428, 0.6931481805599428, 0.6931481805599428], ""kernels.1.base_kernel.kernels.0"": [0.05086647703500081, 0.39886955420339887, 0.2910908275479957, 0.683865297789668, 0.81516791436726, 0.5669426645480251, 0.28073459817120766, 0.24114145426249123, 0.7405821951920336, 0.6263394222917223, 0.5864754608059294, 0.5939947831427367, 0.2546356274575686, 0.6162545717535136, 0.12401273541739148, 0.1168618363634893, 0.14803665584407485, 0.4969803635111524], ""kernels.1.base_kernel.kernels.1"": [0.6931481805599428, 0.6931481805599428, 0.6931481805599428]}","{""kernels.0"": 4.963612099968495e-06, ""kernels.0.base_kernel.kernels.1"": 0.0013904451700945206, ""kernels.1"": 0.9993125579976814}",12,3,36,0,9,radius,0,264
364,344.4682778602755,84.49995109796598,0.5006,global,-3.5101975467215185,-4.965763281851464,1.4555657351299454,0.5041866194219543,1.3484060166645622,global,,,0.6628100337796161,0.004504209981027133,0.009046273480312648,9.999999747378752e-05,0.33177244429208175,0.050866183483004854,0.3333369379086485,0.8150013503121385,"{""kernels.0.base_kernel.kernels.0"": [0.3333405347727356, 0.3333311388905378, 0.333327017961416, 0.33332306064249567, 0.3333426007833864, 0.33334293830795725, 0.33333290543550054, 0.3333310576210099, 0.33333745408195903, 0.33333558513438477, 0.3333356010136196, 0.33331338523487053, 0.3333347883908801, 0.33333522682835687, 0.3333364217353379, 0.3333391242867354, 0.33333262092193666, 0.3333234056888448], ""kernels.0.base_kernel.kernels.1.base_kernel"": [0.6931481805599428, 0.6931481805599428, 0.6931481805599428], ""kernels.1.base_kernel.kernels.0"": [0.050866183483004854, 0.3995208147451903, 0.2922134605021114, 0.6837092535366297, 0.8150013503121385, 0.5669548446816722, 0.28060106854970945, 0.24144988900345135, 0.7407537830764038, 0.6259449949408118, 0.5867691502878026, 0.5943903494487891, 0.2540352236345925, 0.6165033186737424, 0.12403681627516401, 0.11689348295146527, 0.1481023217704046, 0.49685107902206493], ""kernels.1.base_kernel.kernels.1"": [0.6931481805599428, 0.6931481805599428, 0.6931481805599428]}","{""kernels.0"": 4.96361852222294e-06, ""kernels.0.base_kernel.kernels.1"": 0.001390445166275159, ""kernels.1"": 0.9939219240914479}",12,3,36,0,9,radius,0,265
365,314.12402288082455,84.49995109796598,0.4988,global,-3.6170670700376806,-4.454462801314419,0.8373957312767382,1.039068935358054,1.3802902525004523,global,,,0.7454245245575005,0.004508021034462953,0.00903903779293203,9.999999747378752e-05,0.33314432767992513,0.050865796461966845,0.3333369288024274,0.8144701742303055,"{""kernels.0.base_kernel.kernels.0"": [0.33334055909192184, 0.3333311598093054, 0.33332705172854626, 0.33332294340075436, 0.3333424785303732, 0.33334295429695454, 0.3333329017640258, 0.33333107266426343, 0.3333374173739091, 0.33333557555437, 0.33333557918550044, 0.3333133185163026, 0.33333477535348416, 0.33333523587405844, 0.3333364402309456, 0.3333391398763805, 0.3333326305492652, 0.33332334113884216], ""kernels.0.base_kernel.kernels.1.base_kernel"": [0.6931481805599428, 0.6931481805599428, 0.6931481805599428], ""kernels.1.base_kernel.kernels.0"": [0.050865796461966845, 0.39926026298926853, 0.2928696606915048, 0.6823290100439813, 0.8144701742303055, 0.5661339327116983, 0.28011736433027024, 0.24146209872636434, 0.7406843917920702, 0.6250902096108241, 0.5868488926254707, 0.5939963411817687, 0.2528133324825856, 0.6166152073625494, 0.12387463518004996, 0.11676917800165697, 0.14785920034792782, 0.49618910813859785], ""kernels.1.base_kernel.kernels.1"": [0.6931481805599428, 0.6931481805599428, 0.6931481805599428]}","{""kernels.0"": 4.96362734119659e-06, ""kernels.0.base_kernel.kernels.1"": 0.00139044516170757, ""kernels.1"": 0.9980375742507267}",12,3,36,0,9,radius,0,266
366,259.9803008909449,84.49995109796598,0.5038,global,-3.6490617826383467,-4.51364167486098,0.8645798922226335,1.0471941681919945,1.3507944158239729,global,,,0.6836936026285337,0.004498211789835622,0.009030885304124544,9.999999747378752e-05,0.3312259651563681,0.05086536814557555,0.33333691922448894,0.81412646006909,"{""kernels.0.base_kernel.kernels.0"": [0.33334058539104794, 0.33333118955021496, 0.3333270923641582, 0.3333228181425449, 0.3333423391353021, 0.33334297532371954, 0.3333328993403397, 0.33333109213979994, 0.33333737701805327, 0.3333355657259174, 0.33333555557718497, 0.3333132503088668, 0.33333476126173395, 0.33333524953814864, 0.33333646143092466, 0.3333391580727907, 0.33333264245879307, 0.3333232744845992], ""kernels.0.base_kernel.kernels.1.base_kernel"": [0.6931481805599428, 0.6931481805599428, 0.6931481805599428], ""kernels.1.base_kernel.kernels.0"": [0.05086536814557555, 0.3997871676559123, 0.29398350812470464, 0.6813584618805185, 0.81412646006909, 0.5657203943449041, 0.2799154006766307, 0.2418310290617616, 0.7408494947159263, 0.6243441748066242, 0.5871947643459006, 0.5939409999525496, 0.251728902428629, 0.6168661651898398, 0.12379034932131132, 0.11679977004379805, 0.14771278649357467, 0.49596431271895486], ""kernels.1.base_kernel.kernels.1"": [0.6931481805599428, 0.6931481805599428, 0.6931481805599428]}","{""kernels.0"": 4.963637035794037e-06, ""kernels.0.base_kernel.kernels.1"": 0.0013904451562446604, ""kernels.1"": 0.9922824866758239}",12,3,36,1,9,radius,0,267
367,589.8674119721992,84.49995109796598,0.499,global,-3.5485456415440604,-4.170776989379616,0.6222313478355552,0.6363123004312101,1.1685089108000168,global,,,0.5755470240872474,0.004501097294448021,0.009021636921639827,9.999999747378752e-05,0.33247966951137015,0.05086500458180955,0.3333369104206813,0.8136643544215887,"{""kernels.0.base_kernel.kernels.0"": [0.33334060742883964, 0.3333312058006958, 0.33332711921777286, 0.3333227128844497, 0.333342230271889, 0.3333429896117131, 0.3333328955879706, 0.33333110439924185, 0.33333734257475706, 0.33333555444766283, 0.33333553447368197, 0.3333131863343311, 0.33333475021858433, 0.33333525923161017, 0.33333647826660556, 0.33333917338217794, 0.333332651401715, 0.3333232173970951], ""kernels.0.base_kernel.kernels.1.base_kernel"": [0.6931481805599428, 0.6931481805599428, 0.6931481805599428], ""kernels.1.base_kernel.kernels.0"": [0.05086500458180955, 0.3992488126799533, 0.2945310443715413, 0.6801137482514632, 0.8136643544215887, 0.5646619812364247, 0.27929148382251057, 0.2417441843536317, 0.7407226296172319, 0.6234341046320375, 0.5871130074955255, 0.5933894651756295, 0.25070625762036425, 0.6169284781139279, 0.12360911782609331, 0.11666699138265615, 0.14760932441734032, 0.4954017367183813], ""kernels.1.base_kernel.kernels.1"": [0.6931481805599428, 0.6931481805599428, 0.6931481805599428]}","{""kernels.0"": 4.963645431715077e-06, ""kernels.0.base_kernel.kernels.1"": 0.001390445151964749, ""kernels.1"": 0.996043599736714}",12,3,36,0,9,radius,0,268
368,205.2690462667484,84.49995109796598,0.499,local,-3.043186029389155,-5.364006329643547,2.320820300254392,0.17046592341997133,1.1056898703697364,radius,,,0.3700913875572965,0.004518837341686171,0.009023557237277274,9.999999747378752e-05,0.33540894513293523,0.05086461994419381,0.3333368944589008,0.8134666746151268,"{""kernels.0.base_kernel.kernels.0"": [0.3333406297186804, 0.33333121667245963, 0.33332715614609654, 0.3333225533705361, 0.3333421018658397, 0.3333430093049343, 0.3333328871785483, 0.33333112152476707, 0.33333729135727425, 0.33333554310039215, 0.33333549338960966, 0.33331309330760756, 0.3333347368363711, 0.3333352722516612, 0.3333364975605274, 0.33333919237409093, 0.33333266304659503, 0.33332315958375247], ""kernels.0.base_kernel.kernels.1.base_kernel"": [0.6931481805599428, 0.6931481805599428, 0.6931481805599428], ""kernels.1.base_kernel.kernels.0"": [0.05086461994419381, 0.3994462734663971, 0.29514014700726626, 0.6756083752911739, 0.8134666746151268, 0.5633712886010044, 0.27908805708263346, 0.24199087897684113, 0.7383110546854229, 0.6222920892723737, 0.5847026710321592, 0.5871990196539388, 0.24858058786115309, 0.6170662175925471, 0.1232385532714773, 0.11616392417209746, 0.14746207468404487, 0.49515077482455266], ""kernels.1.base_kernel.kernels.1"": [0.6931481805599428, 0.6931481805599428, 0.6931481805599428]}","{""kernels.0"": 4.963656449018544e-06, ""kernels.0.base_kernel.kernels.1"": 0.0013904451466145967, ""kernels.1"": 1.004831426595742}",12,3,36,2,9,radius,0,269
369,211.0932517591298,84.49995109796598,0.5032,global,-3.448668338280262,-4.249858779826425,0.8011904415461633,0.47582513503055995,1.2321037608813767,global,,,0.5555860933830021,0.004550959637145723,0.009014043175078177,9.999999747378752e-05,0.3297381784092794,0.05086072981392792,0.33333644068878154,0.809063386005948,"{""kernels.0.base_kernel.kernels.0"": [0.3333408054282878, 0.333331502253337, 0.3333274421171564, 0.3333202083386402, 0.3333411982247096, 0.33334322767077856, 0.33333291278279015, 0.3333311677095841, 0.33333617140838895, 0.33333549268369644, 0.33333510068712896, 0.333312422568812, 0.3333347454657629, 0.33333545842582946, 0.3333367099691742, 0.33333955237171686, 0.33333280620178546, 0.33332203511108244], ""kernels.0.base_kernel.kernels.1.base_kernel"": [0.6931481805599428, 0.6931481805599428, 0.6931481805599428], ""kernels.1.base_kernel.kernels.0"": [0.05086072981392792, 0.42646554815191645, 0.2864227696529261, 0.6370177223379166, 0.809063386005948, 0.5579946300360413, 0.2801314564736627, 0.2408453242065558, 0.7106654109382409, 0.6146885916255729, 0.5648108761388397, 0.5421707607560167, 0.23935705166881038, 0.6240191747758388, 0.12283305270204078, 0.11355698156201727, 0.14845953453046837, 0.46145865482666837], ""kernels.1.base_kernel.kernels.1"": [0.6931481805599428, 0.6931481805599428, 0.6931481805599428]}","{""kernels.0"": 4.963772403769547e-06, ""kernels.0.base_kernel.kernels.1"": 0.0013904450946182682, ""kernels.1"": 0.987819126360816}",12,3,36,0,9,radius,0,270
370,279.97000762218374,84.49995109796598,0.4962,global,-3.607703427784479,-5.2750371962060525,1.6673337684215737,0.7580924697930845,1.4000786578011652,global,,,0.5908099572018793,0.004552767133761226,0.00900448771479424,9.999999747378752e-05,0.3313632350958962,0.050857190269994135,0.3333362458423169,0.8214102854559411,"{""kernels.0.base_kernel.kernels.0"": [0.3333407223193141, 0.3333314505137833, 0.3333277909981539, 0.3333195011595428, 0.3333411121865575, 0.33334315417226884, 0.33333288446954185, 0.3333312689686781, 0.3333356796655517, 0.3333355508936766, 0.333334965560741, 0.3333131108719021, 0.33333475228472337, 0.33333548904182353, 0.3333368120190821, 0.3333397171560642, 0.3333328667038428, 0.33332174726911307], ""kernels.0.base_kernel.kernels.1.base_kernel"": [0.6931481805599428, 0.6931481805599428, 0.6931481805599428], ""kernels.1.base_kernel.kernels.0"": [0.050857190269994135, 0.42078532161587595, 0.28431101523675983, 0.6352217907430605, 0.8214102854559411, 0.553725476948216, 0.2831986486724878, 0.2478590741488403, 0.7067124207969643, 0.6116858639702519, 0.5620520565952192, 0.5356744621633294, 0.24271853743805666, 0.6225837239651243, 0.12375237919892866, 0.11371449166806645, 0.14958627770162222, 0.45711146687344084], ""kernels.1.base_kernel.kernels.1"": [0.6931481805599428, 0.6931481805599428, 0.6931481805599428]}","{""kernels.0"": 4.963864193754895e-06, ""kernels.0.base_kernel.kernels.1"": 0.0013904450393167293, ""kernels.1"": 0.992694296384178}",12,3,36,0,9,radius,0,271
371,90.90061904511745,84.49995109796598,0.5006,local,-3.6233297613618527,-4.802238203793901,1.1789084424320482,0.1797009960541116,0.6172508294064664,radius,,,0.16404660945111602,0.004543869188317113,0.00899564438304116,9.999999747378752e-05,0.33044654165087634,0.0508569205764025,0.3333362229831107,0.8217251920936253,"{""kernels.0.base_kernel.kernels.0"": [0.3333407134333583, 0.33333146389367196, 0.333327819539666, 0.3333194784198519, 0.3333411108720528, 0.3333431472284134, 0.33333288012606965, 0.33333127665470486, 0.3333356265954894, 0.33333555387428354, 0.3333349548167399, 0.3333131648578149, 0.3333347565282138, 0.3333354998969932, 0.333336819370732, 0.3333397305260344, 0.3333328711119759, 0.3333217325975655], ""kernels.0.base_kernel.kernels.1.base_kernel"": [0.6931481805599428, 0.6931481805599428, 0.6931481805599428], ""kernels.1.base_kernel.kernels.0"": [0.0508569205764025, 0.42221068449488497, 0.28451482542165496, 0.6360362638216323, 0.8217251920936253, 0.5536878020408503, 0.2830668235416716, 0.2483570972444402, 0.7061687172210179, 0.6116738937909141, 0.5615636566421258, 0.5351505376887742, 0.24283051545804601, 0.6224848343376505, 0.12375089834645381, 0.11369149936957614, 0.14982882972965547, 0.45651287698392107], ""kernels.1.base_kernel.kernels.1"": [0.6931481805599428, 0.6931481805599428, 0.6931481805599428]}","{""kernels.0"": 4.9638723264331724e-06, ""kernels.0.base_kernel.kernels.1"": 0.0013904450342894675, ""kernels.1"": 0.9899442160460131}",12,3,36,1,9,radius,0,272
372,363.9064085170826,84.49995109796598,0.5004,global,-3.6741997139611433,-4.787465142136583,1.1132654281754393,0.7410030724079276,1.378439536665482,global,,,0.6348689205751,0.004553902237256075,0.008995342700822868,9.999999747378752e-05,0.3313589834622601,0.05085494173954938,0.33333626467345984,0.8262498403681515,"{""kernels.0.base_kernel.kernels.0"": [0.33334062140900295, 0.3333315520451551, 0.33332810612894775, 0.3333191952055161, 0.3333411476412503, 0.33334303795675996, 0.3333328239577836, 0.3333313311069699, 0.3333349403739327, 0.33333555481622834, 0.33333486978693466, 0.333313747010765, 0.3333348045469274, 0.33333562399419064, 0.33333690535272903, 0.33333990497451843, 0.3333329147531986, 0.3333215349090661], ""kernels.0.base_kernel.kernels.1.base_kernel"": [0.6931481805599428, 0.6931481805599428, 0.6931481805599428], ""kernels.1.base_kernel.kernels.0"": [0.05085494173954938, 0.4283235949070597, 0.2838431860816082, 0.6439622340250181, 0.8262498403681515, 0.5494388514862978, 0.27805690083143453, 0.25146342546544265, 0.6993995516863537, 0.6113431135070739, 0.5594155123091388, 0.5271838390543657, 0.2434064159977656, 0.6226359107165699, 0.12314716093792169, 0.11435944322608785, 0.1518288775843447, 0.4466300265749438], ""kernels.1.base_kernel.kernels.1"": [0.6931481805599428, 0.6931481805599428, 0.6931481805599428]}","{""kernels.0"": 4.9639755886927275e-06, ""kernels.0.base_kernel.kernels.1"": 0.0013904449731575298, ""kernels.1"": 0.9926815414380341}",12,3,36,0,9,radius,0,273
373,318.0053134278269,84.49995109796598,0.4992,global,-3.699972412405146,-4.852471661195354,1.1524992487902082,0.9734480233953156,1.3933128419105647,global,,,0.7186225730005733,0.004547847624148138,0.008988832026409477,9.999999747378752e-05,0.3304137853474102,0.050854821370249,0.3333362698028631,0.8265932612664137,"{""kernels.0.base_kernel.kernels.0"": [0.33334061513441615, 0.33333154687784483, 0.333328126004308, 0.3333191844235518, 0.3333411593986455, 0.33334303478764327, 0.3333328332231377, 0.3333313377785075, 0.33333489078809675, 0.3333355435604438, 0.3333348568621914, 0.33331379037647885, 0.3333348120460265, 0.3333356292523431, 0.3333369103533831, 0.3333399153931619, 0.3333329165826813, 0.3333215441616149], ""kernels.0.base_kernel.kernels.1.base_kernel"": [0.6931481805599428, 0.6931481805599428, 0.6931481805599428], ""kernels.1.base_kernel.kernels.0"": [0.050854821370249, 0.4274656154766315, 0.28384589728564225, 0.6444721181964363, 0.8265932612664137, 0.5492185800719686, 0.27825334397420814, 0.25160814743586324, 0.6987945121784291, 0.610814601931104, 0.5591329452324015, 0.5270120599767107, 0.24366189615535078, 0.6226189454070193, 0.12316127602784503, 0.11446731956107242, 0.15183197276014057, 0.4467798371114768], ""kernels.1.base_kernel.kernels.1"": [0.6931481805599428, 0.6931481805599428, 0.6931481805599428]}","{""kernels.0"": 4.963982953013677e-06, ""kernels.0.base_kernel.kernels.1"": 0.0013904449687651191, ""kernels.1"": 0.9898459470905127}",12,3,36,1,9,radius,0,274
374,102.60513148491961,84.49995109796598,0.5022,local,-3.6878168018797393,-5.160242951041919,1.47242614916218,0.1946553411222791,0.7046546900598764,radius,,,0.196491443690015,0.004548837549261997,0.008980994863694879,9.999999747378752e-05,0.3310385884550898,0.05085465173346385,0.33333627517128966,0.8267210707143018,"{""kernels.0.base_kernel.kernels.0"": [0.333340609116388, 0.33333153811914873, 0.333328147104378, 0.33331916283914276, 0.33334116958428256, 0.33334302932390475, 0.33333284243144146, 0.33333134360099603, 0.33333483007869413, 0.3333355273640948, 0.3333348398209293, 0.33331383325423924, 0.33333481953248756, 0.33333563398760196, 0.33333691635497736, 0.3333399282081424, 0.33333291844624846, 0.33332155055644447], ""kernels.0.base_kernel.kernels.1.base_kernel"": [0.6931481805599428, 0.6931481805599428, 0.6931481805599428], ""kernels.1.base_kernel.kernels.0"": [0.05085465173346385, 0.42602882741880593, 0.28360979081751025, 0.6445509269139232, 0.8267210707143018, 0.5485403704564086, 0.2780783197647535, 0.2514943203255861, 0.6978778997219552, 0.6098244528477248, 0.5585038563439464, 0.5264040775730942, 0.24371410754656064, 0.6224845721976124, 0.12310348448104541, 0.11445695309381172, 0.15176640073288744, 0.44657456960230546], ""kernels.1.base_kernel.kernels.1"": [0.6931481805599428, 0.6931481805599428, 0.6931481805599428]}","{""kernels.0"": 4.963992112604156e-06, ""kernels.0.base_kernel.kernels.1"": 0.0013904449635977277, ""kernels.1"": 0.9917203564095591}",12,3,36,1,9,radius,0,275
375,167.99716470064237,84.49995109796598,0.5002,global,-3.6637368022817465,-5.248258412268416,1.5845216099866692,0.7120911165521034,1.2997951291224557,global,,,0.6433651560969532,0.0045432140407745125,0.008978353958817778,9.999999747378752e-05,0.3298348645303402,0.0508546178346046,0.3333362782112268,0.8275625609495444,"{""kernels.0.base_kernel.kernels.0"": [0.33334060521151676, 0.33333153416940026, 0.3333281618606163, 0.3333191562569241, 0.3333411716085759, 0.3333430277186054, 0.3333328500580423, 0.3333313476518471, 0.3333347891470381, 0.3333355213350023, 0.333334830988678, 0.3333138656415666, 0.3333348239379286, 0.3333356361830634, 0.33333692023939016, 0.33333993615851826, 0.33333291987247776, 0.3333215571156828], ""kernels.0.base_kernel.kernels.1.base_kernel"": [0.6931481805599428, 0.6931481805599428, 0.6931481805599428], ""kernels.1.base_kernel.kernels.0"": [0.0508546178346046, 0.42548544259382476, 0.28368211710696756, 0.6450408860119392, 0.8275625609495444, 0.5483579599092271, 0.27823433627300964, 0.25162444881084495, 0.6980431240141641, 0.6095511419882171, 0.5582706205014681, 0.5264434197025049, 0.24388787583381114, 0.6225095257186838, 0.12313537574821098, 0.11454908043673362, 0.1517827357011926, 0.4467359611126443], ""kernels.1.base_kernel.kernels.1"": [0.6931481805599428, 0.6931481805599428, 0.6931481805599428]}","{""kernels.0"": 4.963997522305739e-06, ""kernels.0.base_kernel.kernels.1"": 0.0013904449603991964, ""kernels.1"": 0.9881091846330992}",12,3,36,0,9,radius,0,276
376,227.4956654043678,84.49995109796598,0.4978,global,-3.7147650991262737,-4.707764811840684,0.9929997127144099,0.6148267443893779,1.3733025359242528,global,,,0.7501251109582773,0.0045444963261543365,0.008969835895914482,9.999999747378752e-05,0.33058928477810773,0.05085443832736462,0.3333362846842313,0.8300804613435555,"{""kernels.0.base_kernel.kernels.0"": [0.33334059523390236, 0.33333150956778007, 0.33332821090224213, 0.3333191054851626, 0.33334117570595684, 0.33334302424380513, 0.33333286961664865, 0.3333313568975213, 0.33333464257385753, 0.33333549492492287, 0.33333479943197963, 0.3333139650997946, 0.33333483524973456, 0.33333563463669785, 0.3333369347317648, 0.33333996648431335, 0.3333329245021879, 0.3333215725534265], ""kernels.0.base_kernel.kernels.1.base_kernel"": [0.6931481805599428, 0.6931481805599428, 0.6931481805599428], ""kernels.1.base_kernel.kernels.0"": [0.05085443832736462, 0.42179396291693266, 0.2831837262286926, 0.6455187280490213, 0.8300804613435555, 0.5465089977145995, 0.27794138759287124, 0.25116379392503335, 0.7008158913005554, 0.6079363470205688, 0.5579753740570886, 0.5256742899228632, 0.24386282368132106, 0.6222180032598462, 0.12309580660819035, 0.11456386866726447, 0.15160908239441082, 0.4495025107648751], ""kernels.1.base_kernel.kernels.1"": [0.6931481805599428, 0.6931481805599428, 0.6931481805599428]}","{""kernels.0"": 4.964018830449984e-06, ""kernels.0.base_kernel.kernels.1"": 0.001390444948464574, ""kernels.1"": 0.9903724453670282}",12,3,36,0,9,radius,0,277
377,180.14233209124865,84.49995109796598,0.4978,global,-3.774883989776911,-5.049231595473874,1.2743476056969625,1.275278359023653,1.4100063010175097,global,,,0.7225543201938782,0.004535029766744382,0.008960482721604475,9.999999747378752e-05,0.32951796497956015,0.05085440157658492,0.33333628657053493,0.8306020436810746,"{""kernels.0.base_kernel.kernels.0"": [0.33334059264553817, 0.3333315084151751, 0.33332822317531013, 0.33331909362842005, 0.3333411758766231, 0.33334302519433595, 0.3333328756997412, 0.3333313609829806, 0.33333460874199006, 0.3333354889175315, 0.33333479247919456, 0.3333139929856613, 0.3333348393250884, 0.33333563497380336, 0.33333693816726656, 0.3333399738486456, 0.3333329261395718, 0.33332157496575676], ""kernels.0.base_kernel.kernels.1.base_kernel"": [0.6931481805599428, 0.6931481805599428, 0.6931481805599428], ""kernels.1.base_kernel.kernels.0"": [0.05085440157658492, 0.42180578826278764, 0.2831974463505346, 0.64579661431946, 0.8306020436810746, 0.5464583400856413, 0.27809204585298597, 0.2512675784146441, 0.7015325999066824, 0.6076571340405068, 0.5579613814620166, 0.5258088390002, 0.24406795504916812, 0.6222200265991471, 0.12314155699636554, 0.11463843766756174, 0.15164179293098284, 0.4502259907125624], ""kernels.1.base_kernel.kernels.1"": [0.6931481805599428, 0.6931481805599428, 0.6931481805599428]}","{""kernels.0"": 4.9640239310104e-06, ""kernels.0.base_kernel.kernels.1"": 0.0013904449454675931, ""kernels.1"": 0.9871584859692819}",12,3,36,0,9,radius,1,278
378,215.64814196284053,84.49995109796598,0.4972,global,-3.653625674132879,-4.5890874555621615,0.9354617814292823,1.0719178482806777,1.3475534394394817,global,,,0.7172022908136082,0.004534115576667777,0.008951637559646624,9.999999747378752e-05,0.3303320982939217,0.050854289286712796,0.33333628952096395,0.8319223902484717,"{""kernels.0.base_kernel.kernels.0"": [0.33334058819380535, 0.33333149406765217, 0.33332825469992844, 0.3333190522685116, 0.3333411734634332, 0.3333430289937764, 0.33333288946378387, 0.333331366969126, 0.3333345061399469, 0.33333546478305076, 0.3333347660873055, 0.33331405944984543, 0.3333348479545283, 0.33333563109565223, 0.3333369479462757, 0.33333999482140836, 0.3333329301346224, 0.3333215689250207], ""kernels.0.base_kernel.kernels.1.base_kernel"": [0.6931481805599428, 0.6931481805599428, 0.6931481805599428], ""kernels.1.base_kernel.kernels.0"": [0.050854289286712796, 0.420497036614081, 0.2827509807583066, 0.6469243522204625, 0.8319223902484717, 0.5458398521277716, 0.27793627119352904, 0.25085111390948733, 0.7031302464785595, 0.606306727696589, 0.5574997955379518, 0.5258923494752359, 0.2442248281940486, 0.6217884289115465, 0.12304184310540366, 0.11461201995114746, 0.1516618808889106, 0.4514059377062968], ""kernels.1.base_kernel.kernels.1"": [0.6931481805599428, 0.6931481805599428, 0.6931481805599428]}","{""kernels.0"": 4.964039538613469e-06, ""kernels.0.base_kernel.kernels.1"": 0.0013904449368270094, ""kernels.1"": 0.9896008859053995}",12,3,36,0,9,radius,1,279
379,190.1171119751522,84.49995109796598,0.4942,local,-3.6626482875241857,-5.553549804032,1.8909015165078147,0.17022381437655856,0.6683766870262502,radius,,,0.40421057803232596,0.004525620287532182,0.008942335129293945,9.999999747378752e-05,0.32940344355389667,0.05085425333629497,0.3333362912406431,0.8323989978599977,"{""kernels.0.base_kernel.kernels.0"": [0.33334058641596376, 0.3333314903333929, 0.3333282674517187, 0.333319036326776, 0.3333411714838845, 0.3333430324405573, 0.3333328951267116, 0.3333313699423013, 0.3333344674434479, 0.33333545691198435, 0.3333347565462788, 0.3333140862049348, 0.333334851649405, 0.3333356302220891, 0.3333369522591971, 0.33334000272453823, 0.333332931813674, 0.3333215682239819], ""kernels.0.base_kernel.kernels.1.base_kernel"": [0.6931481805599428, 0.6931481805599428, 0.6931481805599428], ""kernels.1.base_kernel.kernels.0"": [0.05085425333629497, 0.42027933426146963, 0.28264733525333696, 0.6474566015998037, 0.8323989978599977, 0.545875697777461, 0.27797624569354373, 0.2507980880757793, 0.7037632361255273, 0.6059358018940437, 0.5573959014400602, 0.526016316026334, 0.24436988975574928, 0.6217008075404664, 0.12313548961713561, 0.11467430780612287, 0.15172855944094324, 0.4520216370921952], ""kernels.1.base_kernel.kernels.1"": [0.6931481805599428, 0.6931481805599428, 0.6931481805599428]}","{""kernels.0"": 4.964045525337921e-06, ""kernels.0.base_kernel.kernels.1"": 0.0013904449333929456, ""kernels.1"": 0.9868149216827716}",12,3,36,2,9,radius,0,280
380,263.42856768779257,84.49995109796598,0.5,local,-3.7184441253201967,-6.0658712827699475,2.3474271574497507,0.8158802142294375,1.3803451253064598,radius,,,0.7011695115682871,0.004528987288144264,0.008933341874840796,9.999999747378752e-05,0.330777374813763,0.05085416149920956,0.33333629477551835,0.8324324977357102,"{""kernels.0.base_kernel.kernels.0"": [0.3333405850616946, 0.3333314812440296, 0.3333282656122623, 0.33331899595530873, 0.3333411655958433, 0.3333430146548362, 0.3333329032647596, 0.33333136932570434, 0.33333438458316694, 0.333335462986511, 0.33333472851424956, 0.3333140971828863, 0.3333348545335023, 0.3333356290058575, 0.3333369605451792, 0.33334002071937824, 0.3333329336148036, 0.33332158379237137], ""kernels.0.base_kernel.kernels.1.base_kernel"": [0.6931481805599428, 0.6931481805599428, 0.6931481805599428], ""kernels.1.base_kernel.kernels.0"": [0.05085416149920956, 0.41906792416630656, 0.28201797211463964, 0.6469173976617761, 0.8324324977357102, 0.5443823082432225, 0.2774123981212927, 0.250124351824592, 0.7037640168155351, 0.6055250920293093, 0.5566558312718314, 0.52511157623166, 0.24417582071226948, 0.6217699383548594, 0.12308422262449528, 0.11490763469156338, 0.15164117149641887, 0.45338814960342405], ""kernels.1.base_kernel.kernels.1"": [0.6931481805599428, 0.6931481805599428, 0.6931481805599428]}","{""kernels.0"": 4.964055757430205e-06, ""kernels.0.base_kernel.kernels.1"": 0.0013904449281545263, ""kernels.1"": 0.990936715457377}",12,3,36,1,9,radius,0,281
381,210.77263724115065,84.49995109796598,0.5008,global,-3.791814657022293,-6.298475922549395,2.506661265527102,0.7342411477211493,1.2832794962715903,global,,,0.7363524474887647,0.0045193549363502445,0.008924467521793395,9.999999747378752e-05,0.3291652353243503,0.05085411938421893,0.3333362981471548,0.8326182640382086,"{""kernels.0.base_kernel.kernels.0"": [0.333340582452177, 0.33333147885664494, 0.33332826693483664, 0.33331896778602954, 0.3333411630155538, 0.3333430011972783, 0.3333329122300844, 0.3333313713687472, 0.33333431745077213, 0.3333354696413628, 0.33333470647888586, 0.33331411618035656, 0.3333348575763607, 0.3333356293708532, 0.33333696692345643, 0.3333400351549488, 0.3333329354649459, 0.33332160063501176], ""kernels.0.base_kernel.kernels.1.base_kernel"": [0.6931481805599428, 0.6931481805599428, 0.6931481805599428], ""kernels.1.base_kernel.kernels.0"": [0.05085411938421893, 0.4189087407062567, 0.28177192581782884, 0.6468632767964628, 0.8326182640382086, 0.5436165492034337, 0.27725678577278257, 0.2498053321933245, 0.7040589815433111, 0.6053810520749046, 0.5562306160989395, 0.5247498552013601, 0.2442302845032195, 0.6220628912052362, 0.12315992221883626, 0.11525177102279113, 0.151668038437767, 0.4549396923007455], ""kernels.1.base_kernel.kernels.1"": [0.6931481805599428, 0.6931481805599428, 0.6931481805599428]}","{""kernels.0"": 4.964064044989962e-06, ""kernels.0.base_kernel.kernels.1"": 0.001390444923551, ""kernels.1"": 0.9861002969854551}",12,3,36,0,9,radius,0,282
382,8183.505195380895,84.49995109796598,0.4994,global,-3.7555255336049678,-6.052720042623595,2.2971945090186274,0.37360714797259664,1.1798174414713942,global,,,0.6042725273843906,0.004523275815300435,0.008915313465515204,9.999999747378752e-05,0.33066650910804124,0.05085401639719975,0.33333630256092894,0.8323902148680136,"{""kernels.0.base_kernel.kernels.0"": [0.3333405816734561, 0.3333314703366429, 0.3333282662244735, 0.33331891795967694, 0.33334115413909277, 0.33334298281914493, 0.3333329206248647, 0.33333137210660524, 0.3333342318740927, 0.33333547327687224, 0.33333467668690503, 0.33331413126386633, 0.3333348608073155, 0.333335629638368, 0.3333369754834899, 0.3333400544450749, 0.3333329374768611, 0.3333216101730005], ""kernels.0.base_kernel.kernels.1.base_kernel"": [0.6931481805599428, 0.6931481805599428, 0.6931481805599428], ""kernels.1.base_kernel.kernels.0"": [0.05085401639719975, 0.4179491292882664, 0.2811696334073064, 0.6460169439407256, 0.8323902148680136, 0.5421270026478011, 0.2764980950387607, 0.24894486358733445, 0.7040449769859777, 0.604759537465601, 0.5552620263893426, 0.5240209003680019, 0.24408831838927697, 0.62255995397658, 0.12310942709407659, 0.1155804858465569, 0.1516038229542847, 0.45611501955541384], ""kernels.1.base_kernel.kernels.1"": [0.6931481805599428, 0.6931481805599428, 0.6931481805599428]}","{""kernels.0"": 4.964075155978555e-06, ""kernels.0.base_kernel.kernels.1"": 0.0013904449179099258, ""kernels.1"": 0.9906041183310578}",12,3,36,1,9,radius,0,283
383,142.8637413374013,84.49995109796598,0.4976,global,-2.8429600014416083,-5.275275115152921,2.4323151137113124,0.5260878050198976,1.3259225919858912,global,,,0.5428860296574369,0.004788768405626745,0.009055483164285972,9.999999747378752e-05,0.3342781754444369,0.05085436928557168,0.3333357872096994,0.6931481805599428,"{""kernels.0.base_kernel.kernels.0"": [0.33334029673746013, 0.33333187751710586, 0.33332854653402894, 0.33331960470257316, 0.33334003100155046, 0.3333429533159061, 0.333333143890963, 0.33333155691280275, 0.3333341010740616, 0.33333587857503005, 0.3333345657981407, 0.33331489031428224, 0.3333348090380176, 0.3333356958443688, 0.3333369068220296, 0.3333399932064181, 0.3333329144413433, 0.33332186099374966], ""kernels.0.base_kernel.kernels.1.base_kernel"": [0.6931481805599428, 0.6931481805599428, 0.6931481805599428], ""kernels.1.base_kernel.kernels.0"": [0.05085436928557168, 0.4542328353018375, 0.29971798647997344, 0.6570562750071108, 0.6734004891148274, 0.5730966688053404, 0.28164275234685465, 0.24904032154243735, 0.6849056809173878, 0.6290234935969246, 0.5453956460858208, 0.46652535566981335, 0.2616836147203945, 0.6240081721789136, 0.1332433183572179, 0.12171326008099156, 0.1602309198937098, 0.2703262562526332], ""kernels.1.base_kernel.kernels.1"": [0.6931481805599428, 0.6931481805599428, 0.6931481805599428]}","{""kernels.0"": 4.964148316865018e-06, ""kernels.0.base_kernel.kernels.1"": 0.0013904448812925502, ""kernels.1"": 1.0014391173037014}",12,3,36,2,9,radius,0,284
384,100.58130482214978,84.49995109796598,0.5,global,-3.0882859011451895,-4.607208075617647,1.5189221744724577,0.38843807667859837,1.0637952975892533,global,,,0.16764728999383716,0.004816544350726866,0.009048063714140048,9.999999747378752e-05,0.34960906544179,0.050861807790221245,0.3333384682214613,0.7448864654229316,"{""kernels.0.base_kernel.kernels.0"": [0.3333368226487694, 0.33333571927159955, 0.3333290357880803, 0.3333295807688045, 0.333341099961127, 0.33333900458421084, 0.3333340605680616, 0.3333326388885888, 0.33333667593281435, 0.3333403297370006, 0.3333348852112566, 0.33332509646701136, 0.33333395910837255, 0.3333345983177822, 0.33333574326863996, 0.3333379318587117, 0.33333194583155035, 0.3333393719676366], ""kernels.0.base_kernel.kernels.1.base_kernel"": [0.6931481805599428, 0.6931481805599428, 0.6931481805599428], ""kernels.1.base_kernel.kernels.0"": [0.050861807790221245, 0.4993109036539752, 0.35586710165647356, 0.6857778886733558, 0.7448864654229316, 0.366049882338477, 0.2729463497464407, 0.27399461894621635, 0.5933027561934612, 0.6807987062598302, 0.6067690498492252, 0.468943710687382, 0.3673474438529381, 0.5686835055926159, 0.15131802473086603, 0.11935467251682633, 0.2277366562025444, 0.24207179744703372], ""kernels.1.base_kernel.kernels.1"": [0.6931481805599428, 0.6931481805599428, 0.6931481805599428]}","{""kernels.0"": 4.964370000312874e-06, ""kernels.0.base_kernel.kernels.1"": 0.0013904445101218551, ""kernels.1"": 1.0474317874452477}",12,3,36,0,9,radius,0,285
385,109.72463015503219,84.49995109796598,0.4958,local,-3.5865921387859028,-7.048708080259553,3.4621159414736504,0.21057326941934157,0.770030532641082,radius,,,0.2592638083315834,0.004818106912925545,0.00904536805976891,9.999999747378752e-05,0.3433119449476969,0.050865280209653696,0.3333383194727173,0.7607212329803124,"{""kernels.0.base_kernel.kernels.0"": [0.33333715489187354, 0.33333529130346123, 0.3333286086669691, 0.33332912554288185, 0.3333409392143152, 0.33333900959863005, 0.33333416160311136, 0.3333323585211813, 0.3333360625935227, 0.3333396797714862, 0.3333348157632003, 0.3333240721223627, 0.33333408125392383, 0.33333463696786236, 0.33333587438771217, 0.3333380908693793, 0.3333318562905742, 0.33333854807605534], ""kernels.0.base_kernel.kernels.1.base_kernel"": [0.6931481805599428, 0.6931481805599428, 0.6931481805599428], ""kernels.1.base_kernel.kernels.0"": [0.050865280209653696, 0.4804353605344248, 0.3530056363447641, 0.6843406153590507, 0.7607212329803124, 0.35906104249922366, 0.28493279898947155, 0.27710396006097904, 0.5936203186508106, 0.6705698695164193, 0.5980069265733046, 0.4395434268223723, 0.35439022611526894, 0.5805615651794849, 0.1492965148261, 0.11498526137446186, 0.22527114647568425, 0.2495942054656758], ""kernels.1.base_kernel.kernels.1"": [0.6931481805599428, 0.6931481805599428, 0.6931481805599428]}","{""kernels.0"": 4.964413630550522e-06, ""kernels.0.base_kernel.kernels.1"": 0.0013904444679232277, ""kernels.1"": 1.028540425961537}",12,3,36,1,9,radius,1,286
386,191.59013162291973,84.49995109796598,0.5022,global,-3.2916408503965604,-4.682805014458096,1.3911641640615358,0.4656965500115986,1.286450734075938,global,,,0.5641882219338406,0.004807897172423879,0.009041587588890383,9.999999747378752e-05,0.3423964164280666,0.050865791561889015,0.3333382765710237,0.7623500669719098,"{""kernels.0.base_kernel.kernels.0"": [0.33333718459200845, 0.3333352516066368, 0.33332856894057655, 0.3333290838099462, 0.3333409463797642, 0.3333390088633078, 0.33333415624753576, 0.33333233522935285, 0.3333360125658142, 0.3333396132941741, 0.3333348155894144, 0.33332404868665994, 0.33333409924496865, 0.33333463827380416, 0.3333358870474003, 0.3333381065521869, 0.3333318481714539, 0.33333844658986056], ""kernels.0.base_kernel.kernels.1.base_kernel"": [0.6931481805599428, 0.6931481805599428, 0.6931481805599428], ""kernels.1.base_kernel.kernels.0"": [0.050865791561889015, 0.4828470970613495, 0.3528477039175206, 0.6859485876433894, 0.7623500669719098, 0.35991334447889994, 0.286066383653633, 0.279261040636103, 0.5958902358251861, 0.6707292586388484, 0.5972109162347851, 0.4399215900146553, 0.35371312812311495, 0.5810280678046704, 0.14961429691543995, 0.11495528106811884, 0.22496309252201058, 0.2491573289369939], ""kernels.1.base_kernel.kernels.1"": [0.6931481805599428, 0.6931481805599428, 0.6931481805599428]}","{""kernels.0"": 4.9644185589794115e-06, ""kernels.0.base_kernel.kernels.1"": 0.0013904444621380132, ""kernels.1"": 1.025793840403503}",12,3,36,1,9,radius,0,287
387,178.7488276456703,84.49995109796598,0.5008,global,-3.310062717272369,-4.6906245389754755,1.3805618217031066,0.6202890333552105,1.2684988351258581,global,,,0.5433773248250349,0.004810649014206973,0.009032608723960745,9.999999747378752e-05,0.34421623870427515,0.050866106190204805,0.33333824796783995,0.7629012050840801,"{""kernels.0.base_kernel.kernels.0"": [0.33333720541616935, 0.33333522227331036, 0.3333285417415334, 0.33332905144599106, 0.33334094677119774, 0.33333900815726275, 0.33333414940082906, 0.3333323136886974, 0.33333597374763557, 0.3333395667664436, 0.33333481430464107, 0.3333240223630872, 0.3333341083553397, 0.33333463603194935, 0.33333589418663995, 0.3333381165379433, 0.33333184161115936, 0.33333837939773653], ""kernels.0.base_kernel.kernels.1.base_kernel"": [0.6931481805599428, 0.6931481805599428, 0.6931481805599428], ""kernels.1.base_kernel.kernels.0"": [0.050866106190204805, 0.4837136010064848, 0.35252697392825516, 0.6868443876525456, 0.7629012050840801, 0.35984221123521026, 0.28613785302376776, 0.28002888453026054, 0.5968800535231312, 0.6705163466978145, 0.5964607337998913, 0.4391409279816314, 0.3528935497228011, 0.5810644923942678, 0.14953877517714914, 0.1147771490311927, 0.22457384662074703, 0.2482957407647112], ""kernels.1.base_kernel.kernels.1"": [0.6931481805599428, 0.6931481805599428, 0.6931481805599428]}","{""kernels.0"": 4.964422405033039e-06, ""kernels.0.base_kernel.kernels.1"": 0.0013904444582909167, ""kernels.1"": 1.0312533072321295}",12,3,36,0,9,radius,0,288
388,119.94638577575155,84.49995109796598,0.4992,global,-3.338773548872415,-5.066324852309999,1.7275513034375845,0.7968277523576148,1.3861959048272552,global,,,0.24010097144729922,0.004798240564303752,0.009023865999341652,9.999999747378752e-05,0.3428127784836333,0.05086643455199763,0.33333822150192605,0.763817308436684,"{""kernels.0.base_kernel.kernels.0"": [0.33333722508755803, 0.33333519603233464, 0.33332851758309967, 0.33332902585298246, 0.3333409490677835, 0.33333900830876934, 0.33333414311932613, 0.33333229282354393, 0.3333359380539546, 0.33333952272665635, 0.33333482024551275, 0.333324002086361, 0.3333341193399905, 0.33333463819640496, 0.3333359014000907, 0.3333381260040095, 0.33333183615766454, 0.3333383169998426], ""kernels.0.base_kernel.kernels.1.base_kernel"": [0.6931481805599428, 0.6931481805599428, 0.6931481805599428], ""kernels.1.base_kernel.kernels.0"": [0.05086643455199763, 0.4851176967791385, 0.35246775080102993, 0.6881459605116145, 0.763817308436684, 0.360479031333685, 0.28646973593410224, 0.2811291673511712, 0.5983042714489912, 0.6705942105425385, 0.5963404811780505, 0.43885009154194915, 0.35240445536816556, 0.5815589398370834, 0.14964164070558533, 0.11479778686127198, 0.22433568262326217, 0.2483914323946211], ""kernels.1.base_kernel.kernels.1"": [0.6931481805599428, 0.6931481805599428, 0.6931481805599428]}","{""kernels.0"": 4.964425534230374e-06, ""kernels.0.base_kernel.kernels.1"": 0.001390444454442454, ""kernels.1"": 1.0270429265709233}",12,3,36,1,9,radius,0,289
389,214.8900047615901,84.49995109796598,0.4978,global,-3.43843600455447,-5.536469222165587,2.0980332176111167,0.7414914499810293,1.3644762816534064,global,,,0.6075210556866969,0.0048022696850529385,0.009018825769465737,9.999999747378752e-05,0.34505427715235615,0.050866901780164966,0.3333381915051037,0.7649178027194438,"{""kernels.0.base_kernel.kernels.0"": [0.3333372625922326, 0.3333351350543842, 0.3333284699941437, 0.3333290420910206, 0.33334094344007825, 0.3333390166157148, 0.33333412605041063, 0.3333322607504642, 0.3333357998435276, 0.3333394164249326, 0.3333347853596337, 0.3333239632905029, 0.3333341298770821, 0.33333463699577287, 0.3333359166543261, 0.3333381516608347, 0.33333182599933703, 0.33333823134937274], ""kernels.0.base_kernel.kernels.1.base_kernel"": [0.6931481805599428, 0.6931481805599428, 0.6931481805599428], ""kernels.1.base_kernel.kernels.0"": [0.050866901780164966, 0.4842951250961423, 0.3520215016549749, 0.6914279062289399, 0.7649178027194438, 0.3606291259471222, 0.28526712667200604, 0.28297166915797045, 0.5985846032872386, 0.6694976721311875, 0.5956636122494726, 0.4386222594441799, 0.35150563184003575, 0.5818227973886253, 0.14941311406763605, 0.11447606804317112, 0.2237160421662157, 0.24901270174183493], ""kernels.1.base_kernel.kernels.1"": [0.6931481805599428, 0.6931481805599428, 0.6931481805599428]}","{""kernels.0"": 4.9644322947653975e-06, ""kernels.0.base_kernel.kernels.1"": 0.0013904444486518687, ""kernels.1"": 1.0337674225761218}",12,3,36,0,9,radius,0,290
390,104.64759081280609,84.49995109796598,0.4986,local,-3.360989099832404,-5.0124683392860545,1.6514792394536504,0.18482707387639738,0.7329207672332926,radius,,,0.20483240648391238,0.004787530323824065,0.009009641366799978,9.999999747378752e-05,0.34320635685502077,0.050867190279476636,0.33333817600582216,0.765650682658735,"{""kernels.0.base_kernel.kernels.0"": [0.33333728215397596, 0.3333351057015375, 0.33332844691656804, 0.3333290556580483, 0.33334094299447853, 0.3333390228695331, 0.33333411923914047, 0.33333224427984853, 0.3333357284235612, 0.3333393618819132, 0.33333477025110375, 0.3333239474401851, 0.3333341361614857, 0.3333346386151822, 0.333335924897489, 0.33333816520286325, 0.3333318213512138, 0.33333818680878113], ""kernels.0.base_kernel.kernels.1.base_kernel"": [0.6931481805599428, 0.6931481805599428, 0.6931481805599428], ""kernels.1.base_kernel.kernels.0"": [0.050867190279476636, 0.4845514312867971, 0.3521290125754059, 0.6934816863719593, 0.765650682658735, 0.361255271011257, 0.28522417620941226, 0.2842828741563708, 0.5990963048179679, 0.6692201252209566, 0.5956904191237211, 0.438865347547192, 0.351380013503284, 0.5821931700070995, 0.14942642618224578, 0.11445492320933792, 0.22353753987948283, 0.2497485670886327], ""kernels.1.base_kernel.kernels.1"": [0.6931481805599428, 0.6931481805599428, 0.6931481805599428]}","{""kernels.0"": 4.964435399745561e-06, ""kernels.0.base_kernel.kernels.1"": 0.0013904444454651873, ""kernels.1"": 1.0282236616841973}",12,3,36,1,9,radius,0,291
391,188.8620622606638,84.49995109796598,0.4956,global,-3.141156967704159,-4.934143995317093,1.7929870276129343,1.7503314967593648,1.413272793654472,global,,,0.5805241861855732,0.004765325019726369,0.00900672209788047,9.999999747378752e-05,0.3451711064539862,0.05087353146632263,0.333337884714922,0.7711817119205093,"{""kernels.0.base_kernel.kernels.0"": [0.3333377032731417, 0.3333344868073416, 0.33332807485097615, 0.3333288535554776, 0.33334091496622, 0.3333391375340971, 0.3333339516741595, 0.33333188378211115, 0.3333344097950751, 0.3333380661567022, 0.3333343772798884, 0.3333236173188473, 0.33333421452600887, 0.333334663313781, 0.3333360799882339, 0.3333384543822654, 0.3333317067564718, 0.3333373979072729], ""kernels.0.base_kernel.kernels.1.base_kernel"": [0.6931481805599428, 0.6931481805599428, 0.6931481805599428], ""kernels.1.base_kernel.kernels.0"": [0.05087353146632263, 0.4803606472540991, 0.35767959751057693, 0.7228436753932385, 0.7711817119205093, 0.36474412701757786, 0.2802704456135403, 0.30524480303485224, 0.6082570026384214, 0.6589750589838526, 0.5924684761918465, 0.4430293173528145, 0.33946160572526085, 0.5850583209125527, 0.14745946178530045, 0.11232451198260837, 0.21551909153098903, 0.2577466001072666], ""kernels.1.base_kernel.kernels.1"": [0.6931481805599428, 0.6931481805599428, 0.6931481805599428]}","{""kernels.0"": 4.964511968429548e-06, ""kernels.0.base_kernel.kernels.1"": 0.0013904443822933329, ""kernels.1"": 1.0341179104676967}",12,3,36,2,9,radius,0,292
392,220.3528661124048,84.49995109796598,0.499,global,-3.58334057053625,-4.312339181273892,0.7289986107376416,0.6893867720700818,1.1965877530589188,global,,,0.7421549541680654,0.004763533492916429,0.00899785200596608,9.999999747378752e-05,0.34384931990286205,0.050874517617514776,0.33333784409991224,0.7687866254884715,"{""kernels.0.base_kernel.kernels.0"": [0.3333377570385216, 0.3333344021124937, 0.33332801948598945, 0.33332879837759877, 0.33334088951872404, 0.3333391666055988, 0.3333339446204067, 0.33333180227637943, 0.33333425613536244, 0.3333379311613029, 0.3333343406332437, 0.33332351568256996, 0.333334232258299, 0.33333467486126533, 0.33333610185053375, 0.3333384920717931, 0.3333317035932191, 0.33333730027856895], ""kernels.0.base_kernel.kernels.1.base_kernel"": [0.6931481805599428, 0.6931481805599428, 0.6931481805599428], ""kernels.1.base_kernel.kernels.0"": [0.050874517617514776, 0.4797503523949996, 0.35777593073945063, 0.7232244147408106, 0.7687866254884715, 0.36482635722588136, 0.2813849251229304, 0.3056013477165391, 0.6094138427458525, 0.6591982819340317, 0.5930633152278856, 0.4387312890595522, 0.3388088981875134, 0.5849216597550663, 0.1472585306025392, 0.11226947225164219, 0.21477377386673926, 0.25592724497422464], ""kernels.1.base_kernel.kernels.1"": [0.6931481805599428, 0.6931481805599428, 0.6931481805599428]}","{""kernels.0"": 4.9645240622342215e-06, ""kernels.0.base_kernel.kernels.1"": 0.0013904443734792783, ""kernels.1"": 1.0301525508110447}",12,3,36,1,9,radius,0,293
393,674.0473920724428,84.49995109796598,0.4962,global,-3.5876251010351865,-6.203790747374903,2.6161656463397165,0.682685035121213,1.3784057181692408,global,,,0.6559935099564436,0.004765412630708756,0.008988790167887997,9.999999747378752e-05,0.34464506145692786,0.05087514048113331,0.33333781945741264,0.7676694198160787,"{""kernels.0.base_kernel.kernels.0"": [0.33333778977951517, 0.333334347827638, 0.3333279833359501, 0.33332876182076254, 0.3333408754452342, 0.33333918283365943, 0.33333393758177543, 0.3333317522251094, 0.33333416141704053, 0.3333378491353101, 0.33333431755122467, 0.333323462488839, 0.33333424645204857, 0.3333346846128849, 0.33333611611081637, 0.33333851725962227, 0.33333170227955244, 0.33333724379319063], ""kernels.0.base_kernel.kernels.1.base_kernel"": [0.6931481805599428, 0.6931481805599428, 0.6931481805599428], ""kernels.1.base_kernel.kernels.0"": [0.05087514048113331, 0.47909781357128606, 0.3575947526919372, 0.7230740099491579, 0.7676694198160787, 0.36460685411643234, 0.281639054747733, 0.3058131779022979, 0.6099853971351294, 0.6595235524717029, 0.593182982139894, 0.4364540505613704, 0.33904938811610447, 0.5848758887219427, 0.14714467865722763, 0.11221776617656846, 0.21454580834827505, 0.2551855071306219], ""kernels.1.base_kernel.kernels.1"": [0.6931481805599428, 0.6931481805599428, 0.6931481805599428]}","{""kernels.0"": 4.9645321817477245e-06, ""kernels.0.base_kernel.kernels.1"": 0.0013904443677850498, ""kernels.1"": 1.0325397754708168}",12,3,36,2,9,radius,0,294
394,256.5974785008901,84.49995109796598,0.4984,global,-3.5701715478729885,-5.059220817364615,1.4890492694916264,0.5195984348601755,1.2310707576810598,global,,,0.7079082244125471,0.004790652408236271,0.008993825250876235,9.999999747378752e-05,0.3464026665827,0.05087617939194858,0.3333377788846893,0.7660323831254405,"{""kernels.0.base_kernel.kernels.0"": [0.33333783254621435, 0.3333342923445037, 0.33332794398460874, 0.33332872070350883, 0.3333408623031132, 0.3333392025677035, 0.3333339202948318, 0.33333167918827256, 0.3333340346920653, 0.3333377252231643, 0.33333429446147955, 0.3333234007267957, 0.33333425315553233, 0.3333346636625889, 0.33333614038909154, 0.3333385460642239, 0.3333316970433994, 0.3333371421207119], ""kernels.0.base_kernel.kernels.1.base_kernel"": [0.6931481805599428, 0.6931481805599428, 0.6931481805599428], ""kernels.1.base_kernel.kernels.0"": [0.05087617939194858, 0.4791506857284533, 0.3583673929783808, 0.7226195471160687, 0.7660323831254405, 0.36454065576449, 0.2805354999787644, 0.30560144366713343, 0.6106949283139178, 0.6587464406234638, 0.5947296259649675, 0.4340827275649237, 0.3395244807260824, 0.5808740525204942, 0.14717972365578336, 0.11163159158712915, 0.21443133559607402, 0.24837422870426182], ""kernels.1.base_kernel.kernels.1"": [0.6931481805599428, 0.6931481805599428, 0.6931481805599428]}","{""kernels.0"": 4.964543812399186e-06, ""kernels.0.base_kernel.kernels.1"": 0.0013904443595225374, ""kernels.1"": 1.037812590844765}",12,3,36,1,9,radius,0,295
395,167.3668171286808,84.49995109796598,0.499,global,-3.345343670473345,-6.6728721947098,3.327528524236455,0.5674275946746402,1.3173648433797025,global,,,0.4502133997462071,0.004774092281342183,0.008984990084380218,9.999999747378752e-05,0.3431554658923761,0.05087654815780497,0.3333377675989507,0.7663713958748852,"{""kernels.0.base_kernel.kernels.0"": [0.3333378437332933, 0.3333342809661606, 0.3333279347358524, 0.3333287211954847, 0.33334086248274436, 0.33333920859858757, 0.3333339189890523, 0.3333316610360074, 0.33333400206205094, 0.33333769146460807, 0.33333429015534766, 0.33332339072594985, 0.33333425789143734, 0.333334660061995, 0.3333361472480277, 0.3333385536913107, 0.3333316962441414, 0.333337119246988], ""kernels.0.base_kernel.kernels.1.base_kernel"": [0.6931481805599428, 0.6931481805599428, 0.6931481805599428], ""kernels.1.base_kernel.kernels.0"": [0.05087654815780497, 0.47999208712547076, 0.35893342650634963, 0.723217114120868, 0.7663713958748852, 0.3650200730744468, 0.2809273006721907, 0.306046994028654, 0.6114714876283645, 0.6588920162416659, 0.5956584286946466, 0.4342286385547008, 0.34017544990305804, 0.5800514424549106, 0.1473554955001682, 0.11167018212410423, 0.2146171203330638, 0.24766121708714497], ""kernels.1.base_kernel.kernels.1"": [0.6931481805599428, 0.6931481805599428, 0.6931481805599428]}","{""kernels.0"": 4.9645465338524165e-06, ""kernels.0.base_kernel.kernels.1"": 0.001390444356954192, ""kernels.1"": 1.0280709887736403}",12,3,36,0,9,radius,0,296
396,1336.150804929042,84.49995109796598,0.5028,global,-3.588753839231611,-4.771142638407265,1.182388799175654,0.970134020100621,1.3713042367926658,global,,,0.7007611506519199,0.004783691897994241,0.008976854395645481,9.999999747378752e-05,0.34450978301770235,0.05087745848067483,0.33333773333195676,0.7660885143553144,"{""kernels.0.base_kernel.kernels.0"": [0.33333787870356896, 0.33333422805034235, 0.33332789742832175, 0.33332870498748257, 0.33334085102183547, 0.3333392222735227, 0.33333390748012687, 0.33333160150331353, 0.33333390369547267, 0.3333375879603446, 0.33333425984652204, 0.33332333272405357, 0.3333342664836806, 0.33333465108825033, 0.3333361677903864, 0.3333385758447669, 0.3333316913199027, 0.33333705378681483], ""kernels.0.base_kernel.kernels.1.base_kernel"": [0.6931481805599428, 0.6931481805599428, 0.6931481805599428], ""kernels.1.base_kernel.kernels.0"": [0.05087745848067483, 0.47959760097613224, 0.3594913829507636, 0.7226875469392036, 0.7660885143553144, 0.36449913846039134, 0.2802573432814409, 0.3059828359018831, 0.6124872958175186, 0.658095637611741, 0.5968281650415057, 0.4321966975521628, 0.34091648329341456, 0.5777985650011489, 0.14741166219224744, 0.11119063510845904, 0.21469677469649429, 0.24444415042690362], ""kernels.1.base_kernel.kernels.1"": [0.6931481805599428, 0.6931481805599428, 0.6931481805599428]}","{""kernels.0"": 4.964556428463168e-06, ""kernels.0.base_kernel.kernels.1"": 0.00139044434979308, ""kernels.1"": 1.0321339401468854}",12,3,36,0,9,radius,0,297
397,174.61824693412234,84.49995109796598,0.498,global,-2.9476018650992613,-4.856917266446663,1.9093154013474019,0.9914075084139401,1.3848536018680995,global,,,0.654533643717064,0.004808926573579867,0.009004125805556698,9.999999747378752e-05,0.34098330151782785,0.05088200266824652,0.3333376011804262,0.7627176745660027,"{""kernels.0.base_kernel.kernels.0"": [0.3333380210075981, 0.33333402513946625, 0.33332774502304696, 0.3333286724902119, 0.33334076503304055, 0.3333392035723454, 0.3333337112250866, 0.3333313566440624, 0.3333334762553322, 0.3333371813532543, 0.33333419545370124, 0.3333231231121887, 0.3333343511984524, 0.3333346565379138, 0.33333626212044853, 0.3333386944829868, 0.3333316564674611, 0.33333680531717197], ""kernels.0.base_kernel.kernels.1.base_kernel"": [0.6931481805599428, 0.6931481805599428, 0.6931481805599428], ""kernels.1.base_kernel.kernels.0"": [0.05088200266824652, 0.48534426526049196, 0.3679549615933792, 0.715265283630282, 0.7627176745660027, 0.36139752640260137, 0.2511156514259131, 0.31469820117614783, 0.619232236615323, 0.661130536190272, 0.6098594980806428, 0.4349966868068522, 0.3457299086523525, 0.5708076313405774, 0.1451934541670611, 0.11181331183951872, 0.21270554807843262, 0.2438944970607196], ""kernels.1.base_kernel.kernels.1"": [0.6931481805599428, 0.6931481805599428, 0.6931481805599428]}","{""kernels.0"": 4.9646022981713e-06, ""kernels.0.base_kernel.kernels.1"": 0.0013904443135380707, ""kernels.1"": 1.0215544956376472}",12,3,36,1,9,radius,0,298
398,204.67101305880973,84.49995109796598,0.5004,global,-3.469521052239962,-4.618142394559492,1.1486213423195304,0.7421497137938835,1.3766171448269617,global,,,0.6746071314943902,0.004814931162417876,0.008995756697697758,9.999999747378752e-05,0.3430303034537932,0.050883210545577956,0.3333375638965632,0.7609737339362463,"{""kernels.0.base_kernel.kernels.0"": [0.3333380606734703, 0.333333966747339, 0.3333276764085518, 0.33332863486595254, 0.33334072658031655, 0.333339206353022, 0.3333337389037932, 0.33333129437015446, 0.3333333721000071, 0.3333370671196561, 0.3333341771187653, 0.3333230160628609, 0.33333435922772925, 0.3333346565492548, 0.33333628632395285, 0.3333387313301764, 0.33333164819861344, 0.3333367381314989], ""kernels.0.base_kernel.kernels.1.base_kernel"": [0.6931481805599428, 0.6931481805599428, 0.6931481805599428], ""kernels.1.base_kernel.kernels.0"": [0.050883210545577956, 0.4862677283159213, 0.36930872458899006, 0.7143592724047074, 0.7609737339362463, 0.35986985932835286, 0.2525792180297756, 0.3160942960490738, 0.6191725987957853, 0.6592942363370969, 0.6137165715657732, 0.4320920162233268, 0.34637134479232184, 0.5690767936641777, 0.14494049105832918, 0.1124326062692681, 0.2121677237605626, 0.24244084085935153], ""kernels.1.base_kernel.kernels.1"": [0.6931481805599428, 0.6931481805599428, 0.6931481805599428]}","{""kernels.0"": 4.964617470343173e-06, ""kernels.0.base_kernel.kernels.1"": 0.0013904443029211144, ""kernels.1"": 1.0276955014409883}",12,3,36,1,9,radius,0,299
399,235.71590752897941,84.49995109796598,0.5004,global,-3.481134204261628,-4.486029860941489,1.004895656679861,0.7068397848902344,1.2852780612795438,global,,,0.6720963608977876,0.004802923336089415,0.008986819433454842,9.999999747378752e-05,0.34127613163528076,0.050883557181886474,0.33333755366983264,0.7619076089867151,"{""kernels.0.base_kernel.kernels.0"": [0.3333380697189683, 0.33333395382760705, 0.3333276602647592, 0.3333286329988291, 0.3333407246186755, 0.33333920722454685, 0.3333337447691335, 0.3333312782796645, 0.33333334723230634, 0.33333703762069694, 0.3333341730857732, 0.333322995760023, 0.33333436097274355, 0.3333346567105525, 0.3333362916984118, 0.3333387393474987, 0.3333316465304975, 0.33333672242239193], ""kernels.0.base_kernel.kernels.1.base_kernel"": [0.6931481805599428, 0.6931481805599428, 0.6931481805599428], ""kernels.1.base_kernel.kernels.0"": [0.050883557181886474, 0.4868420744767302, 0.3698043538197342, 0.7149663229205699, 0.7619076089867151, 0.35978755754051855, 0.2529287888541726, 0.31665263849115655, 0.6194100268176816, 0.6589508613357462, 0.6146869460529804, 0.43176562305639155, 0.34665584266921806, 0.5687391382962235, 0.1449571829998823, 0.11261530064685706, 0.2121313025810447, 0.24242467936415646], ""kernels.1.base_kernel.kernels.1"": [0.6931481805599428, 0.6931481805599428, 0.6931481805599428]}","{""kernels.0"": 4.9646209144983376e-06, ""kernels.0.base_kernel.kernels.1"": 0.0013904443000648083, ""kernels.1"": 1.0224329859848629}",12,3,36,2,9,radius,0,300
400,244.6030333256152,84.49995109796598,0.4994,global,-3.4776170126417285,-4.274033661889134,0.7964166492474054,0.6574551281249972,1.369996913555012,global,,,0.6830689131718838,0.004805750999675192,0.008977951457896085,9.999999747378752e-05,0.3424870595241413,0.05088422380113609,0.3333375320273603,0.763227733666745,"{""kernels.0.base_kernel.kernels.0"": [0.3333380902848729, 0.33333391900306164, 0.3333276213277563, 0.33332861429816896, 0.333340716297228, 0.33333920687407215, 0.3333337537220316, 0.3333312417588519, 0.3333332896097138, 0.3333369737698476, 0.33333415985273535, 0.333322944143228, 0.3333343628579943, 0.3333346549064831, 0.33333630327822933, 0.3333387576363742, 0.33333164148778627, 0.3333366893638411], ""kernels.0.base_kernel.kernels.1.base_kernel"": [0.6931481805599428, 0.6931481805599428, 0.6931481805599428], ""kernels.1.base_kernel.kernels.0"": [0.05088422380113609, 0.48686733982099345, 0.3701734646522313, 0.71522496088346, 0.763227733666745, 0.35846316889043367, 0.2527975027918098, 0.3171820630189521, 0.6192473498023108, 0.6578991702241604, 0.6162436021086006, 0.4303690811114528, 0.3467219349439529, 0.5678154356374566, 0.14476531203958387, 0.11279745803156334, 0.2118087132174509, 0.24168089218098493], ""kernels.1.base_kernel.kernels.1"": [0.6931481805599428, 0.6931481805599428, 0.6931481805599428]}","{""kernels.0"": 4.964629167172852e-06, ""kernels.0.base_kernel.kernels.1"": 0.0013904442941918334, ""kernels.1"": 1.026065769649065}",12,3,36,1,9,radius,0,301
401,1159.3616938535638,84.49995109796598,0.4996,global,-3.61398474124166,-4.887970647186479,1.2739859059448189,0.6378064136169714,1.37182404338894,global,,,0.6048654541127865,0.004796197375025822,0.008969129316185728,9.999999747378752e-05,0.34119073674019323,0.05088461593778838,0.3333375205548704,0.7640954469892993,"{""kernels.0.base_kernel.kernels.0"": [0.33333810070827524, 0.3333339028145472, 0.3333276017975803, 0.3333286076056616, 0.3333407147748233, 0.33333920730836486, 0.33333375860168724, 0.33333122356043615, 0.3333332612200611, 0.33333694040146555, 0.3333341535667889, 0.3333229225774437, 0.3333343647244644, 0.33333465589183037, 0.333336309881571, 0.33333876737860596, 0.3333316397181802, 0.33333667294832375], ""kernels.0.base_kernel.kernels.1.base_kernel"": [0.6931481805599428, 0.6931481805599428, 0.6931481805599428], ""kernels.1.base_kernel.kernels.0"": [0.05088461593778838, 0.487276843012864, 0.37050194137496417, 0.7155549385132676, 0.7640954469892993, 0.35798130535267797, 0.2530787985455167, 0.31776542654123835, 0.6193657241435168, 0.6575138364075332, 0.6171738198083063, 0.43014296700876076, 0.3469281076444783, 0.567487740345315, 0.1447923393797957, 0.11298536221239991, 0.2117655655947579, 0.24160482360911387], ""kernels.1.base_kernel.kernels.1"": [0.6931481805599428, 0.6931481805599428, 0.6931481805599428]}","{""kernels.0"": 4.964633331446166e-06, ""kernels.0.base_kernel.kernels.1"": 0.001390444290936577, ""kernels.1"": 1.0221768012963117}",12,3,36,1,9,radius,0,302
402,260.5755708905432,84.49995109796598,0.5036,global,-3.5626345525007057,-4.940808519647055,1.378173967146349,0.840669007270695,1.3967902188097558,global,,,0.7012038550502175,0.004830243669771547,0.008990580734183467,9.999999747378752e-05,0.34576118778538084,0.05088461548082688,0.33333749450720984,0.7642451782219609,"{""kernels.0.base_kernel.kernels.0"": [0.3333381083247139, 0.33333391492722275, 0.3333275940228991, 0.33332854815693214, 0.33334071500892887, 0.3333391905363614, 0.33333372968147107, 0.3333312152899889, 0.3333332488044102, 0.33333688068970585, 0.3333341536259768, 0.33332288507257696, 0.3333343703895671, 0.3333346538723631, 0.33333631426118526, 0.33333877789050637, 0.33333163959064505, 0.33333665639331195], ""kernels.0.base_kernel.kernels.1.base_kernel"": [0.6931481805599428, 0.6931481805599428, 0.6931481805599428], ""kernels.1.base_kernel.kernels.0"": [0.05088461548082688, 0.48780545373311374, 0.3705334369960512, 0.7138116460466771, 0.7642451782219609, 0.35649630466111043, 0.25166476060820664, 0.3177348186283491, 0.6190007862538944, 0.6551289722718704, 0.6178285303627096, 0.42742183308688386, 0.3465218393280954, 0.5670724528536731, 0.1445730574589091, 0.11286118695395031, 0.21154514904187205, 0.24085963854199183], ""kernels.1.base_kernel.kernels.1"": [0.6931481805599428, 0.6931481805599428, 0.6931481805599428]}","{""kernels.0"": 4.964637356855469e-06, ""kernels.0.base_kernel.kernels.1"": 0.0013904442885057948, ""kernels.1"": 1.03588815443028}",12,3,36,0,9,radius,0,303
403,2268.815190264838,84.49995109796598,0.5026,local,-3.5727528814936305,-5.6067837612119265,2.034030879718296,0.2775152521419198,0.9884172177167933,radius,,,0.5414807650752704,0.0048140337970395825,0.008981920649538509,9.999999747378752e-05,0.3409197807319058,0.050884984865949556,0.33333736136116,0.7681688125057291,"{""kernels.0.base_kernel.kernels.0"": [0.33333813802271456, 0.3333340172931104, 0.3333275796081988, 0.3333283112705735, 0.3333407464303764, 0.33333911212241435, 0.3333335948216206, 0.33333119256440763, 0.33333321860906023, 0.3333365846996055, 0.33333418204882703, 0.33332275930541755, 0.33333440927862074, 0.3333346545433823, 0.33333633281094016, 0.33333882495241673, 0.33333164355184536, 0.3333365785383885], ""kernels.0.base_kernel.kernels.1.base_kernel"": [0.6931481805599428, 0.6931481805599428, 0.6931481805599428], ""kernels.1.base_kernel.kernels.0"": [0.050884984865949556, 0.4968629423600445, 0.3733558355045506, 0.7093040203850799, 0.7681688125057291, 0.35378909124859254, 0.248132652319321, 0.32115587366436926, 0.6202751295452117, 0.6449835985365222, 0.6238041517039109, 0.4182439315595418, 0.3472929164870064, 0.5665174613679547, 0.1448012289903972, 0.11353579557960718, 0.21149605881781425, 0.24167265038957159], ""kernels.1.base_kernel.kernels.1"": [0.6931481805599428, 0.6931481805599428, 0.6931481805599428]}","{""kernels.0"": 4.964652446551765e-06, ""kernels.0.base_kernel.kernels.1"": 0.0013904442752606886, ""kernels.1"": 1.0213639332680102}",12,3,36,2,9,radius,0,304
404,225.7475549676435,84.49995109796598,0.5022,global,-3.3835092342082493,-4.813780693898005,1.4302714596897559,0.6051034765019866,1.3445610116694593,global,,,0.7437953249773129,0.004919430594232596,0.00903242815331824,9.999999747378752e-05,0.35655241163147006,0.05088500624927015,0.33333735106344703,0.7680023810568746,"{""kernels.0.base_kernel.kernels.0"": [0.33333814427749203, 0.33333403639621234, 0.33332756781473866, 0.3333281644495824, 0.3333407449226464, 0.33333911265361155, 0.33333355625039907, 0.33333116300703874, 0.333333189586321, 0.333336557849402, 0.3333341872211186, 0.3333227425254416, 0.33333436763469226, 0.33333466243658444, 0.3333363236781933, 0.3333388502566479, 0.33333163367364343, 0.3333365219584417], ""kernels.0.base_kernel.kernels.1.base_kernel"": [0.6931481805599428, 0.6931481805599428, 0.6931481805599428], ""kernels.1.base_kernel.kernels.0"": [0.05088500624927015, 0.497174500027529, 0.3719290585312827, 0.7002708632546532, 0.7680023810568746, 0.35051779019402174, 0.2452030869441351, 0.31858435766639975, 0.6190461173011484, 0.6419727191317728, 0.6235005534539553, 0.41593232547829984, 0.3387628434129872, 0.5660471085779806, 0.14276119496874862, 0.11346851923985217, 0.20958077168913983, 0.23727823452224966], ""kernels.1.base_kernel.kernels.1"": [0.6931481805599428, 0.6931481805599428, 0.6931481805599428]}","{""kernels.0"": 4.964658301146302e-06, ""kernels.0.base_kernel.kernels.1"": 0.0013904442728524993, ""kernels.1"": 1.0682618259632566}",12,3,36,0,9,radius,0,305
405,237.87116795159716,84.49995109796598,0.4994,local,-2.7189087503636014,-5.628980336764679,2.9100715864010773,0.2978375683724377,1.1968343792913703,radius,,,0.42418251478966607,0.00497198662188293,0.009024219119450517,9.999999747378752e-05,0.34399586514348596,0.05091820639676408,0.33333776778694735,0.7499254395375744,"{""kernels.0.base_kernel.kernels.0"": [0.33333792815240004, 0.3333379607313667, 0.33332767800249147, 0.3333269483536406, 0.33334292431926754, 0.33334174145251455, 0.3333324829417418, 0.33333029960680954, 0.3333344840272139, 0.3333331867727235, 0.3333357604787693, 0.3333235348371902, 0.33333301761761586, 0.33333760742149465, 0.3333353390587715, 0.3333409568320982, 0.3333316720312951, 0.33333183807938194], ""kernels.0.base_kernel.kernels.1.base_kernel"": [0.6931481805599428, 0.6931481805599428, 0.6931481805599428], ""kernels.1.base_kernel.kernels.0"": [0.05091820639676408, 0.5119775882780914, 0.4339454967091664, 0.490603768916822, 0.5905224396814576, 0.6555362367382257, 0.2304221575370666, 0.3128049363768041, 0.7499254395375744, 0.41862916556023405, 0.6625180846166778, 0.4154098457041929, 0.14538222867638562, 0.7251004919146846, 0.09056620802796964, 0.21060762497210012, 0.2773017267584106, 0.31233223824327433], ""kernels.1.base_kernel.kernels.1"": [0.6931481805599428, 0.6931481805599428, 0.6931481805599428]}","{""kernels.0"": 4.964914610624624e-06, ""kernels.0.base_kernel.kernels.1"": 0.0013904439306478855, ""kernels.1"": 1.0305921865851992}",12,3,36,1,9,radius,0,306
406,249.60320457270083,84.49995109796598,0.4994,global,-2.976160188990909,-4.228365661580124,1.2522054725892153,0.8207141527348216,1.378455224071894,global,,,0.6553913027118243,0.0049896612374975054,0.009015441592292946,9.999999747378752e-05,0.348523420912356,0.050918702309791675,0.33333776513885177,0.7493326690661899,"{""kernels.0.base_kernel.kernels.0"": [0.3333379185536259, 0.3333379363380712, 0.3333276823597804, 0.33332701758047584, 0.33334287712345534, 0.33334180975825856, 0.33333249105475193, 0.33333030312328243, 0.3333345454299636, 0.3333331781330446, 0.3333357686573087, 0.3333235425882469, 0.3333330197804198, 0.33333761172407766, 0.33333533708162894, 0.3333409380589223, 0.3333316487189641, 0.33333179792865586], ""kernels.0.base_kernel.kernels.1.base_kernel"": [0.6931481805599428, 0.6931481805599428, 0.6931481805599428], ""kernels.1.base_kernel.kernels.0"": [0.050918702309791675, 0.5123587202191477, 0.4330906936432036, 0.4934245586832497, 0.5864671043746083, 0.6540398850159876, 0.2297217710000069, 0.31249609151466234, 0.7493326690661899, 0.41853581943240087, 0.6630592532692899, 0.41719536919251826, 0.14356147987925633, 0.722561020883818, 0.09053232466350557, 0.2104370933797969, 0.2783898485303125, 0.31051128971873404], ""kernels.1.base_kernel.kernels.1"": [0.6931481805599428, 0.6931481805599428, 0.6931481805599428]}","{""kernels.0"": 4.9649158762894135e-06, ""kernels.0.base_kernel.kernels.1"": 0.0013904439265307082, ""kernels.1"": 1.044174853894661}",12,3,36,0,9,radius,0,307
407,181.57967010115556,84.49995109796598,0.5004,global,-3.0420685091145514,-4.750914016852497,1.7088455077379456,0.9262164742787452,1.3641062289944845,global,,,0.6241772960663706,0.0050058972747117556,0.009006798767556747,9.999999747378752e-05,0.33830733519630746,0.050929881644100915,0.33333766617914184,0.7394887923890523,"{""kernels.0.base_kernel.kernels.0"": [0.33333771610423285, 0.3333376162540509, 0.3333278177654966, 0.3333283738018323, 0.3333419887443896, 0.33334318412969444, 0.33333276822372304, 0.33333038562235867, 0.3333357391591054, 0.333333053220856, 0.3333359964108932, 0.33332371145550477, 0.33333316511007405, 0.33333773833962277, 0.33333528045610866, 0.333340529186014, 0.33333121498399326, 0.33333112319877184], ""kernels.0.base_kernel.kernels.1.base_kernel"": [0.6931481805599428, 0.6931481805599428, 0.6931481805599428], ""kernels.1.base_kernel.kernels.0"": [0.050929881644100915, 0.5167627981361176, 0.42113581294736613, 0.56494046713117, 0.5303047473792574, 0.6381788060844207, 0.233488419754602, 0.31265298008156733, 0.7394887923890523, 0.4262788401627896, 0.6840396828732022, 0.46954992091266823, 0.120556270702882, 0.6828571920582663, 0.09022685449127597, 0.2059851676202707, 0.3033872374363275, 0.29312837611269765], ""kernels.1.base_kernel.kernels.1"": [0.6931481805599428, 0.6931481805599428, 0.6931481805599428]}","{""kernels.0"": 4.964922494454643e-06, ""kernels.0.base_kernel.kernels.1"": 0.0013904438436848274, ""kernels.1"": 1.013526596822743}",12,3,36,0,9,radius,0,308
408,125.55333019525443,84.49995109796598,0.5016,global,-2.852544930181012,-4.928783664990283,2.0762387348092712,1.064631663927352,1.3766539930197692,global,,,0.2530738777115717,0.0050250002442410475,0.008998390513801737,9.999999747378752e-05,0.3309457798352576,0.050980185793336415,0.3333407487688761,0.8657391889262886,"{""kernels.0.base_kernel.kernels.0"": [0.33333843019467313, 0.33333623873125906, 0.33332633946069723, 0.333328167731806, 0.33334047449220866, 0.33334843177521295, 0.33333289459836446, 0.33332870829679295, 0.3333363845519868, 0.3333326020542015, 0.33333637214740475, 0.33331709347555655, 0.333334359407324, 0.33333948711822053, 0.3333354720699171, 0.33334102304554347, 0.3333295751460088, 0.33332903760671356], ""kernels.0.base_kernel.kernels.1.base_kernel"": [0.6931481805599428, 0.6931481805599428, 0.6931481805599428], ""kernels.1.base_kernel.kernels.0"": [0.050980185793336415, 0.4979528560551751, 0.38680562794166007, 0.712581550590987, 0.3789613835384975, 0.8657391889262886, 0.2625323936358297, 0.45253254547301497, 0.771815175528872, 0.5062385023105456, 0.7439141699828455, 0.6010568706945336, 0.0985941292360483, 0.7516621900841884, 0.07228654262962748, 0.16944694794784237, 0.37951871778882934, 0.35170057516771736], ""kernels.1.base_kernel.kernels.1"": [0.6931481805599428, 0.6931481805599428, 0.6931481805599428]}","{""kernels.0"": 4.96508694674098e-06, ""kernels.0.base_kernel.kernels.1"": 0.0013904435065782489, ""kernels.1"": 0.9914419309122477}",12,3,36,1,9,radius,0,309
409,290.2811412041869,84.49995109796598,0.4994,global,-3.086099783281951,-4.841355372834398,1.7552555895524473,0.40590003506516964,1.3562242105205176,global,,,0.5704289580533126,0.004997623584253945,0.008993173464589799,9.999999747378752e-05,0.3349118372501376,0.050991932432292775,0.33334150451345934,0.7988955173469824,"{""kernels.0.base_kernel.kernels.0"": [0.33333883392102437, 0.33333525105104295, 0.33332562295017826, 0.3333276825932765, 0.3333415406668647, 0.3333485944828855, 0.33333267481866297, 0.3333275305272296, 0.3333354988812243, 0.3333316741529519, 0.3333358864623277, 0.33331525870938905, 0.3333345162308773, 0.3333399932099935, 0.33333568146243364, 0.3333414683600539, 0.3333293659027204, 0.333328306789877], ""kernels.0.base_kernel.kernels.1.base_kernel"": [0.6931481805599428, 0.6931481805599428, 0.6931481805599428], ""kernels.1.base_kernel.kernels.0"": [0.050991932432292775, 0.4871502108713544, 0.3741551329293774, 0.7313622721862684, 0.41983491000708123, 0.7988955173469824, 0.2729946295507011, 0.4579453325033047, 0.7740277427647843, 0.4992924891076752, 0.7422237950679115, 0.626435434853578, 0.09553917741512291, 0.7284157788454706, 0.0715736359570204, 0.172571394629013, 0.3738975739327153, 0.35542972239828635], ""kernels.1.base_kernel.kernels.1"": [0.6931481805599428, 0.6931481805599428, 0.6931481805599428]}","{""kernels.0"": 4.965176927187095e-06, ""kernels.0.base_kernel.kernels.1"": 0.001390443456830031, ""kernels.1"": 1.0033401031166556}",12,3,36,0,9,radius,0,310
410,296.23849425748784,84.49995109796598,0.4996,global,-3.0582538234331267,-4.719328405789462,1.6610745823563358,0.5815075161666636,1.3581157372407793,global,,,0.64032407927501,0.005003663850380424,0.008985204282777088,9.999999747378752e-05,0.3362202926721,0.050993130581733666,0.333341562572108,0.7979302261776929,"{""kernels.0.base_kernel.kernels.0"": [0.3333388777063589, 0.3333351668039387, 0.3333255618229144, 0.3333275810314742, 0.33334160906238025, 0.33334858263597833, 0.33333264295193316, 0.3333274132746039, 0.3333353925671257, 0.333331584327053, 0.3333358686722368, 0.33331501540786423, 0.33333454794480977, 0.3333400553889511, 0.3333357088368379, 0.33334151608183576, 0.33332935299633926, 0.33332825107252656], ""kernels.0.base_kernel.kernels.1.base_kernel"": [0.6931481805599428, 0.6931481805599428, 0.6931481805599428], ""kernels.1.base_kernel.kernels.0"": [0.050993130581733666, 0.4873176088920029, 0.37397103300509005, 0.7296368713628735, 0.4187608276080363, 0.7979302261776929, 0.2714690786343376, 0.45922722234418517, 0.7737805309521687, 0.4984285633592825, 0.7417079349384181, 0.6248131488324713, 0.09546971101836044, 0.7287586637426365, 0.07151639846151178, 0.1720168166433176, 0.37383232804185995, 0.3539297240081092], ""kernels.1.base_kernel.kernels.1"": [0.6931481805599428, 0.6931481805599428, 0.6931481805599428]}","{""kernels.0"": 4.965189160836915e-06, ""kernels.0.base_kernel.kernels.1"": 0.0013904434514653452, ""kernels.1"": 1.0072654693756737}",12,3,36,0,9,radius,0,311
411,201.07949203397663,84.49995109796598,0.5024,global,-3.1431321651821764,-4.980643304142118,1.837511138959942,1.2165961499401827,1.4088321381820503,global,,,0.5779677105728526,0.005010126924729372,0.008977389425413769,9.999999747378752e-05,0.33125059243510596,0.05100103228449087,0.3333419087075069,0.7937416835104444,"{""kernels.0.base_kernel.kernels.0"": [0.3333391371444211, 0.33333468505601427, 0.33332517782935617, 0.33332705410705343, 0.33334202002001945, 0.3333484939798701, 0.33333243514532235, 0.3333266561151802, 0.3333347611130482, 0.333331024541151, 0.33333577995520114, 0.3333135371578462, 0.33333476479946766, 0.3333404358351978, 0.33333590688478093, 0.33334179739499437, 0.3333292799672958, 0.33332794081217554], ""kernels.0.base_kernel.kernels.1.base_kernel"": [0.6931481805599428, 0.6931481805599428, 0.6931481805599428], ""kernels.1.base_kernel.kernels.0"": [0.05100103228449087, 0.4875417449249812, 0.3738844562880335, 0.7207780264196225, 0.416440046150913, 0.7937416835104444, 0.26078194441844793, 0.46010250599554287, 0.7754281651610055, 0.49233582792205105, 0.7385687485235543, 0.6183932925124916, 0.09580445942089783, 0.7299093889037666, 0.07117223685101566, 0.1656442674795661, 0.37360802695999723, 0.3476578848781608], ""kernels.1.base_kernel.kernels.1"": [0.6931481805599428, 0.6931481805599428, 0.6931481805599428]}","{""kernels.0"": 4.965264623888627e-06, ""kernels.0.base_kernel.kernels.1"": 0.0013904434164963202, ""kernels.1"": 0.9923563686241976}",12,3,36,0,9,radius,0,312
412,303.14980667674445,84.49995109796598,0.4982,global,-3.1204576259711856,-4.843393603435121,1.7229359774639357,0.915939034423332,1.3763410665949396,global,,,0.2545784041617432,0.004989011157949716,0.008968691999715466,9.999999747378752e-05,0.33108186756201535,0.051032384103880855,0.3333421497967669,0.7773413077618659,"{""kernels.0.base_kernel.kernels.0"": [0.33333993779935145, 0.33333298319417237, 0.33332389833529075, 0.33332562325865966, 0.3333431796257576, 0.3333480396063642, 0.3333321453529382, 0.3333242343310641, 0.3333328604385803, 0.33332935062809005, 0.3333354834392848, 0.33330891171047394, 0.333335405736296, 0.333341583027528, 0.33333655004519336, 0.3333427165660059, 0.3333289535831423, 0.333327026421032], ""kernels.0.base_kernel.kernels.1.base_kernel"": [0.6931481805599428, 0.6931481805599428, 0.6931481805599428], ""kernels.1.base_kernel.kernels.0"": [0.051032384103880855, 0.4912366262532786, 0.37363425177089277, 0.7355883348296051, 0.43000413301422447, 0.7714642808577328, 0.2691046164579577, 0.45824507143238724, 0.7773413077618659, 0.4838458633712253, 0.7280021611117518, 0.6028359519106335, 0.10041760687044149, 0.711756254132711, 0.07039900730645833, 0.1588216891867343, 0.36889051758709746, 0.32565571015075967], ""kernels.1.base_kernel.kernels.1"": [0.6931481805599428, 0.6931481805599428, 0.6931481805599428]}","{""kernels.0"": 4.965565765634227e-06, ""kernels.0.base_kernel.kernels.1"": 0.001390443270911903, ""kernels.1"": 0.9918501938493685}",12,3,36,0,9,radius,0,313
413,159.0635852938596,84.49995109796598,0.4998,global,-2.4214943593266267,-4.222188488423016,1.8006941290963892,1.1603825798741654,1.3892745268079947,global,,,0.3626858766796792,0.00508218262012335,0.00896121578937249,9.999999747378752e-05,0.3364788533415783,0.05106388609831342,0.33334290157062785,0.7215426481738519,"{""kernels.0.base_kernel.kernels.0"": [0.33333991605441093, 0.33333300607891075, 0.33332392678699824, 0.3333207017142108, 0.33334413574351873, 0.3333430949626518, 0.3333316784002636, 0.3333243565478674, 0.3333267121816559, 0.3333276485186349, 0.3333371265608879, 0.33330995974318905, 0.33333557617387743, 0.3333415763086037, 0.3333368609153506, 0.3333427081786039, 0.3333288182792838, 0.3333265226868411], ""kernels.0.base_kernel.kernels.1.base_kernel"": [0.6931481805599428, 0.6931481805599428, 0.6931481805599428], ""kernels.1.base_kernel.kernels.0"": [0.05106388609831342, 0.5496996904670773, 0.4065295840653839, 0.45125431948690997, 0.5526486732882037, 0.667543687297304, 0.2474907553483691, 0.5040524153526802, 0.6453395896573865, 0.4001673860354424, 0.7215426481738519, 0.3951192175711192, 0.10551330269149178, 0.7185368719566957, 0.06769101279333284, 0.18927920016285968, 0.35353903807263176, 0.35700076721671253], ""kernels.1.base_kernel.kernels.1"": [0.6931481805599428, 0.6931481805599428, 0.6931481805599428]}","{""kernels.0"": 4.965990360891581e-06, ""kernels.0.base_kernel.kernels.1"": 0.001390443133161624, ""kernels.1"": 1.0080411509012124}",12,3,36,0,9,radius,0,314
414,249.88254816714863,84.49995109796598,0.501,global,-3.2133589496706807,-4.492978101940313,1.2796191522696323,0.7800893484320023,1.3755518420793362,global,,,0.6610993278211506,0.005111626595563328,0.008953515323801663,9.999999747378752e-05,0.3307909726970122,0.05107493829586341,0.3333424346901518,0.7196233609587944,"{""kernels.0.base_kernel.kernels.0"": [0.33333969962841925, 0.3333329517180234, 0.33332430391837525, 0.3333212740573624, 0.3333436312012038, 0.3333423773020475, 0.3333319972963628, 0.33332464430863834, 0.3333262261697914, 0.3333276808552011, 0.3333375138785116, 0.33331153482153103, 0.33333555744113436, 0.3333411409591331, 0.3333368836344175, 0.333342492078256, 0.3333288581116228, 0.3333261047483878], ""kernels.0.base_kernel.kernels.1.base_kernel"": [0.6931481805599428, 0.6931481805599428, 0.6931481805599428], ""kernels.1.base_kernel.kernels.0"": [0.05107493829586341, 0.5808300213278871, 0.42140058975632594, 0.40171052409941216, 0.5273292762138992, 0.6449710349570653, 0.2682729813862377, 0.4983771791872568, 0.6372472179777247, 0.3872893298433036, 0.7196233609587944, 0.3418150081430916, 0.1094384478238153, 0.7077266680628247, 0.06957938219404135, 0.19284500095576582, 0.34980036422955646, 0.339422725998214], ""kernels.1.base_kernel.kernels.1"": [0.6931481805599428, 0.6931481805599428, 0.6931481805599428]}","{""kernels.0"": 4.966099450372895e-06, ""kernels.0.base_kernel.kernels.1"": 0.0013904430819197964, ""kernels.1"": 0.9909775089096664}",12,3,36,0,9,radius,0,315
415,164.37504936102374,84.49995109796598,0.4986,global,-2.1354513937781627,-4.85772614151432,2.722274747736157,0.5796042194724396,1.2867911412355402,global,,,0.3778464242435354,0.005095317675283345,0.00894336524431578,9.999999747378752e-05,0.3607668099615951,0.051185094029685754,0.33333606890913237,0.7927051907605605,"{""kernels.0.base_kernel.kernels.0"": [0.33333664736784185, 0.3333324245091924, 0.33332938425217645, 0.33333617759528017, 0.33334253316621415, 0.3333359602229846, 0.3333323460627744, 0.3333301697223822, 0.3333305053221185, 0.3333286681817945, 0.3333378871278875, 0.333334070662322, 0.33333416594372767, 0.33333673249866785, 0.3333355928493577, 0.3333385720425075, 0.3333290697363348, 0.3333263590105515], ""kernels.0.base_kernel.kernels.1.base_kernel"": [0.6931481805599428, 0.6931481805599428, 0.6931481805599428], ""kernels.1.base_kernel.kernels.0"": [0.051185094029685754, 0.7628901320299968, 0.5609536975855116, 0.21264796162584937, 0.7927051907605605, 0.4234633648659456, 0.2565275202464603, 0.5405276265878014, 0.7781724941468277, 0.3151223151443966, 0.6520417928927976, 0.24418860336299728, 0.19045784371814492, 0.7162126676403595, 0.16726812396331622, 0.3272144346705921, 0.2688823370690697, 0.44971806150553334], ""kernels.1.base_kernel.kernels.1"": [0.6931481805599428, 0.6931481805599428, 0.6931481805599428]}","{""kernels.0"": 4.966849682422243e-06, ""kernels.0.base_kernel.kernels.1"": 0.0013904425438982192, ""kernels.1"": 1.0809050204912047}",12,3,36,0,9,radius,0,316
416,98.12461580702481,84.49995109796598,0.499,global,-2.2379108831088113,-7.275635938604297,5.0377250554954855,0.6434204527896602,1.2640558420957855,global,,,0.18035367378755274,0.0051229920579275575,0.008935888473860473,9.999999747378752e-05,0.3670882735493339,0.051185621837158767,0.33333610563310745,0.788826945926594,"{""kernels.0.base_kernel.kernels.0"": [0.33333665682663716, 0.333332383106364, 0.3333293796545799, 0.3333362066850274, 0.33334255931253093, 0.33333600458118745, 0.3333323505578526, 0.33333017568374035, 0.33333050313364426, 0.33332867422097945, 0.33333781434768656, 0.3333340584828533, 0.3333341459940806, 0.3333367302588978, 0.33333558144614256, 0.3333385331792222, 0.3333290795872833, 0.3333262876198148], ""kernels.0.base_kernel.kernels.1.base_kernel"": [0.6931481805599428, 0.6931481805599428, 0.6931481805599428], ""kernels.1.base_kernel.kernels.0"": [0.051185621837158767, 0.7600077232571626, 0.5616926345419542, 0.2123388983596915, 0.788826945926594, 0.42177944652643135, 0.25482024228275746, 0.5419420107051003, 0.7775112149337468, 0.3164357228011594, 0.6500681177859468, 0.24213308303119602, 0.18891544365428628, 0.7137078807731863, 0.16668379380930376, 0.32347603703819705, 0.2668285887009923, 0.4498250322551256], ""kernels.1.base_kernel.kernels.1"": [0.6931481805599428, 0.6931481805599428, 0.6931481805599428]}","{""kernels.0"": 4.966851465490717e-06, ""kernels.0.base_kernel.kernels.1"": 0.0013904425415798495, ""kernels.1"": 1.0998694112549563}",12,3,36,0,9,radius,0,317
417,180.42030302870322,84.49995109796598,0.5016,global,-2.698587112821046,-4.483186080993068,1.784598968172022,1.4190905215864391,1.4128679292433521,global,,,0.5773666637099321,0.005121703740029355,0.008934545724993153,9.999999747378752e-05,0.35981132675802247,0.05119629960570997,0.33333664533412966,0.7884931922724222,"{""kernels.0.base_kernel.kernels.0"": [0.33333682871931436, 0.3333315807647018, 0.3333293411680174, 0.3333366433940415, 0.3333425884266394, 0.33333663697944815, 0.333332412461108, 0.3333302158265726, 0.3333306821988311, 0.33332887633590264, 0.33333685730608714, 0.33333399041375333, 0.33333394437952224, 0.33333664727421786, 0.33333545743197973, 0.3333380243801654, 0.33332929000262945, 0.3333251576814942], ""kernels.0.base_kernel.kernels.1.base_kernel"": [0.6931481805599428, 0.6931481805599428, 0.6931481805599428], ""kernels.1.base_kernel.kernels.0"": [0.05119629960570997, 0.7092410301029451, 0.5737345292849347, 0.22452830279092295, 0.7429526328045222, 0.41479737287123747, 0.2511634618026212, 0.5609633242160035, 0.7884931922724222, 0.3549046604096079, 0.6330298734837765, 0.23512144013606792, 0.17840817636406664, 0.6874207067626328, 0.16377044547285152, 0.2874154905607968, 0.24717749882933376, 0.44303814351147036], ""kernels.1.base_kernel.kernels.1"": [0.6931481805599428, 0.6931481805599428, 0.6931481805599428]}","{""kernels.0"": 4.966869704082305e-06, ""kernels.0.base_kernel.kernels.1"": 0.001390442509683344, ""kernels.1"": 1.0780385708946798}",12,3,36,1,9,radius,0,318
418,237.0145703649589,84.49995109796598,0.5026,global,-2.9546145344376704,-5.828451094190313,2.8738365597526423,0.813412033646372,1.3641383624492303,global,,,0.6569682227852301,0.0051423836258999295,0.008926348535920886,9.999999747378752e-05,0.3563957063943164,0.051215746493456775,0.3333367567990579,0.7751679694097579,"{""kernels.0.base_kernel.kernels.0"": [0.33333708389260835, 0.33333088646306924, 0.333328931627967, 0.33333706025150905, 0.33334246129297296, 0.33333756834380684, 0.33333254476763524, 0.3333300603340474, 0.3333309516076855, 0.3333284353318755, 0.3333356139571005, 0.33333398940144493, 0.3333337144135745, 0.3333364533466067, 0.3333352731366198, 0.33333765448924946, 0.3333297879136564, 0.33332331529900494], ""kernels.0.base_kernel.kernels.1.base_kernel"": [0.6931481805599428, 0.6931481805599428, 0.6931481805599428], ""kernels.1.base_kernel.kernels.0"": [0.051215746493456775, 0.6836792444606272, 0.5689742440799795, 0.22939767495851346, 0.6953527162163832, 0.40401230821338874, 0.2552372869227585, 0.5624340703831724, 0.7751679694097579, 0.3465885054556007, 0.6273544135772522, 0.23668517058640512, 0.17572952619808713, 0.6758307877285982, 0.16688792707645256, 0.3012066681904675, 0.2225553998781569, 0.4224915187676339], ""kernels.1.base_kernel.kernels.1"": [0.6931481805599428, 0.6931481805599428, 0.6931481805599428]}","{""kernels.0"": 4.966914056742569e-06, ""kernels.0.base_kernel.kernels.1"": 0.0013904424423357906, ""kernels.1"": 1.0677917098265566}",12,3,36,1,9,radius,0,319
419,650.1424522036357,84.49995109796598,0.5032,global,-3.1459737660342357,-4.933911627585622,1.7879378615513861,1.0367350835990699,1.3908569408801632,global,,,0.585653923659366,0.005145071108332966,0.008917889151122767,9.999999747378752e-05,0.35821797888137064,0.051217426795231,0.33333675240506855,0.7753052392290738,"{""kernels.0.base_kernel.kernels.0"": [0.33333708684099594, 0.333330884777362, 0.33332892873245157, 0.33333705792856244, 0.3333424717553076, 0.33333761375516563, 0.33333254157868647, 0.3333300542849956, 0.33333099134615524, 0.3333284384555987, 0.33333556513667006, 0.33333398066027364, 0.33333369860691964, 0.3333364468815746, 0.33333525388615326, 0.33333761799133177, 0.3333298264156762, 0.33332327257926747], ""kernels.0.base_kernel.kernels.1.base_kernel"": [0.6931481805599428, 0.6931481805599428, 0.6931481805599428], ""kernels.1.base_kernel.kernels.0"": [0.051217426795231, 0.6823687929163932, 0.569262578900185, 0.2295525193563028, 0.6966037117242462, 0.404035214546628, 0.25348564777585647, 0.5615492909292702, 0.7753052392290738, 0.34741535691564096, 0.6270565185376015, 0.23647676799454295, 0.1760596460469041, 0.6744320686927409, 0.16732820132351023, 0.2992158592080698, 0.22125040052015654, 0.4225129853964516], ""kernels.1.base_kernel.kernels.1"": [0.6931481805599428, 0.6931481805599428, 0.6931481805599428]}","{""kernels.0"": 4.966916675103585e-06, ""kernels.0.base_kernel.kernels.1"": 0.0013904424365311437, ""kernels.1"": 1.0732585272909057}",12,3,36,0,9,radius,0,320
420,215.35314892894388,84.49995109796598,0.4982,global,-3.3673367437166037,-4.597388865282434,1.23005212156583,0.7060294040582228,1.310129999788086,global,,,0.5975889949339254,0.0051098349140741295,0.008921905554099583,9.999999747378752e-05,0.35700605425532345,0.05122683938592151,0.33333641401160885,0.778971862313338,"{""kernels.0.base_kernel.kernels.0"": [0.3333370796203025, 0.33333101043402413, 0.333328965273585, 0.3333371633339968, 0.33334250879455424, 0.3333378622627566, 0.3333325680161882, 0.33333009999792, 0.33333122107950597, 0.3333285787089391, 0.3333353538775672, 0.3333339631127579, 0.3333336591561389, 0.3333357484029152, 0.33333518120066746, 0.3333371168468405, 0.33333001447640864, 0.33332315061967377], ""kernels.0.base_kernel.kernels.1.base_kernel"": [0.6931481805599428, 0.6931481805599428, 0.6931481805599428], ""kernels.1.base_kernel.kernels.0"": [0.05122683938592151, 0.6897432550211542, 0.5758658742724595, 0.2421996750579741, 0.7062807078889087, 0.4110025307467456, 0.2370293765580054, 0.5533599841174915, 0.778971862313338, 0.3617984162889951, 0.6270458546167782, 0.2429765464198435, 0.17962313583069964, 0.603225259159166, 0.17155371492643384, 0.24092627357624943, 0.21552276888226984, 0.4282342492031282], ""kernels.1.base_kernel.kernels.1"": [0.6931481805599428, 0.6931481805599428, 0.6931481805599428]}","{""kernels.0"": 4.96693090963424e-06, ""kernels.0.base_kernel.kernels.1"": 0.001390442409445747, ""kernels.1"": 1.0696227534256149}",12,3,36,1,9,radius,0,321
421,108.95822269133993,84.49995109796598,0.4986,global,-3.2249399231929656,-4.481414515528523,1.2564745923355574,0.7631280188945572,1.4053884456184202,global,,,0.15608205330068867,0.005125116885241299,0.008913335627840475,9.999999747378752e-05,0.3506776168863079,0.051240895699664904,0.33333618884536886,0.7580542708524336,"{""kernels.0.base_kernel.kernels.0"": [0.3333371022202152, 0.33333125819681403, 0.33332894005774716, 0.3333370017457247, 0.33334242933950764, 0.3333380451264741, 0.33333273373337025, 0.3333300312839849, 0.3333312768882705, 0.3333285277132997, 0.33333520741669115, 0.333333803288614, 0.3333336034922999, 0.33333537594501306, 0.3333351178406474, 0.33333713992258357, 0.3333302475404521, 0.33332281453965573], ""kernels.0.base_kernel.kernels.1.base_kernel"": [0.6931481805599428, 0.6931481805599428, 0.6931481805599428], ""kernels.1.base_kernel.kernels.0"": [0.051240895699664904, 0.69554826044777, 0.5724946927624563, 0.2334834428217672, 0.6976428517292824, 0.4003914041586724, 0.2452955001106931, 0.535991712974764, 0.7580542708524336, 0.35147751638714164, 0.626004631999316, 0.24557161149379328, 0.18342166420929393, 0.5979751103170704, 0.16907169125933733, 0.2376004049008139, 0.2023436656903695, 0.3979433705240157], ""kernels.1.base_kernel.kernels.1"": [0.6931481805599428, 0.6931481805599428, 0.6931481805599428]}","{""kernels.0"": 4.966953381585239e-06, ""kernels.0.base_kernel.kernels.1"": 0.0013904423683698069, ""kernels.1"": 1.0506374413371722}",12,3,36,1,9,radius,0,322
422,326.9109809056158,84.49995109796598,0.4992,global,-3.3859012047577624,-4.58578484099901,1.199883636241248,1.1887451779413503,1.410055824308078,global,,,0.6757569616014611,0.005137289870019108,0.008910342121551965,9.999999747378752e-05,0.3535664661346129,0.05124210061981083,0.3333361635651637,0.7571430924615944,"{""kernels.0.base_kernel.kernels.0"": [0.3333371087981284, 0.3333312822790366, 0.3333288388351324, 0.33333697412817465, 0.3333424153521038, 0.33333806262275667, 0.3333327336234832, 0.33332999405122604, 0.3333312770524132, 0.3333285572705799, 0.33333520235720193, 0.33333378291833143, 0.33333359464346163, 0.3333353530021528, 0.33333511259318316, 0.33333713390409114, 0.3333302738365492, 0.3333228141626243], ""kernels.0.base_kernel.kernels.1.base_kernel"": [0.6931481805599428, 0.6931481805599428, 0.6931481805599428], ""kernels.1.base_kernel.kernels.0"": [0.05124210061981083, 0.6949307173011193, 0.5679006531597371, 0.2320841696220169, 0.6972952129937532, 0.4023157664358551, 0.24421995919030487, 0.5348217117928122, 0.7571430924615944, 0.3531525561975246, 0.6257845121305096, 0.24549587101906384, 0.1836396228322612, 0.5980636259467649, 0.16906497323586378, 0.2367409482174318, 0.20192293568511946, 0.3962998583219727], ""kernels.1.base_kernel.kernels.1"": [0.6931481805599428, 0.6931481805599428, 0.6931481805599428]}","{""kernels.0"": 4.966956326851648e-06, ""kernels.0.base_kernel.kernels.1"": 0.0013904423644157096, ""kernels.1"": 1.059303989083096}",12,3,36,0,9,radius,0,323
423,130.93086679320237,84.49995109796598,0.4996,global,-3.0184143550894724,-5.348533510441784,2.3301191553523113,0.4475656072947372,1.0104382528887408,global,,,0.2552774768915493,0.005119907609474489,0.008903402820817035,9.999999747378752e-05,0.35078315095309237,0.051243265478635884,0.3333361458263008,0.7566545475235233,"{""kernels.0.base_kernel.kernels.0"": [0.33333711309899566, 0.33333130842579867, 0.3333287586627782, 0.3333369570032974, 0.3333424058281136, 0.33333807690996003, 0.3333327336718193, 0.33332996892854694, 0.3333312882380888, 0.3333285840385314, 0.3333352022326736, 0.3333337692144472, 0.33333359732080353, 0.3333353346493042, 0.33333510993208526, 0.33333713102400614, 0.33333029861342506, 0.33332282120192525], ""kernels.0.base_kernel.kernels.1.base_kernel"": [0.6931481805599428, 0.6931481805599428, 0.6931481805599428], ""kernels.1.base_kernel.kernels.0"": [0.051243265478635884, 0.6945336112468794, 0.5643600005904479, 0.2323897397887055, 0.6975958689936739, 0.40441612516236936, 0.24385688601599748, 0.5342855725415101, 0.7566545475235233, 0.35477963581607397, 0.6260213655962069, 0.24630178732372016, 0.1847449342785695, 0.5987042946560189, 0.1692176885547815, 0.2366558993360911, 0.20177246964438583, 0.3955284874331644], ""kernels.1.base_kernel.kernels.1"": [0.6931481805599428, 0.6931481805599428, 0.6931481805599428]}","{""kernels.0"": 4.966958091225145e-06, ""kernels.0.base_kernel.kernels.1"": 0.0013904423608743332, ""kernels.1"": 1.0509540435403115}",12,3,36,0,9,radius,0,324
424,128.32961012080543,84.49995109796598,0.4984,local,-2.8316375818216084,-5.725330031777496,2.8936924499558874,0.1986593599485017,0.7379179090402184,radius,,,0.2149729547755345,0.005133325657005033,0.008898016095741161,9.999999747378752e-05,0.3545988601848679,0.051243897540516496,0.3333361344143351,0.7564668598220932,"{""kernels.0.base_kernel.kernels.0"": [0.3333371217748279, 0.3333312984407654, 0.33332864814282054, 0.3333369466004999, 0.33334239543697847, 0.33333808322781106, 0.33333272750804327, 0.3333299055434607, 0.3333312992324133, 0.3333286110688119, 0.33333518636702847, 0.33333375327537745, 0.3333335964011249, 0.3333353222281703, 0.33333510595361165, 0.3333371358799198, 0.3333303199679328, 0.3333228110845781], ""kernels.0.base_kernel.kernels.1.base_kernel"": [0.6931481805599428, 0.6931481805599428, 0.6931481805599428], ""kernels.1.base_kernel.kernels.0"": [0.051243897540516496, 0.6927438224818854, 0.5591872514300553, 0.2324071653751619, 0.6967507295759828, 0.4050803855128504, 0.24252385625439543, 0.5314862029378808, 0.7564668598220932, 0.3559518044357695, 0.625019414257955, 0.24616572913996698, 0.18504022644014473, 0.5994296216847369, 0.16884712215503894, 0.2368796409184851, 0.20124062522026342, 0.39365561188004067], ""kernels.1.base_kernel.kernels.1"": [0.6931481805599428, 0.6931481805599428, 0.6931481805599428]}","{""kernels.0"": 4.966961498945484e-06, ""kernels.0.base_kernel.kernels.1"": 0.001390442357390301, ""kernels.1"": 1.0624011712357144}",12,3,36,3,9,radius,0,325
425,244.87181141089158,84.49995109796598,0.4988,global,-3.4286592553153317,-5.603629240146482,2.1749699848311503,0.8802339326839907,1.3903542367518154,global,,,0.5523972394052302,0.005119592190795342,0.008893194440719964,9.999999747378752e-05,0.3549268674846484,0.05131262939786142,0.33333462112954426,0.7127080453794915,"{""kernels.0.base_kernel.kernels.0"": [0.3333371608830458, 0.3333301377461686, 0.3333258829951096, 0.3333359777013277, 0.3333441029023018, 0.3333374844981426, 0.3333328018588945, 0.33332858757432826, 0.3333323156781651, 0.3333301309992878, 0.33333381993351313, 0.3333333342889408, 0.33333328881599433, 0.33333435234477504, 0.3333348899143135, 0.33333743111568537, 0.3333312910996303, 0.33332514259771134], ""kernels.0.base_kernel.kernels.1.base_kernel"": [0.6931481805599428, 0.6931481805599428, 0.6931481805599428], ""kernels.1.base_kernel.kernels.0"": [0.05131262939786142, 0.6954499976736328, 0.363901194000967, 0.294710337870537, 0.7127080453794915, 0.3967330313378813, 0.2295123527685879, 0.40532868751402856, 0.6977690813338232, 0.4217443270926362, 0.570340657505607, 0.2629516451028124, 0.2091480331681644, 0.5911790310323752, 0.15767765674876077, 0.22548966486069447, 0.18507080378440505, 0.32849280835370365], ""kernels.1.base_kernel.kernels.1"": [0.6931481805599428, 0.6931481805599428, 0.6931481805599428]}","{""kernels.0"": 4.9671255420811915e-06, ""kernels.0.base_kernel.kernels.1"": 0.0013904421579510752, ""kernels.1"": 1.063385193170452}",12,3,36,1,9,radius,0,326
426,270.7552543983638,84.49995109796598,0.4992,global,-3.386242686040398,-3.961570597514142,0.5753279114737442,0.41768761078190114,1.1043879393021196,global,,,0.6941580850700805,0.005127364913285592,0.008884947596540611,9.999999747378752e-05,0.3563145926457634,0.05131620923880912,0.33333461758338734,0.7151993020328647,"{""kernels.0.base_kernel.kernels.0"": [0.3333371493953137, 0.33333024841002046, 0.3333259693118703, 0.3333358956488561, 0.3333441683607728, 0.3333374629782214, 0.3333328003502864, 0.33332861807303715, 0.3333323072307156, 0.3333301690589549, 0.33333386098400863, 0.3333333199029571, 0.33333326999153573, 0.3333343444313293, 0.3333348907354453, 0.3333374504954661, 0.3333313064907368, 0.3333252945210182], ""kernels.0.base_kernel.kernels.1.base_kernel"": [0.6931481805599428, 0.6931481805599428, 0.6931481805599428], ""kernels.1.base_kernel.kernels.0"": [0.05131620923880912, 0.6921057786803061, 0.3629665641075553, 0.29260110589116417, 0.7151993020328647, 0.3928538083615774, 0.22779465778066868, 0.40392628427974514, 0.6946397325147331, 0.4208535044667906, 0.571069466037111, 0.26504894737614937, 0.20869224842344486, 0.5917732261296339, 0.15720607623189783, 0.22584606919785238, 0.18483398445852486, 0.327889260514014], ""kernels.1.base_kernel.kernels.1"": [0.6931481805599428, 0.6931481805599428, 0.6931481805599428]}","{""kernels.0"": 4.967127913359775e-06, ""kernels.0.base_kernel.kernels.1"": 0.0013904421497177193, ""kernels.1"": 1.067548368659659}",12,3,36,0,9,radius,0,327
427,106.64095368913776,84.49995109796598,0.4982,local,-3.0932372058575472,-5.621692896618497,2.52845569076095,0.21233558407195077,0.8501991174518697,radius,,,0.19485103368999068,0.005113457887088128,0.008876948039480763,9.999999747378752e-05,0.354061238354918,0.051317269113554116,0.33333461697694367,0.716018887524705,"{""kernels.0.base_kernel.kernels.0"": [0.33333714554081445, 0.33333028344565796, 0.3333259963150331, 0.33333587571960016, 0.33334418622051815, 0.33333745826696726, 0.3333328010638108, 0.33332862939660984, 0.33333230715965834, 0.33333018214209326, 0.3333338735271073, 0.3333333162733506, 0.33333326586289935, 0.33333434299354847, 0.3333348909603389, 0.33333745487179894, 0.3333313114277118, 0.33332533912593804], ""kernels.0.base_kernel.kernels.1.base_kernel"": [0.6931481805599428, 0.6931481805599428, 0.6931481805599428], ""kernels.1.base_kernel.kernels.0"": [0.051317269113554116, 0.6918408469802767, 0.3630727364921645, 0.29269181951057177, 0.716018887524705, 0.3923255897622099, 0.2276887586054448, 0.4038181272909862, 0.6941168964579243, 0.42091244430217545, 0.5714195378029323, 0.26597591262184167, 0.20890460379787024, 0.5920263336268216, 0.15719060431155785, 0.22599255206598526, 0.18491455322493272, 0.3282600839611084], ""kernels.1.base_kernel.kernels.1"": [0.6931481805599428, 0.6931481805599428, 0.6931481805599428]}","{""kernels.0"": 4.967128057158513e-06, ""kernels.0.base_kernel.kernels.1"": 0.0013904421473705303, ""kernels.1"": 1.0607883057893264}",12,3,36,1,9,radius,0,328
428,215.41390667730184,84.49995109796598,0.4958,global,-3.4869192054422733,-4.580929648638741,1.094010443196468,1.153144725593646,1.3763160447989464,global,,,0.6912330477334394,0.005123554507866537,0.008874370756094334,9.999999747378752e-05,0.3558759889381813,0.051322197404303035,0.33333461075075843,0.7190849374550087,"{""kernels.0.base_kernel.kernels.0"": [0.3333371361892066, 0.3333302868203817, 0.33332612304008724, 0.3333357637025377, 0.3333442441963357, 0.3333374338390144, 0.33333279834192175, 0.3333286527332761, 0.3333323044496426, 0.3333302389308783, 0.3333338985111164, 0.3333333216780049, 0.333333244334257, 0.33333432509152405, 0.3333348964099928, 0.33333747732752994, 0.3333313351697731, 0.3333255572843958], ""kernels.0.base_kernel.kernels.1.base_kernel"": [0.6931481805599428, 0.6931481805599428, 0.6931481805599428], ""kernels.1.base_kernel.kernels.0"": [0.051322197404303035, 0.687383156799821, 0.36414214769384634, 0.29025953477442346, 0.7190849374550087, 0.38704450870689583, 0.22539667324132961, 0.400844979376785, 0.6907088669609819, 0.41981314353570487, 0.5710601404908554, 0.27066462615379816, 0.20773872132863264, 0.592074809306691, 0.15580235565059847, 0.22458300599509956, 0.18472280712543704, 0.32952452252695985], ""kernels.1.base_kernel.kernels.1"": [0.6931481805599428, 0.6931481805599428, 0.6931481805599428]}","{""kernels.0"": 4.967132274358191e-06, ""kernels.0.base_kernel.kernels.1"": 0.0013904421360050817, ""kernels.1"": 1.0662325575462643}",12,3,36,0,9,radius,0,329
429,3285.123538503863,84.49995109796598,0.498,global,-3.519587171940124,-4.816922138147835,1.2973349662077114,0.37489641526790424,1.1440461320181519,global,,,0.5874172430567056,0.0051049611793966155,0.008865989813683518,9.999999747378752e-05,0.35303595483254196,0.05132319271634524,0.33333461095883865,0.7197879592429601,"{""kernels.0.base_kernel.kernels.0"": [0.33333713394224274, 0.3333302947482875, 0.33332614697435475, 0.33333574722537884, 0.3333442541121418, 0.3333374332762202, 0.3333328004929407, 0.33332866094337577, 0.3333323067191711, 0.33333025251988385, 0.33333390521374684, 0.33333332224022644, 0.33333324262294517, 0.33333432413456826, 0.3333348977831091, 0.3333374816909997, 0.33333134028632677, 0.3333255962999345], ""kernels.0.base_kernel.kernels.1.base_kernel"": [0.6931481805599428, 0.6931481805599428, 0.6931481805599428], ""kernels.1.base_kernel.kernels.0"": [0.05132319271634524, 0.6874482136820327, 0.36463378914287353, 0.29077329150128517, 0.7197879592429601, 0.3871394095392098, 0.22554882008362687, 0.4008457239568826, 0.6904471882700929, 0.4201475958685502, 0.5712784875242238, 0.2719587375416366, 0.20795175395099083, 0.5924048453382185, 0.15575492691514276, 0.22464299680367505, 0.1848466380716259, 0.3299932183291798], ""kernels.1.base_kernel.kernels.1"": [0.6931481805599428, 0.6931481805599428, 0.6931481805599428]}","{""kernels.0"": 4.96713246589122e-06, ""kernels.0.base_kernel.kernels.1"": 0.001390442133911208, ""kernels.1"": 1.057712455231249}",12,3,36,1,9,radius,0,330
430,5539.897005123152,84.49995109796598,0.394,global,-2.9968111605397167,-4.205029397397813,1.2082182368580963,0.786388699568575,1.3330486611432366,global,,,0.5426194791834047,0.0050830754309524485,0.008934910079808475,9.999999747378752e-05,0.33940704063651644,0.05137974966428522,0.3333344499673403,0.7468588454842192,"{""kernels.0.base_kernel.kernels.0"": [0.33333679864751203, 0.333333007617128, 0.33332790431424963, 0.33333410978683, 0.3333450888097479, 0.3333377680701629, 0.3333326045312299, 0.3333286392494955, 0.3333328320082569, 0.33333102055261843, 0.33333473755816007, 0.33333297428962305, 0.33333318066958606, 0.33333416237652047, 0.33333494822451626, 0.3333374311223587, 0.3333316474327767, 0.3333268869378809], ""kernels.0.base_kernel.kernels.1.base_kernel"": [0.6931481805599428, 0.6931481805599428, 0.6931481805599428], ""kernels.1.base_kernel.kernels.0"": [0.05137974966428522, 0.6558740178941026, 0.4687969701821267, 0.3307540901567652, 0.7468588454842192, 0.44783064020672625, 0.22216549396385613, 0.1349594515794851, 0.6447127001192016, 0.4148344444909343, 0.5823892127871652, 0.3698472688157364, 0.2328065967665872, 0.5968764342580575, 0.1530850108281988, 0.18848135291670595, 0.1829406513048779, 0.2894526698469816], ""kernels.1.base_kernel.kernels.1"": [0.6931481805599428, 0.6931481805599428, 0.6931481805599428]}","{""kernels.0"": 4.967144599789385e-06, ""kernels.0.base_kernel.kernels.1"": 0.0013904420166521115, ""kernels.1"": 1.0168257127482976}",12,3,36,0,9,radius,0,331
431,153.62246348927522,84.49995109796598,0.4978,global,-2.1589993572113357,-4.545104399969511,2.3861050427581754,0.8674217589257784,1.3874167515118494,global,,,0.5103588846572129,0.0051077938235583546,0.009034100508017914,9.999999747378752e-05,0.35152952873943905,0.05138326699750164,0.3333347529393984,0.8051002729499761,"{""kernels.0.base_kernel.kernels.0"": [0.3333363882427553, 0.3333366938391159, 0.33332874181004307, 0.33333367625338955, 0.33334608394551424, 0.33333667412730983, 0.3333326289492757, 0.33333122840516294, 0.3333338464918434, 0.33333226217754713, 0.3333345203365964, 0.33333134436500894, 0.3333326190788585, 0.33333474374132954, 0.3333347621374672, 0.3333372514497434, 0.3333316106913912, 0.3333274100943016], ""kernels.0.base_kernel.kernels.1.base_kernel"": [0.6931481805599428, 0.6931481805599428, 0.6931481805599428], ""kernels.1.base_kernel.kernels.0"": [0.05138326699750164, 0.7977462362528518, 0.5572143538799456, 0.21165972793933793, 0.8051002729499761, 0.544670655600614, 0.25852002510000927, 0.1160568124604542, 0.6464147252621824, 0.555193882477372, 0.481120109700592, 0.6441216307761828, 0.22598096877851, 0.591435706263454, 0.15441059617110262, 0.20408691092676765, 0.1406476325120053, 0.33030141881319525], ""kernels.1.base_kernel.kernels.1"": [0.6931481805599428, 0.6931481805599428, 0.6931481805599428]}","{""kernels.0"": 4.967027484107273e-06, ""kernels.0.base_kernel.kernels.1"": 0.001390441879110141, ""kernels.1"": 1.053193177311723}",12,3,36,1,9,radius,0,332
432,109.88169550961697,84.49995109796598,0.5006,local,-2.2061249441627355,-4.058098320801105,1.8519733766383695,0.14155096299328904,0.4982919938597285,radius,,,0.1941496650971774,0.0051552842399863,0.009027082573219804,9.999999747378752e-05,0.34491662909460236,0.0513775230889033,0.33333497052663286,0.7734113654808767,"{""kernels.0.base_kernel.kernels.0"": [0.33333661097788725, 0.33333652201005204, 0.33332834955113955, 0.3333347175746313, 0.33334619347865135, 0.33333624736997725, 0.3333325072850305, 0.3333319120677454, 0.3333330129489955, 0.33333195677639604, 0.3333340552218313, 0.3333284481478752, 0.3333325210938108, 0.333335040720991, 0.33333490033227475, 0.33333731199634203, 0.33333176901187017, 0.33332690971661755], ""kernels.0.base_kernel.kernels.1.base_kernel"": [0.6931481805599428, 0.6931481805599428, 0.6931481805599428], ""kernels.1.base_kernel.kernels.0"": [0.0513775230889033, 0.7520022969879561, 0.5541746337809351, 0.21471046215150252, 0.7734113654808767, 0.5397739020831407, 0.2552909768169068, 0.116690753744772, 0.6128326542277315, 0.5597541879370368, 0.44929465193984913, 0.6251300201163549, 0.22644909100895502, 0.6121621525752373, 0.16514440140897513, 0.2001513235363163, 0.13297371558186033, 0.3085580015414482], ""kernels.1.base_kernel.kernels.1"": [0.6931481805599428, 0.6931481805599428, 0.6931481805599428]}","{""kernels.0"": 4.967016578892518e-06, ""kernels.0.base_kernel.kernels.1"": 0.0013904418099022647, ""kernels.1"": 1.0333544784573259}",12,3,36,1,9,radius,0,333
433,395.53023987263987,84.49995109796598,0.5006,global,-2.615460927372565,-4.147849832126072,1.5323889047535069,0.5486505271222325,1.377032372835249,global,,,0.6863996771673286,0.005175117051752395,0.009023925975660046,9.999999747378752e-05,0.3495028239595715,0.051377113406011206,0.33333497811193336,0.772285426578788,"{""kernels.0.base_kernel.kernels.0"": [0.33333663214973414, 0.3333362158679555, 0.33332828747064885, 0.33333476356761815, 0.3333462306575498, 0.3333362177784539, 0.33333249597821424, 0.3333319495927725, 0.33333296310317645, 0.3333319278489432, 0.33333401488923414, 0.33332826373283714, 0.33333250810385956, 0.3333350503553929, 0.33333490586847375, 0.33333731991866206, 0.33333177917261597, 0.33332690345110005], ""kernels.0.base_kernel.kernels.1.base_kernel"": [0.6931481805599428, 0.6931481805599428, 0.6931481805599428], ""kernels.1.base_kernel.kernels.0"": [0.051377113406011206, 0.743643976641593, 0.5499281697481576, 0.21347097269441379, 0.772285426578788, 0.5386985205521322, 0.25599600905573755, 0.11653165530913612, 0.6119516598724482, 0.5601725299554307, 0.4466553811706899, 0.6236746980812718, 0.22642402698689523, 0.6119638131792556, 0.16519969606941304, 0.1999665276218843, 0.13278903440018663, 0.31025857579071736], ""kernels.1.base_kernel.kernels.1"": [0.6931481805599428, 0.6931481805599428, 0.6931481805599428]}","{""kernels.0"": 4.967019931103906e-06, ""kernels.0.base_kernel.kernels.1"": 0.0013904418054131056, ""kernels.1"": 1.0471130630533703}",12,3,36,0,9,radius,0,334
434,125.00382460921202,84.49995109796598,0.4994,local,-2.409208922487018,-5.523310610535446,3.114101688048428,0.23239765544352667,0.968359511229139,radius,,,0.3249570144582382,0.005200458459391488,0.009018800974329978,9.999999747378752e-05,0.3427261302334197,0.05136894279315632,0.33333537182009365,0.7581447456526428,"{""kernels.0.base_kernel.kernels.0"": [0.33333694122021956, 0.33333141725007936, 0.33332742433082385, 0.33333540290149655, 0.33334682897679857, 0.3333359013728626, 0.3333323544199287, 0.3333325443760285, 0.3333322490038064, 0.333331593881051, 0.33333328189059913, 0.3333254612712718, 0.3333322867325399, 0.3333353407386908, 0.3333349607710324, 0.3333374377650467, 0.3333319805318095, 0.33332685789852395], ""kernels.0.base_kernel.kernels.1.base_kernel"": [0.6931481805599428, 0.6931481805599428, 0.6931481805599428], ""kernels.1.base_kernel.kernels.0"": [0.05136894279315632, 0.6225126779364275, 0.4876275978769087, 0.19395331442462446, 0.7581447456526428, 0.5385695565724884, 0.2694578516523476, 0.11936398641929641, 0.6082111678401559, 0.5745954356727708, 0.4092938767083094, 0.6128281614789276, 0.22997927217672612, 0.6073067677575672, 0.17005614966460253, 0.20038905393784304, 0.1294869560068379, 0.34842823554126096], ""kernels.1.base_kernel.kernels.1"": [0.6931481805599428, 0.6931481805599428, 0.6931481805599428]}","{""kernels.0"": 4.967055005972779e-06, ""kernels.0.base_kernel.kernels.1"": 0.0013904417283977582, ""kernels.1"": 1.0267829819168552}",12,3,36,2,9,radius,0,335
435,130.67258633521604,84.49995109796598,0.5,global,-2.8506490737439134,-4.215178817479603,1.3645297437356896,0.7173115960857103,1.3829300615774989,global,,,0.28804550144736285,0.005173168133633917,0.009013887361746813,9.999999747378752e-05,0.3505517239431246,0.05136529058204806,0.3333355379725228,0.7539058685926463,"{""kernels.0.base_kernel.kernels.0"": [0.33333696883636627, 0.33333056449588755, 0.3333272234410286, 0.3333356281490128, 0.3333469528295683, 0.33333568973735567, 0.33333220219782683, 0.3333327075411661, 0.33333227858413556, 0.3333315096826604, 0.3333332844891694, 0.33332494573282684, 0.33333221396817825, 0.33333544779603286, 0.33333495215810005, 0.3333374041991963, 0.33333205461759136, 0.3333266745319969], ""kernels.0.base_kernel.kernels.1.base_kernel"": [0.6931481805599428, 0.6931481805599428, 0.6931481805599428], ""kernels.1.base_kernel.kernels.0"": [0.05136529058204806, 0.6224817342001757, 0.48719281457454033, 0.2078513905034409, 0.7539058685926463, 0.5500570865714425, 0.2756434151110476, 0.12138835077446573, 0.6237715343019024, 0.5798810160212976, 0.4004587057214794, 0.6124771749241895, 0.22692911949054664, 0.6105562499068949, 0.17410895684255, 0.19855957166764393, 0.12789349219744234, 0.348493430579174], ""kernels.1.base_kernel.kernels.1"": [0.6931481805599428, 0.6931481805599428, 0.6931481805599428]}","{""kernels.0"": 4.967062933133411e-06, ""kernels.0.base_kernel.kernels.1"": 0.0013904416938186122, ""kernels.1"": 1.050259763072622}",12,3,36,1,9,radius,0,336
436,182.0874407267301,84.49995109796598,0.5008,global,-2.8397695228249633,-4.30970914010127,1.4699396172763066,0.851119914252113,1.357297252761944,global,,,0.5800264372381378,0.005161357010392391,0.009008461981782416,9.999999747378752e-05,0.34869571729875876,0.05136467039748838,0.3333355481533655,0.7520304764676641,"{""kernels.0.base_kernel.kernels.0"": [0.33333697856503375, 0.33333041776195704, 0.3333271526758746, 0.33333566440442747, 0.333346933678961, 0.3333356164481707, 0.3333321785550197, 0.33333273987497175, 0.3333322462227975, 0.333331490824516, 0.33333329472859374, 0.33332480067135334, 0.3333322062913468, 0.33333547985856027, 0.33333495800288104, 0.3333374106244453, 0.33333207379384927, 0.3333266641395976], ""kernels.0.base_kernel.kernels.1.base_kernel"": [0.6931481805599428, 0.6931481805599428, 0.6931481805599428], ""kernels.1.base_kernel.kernels.0"": [0.05136467039748838, 0.6216023129365331, 0.48603168134735036, 0.20925106274633945, 0.7520304764676641, 0.5483710976778378, 0.2762302194223346, 0.12156196076631408, 0.6224507961327709, 0.5804670014337144, 0.3990067996544963, 0.6097701287876007, 0.22586901305787305, 0.6117078807855787, 0.17460187680521572, 0.1991546759325973, 0.1276928945680738, 0.34975792161278746], ""kernels.1.base_kernel.kernels.1"": [0.6931481805599428, 0.6931481805599428, 0.6931481805599428]}","{""kernels.0"": 4.967065791103809e-06, ""kernels.0.base_kernel.kernels.1"": 0.0013904416872671317, ""kernels.1"": 1.0446917431432179}",12,3,36,0,9,radius,0,337
437,423.99638808149984,84.49995109796598,0.4972,global,-3.0005323168346933,-4.877400773336455,1.8768684565017617,0.6972809515268771,1.38302664060985,global,,,0.6276558438658262,0.005167996135740257,0.009000582175010005,9.999999747378752e-05,0.35079048809587454,0.05136416008237383,0.3333355319531568,0.7506337203028335,"{""kernels.0.base_kernel.kernels.0"": [0.33333698451261556, 0.33333032764365367, 0.33332710848591673, 0.3333356837109691, 0.33334692002442157, 0.3333355699437886, 0.3333321612289391, 0.33333275647000943, 0.3333322226813919, 0.33333147675437585, 0.33333329844077286, 0.33332470973810346, 0.33333219901284517, 0.33333549396252493, 0.33333496051484063, 0.33333741338681483, 0.3333320839210203, 0.33332665338292555], ""kernels.0.base_kernel.kernels.1.base_kernel"": [0.6931481805599428, 0.6931481805599428, 0.6931481805599428], ""kernels.1.base_kernel.kernels.0"": [0.05136416008237383, 0.620637377056906, 0.48519070732191094, 0.20934921605717835, 0.7506337203028335, 0.5469287608966865, 0.27589531657815325, 0.12141404190473554, 0.6212496868598001, 0.5804647197175914, 0.39790213451187617, 0.6077643045056246, 0.22489295630775202, 0.6118239255695438, 0.17470489500780317, 0.19919643389734704, 0.12742715948463124, 0.34988889591848876], ""kernels.1.base_kernel.kernels.1"": [0.6931481805599428, 0.6931481805599428, 0.6931481805599428]}","{""kernels.0"": 4.96706799447622e-06, ""kernels.0.base_kernel.kernels.1"": 0.001390441683258642, ""kernels.1"": 1.0509760555363705}",12,3,36,1,9,radius,0,338
438,113.42789705847123,84.49995109796598,0.4992,local,-3.0327827598196144,-6.541317256761887,3.5085344969422723,0.2303778412754718,0.9320545784749713,radius,,,0.41366208304730495,0.005332780706883947,0.008996662762898,9.999999747378752e-05,0.3352833797616889,0.05133540469853908,0.33333457349393847,0.7204449969449712,"{""kernels.0.base_kernel.kernels.0"": [0.33333723782366687, 0.3333260127115854, 0.33332468608864185, 0.3333363188843207, 0.3333460965960995, 0.3333331650774319, 0.3333317017953348, 0.33333401028973036, 0.33333138233155374, 0.33333055842003967, 0.33333205814093336, 0.33332064827600577, 0.3333320634801371, 0.3333364485161633, 0.3333351366981466, 0.3333376354225161, 0.3333329197017675, 0.33332623752071316], ""kernels.0.base_kernel.kernels.1.base_kernel"": [0.6931481805599428, 0.6931481805599428, 0.6931481805599428], ""kernels.1.base_kernel.kernels.0"": [0.05133540469853908, 0.6285675827540816, 0.44779721817541934, 0.2291804467441918, 0.7204449969449712, 0.48753469275745076, 0.2631335901195837, 0.11814280091308668, 0.5951168450974067, 0.5576449510989067, 0.25616299982920804, 0.5491297214048316, 0.2038545299686017, 0.6148887918940825, 0.20189297254541475, 0.20445776261418155, 0.11700706551454615, 0.368686236682244], ""kernels.1.base_kernel.kernels.1"": [0.6931481805599428, 0.6931481805599428, 0.6931481805599428]}","{""kernels.0"": 4.967176956626388e-06, ""kernels.0.base_kernel.kernels.1"": 0.0013904414280259084, ""kernels.1"": 1.0044547306800842}",12,3,36,1,9,radius,0,339
439,4918.289915396016,84.49995109796598,0.5042,global,-2.7005982225996976,-4.549070188039411,1.8484719654397135,0.9353265079925104,1.410791329535313,global,,,0.6811165515717201,0.005270582984790218,0.008992946767744345,9.999999747378752e-05,0.35777211955432603,0.05132951437226945,0.33333445445790344,0.7882285258397932,"{""kernels.0.base_kernel.kernels.0"": [0.33333698005945533, 0.33332737942536445, 0.3333256953206835, 0.3333357973585967, 0.3333461220338489, 0.3333334345238987, 0.3333317348769933, 0.3333339211485013, 0.33333205154255385, 0.33333120514575726, 0.33333313308426854, 0.33332238630154487, 0.33333217242330604, 0.3333363914418511, 0.33333498776730563, 0.33333754600837356, 0.3333329144874927, 0.3333258119212639], ""kernels.0.base_kernel.kernels.1.base_kernel"": [0.6931481805599428, 0.6931481805599428, 0.6931481805599428], ""kernels.1.base_kernel.kernels.0"": [0.05132951437226945, 0.6662961544177106, 0.4864200921104121, 0.24740668495033422, 0.7882285258397932, 0.5148021413646677, 0.27083087621964147, 0.12410658980308692, 0.6316013224863066, 0.5950898206188445, 0.23193365122593051, 0.5921635618166395, 0.22875950688557525, 0.6084835693561979, 0.2164418464359351, 0.24288727279894728, 0.11917027572536286, 0.40417849957251023], ""kernels.1.base_kernel.kernels.1"": [0.6931481805599428, 0.6931481805599428, 0.6931481805599428]}","{""kernels.0"": 4.9671650960591255e-06, ""kernels.0.base_kernel.kernels.1"": 0.0013904413438821951, ""kernels.1"": 1.071920950154}",12,3,36,1,9,radius,1,340
440,93.63280207552648,84.49995109796598,0.4986,global,-2.629987208408646,-5.0155170764439445,2.3855298680352983,0.49060245137893427,1.282654687825627,global,,,0.14965132567601686,0.0055555329382398645,0.009082011756795757,9.999999747378752e-05,0.34202323287210984,0.05133090262170064,0.33333376467447,0.8039476258071483,"{""kernels.0.base_kernel.kernels.0"": [0.3333368994653978, 0.33332826619192063, 0.33332561691718615, 0.33333577129185643, 0.3333463871368244, 0.33333376809702775, 0.3333316782006827, 0.3333337612519123, 0.3333320105059207, 0.3333315909090596, 0.3333336188321201, 0.3333229287704864, 0.33333224930902355, 0.333336355927083, 0.33333495803336405, 0.3333374748755221, 0.3333329171367022, 0.33332505311391586], ""kernels.0.base_kernel.kernels.1.base_kernel"": [0.6931481805599428, 0.6931481805599428, 0.6931481805599428], ""kernels.1.base_kernel.kernels.0"": [0.05133090262170064, 0.6952053534092356, 0.4404513450686427, 0.24289410646545873, 0.8039476258071483, 0.5288655651749247, 0.25803963623383425, 0.12555745512203537, 0.6101499009195948, 0.6085788859098223, 0.20367823225038942, 0.5978461320350186, 0.2144652141894816, 0.5915217615291041, 0.22362411723741582, 0.26063156166281076, 0.10655301164971653, 0.2738260712295538], ""kernels.1.base_kernel.kernels.1"": [0.6931481805599428, 0.6931481805599428, 0.6931481805599428]}","{""kernels.0"": 4.967150802017558e-06, ""kernels.0.base_kernel.kernels.1"": 0.0013904413040944676, ""kernels.1"": 1.0246742901614332}",12,3,36,2,9,radius,1,341
441,181.47009552417674,84.49995109796598,0.4672,global,-2.8667274111987386,-4.558024984613949,1.6912975734152105,1.0263091224846823,1.4052902762029376,global,,,0.38328693292699517,0.005457903484266287,0.009081334483990487,9.999999747378752e-05,0.348166481524456,0.05133229086957262,0.3333338579325551,0.8230260654040445,"{""kernels.0.base_kernel.kernels.0"": [0.3333368336451808, 0.3333287746048996, 0.33332564683396027, 0.33333569020202325, 0.3333467976818667, 0.3333335918953489, 0.3333315284940974, 0.3333336140467029, 0.3333319985292224, 0.33333193381670306, 0.33333410181840734, 0.33332310805649445, 0.3333322410000758, 0.33333640495335026, 0.3333348841500194, 0.3333373605840037, 0.3333329035444553, 0.3333255223604925], ""kernels.0.base_kernel.kernels.1.base_kernel"": [0.6931481805599428, 0.6931481805599428, 0.6931481805599428], ""kernels.1.base_kernel.kernels.0"": [0.05133229086957262, 0.7067361389517545, 0.43185694588758156, 0.26361306233093373, 0.8230260654040445, 0.5124349708932814, 0.2559833269480539, 0.12516131399180688, 0.5903194954059693, 0.6073160581770496, 0.22563610090824837, 0.6070787801837868, 0.21544655007482705, 0.5717728006266894, 0.22364545087518517, 0.2658868474195134, 0.10213090106000705, 0.2793440831745173], ""kernels.1.base_kernel.kernels.1"": [0.6931481805599428, 0.6931481805599428, 0.6931481805599428]}","{""kernels.0"": 4.967131289394849e-06, ""kernels.0.base_kernel.kernels.1"": 0.0013904412657261029, ""kernels.1"": 1.0431040361763524}",12,3,36,0,9,radius,0,342
442,137.9434739508722,84.49995109796598,0.4996,local,-2.8104214281978646,-3.261563712110763,0.45114228391289846,0.10863584115591467,0.3938420048256963,radius,,,0.2681558448081784,0.005466188461210015,0.009073499298346749,9.999999747378752e-05,0.3386494771839675,0.051341800502049624,0.33333415591710347,0.8468715418193177,"{""kernels.0.base_kernel.kernels.0"": [0.3333367449615304, 0.3333304945652058, 0.33332558466702705, 0.3333354685091927, 0.3333478300313223, 0.3333324729873536, 0.3333310715819007, 0.3333334523439537, 0.3333313492825114, 0.3333320367150737, 0.3333354726475892, 0.3333229365207059, 0.33333218658689895, 0.3333368265247342, 0.3333348594902532, 0.3333373063168427, 0.3333329986514589, 0.3333269287877388], ""kernels.0.base_kernel.kernels.1.base_kernel"": [0.6931481805599428, 0.6931481805599428, 0.6931481805599428], ""kernels.1.base_kernel.kernels.0"": [0.051341800502049624, 0.7063485046374466, 0.406210527761207, 0.26569346969374263, 0.8468715418193177, 0.5076890607460639, 0.23090008138001733, 0.12239996643327979, 0.5125471224396316, 0.5791542310010809, 0.2659068409639064, 0.5715926690872607, 0.21065764699659836, 0.5505469788487196, 0.2173295630254027, 0.2667059396686169, 0.09174103273644887, 0.24680301312283395], ""kernels.1.base_kernel.kernels.1"": [0.6931481805599428, 0.6931481805599428, 0.6931481805599428]}","{""kernels.0"": 4.9670898383405835e-06, ""kernels.0.base_kernel.kernels.1"": 0.001390441143137504, ""kernels.1"": 1.0145530233189266}",12,3,36,1,9,radius,0,343
443,173.51401339982078,84.49995109796598,0.5006,global,-3.088312751679273,-4.499110469599145,1.410797717919872,0.8548290115558498,1.4134555298740112,global,,,0.630624430861015,0.005398580717721935,0.00906757512683067,9.999999747378752e-05,0.3428595671856687,0.051349690068607096,0.33333408995251096,0.8466620539462516,"{""kernels.0.base_kernel.kernels.0"": [0.3333367016240271, 0.33333094321075313, 0.33332574259673575, 0.3333352824866346, 0.33334831654606006, 0.333332411006486, 0.33333099438442565, 0.3333334406983558, 0.333331502044816, 0.33333215162564483, 0.33333543827585244, 0.3333232913774962, 0.333331997774642, 0.3333368351719009, 0.3333347392066661, 0.3333372510442044, 0.3333330603333697, 0.33332734179182233], ""kernels.0.base_kernel.kernels.1.base_kernel"": [0.6931481805599428, 0.6931481805599428, 0.6931481805599428], ""kernels.1.base_kernel.kernels.0"": [0.051349690068607096, 0.7150203885917473, 0.4081516219085323, 0.27789865266748126, 0.8466620539462516, 0.527023941591438, 0.23138614888723186, 0.12377525970633464, 0.5119065787193904, 0.5770353114379954, 0.27520420056113604, 0.5838827579492262, 0.20025242966313775, 0.5524671274919523, 0.21122953163275085, 0.25544371645659125, 0.09356931459346055, 0.26214239333865436], ""kernels.1.base_kernel.kernels.1"": [0.6931481805599428, 0.6931481805599428, 0.6931481805599428]}","{""kernels.0"": 4.9670666575717344e-06, ""kernels.0.base_kernel.kernels.1"": 0.001390441092507573, ""kernels.1"": 1.0271832933978409}",12,3,36,1,9,radius,0,344
444,105.50733190707783,84.49995109796598,0.4964,local,-2.884483060775928,-4.709886062794438,1.82540300201851,0.2561829281182521,0.9273410041991983,radius,,,0.49399133128492395,0.005405684640336706,0.009059971562675082,9.999999747378752e-05,0.34494395187985627,0.05135034388936063,0.33333408845279483,0.8462542762973446,"{""kernels.0.base_kernel.kernels.0"": [0.33333670143638783, 0.3333309738621196, 0.3333257490498878, 0.3333352663496194, 0.3333483465417406, 0.3333324101596251, 0.33333099107636227, 0.33333344229304807, 0.3333315012454681, 0.3333321588853532, 0.3333354360925083, 0.3333232923693115, 0.33333198903689426, 0.33333683768799666, 0.3333347346125416, 0.3333372533289451, 0.33333306547316643, 0.33332735888548237], ""kernels.0.base_kernel.kernels.1.base_kernel"": [0.6931481805599428, 0.6931481805599428, 0.6931481805599428], ""kernels.1.base_kernel.kernels.0"": [0.05135034388936063, 0.7143330465893812, 0.4077778185766199, 0.2769494166529596, 0.8462542762973446, 0.5277931015754944, 0.2310029329000839, 0.12370307940910492, 0.5107269272733906, 0.5768877054067918, 0.275369078117248, 0.5831378047771427, 0.1996658905130808, 0.5526028257273259, 0.21091875702111657, 0.2550021578668523, 0.09363562333220864, 0.26164804300830746], ""kernels.1.base_kernel.kernels.1"": [0.6931481805599428, 0.6931481805599428, 0.6931481805599428]}","{""kernels.0"": 4.967065475787925e-06, ""kernels.0.base_kernel.kernels.1"": 0.0013904410884316945, ""kernels.1"": 1.0334364474856614}",12,3,36,2,9,radius,0,345
445,229.3493964028874,84.49995109796598,0.4982,global,-3.1656104879850036,-4.600444638095287,1.4348341501102837,0.8542218862328201,1.3895189378704038,global,,,0.6163126448750749,0.005396206363332793,0.009057370174101784,9.999999747378752e-05,0.34323110794497436,0.0513509481945001,0.333334086260243,0.8460939141102138,"{""kernels.0.base_kernel.kernels.0"": [0.3333367007135898, 0.3333310013275116, 0.33332575641498763, 0.33333526045074635, 0.3333483725633191, 0.3333324155469903, 0.3333309909444421, 0.3333334424427956, 0.33333150129090483, 0.3333321652803305, 0.33333543565363993, 0.33332329608161143, 0.3333319827890192, 0.33333683881685006, 0.33333473007769043, 0.33333725508569206, 0.33333307001628953, 0.33332737416151226], ""kernels.0.base_kernel.kernels.1.base_kernel"": [0.6931481805599428, 0.6931481805599428, 0.6931481805599428], ""kernels.1.base_kernel.kernels.0"": [0.0513509481945001, 0.7142012839083872, 0.40767209979046143, 0.2771839964855977, 0.8460939141102138, 0.5288937393895856, 0.2309521373242129, 0.12382958465325387, 0.5101225125143302, 0.5769685491624301, 0.27585240951600043, 0.5829311753421809, 0.19942950028906456, 0.5529276737777103, 0.21086472926684766, 0.2549861441889675, 0.09373908684836915, 0.2617086367808516], ""kernels.1.base_kernel.kernels.1"": [0.6931481805599428, 0.6931481805599428, 0.6931481805599428]}","{""kernels.0"": 4.96706387557965e-06, ""kernels.0.base_kernel.kernels.1"": 0.00139044108490985, ""kernels.1"": 1.0282979156861376}",12,3,36,0,9,radius,0,346
446,99.244553158588,84.49995109796598,0.4974,local,-2.942898248168051,-5.1398804220852075,2.1969821739171564,0.22399040344980709,0.9908573963785577,radius,,,0.4580616968269494,0.005399354170917836,0.009049146962522321,9.999999747378752e-05,0.34453120731896325,0.051351987996703145,0.3333340818090941,0.8454138918810401,"{""kernels.0.base_kernel.kernels.0"": [0.3333367003363708, 0.33333104622730353, 0.3333257648438279, 0.333335241447813, 0.33334842221229094, 0.33333241945143083, 0.33333098909627695, 0.33333344256544, 0.33333149558077685, 0.3333321749879241, 0.33333543369731, 0.33332329325020915, 0.3333319688330849, 0.33333683824616084, 0.3333347210527482, 0.33333725595962416, 0.3333330778007424, 0.33332740175668774], ""kernels.0.base_kernel.kernels.1.base_kernel"": [0.6931481805599428, 0.6931481805599428, 0.6931481805599428], ""kernels.1.base_kernel.kernels.0"": [0.051351987996703145, 0.7130925797188811, 0.40707949013831385, 0.27658868533654474, 0.8454138918810401, 0.5301838767638094, 0.23043508628484255, 0.1238790275257885, 0.5083393061633126, 0.5767890851093748, 0.27645694382787117, 0.5821611430622228, 0.19861016474718282, 0.5531449721886186, 0.21047950495514292, 0.2541573155273201, 0.0938165558214737, 0.26102315151003563], ""kernels.1.base_kernel.kernels.1"": [0.6931481805599428, 0.6931481805599428, 0.6931481805599428]}","{""kernels.0"": 4.967061630969283e-06, ""kernels.0.base_kernel.kernels.1"": 0.0013904410781322935, ""kernels.1"": 1.0321982138171264}",12,3,36,1,9,radius,0,347
447,224.7782809175045,84.49995109796598,0.4992,global,-3.170301389173025,-6.29883609247287,3.1285347032998447,0.7489939937310335,1.3463192336317102,global,,,0.5820492823011191,0.005389954210015065,0.009047508211219454,9.999999747378752e-05,0.34279571659305513,0.05135263617505199,0.3333340799140767,0.845184260638891,"{""kernels.0.base_kernel.kernels.0"": [0.3333366999386147, 0.33333106703155807, 0.3333257712565195, 0.33333523307933893, 0.3333484459693837, 0.3333324243181529, 0.33333098929636434, 0.333333443267157, 0.33333149562900005, 0.3333321784881018, 0.33333543467663235, 0.33332329460739885, 0.3333319641777373, 0.33333683919728097, 0.3333347165609964, 0.33333725620662585, 0.33333308164713654, 0.3333274183416814], ""kernels.0.base_kernel.kernels.1.base_kernel"": [0.6931481805599428, 0.6931481805599428, 0.6931481805599428], ""kernels.1.base_kernel.kernels.0"": [0.05135263617505199, 0.7128360792124139, 0.40699527279800735, 0.27684617931636213, 0.845184260638891, 0.5310739822195776, 0.23057983215218322, 0.1240418241308704, 0.5078679918254163, 0.5768164494722775, 0.2770526704068409, 0.5820374203183603, 0.19852851183637737, 0.5534236409830401, 0.2104555773753936, 0.25397792421268983, 0.09387988352837566, 0.2610136583843393], ""kernels.1.base_kernel.kernels.1"": [0.6931481805599428, 0.6931481805599428, 0.6931481805599428]}","{""kernels.0"": 4.967060234851494e-06, ""kernels.0.base_kernel.kernels.1"": 0.001390441074866456, ""kernels.1"": 1.0269917416440641}",12,3,36,0,9,radius,0,348
448,89.20602226832129,84.49995109796598,0.5002,local,-2.8408757193271725,-5.738463755548025,2.897588036220853,0.2031227788759353,0.9007557482992247,radius,,,0.2964461294291812,0.005392995758811674,0.009039315957661906,9.999999747378752e-05,0.3440149409674713,0.051353801950592526,0.3333340762735097,0.8449134374452626,"{""kernels.0.base_kernel.kernels.0"": [0.3333367008398604, 0.3333310886078133, 0.3333257799946944, 0.33333521261501337, 0.3333485039251891, 0.33333241553521314, 0.33333098235596215, 0.333333445209681, 0.33333148541603697, 0.33333218781640495, 0.33333543438223145, 0.33332328622222224, 0.33333195575294877, 0.3333368295941561, 0.3333347073373384, 0.33333725457272734, 0.33333309098051656, 0.3333274517494488], ""kernels.0.base_kernel.kernels.1.base_kernel"": [0.6931481805599428, 0.6931481805599428, 0.6931481805599428], ""kernels.1.base_kernel.kernels.0"": [0.051353801950592526, 0.7115232700106494, 0.4064328064519992, 0.2761262564684296, 0.8449134374452626, 0.5318454963369037, 0.23013027147105156, 0.12415337698183708, 0.5060284830755997, 0.5765244524304791, 0.27759685078601026, 0.581341347552162, 0.1980769033984224, 0.5529461737985095, 0.21019223592421815, 0.2531203356442724, 0.09392906118581688, 0.26019804983349154], ""kernels.1.base_kernel.kernels.1"": [0.6931481805599428, 0.6931481805599428, 0.6931481805599428]}","{""kernels.0"": 4.967058654490119e-06, ""kernels.0.base_kernel.kernels.1"": 0.0013904410684752464, ""kernels.1"": 1.0306494147752843}",12,3,36,3,9,radius,0,349
449,90.33110680592878,84.49995109796598,0.4998,local,-2.8156341618298124,-5.179996690438284,2.364362528608472,0.1755065817926747,0.8070192385663904,radius,,,0.2807945424769605,0.005384287698303298,0.0090395166990193,9.999999747378752e-05,0.34224764364433113,0.051354414771473955,0.3333340750808086,0.8449939832572124,"{""kernels.0.base_kernel.kernels.0"": [0.33333670082452826, 0.3333310993062598, 0.3333257854355434, 0.33333520521381566, 0.3333485369938347, 0.3333324150096111, 0.3333309801414857, 0.333333446122971, 0.3333314830894326, 0.33333219644399736, 0.333335434503957, 0.3333232855601786, 0.33333195346293, 0.33333682569323886, 0.3333347040386462, 0.33333725461781977, 0.33333309554734025, 0.333327470118088], ""kernels.0.base_kernel.kernels.1.base_kernel"": [0.6931481805599428, 0.6931481805599428, 0.6931481805599428], ""kernels.1.base_kernel.kernels.0"": [0.051354414771473955, 0.7112303206028515, 0.4063044640758824, 0.276340515168987, 0.8449939832572124, 0.532645841763858, 0.23014455287656416, 0.12430653113593988, 0.5055003874957291, 0.5766433460659813, 0.27807722974458715, 0.5812842602187944, 0.19819575175305001, 0.5529936538073136, 0.21028458435062233, 0.25298201302318185, 0.0940113590767653, 0.2603256925264271], ""kernels.1.base_kernel.kernels.1"": [0.6931481805599428, 0.6931481805599428, 0.6931481805599428]}","{""kernels.0"": 4.967057475611309e-06, ""kernels.0.base_kernel.kernels.1"": 0.001390441065406622, ""kernels.1"": 1.0253475228101112}",12,3,36,1,9,radius,0,350
450,102.61646199682446,84.49995109796598,0.4978,global,-2.8019589419719995,-4.444626567220763,1.6426676252487638,0.6519239347012254,1.3990776161167768,global,,,0.37414478767699405,0.005378068286920201,0.009039463858869567,9.999999747378752e-05,0.34089936761629663,0.051356935783078185,0.3333340681738939,0.8449508046390615,"{""kernels.0.base_kernel.kernels.0"": [0.3333367028980171, 0.3333311302828621, 0.33332580219866564, 0.33333517053961237, 0.3333486752906466, 0.3333324018677236, 0.3333309679023369, 0.333333448262073, 0.3333314631005652, 0.3333322276859328, 0.3333354315614151, 0.3333232696291743, 0.33333194773871605, 0.33333681035783974, 0.3333346880857147, 0.33333725449997426, 0.3333331146820875, 0.3333275364113858], ""kernels.0.base_kernel.kernels.1.base_kernel"": [0.6931481805599428, 0.6931481805599428, 0.6931481805599428], ""kernels.1.base_kernel.kernels.0"": [0.051356935783078185, 0.7094776619891311, 0.4053781864395111, 0.27593807876008286, 0.8449508046390615, 0.5352244534400955, 0.2298602772357989, 0.12452184946667479, 0.5026272590058807, 0.5773801102493217, 0.2790249617259485, 0.5805937876165952, 0.19853440991736754, 0.5528823040395608, 0.21062390049310892, 0.25185541089785224, 0.09431512872253342, 0.2604204779964704], ""kernels.1.base_kernel.kernels.1"": [0.6931481805599428, 0.6931481805599428, 0.6931481805599428]}","{""kernels.0"": 4.9670538754801575e-06, ""kernels.0.base_kernel.kernels.1"": 0.0013904410530238972, ""kernels.1"": 1.0213026947419905}",12,3,36,0,9,radius,0,351
451,150.79724717583082,84.49995109796598,0.4986,global,-2.812729527438782,-4.454082585149291,1.6413530577105093,0.9276429531427743,1.4138824232982259,global,,,0.32647953667039564,0.005382243306411876,0.009037287499633692,9.999999747378752e-05,0.3421608759245897,0.05135805740704341,0.33333406598893267,0.8447996721761333,"{""kernels.0.base_kernel.kernels.0"": [0.3333367040808704, 0.33333114822549575, 0.33332580723318483, 0.33333515482017223, 0.33334873350633343, 0.33333239670442, 0.33333096137447654, 0.3333334492632422, 0.3333314606059022, 0.33333224115585025, 0.33333542954737827, 0.33332325966080023, 0.3333319442882522, 0.3333368023486084, 0.33333468271462313, 0.3333372545127787, 0.33333312287389527, 0.3333275631675318], ""kernels.0.base_kernel.kernels.1.base_kernel"": [0.6931481805599428, 0.6931481805599428, 0.6931481805599428], ""kernels.1.base_kernel.kernels.0"": [0.05135805740704341, 0.7092231764134131, 0.4047552300648907, 0.27562421186102787, 0.8447996721761333, 0.5362357408592799, 0.22960633643873676, 0.12451327953352159, 0.5020996087790035, 0.5775957151397739, 0.27921198510258294, 0.5800811789349352, 0.19856195007304667, 0.5525991870650937, 0.21103571155582113, 0.25116182020182226, 0.09443167231556444, 0.2602530194264536], ""kernels.1.base_kernel.kernels.1"": [0.6931481805599428, 0.6931481805599428, 0.6931481805599428]}","{""kernels.0"": 4.967052518185179e-06, ""kernels.0.base_kernel.kernels.1"": 0.0013904410474373477, ""kernels.1"": 1.0250872196738134}",12,3,36,0,9,radius,1,352
452,145.85353086574156,84.49995109796598,0.5012,global,-2.2341916581752463,-4.547920005987004,2.313728347811758,0.5929179016718005,1.3909245371506855,global,,,0.2893517343288162,0.0053939699441137206,0.00903064466198979,9.999999747378752e-05,0.3438013920950658,0.05136824305059301,0.3333340545370038,0.8460448696039985,"{""kernels.0.base_kernel.kernels.0"": [0.333336740370834, 0.3333302245934671, 0.3333257573408144, 0.3333351047537252, 0.33334922668705813, 0.33333246774771524, 0.33333086578633137, 0.3333334388092425, 0.3333314846793689, 0.333332320998484, 0.33333543536870514, 0.33332313697589516, 0.33333203613359297, 0.33333675927095435, 0.3333346702647652, 0.33333727598999735, 0.3333331987001083, 0.33332782296199215], ""kernels.0.base_kernel.kernels.1.base_kernel"": [0.6931481805599428, 0.6931481805599428, 0.6931481805599428], ""kernels.1.base_kernel.kernels.0"": [0.05136824305059301, 0.6793005042355755, 0.395852922044064, 0.2688628540167227, 0.8460448696039985, 0.5480805863745152, 0.22818704868442471, 0.12473127598076239, 0.5027057491412671, 0.5767218572654554, 0.2812841996707524, 0.5740120650463876, 0.19886668615282888, 0.5517911552105095, 0.21468776677683785, 0.24832255297364883, 0.09579688789997143, 0.26427903078084136], ""kernels.1.base_kernel.kernels.1"": [0.6931481805599428, 0.6931481805599428, 0.6931481805599428]}","{""kernels.0"": 4.967048946176116e-06, ""kernels.0.base_kernel.kernels.1"": 0.0013904410027785069, ""kernels.1"": 1.0300087682334729}",12,3,36,1,9,radius,0,353
453,93.15509556703032,84.49995109796598,0.497,global,-2.7364118869189857,-4.6861842785609635,1.9497723916419778,0.7231228470094266,1.3913037754257727,global,,,0.1757722834101416,0.00542157183361179,0.009024204545892717,9.999999747378752e-05,0.3421752102137434,0.05139120100497909,0.3333340161070157,0.8524281639462128,"{""kernels.0.base_kernel.kernels.0"": [0.3333367030571741, 0.3333270266004843, 0.3333259116765702, 0.33333468625179874, 0.3333502295916993, 0.3333326122438527, 0.33333074213386044, 0.33333334596223263, 0.3333318062141752, 0.3333326434083953, 0.33333538775631827, 0.33332313432516447, 0.3333323939295845, 0.3333367764786308, 0.3333347061170956, 0.33333727911378513, 0.3333333284014919, 0.3333283810335324], ""kernels.0.base_kernel.kernels.1.base_kernel"": [0.6931481805599428, 0.6931481805599428, 0.6931481805599428], ""kernels.1.base_kernel.kernels.0"": [0.05139120100497909, 0.57312581309817, 0.3907658462114041, 0.2647412907616355, 0.8524281639462128, 0.5758145009150551, 0.2299625864557311, 0.12644268757530672, 0.516251243012094, 0.5709955378211518, 0.26935005753543434, 0.552343931856595, 0.20219984454124582, 0.5459408910266255, 0.2241016157422275, 0.24816015989141757, 0.09931404017403264, 0.2702671159114246], ""kernels.1.base_kernel.kernels.1"": [0.6931481805599428, 0.6931481805599428, 0.6931481805599428]}","{""kernels.0"": 4.967048374365959e-06, ""kernels.0.base_kernel.kernels.1"": 0.0013904409150028772, ""kernels.1"": 1.025130222677853}",12,3,36,1,9,radius,0,354
454,105.92059086074144,84.49995109796598,0.4982,global,-2.970956476042934,-3.9422500152463726,0.9712935392034385,0.354339279763783,1.0997247670827783,global,,,0.2973147669349136,0.005418497156625757,0.009023567739042428,9.999999747378752e-05,0.3419279134998066,0.0513933235601249,0.33333399422792154,0.8525715687622809,"{""kernels.0.base_kernel.kernels.0"": [0.33333669459595794, 0.33332696099110304, 0.3333259343714312, 0.33333464902535065, 0.3333502572764051, 0.3333326250300361, 0.3333307291036785, 0.33333333943049237, 0.3333318251286004, 0.3333326781560712, 0.3333353939677929, 0.33332317313617504, 0.3333324146752434, 0.33333677407754814, 0.3333347027170166, 0.33333727699639926, 0.3333333349970853, 0.3333284161806954], ""kernels.0.base_kernel.kernels.1.base_kernel"": [0.6931481805599428, 0.6931481805599428, 0.6931481805599428], ""kernels.1.base_kernel.kernels.0"": [0.0513933235601249, 0.5714610417999239, 0.3913260546361981, 0.26463662890469214, 0.8525715687622809, 0.5771274386936337, 0.23068767054937972, 0.12655128624779066, 0.5174972039321681, 0.5709685974686676, 0.26875517155921447, 0.5516121108710058, 0.20238753372034435, 0.5454912654721844, 0.22460737590881052, 0.24823837474376365, 0.0995592402888826, 0.2710549808255982], ""kernels.1.base_kernel.kernels.1"": [0.6931481805599428, 0.6931481805599428, 0.6931481805599428]}","{""kernels.0"": 4.967046912804286e-06, ""kernels.0.base_kernel.kernels.1"": 0.001390440907782257, ""kernels.1"": 1.0243883325447247}",12,3,36,0,9,radius,0,355
455,151.0552239800024,84.49995109796598,0.4956,local,-2.943896628287418,-5.603108401534622,2.659211773247204,0.28074553727242413,1.1040521665655048,radius,,,0.45542192205771104,0.005421247221640629,0.00902080646734733,9.999999747378752e-05,0.34507990532376964,0.05143309617353152,0.33333373935022786,0.8563721934514675,"{""kernels.0.base_kernel.kernels.0"": [0.33333655010745883, 0.33332597294817057, 0.33332630588292267, 0.3333340454218227, 0.3333506804719623, 0.33333283366677285, 0.33333049812874865, 0.33333319265876743, 0.3333321678811279, 0.3333332625909217, 0.3333355172286337, 0.3333237660496769, 0.33333272433337335, 0.33333675174165467, 0.33333462961215565, 0.3333372458199316, 0.333333433278633, 0.3333289836917617], ""kernels.0.base_kernel.kernels.1.base_kernel"": [0.6931481805599428, 0.6931481805599428, 0.6931481805599428], ""kernels.1.base_kernel.kernels.0"": [0.05143309617353152, 0.5496003253437316, 0.4014767582350189, 0.2610074919243222, 0.8563721934514675, 0.595366974296902, 0.24260380494783232, 0.12456197921401897, 0.5406804631378482, 0.5737973820915474, 0.2564844168879904, 0.5406479072000225, 0.20439413141371504, 0.5388730863045721, 0.2331441562065978, 0.24896376867782224, 0.10338359404064207, 0.28392055791886717], ""kernels.1.base_kernel.kernels.1"": [0.6931481805599428, 0.6931481805599428, 0.6931481805599428]}","{""kernels.0"": 4.96701975407197e-06, ""kernels.0.base_kernel.kernels.1"": 0.001390440780689304, ""kernels.1"": 1.0338443081708655}",12,3,36,1,9,radius,0,356
456,114.19872104572424,84.49995109796598,0.4988,local,-3.022614754143778,-5.206890866025321,2.1842761118815432,0.26286739157301486,1.0606760261855253,radius,,,0.3433406275461482,0.0054149154006829904,0.009014153301754384,9.999999747378752e-05,0.3426284106773157,0.05144027134065946,0.3333337152659554,0.8559928723682783,"{""kernels.0.base_kernel.kernels.0"": [0.3333365262645159, 0.33332605348207756, 0.333326329638504, 0.33333398916914275, 0.3333506887938509, 0.33333283761273, 0.33333043971218373, 0.33333318284997765, 0.33333225488544616, 0.3333333105608734, 0.33333554764414675, 0.33332390837079423, 0.3333327455503573, 0.3333367591430018, 0.3333346186342841, 0.33333723459815384, 0.33333344136276805, 0.33332901391616393], ""kernels.0.base_kernel.kernels.1.base_kernel"": [0.6931481805599428, 0.6931481805599428, 0.6931481805599428], ""kernels.1.base_kernel.kernels.0"": [0.05144027134065946, 0.5535015233129326, 0.40282694563560184, 0.2581009728096755, 0.8559928723682783, 0.5917278963534137, 0.24296955841374773, 0.12594622124584637, 0.5447279646910679, 0.5746368293181798, 0.2538827126657034, 0.5410286726548486, 0.2029454912488343, 0.5391546590253846, 0.23389759570310678, 0.25038197974921256, 0.10348848779456946, 0.28323739762939293], ""kernels.1.base_kernel.kernels.1"": [0.6931481805599428, 0.6931481805599428, 0.6931481805599428]}","{""kernels.0"": 4.9670119847027175e-06, ""kernels.0.base_kernel.kernels.1"": 0.0013904407563115847, ""kernels.1"": 1.0264898242636509}",12,3,36,1,9,radius,0,357
457,100.57272637179574,84.49995109796598,0.4996,global,-3.0927819362685502,-4.858686365061273,1.765904428792723,0.5247801155507925,1.3820215068091128,global,,,0.28493062676482994,0.00542109991367345,0.009010442488142797,9.999999747378752e-05,0.34431533934547615,0.05144109423042683,0.33333371290005354,0.8558304115449027,"{""kernels.0.base_kernel.kernels.0"": [0.33333652434826866, 0.33332605593165265, 0.33332632985466537, 0.33333398354487104, 0.333350689763294, 0.33333283848407214, 0.33333043258657985, 0.3333331806632137, 0.33333226180182324, 0.3333333145852936, 0.333335550856958, 0.33332391823289104, 0.3333327476065495, 0.3333367587088441, 0.3333346176287895, 0.3333372330129995, 0.3333334422552361, 0.3333290149085781], ""kernels.0.base_kernel.kernels.1.base_kernel"": [0.6931481805599428, 0.6931481805599428, 0.6931481805599428], ""kernels.1.base_kernel.kernels.0"": [0.05144109423042683, 0.5534771592988343, 0.4031097674926216, 0.2575223322963727, 0.8558304115449027, 0.5912624597519222, 0.2429121296401937, 0.12599359903122226, 0.5450374188405132, 0.5745558842458608, 0.2534172537869904, 0.5408037042140126, 0.20273326715344134, 0.5389979659519284, 0.23390942183677493, 0.25032713038534804, 0.10347053316472427, 0.2832005185947649], ""kernels.1.base_kernel.kernels.1"": [0.6931481805599428, 0.6931481805599428, 0.6931481805599428]}","{""kernels.0"": 4.9670114367425595e-06, ""kernels.0.base_kernel.kernels.1"": 0.0013904407534028056, ""kernels.1"": 1.031550610271589}",12,3,36,0,9,radius,0,358
458,111.16139675782526,84.49995109796598,0.5012,global,-3.170421680660551,-4.237345594438777,1.0669239137782256,0.3744440758699676,1.2824965317906842,global,,,0.32423527887939046,0.005413314915163952,0.009008499478300134,9.999999747378752e-05,0.3431598006951235,0.05144249384080513,0.3333337111800121,0.855878612347321,"{""kernels.0.base_kernel.kernels.0"": [0.33333652092304433, 0.3333260663079731, 0.3333263328470683, 0.33333397850085283, 0.333350692242698, 0.33333284688431664, 0.3333304235638275, 0.3333331778351417, 0.33333227526498943, 0.3333333244644109, 0.33333555676339316, 0.3333239468553756, 0.3333327519130974, 0.33333675965803866, 0.33333461627890326, 0.33333723103055507, 0.3333334438591713, 0.3333290201802078], ""kernels.0.base_kernel.kernels.1.base_kernel"": [0.6931481805599428, 0.6931481805599428, 0.6931481805599428], ""kernels.1.base_kernel.kernels.0"": [0.05144249384080513, 0.5541398570062049, 0.403821370997127, 0.2574609698505567, 0.855878612347321, 0.5912624005116588, 0.2431771112150136, 0.1262470962051862, 0.5459241735577012, 0.5750540207867246, 0.2530921277656528, 0.5420725583963508, 0.20275725557038257, 0.5390525560269124, 0.23412798003952862, 0.2505108977517969, 0.10353256287515003, 0.2837275632036249], ""kernels.1.base_kernel.kernels.1"": [0.6931481805599428, 0.6931481805599428, 0.6931481805599428]}","{""kernels.0"": 4.967009842266349e-06, ""kernels.0.base_kernel.kernels.1"": 0.0013904407489420895, ""kernels.1"": 1.028083994326586}",12,3,36,0,9,radius,1,359
459,246.5449572177768,84.49995109796598,0.4996,global,-3.272313688994637,-4.38426266604827,1.1119489770536335,0.8841296964410071,1.3602374523487233,global,,,0.6725175118671225,0.005416679034350207,0.009005128986251904,9.999999747378752e-05,0.34510403873132134,0.05144710698720969,0.3333337045652749,0.8555924123725093,"{""kernels.0.base_kernel.kernels.0"": [0.3333365117285773, 0.33332608557464644, 0.3333263344495498, 0.3333339599149623, 0.3333507014147638, 0.3333328692218835, 0.33333038890726635, 0.3333331674812303, 0.33333231562561594, 0.3333333619019163, 0.3333355778605662, 0.3333240297015054, 0.33333276451905164, 0.3333367616968763, 0.3333346129955967, 0.3333372244108279, 0.33333344921558755, 0.3333290302435113], ""kernels.0.base_kernel.kernels.1.base_kernel"": [0.6931481805599428, 0.6931481805599428, 0.6931481805599428], ""kernels.1.base_kernel.kernels.0"": [0.05144710698720969, 0.5548579022745858, 0.4057676774253476, 0.25642107980996065, 0.8555924123725093, 0.5915045942649739, 0.24352866785743776, 0.1267053739785649, 0.5485417136197828, 0.578227401454323, 0.2517104817443283, 0.5459223989370128, 0.20253165560112915, 0.5388451048824048, 0.23478617248198885, 0.250567734513069, 0.10365043759766457, 0.2845805536804443], ""kernels.1.base_kernel.kernels.1"": [0.6931481805599428, 0.6931481805599428, 0.6931481805599428]}","{""kernels.0"": 4.967005468344078e-06, ""kernels.0.base_kernel.kernels.1"": 0.0013904407338024348, ""kernels.1"": 1.0339167084546932}",12,3,36,1,9,radius,1,360
460,178.43192984725067,84.49995109796598,0.4994,global,-3.157455420686146,-4.710140102541564,1.5526846818554176,0.700533464027688,1.3967161953433043,global,,,0.4826359554184,0.005404455786109367,0.00899723138732023,9.999999747378752e-05,0.34371665161072645,0.05144814064847364,0.3333337045915389,0.8556045174493195,"{""kernels.0.base_kernel.kernels.0"": [0.3333365100117863, 0.33332609141643726, 0.3333263352933611, 0.3333339582772822, 0.3333507023907708, 0.3333328740002176, 0.333330383305051, 0.3333331666044112, 0.3333323240092764, 0.333333370010506, 0.3333355827971418, 0.3333240455157073, 0.3333327686563344, 0.33333676402562984, 0.3333346128994591, 0.33333722356152773, 0.3333334509057956, 0.3333290344289105], ""kernels.0.base_kernel.kernels.1.base_kernel"": [0.6931481805599428, 0.6931481805599428, 0.6931481805599428], ""kernels.1.base_kernel.kernels.0"": [0.05144814064847364, 0.5551780331926804, 0.40626912886948585, 0.2564273105238868, 0.8556045174493195, 0.5916115876394379, 0.24378402096934101, 0.12692867869102542, 0.5492301644373314, 0.5788644840504318, 0.25159680983727, 0.5468077061302125, 0.20266963718635433, 0.5389757491981566, 0.234981980833736, 0.25072034856698033, 0.10372654748567028, 0.2850021822303287], ""kernels.1.base_kernel.kernels.1"": [0.6931481805599428, 0.6931481805599428, 0.6931481805599428]}","{""kernels.0"": 4.967004340566374e-06, ""kernels.0.base_kernel.kernels.1"": 0.001390440730600748, ""kernels.1"": 1.029754547097238}",12,3,36,0,9,radius,0,361
461,214.73688427315926,84.49995109796598,0.4974,global,-3.2190127929718244,-5.100071928166024,1.8810591351941994,0.7030155250766791,1.3636917420028591,global,,,0.6423291482179323,0.005407276177611234,0.008989709323883587,9.999999747378752e-05,0.34507325019251267,0.051450032282901965,0.3333337048206019,0.8554051827950321,"{""kernels.0.base_kernel.kernels.0"": [0.3333365083480488, 0.3333260999374347, 0.33332631851352945, 0.3333339536977425, 0.33335070973434583, 0.3333328809234015, 0.33333036878775607, 0.33333316264210344, 0.33333232458696765, 0.33333336302085076, 0.3333355896284143, 0.3333240684605589, 0.33333277376402976, 0.33333676575293036, 0.3333346138437019, 0.33333722116573977, 0.3333334559434612, 0.333329041614497], ""kernels.0.base_kernel.kernels.1.base_kernel"": [0.6931481805599428, 0.6931481805599428, 0.6931481805599428], ""kernels.1.base_kernel.kernels.0"": [0.051450032282901965, 0.5546509708338402, 0.4065464982608383, 0.2553252329688198, 0.8554051827950321, 0.5910609026703851, 0.2437914663677239, 0.12710611456729315, 0.5501248899131732, 0.5794298578123961, 0.2507534457322057, 0.5477717306208751, 0.20261005469274754, 0.5390055319457331, 0.23527396952134821, 0.25061130673326176, 0.10376378777475403, 0.28537948626308673], ""kernels.1.base_kernel.kernels.1"": [0.6931481805599428, 0.6931481805599428, 0.6931481805599428]}","{""kernels.0"": 4.967003144079445e-06, ""kernels.0.base_kernel.kernels.1"": 0.0013904407244779383, ""kernels.1"": 1.033824342849916}",12,3,36,0,9,radius,0,362
462,104.74181499823703,84.49995109796598,0.5006,global,-3.1403373694854615,-4.292088006519031,1.1517506370335697,0.7754166523322515,1.4087966230591833,global,,,0.22886552159703263,0.005396821151707185,0.008981738702214066,9.999999747378752e-05,0.3438238288014584,0.0514513152022518,0.33333370661839123,0.8553349566131591,"{""kernels.0.base_kernel.kernels.0"": [0.33333650693550804, 0.33332610884685027, 0.33332630987522294, 0.3333339539453049, 0.333350713224339, 0.3333328869697521, 0.33333036043983744, 0.3333331604691342, 0.33333232685093517, 0.33333335991065544, 0.3333355948989648, 0.3333240855850057, 0.33333277781912646, 0.33333676721787725, 0.3333346145033588, 0.33333721959125623, 0.33333345929147756, 0.33332904717938067], ""kernels.0.base_kernel.kernels.1.base_kernel"": [0.6931481805599428, 0.6931481805599428, 0.6931481805599428], ""kernels.1.base_kernel.kernels.0"": [0.0514513152022518, 0.5547429094839884, 0.40693291207986954, 0.25504942739938163, 0.8553349566131591, 0.5909177151841524, 0.2439919381272232, 0.1273078796640894, 0.5508953272677145, 0.5800055376114185, 0.2504878886368197, 0.5486192135383856, 0.20279047505855755, 0.5391298199081191, 0.23553914418396246, 0.25069952156392356, 0.10384199367115052, 0.2857378314374142], ""kernels.1.base_kernel.kernels.1"": [0.6931481805599428, 0.6931481805599428, 0.6931481805599428]}","{""kernels.0"": 4.967001997675488e-06, ""kernels.0.base_kernel.kernels.1"": 0.0013904407205119873, ""kernels.1"": 1.0300760786818657}",12,3,36,1,9,radius,0,363
463,127.56841384717761,84.49995109796598,0.5006,global,-3.153633748065851,-4.507657945112918,1.3540241970470666,0.7358253846733402,1.3983411937596961,global,,,0.22017269818063293,0.005402099228118404,0.008979238507780245,9.999999747378752e-05,0.3453286273223097,0.051456941199314266,0.33333372345918133,0.8545357596213251,"{""kernels.0.base_kernel.kernels.0"": [0.3333365058062248, 0.3333260821846504, 0.33332624107590314, 0.3333339717698125, 0.333350727087842, 0.3333329208338742, 0.3333303182209284, 0.3333331574520318, 0.33333231008537695, 0.3333333170296074, 0.3333356175196865, 0.33332414331234744, 0.3333327982299238, 0.3333367757825931, 0.3333346236803896, 0.3333372129107224, 0.33333347514855016, 0.33332907252416777], ""kernels.0.base_kernel.kernels.1.base_kernel"": [0.6931481805599428, 0.6931481805599428, 0.6931481805599428], ""kernels.1.base_kernel.kernels.0"": [0.051456941199314266, 0.5548423917032171, 0.4086933463010261, 0.2536943576829055, 0.8545357596213251, 0.5893804972830196, 0.24415744386370863, 0.12778335611071429, 0.5524909387258211, 0.5825743556871504, 0.24853864280912347, 0.5514876711638728, 0.2032871667007851, 0.5394151836821551, 0.23698042836208974, 0.2503260734304403, 0.10408341272403068, 0.28656496446629], ""kernels.1.base_kernel.kernels.1"": [0.6931481805599428, 0.6931481805599428, 0.6931481805599428]}","{""kernels.0"": 4.96699878854036e-06, ""kernels.0.base_kernel.kernels.1"": 0.0013904407025011544, ""kernels.1"": 1.0345904742656393}",12,3,36,0,9,radius,1,364
464,209.1628238168148,84.49995109796598,0.4976,global,-3.310370580029372,-4.356446052109902,1.0460754720805303,0.9016514770709242,1.3898120169174115,global,,,0.7158774769917465,0.005392402102676166,0.008974197133274407,9.999999747378752e-05,0.3439961364705674,0.05146267245846312,0.3333337515601012,0.8463848192428102,"{""kernels.0.base_kernel.kernels.0"": [0.3333365082641794, 0.3333261438638765, 0.333326178717192, 0.33333400665463103, 0.3333507973222809, 0.33333255449912325, 0.33333027872033844, 0.3333331512757151, 0.33333231270761493, 0.3333333119838165, 0.3333356415592687, 0.3333242561712622, 0.3333328359860892, 0.3333367703828236, 0.3333346487180895, 0.33333721105399444, 0.33333349646557137, 0.3333290399662689], ""kernels.0.base_kernel.kernels.1.base_kernel"": [0.6931481805599428, 0.6931481805599428, 0.6931481805599428], ""kernels.1.base_kernel.kernels.0"": [0.05146267245846312, 0.562179000475921, 0.4108149753385202, 0.25487612360224376, 0.8463848192428102, 0.5780869826156914, 0.24505866209699362, 0.12778385467368913, 0.553399098860943, 0.585342461115588, 0.24662616526475106, 0.5581213424236705, 0.20400438705022667, 0.5385671234099829, 0.23889578754559382, 0.250944597285113, 0.10445990670608542, 0.2858207802401449], ""kernels.1.base_kernel.kernels.1"": [0.6931481805599428, 0.6931481805599428, 0.6931481805599428]}","{""kernels.0"": 4.966997335101432e-06, ""kernels.0.base_kernel.kernels.1"": 0.0013904406855632283, ""kernels.1"": 1.0305930017288039}",12,3,36,0,9,radius,0,365
465,120.38574857955261,84.49995109796598,0.4974,local,-2.8906986904357996,-7.693625016384825,4.802926325949025,0.24700912308019593,1.1807827084615863,radius,,,0.243042055771501,0.005400837609068596,0.0089663526376909,9.999999747378752e-05,0.34619394506485013,0.05146377185476481,0.3333337551061891,0.8450286622800596,"{""kernels.0.base_kernel.kernels.0"": [0.3333365097223759, 0.3333261438191721, 0.33332616304796714, 0.3333340101287336, 0.3333508095522356, 0.33333248060505527, 0.3333302678869952, 0.33333314755761057, 0.33333230882643866, 0.3333333075259565, 0.33333564529299264, 0.3333242690321616, 0.3333328408872824, 0.33333676646958954, 0.3333346527642307, 0.33333720991972005, 0.3333335000836446, 0.3333290313541889], ""kernels.0.base_kernel.kernels.1.base_kernel"": [0.6931481805599428, 0.6931481805599428, 0.6931481805599428], ""kernels.1.base_kernel.kernels.0"": [0.05146377185476481, 0.5626523504802187, 0.41097359042650033, 0.2544270277850581, 0.8450286622800596, 0.5758995990002532, 0.24469527391756205, 0.12754848170955374, 0.5532063198686441, 0.5855744760540742, 0.24575921833906017, 0.5589275537610167, 0.2038463531561245, 0.538095069529252, 0.2390753677001661, 0.2507324096759037, 0.10447070971695058, 0.2852060337969624], ""kernels.1.base_kernel.kernels.1"": [0.6931481805599428, 0.6931481805599428, 0.6931481805599428]}","{""kernels.0"": 4.966997484637589e-06, ""kernels.0.base_kernel.kernels.1"": 0.0013904406820739637, ""kernels.1"": 1.0371864275149918}",12,3,36,1,9,radius,0,366
466,202.07542210939198,84.49995109796598,0.5024,local,-2.7450635043174074,-6.171524782555911,3.426461278238504,0.298841952929198,0.929202868163744,radius,,,0.4925002708939613,0.005653212229812026,0.008961841920077799,9.999999747378752e-05,0.34793502948635346,0.051814447071998004,0.3333338956072204,0.886110624239353,"{""kernels.0.base_kernel.kernels.0"": [0.3333366815772186, 0.33332600755153374, 0.333324664337622, 0.33333347626544246, 0.333351926727739, 0.33332476126246746, 0.33332996827881994, 0.33333247141194877, 0.3333337947950183, 0.33333486405436724, 0.3333365771839484, 0.3333259671137772, 0.3333339083195251, 0.33333614205341366, 0.33333490794004067, 0.33333704502741274, 0.3333338828949157, 0.3333285578565836], ""kernels.0.base_kernel.kernels.1.base_kernel"": [0.6931481805599428, 0.6931481805599428, 0.6931481805599428], ""kernels.1.base_kernel.kernels.0"": [0.051814447071998004, 0.7170116093121608, 0.47925347808826196, 0.30740259885139376, 0.886110624239353, 0.3022712823483668, 0.23642057989189633, 0.1381903790564001, 0.6368525751810282, 0.6274093810279393, 0.15521735571373438, 0.6597344141326373, 0.2396135267869337, 0.5638141140380984, 0.26008178874829146, 0.3076656037479579, 0.15579529539715017, 0.2510613161211196], ""kernels.1.base_kernel.kernels.1"": [0.6931481805599428, 0.6931481805599428, 0.6931481805599428]}","{""kernels.0"": 4.96696967801881e-06, ""kernels.0.base_kernel.kernels.1"": 0.0013904399127028064, ""kernels.1"": 1.0424096815766795}",12,3,36,2,9,radius,0,367
467,529.2655535618005,84.49995109796598,0.4994,global,-3.156321113971157,-4.596841152575624,1.4405200386044665,1.1929358982812441,1.4137366932045816,global,,,0.7144726437280972,0.005617499130048469,0.008954044494215992,9.999999747378752e-05,0.34917781850686147,0.0518434673059846,0.33333388495098537,0.8794928610999881,"{""kernels.0.base_kernel.kernels.0"": [0.3333366794947569, 0.33332600346994634, 0.333324744885576, 0.3333334217891048, 0.3333521225522841, 0.3333255315423418, 0.3333300796434099, 0.33333240748137827, 0.3333337139863337, 0.33333485041971145, 0.33333661856942476, 0.3333258877797102, 0.3333339529221388, 0.33333625386487314, 0.3333349322048658, 0.33333705298998756, 0.333333816979832, 0.33332873094895416], ""kernels.0.base_kernel.kernels.1.base_kernel"": [0.6931481805599428, 0.6931481805599428, 0.6931481805599428], ""kernels.1.base_kernel.kernels.0"": [0.0518434673059846, 0.7140974688881435, 0.48011049627700153, 0.3117242250871794, 0.8794928610999881, 0.30377204617918563, 0.23723679707183845, 0.13618846760230002, 0.6394509087826749, 0.6203875177209094, 0.15919098613580637, 0.6566656887879323, 0.23433578930553778, 0.5591836234744612, 0.2606238199768201, 0.3066467886232609, 0.15499493744780776, 0.2599790210392314], ""kernels.1.base_kernel.kernels.1"": [0.6931481805599428, 0.6931481805599428, 0.6931481805599428]}","{""kernels.0"": 4.966956926060424e-06, ""kernels.0.base_kernel.kernels.1"": 0.0013904398812704976, ""kernels.1"": 1.046138048682388}",12,3,36,0,9,radius,0,368
468,115.72575374989354,84.49995109796598,0.5008,global,-3.0814984309365423,-5.537619177890949,2.456120746954407,0.49248747197229026,1.3055260063256082,global,,,0.2120599630846202,0.005630575348460093,0.008953800161891241,9.999999747378752e-05,0.35131892532243425,0.05184599953466759,0.33333388234424566,0.8788013473415122,"{""kernels.0.base_kernel.kernels.0"": [0.3333366794399807, 0.3333259998221788, 0.3333247512333584, 0.33333340992456006, 0.3333521309670318, 0.3333255948829435, 0.33333008741775416, 0.3333324023959918, 0.33333370358118675, 0.33333484834712934, 0.333336621018827, 0.3333258861737281, 0.3333339537879335, 0.3333362508620125, 0.3333349304459865, 0.333337052244609, 0.3333338109005578, 0.3333287364975671], ""kernels.0.base_kernel.kernels.1.base_kernel"": [0.6931481805599428, 0.6931481805599428, 0.6931481805599428], ""kernels.1.base_kernel.kernels.0"": [0.05184599953466759, 0.7128647118953262, 0.4799132066546556, 0.31030428047128106, 0.8788013473415122, 0.3034215703146819, 0.23677948590247383, 0.1358574466818075, 0.639094634895205, 0.6198365757310803, 0.1591733741240688, 0.6560961781342154, 0.23354671930757678, 0.5580208394058472, 0.260584095564957, 0.3061068008308132, 0.1547948611917708, 0.25958893955905676], ""kernels.1.base_kernel.kernels.1"": [0.6931481805599428, 0.6931481805599428, 0.6931481805599428]}","{""kernels.0"": 4.966956147208297e-06, ""kernels.0.base_kernel.kernels.1"": 0.001390439878371709, ""kernels.1"": 1.0525613691327838}",12,3,36,0,9,radius,0,369
469,146.49064550571197,84.49995109796598,0.4992,global,-2.984363879608891,-4.643027472234352,1.658663592625461,0.8087928771644907,1.391865354358123,global,,,0.48905312704469983,0.005614872690244887,0.008949948840280096,9.999999747378752e-05,0.3480101472370671,0.05185766446089408,0.3333338797592593,0.8769625028364354,"{""kernels.0.base_kernel.kernels.0"": [0.3333366768471601, 0.333325980147628, 0.33332478587827913, 0.3333333680023123, 0.3333521096738173, 0.3333258800500667, 0.33333012743160106, 0.3333323968699362, 0.3333336432021668, 0.33333487092579034, 0.3333366349681564, 0.33332588009577546, 0.3333339713152516, 0.33333623673028867, 0.33333492960450434, 0.3333370299972639, 0.3333337882032671, 0.33332878288295537], ""kernels.0.base_kernel.kernels.1.base_kernel"": [0.6931481805599428, 0.6931481805599428, 0.6931481805599428], ""kernels.1.base_kernel.kernels.0"": [0.05185766446089408, 0.7073450680805673, 0.48023024534538933, 0.30661920682851296, 0.8769625028364354, 0.3035563803601425, 0.23757583831691437, 0.13597449866054606, 0.6391493041414504, 0.6191255901486324, 0.16056770879705928, 0.6545231318880113, 0.23145508746108567, 0.5533637467359604, 0.26118054000598895, 0.302795355358696, 0.15437973545679706, 0.26018993221853215], ""kernels.1.base_kernel.kernels.1"": [0.6931481805599428, 0.6931481805599428, 0.6931481805599428]}","{""kernels.0"": 4.966952087184335e-06, ""kernels.0.base_kernel.kernels.1"": 0.0013904398662495762, ""kernels.1"": 1.0426350348928644}",12,3,36,0,9,radius,1,370
470,1260.2416892752913,84.49995109796598,0.5,global,-3.2059749426166704,-4.362113960808146,1.1561390181914755,1.2747385157499762,1.4126024903510577,global,,,0.6818056638389732,0.005622395807798205,0.008943766628971278,9.999999747378752e-05,0.35054796827685486,0.05186085916492584,0.3333338791973867,0.8762688984353975,"{""kernels.0.base_kernel.kernels.0"": [0.33333667672921957, 0.3333259643384833, 0.3333247912252706, 0.33333335268696956, 0.3333521040252805, 0.3333259541399787, 0.3333301376822167, 0.33333239567801226, 0.333333625500202, 0.33333487694659086, 0.3333366396768736, 0.33332587388646767, 0.3333339764713516, 0.3333362305846656, 0.33333492925642016, 0.33333702391588854, 0.33333378192342183, 0.3333287927252391], ""kernels.0.base_kernel.kernels.1.base_kernel"": [0.6931481805599428, 0.6931481805599428, 0.6931481805599428], ""kernels.1.base_kernel.kernels.0"": [0.05186085916492584, 0.7054053638328451, 0.4800779508710524, 0.3051610145607803, 0.8762688984353975, 0.3034255912767719, 0.23764144209905474, 0.1358023875266487, 0.6389890311122434, 0.6190288092166465, 0.16090282276413642, 0.6537780523680533, 0.23074192453614886, 0.5519603443859435, 0.2611403584415598, 0.3016196372495603, 0.15416260330209092, 0.2600247832531578], ""kernels.1.base_kernel.kernels.1"": [0.6931481805599428, 0.6931481805599428, 0.6931481805599428]}","{""kernels.0"": 4.966951645686468e-06, ""kernels.0.base_kernel.kernels.1"": 0.0013904398627846814, ""kernels.1"": 1.0502484980161342}",12,3,36,1,9,radius,0,371
471,93.58255005729245,84.49995109796598,0.5006,global,-3.008472536322162,-4.8730338905167425,1.8645613541945805,0.7010362831444128,1.3585808765521363,global,,,0.28088192583289606,0.005361526555559002,0.008965308003182808,9.999999747378752e-05,0.3365036870545768,0.05258545466586214,0.333334286181007,0.8199021297870688,"{""kernels.0.base_kernel.kernels.0"": [0.33333719004478224, 0.3333235533115507, 0.33332306761282493, 0.3333313133790601, 0.3333487854448156, 0.33333023238014, 0.3333311502584928, 0.33333401299872367, 0.3333300799060553, 0.3333329344138038, 0.33333300952204364, 0.33332124730592855, 0.3333344291215662, 0.33333414324044786, 0.3333346300690489, 0.3333368511491203, 0.33333313824151356, 0.33333329733444383], ""kernels.0.base_kernel.kernels.1.base_kernel"": [0.6931481805599428, 0.6931481805599428, 0.6931481805599428], ""kernels.1.base_kernel.kernels.0"": [0.05258545466586214, 0.5685487444748146, 0.4813793086284025, 0.2523200311436355, 0.8199021297870688, 0.36724435775521674, 0.24471995214991005, 0.13359012987877425, 0.5181261537569967, 0.5983322650873079, 0.6527614433706384, 0.6881932005092675, 0.36861718486458345, 0.5285152989354442, 0.1575806047716249, 0.12955066762978706, 0.25656634711721604, 0.16042033708019812], ""kernels.1.base_kernel.kernels.1"": [0.6931481805599428, 0.6931481805599428, 0.6931481805599428]}","{""kernels.0"": 4.9670842682664354e-06, ""kernels.0.base_kernel.kernels.1"": 0.001390439112208182, ""kernels.1"": 1.0081156549672539}",12,3,36,1,9,radius,0,372
472,3935.5792363444857,84.49995109796598,0.5038,global,-3.300316076535709,-4.5901540634434825,1.2898379869077736,0.40455437873498495,1.1568321425274155,global,,,0.5604575615739769,0.00533305869428243,0.008964370793144332,9.999999747378752e-05,0.349679463607623,0.05265512614586208,0.3333343259730981,0.8293511771647831,"{""kernels.0.base_kernel.kernels.0"": [0.3333373226692326, 0.3333233352054014, 0.33332293518464007, 0.3333306158015697, 0.33334891364920005, 0.33332997281414434, 0.33333119527134236, 0.333334208924933, 0.33333001007134616, 0.33333319263431505, 0.3333325290547996, 0.33332137602441964, 0.3333343282789414, 0.33333432366725485, 0.3333347249749553, 0.3333371209273608, 0.3333327322009913, 0.3333337934552875], ""kernels.0.base_kernel.kernels.1.base_kernel"": [0.6931481805599428, 0.6931481805599428, 0.6931481805599428], ""kernels.1.base_kernel.kernels.0"": [0.05265512614586208, 0.5788357494595778, 0.50165875618566, 0.26169774240594024, 0.8293511771647831, 0.3667818245829917, 0.2568517897037854, 0.1556517812967183, 0.5391474913841898, 0.6298835763107985, 0.6216575403495084, 0.7218573726036809, 0.38830899804979996, 0.5414707915912961, 0.1674395869624966, 0.1310534733140809, 0.2829857486035108, 0.1533145695226034], ""kernels.1.base_kernel.kernels.1"": [0.6931481805599428, 0.6931481805599428, 0.6931481805599428]}","{""kernels.0"": 4.967145998933958e-06, ""kernels.0.base_kernel.kernels.1"": 0.0013904390388404964, ""kernels.1"": 1.0476429846380295}",12,3,36,0,9,radius,0,373
473,123.60185035451325,84.49995109796598,0.4994,global,-2.2727799911778273,-4.631509601976872,2.358729610799045,1.0194993168875024,1.3936403634415238,global,,,0.38082627368890903,0.00547919903625433,0.00903663941120811,9.999999747378752e-05,0.35470780128299034,0.05276888799303684,0.3333349845265783,0.8160644359475706,"{""kernels.0.base_kernel.kernels.0"": [0.33333725516895724, 0.3333242919167654, 0.3333228285276437, 0.3333291784048923, 0.3333374229337618, 0.33333076353219404, 0.3333314412801339, 0.3333339134237976, 0.33332914844963285, 0.33333231852855727, 0.3333324310215742, 0.3333238332272164, 0.3333350023435192, 0.3333351592453046, 0.33333496670963736, 0.3333375100444087, 0.33333180375764093, 0.3333358014281446], ""kernels.0.base_kernel.kernels.1.base_kernel"": [0.6931481805599428, 0.6931481805599428, 0.6931481805599428], ""kernels.1.base_kernel.kernels.0"": [0.05276888799303684, 0.572390160660604, 0.5103105310222352, 0.2159810802525954, 0.31980332382793447, 0.43386667309190613, 0.2533109558357626, 0.16776345395050823, 0.5267704617064615, 0.6289726823976504, 0.6426684924095748, 0.8160644359475706, 0.41141407942788455, 0.5923768545310656, 0.18527701947828815, 0.12800341170680843, 0.3131519671981831, 0.19627024141334246], ""kernels.1.base_kernel.kernels.1"": [0.6931481805599428, 0.6931481805599428, 0.6931481805599428]}","{""kernels.0"": 4.967450996809612e-06, ""kernels.0.base_kernel.kernels.1"": 0.001390438898658837, ""kernels.1"": 1.0627279974993153}",12,3,36,0,9,radius,1,374
474,113.19218740903963,84.49995109796598,0.4964,global,-2.755756504435716,-4.470566002387013,1.714809497951297,0.23568912637800757,0.8048128017949656,global,,,0.3125837531794764,0.005492781893598346,0.009032074686511668,9.999999747378752e-05,0.35837770970903865,0.05278227497396265,0.3333349742926282,0.8141663011658242,"{""kernels.0.base_kernel.kernels.0"": [0.33333725421891147, 0.3333241891898637, 0.3333227851783577, 0.3333292473960181, 0.33333735335321274, 0.3333307677920038, 0.3333314363778547, 0.3333338831676487, 0.3333291643584541, 0.3333322380629698, 0.3333324085826227, 0.33332388163818527, 0.33333498965459246, 0.33333516900267673, 0.33333495893066395, 0.33333749846800925, 0.3333317719152482, 0.3333358294790415], ""kernels.0.base_kernel.kernels.1.base_kernel"": [0.6931481805599428, 0.6931481805599428, 0.6931481805599428], ""kernels.1.base_kernel.kernels.0"": [0.05278227497396265, 0.5739529409316005, 0.5096782282152297, 0.21802447326817576, 0.3147088490392586, 0.4314986008701962, 0.25515353186710876, 0.166668018460987, 0.5297552538186814, 0.6277690439327115, 0.6415811460669768, 0.8141663011658242, 0.40930546607562357, 0.5933841530614113, 0.18474707574480034, 0.12809626380367767, 0.31309269201079215, 0.19615566507667312], ""kernels.1.base_kernel.kernels.1"": [0.6931481805599428, 0.6931481805599428, 0.6931481805599428]}","{""kernels.0"": 4.967460571864739e-06, ""kernels.0.base_kernel.kernels.1"": 0.001390438891656241, ""kernels.1"": 1.0737377227748879}",12,3,36,1,9,radius,0,375
475,331.3822642534062,84.49995109796598,0.499,global,-3.222535442959447,-4.008047435056354,0.7855119920969069,0.6632287635287556,1.3154565503022055,global,,,0.698171636038798,0.005474119700830281,0.009028459135114882,9.999999747378752e-05,0.3554345712182523,0.052788168800065594,0.333334971254803,0.814082098622838,"{""kernels.0.base_kernel.kernels.0"": [0.3333372527798407, 0.3333241388478763, 0.33332277500146235, 0.3333292783808067, 0.3333373341168149, 0.3333307761608882, 0.3333314372141874, 0.3333338747282491, 0.33332917785146576, 0.33333221398169044, 0.33333240375956924, 0.333323912562233, 0.33333498603479583, 0.33333517466408097, 0.33333495647481015, 0.3333374948446383, 0.3333317623482155, 0.3333358429615873], ""kernels.0.base_kernel.kernels.1.base_kernel"": [0.6931481805599428, 0.6931481805599428, 0.6931481805599428], ""kernels.1.base_kernel.kernels.0"": [0.052788168800065594, 0.574991031226738, 0.5097936136761688, 0.21939959990729588, 0.31415316861438175, 0.43157727507489907, 0.25620667961692717, 0.16664360746135626, 0.5314456707595878, 0.6277346052535717, 0.6416189516067324, 0.814082098622838, 0.4089966707291492, 0.5939823055368741, 0.18481067140027166, 0.1284252881127344, 0.313344073632597, 0.19667023867799227], ""kernels.1.base_kernel.kernels.1"": [0.6931481805599428, 0.6931481805599428, 0.6931481805599428]}","{""kernels.0"": 4.967463604257533e-06, ""kernels.0.base_kernel.kernels.1"": 0.0013904388889251955, ""kernels.1"": 1.0649083073022274}",12,3,36,0,9,radius,0,376
476,240.83003966887813,84.49995109796598,0.4994,global,-3.2181160952176393,-4.205998523817771,0.9878824286001313,0.585384763699835,1.2620690784845212,global,,,0.6374458574454609,0.005482909416033254,0.009022285404537433,9.999999747378752e-05,0.35794910147600006,0.052798285485814125,0.3333349614805286,0.8131485083667953,"{""kernels.0.base_kernel.kernels.0"": [0.33333725205158204, 0.33332402584062487, 0.3333227454898608, 0.333329327998697, 0.33333729862129374, 0.33333078326725957, 0.3333314323740362, 0.3333338574975202, 0.3333291910376356, 0.33333216230546453, 0.33333238754844075, 0.3333239518378929, 0.33333497199893647, 0.3333351796847461, 0.33333495096212074, 0.3333374888363109, 0.33333174201117655, 0.33333586578330604], ""kernels.0.base_kernel.kernels.1.base_kernel"": [0.6931481805599428, 0.6931481805599428, 0.6931481805599428], ""kernels.1.base_kernel.kernels.0"": [0.052798285485814125, 0.5748129851818088, 0.5093337498061479, 0.2201002171003084, 0.3120793282460485, 0.4305425206157766, 0.2569524883979318, 0.1659332769161679, 0.5332874937061858, 0.6269890284320033, 0.6409994125784196, 0.8131485083667953, 0.4073367142832664, 0.5944087911301337, 0.18427950795802334, 0.12856800750391517, 0.3133563546305682, 0.19640963124787122], ""kernels.1.base_kernel.kernels.1"": [0.6931481805599428, 0.6931481805599428, 0.6931481805599428]}","{""kernels.0"": 4.967470760437504e-06, ""kernels.0.base_kernel.kernels.1"": 0.0013904388838666198, ""kernels.1"": 1.072451898073373}",12,3,36,0,9,radius,0,377
477,471.28462606880396,84.49995109796598,0.4994,global,-3.3171187179585653,-4.387998895260581,1.0708801773020156,0.8217019431023423,1.3285574409610414,global,,,0.7459048821799783,0.005468199194778683,0.009014543483551204,9.999999747378752e-05,0.3560127817436583,0.05280513450533796,0.33333495728174445,0.8128250239998337,"{""kernels.0.base_kernel.kernels.0"": [0.33333725065507896, 0.33332395754182303, 0.33332273113474825, 0.33332936433905913, 0.33333727943466485, 0.33333079107521457, 0.3333314331064064, 0.33333384770784275, 0.3333292023430706, 0.3333321338426677, 0.3333323784319676, 0.3333239847710921, 0.3333349667594381, 0.3333351838312113, 0.33333494780405076, 0.3333374843251804, 0.33333172898197483, 0.33333588127988995], ""kernels.0.base_kernel.kernels.1.base_kernel"": [0.6931481805599428, 0.6931481805599428, 0.6931481805599428], ""kernels.1.base_kernel.kernels.0"": [0.05280513450533796, 0.5754445939382361, 0.5092701691350889, 0.22099873967636116, 0.31164594312514327, 0.43061039272208074, 0.2577356912177165, 0.16576746430195533, 0.5348576202599835, 0.626922179522436, 0.6408721215015923, 0.8128250239998337, 0.40652646942881526, 0.5949292562815074, 0.1841608066362456, 0.12885366678753157, 0.31344875747886763, 0.19667254943456983], ""kernels.1.base_kernel.kernels.1"": [0.6931481805599428, 0.6931481805599428, 0.6931481805599428]}","{""kernels.0"": 4.967474869326237e-06, ""kernels.0.base_kernel.kernels.1"": 0.0013904388804712553, ""kernels.1"": 1.0666429388756344}",12,3,36,0,9,radius,0,378
478,120.42585732466625,84.49995109796598,0.4996,global,-2.840621519339677,-4.425691499299024,1.5850699799593468,0.4506909590079423,1.2117068577272994,global,,,0.2086103987823189,0.005478030871953722,0.009012308362546191,9.999999747378752e-05,0.35796787975048666,0.052812817517812756,0.3333349511215219,0.8119229202191705,"{""kernels.0.base_kernel.kernels.0"": [0.3333372502735967, 0.3333238656273063, 0.33332270149217463, 0.33332940237004066, 0.3333372547750349, 0.3333307976160987, 0.33333143180955294, 0.3333338332561893, 0.3333292092978267, 0.3333320890121915, 0.33333236235828306, 0.33332401393169864, 0.3333349586587592, 0.33333518599045964, 0.33333494358428456, 0.3333374810147858, 0.3333317124060977, 0.3333358991740691], ""kernels.0.base_kernel.kernels.1.base_kernel"": [0.6931481805599428, 0.6931481805599428, 0.6931481805599428], ""kernels.1.base_kernel.kernels.0"": [0.052812817517812756, 0.5753340033125333, 0.5084857933399636, 0.22134676459223046, 0.3107986046276209, 0.42994820142484796, 0.2580944872961236, 0.16513403512357638, 0.5360903930175374, 0.626091882790515, 0.6401831410702692, 0.8119229202191705, 0.40499033641309756, 0.5947781773812448, 0.1836341657981368, 0.12884799334760133, 0.3132418913651899, 0.19603704032534242], ""kernels.1.base_kernel.kernels.1"": [0.6931481805599428, 0.6931481805599428, 0.6931481805599428]}","{""kernels.0"": 4.967480797665023e-06, ""kernels.0.base_kernel.kernels.1"": 0.001390438876320667, ""kernels.1"": 1.0725082328943416}",12,3,36,0,9,radius,0,379
479,112.99889302572615,84.49995109796598,0.501,local,-2.9271453356117467,-5.530683578917716,2.6035382433059695,0.20140721553012655,0.8871096418943827,radius,,,0.29071337691568866,0.005472395461050891,0.009008091923096172,9.999999747378752e-05,0.355533829215852,0.053017296427081646,0.333334951396264,0.7589538114121913,"{""kernels.0.base_kernel.kernels.0"": [0.3333374277448583, 0.33332095174043147, 0.33332074203282486, 0.3333305403489282, 0.3333369791353381, 0.3333313292458605, 0.33333148124831113, 0.33333365105434676, 0.33332959779692384, 0.33332974634366824, 0.33333194418129497, 0.33332250431295457, 0.3333349295072877, 0.3333352822185276, 0.3333349732852403, 0.33333753206484956, 0.3333313788788373, 0.33333644188056194], ""kernels.0.base_kernel.kernels.1.base_kernel"": [0.6931481805599428, 0.6931481805599428, 0.6931481805599428], ""kernels.1.base_kernel.kernels.0"": [0.053017296427081646, 0.555978859335918, 0.45302905489142076, 0.23812132637764277, 0.3117529669319127, 0.4407817650178435, 0.26341115422445804, 0.15879259424469405, 0.579063949039083, 0.5795275089923285, 0.6310731832387838, 0.7589538114121913, 0.3780027286613259, 0.5929967687915254, 0.17453652956813195, 0.12766093786977745, 0.31074131603768895, 0.1936596684136773], ""kernels.1.base_kernel.kernels.1"": [0.6931481805599428, 0.6931481805599428, 0.6931481805599428]}","{""kernels.0"": 4.9676661365095275e-06, ""kernels.0.base_kernel.kernels.1"": 0.0013904387749727755, ""kernels.1"": 1.0652060812064468}",12,3,36,1,9,radius,0,380
480,288.99971524364264,84.49995109796598,0.4976,global,-3.185157205247811,-4.283094661825212,1.0979374565774007,0.5206687261514069,1.2967997103131557,global,,,0.5994381883629597,0.005464468719223404,0.009004614492329052,9.999999747378752e-05,0.3546235557181039,0.05303388793675405,0.33333495149475345,0.7595331733921987,"{""kernels.0.base_kernel.kernels.0"": [0.33333742654679466, 0.3333209148962466, 0.33332074211681595, 0.3333305493478237, 0.3333369594979024, 0.3333313440932027, 0.33333147625202497, 0.3333336473059295, 0.33332958196804097, 0.3333297073266035, 0.333331948666906, 0.3333224707157579, 0.3333349280419055, 0.3333352826032306, 0.33333497494760134, 0.3333375319475166, 0.3333313653595303, 0.33333646493455943], ""kernels.0.base_kernel.kernels.1.base_kernel"": [0.6931481805599428, 0.6931481805599428, 0.6931481805599428], ""kernels.1.base_kernel.kernels.0"": [0.05303388793675405, 0.5565727195553897, 0.4520008198134306, 0.23707253277134382, 0.31252518878212454, 0.4409383591712111, 0.26233554243120616, 0.15888238161283613, 0.5792013404911986, 0.5803869581021767, 0.6319231090408604, 0.7595331733921987, 0.37705608262608314, 0.5923369900480595, 0.1738561541468131, 0.1275855449941995, 0.3102937379788617, 0.19486791808249415], ""kernels.1.base_kernel.kernels.1"": [0.6931481805599428, 0.6931481805599428, 0.6931481805599428]}","{""kernels.0"": 4.967677448257501e-06, ""kernels.0.base_kernel.kernels.1"": 0.0013904387678349585, ""kernels.1"": 1.0624752607090284}",12,3,36,0,9,radius,0,381
481,244.50888140753412,84.49995109796598,0.498,local,-3.396441161888906,-5.95957849475292,2.563137332864014,0.8147231591129406,1.4036691240583121,radius,,,0.7699098366955851,0.005468188418711294,0.008997654978983386,9.999999747378752e-05,0.3568990690789708,0.0530481781357276,0.33333494951427556,0.7596125671114593,"{""kernels.0.base_kernel.kernels.0"": [0.33333742621626905, 0.33332087023872803, 0.3333207385127246, 0.3333305683927806, 0.3333369405077935, 0.33333135242223916, 0.3333314713493746, 0.33333364692857315, 0.3333295673709444, 0.33332967355674875, 0.33333194779403424, 0.3333224383216442, 0.33333492290768685, 0.3333352842563109, 0.3333349761208642, 0.33333753404321964, 0.3333313537841312, 0.33333648509639224], ""kernels.0.base_kernel.kernels.1.base_kernel"": [0.6931481805599428, 0.6931481805599428, 0.6931481805599428], ""kernels.1.base_kernel.kernels.0"": [0.0530481781357276, 0.5575646183016026, 0.4502094893572365, 0.23705169596301257, 0.31218865466525414, 0.44048580949542765, 0.260344524200615, 0.15903529842132802, 0.5785900061780742, 0.5809184845307793, 0.6323369484113057, 0.7596125671114593, 0.374778740064149, 0.5918672863002419, 0.17297099579868963, 0.12728878358686643, 0.3097624644263833, 0.19561101078354728], ""kernels.1.base_kernel.kernels.1"": [0.6931481805599428, 0.6931481805599428, 0.6931481805599428]}","{""kernels.0"": 4.9676880834109355e-06, ""kernels.0.base_kernel.kernels.1"": 0.001390438761548183, ""kernels.1"": 1.0693018007872808}",12,3,36,1,9,radius,0,382
482,209.2239843921218,84.49995109796598,0.4982,global,-2.9310163194973398,-5.28501333759007,2.35399701809273,0.6268401741247531,1.3273124300599268,global,,,0.5205442367178208,0.005450303767309287,0.008990033390616199,9.999999747378752e-05,0.3544698046293709,0.053056285982774565,0.3333349492593539,0.7598509535285218,"{""kernels.0.base_kernel.kernels.0"": [0.3333374254087337, 0.33332085359794333, 0.3333207418777416, 0.33333058036200797, 0.3333369320319771, 0.3333313605997183, 0.33333147123780155, 0.33333364681339595, 0.3333295632571555, 0.3333296594565731, 0.33333195026347895, 0.333322427333615, 0.3333349214792564, 0.3333352860185309, 0.3333349770394514, 0.3333375345272688, 0.3333313489290217, 0.3333364955694032], ""kernels.0.base_kernel.kernels.1.base_kernel"": [0.6931481805599428, 0.6931481805599428, 0.6931481805599428], ""kernels.1.base_kernel.kernels.0"": [0.053056285982774565, 0.558714634756437, 0.44957000715562073, 0.23764029055923025, 0.3124022071806202, 0.44087924554106944, 0.25978511436944085, 0.1592687490638238, 0.5785811520150116, 0.581399722735438, 0.6327838609314144, 0.7598509535285218, 0.37393939525274594, 0.5917839205348243, 0.17270398636776763, 0.12729456629038133, 0.30960246912866857, 0.19641116917950208], ""kernels.1.base_kernel.kernels.1"": [0.6931481805599428, 0.6931481805599428, 0.6931481805599428]}","{""kernels.0"": 4.967692982151124e-06, ""kernels.0.base_kernel.kernels.1"": 0.0013904387582496394, ""kernels.1"": 1.062014007436881}",12,3,36,0,9,radius,0,383
483,252.6896143525774,84.49995109796598,0.5008,global,-3.4235882029997717,-4.966800302440409,1.543212099440637,0.5440352053669569,1.311298416596086,global,,,0.7592316634823734,0.005456988203452448,0.008982467786254507,9.999999747378752e-05,0.3577284769580655,0.05307017400949443,0.3333349417042235,0.7593269959542962,"{""kernels.0.base_kernel.kernels.0"": [0.33333742557929497, 0.3333207958316667, 0.33332073794023115, 0.3333306084726701, 0.3333369122052721, 0.33333136717433265, 0.33333146275204095, 0.3333336427812956, 0.3333295444613312, 0.3333296217737086, 0.33333194593356563, 0.3333223848758201, 0.33333490684825534, 0.33333528941173696, 0.3333349765601916, 0.33333753760236523, 0.3333313345632089, 0.33333651521295693], ""kernels.0.base_kernel.kernels.1.base_kernel"": [0.6931481805599428, 0.6931481805599428, 0.6931481805599428], ""kernels.1.base_kernel.kernels.0"": [0.05307017400949443, 0.5586343791606341, 0.4474869121419205, 0.2380470511984422, 0.311825095559276, 0.44021144209465307, 0.25684813324145866, 0.159078612193867, 0.5772456930439909, 0.58132213225, 0.6329028781085971, 0.7593269959542962, 0.37062290941023496, 0.5912884187404265, 0.17138087228823395, 0.1268850404308723, 0.30856051903113985, 0.19787997355752218], ""kernels.1.base_kernel.kernels.1"": [0.6931481805599428, 0.6931481805599428, 0.6931481805599428]}","{""kernels.0"": 4.9677040940512986e-06, ""kernels.0.base_kernel.kernels.1"": 0.0013904387518374583, ""kernels.1"": 1.0717900244182648}",12,3,36,0,9,radius,1,384
484,99.13073536996177,84.49995109796598,0.5,global,-2.6354147058129955,-4.647059981562038,2.011645275749043,1.0878881256899529,1.3771672649221556,global,,,0.2938057820812312,0.005209206250178448,0.00897545564114485,9.999999747378752e-05,0.34602414619986727,0.056409863298473216,0.3333340727552828,0.7144211849931953,"{""kernels.0.base_kernel.kernels.0"": [0.33333718514482563, 0.33331804861461056, 0.333326202998482, 0.33332950355417984, 0.33333553340085537, 0.3333326426071423, 0.33333177715041806, 0.33333383606443884, 0.3333289041185956, 0.3333300755571511, 0.33333372089273194, 0.33332181011954753, 0.3333347329968901, 0.33333518927127853, 0.33333558438593036, 0.33333762850876036, 0.3333314735662817, 0.33333430944612685], ""kernels.0.base_kernel.kernels.1.base_kernel"": [0.6931481805599428, 0.6931481805599428, 0.6931481805599428], ""kernels.1.base_kernel.kernels.0"": [0.056409863298473216, 0.574000784225741, 0.2397075210337856, 0.28537583344959994, 0.32196157191893926, 0.6082046383696589, 0.2339849769650986, 0.15018540120790133, 0.49416580686280487, 0.5611542671929586, 0.6590878737528955, 0.7144211849931953, 0.2699094796730249, 0.4935692071466882, 0.1257571610560804, 0.11549826648688574, 0.24580213254630467, 0.3361639094027967], ""kernels.1.base_kernel.kernels.1"": [0.6931481805599428, 0.6931481805599428, 0.6931481805599428]}","{""kernels.0"": 4.968918967778998e-06, ""kernels.0.base_kernel.kernels.1"": 0.0013904379182154648, ""kernels.1"": 1.0366770317624185}",12,3,36,1,9,radius,0,385
485,266.1056556513886,84.49995109796598,0.5004,global,-2.3536109255277724,-4.674844217698923,2.3212332921711507,1.3606666674115466,1.407104081931821,global,,,0.6287064135597781,0.005370501488431152,0.008970717083266758,9.999999747378752e-05,0.3680074338567054,0.07586741696435732,0.3333354879296191,0.7583034087857522,"{""kernels.0.base_kernel.kernels.0"": [0.33333623804731227, 0.33332981015142654, 0.33333532311875474, 0.33332737732498596, 0.33333595238469776, 0.3333318341721748, 0.3333307153861447, 0.33333518446608745, 0.33333139896555913, 0.33333699878801837, 0.33333564209870037, 0.3333323193080401, 0.3333358250559378, 0.33333533376053776, 0.33333387525773134, 0.33333569811543357, 0.3333314075362329, 0.3333288561042644], ""kernels.0.base_kernel.kernels.1.base_kernel"": [0.6931481805599428, 0.6931481805599428, 0.6931481805599428], ""kernels.1.base_kernel.kernels.0"": [0.5105772658766421, 0.4400714084718174, 0.2424276847859584, 0.2940830618128999, 0.3136840954278422, 0.36776245889639714, 0.24477379923849818, 0.165453675467955, 0.5945729403778156, 0.5963264845226796, 0.6739024674983453, 0.7583034087857522, 0.45028987321088637, 0.5141208118263089, 0.17804434165097824, 0.07586741696435732, 0.29427606907479276, 0.28302740048415537], ""kernels.1.base_kernel.kernels.1"": [0.6931481805599428, 0.6931481805599428, 0.6931481805599428]}","{""kernels.0"": 4.97023183883428e-06, ""kernels.0.base_kernel.kernels.1"": 0.0013904360286523844, ""kernels.1"": 1.102626895309625}",12,3,36,0,9,radius,0,386
486,201.2327525842698,84.49995109796598,0.4998,global,-2.3669742885957072,-5.152030401444035,2.785056112848328,0.5234841611155328,1.306457663758964,global,,,0.47685242746257783,0.005385772462188867,0.008963576022506279,9.999999747378752e-05,0.36970746848971675,0.07594142132403442,0.33333547981131373,0.7625589579479005,"{""kernels.0.base_kernel.kernels.0"": [0.3333362380043793, 0.33332995385248043, 0.33333521551349476, 0.3333273836558793, 0.333335937164111, 0.33333186201681614, 0.3333307330298208, 0.3333351613110382, 0.3333314304581422, 0.33333699725613614, 0.33333564769446605, 0.33333226893916723, 0.33333579780265277, 0.3333353119281614, 0.33333388741595776, 0.3333356922609733, 0.3333314064387047, 0.3333289692452412], ""kernels.0.base_kernel.kernels.1.base_kernel"": [0.6931481805599428, 0.6931481805599428, 0.6931481805599428], ""kernels.1.base_kernel.kernels.0"": [0.5072901989735583, 0.44362507004189855, 0.2425310256549567, 0.2898828776268687, 0.3129465168759325, 0.369738910218196, 0.23891998176773716, 0.16504642212196843, 0.5991837810893177, 0.5974008386856396, 0.6746899052674936, 0.7625589579479005, 0.4476773587108176, 0.5113662466897617, 0.17949111302813198, 0.07594142132403442, 0.2918039965346797, 0.2792495612526479], ""kernels.1.base_kernel.kernels.1"": [0.6931481805599428, 0.6931481805599428, 0.6931481805599428]}","{""kernels.0"": 4.970226515167693e-06, ""kernels.0.base_kernel.kernels.1"": 0.0013904360183158943, ""kernels.1"": 1.107726999224319}",12,3,36,0,9,radius,0,387
487,1822.6260320538847,84.49995109796598,0.5008,global,-3.013749319741599,-4.551299090164083,1.5375497704224834,0.8912042900459755,1.4098712198805197,global,,,0.7256918414839595,0.005419679811164795,0.00895616560629719,9.999999747378752e-05,0.3636643668387129,0.07750273068899637,0.33333543841721647,0.7710790908630172,"{""kernels.0.base_kernel.kernels.0"": [0.33333624530123646, 0.33333029323910235, 0.3333349110333841, 0.3333275867693614, 0.3333358950431324, 0.33333193306592834, 0.3333308258191125, 0.33333505637195476, 0.3333315167715719, 0.33333705342306946, 0.3333355307344645, 0.33333210741346025, 0.33333571143130053, 0.3333353460999684, 0.33333391538903945, 0.3333357216306248, 0.3333314037784838, 0.3333292332282805], ""kernels.0.base_kernel.kernels.1.base_kernel"": [0.6931481805599428, 0.6931481805599428, 0.6931481805599428], ""kernels.1.base_kernel.kernels.0"": [0.5006729696134662, 0.453737568739328, 0.24141662182591836, 0.2762798729687156, 0.3135644338867921, 0.3768218928290452, 0.23049351355370687, 0.163122646219989, 0.6073035126759662, 0.6107787301406089, 0.6661321627272864, 0.7710790908630172, 0.4386115299958274, 0.5056524118009054, 0.18102598372484857, 0.07750273068899637, 0.2838491078768355, 0.25926616982499506], ""kernels.1.base_kernel.kernels.1"": [0.6931481805599428, 0.6931481805599428, 0.6931481805599428]}","{""kernels.0"": 4.9702116522283616e-06, ""kernels.0.base_kernel.kernels.1"": 0.0013904359877514138, ""kernels.1"": 1.089597694316735}",12,3,36,0,9,radius,0,388
488,276.6597266015393,84.49995109796598,0.4996,global,-3.0423834140932993,-4.46670768357185,1.424324269478551,0.7706541440459437,1.3344927734389336,global,,,0.64727157405974,0.005541322456209252,0.008991150962784493,9.999999747378752e-05,0.35373304413159806,0.08389346958652677,0.3333353007640526,0.7820747177947291,"{""kernels.0.base_kernel.kernels.0"": [0.3333362643440124, 0.33333066439389636, 0.33333422359715587, 0.3333280122813081, 0.3333352801374177, 0.33333198648940704, 0.3333308294189058, 0.3333350831897248, 0.33333131411559963, 0.3333370611165454, 0.33333532139068744, 0.333331836076749, 0.3333355508832564, 0.3333355044587382, 0.33333395623052314, 0.3333358181486221, 0.33333146067905767, 0.33332995191186165], ""kernels.0.base_kernel.kernels.1.base_kernel"": [0.6931481805599428, 0.6931481805599428, 0.6931481805599428], ""kernels.1.base_kernel.kernels.0"": [0.4930288295338794, 0.46099005600625165, 0.22800066129736513, 0.2526082594168868, 0.2789645211559275, 0.3905724494032673, 0.18305864171567837, 0.17408910572950748, 0.5935971355478771, 0.6148473259323121, 0.6469257518900244, 0.7820747177947291, 0.4324301614940294, 0.5028664550726956, 0.187551205937515, 0.08389346958652677, 0.27626067235537033, 0.2693941104178346], ""kernels.1.base_kernel.kernels.1"": [0.6931481805599428, 0.6931481805599428, 0.6931481805599428]}","{""kernels.0"": 4.970189233130624e-06, ""kernels.0.base_kernel.kernels.1"": 0.001390435929644463, ""kernels.1"": 1.0598037262759166}",12,3,36,0,9,radius,0,389
489,121.70327121132713,84.49995109796598,0.498,global,-2.3289106124849486,-4.255976778105029,1.9270661656200803,0.4190227988834751,1.36969234480942,global,,,0.27856059253030774,0.005748969536212987,0.00898275829254036,9.999999747378752e-05,0.362487380830496,0.0571208699096307,0.33333680445779124,0.7468904539655579,"{""kernels.0.base_kernel.kernels.0"": [0.33333740685996793, 0.333332902071944, 0.3333199625605768, 0.33333405910003544, 0.3333450450435635, 0.33334022720301254, 0.3333332821938814, 0.333334551002049, 0.33332434712985315, 0.3333255524843911, 0.3333303093847116, 0.33331474301447056, 0.3333357952831156, 0.33333620205561454, 0.33333537254077006, 0.333334906162463, 0.3333346340387184, 0.333311539736353], ""kernels.0.base_kernel.kernels.1.base_kernel"": [0.6931481805599428, 0.6931481805599428, 0.6931481805599428], ""kernels.1.base_kernel.kernels.0"": [0.5305793618683643, 0.4893255293348864, 0.6058898374624077, 0.4246987265752639, 0.21651059409810602, 0.7468904539655579, 0.1634063550220373, 0.1669842344694058, 0.5229624950526042, 0.4586611767128979, 0.7100378862953425, 0.5580995042760897, 0.16266853383412752, 0.49495193556439654, 0.4084085084750869, 0.2450461555538884, 0.0571208699096307, 0.40645997935474026], ""kernels.1.base_kernel.kernels.1"": [0.6931481805599428, 0.6931481805599428, 0.6931481805599428]}","{""kernels.0"": 4.970290757909671e-06, ""kernels.0.base_kernel.kernels.1"": 0.0013904350176072548, ""kernels.1"": 1.0860667371831227}",12,3,36,1,9,radius,0,390
490,271.96114478893924,84.49995109796598,0.4994,local,-2.600485907744082,-9.691039419392359,7.090553511648277,1.3498894268443375,1.4140529911962003,radius,,,0.6861878031680566,0.005814652707391473,0.00897887563000761,9.999999747378752e-05,0.3625181012894247,0.056539466085575224,0.33333681823357897,0.7423919399294524,"{""kernels.0.base_kernel.kernels.0"": [0.3333373503616425, 0.33333270635964424, 0.3333196471869101, 0.33333400221257803, 0.3333444476399626, 0.3333395626579152, 0.3333330351730446, 0.3333345396818058, 0.33332461006005243, 0.33332558200996487, 0.33333084721051703, 0.3333156447035051, 0.3333357406117086, 0.3333362861055154, 0.33333518492377295, 0.33333513955191907, 0.3333345703696936, 0.33331338645814773], ""kernels.0.base_kernel.kernels.1.base_kernel"": [0.6931481805599428, 0.6931481805599428, 0.6931481805599428], ""kernels.1.base_kernel.kernels.0"": [0.5332710417619534, 0.4863519741740884, 0.5522379152296384, 0.40519584627709476, 0.2036566891724902, 0.7423919399294524, 0.154767682685205, 0.16609876323518719, 0.5264652756956494, 0.4711982519379653, 0.7362175291353589, 0.574207535228441, 0.1707717345195761, 0.529171210837331, 0.39760016549742044, 0.271763192673314, 0.056539466085575224, 0.4227079911715446], ""kernels.1.base_kernel.kernels.1"": [0.6931481805599428, 0.6931481805599428, 0.6931481805599428]}","{""kernels.0"": 4.97033747879418e-06, ""kernels.0.base_kernel.kernels.1"": 0.0013904349588111213, ""kernels.1"": 1.086158898571984}",12,3,36,2,9,radius,0,391
491,168.08843156865,84.49995109796598,0.4982,global,-2.8906990008009785,-4.536541437747468,1.6458424369464897,0.46655347144591935,1.36360258792783,global,,,0.7271863113663765,0.005827358630371592,0.008971773124163977,9.999999747378752e-05,0.3645486645866854,0.05645850055447241,0.3333368111860051,0.7398165627178461,"{""kernels.0.base_kernel.kernels.0"": [0.33333733157206863, 0.33333263100745136, 0.33331966054016143, 0.33333399732979746, 0.3333443686562413, 0.3333393945491103, 0.3333330016471997, 0.3333345258971226, 0.33332467270216615, 0.3333255625146958, 0.3333308581240417, 0.333315728873539, 0.33333572346188867, 0.3333362907999416, 0.33333515035572264, 0.3333351249384574, 0.3333345635235151, 0.33331355825342074], ""kernels.0.base_kernel.kernels.1.base_kernel"": [0.6931481805599428, 0.6931481805599428, 0.6931481805599428], ""kernels.1.base_kernel.kernels.0"": [0.5323483185053153, 0.48565719679755226, 0.5506070416897305, 0.4044293751651997, 0.2009985933278498, 0.7398165627178461, 0.15561112271661282, 0.16499889080296687, 0.5298030169319152, 0.47369472402358354, 0.736918927251327, 0.5769558343892273, 0.17099212855009538, 0.5311341363751322, 0.3956086378547521, 0.2671456869351082, 0.05645850055447241, 0.42263240163576443], ""kernels.1.base_kernel.kernels.1"": [0.6931481805599428, 0.6931481805599428, 0.6931481805599428]}","{""kernels.0"": 4.9703502914581365e-06, ""kernels.0.base_kernel.kernels.1"": 0.0013904349454749265, ""kernels.1"": 1.09225058846429}",12,3,36,0,9,radius,0,392
492,187.0121305761583,84.49995109796598,0.4986,global,-2.6585218188958186,-4.556906746466007,1.8983849275701883,1.081813396623016,1.3859073046978911,global,,,0.5627784340518579,0.0058104318925959655,0.00896485674452406,9.999999747378752e-05,0.361780933000518,0.05644584695576725,0.33333681105235424,0.7398323100564623,"{""kernels.0.base_kernel.kernels.0"": [0.3333373285324315, 0.3333326212840988, 0.3333196666385901, 0.33333399822635584, 0.3333443535119625, 0.3333393649380136, 0.3333329967651026, 0.3333345249741932, 0.3333246859187438, 0.3333255600438594, 0.33333086317322935, 0.33331574776743417, 0.3333357211543358, 0.333336293572277, 0.33333514447247764, 0.3333351250813786, 0.3333345625440099, 0.33331359439467795], ""kernels.0.base_kernel.kernels.1.base_kernel"": [0.6931481805599428, 0.6931481805599428, 0.6931481805599428], ""kernels.1.base_kernel.kernels.0"": [0.5322706721981083, 0.48659042901570776, 0.5505680139799649, 0.4048386222404077, 0.2010017232939895, 0.7398323100564623, 0.1560564490589602, 0.16516778009020766, 0.5307421651084172, 0.47448002764984926, 0.7372553988278968, 0.5778153152030492, 0.1712328724251237, 0.5318630558662651, 0.39536372417917925, 0.26691212968585054, 0.05644584695576725, 0.4230357042246778], ""kernels.1.base_kernel.kernels.1"": [0.6931481805599428, 0.6931481805599428, 0.6931481805599428]}","{""kernels.0"": 4.970352324302128e-06, ""kernels.0.base_kernel.kernels.1"": 0.001390434942848523, ""kernels.1"": 1.0839473937063813}",12,3,36,1,9,radius,0,393
493,95.04943886047559,84.49995109796598,0.503,local,-2.576517380290998,-5.676320928108315,3.099803547817317,0.17980482616667623,0.8453809611040541,radius,,,0.18595270742405043,0.005822661583998444,0.008957649710981778,9.999999747378752e-05,0.36349297647218926,0.05640232444208633,0.3333368055910082,0.7382813272672815,"{""kernels.0.base_kernel.kernels.0"": [0.33333731849496895, 0.33333257034205793, 0.3333196676231605, 0.33333398435456735, 0.3333443106272464, 0.3333392676695239, 0.3333329804853164, 0.3333345187220164, 0.3333247099597267, 0.33332553353878913, 0.3333308689290946, 0.3333157765896187, 0.33333571059968814, 0.3333362926870475, 0.33333512227027473, 0.33333512299506274, 0.33333456035000464, 0.33331367840319237], ""kernels.0.base_kernel.kernels.1.base_kernel"": [0.6931481805599428, 0.6931481805599428, 0.6931481805599428], ""kernels.1.base_kernel.kernels.0"": [0.5315627536081327, 0.4865701232982837, 0.5495394507410049, 0.4031671390427605, 0.19875953771415597, 0.7382813272672815, 0.1563960720806275, 0.16499848799958702, 0.5322730787793701, 0.4753335065890586, 0.7373399105043256, 0.5791141711591796, 0.17055225488341225, 0.5321020427888469, 0.39374461464019833, 0.2652901902933862, 0.05640232444208633, 0.4224540946587399], ""kernels.1.base_kernel.kernels.1"": [0.6931481805599428, 0.6931481805599428, 0.6931481805599428]}","{""kernels.0"": 4.970360571895524e-06, ""kernels.0.base_kernel.kernels.1"": 0.0013904349349524007, ""kernels.1"": 1.0890835241210435}",12,3,36,1,9,radius,0,394
494,251.5850685351299,84.49995109796598,0.4992,global,-3.09077283657227,-5.057527030460986,1.966754193888716,0.543523978705401,1.2345164319365707,global,,,0.7228741905646004,0.005810985664749087,0.008956699367131024,9.999999747378752e-05,0.360831984835882,0.056389884315898815,0.3333368044120395,0.7378385121430364,"{""kernels.0.base_kernel.kernels.0"": [0.3333373160094442, 0.33333255504882264, 0.33331967069251883, 0.3333339815124522, 0.33334429727504256, 0.3333392316262957, 0.3333329765249937, 0.33333451577283424, 0.3333247220257123, 0.33332553034731827, 0.3333308774114794, 0.3333157915741645, 0.3333357064466182, 0.33333629281463484, 0.33333511361765095, 0.33333512291071665, 0.333334559792716, 0.33331370597234794], ""kernels.0.base_kernel.kernels.1.base_kernel"": [0.6931481805599428, 0.6931481805599428, 0.6931481805599428], ""kernels.1.base_kernel.kernels.0"": [0.5315792265547208, 0.48783639105991394, 0.5493947404036231, 0.40328258316967164, 0.19855789565028154, 0.7378385121430364, 0.1569415066814817, 0.16515834198473583, 0.5333453194272325, 0.4760483108997645, 0.7376408056249832, 0.5798902733433402, 0.17058353033747742, 0.5324086604973264, 0.39323739401711827, 0.2652968589033494, 0.056389884315898815, 0.4227524283079158], ""kernels.1.base_kernel.kernels.1"": [0.6931481805599428, 0.6931481805599428, 0.6931481805599428]}","{""kernels.0"": 4.970363102863459e-06, ""kernels.0.base_kernel.kernels.1"": 0.001390434932051431, ""kernels.1"": 1.0811005492124917}",12,3,36,0,9,radius,0,395
495,173.15264277108537,84.49995109796598,0.5,global,-2.9419986171975023,-3.7801291893259217,0.8381305721284193,0.4757994906460272,1.308638007738457,global,,,0.6645819678151911,0.005821213141120072,0.008949423470223363,9.999999747378752e-05,0.36259150447266036,0.0563486261246908,0.3333368009439645,0.7376560695479825,"{""kernels.0.base_kernel.kernels.0"": [0.333337311876028, 0.3333324958713381, 0.33331966050899964, 0.33333396425351447, 0.33334426244937343, 0.3333391225567438, 0.33333295829604775, 0.33333450642882034, 0.33332473501964627, 0.33332551080617756, 0.33333088624242696, 0.3333158106202244, 0.33333569570014343, 0.333336290011901, 0.33333509101509445, 0.33333512056727516, 0.33333455801492157, 0.3333137602339444], ""kernels.0.base_kernel.kernels.1.base_kernel"": [0.6931481805599428, 0.6931481805599428, 0.6931481805599428], ""kernels.1.base_kernel.kernels.0"": [0.5313371921088118, 0.48827263797088366, 0.5482122261832799, 0.4011090906179403, 0.1967731629110339, 0.7355088697776071, 0.1575596307252188, 0.16478644674877838, 0.5348882044778802, 0.4767651239403197, 0.7376560695479825, 0.5805578540182966, 0.169910277939561, 0.5322232100356907, 0.3914015915737348, 0.2642888580876315, 0.0563486261246908, 0.4221625282580225], ""kernels.1.base_kernel.kernels.1"": [0.6931481805599428, 0.6931481805599428, 0.6931481805599428]}","{""kernels.0"": 4.970371641429594e-06, ""kernels.0.base_kernel.kernels.1"": 0.0013904349243300381, ""kernels.1"": 1.0863791081220096}",12,3,36,2,9,radius,0,396
496,323.8411106066695,84.49995109796598,0.4964,global,-3.024114351740166,-4.274082023277957,1.2499676715377914,1.6172781016416518,1.4133546009932574,global,,,0.6786168467440462,0.005807288228872053,0.008942432871795903,9.999999747378752e-05,0.3601805988059266,0.056335479565729873,0.33333680048649483,0.7378488864078228,"{""kernels.0.base_kernel.kernels.0"": [0.33333731061619226, 0.33333247465899146, 0.3333196604515158, 0.3333339614151487, 0.33334424801633544, 0.3333390833469684, 0.33333295226717863, 0.33333450365037093, 0.3333247444448322, 0.33332550617110923, 0.3333308921197521, 0.33331582295350975, 0.33333569261681223, 0.3333362903567974, 0.3333350828387053, 0.333335120935335, 0.333334557452816, 0.33331378733610145], ""kernels.0.base_kernel.kernels.1.base_kernel"": [0.6931481805599428, 0.6931481805599428, 0.6931481805599428], ""kernels.1.base_kernel.kernels.0"": [0.5313594312888024, 0.4889398794151905, 0.54801184843838, 0.4009675451926871, 0.196500189240114, 0.7350813149184799, 0.1580870580162203, 0.1649171062204987, 0.5359439121355558, 0.4774324476755676, 0.7378488864078228, 0.5812041630831267, 0.1700202681841031, 0.5325020132207297, 0.3908887204442281, 0.26425994642784384, 0.056335479565729873, 0.4224963047823341], ""kernels.1.base_kernel.kernels.1"": [0.6931481805599428, 0.6931481805599428, 0.6931481805599428]}","{""kernels.0"": 4.970374512370551e-06, ""kernels.0.base_kernel.kernels.1"": 0.0013904349212476757, ""kernels.1"": 1.0791463911220198}",12,3,36,0,9,radius,0,397
497,307.66495774926386,84.49995109796598,0.498,global,-3.0928282763010557,-4.1359742981638306,1.0431460218627748,0.6192602918594182,1.3247515065460573,global,,,0.5356530071433827,0.00581510866061316,0.008936402976824425,9.999999747378752e-05,0.3617655176952101,0.05630994636662028,0.3333367998028929,0.737882007499283,"{""kernels.0.base_kernel.kernels.0"": [0.333337307986562, 0.333332435652146, 0.3333196519509699, 0.33333395331368465, 0.33334422676667785, 0.3333390201368782, 0.33333294284788295, 0.3333344929486435, 0.33332475076284046, 0.333325489202032, 0.33333089732464827, 0.3333158158602708, 0.33333568788956036, 0.3333362916192238, 0.3333350691898125, 0.33333511936622484, 0.33333455722431193, 0.33331381302051727], ""kernels.0.base_kernel.kernels.1.base_kernel"": [0.6931481805599428, 0.6931481805599428, 0.6931481805599428], ""kernels.1.base_kernel.kernels.0"": [0.5311848776015597, 0.4887792841368547, 0.5471942740835953, 0.3998574844326667, 0.19553338258351777, 0.7338157824833463, 0.15826945875049458, 0.16427028682237818, 0.536824029561227, 0.4776695420030276, 0.737882007499283, 0.580607232591662, 0.16986254174369758, 0.5320823478622037, 0.3897923748381764, 0.26372532579934527, 0.05630994636662028, 0.4220720550901067], ""kernels.1.base_kernel.kernels.1"": [0.6931481805599428, 0.6931481805599428, 0.6931481805599428]}","{""kernels.0"": 4.970379681243809e-06, ""kernels.0.base_kernel.kernels.1"": 0.0013904349167706402, ""kernels.1"": 1.0839011477891782}",12,3,36,0,9,radius,0,398
498,335.9728329159568,84.49995109796598,0.4978,global,-3.167326154438342,-4.340953131306021,1.1736269768676788,0.51827413611848,1.3074157517614378,global,,,0.6298995807634703,0.005813765599701377,0.008930249474085633,9.999999747378752e-05,0.3564131946512363,0.055818088428996986,0.33333688424811514,0.7335975893670615,"{""kernels.0.base_kernel.kernels.0"": [0.3333372406948237, 0.33333193575636866, 0.33331956485797604, 0.3333338522987177, 0.3333437685069825, 0.33333763807669614, 0.3333327958260541, 0.3333343630788077, 0.3333248065445934, 0.33332518904329855, 0.3333310131236122, 0.3333158562413014, 0.3333356188229843, 0.33333652780140655, 0.33333478103306396, 0.3333351475761388, 0.3333345447493617, 0.33331441056899397], ""kernels.0.base_kernel.kernels.1.base_kernel"": [0.6931481805599428, 0.6931481805599428, 0.6931481805599428], ""kernels.1.base_kernel.kernels.0"": [0.529507551523162, 0.47424931633466183, 0.5352977381898323, 0.3870471053122619, 0.196699998820758, 0.7099407521931256, 0.16262150632070804, 0.16060261817433394, 0.5355984601857207, 0.49051054040084613, 0.7335975893670615, 0.581221684734876, 0.16555512321293586, 0.542357051745481, 0.3493881277727909, 0.25869747721063036, 0.055818088428996986, 0.4096572126058364], ""kernels.1.base_kernel.kernels.1"": [0.6931481805599428, 0.6931481805599428, 0.6931481805599428]}","{""kernels.0"": 4.9704792043928925e-06, ""kernels.0.base_kernel.kernels.1"": 0.0013904348257109307, ""kernels.1"": 1.0678441786487936}",12,3,36,0,9,radius,0,399
499,104.47805692418319,84.49995109796598,0.5004,global,-2.80383823030348,-7.89455451338425,5.09071628308077,0.29376352177883513,0.8965721453551111,global,,,0.2457048264023396,0.005819586013264416,0.00892452956135911,9.999999747378752e-05,0.3578190038648534,0.0557802112487472,0.3333368736532437,0.7334967349518758,"{""kernels.0.base_kernel.kernels.0"": [0.3333372369446979, 0.3333319372912726, 0.33331956616080427, 0.33333382274593176, 0.3333437214583289, 0.33333755257292785, 0.33333279468928073, 0.33333435999780797, 0.33332480670435005, 0.3333251695942382, 0.33333102712437374, 0.33331587975215704, 0.33333561288383456, 0.3333365103617896, 0.33333476799215284, 0.33333515187255897, 0.333334540343028, 0.3333144763037502], ""kernels.0.base_kernel.kernels.1.base_kernel"": [0.6931481805599428, 0.6931481805599428, 0.6931481805599428], ""kernels.1.base_kernel.kernels.0"": [0.5298122104881966, 0.47812905867926725, 0.534438743179583, 0.3861254276801176, 0.19542687353506605, 0.711068982007173, 0.16208758856999683, 0.16143611484490655, 0.5339855874600978, 0.49068529219847334, 0.7334967349518758, 0.5829454984060015, 0.16576966601036688, 0.5392525392284595, 0.3470566989541969, 0.2587503371916835, 0.0557802112487472, 0.409068751365943], ""kernels.1.base_kernel.kernels.1"": [0.6931481805599428, 0.6931481805599428, 0.6931481805599428]}","{""kernels.0"": 4.970487830074895e-06, ""kernels.0.base_kernel.kernels.1"": 0.0013904348172408198, ""kernels.1"": 1.0720616062894892}",12,3,36,0,9,radius,0,400
500,105.18061526634534,84.49995109796598,0.4994,local,-2.9971756069060405,-6.0021410965072075,3.004965489601167,0.20216021788912603,1.080001544849812,radius,,,0.3133595912818687,0.00580948011349362,0.008922274693095521,9.999999747378752e-05,0.35602994059336135,0.05577037807142431,0.3333368711198183,0.7334920999610308,"{""kernels.0.base_kernel.kernels.0"": [0.33333723643519975, 0.3333319371756176, 0.3333195656643272, 0.3333338144949873, 0.333343705820596, 0.33333752052058263, 0.33333279704759383, 0.3333343596402985, 0.33332480891766403, 0.3333251661962336, 0.3333310261120084, 0.33331588901677617, 0.33333561443303417, 0.33333650580443686, 0.333334764148706, 0.333335156444958, 0.33333454013596653, 0.3333145063932726], ""kernels.0.base_kernel.kernels.1.base_kernel"": [0.6931481805599428, 0.6931481805599428, 0.6931481805599428], ""kernels.1.base_kernel.kernels.0"": [0.5300524314563707, 0.47967682800905304, 0.5343086150832081, 0.3865260732222034, 0.19542109994539805, 0.7114374926712496, 0.1622601668717076, 0.16168882807804197, 0.5338319204277604, 0.4911322374893366, 0.7334920999610308, 0.5840602946453006, 0.16605849318288865, 0.5385518933627705, 0.3465613267266242, 0.25916056266770676, 0.05577037807142431, 0.4092933097520114], ""kernels.1.base_kernel.kernels.1"": [0.6931481805599428, 0.6931481805599428, 0.6931481805599428]}","{""kernels.0"": 4.970490948800065e-06, ""kernels.0.base_kernel.kernels.1"": 0.0013904348140599757, ""kernels.1"": 1.0666944164750753}",12,3,36,2,9,radius,0,401
501,342.42799047008396,84.49995109796598,0.4956,global,-3.1996792157387834,-4.3141269837549805,1.114447768016197,0.7086728855355128,1.391585576574266,global,,,0.6983867584116785,0.005814642923002722,0.008920072150518588,9.999999747378752e-05,0.35696741120960657,0.05555752159578655,0.33333663557975357,0.7328990813245232,"{""kernels.0.base_kernel.kernels.0"": [0.3333372296189761, 0.33333183701965013, 0.33331948874630063, 0.33333361626496455, 0.33334344081969824, 0.33333687592390226, 0.3333328249239186, 0.3333343354725903, 0.3333247947749955, 0.33332503883005654, 0.33333098124312316, 0.3333159487749156, 0.3333356463748375, 0.3333363952356048, 0.3333346873660776, 0.33333522670102717, 0.33333453817163405, 0.3333149875537881], ""kernels.0.base_kernel.kernels.1.base_kernel"": [0.6931481805599428, 0.6931481805599428, 0.6931481805599428], ""kernels.1.base_kernel.kernels.0"": [0.5328498090990955, 0.49525275678157316, 0.5305533157088744, 0.38552866912820405, 0.19054718646113614, 0.7160588449418638, 0.1618073873849264, 0.16230207510279615, 0.5267235550967446, 0.49539109915397606, 0.7328990813245232, 0.6028271777914591, 0.17371845908337397, 0.5215266112816559, 0.3357357792114956, 0.262859648166991, 0.05555752159578655, 0.41028753852350563], ""kernels.1.base_kernel.kernels.1"": [0.6931481805599428, 0.6931481805599428, 0.6931481805599428]}","{""kernels.0"": 4.97055789823142e-06, ""kernels.0.base_kernel.kernels.1"": 0.0013904347535243183, ""kernels.1"": 1.0695068283173972}",12,3,36,0,9,radius,0,402
502,292.66390360062394,84.49995109796598,0.5004,global,-3.1989657209894,-4.601503134433191,1.402537413443791,0.6319587359472449,1.344395431495425,global,,,0.6907197360167057,0.005817660796053991,0.008914526025866691,9.999999747378752e-05,0.3582775892621295,0.0555328282794294,0.33333658224708695,0.7325288169301419,"{""kernels.0.base_kernel.kernels.0"": [0.3333372314961953, 0.33333176822475136, 0.33331947105596105, 0.33333359626254255, 0.3333434291030688, 0.3333367919116763, 0.3333328311586046, 0.3333343371771297, 0.33332480203798776, 0.3333250175443217, 0.333330965885619, 0.3333159006130706, 0.3333356531328011, 0.3333363725824976, 0.3333346814143432, 0.3333352295866534, 0.33333454275026897, 0.33331501266044944], ""kernels.0.base_kernel.kernels.1.base_kernel"": [0.6931481805599428, 0.6931481805599428, 0.6931481805599428], ""kernels.1.base_kernel.kernels.0"": [0.5325869151560688, 0.4911064703487212, 0.5305224915450356, 0.38519403917203315, 0.19042037733343986, 0.7157441402998198, 0.16231400766009185, 0.16200184609538082, 0.526512813124117, 0.4962030423310741, 0.7325288169301419, 0.603144558545937, 0.17379814609244454, 0.5202170827513628, 0.33428639493398343, 0.26241148727455615, 0.0555328282794294, 0.4095715683139588], ""kernels.1.base_kernel.kernels.1"": [0.6931481805599428, 0.6931481805599428, 0.6931481805599428]}","{""kernels.0"": 4.970568982819727e-06, ""kernels.0.base_kernel.kernels.1"": 0.0013904347453571589, ""kernels.1"": 1.0734373624720486}",12,3,36,0,9,radius,0,403
503,225.15973941554415,84.49995109796598,0.4996,global,-3.2070788419635723,-4.55997088590074,1.3528920439371679,0.9706063270072516,1.4089342696893343,global,,,0.7466934005542459,0.005806696527989874,0.008907872109131994,9.999999747378752e-05,0.35681641425937216,0.05552334552093262,0.33333655998358486,0.732475684508859,"{""kernels.0.base_kernel.kernels.0"": [0.3333372322823386, 0.3333317515116906, 0.3333194666168254, 0.33333359022773146, 0.33334342285835583, 0.33333675824473885, 0.3333328346781609, 0.33333433885791064, 0.3333248074192733, 0.3333250105140953, 0.33333096002577306, 0.33331588492295183, 0.33333565567655965, 0.33333636172243086, 0.3333346788088881, 0.3333352312791477, 0.3333345444217867, 0.3333150274825562], ""kernels.0.base_kernel.kernels.1.base_kernel"": [0.6931481805599428, 0.6931481805599428, 0.6931481805599428], ""kernels.1.base_kernel.kernels.0"": [0.5325589816489067, 0.4903936102601754, 0.5305778721258754, 0.3854313159171505, 0.1905482916810978, 0.715686758882236, 0.16269824141267086, 0.1620842309849596, 0.5266285067767879, 0.49665270436798753, 0.732475684508859, 0.6035282276247714, 0.17391431000349833, 0.5197065091482511, 0.33374816172943106, 0.26238315017695957, 0.05552334552093262, 0.40943997576033647], ""kernels.1.base_kernel.kernels.1"": [0.6931481805599428, 0.6931481805599428, 0.6931481805599428]}","{""kernels.0"": 4.970573294312221e-06, ""kernels.0.base_kernel.kernels.1"": 0.0013904347418615796, ""kernels.1"": 1.0690538374629606}",12,3,36,0,9,radius,0,404
504,164.4678142828047,84.49995109796598,0.5,global,-3.142640590508368,-4.359884523495429,1.2172439329870612,0.5338719621138287,1.4039465215197715,global,,,0.4920436135477854,0.0058081254113969425,0.00890056805188669,9.999999747378752e-05,0.3578680279434458,0.055503897046632285,0.33333600064608987,0.732162190414138,"{""kernels.0.base_kernel.kernels.0"": [0.33333723355253014, 0.33333172005485967, 0.33331945269533936, 0.3333335752335257, 0.3333434133541815, 0.3333366963995989, 0.33333283888673404, 0.3333343411945089, 0.33332481014970616, 0.3333249933789165, 0.3333309468180606, 0.33331585033518857, 0.33333565976019064, 0.3333363415319891, 0.333334673922526, 0.3333352335844597, 0.33333454735878415, 0.3333150450141595], ""kernels.0.base_kernel.kernels.1.base_kernel"": [0.6931481805599428, 0.6931481805599428, 0.6931481805599428], ""kernels.1.base_kernel.kernels.0"": [0.5323806044019159, 0.4885572776746389, 0.5302801610528061, 0.3848700066599195, 0.19030343972463215, 0.7150550139805557, 0.1629018137999132, 0.1620224880166073, 0.5262570963352549, 0.49691221971904154, 0.732162190414138, 0.6038982416100542, 0.17388957412370315, 0.5183919613078046, 0.3326136272509541, 0.26207530212695496, 0.055503897046632285, 0.4085715455365668], ""kernels.1.base_kernel.kernels.1"": [0.6931481805599428, 0.6931481805599428, 0.6931481805599428]}","{""kernels.0"": 4.970581271434231e-06, ""kernels.0.base_kernel.kernels.1"": 0.001390434735970177, ""kernels.1"": 1.0722086785130958}",12,3,36,1,9,radius,0,405
505,148.8736762771469,84.49995109796598,0.501,global,-3.2329952271384275,-4.568052582508723,1.3350573553702954,0.3484287174498452,1.2657010088536216,global,,,0.4017764382621157,0.005797617227040154,0.008894008594632751,9.999999747378752e-05,0.35649293174065305,0.0554929412180571,0.33333599698612915,0.7320673678089704,"{""kernels.0.base_kernel.kernels.0"": [0.33333723343040184, 0.3333317049660576, 0.33331944619062503, 0.3333335690566461, 0.33334340496224113, 0.3333366671906347, 0.33333284266600355, 0.3333343416470795, 0.3333248178237146, 0.33332498636597324, 0.33333094000049185, 0.3333158345169003, 0.33333566213285426, 0.3333363318394041, 0.3333346717472494, 0.3333352356939245, 0.3333345492756479, 0.33331505976742154], ""kernels.0.base_kernel.kernels.1.base_kernel"": [0.6931481805599428, 0.6931481805599428, 0.6931481805599428], ""kernels.1.base_kernel.kernels.0"": [0.5323196332324869, 0.48798720951103464, 0.5301757384445751, 0.38539443909446003, 0.19044562144979296, 0.715128806919088, 0.16326702775921376, 0.16197298526897375, 0.5263718593880581, 0.4973136001765749, 0.7320673678089704, 0.6044780710409237, 0.1739930845918898, 0.5179565640623216, 0.33196920437158345, 0.26211292384409446, 0.0554929412180571, 0.4081842742232248], ""kernels.1.base_kernel.kernels.1"": [0.6931481805599428, 0.6931481805599428, 0.6931481805599428]}","{""kernels.0"": 4.970585986868579e-06, ""kernels.0.base_kernel.kernels.1"": 0.0013904347321014947, ""kernels.1"": 1.0680833899038706}",12,3,36,0,9,radius,0,406
506,93.59174661763922,84.49995109796598,0.5006,local,-2.6665824908149025,-4.8189651571250405,2.152382666310138,0.23965069511868348,1.0841142629568563,radius,,,0.17750472821604932,0.005800496747822314,0.008888152657602693,9.999999747378752e-05,0.3576040691124469,0.05547588785166082,0.3333359881511996,0.7318496942406134,"{""kernels.0.base_kernel.kernels.0"": [0.33333723376548513, 0.3333316842885026, 0.3333194378106401, 0.3333335544998568, 0.33334339268269253, 0.333336615307276, 0.33333284773974586, 0.33333434214524027, 0.33332482131212077, 0.33332497998242894, 0.33333091984656266, 0.3333158132869484, 0.33333565546897403, 0.33333632083342507, 0.33333466724164657, 0.33333523944963894, 0.33333455331741435, 0.33331508079363104], ""kernels.0.base_kernel.kernels.1.base_kernel"": [0.6931481805599428, 0.6931481805599428, 0.6931481805599428], ""kernels.1.base_kernel.kernels.0"": [0.5321555950155761, 0.48652726764314924, 0.5301180442590776, 0.3854088021898408, 0.19006212070291356, 0.715241064902131, 0.16348951550600643, 0.16171335590361385, 0.5259050632710971, 0.4976446237510317, 0.7318496942406134, 0.6048664548156661, 0.17392403376414253, 0.5171237188096292, 0.331037087834093, 0.2621365246048843, 0.05547588785166082, 0.40742755478965054], ""kernels.1.base_kernel.kernels.1"": [0.6931481805599428, 0.6931481805599428, 0.6931481805599428]}","{""kernels.0"": 4.970592817701258e-06, ""kernels.0.base_kernel.kernels.1"": 0.0013904347269518109, ""kernels.1"": 1.0714168020175712}",12,3,36,1,9,radius,0,407
507,274.2266615684068,84.49995109796598,0.4992,global,-3.2533372003872456,-5.162167295991008,1.9088300956037623,0.6669052689664288,1.406758288820463,global,,,0.7276112829213355,0.005791258504427266,0.00888756907421266,9.999999747378752e-05,0.35607617686355336,0.05546587516128808,0.3333359831091012,0.7318864733989924,"{""kernels.0.base_kernel.kernels.0"": [0.3333372337176955, 0.333331676359428, 0.33331943163882033, 0.3333335532106823, 0.33334338602735875, 0.33333657885871043, 0.333332852408071, 0.3333343434256094, 0.3333248381613677, 0.33332498089474405, 0.3333308985494292, 0.33331579670393163, 0.33333565249606684, 0.33333631372213557, 0.33333466529032796, 0.3333352417886735, 0.33333455584097327, 0.33331509358068934], ""kernels.0.base_kernel.kernels.1.base_kernel"": [0.6931481805599428, 0.6931481805599428, 0.6931481805599428], ""kernels.1.base_kernel.kernels.0"": [0.5322074533878338, 0.48607259415158044, 0.530322835698805, 0.38566109526318665, 0.19049129614403204, 0.7153144500515448, 0.1639228014794475, 0.16177881636913904, 0.5269596388111253, 0.49819525236943857, 0.7318864733989924, 0.6052690886542375, 0.1740284549769824, 0.5166423760577689, 0.3305898474047377, 0.2620240512654218, 0.05546587516128808, 0.4074328404284656], ""kernels.1.base_kernel.kernels.1"": [0.6931481805599428, 0.6931481805599428, 0.6931481805599428]}","{""kernels.0"": 4.970596975487618e-06, ""kernels.0.base_kernel.kernels.1"": 0.0013904347235719034, ""kernels.1"": 1.0668331252701126}",12,3,36,0,9,radius,0,408
508,232.9695708822082,84.49995109796598,0.502,global,-3.3152296327597632,-4.402880924801312,1.0876512920415484,1.133565574213496,1.4001853088735292,global,,,0.746684172636804,0.005792027311842038,0.008880774831459975,9.999999747378752e-05,0.35747214805326255,0.05544591408096677,0.3333359735894944,0.7316168595606711,"{""kernels.0.base_kernel.kernels.0"": [0.3333372337951375, 0.3333316595693081, 0.33331941473654875, 0.333333545904593, 0.33334337652900303, 0.33333651264622455, 0.33333285845076577, 0.3333343449799753, 0.33332485750901164, 0.3333249753958831, 0.3333308587413583, 0.3333157576951814, 0.33333564714156516, 0.3333363000374237, 0.33333466135343076, 0.33333524452016633, 0.3333345602333157, 0.33331510703335354], ""kernels.0.base_kernel.kernels.1.base_kernel"": [0.6931481805599428, 0.6931481805599428, 0.6931481805599428], ""kernels.1.base_kernel.kernels.0"": [0.5321477798695537, 0.4844205142043136, 0.5303249426486436, 0.3849967063188311, 0.1906699758722324, 0.714793359614749, 0.16418066723107394, 0.16158893268927207, 0.5279624198724626, 0.4984570043525203, 0.7316168595606711, 0.6052362389250382, 0.17390698567665033, 0.5151979771291602, 0.3295843352169834, 0.26126473230697134, 0.05544591408096677, 0.4067001954190971], ""kernels.1.base_kernel.kernels.1"": [0.6931481805599428, 0.6931481805599428, 0.6931481805599428]}","{""kernels.0"": 4.97060474345788e-06, ""kernels.0.base_kernel.kernels.1"": 0.001390434717956325, ""kernels.1"": 1.0710210388370878}",12,3,36,0,9,radius,0,409
509,266.2283969531673,84.49995109796598,0.499,global,-3.358125515206047,-4.1770944964105245,0.8189689812044776,0.7841380003486489,1.3720808913460802,global,,,0.6540216756799566,0.005780332966927297,0.00887351447633673,9.999999747378752e-05,0.3560908671665313,0.055435173390644465,0.3333359691777354,0.7315879364618706,"{""kernels.0.base_kernel.kernels.0"": [0.3333372338768252, 0.33333165449284985, 0.3333194073600985, 0.33333354390862474, 0.3333433696455053, 0.3333364737634255, 0.33333286247112065, 0.33333434624710834, 0.3333248712863737, 0.33332497386585, 0.3333308367379255, 0.3333157386555596, 0.3333356439780869, 0.3333362943773839, 0.3333346591850981, 0.33333524684472493, 0.33333456280999507, 0.33331512053804807], ""kernels.0.base_kernel.kernels.1.base_kernel"": [0.6931481805599428, 0.6931481805599428, 0.6931481805599428], ""kernels.1.base_kernel.kernels.0"": [0.5321786964958262, 0.4840621877675963, 0.5305125213545656, 0.3850272398290092, 0.19095381293636401, 0.7146835078945393, 0.16449435848840455, 0.16166008481355326, 0.5287681030183533, 0.4987653030639892, 0.7315879364618706, 0.6055605098996647, 0.1739727187062539, 0.5147234883200376, 0.3290628633301033, 0.2610657589252129, 0.055435173390644465, 0.4065911379904697], ""kernels.1.base_kernel.kernels.1"": [0.6931481805599428, 0.6931481805599428, 0.6931481805599428]}","{""kernels.0"": 4.970609139146401e-06, ""kernels.0.base_kernel.kernels.1"": 0.0013904347144330909, ""kernels.1"": 1.0668771961760217}",12,3,36,0,9,radius,0,410
510,127.55872845413789,84.49995109796598,0.4964,local,-3.163083554357046,-6.760474016497023,3.597390462139977,0.16326085831458653,0.8561604482762218,radius,,,0.32468281628276413,0.00578096373721523,0.008866642695434562,9.999999747378752e-05,0.35720285029621407,0.05541787626151434,0.33333596195948867,0.7314216423158039,"{""kernels.0.base_kernel.kernels.0"": [0.33333723399624654, 0.33333164557496936, 0.3333193908507698, 0.3333335376669498, 0.33334336132041, 0.3333364146267648, 0.33333286778636717, 0.33333434651296046, 0.3333248830902092, 0.33332496737790324, 0.33333080415066707, 0.3333157034909009, 0.3333356394972221, 0.3333362844217552, 0.3333346556833207, 0.3333352494525734, 0.33333456679304824, 0.3333151340837641], ""kernels.0.base_kernel.kernels.1.base_kernel"": [0.6931481805599428, 0.6931481805599428, 0.6931481805599428], ""kernels.1.base_kernel.kernels.0"": [0.5321056499221029, 0.48300821004595107, 0.5305772973037888, 0.3843266080258221, 0.19102851422498215, 0.7141741784954229, 0.16449317392566032, 0.1614794383241104, 0.5294335369428953, 0.498916708287947, 0.7314216423158039, 0.605473682240913, 0.17383638452427, 0.5136337261961176, 0.3281051423676988, 0.2604497683395697, 0.05541787626151434, 0.4060329429134214], ""kernels.1.base_kernel.kernels.1"": [0.6931481805599428, 0.6931481805599428, 0.6931481805599428]}","{""kernels.0"": 4.970615770806167e-06, ""kernels.0.base_kernel.kernels.1"": 0.0013904347096229109, ""kernels.1"": 1.0702131455632484}",12,3,36,1,9,radius,0,411
511,222.98457741543365,84.49995109796598,0.5002,global,-3.3842871674643877,-4.450592005365909,1.0663048379015212,0.6961039849525577,1.40555516978529,global,,,0.7336805949293442,0.00577093378251922,0.008862120056502974,9.999999747378752e-05,0.35573652076121465,0.0554052989909246,0.33333595718809245,0.7316642617479943,"{""kernels.0.base_kernel.kernels.0"": [0.33333723698600853, 0.3333316467722244, 0.33331937728423316, 0.3333335315488571, 0.33334335668359844, 0.3333363729855536, 0.33333287501458997, 0.3333343469152032, 0.33332488772756447, 0.3333249493674844, 0.33333075803449114, 0.33331567247313243, 0.33333563556653534, 0.33333627880964956, 0.333334651934558, 0.33333525278366244, 0.3333345726627498, 0.33331514778308124], ""kernels.0.base_kernel.kernels.1.base_kernel"": [0.6931481805599428, 0.6931481805599428, 0.6931481805599428], ""kernels.1.base_kernel.kernels.0"": [0.5322017892738535, 0.48336789324973173, 0.5309442264999751, 0.3842619922744287, 0.1912683705704529, 0.714319790051924, 0.16486644386205215, 0.16147238134175784, 0.5299806543361438, 0.4996075779217318, 0.7316642617479943, 0.6054765055047573, 0.173768061828527, 0.5129259886373356, 0.32733767093620203, 0.26009261467572214, 0.0554052989909246, 0.40580003557894867], ""kernels.1.base_kernel.kernels.1"": [0.6931481805599428, 0.6931481805599428, 0.6931481805599428]}","{""kernels.0"": 4.970621391768701e-06, ""kernels.0.base_kernel.kernels.1"": 0.0013904347054442842, ""kernels.1"": 1.0658141569568078}",12,3,36,0,9,radius,0,412
512,362.75480007035765,84.49995109796598,0.4136,global,-3.317389977074458,-5.6940882623595686,2.3766982852851104,0.7113540605727565,1.3993922200064295,global,,,0.7163280982582084,0.005771989833885677,0.008854950312295166,9.999999747378752e-05,0.35687096096477,0.05538836954774565,0.33333595105890435,0.7317293457805527,"{""kernels.0.base_kernel.kernels.0"": [0.3333372404468601, 0.3333316422992268, 0.33331935620010733, 0.33333352108629366, 0.3333433523585742, 0.3333363217266036, 0.33333288245897985, 0.3333343473466093, 0.33332488731653515, 0.33332492368087485, 0.3333307032244067, 0.3333156308576441, 0.3333356311932484, 0.3333362709245603, 0.33333464728406864, 0.3333352569601217, 0.33333457943105005, 0.33331515722564065], ""kernels.0.base_kernel.kernels.1.base_kernel"": [0.6931481805599428, 0.6931481805599428, 0.6931481805599428], ""kernels.1.base_kernel.kernels.0"": [0.5321998385151556, 0.48288574814491203, 0.5310400455399649, 0.38342232096530154, 0.19117928259570952, 0.7140555969057762, 0.1649885502729594, 0.16135229522226652, 0.5301264773357675, 0.49992554518308324, 0.7317293457805527, 0.6051944306173146, 0.1735078573419354, 0.5117809119946932, 0.32628906264153257, 0.25957811248047347, 0.05538836954774565, 0.4050161092818836], ""kernels.1.base_kernel.kernels.1"": [0.6931481805599428, 0.6931481805599428, 0.6931481805599428]}","{""kernels.0"": 4.9706284073472875e-06, ""kernels.0.base_kernel.kernels.1"": 0.0013904347006934703, ""kernels.1"": 1.0692174775652092}",12,3,36,0,9,radius,0,413
513,172.13870548780108,84.49995109796598,0.4988,global,-3.423367412230482,-5.728242040305195,2.3048746280747126,1.0641561968130324,1.41345393249152,global,,,0.7446459560455367,0.005762950564270554,0.008850006941832965,9.999999747378752e-05,0.3545807271855863,0.05536128515472025,0.3333359279004566,0.7318718064753262,"{""kernels.0.base_kernel.kernels.0"": [0.3333372466777591, 0.3333316380334487, 0.333319324144238, 0.3333335043610211, 0.33334333896199553, 0.3333362290697127, 0.3333328988797513, 0.333334352248532, 0.3333248901255926, 0.33332488157289336, 0.33333060876904913, 0.33331556839776927, 0.33333562673120043, 0.33333626047293413, 0.3333346375854638, 0.3333352648168217, 0.3333345922948311, 0.3333151845465557], ""kernels.0.base_kernel.kernels.1.base_kernel"": [0.6931481805599428, 0.6931481805599428, 0.6931481805599428], ""kernels.1.base_kernel.kernels.0"": [0.532325168477507, 0.48246146064859224, 0.5315039519601288, 0.38227363625704536, 0.19077156895842942, 0.7137222316147634, 0.16577712183237442, 0.16118340651662988, 0.5307296694040797, 0.5008981689708256, 0.7318718064753262, 0.6052382442140865, 0.17328459938989543, 0.5101964969548178, 0.32463122704198955, 0.2585771360659762, 0.05536128515472025, 0.40423132243046106], ""kernels.1.base_kernel.kernels.1"": [0.6931481805599428, 0.6931481805599428, 0.6931481805599428]}","{""kernels.0"": 4.97064042165671e-06, ""kernels.0.base_kernel.kernels.1"": 0.0013904346919926226, ""kernels.1"": 1.0623467762243446}",12,3,36,0,9,radius,0,414
514,269.1489848389522,84.49995109796598,0.5006,global,-3.3495027396329133,-4.279274325096864,0.9297715854639508,0.6972554264695581,1.3995650230549082,global,,,0.7434975726009448,0.005767410146009825,0.00884343204837336,9.999999747378752e-05,0.3561291653218903,0.05534905798988549,0.3333359086553519,0.7316994387489103,"{""kernels.0.base_kernel.kernels.0"": [0.33333724888779664, 0.33333163223275464, 0.3333193075279618, 0.3333334959215317, 0.33334333416918877, 0.33333619183547086, 0.33333290364589657, 0.33333435440690995, 0.33332488839303204, 0.33332486776753745, 0.3333305712317438, 0.3333155400599629, 0.333335625475233, 0.33333625516294774, 0.33333463368450944, 0.3333352674477574, 0.33333459716391595, 0.3333151905228646], ""kernels.0.base_kernel.kernels.1.base_kernel"": [0.6931481805599428, 0.6931481805599428, 0.6931481805599428], ""kernels.1.base_kernel.kernels.0"": [0.5322851214786669, 0.4818219824325463, 0.5314214560210863, 0.3814143830564862, 0.1904051413141574, 0.7134957101752694, 0.16580737091443293, 0.16095493170487296, 0.5308279130611766, 0.5017270428876597, 0.7316994387489103, 0.6049788886538805, 0.17309077634453301, 0.5093836037011488, 0.32390140700060827, 0.25804767429571673, 0.05534905798988549, 0.40360257525131443], ""kernels.1.base_kernel.kernels.1"": [0.6931481805599428, 0.6931481805599428, 0.6931481805599428]}","{""kernels.0"": 4.9706453421307826e-06, ""kernels.0.base_kernel.kernels.1"": 0.001390434688736158, ""kernels.1"": 1.0669920906315926}",12,3,36,1,9,radius,0,415
515,240.529506236299,84.49995109796598,0.4986,global,-3.3746399545204993,-4.9748436898285044,1.6002037353080052,1.163105529562636,1.4141754562956834,global,,,0.7338260104239634,0.005756495665509052,0.008836608791868898,9.999999747378752e-05,0.3540384488666541,0.05532462216886196,0.33333586908060003,0.7316969638440562,"{""kernels.0.base_kernel.kernels.0"": [0.3333372535204566, 0.3333316270019653, 0.33331927586901894, 0.33333348085914044, 0.33334332221258717, 0.3333361153455527, 0.33333291573486934, 0.33333436002596767, 0.3333248913211516, 0.33332484236371007, 0.3333304915315818, 0.33331548926269705, 0.3333356228156474, 0.33333624561296904, 0.3333346251418701, 0.33333527470119895, 0.33333460759072703, 0.33331521404758996], ""kernels.0.base_kernel.kernels.1.base_kernel"": [0.6931481805599428, 0.6931481805599428, 0.6931481805599428], ""kernels.1.base_kernel.kernels.0"": [0.5324298424102256, 0.4816036054109044, 0.5315021420813764, 0.3807331590770252, 0.190210029136131, 0.7136975295731582, 0.1663328863295187, 0.16082214442192955, 0.531877974504519, 0.5041604625328674, 0.7316969638440562, 0.6052987846204517, 0.17295784543864068, 0.5082156418450297, 0.32248976335189955, 0.2574123756733918, 0.05532462216886196, 0.4029152914077578], ""kernels.1.base_kernel.kernels.1"": [0.6931481805599428, 0.6931481805599428, 0.6931481805599428]}","{""kernels.0"": 4.970655435272949e-06, ""kernels.0.base_kernel.kernels.1"": 0.0013904346812759088, ""kernels.1"": 1.060719941263251}",12,3,36,0,9,radius,0,416
516,196.25606624223445,84.49995109796598,0.4994,global,-3.4058221024220963,-4.632388694156955,1.2265665917348585,0.9246360457054762,1.3609117747221098,global,,,0.6944369511246945,0.005760364406240019,0.008829583027234796,9.999999747378752e-05,0.35542775345227345,0.055312701664711736,0.3333358504584329,0.7315003396313204,"{""kernels.0.base_kernel.kernels.0"": [0.33333725547470183, 0.33333162216026224, 0.33331925803468654, 0.3333334725104819, 0.3333433178854368, 0.3333360792963042, 0.33333291953648025, 0.3333343619630946, 0.3333248875012115, 0.33332482659280965, 0.3333304558826484, 0.3333154623898141, 0.3333356216205616, 0.33333624062952416, 0.3333346213391512, 0.33333527738908564, 0.3333346120209781, 0.33331521953932897], ""kernels.0.base_kernel.kernels.1.base_kernel"": [0.6931481805599428, 0.6931481805599428, 0.6931481805599428], ""kernels.1.base_kernel.kernels.0"": [0.5324038226545, 0.4810892158020886, 0.5313435706718705, 0.379968502196316, 0.1898172596232085, 0.7133957707505139, 0.16627740420110151, 0.16060876759558917, 0.531933661011122, 0.5047527534005329, 0.7315003396313204, 0.6051212626618877, 0.17275496195234452, 0.5075705239480051, 0.32177452266665774, 0.25695469802080695, 0.055312701664711736, 0.40233668185630966], ""kernels.1.base_kernel.kernels.1"": [0.6931481805599428, 0.6931481805599428, 0.6931481805599428]}","{""kernels.0"": 4.9706601531615515e-06, ""kernels.0.base_kernel.kernels.1"": 0.0013904346781474807, ""kernels.1"": 1.0648878550185197}",12,3,36,0,9,radius,0,417
517,388.3622223803091,84.49995109796598,0.4992,global,-3.348339971188095,-4.67771841243174,1.329378441243645,0.7507856386440824,1.4107089025956678,global,,,0.6204209902073813,0.005750357291417918,0.008822553090508464,9.999999747378752e-05,0.3534389909960198,0.05528778292980376,0.33333580994713985,0.7318920110832807,"{""kernels.0.base_kernel.kernels.0"": [0.33333725985332346, 0.3333316174762136, 0.3333192216243524, 0.3333334589557245, 0.33334330618994445, 0.33333600021543924, 0.3333329297219246, 0.3333343675836324, 0.3333248846912246, 0.33332479485340843, 0.3333303795645058, 0.33331541298960143, 0.3333356196788405, 0.33333623034940113, 0.33333461295519773, 0.33333528486063235, 0.33333462220919674, 0.333315241578192], ""kernels.0.base_kernel.kernels.1.base_kernel"": [0.6931481805599428, 0.6931481805599428, 0.6931481805599428], ""kernels.1.base_kernel.kernels.0"": [0.5324710394646006, 0.48115412629891563, 0.5312524332809648, 0.37938097109246066, 0.18949033186998665, 0.7134341520254959, 0.1666070442726451, 0.1605655596951145, 0.5326513774561957, 0.5067226098553796, 0.7318920110832807, 0.6059601699681642, 0.17270310262208305, 0.5065264714740384, 0.3203421856833694, 0.25634984369524405, 0.05528778292980376, 0.4016526393815141], ""kernels.1.base_kernel.kernels.1"": [0.6931481805599428, 0.6931481805599428, 0.6931481805599428]}","{""kernels.0"": 4.970670356400494e-06, ""kernels.0.base_kernel.kernels.1"": 0.0013904346706360064, ""kernels.1"": 1.058921567647067}",12,3,36,0,9,radius,0,418
518,252.42921477318237,84.49995109796598,0.499,global,-3.4343638299565455,-4.619143053164885,1.1847792232083396,0.5356043792761932,1.355850278304507,global,,,0.7191605225677851,0.005759443258203359,0.008818442248868658,9.999999747378752e-05,0.3554382979938113,0.05527557263106391,0.333335790620073,0.7312289300734304,"{""kernels.0.base_kernel.kernels.0"": [0.3333372611429272, 0.33333160916457355, 0.33331920264779746, 0.3333334485124924, 0.33334330182849004, 0.33333596544894284, 0.3333329318041869, 0.33333436946009204, 0.3333248794246956, 0.3333247769966695, 0.3333303428757179, 0.3333153884045197, 0.33333561579120324, 0.33333622566034177, 0.33333460489892597, 0.33333528511991517, 0.3333346264004398, 0.333315244761351], ""kernels.0.base_kernel.kernels.1.base_kernel"": [0.6931481805599428, 0.6931481805599428, 0.6931481805599428], ""kernels.1.base_kernel.kernels.0"": [0.53236928800531, 0.4803838321605955, 0.5308780142204835, 0.37823447379594355, 0.18907975557536943, 0.7128569999915177, 0.16651481637369517, 0.15994085897428892, 0.5321750953229698, 0.5069711276641412, 0.7312289300734304, 0.6059335137405444, 0.1725697534837961, 0.5057164679882122, 0.3193475399450478, 0.25587363837959276, 0.05527557263106391, 0.40101956701548225], ""kernels.1.base_kernel.kernels.1"": [0.6931481805599428, 0.6931481805599428, 0.6931481805599428]}","{""kernels.0"": 4.970674955249896e-06, ""kernels.0.base_kernel.kernels.1"": 0.0013904346676078844, ""kernels.1"": 1.0649194886388709}",12,3,36,0,9,radius,0,419
519,301.28415534897226,84.49995109796598,0.4962,global,-3.4554089932058445,-4.113394036893319,0.6579850436874746,0.6042013642620707,1.3171736460143184,global,,,0.7083213811426115,0.005746508167879282,0.008811482108114535,9.999999747378752e-05,0.35239944695136005,0.05524733047870205,0.3333357435685116,0.7300331944577715,"{""kernels.0.base_kernel.kernels.0"": [0.3333372644949202, 0.33333159827601894, 0.33331916168087583, 0.3333334303669775, 0.33334328780916894, 0.33333587974482426, 0.3333329396570181, 0.3333343761671922, 0.33332487739976224, 0.3333247375771286, 0.33333025048811593, 0.3333153401800702, 0.33333560739219886, 0.33333621610515335, 0.3333345829516856, 0.33333528977643134, 0.33333463758831905, 0.33331526890555063], ""kernels.0.base_kernel.kernels.1.base_kernel"": [0.6931481805599428, 0.6931481805599428, 0.6931481805599428], ""kernels.1.base_kernel.kernels.0"": [0.5323408865891588, 0.48015063579976675, 0.5303711942438665, 0.3769395884772888, 0.1889249286181528, 0.7123002319976393, 0.16719545803602215, 0.15894975510261772, 0.5318978045593471, 0.5085002152279411, 0.7300331944577715, 0.6070650637029894, 0.1726730083524765, 0.504452906168741, 0.31701100727934617, 0.25537754741331065, 0.05524733047870205, 0.40034830389968146], ""kernels.1.base_kernel.kernels.1"": [0.6931481805599428, 0.6931481805599428, 0.6931481805599428]}","{""kernels.0"": 4.970686124575136e-06, ""kernels.0.base_kernel.kernels.1"": 0.001390434659121629, ""kernels.1"": 1.0558029355088339}",12,3,36,0,9,radius,0,420
520,1420.7763035097696,84.49995109796598,0.4994,global,-3.474171902617175,-4.378194631806088,0.9040227291889131,0.8294837691582927,1.4106584322729996,global,,,0.7424965366997757,0.005753703897239326,0.008805353006025394,9.999999747378752e-05,0.3542238885143518,0.05523506555063121,0.3333357262955352,0.7294285869384637,"{""kernels.0.base_kernel.kernels.0"": [0.3333372655784308, 0.3333315891844552, 0.3333191418229272, 0.33333342085666723, 0.33334328250841744, 0.33333584661065624, 0.3333329412649105, 0.3333343783523732, 0.3333248714097973, 0.3333247192806574, 0.33333021441901395, 0.3333153167421142, 0.3333356059804142, 0.3333362134541299, 0.33333457558802543, 0.33333529127010436, 0.33333464148956427, 0.33331527264306016], ""kernels.0.base_kernel.kernels.1.base_kernel"": [0.6931481805599428, 0.6931481805599428, 0.6931481805599428], ""kernels.1.base_kernel.kernels.0"": [0.5322507915866532, 0.4793369863001337, 0.5299338142735817, 0.37588046051577667, 0.18844969476383303, 0.7117477391645154, 0.16708555890607374, 0.15849890016407545, 0.5314102748710035, 0.5085541969874194, 0.7294285869384637, 0.6071040797407868, 0.17262311573718936, 0.5038257469786666, 0.3161163586868421, 0.25497604960256404, 0.05523506555063121, 0.39973434442405176], ""kernels.1.base_kernel.kernels.1"": [0.6931481805599428, 0.6931481805599428, 0.6931481805599428]}","{""kernels.0"": 4.9706906005234735e-06, ""kernels.0.base_kernel.kernels.1"": 0.0013904346561629706, ""kernels.1"": 1.061276260196292}",12,3,36,0,9,radius,0,421
521,98.36688137668631,84.49995109796598,0.499,local,-3.0990392921386434,-9.279368889263603,6.18032959712496,0.24144087514746604,0.924699346881127,radius,,,0.17937358815054552,0.005730597973526245,0.008829897402104853,9.999999747378752e-05,0.34661501199627315,0.055048350242841854,0.33333559449085526,0.7246186099079801,"{""kernels.0.base_kernel.kernels.0"": [0.3333373148693553, 0.33333150103448556, 0.33331892340103453, 0.3333332232288858, 0.33334348220031484, 0.33333511681472827, 0.33333280979492996, 0.3333345435620137, 0.3333248379522505, 0.3333246548707949, 0.33332965176385887, 0.33331505711507786, 0.33333566931298975, 0.33333564778445485, 0.33333447283125306, 0.3333355411972556, 0.33333485015287456, 0.33331550877390587], ""kernels.0.base_kernel.kernels.1.base_kernel"": [0.6931481805599428, 0.6931481805599428, 0.6931481805599428], ""kernels.1.base_kernel.kernels.0"": [0.5343735941157749, 0.48305927952436706, 0.5280773872340592, 0.3741478344556864, 0.19320146279707656, 0.7076002356180054, 0.16786041900493895, 0.15329267096927188, 0.5281858577177276, 0.5145701816684175, 0.7246186099079801, 0.6188476008378768, 0.17614174091744533, 0.41660892855496895, 0.3001271645384832, 0.23523480859056134, 0.055048350242841854, 0.38896113060619975], ""kernels.1.base_kernel.kernels.1"": [0.6931481805599428, 0.6931481805599428, 0.6931481805599428]}","{""kernels.0"": 4.9707852910650725e-06, ""kernels.0.base_kernel.kernels.1"": 0.0013904345954693002, ""kernels.1"": 1.038449630608059}",12,3,36,1,9,radius,0,422
522,229.47374638626752,84.49995109796598,0.5008,global,-3.4106307296240352,-4.3589488263466905,0.9483180967226552,1.141361363076835,1.4021039555378936,global,,,0.6576678637118317,0.005738633011898208,0.008828835258207584,9.999999747378752e-05,0.34889829022059066,0.05503291752068689,0.3333355935673813,0.7240565998703532,"{""kernels.0.base_kernel.kernels.0"": [0.3333373210718347, 0.3333314891292301, 0.3333188931589456, 0.3333332023535939, 0.3333434949587484, 0.3333350180382589, 0.3333327971879073, 0.33333455824368935, 0.33332482039623207, 0.33332462790635853, 0.33332962815845846, 0.3333150214933294, 0.3333356706092693, 0.33333562598833477, 0.33333446523363724, 0.3333355611464279, 0.3333348612705278, 0.33331553046884205], ""kernels.0.base_kernel.kernels.1.base_kernel"": [0.6931481805599428, 0.6931481805599428, 0.6931481805599428], ""kernels.1.base_kernel.kernels.0"": [0.5344412279531792, 0.4820155870408288, 0.5275400947915719, 0.37400515110024657, 0.19350983460873164, 0.7071062807835916, 0.1673868994500155, 0.15355022667672158, 0.5271359855093987, 0.5141957715430202, 0.7240565998703532, 0.6193554455368259, 0.1757019691391097, 0.41440545288217195, 0.29894797813944796, 0.2356387715493072, 0.05503291752068689, 0.3885525895759487], ""kernels.1.base_kernel.kernels.1"": [0.6931481805599428, 0.6931481805599428, 0.6931481805599428]}","{""kernels.0"": 4.97079286590436e-06, ""kernels.0.base_kernel.kernels.1"": 0.0013904345910424345, ""kernels.1"": 1.0452994652778638}",12,3,36,0,9,radius,0,423
523,230.42287029772905,84.49995109796598,0.4992,global,-3.4625869629528916,-3.983272317456281,0.5206853545033896,0.538628668114282,1.1570106432954645,global,,,0.6807770254940845,0.005720866805101768,0.008821750903579095,9.999999747378752e-05,0.3468650190569327,0.05502171513139344,0.3333355964395951,0.7237887867604836,"{""kernels.0.base_kernel.kernels.0"": [0.33333732676720845, 0.33333148899000015, 0.33331886945948286, 0.33333318805334455, 0.3333435061506596, 0.3333349281433599, 0.33333278814325074, 0.3333345762005301, 0.33332481129606345, 0.3333246095899161, 0.33332960856080485, 0.3333149953016816, 0.33333567534638747, 0.3333356104694811, 0.3333344597373056, 0.3333355824097091, 0.3333348728660529, 0.33331555946110253], ""kernels.0.base_kernel.kernels.1.base_kernel"": [0.6931481805599428, 0.6931481805599428, 0.6931481805599428], ""kernels.1.base_kernel.kernels.0"": [0.5345966268422312, 0.4820731710125682, 0.5272927282747181, 0.3748495324672578, 0.19436592423707183, 0.7071154330547447, 0.16754234146344027, 0.15420927423383363, 0.5266600144170235, 0.5143173598766957, 0.7237887867604836, 0.620390413705569, 0.17561227654510583, 0.4129308098726615, 0.2980464850807962, 0.2364356698349362, 0.05502171513139344, 0.3889335493870574], ""kernels.1.base_kernel.kernels.1"": [0.6931481805599428, 0.6931481805599428, 0.6931481805599428]}","{""kernels.0"": 4.970799688312984e-06, ""kernels.0.base_kernel.kernels.1"": 0.001390434586438688, ""kernels.1"": 1.039199651784671}",12,3,36,0,9,radius,0,424
524,141.55332217258132,84.49995109796598,0.5002,global,-3.0301729986047357,-4.843371692706978,1.8131986941022427,0.7808733385889527,1.4137248076068532,global,,,0.22345255408725126,0.0057239036576572115,0.00881479254383417,9.999999747378752e-05,0.3491215481278646,0.055007141735449405,0.33333559823190007,0.7231626268943492,"{""kernels.0.base_kernel.kernels.0"": [0.33333733265393223, 0.3333314835679556, 0.3333188376641834, 0.33333316880050856, 0.33334351967879133, 0.33333482899028666, 0.3333327775074187, 0.33333459365020496, 0.33332479437015744, 0.33332458475888166, 0.3333295829944543, 0.33331495475668715, 0.3333356803028712, 0.3333355929960188, 0.33333445378298354, 0.3333356034677813, 0.3333348852305717, 0.33331558032368014], ""kernels.0.base_kernel.kernels.1.base_kernel"": [0.6931481805599428, 0.6931481805599428, 0.6931481805599428], ""kernels.1.base_kernel.kernels.0"": [0.5345819305991772, 0.4812625323713841, 0.5266465979022587, 0.3747878042366856, 0.1947626826709469, 0.7066750937451132, 0.16724606493692573, 0.15448298193842624, 0.525520246074145, 0.5138783308138999, 0.7231626268943492, 0.620847126107342, 0.17527597421448796, 0.41083726157188805, 0.29685726544814506, 0.2367882480290139, 0.055007141735449405, 0.388579042158576], ""kernels.1.base_kernel.kernels.1"": [0.6931481805599428, 0.6931481805599428, 0.6931481805599428]}","{""kernels.0"": 4.970807707232874e-06, ""kernels.0.base_kernel.kernels.1"": 0.001390434581647358, ""kernels.1"": 1.0459692389942392}",12,3,36,1,9,radius,0,425
525,5790.895795884779,84.49995109796598,0.496,global,-3.340400214380255,-5.742743881365801,2.4023436669855456,0.6914343126834958,1.2743833297133806,global,,,0.73468723691291,0.005568302646681228,0.008810127867125686,9.999999747378752e-05,0.3489196925376186,0.05437306955742493,0.3333359161151965,0.6931481805599428,"{""kernels.0.base_kernel.kernels.0"": [0.33333746637965206, 0.33333224714781684, 0.3333170072540253, 0.3333330287954511, 0.33334476903874566, 0.3333287663107907, 0.3333324851972769, 0.3333349687504555, 0.3333229553080867, 0.3333258449713429, 0.3333263838786495, 0.3333139081334817, 0.33333642840633754, 0.3333347648454151, 0.3333343737487518, 0.33333627759081624, 0.3333355546395767, 0.3333175951106375], ""kernels.0.base_kernel.kernels.1.base_kernel"": [0.6931481805599428, 0.6931481805599428, 0.6931481805599428], ""kernels.1.base_kernel.kernels.0"": [0.5303707436070598, 0.47836817249986413, 0.4584380932712736, 0.40334037783935717, 0.24167571239612032, 0.673273682912268, 0.17082506014069218, 0.1623821350997518, 0.402084693087137, 0.5607093761256479, 0.667451909509201, 0.6773537730853196, 0.17177197830990998, 0.3357535266463468, 0.2412358353282451, 0.23035732017252827, 0.05437306955742493, 0.3631372605186053], ""kernels.1.base_kernel.kernels.1"": [0.6931481805599428, 0.6931481805599428, 0.6931481805599428]}","{""kernels.0"": 4.9712729326562504e-06, ""kernels.0.base_kernel.kernels.1"": 0.0013904343160975126, ""kernels.1"": 1.0453636720238257}",12,3,36,0,9,radius,0,426
