iteration,new_compliance,best_compliance,raster_solid_fraction,winner_source,winner_acquisition,winner_start_acquisition,winner_acquisition_gain,winner_start_distance,winner_kernel_distance,winner_start_method,winner_anchor_index,winner_archive_rank,posterior_score_std,posterior_incumbent_score_std,posterior_fixed_burnin_score_std,noise,outputscale_mean,lengthscale_min,lengthscale_median,lengthscale_max,lengthscales,outputscales,global_restarts,local_restarts,raw_global,raw_local,requested_raw_local,local_start_strategy,optimizer_failures,stagnation
1,557.8955173134473,243.55514600933492,0.4782,local,-2.159072282902784,-4.8041609653037,2.6450886824009157,0.22140600439732766,0.8258082654751486,archive,42,0,0.19645138610023197,0.027054786206928576,0.027054786206928576,0.006530684041313135,0.323997662493122,0.0774356094092731,0.3332779394653791,0.9213350077808913,"{""kernels.0.base_kernel.kernels.0"": [0.3329068086281654, 0.3332955011694666, 0.3332080599682256, 0.3331742470703167, 0.3331402195640215, 0.3332779394653791, 0.3330836136355571, 0.33296349505417655, 0.3330776493925673, 0.33298637460112296, 0.3334388374213049, 0.3332779394653791, 0.33317609780231366, 0.33340463989387686, 0.3331708579401286, 0.3330589213095734, 0.33322498918547205, 0.3332779394653791], ""kernels.0.base_kernel.kernels.1.base_kernel"": [0.6931481805599428, 0.6931481805599428, 0.6931481805599428], ""kernels.1.base_kernel.kernels.0"": [0.3202090076783597, 0.4427640958817767, 0.3536367306530146, 0.30776111352012836, 0.12961574123952924, 0.3332779394653791, 0.4014683160558641, 0.2950420828285032, 0.0774356094092731, 0.2509802718930235, 0.6512060046732006, 0.3332779394653791, 0.3877642299539365, 0.539026093630266, 0.36057476549481515, 0.39302635357106297, 0.9213350077808913, 0.3332779394653791], ""kernels.1.base_kernel.kernels.1"": [0.6931481805599428, 0.6931481805599428, 0.6931481805599428]}","{""kernels.0"": 1.7436427833109943e-05, ""kernels.0.base_kernel.kernels.1"": 0.018996597196201413, ""kernels.1"": 0.9529789538553315}",10,5,30,15,15,archive,1,1
2,236.89834826250166,236.89834826250166,0.5,local,-2.527773087346272,-120.93529725165455,118.40752416430827,1.3268460933833544,1.4142084541830626,archive,97,34,0.2318054997956118,0.028175870543654547,0.028175870543654547,0.0071055600033610705,0.33374257182906647,0.05001047632978372,0.33333381883282653,0.8207028177208823,"{""kernels.0.base_kernel.kernels.0"": [0.33333222379221583, 0.33333456723185306, 0.3333332013904722, 0.3333353791752299, 0.3333322348450672, 0.33333350767456, 0.3333301923723559, 0.33333218934842446, 0.3333341299910931, 0.3333323379720645, 0.333341927436165, 0.33333350767456, 0.3333322513901908, 0.3333405473033901, 0.3333309311483196, 0.3333332729197101, 0.33331598949692987, 0.33333350767456], ""kernels.0.base_kernel.kernels.1.base_kernel"": [0.6931481805599428, 0.6931481805599428, 0.6931481805599428], ""kernels.1.base_kernel.kernels.0"": [0.3358251056404252, 0.41526502108349694, 0.34928724595447774, 0.30557431709002786, 0.1049058232840028, 0.33333350767456, 0.39891826807096115, 0.25791390006869236, 0.05001047632978372, 0.21725276841204538, 0.579318867601238, 0.33333350767456, 0.38034250742564296, 0.43283211998103766, 0.35030594861822234, 0.3663600399199603, 0.8207028177208823, 0.33333350767456], ""kernels.1.base_kernel.kernels.1"": [0.6931481805599428, 0.6931481805599428, 0.6931481805599428]}","{""kernels.0"": 1.730340323679419e-05, ""kernels.0.base_kernel.kernels.1"": 0.01898874420719595, ""kernels.1"": 0.9822216678767666}",10,5,30,15,15,archive,0,0
3,207.35901484303383,207.35901484303383,0.4946,global,-2.8904459429509317,-7.591338004829597,4.700892061878665,1.1591313334162474,1.3626956628830535,global,,,0.16942182515319942,0.02836774995961804,0.02834588476229615,0.007052234561668387,0.32292215727511403,0.05001045180188055,0.3333333030629041,0.8665723563639457,"{""kernels.0.base_kernel.kernels.0"": [0.3333305533218101, 0.3333345260604169, 0.33333267926587434, 0.3333348506357781, 0.3333316797947331, 0.3333333030629041, 0.33332884364682686, 0.33333086713183635, 0.33333314152062404, 0.33333089391824877, 0.3333428201385211, 0.3333333030629041, 0.3333314655536269, 0.3333409150469933, 0.333330192838794, 0.3333326782660461, 0.3333161673769772, 0.3333333030629041], ""kernels.0.base_kernel.kernels.1.base_kernel"": [0.6931481805599428, 0.6931481805599428, 0.6931481805599428], ""kernels.1.base_kernel.kernels.0"": [0.34330975030243666, 0.42488697233818373, 0.35422827442950866, 0.30874844020815523, 0.09119239537802404, 0.3333333030629041, 0.41126384113911296, 0.2586049740120366, 0.05001045180188055, 0.25507489717744747, 0.5949052368220373, 0.3333333030629041, 0.3887371508138554, 0.43139461868811346, 0.3617739242966557, 0.3713436324904403, 0.8665723563639457, 0.3333333030629041], ""kernels.1.base_kernel.kernels.1"": [0.6931481805599428, 0.6931481805599428, 0.6931481805599428]}","{""kernels.0"": 1.728678971424534e-05, ""kernels.0.base_kernel.kernels.1"": 0.01898787380065764, ""kernels.1"": 0.9497613112349702}",10,5,30,15,15,archive,0,0
4,239.32502515449505,207.35901484303383,0.485,local,-3.562390597224475,-140.83897188157917,137.2765812843547,0.8877108819295336,1.3691689065278252,archive,99,25,0.14712932249065183,0.027934772481340162,0.02780836039194913,0.006706221332097242,0.31510922505376093,0.050010446519594576,0.3333333328863468,0.9175742386683231,"{""kernels.0.base_kernel.kernels.0"": [0.3333306987061567, 0.3333337172202103, 0.3333326095222358, 0.33333462297755867, 0.33333114649540535, 0.3333333328863468, 0.33332869645112956, 0.3333303529725964, 0.3333331705453606, 0.3333298086779667, 0.33334064649745015, 0.3333333328863468, 0.33333151323194027, 0.33334027482658557, 0.33332996700277534, 0.3333329203957863, 0.3333307349456896, 0.3333333328863468], ""kernels.0.base_kernel.kernels.1.base_kernel"": [0.6931481805599428, 0.6931481805599428, 0.6931481805599428], ""kernels.1.base_kernel.kernels.0"": [0.344540555974127, 0.4305785516001016, 0.35490303861731703, 0.3091806648041476, 0.09454260544856233, 0.3333333328863468, 0.4146660176237415, 0.2569098628052874, 0.050010446519594576, 0.2855477525506279, 0.5818237328275905, 0.3333333328863468, 0.3929084110048794, 0.4307822028040969, 0.3676008369691284, 0.37895762860718785, 0.9175742386683231, 0.3333333328863468], ""kernels.1.base_kernel.kernels.1"": [0.6931481805599428, 0.6931481805599428, 0.6931481805599428]}","{""kernels.0"": 1.7282016106121694e-05, ""kernels.0.base_kernel.kernels.1"": 0.018987690350415795, ""kernels.1"": 0.9263227027947609}",10,5,30,15,15,archive,1,1
5,249.80320939365362,207.35901484303383,0.4994,local,-3.6056228843083185,-4.819767336334107,1.2141444520257885,0.17261605421437198,0.41469676722538124,archive,107,0,0.13000973088267181,0.027532212833132046,0.027800780264764617,0.0066119723880279195,0.30840024956514606,0.050010442311092654,0.3333335472140666,0.9195826377578371,"{""kernels.0.base_kernel.kernels.0"": [0.3333305498423083, 0.3333337610529983, 0.3333324846994714, 0.33333476661979633, 0.3333311884017414, 0.33333333337513493, 0.33332812596221423, 0.33333016272917176, 0.3333333249278845, 0.33332914456785545, 0.33334084022560134, 0.33333333337513493, 0.3333312108735738, 0.33334044668681045, 0.3333295250255186, 0.3333329322027165, 0.3333362528023157, 0.33333333337513493], ""kernels.0.base_kernel.kernels.1.base_kernel"": [0.6931481805599428, 0.6931481805599428, 0.6931481805599428], ""kernels.1.base_kernel.kernels.0"": [0.3442062799437966, 0.4379950082185468, 0.35512911304762235, 0.30821732247786404, 0.09407235087730872, 0.33333333337513493, 0.4134339851324739, 0.25720938661582404, 0.050010442311092654, 0.29323453544458544, 0.5884275740105323, 0.33333333337513493, 0.3922411842359371, 0.4368253538513114, 0.3684660811285602, 0.3805534830977356, 0.9195826377578371, 0.33333333337513493], ""kernels.1.base_kernel.kernels.1"": [0.6931481805599428, 0.6931481805599428, 0.6931481805599428]}","{""kernels.0"": 1.727830551687877e-05, ""kernels.0.base_kernel.kernels.1"": 0.018987556047569017, ""kernels.1"": 0.9061959143423522}",10,5,30,15,15,archive,0,2
6,252.7790600449382,207.35901484303383,0.4998,local,-3.573956080262425,-5.1274668680250866,1.5535107877626615,0.09017630084384443,0.36600300005756814,archive,107,0,0.11045376612121904,0.027296089792609387,0.028307973067375244,0.006772503317895072,0.2985382461732318,0.05001042182613738,0.33333333333225057,0.9402515254161344,"{""kernels.0.base_kernel.kernels.0"": [0.3333306748041257, 0.3333329530257544, 0.3333326220098527, 0.33333453425196186, 0.33333078400998856, 0.33333333333225057, 0.33332842164257054, 0.3333293537125138, 0.33333299151432033, 0.33332764013667676, 0.3333396526255866, 0.33333333333225057, 0.33333157049898454, 0.33333964662847737, 0.3333295483956632, 0.3333329785049983, 0.33334222153436166, 0.33333333333225057], ""kernels.0.base_kernel.kernels.1.base_kernel"": [0.6931481805599428, 0.6931481805599428, 0.6931481805599428], ""kernels.1.base_kernel.kernels.0"": [0.34904165986716684, 0.43624912291049656, 0.35747873819322357, 0.2986309959047245, 0.08125638125786164, 0.33333333333225057, 0.4127527060917988, 0.25315303232682485, 0.05001042182613738, 0.2980733818240504, 0.5970751840151186, 0.33333333333225057, 0.3890844672164229, 0.4342778927850353, 0.3673445262257747, 0.3807642454832936, 0.9402515254161344, 0.33333333333225057], ""kernels.1.base_kernel.kernels.1"": [0.6931481805599428, 0.6931481805599428, 0.6931481805599428]}","{""kernels.0"": 1.72553768618828e-05, ""kernels.0.base_kernel.kernels.1"": 0.018986796882509396, ""kernels.1"": 0.8766106862603242}",10,5,30,15,15,archive,0,3
7,223.88881932639808,207.35901484303383,0.4998,local,-3.673725577207642,-5.610112980772797,1.9363874035651554,0.08544545693169814,0.3484271833140538,archive,107,0,0.09566136704006925,0.028446397825812233,0.03053089119669989,0.007841296243861718,0.2928711033336156,0.05001040234972793,0.3333342547151029,0.8996818579164205,"{""kernels.0.base_kernel.kernels.0"": [0.33333083839815797, 0.33333373434457664, 0.33333264459126327, 0.33333477508562914, 0.333330657564034, 0.33333333333327114, 0.3333281908959939, 0.3333300933101941, 0.33333290238763086, 0.33332762001231636, 0.3333408964788963, 0.33333333333327114, 0.3333309298063397, 0.333339710947216, 0.3333298861275106, 0.3333328726681149, 0.33333820484386834, 0.33333333333327114], ""kernels.0.base_kernel.kernels.1.base_kernel"": [0.6931481805599428, 0.6931481805599428, 0.6931481805599428], ""kernels.1.base_kernel.kernels.0"": [0.35358921099568985, 0.4356344669809905, 0.3593651603219434, 0.31623049700963957, 0.07113401567612107, 0.33333333333327114, 0.41345403695420957, 0.2643598902038231, 0.05001040234972793, 0.3384202869907665, 0.6233428114701298, 0.33333333333327114, 0.38460187382087613, 0.41392241659378876, 0.36169869775594915, 0.3447165540424275, 0.8996818579164205, 0.33333333333327114], ""kernels.1.base_kernel.kernels.1"": [0.6931481805599428, 0.6931481805599428, 0.6931481805599428]}","{""kernels.0"": 1.7229646452618233e-05, ""kernels.0.base_kernel.kernels.1"": 0.018985875853774058, ""kernels.1"": 0.8596102045006202}",10,5,30,15,15,archive,0,4
8,252.51285774527224,207.35901484303383,0.4992,global,-3.9225562695179352,-9.397986282604762,5.475430013086827,0.9303081381512239,1.4142037570540857,global,,,0.22342456422332788,0.028345630364296454,0.03179506643305794,0.008469685006791707,0.2864161438105865,0.050010388627518186,0.3333335630604231,0.9193858572098126,"{""kernels.0.base_kernel.kernels.0"": [0.3333306698852308, 0.3333337927875107, 0.3333325461481227, 0.33333493803351383, 0.3333305968525088, 0.33333333333333554, 0.33332799671379926, 0.3333300221065407, 0.3333329911171302, 0.3333278939017733, 0.33334146163270967, 0.33333333333333554, 0.33333062012839765, 0.33333978871712977, 0.3333294423979927, 0.33333285093344467, 0.33334027807712513, 0.33333333333333554], ""kernels.0.base_kernel.kernels.1.base_kernel"": [0.6931481805599428, 0.6931481805599428, 0.6931481805599428], ""kernels.1.base_kernel.kernels.0"": [0.3535639137261747, 0.4374961105796921, 0.3587298652853633, 0.31938192432815, 0.07621018966069659, 0.33333333333333554, 0.41417592572365836, 0.26109654389367587, 0.050010388627518186, 0.3278544907503165, 0.6160522776042702, 0.33333333333333554, 0.3823504444232664, 0.40284467223666875, 0.35915032405481206, 0.3531119297382374, 0.9193858572098126, 0.33333333333333554], ""kernels.1.base_kernel.kernels.1"": [0.6931481805599428, 0.6931481805599428, 0.6931481805599428]}","{""kernels.0"": 1.72068270516565e-05, ""kernels.0.base_kernel.kernels.1"": 0.018985080654264824, ""kernels.1"": 0.8402461439504431}",10,5,30,15,15,archive,0,5
9,383.7772270283481,207.35901484303383,0.498,local,-3.95730714937889,-53.88092684737329,49.9236196979944,1.1180638635603852,1.414212908491488,archive,55,17,0.22084673939668473,0.028652795999322585,0.03246531202096296,0.008792525791886096,0.2834155618325133,0.05001036911819951,0.33333343595206943,0.924488268329474,"{""kernels.0.base_kernel.kernels.0"": [0.33333054612818375, 0.3333335385708061, 0.3333325342310853, 0.33333489456779, 0.3333303744223516, 0.33333333333333276, 0.3333279312055918, 0.33332973751874145, 0.33333297902284487, 0.3333274366575293, 0.33334199367008005, 0.33333333333333276, 0.3333305960610988, 0.33333986870302784, 0.33332933466146153, 0.3333327563878305, 0.3333408873827238, 0.33333333333333276], ""kernels.0.base_kernel.kernels.1.base_kernel"": [0.6931481805599428, 0.6931481805599428, 0.6931481805599428], ""kernels.1.base_kernel.kernels.0"": [0.3512192473057088, 0.43774860900585727, 0.35828090966593706, 0.31468890065495175, 0.0822967282589352, 0.33333333333333276, 0.4166897565671665, 0.25992957925678317, 0.05001036911819951, 0.3120926933401637, 0.618059666371612, 0.33333333333333276, 0.38223518841480986, 0.40257365099513054, 0.356144879908601, 0.36142035333293987, 0.924488268329474, 0.33333333333333276], ""kernels.1.base_kernel.kernels.1"": [0.6931481805599428, 0.6931481805599428, 0.6931481805599428]}","{""kernels.0"": 1.7179420352706743e-05, ""kernels.0.base_kernel.kernels.1"": 0.018984159282092985, ""kernels.1"": 0.8312453467950942}",10,5,30,15,15,archive,0,6
10,252.9161965107416,207.35901484303383,0.4914,local,-4.076133579624749,-6.30307624232915,2.2269426627044018,0.08966396693135291,0.40411848087456737,archive,107,0,0.11861233304467056,0.029347422311409962,0.033724751926215976,0.009559403604032,0.2918019837319111,0.05001032702768524,0.333333333333333,0.8507432354162192,"{""kernels.0.base_kernel.kernels.0"": [0.3333304440508772, 0.3333318761040092, 0.3333326360149501, 0.33333464972115345, 0.3333293968574145, 0.333333333333333, 0.3333281683637168, 0.33332919970009856, 0.3333328922969423, 0.3333268364905466, 0.3333406052258746, 0.333333333333333, 0.3333310753577335, 0.3333398984040179, 0.333329713370242, 0.3333324021771411, 0.3333350328170833, 0.333333333333333], ""kernels.0.base_kernel.kernels.1.base_kernel"": [0.6931481805599428, 0.6931481805599428, 0.6931481805599428], ""kernels.1.base_kernel.kernels.0"": [0.3283129265560805, 0.3902018134302105, 0.342385893260901, 0.30895971914124676, 0.11432174791738159, 0.333333333333333, 0.3944830390311885, 0.2635314584228345, 0.05001032702768524, 0.21394011323930517, 0.5418088050776558, 0.333333333333333, 0.3697677639693088, 0.3940856341278563, 0.3350785592852205, 0.3579278979679739, 0.8507432354162192, 0.333333333333333], ""kernels.1.base_kernel.kernels.1"": [0.6931481805599428, 0.6931481805599428, 0.6931481805599428]}","{""kernels.0"": 1.7147812498350416e-05, ""kernels.0.base_kernel.kernels.1"": 0.01898286381132835, ""kernels.1"": 0.8564059395719065}",10,5,30,15,15,archive,0,7
11,372.07363757509415,207.35901484303383,0.5006,local,-4.164664696687989,-139.02443771582753,134.85977301913954,1.3016784447128984,1.4142094022794633,archive,97,42,0.21398424309342282,0.03000323620869173,0.035244820600081335,0.010470538738934356,0.28499914134675836,0.050010294478611744,0.333333333333333,0.9031151169743253,"{""kernels.0.base_kernel.kernels.0"": [0.333330545595496, 0.3333314081445624, 0.33333273652886286, 0.3333350159763653, 0.3333301646735896, 0.333333333333333, 0.333327868345351, 0.33332987903263656, 0.333333106651256, 0.33332730102064273, 0.3333399680673616, 0.333333333333333, 0.333331111427647, 0.3333397832095298, 0.3333301950642464, 0.33333305263922264, 0.33333673002313935, 0.333333333333333], ""kernels.0.base_kernel.kernels.1.base_kernel"": [0.6931481805599428, 0.6931481805599428, 0.6931481805599428], ""kernels.1.base_kernel.kernels.0"": [0.3343113704670513, 0.3873457283670583, 0.34669572575153007, 0.31993032808019956, 0.09951253581749986, 0.333333333333333, 0.40046845157891714, 0.2545822189652549, 0.050010294478611744, 0.241493437266395, 0.5363575994980675, 0.333333333333333, 0.3748600002953725, 0.3820100666893902, 0.3408035251891085, 0.36558529947795704, 0.9031151169743253, 0.333333333333333], ""kernels.1.base_kernel.kernels.1"": [0.6931481805599428, 0.6931481805599428, 0.6931481805599428]}","{""kernels.0"": 1.7120112657910384e-05, ""kernels.0.base_kernel.kernels.1"": 0.01898183728852311, ""kernels.1"": 0.8359984666390939}",10,5,30,15,15,archive,0,8
12,253.66456678452062,207.35901484303383,0.5004,global,-3.5714864501113914,-8.192266198431179,4.620779748319787,1.0554346874231295,1.3924902220807376,global,,,0.18790415028907903,0.030298994028926437,0.03559904654759458,0.010754434887887762,0.2906614371135111,0.050010237728111584,0.33333333333333376,0.8397664628618566,"{""kernels.0.base_kernel.kernels.0"": [0.33333054434058657, 0.33333183774157166, 0.3333329926881145, 0.33333457240125247, 0.33332835611774947, 0.33333333333333376, 0.33332952310277175, 0.33332821828705567, 0.3333326621652224, 0.33332745206964914, 0.33334163801464883, 0.33333333333333376, 0.333331792284048, 0.3333395588281902, 0.3333303934442396, 0.33333274484689124, 0.3333366444442353, 0.33333333333333376], ""kernels.0.base_kernel.kernels.1.base_kernel"": [0.6931481805599428, 0.6931481805599428, 0.6931481805599428], ""kernels.1.base_kernel.kernels.0"": [0.32001113557920635, 0.3455495184093434, 0.33018476898372057, 0.1799498178972409, 0.15900096222170884, 0.33333333333333376, 0.32619679142162566, 0.29797224635353037, 0.050010237728111584, 0.186291406929607, 0.583092226011912, 0.33333333333333376, 0.34397285772299313, 0.3865212733250768, 0.2652723275234167, 0.39420616623626875, 0.8397664628618566, 0.33333333333333376], ""kernels.1.base_kernel.kernels.1"": [0.6931481805599428, 0.6931481805599428, 0.6931481805599428]}","{""kernels.0"": 1.7060464869177877e-05, ""kernels.0.base_kernel.kernels.1"": 0.01897948140025021, ""kernels.1"": 0.852987769475414}",10,5,30,15,15,archive,0,9
13,285.81187936509457,207.35901484303383,0.4864,local,-4.021557111850313,-6.731646958205502,2.7100898463551895,0.15333154433944823,0.4621938722447336,archive,107,0,0.1251035545233222,0.03041217264235981,0.03590520624257447,0.010877153124118787,0.2858730762511249,0.05001016134799729,0.33333333333333376,0.8566521869290988,"{""kernels.0.base_kernel.kernels.0"": [0.33333066944434536, 0.3333318443753997, 0.33333294257953533, 0.33333464837994, 0.3333292302797347, 0.33333333333333376, 0.33332897966979974, 0.3333288988320696, 0.3333330981544406, 0.3333276641399423, 0.33334055430588744, 0.33333333333333376, 0.33333159036164955, 0.3333397422038106, 0.333330254333811, 0.3333326110729224, 0.33333612699850657, 0.33333333333333376], ""kernels.0.base_kernel.kernels.1.base_kernel"": [0.6931481805599428, 0.6931481805599428, 0.6931481805599428], ""kernels.1.base_kernel.kernels.0"": [0.322221963726793, 0.35235279546592896, 0.3322248031905434, 0.2137503798356408, 0.1375596934432479, 0.33333333333333376, 0.33269608213620583, 0.27789698377075905, 0.05001016134799729, 0.193037686026617, 0.562230839508587, 0.33333333333333376, 0.3432390436924883, 0.38718090654335774, 0.2797660111730888, 0.38743405011788806, 0.8566521869290988, 0.33333333333333376], ""kernels.1.base_kernel.kernels.1"": [0.6931481805599428, 0.6931481805599428, 0.6931481805599428]}","{""kernels.0"": 1.6973384918255366e-05, ""kernels.0.base_kernel.kernels.1"": 0.018976122947421535, ""kernels.1"": 0.8386261324210349}",10,5,30,15,15,archive,0,10
14,189.84976478490736,189.84976478490736,0.4994,local,-3.9348728333451737,-6.872888048835652,2.938015215490478,0.11251662424437343,0.45223313592646397,archive,107,0,0.12051385770715298,0.030928856853432,0.03664412862622776,0.011381693796142298,0.2808548459598098,0.050010148903822736,0.3333333333333335,0.9544912870090814,"{""kernels.0.base_kernel.kernels.0"": [0.3333306933260712, 0.3333331486643795, 0.3333328946150933, 0.33333467419352925, 0.3333312888205286, 0.3333333333333335, 0.33332754895326216, 0.33333062790484413, 0.33333399401218294, 0.33332898552069407, 0.33334224076848123, 0.3333333333333335, 0.3333308921225254, 0.3333415950139159, 0.3333302692870738, 0.3333339154028346, 0.333322672700329, 0.3333333333333335], ""kernels.0.base_kernel.kernels.1.base_kernel"": [0.6931481805599428, 0.6931481805599428, 0.6931481805599428], ""kernels.1.base_kernel.kernels.0"": [0.33558387668718903, 0.366701951481151, 0.33817892858388227, 0.28323022539960074, 0.10404405543358822, 0.3333333333333335, 0.3621824189360468, 0.18880114371815013, 0.050010148903822736, 0.252182817400576, 0.5085852295605297, 0.3333333333333335, 0.3508747493607391, 0.3681634457428562, 0.30813366103899564, 0.3914024089206577, 0.9544912870090814, 0.3333333333333335], ""kernels.1.base_kernel.kernels.1"": [0.6931481805599428, 0.6931481805599428, 0.6931481805599428]}","{""kernels.0"": 1.6958572154942727e-05, ""kernels.0.base_kernel.kernels.1"": 0.018975366990499284, ""kernels.1"": 0.8235722123167752}",10,5,30,15,15,archive,0,0
15,356.30420424960425,189.84976478490736,0.5008,local,-4.049800323559506,-4.772300710259783,0.7225003867002773,0.09177173598826054,0.37433426107729206,archive,118,0,0.11499647888371807,0.033404406512295044,0.033669914383389114,0.009179690219984165,0.27410209762871757,0.05001013758663672,0.3333333333333335,0.9542518756235249,"{""kernels.0.base_kernel.kernels.0"": [0.33333086147055285, 0.3333328671790806, 0.3333330428722671, 0.3333348820181846, 0.33333131141440664, 0.3333333333333335, 0.3333270544708517, 0.3333302234949833, 0.3333341398434717, 0.33332841850603123, 0.33334248287737334, 0.3333333333333335, 0.33333031504111066, 0.33334153644217196, 0.3333298247896768, 0.3333343509903185, 0.33332332039337975, 0.3333333333333335], ""kernels.0.base_kernel.kernels.1.base_kernel"": [0.6931481805599428, 0.6931481805599428, 0.6931481805599428], ""kernels.1.base_kernel.kernels.0"": [0.3371395070755641, 0.38010958761840685, 0.3417572256719366, 0.2958278941517883, 0.09122121476804071, 0.3333333333333335, 0.36577602588901253, 0.21234089986158833, 0.05001013758663672, 0.2571519996465341, 0.5226563109785306, 0.3333333333333335, 0.339685243534095, 0.3287163284253133, 0.2791872728228617, 0.3685717343908237, 0.9542518756235249, 0.3333333333333335], ""kernels.1.base_kernel.kernels.1"": [0.6931481805599428, 0.6931481805599428, 0.6931481805599428]}","{""kernels.0"": 1.6945053272549744e-05, ""kernels.0.base_kernel.kernels.1"": 0.018974647649222857, ""kernels.1"": 0.8033147001836572}",10,5,30,15,15,archive,0,1
16,207.32013065930238,189.84976478490736,0.498,local,-2.3266225147787547,-5.235900938336298,2.9092784235575437,0.08234782738324688,0.4573639025252123,archive,118,0,0.11411640233118545,0.031192410229607805,0.031138805053464887,0.007827951783289266,0.2866362252003437,0.05001012019943011,0.3333333333333335,0.8099182497239739,"{""kernels.0.base_kernel.kernels.0"": [0.33333064497515574, 0.33333345298516615, 0.33333281198811704, 0.3333350650633447, 0.3333275288890619, 0.3333333333333335, 0.3333299511311066, 0.3333270017933052, 0.33333244920402605, 0.3333281280590873, 0.3333485893967768, 0.3333333333333335, 0.3333316842672036, 0.3333425339139776, 0.3333301602634293, 0.33333617301091256, 0.3333151130366248, 0.3333333333333335], ""kernels.0.base_kernel.kernels.1.base_kernel"": [0.6931481805599428, 0.6931481805599428, 0.6931481805599428], ""kernels.1.base_kernel.kernels.0"": [0.3229732098948224, 0.1161408354062761, 0.2980285826577892, 0.12455998146201515, 0.23479702476459854, 0.3333333333333335, 0.34200431815567073, 0.36880271051082103, 0.05001012019943011, 0.20800680745784123, 0.6495974195422024, 0.3333333333333335, 0.34527092776050916, 0.39971442160824305, 0.26014909260684227, 0.4401268855138519, 0.8099182497239739, 0.3333333333333335], ""kernels.1.base_kernel.kernels.1"": [0.6931481805599428, 0.6931481805599428, 0.6931481805599428]}","{""kernels.0"": 1.687371842520446e-05, ""kernels.0.base_kernel.kernels.1"": 0.018970613528423646, ""kernels.1"": 0.8409211883541823}",10,5,30,15,15,archive,0,2
17,226.12816665523673,189.84976478490736,0.4982,local,-3.5498183404973638,-5.344487706133126,1.7946693656357624,0.09089834521360873,0.40684455718741686,archive,118,0,0.10922754355004814,0.03362638086242344,0.033648638134750136,0.00909983814739655,0.2755576207325994,0.05001010109223833,0.3333333333333335,0.9712195540994848,"{""kernels.0.base_kernel.kernels.0"": [0.3333302868843863, 0.33333358948778297, 0.33333281455475317, 0.333333978335499, 0.3333278743239778, 0.3333333333333335, 0.3333288490345258, 0.3333260099702069, 0.33333271739045417, 0.3333274173561933, 0.33334739580764816, 0.3333333333333335, 0.33333161089034297, 0.33334304667165204, 0.3333297668478315, 0.33333691195897625, 0.33332019206793195, 0.3333333333333335], ""kernels.0.base_kernel.kernels.1.base_kernel"": [0.6931481805599428, 0.6931481805599428, 0.6931481805599428], ""kernels.1.base_kernel.kernels.0"": [0.3325975264294266, 0.08299144881760623, 0.29241321498297085, 0.33434431295181327, 0.15782562534760464, 0.3333333333333335, 0.37915961307627827, 0.2548182831065029, 0.05001010109223833, 0.2437151115341915, 0.6278983519715298, 0.3333333333333335, 0.3704371173885935, 0.4431477872464428, 0.29945955559397325, 0.45966201561434566, 0.9712195540994848, 0.3333333333333335], ""kernels.1.base_kernel.kernels.1"": [0.6931481805599428, 0.6931481805599428, 0.6931481805599428]}","{""kernels.0"": 1.6758161310467657e-05, ""kernels.0.base_kernel.kernels.1"": 0.018964335076909915, ""kernels.1"": 0.8076917689595777}",10,5,30,15,15,archive,0,3
18,264.2263253034456,189.84976478490736,0.4976,local,-4.193831475688007,-6.508735549301544,2.314904073613538,0.08060993417848185,0.40322415141584195,archive,118,0,0.10828031904607596,0.03959062887512187,0.04203232565459997,0.014509165765094027,0.26934358477568965,0.05001009771785678,0.3333333333333335,0.9343582366445489,"{""kernels.0.base_kernel.kernels.0"": [0.3333301847253443, 0.33333312595199166, 0.33333247909662755, 0.3333350051336964, 0.3333290841896058, 0.3333333333333335, 0.333328539095361, 0.33332739169403497, 0.3333332303178714, 0.3333282277099942, 0.33334824447945827, 0.3333333333333335, 0.33333107448166943, 0.3333420535601893, 0.3333298835842644, 0.33333561753131674, 0.33331699236659823, 0.3333333333333335], ""kernels.0.base_kernel.kernels.1.base_kernel"": [0.6931481805599428, 0.6931481805599428, 0.6931481805599428], ""kernels.1.base_kernel.kernels.0"": [0.31644384791327346, 0.12246346985345878, 0.2870694094482047, 0.2739662199374935, 0.1421103766909361, 0.3333333333333335, 0.3712652030873017, 0.215928515298654, 0.05001009771785678, 0.22905954402392667, 0.6041534509413928, 0.3333333333333335, 0.35507273033298914, 0.3850827905847361, 0.29468103499269604, 0.4195912405995521, 0.9343582366445489, 0.3333333333333335], ""kernels.1.base_kernel.kernels.1"": [0.6931481805599428, 0.6931481805599428, 0.6931481805599428]}","{""kernels.0"": 1.6745486420527666e-05, ""kernels.0.base_kernel.kernels.1"": 0.01896360695522192, ""kernels.1"": 0.7890504018854265}",10,5,30,15,15,archive,0,4
19,317.67243945842614,189.84976478490736,0.4996,local,-3.868397054673618,-7.963296510647744,4.094899455974126,0.09280822260845288,0.5368482103137089,archive,118,0,0.11239167735574178,0.04445425770691484,0.050201267026724734,0.021414482709703652,0.2649864268004604,0.0500100962161143,0.33333329302906034,0.9248798383894021,"{""kernels.0.base_kernel.kernels.0"": [0.3333306419428372, 0.3333343752540396, 0.3333329011261, 0.33333562553533763, 0.3333296604458615, 0.3333333333333335, 0.3333288816057785, 0.33332868025870865, 0.33333325272478725, 0.3333286107124834, 0.333348138308474, 0.3333333333333335, 0.33333164597429726, 0.33334413508249333, 0.3333300240614692, 0.33333182113396453, 0.33331612297370133, 0.3333333333333335], ""kernels.0.base_kernel.kernels.1.base_kernel"": [0.6931481805599428, 0.6931481805599428, 0.6931481805599428], ""kernels.1.base_kernel.kernels.0"": [0.3051551884615573, 0.1326069215881155, 0.26073436210128564, 0.31049746748808904, 0.1355123308255302, 0.3333333333333335, 0.3811247390729463, 0.22717732544410044, 0.0500100962161143, 0.21985511285244527, 0.6013801063840708, 0.3333333333333335, 0.36296921259898174, 0.4269014180146479, 0.3162387168127282, 0.2740643160888144, 0.9248798383894021, 0.3333333333333335], ""kernels.1.base_kernel.kernels.1"": [0.6931481805599428, 0.6931481805599428, 0.6931481805599428]}","{""kernels.0"": 1.6729950754394157e-05, ""kernels.0.base_kernel.kernels.1"": 0.01896271689673566, ""kernels.1"": 0.7759798335538912}",10,5,30,15,15,archive,0,5
20,214.53117510630943,189.84976478490736,0.4992,local,-3.2812823862814513,-5.349103084849197,2.067820698567746,0.1038672942192922,0.45264420062442035,archive,118,0,0.10943694287542202,0.0313169114357135,0.03161257320477114,0.007948564853035267,0.2685159781277296,0.05000379166254476,0.3333333333333335,0.9147813715971177,"{""kernels.0.base_kernel.kernels.0"": [0.33333001099697096, 0.333335524683817, 0.3333321226565258, 0.3333355615475111, 0.33332547151649555, 0.3333333333333335, 0.33333049120549696, 0.3333260169568401, 0.33333235021772367, 0.33332740514774867, 0.33334839983469583, 0.3333333333333335, 0.33333230282988585, 0.333344182720078, 0.33333014800688043, 0.3333329619206616, 0.3333267808952806, 0.3333333333333335], ""kernels.0.base_kernel.kernels.1.base_kernel"": [0.6931481805599428, 0.6931481805599428, 0.6931481805599428], ""kernels.1.base_kernel.kernels.0"": [0.3618132254556266, 0.10322861161312583, 0.05000379166254476, 0.33421897933212236, 0.18838442684687406, 0.3333333333333335, 0.36524540627523516, 0.4055311722997248, 0.050010219738020514, 0.27928823493841864, 0.7505408984660494, 0.3333333333333335, 0.3703318577043974, 0.48382808224276225, 0.3349962552624106, 0.42324300946996896, 0.9147813715971177, 0.3333333333333335], ""kernels.1.base_kernel.kernels.1"": [0.6931481805599428, 0.6931481805599428, 0.6931481805599428]}","{""kernels.0"": 1.641023174028758e-05, ""kernels.0.base_kernel.kernels.1"": 0.01894822657905046, ""kernels.1"": 0.7865832975723981}",10,5,30,15,15,archive,0,6
21,194.103303369181,189.84976478490736,0.4992,local,-4.0790795185674735,-5.567498710679228,1.4884191921117544,0.0860768482549422,0.37657682434468837,archive,118,0,0.11065298064376458,0.03258168747806183,0.03320733761337796,0.008702916794122446,0.26216519180741,0.050003790935501946,0.3333333333333335,0.9236107658946658,"{""kernels.0.base_kernel.kernels.0"": [0.3333298938917677, 0.33333550030742287, 0.3333321661716778, 0.33333530419037893, 0.3333251778585683, 0.3333333333333335, 0.3333301515396197, 0.3333247421801007, 0.33333210135700575, 0.33332703603545594, 0.33334729954342607, 0.3333333333333335, 0.33333264047819505, 0.3333444193399177, 0.3333303538967493, 0.3333326024507275, 0.3333273116453865, 0.3333333333333335], ""kernels.0.base_kernel.kernels.1.base_kernel"": [0.6931481805599428, 0.6931481805599428, 0.6931481805599428], ""kernels.1.base_kernel.kernels.0"": [0.3626696032070587, 0.09976506869043036, 0.050003790935501946, 0.33247298972876016, 0.19988192629956922, 0.3333333333333335, 0.36389069272691804, 0.400195197002332, 0.05001022339112129, 0.27297037308751937, 0.7511839405236752, 0.3333333333333335, 0.3742606509650294, 0.4990104154659152, 0.3243269399855079, 0.39628089096316665, 0.9236107658946658, 0.3333333333333335], ""kernels.1.base_kernel.kernels.1"": [0.6931481805599428, 0.6931481805599428, 0.6931481805599428]}","{""kernels.0"": 1.6401734575889826e-05, ""kernels.0.base_kernel.kernels.1"": 0.01894783119694301, ""kernels.1"": 0.767531342490711}",10,5,30,15,15,archive,0,7
22,244.07571642538562,189.84976478490736,0.4988,local,-4.085211846787374,-5.450276174893634,1.3650643281062607,0.06819845093126076,0.3485125627475984,archive,118,0,0.09168305409890734,0.03090315031249809,0.03189141558261122,0.007815906727781327,0.2564999214679124,0.05000379012781985,0.3333333333333335,0.9200346385616147,"{""kernels.0.base_kernel.kernels.0"": [0.33332989646009853, 0.33333578438647965, 0.3333321047162405, 0.33333560150036373, 0.33332476237126935, 0.3333333333333335, 0.33333025875151034, 0.33332452781893074, 0.33333209614966547, 0.3333269808167633, 0.3333489396243353, 0.3333333333333335, 0.3333326342987323, 0.3333445706127326, 0.33333018628870376, 0.3333327765231028, 0.3333250013056261, 0.3333333333333335], ""kernels.0.base_kernel.kernels.1.base_kernel"": [0.6931481805599428, 0.6931481805599428, 0.6931481805599428], ""kernels.1.base_kernel.kernels.0"": [0.3635383369501338, 0.09593070065858478, 0.05000379012781985, 0.33877935073335735, 0.21310785354765743, 0.3333333333333335, 0.37366666235296575, 0.416901427180913, 0.0500102279284516, 0.2782093125704887, 0.7687307040291897, 0.3333333333333335, 0.3749907146805577, 0.5056558964524798, 0.3344627104914223, 0.4057580661474232, 0.9200346385616147, 0.3333333333333335], ""kernels.1.base_kernel.kernels.1"": [0.6931481805599428, 0.6931481805599428, 0.6931481805599428]}","{""kernels.0"": 1.6394032211992387e-05, ""kernels.0.base_kernel.kernels.1"": 0.018947467860646633, ""kernels.1"": 0.7505359025108786}",10,5,30,15,15,archive,0,8
23,177.66458560017114,177.66458560017114,0.502,local,-3.1291097982415215,-5.971161238059916,2.8420514398183947,0.08668076002864208,0.39808429320626165,archive,118,0,0.08163986412201926,0.03502022968521222,0.037902063281984276,0.011045339228522308,0.25357249372195734,0.05000378989675841,0.3333333333333335,0.787193838372868,"{""kernels.0.base_kernel.kernels.0"": [0.3333302069744199, 0.3333347793798362, 0.3333325317663336, 0.33333551823293345, 0.33332536147059727, 0.3333333333333335, 0.3333291184182493, 0.33332623303477493, 0.3333316392032181, 0.3333276623000932, 0.3333493551671681, 0.3333333333333335, 0.3333324781920996, 0.3333416468047427, 0.33333065234673404, 0.3333320674017401, 0.3333219280416447, 0.3333333333333335], ""kernels.0.base_kernel.kernels.1.base_kernel"": [0.6931481805599428, 0.6931481805599428, 0.6931481805599428], ""kernels.1.base_kernel.kernels.0"": [0.3569110270137341, 0.15663612477055483, 0.05000378989675841, 0.2044205691833034, 0.25003385691391294, 0.3333333333333335, 0.3404403907820047, 0.43163957505735473, 0.05001024932120029, 0.1599621085779484, 0.698711705531781, 0.3333333333333335, 0.3617977952916165, 0.4297420330297076, 0.3347704436915897, 0.2868057454222188, 0.787193838372868, 0.3333333333333335], ""kernels.1.base_kernel.kernels.1"": [0.6931481805599428, 0.6931481805599428, 0.6931481805599428]}","{""kernels.0"": 1.6360723865702675e-05, ""kernels.0.base_kernel.kernels.1"": 0.018945726419304927, ""kernels.1"": 0.7417553940227014}",10,5,30,15,15,archive,0,0
24,177.05952133447852,177.05952133447852,0.4998,local,-4.103397860007137,-61.37624777000667,57.272849909999536,1.5395558672073062,1.4119055946371268,archive,71,16,0.09347453057533654,0.03207426164728823,0.03397605292730589,0.008499523528267673,0.24866173557777382,0.050003790067407905,0.3333333333333335,0.7729086743418268,"{""kernels.0.base_kernel.kernels.0"": [0.33333016996964737, 0.3333347254291378, 0.3333325135030228, 0.33333547256225926, 0.33332510457576603, 0.3333333333333335, 0.3333289390690682, 0.3333258968172654, 0.33333164492364376, 0.33332770741429274, 0.33334992138024766, 0.3333333333333335, 0.333332347097827, 0.3333415872228052, 0.3333304922301591, 0.3333319754826397, 0.3333194959057439, 0.3333333333333335], ""kernels.0.base_kernel.kernels.1.base_kernel"": [0.6931481805599428, 0.6931481805599428, 0.6931481805599428], ""kernels.1.base_kernel.kernels.0"": [0.3574087558289645, 0.15641407330039067, 0.050003790067407905, 0.21458640361286585, 0.23974772682233683, 0.3333333333333335, 0.353003686512629, 0.4248708285992649, 0.050010257672093585, 0.16755990386373204, 0.7027672189238692, 0.3333333333333335, 0.3605682460073977, 0.43661610978021426, 0.3259054573572888, 0.26809074587572135, 0.7729086743418268, 0.3333333333333335], ""kernels.1.base_kernel.kernels.1"": [0.6931481805599428, 0.6931481805599428, 0.6931481805599428]}","{""kernels.0"": 1.634627336281033e-05, ""kernels.0.base_kernel.kernels.1"": 0.0189449392130308, ""kernels.1"": 0.7270239212469278}",10,5,30,15,15,archive,0,0
25,234.60833255835428,177.05952133447852,0.4994,local,-3.9004588896950687,-4.64488288550427,0.7444239958092012,0.07312543578086006,0.29160124060639403,archive,128,0,0.08008051704391705,0.031388313786645736,0.032721742660929566,0.0076522561346777426,0.24161029016050592,0.050003790189487855,0.3333333333333335,0.8037863033988204,"{""kernels.0.base_kernel.kernels.0"": [0.3333300703892826, 0.33333555739047127, 0.33333247072762245, 0.33333650150950056, 0.3333253043893942, 0.3333333333333335, 0.3333299178713111, 0.3333258338498613, 0.33333185312103303, 0.3333279678205431, 0.3333513622866081, 0.3333333333333335, 0.3333323410720803, 0.3333425453248991, 0.3333303954807447, 0.33333260744960364, 0.33331528060751503, 0.3333333333333335], ""kernels.0.base_kernel.kernels.1.base_kernel"": [0.6931481805599428, 0.6931481805599428, 0.6931481805599428], ""kernels.1.base_kernel.kernels.0"": [0.35995613851769187, 0.14506946710309493, 0.050003790189487855, 0.2789227544110505, 0.20455184195053505, 0.3333333333333335, 0.3859643998969781, 0.4041711917813516, 0.05001026576170541, 0.16872570011636606, 0.7272398127713375, 0.3333333333333335, 0.36774626949807876, 0.461431353460714, 0.3249389222075213, 0.267783570486567, 0.8037863033988204, 0.3333333333333335], ""kernels.1.base_kernel.kernels.1"": [0.6931481805599428, 0.6931481805599428, 0.6931481805599428]}","{""kernels.0"": 1.6333549187870033e-05, ""kernels.0.base_kernel.kernels.1"": 0.018944220922803342, ""kernels.1"": 0.7058703160095265}",10,5,30,15,15,archive,0,1
26,159.90722159020197,159.90722159020197,0.4994,local,-3.579318573846346,-4.773837851236224,1.1945192773898778,0.04725256853798357,0.27348012981831776,archive,128,0,0.0589980245965388,0.03221037100651868,0.033143471419219916,0.007796263763896742,0.24018829572847242,0.050003792865004004,0.3333333333333335,0.7063780595147552,"{""kernels.0.base_kernel.kernels.0"": [0.3333301585330459, 0.3333339354513639, 0.3333327603471903, 0.33333477359887154, 0.3333244907725174, 0.3333333333333335, 0.33333094268547486, 0.3333248212679377, 0.3333311318237177, 0.3333277242551667, 0.33334899101428445, 0.3333333333333335, 0.33333035767960284, 0.3333423368103839, 0.33333091978272644, 0.3333325893906178, 0.33332889492184253, 0.3333333333333335], ""kernels.0.base_kernel.kernels.1.base_kernel"": [0.6931481805599428, 0.6931481805599428, 0.6931481805599428], ""kernels.1.base_kernel.kernels.0"": [0.3477327956078035, 0.18334516736807832, 0.050003792865004004, 0.17833199099126534, 0.3726199316025872, 0.3333333333333335, 0.369718724110313, 0.45595703188558284, 0.05001030788859518, 0.15971196958624614, 0.6590916781085961, 0.3333333333333335, 0.15026475052866933, 0.43591098303898473, 0.3361294559890607, 0.27094481934999515, 0.7063780595147552, 0.3333333333333335], ""kernels.1.base_kernel.kernels.1"": [0.6931481805599428, 0.6931481805599428, 0.6931481805599428]}","{""kernels.0"": 1.627956190794317e-05, ""kernels.0.base_kernel.kernels.1"": 0.018941577683312113, ""kernels.1"": 0.7016070299401972}",10,5,30,15,15,archive,0,0
27,174.6522749597903,159.90722159020197,0.4996,local,-4.293335947967737,-5.4045498915216825,1.1112139435539454,0.06963973264448381,0.2579351051396537,archive,130,0,0.08157399793582665,0.028333510340583692,0.031484285869860316,0.006739986002975166,0.2332293020900844,0.05000379357480277,0.3333333333333335,0.6931481805599428,"{""kernels.0.base_kernel.kernels.0"": [0.3333303477541813, 0.3333338668455046, 0.33333291143869986, 0.333334136483244, 0.33332567949787995, 0.3333333333333335, 0.33333080628485134, 0.33332426694121575, 0.33333106152436204, 0.3333279871881561, 0.33335035222001874, 0.3333333333333335, 0.3333296798746919, 0.33334205419393625, 0.3333308351096607, 0.3333325949192125, 0.3333260048748093, 0.3333333333333335], ""kernels.0.base_kernel.kernels.1.base_kernel"": [0.6931481805599428, 0.6931481805599428, 0.6931481805599428], ""kernels.1.base_kernel.kernels.0"": [0.3450562708023048, 0.1950231030042839, 0.05000379357480277, 0.1570275968240168, 0.48523635364012524, 0.3333333333333335, 0.34219157227873565, 0.45534404613573326, 0.05001031903443161, 0.14140796165075734, 0.6461844298576791, 0.3333333333333335, 0.18329795461241224, 0.4100534396773614, 0.3339988060088326, 0.25289480893360206, 0.6524619569726865, 0.3333333333333335], ""kernels.1.base_kernel.kernels.1"": [0.6931481805599428, 0.6931481805599428, 0.6931481805599428]}","{""kernels.0"": 1.626424821376123e-05, ""kernels.0.base_kernel.kernels.1"": 0.018940805924559417, ""kernels.1"": 0.6807308360974801}",10,5,30,15,15,archive,0,1
28,175.29269914400123,159.90722159020197,0.4986,local,-4.674278305237495,-6.034478559531477,1.3602002542939822,0.08178768112731025,0.23762721721086932,archive,130,0,0.0723206062890343,0.025541579985474763,0.031677425696938856,0.006687770334335341,0.22721158981754241,0.05000379379271386,0.3333333333333335,0.6931481805599428,"{""kernels.0.base_kernel.kernels.0"": [0.33333025493872603, 0.3333338550576937, 0.33333288088005536, 0.3333341610321781, 0.3333255748515737, 0.3333333333333335, 0.33333055571960946, 0.33332414915509573, 0.3333310438179435, 0.33332792829416474, 0.3333507024985662, 0.3333333333333335, 0.33332974523284137, 0.3333425274835818, 0.33333082875529124, 0.33333266408888845, 0.3333262062234193, 0.3333333333333335], ""kernels.0.base_kernel.kernels.1.base_kernel"": [0.6931481805599428, 0.6931481805599428, 0.6931481805599428], ""kernels.1.base_kernel.kernels.0"": [0.3447972166467278, 0.1937679456558543, 0.05000379379271386, 0.1563040929076216, 0.4875141368643475, 0.3333333333333335, 0.33532886814955326, 0.4597612492219671, 0.05001032236736203, 0.1458873478719169, 0.6474505804190173, 0.3333333333333335, 0.18374057613741368, 0.4149952632350409, 0.33367958866753406, 0.25653698348535536, 0.6562591613518297, 0.3333333333333335], ""kernels.1.base_kernel.kernels.1"": [0.6931481805599428, 0.6931481805599428, 0.6931481805599428]}","{""kernels.0"": 1.625939401801748e-05, ""kernels.0.base_kernel.kernels.1"": 0.018940566850784032, ""kernels.1"": 0.6626779432078251}",10,5,30,15,15,archive,0,2
29,171.7102704664524,159.90722159020197,0.4984,local,-4.906076428295443,-6.721436464308834,1.8153600360133906,0.07580628518081271,0.2403820112521974,archive,130,0,0.07229291541924497,0.023670305543822823,0.03202180626737088,0.0066991477248978535,0.22117534622291324,0.050003794122697336,0.3333333333333335,0.6931481805599428,"{""kernels.0.base_kernel.kernels.0"": [0.33333009943748393, 0.33333358460296475, 0.3333328692865487, 0.33333423343692925, 0.33332564178896573, 0.3333333333333335, 0.3333301051398205, 0.33332334829905186, 0.3333309380559155, 0.33332729599945277, 0.3333533030794731, 0.3333333333333335, 0.3333295197152251, 0.3333429488047152, 0.33333051054823054, 0.333332055164723, 0.33332734487848, 0.3333333333333335], ""kernels.0.base_kernel.kernels.1.base_kernel"": [0.6931481805599428, 0.6931481805599428, 0.6931481805599428], ""kernels.1.base_kernel.kernels.0"": [0.34385121428991233, 0.19476602223793957, 0.050003794122697336, 0.16425739175680465, 0.5126295636454905, 0.3333333333333335, 0.3332598982024538, 0.45899132460047204, 0.05001032694472738, 0.14416426386128334, 0.6448678359125245, 0.3333333333333335, 0.17515870470226735, 0.42526235089388914, 0.3356761328067191, 0.25166656185021663, 0.6467535625909585, 0.3333333333333335], ""kernels.1.base_kernel.kernels.1"": [0.6931481805599428, 0.6931481805599428, 0.6931481805599428]}","{""kernels.0"": 1.6252423297126734e-05, ""kernels.0.base_kernel.kernels.1"": 0.018940239653516676, ""kernels.1"": 0.6445695465919259}",10,5,30,15,15,archive,0,3
30,189.1711581553869,159.90722159020197,0.4986,local,-5.025622869873299,-7.150504969684812,2.124882099811513,0.06726659838118752,0.2678183013979681,archive,130,0,0.07745549891494428,0.02184039909675134,0.03150537004762037,0.006336470449778664,0.2153340734383933,0.05000379451027983,0.3333333333333335,0.6931481805599428,"{""kernels.0.base_kernel.kernels.0"": [0.33333001108603116, 0.3333335265159082, 0.33333285242313504, 0.3333342098192308, 0.3333261395078587, 0.3333333333333335, 0.3333299538637249, 0.33332418994759777, 0.33333084591586487, 0.33332713630873173, 0.3333559700798753, 0.3333333333333335, 0.3333295615546198, 0.3333433039700495, 0.33333042460080964, 0.3333320849904343, 0.3333270452084162, 0.3333333333333335], ""kernels.0.base_kernel.kernels.1.base_kernel"": [0.6931481805599428, 0.6931481805599428, 0.6931481805599428], ""kernels.1.base_kernel.kernels.0"": [0.3427939287992595, 0.1934763512952577, 0.05000379451027983, 0.16486651533744634, 0.5433187218379344, 0.3333333333333335, 0.32982878961196893, 0.4807546008940469, 0.05001033167353028, 0.1446945648126809, 0.6532085772201456, 0.3333333333333335, 0.17335483035968005, 0.42855333116422567, 0.33597753488939264, 0.24932703124176447, 0.6386455254539561, 0.3333333333333335], ""kernels.1.base_kernel.kernels.1"": [0.6931481805599428, 0.6931481805599428, 0.6931481805599428]}","{""kernels.0"": 1.624497886214284e-05, ""kernels.0.base_kernel.kernels.1"": 0.018939907880650284, ""kernels.1"": 0.6270460674556675}",10,5,30,15,15,archive,0,4
31,163.49186590630427,159.90722159020197,0.5006,local,-4.749824036551843,-7.4267769282944744,2.6769528917426317,0.06372231227498079,0.29250912249235245,archive,130,0,0.07470277858061507,0.021854215082271703,0.032113601958153645,0.006531283267411541,0.21352266005352097,0.050003795252929084,0.3333333333333335,0.6931481805599428,"{""kernels.0.base_kernel.kernels.0"": [0.3333299651522575, 0.33333387527879016, 0.3333328084905731, 0.33333431976693056, 0.3333270974779367, 0.3333333333333335, 0.33332901255306907, 0.33332415424148376, 0.33333080775384955, 0.3333269122470422, 0.3333557068308236, 0.3333333333333335, 0.33332982981417264, 0.33334459574423325, 0.3333307899542926, 0.33333268829591345, 0.3333284920038507, 0.3333333333333335], ""kernels.0.base_kernel.kernels.1.base_kernel"": [0.6931481805599428, 0.6931481805599428, 0.6931481805599428], ""kernels.1.base_kernel.kernels.0"": [0.3398814069067407, 0.19439659473057755, 0.050003795252929084, 0.16337557699604366, 0.5380890384117694, 0.3333333333333335, 0.2485264122007482, 0.4969362233212452, 0.0500103409584366, 0.16603181446532064, 0.6615955254718527, 0.3333333333333335, 0.1723074883598794, 0.43659637514138466, 0.3384744133739847, 0.26810907927453287, 0.655801274579172, 0.3333333333333335], ""kernels.1.base_kernel.kernels.1"": [0.6931481805599428, 0.6931481805599428, 0.6931481805599428]}","{""kernels.0"": 1.621990436386803e-05, ""kernels.0.base_kernel.kernels.1"": 0.018938845960545025, ""kernels.1"": 0.621612914295654}",10,5,30,15,15,archive,0,5
32,195.12800112133996,159.90722159020197,0.4996,local,-4.8577125623346165,-7.769036200413023,2.9113236380784064,0.07868622780524608,0.32314388996020377,archive,130,0,0.06673810423569472,0.0205608111697362,0.031611857334040476,0.006169763601862964,0.20886193407913933,0.05000379545504752,0.3333333333333335,0.6931481805599428,"{""kernels.0.base_kernel.kernels.0"": [0.33332984935699633, 0.33333381727144734, 0.33333282490403215, 0.3333341121299929, 0.3333306339888024, 0.3333333333333335, 0.33332939216831237, 0.3333238969333676, 0.33333072161868854, 0.33332689401770244, 0.3333541853116105, 0.3333333333333335, 0.3333299495111579, 0.3333449689409238, 0.3333307378948541, 0.33333280249548564, 0.3333285370002423, 0.3333333333333335], ""kernels.0.base_kernel.kernels.1.base_kernel"": [0.6931481805599428, 0.6931481805599428, 0.6931481805599428], ""kernels.1.base_kernel.kernels.0"": [0.33644322355204953, 0.19965668908419906, 0.05000379545504752, 0.15965852008923204, 0.5724147960304309, 0.3333333333333335, 0.308049461868591, 0.5001792953563013, 0.05001034624778344, 0.16580688325273357, 0.6543613260999499, 0.3333333333333335, 0.16507091871204352, 0.429477327211799, 0.33936312828198656, 0.26907179659473934, 0.6382330530665747, 0.3333333333333335], ""kernels.1.base_kernel.kernels.1"": [0.6931481805599428, 0.6931481805599428, 0.6931481805599428]}","{""kernels.0"": 1.620721066488586e-05, ""kernels.0.base_kernel.kernels.1"": 0.018938331376194117, ""kernels.1"": 0.607631263650559}",10,5,30,15,15,archive,0,6
33,163.23642082020172,159.90722159020197,0.5008,local,-3.833891445537009,-5.919951735351532,2.086060289814523,0.06880315750204136,0.22464408935945898,archive,130,0,0.043899194137216775,0.020840242969948714,0.02783985715954585,0.004677283565451187,0.20605463840258384,0.0500037959568984,0.3333333333333335,0.6931481805599428,"{""kernels.0.base_kernel.kernels.0"": [0.3333295020971992, 0.3333324959601151, 0.33333268366499424, 0.33333324309637336, 0.3333340966197087, 0.3333333333333335, 0.33332990879997576, 0.33332081052552603, 0.33333047809260474, 0.3333263013496018, 0.33335891809247975, 0.3333333333333335, 0.33332940603032324, 0.3333430987033067, 0.33333062901335475, 0.33333181625477687, 0.3333331907621734, 0.3333333333333335], ""kernels.0.base_kernel.kernels.1.base_kernel"": [0.6931481805599428, 0.6931481805599428, 0.6931481805599428], ""kernels.1.base_kernel.kernels.0"": [0.33603592816073763, 0.19395919712906676, 0.0500037959568984, 0.16385723446672434, 0.6153607014513712, 0.3333333333333335, 0.15380716904796105, 0.470680433563898, 0.050010357745372436, 0.19340891809584432, 0.6650510146302662, 0.3333333333333335, 0.19667347337209837, 0.4261239905432917, 0.3413692926322821, 0.24614117779020367, 0.6210704086995185, 0.3333333333333335], ""kernels.1.base_kernel.kernels.1"": [0.6931481805599428, 0.6931481805599428, 0.6931481805599428]}","{""kernels.0"": 1.618600004635092e-05, ""kernels.0.base_kernel.kernels.1"": 0.0189375160609713, ""kernels.1"": 0.5992102131467338}",10,5,30,15,15,archive,0,7
34,195.3275568268177,159.90722159020197,0.5006,local,-4.570499649999437,-235.48320812661376,230.9127084766143,0.5357858258183571,1.2708865893666206,archive,35,42,0.06321271175939838,0.020064766255187126,0.02836989275563493,0.0047640102319987145,0.20143175882285935,0.05000379603828242,0.3333333333333335,0.6931481805599428,"{""kernels.0.base_kernel.kernels.0"": [0.3333294868429671, 0.33333261649438883, 0.33333270248134306, 0.3333334487278848, 0.33333486702933235, 0.3333333333333335, 0.3333297793328109, 0.33332002178822295, 0.33333054287349195, 0.33332607923453145, 0.3333596777664931, 0.3333333333333335, 0.33332925544709746, 0.33334325920035324, 0.3333306259538251, 0.3333320555608381, 0.333332349476864, 0.3333333333333335], ""kernels.0.base_kernel.kernels.1.base_kernel"": [0.6931481805599428, 0.6931481805599428, 0.6931481805599428], ""kernels.1.base_kernel.kernels.0"": [0.33643707395252115, 0.19189538634306436, 0.05000379603828242, 0.16160835650488187, 0.6209263975566596, 0.3333333333333335, 0.16723114448236898, 0.4561960242260168, 0.050010360401332846, 0.18823674730492423, 0.6711578257254175, 0.3333333333333335, 0.19744920756414477, 0.42026746885701255, 0.3422486825361215, 0.25219294103072054, 0.628074520803276, 0.3333333333333335], ""kernels.1.base_kernel.kernels.1"": [0.6931481805599428, 0.6931481805599428, 0.6931481805599428]}","{""kernels.0"": 1.6181965830382054e-05, ""kernels.0.base_kernel.kernels.1"": 0.01893736392396319, ""kernels.1"": 0.5853417305787845}",10,5,30,15,15,archive,0,8
35,171.9437611399229,159.90722159020197,0.4986,local,-4.795400534369614,-6.533098588000809,1.7376980536311946,0.04137575517730645,0.2035958190630919,archive,130,0,0.03731939100660481,0.0200120667302422,0.028670494914017897,0.004823026963444448,0.19854393454745986,0.05000379652529755,0.3333333333333335,0.6931481805599428,"{""kernels.0.base_kernel.kernels.0"": [0.3333285701406709, 0.333332569881288, 0.33333268510059216, 0.3333336167992717, 0.333337457629214, 0.3333333333333335, 0.3333292684385856, 0.3333196437739833, 0.3333305918495033, 0.33332627407983206, 0.33336003924024754, 0.3333333333333335, 0.3333293511251648, 0.33334434492239334, 0.33333055697490355, 0.33333273516038275, 0.3333316409507289, 0.3333333333333335], ""kernels.0.base_kernel.kernels.1.base_kernel"": [0.6931481805599428, 0.6931481805599428, 0.6931481805599428], ""kernels.1.base_kernel.kernels.0"": [0.17462535771457827, 0.20110591002656317, 0.05000379652529755, 0.15971056531265088, 0.6594726139570318, 0.3333333333333335, 0.1743277559579878, 0.44334299783797787, 0.0500103673027334, 0.1844811010938219, 0.6733666607543202, 0.3333333333333335, 0.19562130619751428, 0.4239985649423791, 0.3405178533933327, 0.26566717258632544, 0.6204457393312971, 0.3333333333333335], ""kernels.1.base_kernel.kernels.1"": [0.6931481805599428, 0.6931481805599428, 0.6931481805599428]}","{""kernels.0"": 1.6171948607591056e-05, ""kernels.0.base_kernel.kernels.1"": 0.018936999874749772, ""kernels.1"": 0.5766786318190222}",10,5,30,15,15,archive,0,9
36,164.72603938612446,159.90722159020197,0.5002,local,-4.745532436491626,-6.8683977254990545,2.1228652890074287,0.05269457446467665,0.23083525547225056,archive,130,0,0.04456399297792359,0.020573591732667176,0.030684715944005087,0.005473634578727318,0.193544176458641,0.05000379716444732,0.3333333333333335,0.7131616372250487,"{""kernels.0.base_kernel.kernels.0"": [0.33332872950976805, 0.3333325430724897, 0.33333270249910274, 0.333333470560406, 0.3333403807028011, 0.3333333333333335, 0.3333289466830556, 0.3333198255393173, 0.33333051986319834, 0.3333265521665557, 0.3333652296527929, 0.3333333333333335, 0.3333292739522555, 0.3333456176928823, 0.33333044337333906, 0.3333328515246739, 0.3333321429533445, 0.3333333333333335], ""kernels.0.base_kernel.kernels.1.base_kernel"": [0.6931481805599428, 0.6931481805599428, 0.6931481805599428], ""kernels.1.base_kernel.kernels.0"": [0.18261920097907577, 0.19502305285498575, 0.05000379716444732, 0.18229232881865345, 0.7131616372250487, 0.3333333333333335, 0.16784701633842858, 0.44415901478478537, 0.0500103737077361, 0.16552079542225304, 0.6877881279279577, 0.3333333333333335, 0.18618335765155766, 0.43575926014798766, 0.3416191886432667, 0.24571844364325404, 0.6239331896607324, 0.3333333333333335], ""kernels.1.base_kernel.kernels.1"": [0.6931481805599428, 0.6931481805599428, 0.6931481805599428]}","{""kernels.0"": 1.6161520723980364e-05, ""kernels.0.base_kernel.kernels.1"": 0.018936640241412277, ""kernels.1"": 0.5616797276137868}",10,5,30,15,15,archive,0,10
37,157.83271144524804,157.83271144524804,0.5006,local,-5.258229270961019,-7.0704211267392205,1.8121918557782015,0.05843942209687484,0.20353241630596144,archive,130,0,0.03686924933733029,0.019596874402528712,0.02959666433385573,0.0049830988891223,0.1899656049196339,0.050003797847122076,0.3333332704425531,0.7166745712411823,"{""kernels.0.base_kernel.kernels.0"": [0.3333286216580645, 0.33333253925066697, 0.3333326800191814, 0.3333332075517728, 0.3333415191919848, 0.3333333333333335, 0.3333288004201242, 0.33331913140133845, 0.3333304010381857, 0.33332645707569725, 0.33336631080720597, 0.3333333333333335, 0.3333293965052256, 0.33334626745360796, 0.3333304059770533, 0.3333329013184779, 0.33333226228952473, 0.3333333333333335], ""kernels.0.base_kernel.kernels.1.base_kernel"": [0.6931481805599428, 0.6931481805599428, 0.6931481805599428], ""kernels.1.base_kernel.kernels.0"": [0.18335333373301796, 0.19540083640359868, 0.050003797847122076, 0.18086472417099067, 0.7166745712411823, 0.3333333333333335, 0.17305504778305458, 0.4346293244839989, 0.050010379954577404, 0.16454008203417425, 0.6881686596191943, 0.3333333333333335, 0.18575796816406234, 0.43758219964203005, 0.3425155132179591, 0.24664206593160115, 0.6235623697692289, 0.3333333333333335], ""kernels.1.base_kernel.kernels.1"": [0.6931481805599428, 0.6931481805599428, 0.6931481805599428]}","{""kernels.0"": 1.6151986536692156e-05, ""kernels.0.base_kernel.kernels.1"": 0.018936316957841294, ""kernels.1"": 0.5509443458145238}",10,5,30,15,15,archive,0,0
38,164.56092843677706,157.83271144524804,0.4978,local,-5.219672662407531,-5.4976224128465745,0.2779497504390438,0.038576732006934164,0.14314282536257392,archive,141,0,0.04076222211927302,0.021843816576485736,0.026844367718566974,0.003985194558559109,0.18664167235827442,0.050003798377401265,0.3333331640711189,0.7168764373831771,"{""kernels.0.base_kernel.kernels.0"": [0.3333284609261769, 0.3333329236898455, 0.3333327339723789, 0.33333299480890427, 0.3333423459243197, 0.3333333333333335, 0.3333286566459685, 0.3333169864718326, 0.33333040126304286, 0.3333263655532003, 0.3333670598774015, 0.3333333333333335, 0.33332942343832606, 0.33334699501043147, 0.33333035463264366, 0.33333293357680155, 0.33333126034871313, 0.3333333333333335], ""kernels.0.base_kernel.kernels.1.base_kernel"": [0.6931481805599428, 0.6931481805599428, 0.6931481805599428], ""kernels.1.base_kernel.kernels.0"": [0.17982272407944927, 0.19684796953246103, 0.050003798377401265, 0.17582450817537282, 0.7168764373831771, 0.3333333333333335, 0.16523341006318554, 0.39716254547500274, 0.05001038481986878, 0.17376992310593975, 0.6822017702758215, 0.3333333333333335, 0.18832630651818388, 0.4493884197694286, 0.33833747457197116, 0.23754779037479748, 0.6248487025344754, 0.3333333333333335], ""kernels.1.base_kernel.kernels.1"": [0.6931481805599428, 0.6931481805599428, 0.6931481805599428]}","{""kernels.0"": 1.6144790587285884e-05, ""kernels.0.base_kernel.kernels.1"": 0.018936068835150234, ""kernels.1"": 0.5409728034490857}",10,5,30,15,15,archive,0,1
39,162.30555445552494,157.83271144524804,0.4992,local,-5.3483335222130926,-5.770182980298957,0.42184945808586427,0.02089245581905674,0.11233113633079779,archive,141,0,0.032956273257254684,0.019972180287954697,0.026059456335501156,0.0036887063327590876,0.1836773813479018,0.05000379849524284,0.3333331813007816,0.7190957258152507,"{""kernels.0.base_kernel.kernels.0"": [0.33332844804486145, 0.3333329931379144, 0.3333327368763496, 0.33333302926822966, 0.33334264407230424, 0.3333333333333335, 0.33332868286365336, 0.33331698727845716, 0.3333304112485571, 0.33332632487382713, 0.33336752782114104, 0.3333333333333335, 0.333329389737631, 0.33334731264842266, 0.33333035804437267, 0.3333330193999375, 0.3333314640460542, 0.3333333333333335], ""kernels.0.base_kernel.kernels.1.base_kernel"": [0.6931481805599428, 0.6931481805599428, 0.6931481805599428], ""kernels.1.base_kernel.kernels.0"": [0.17969017282694652, 0.1966442703084716, 0.05000379849524284, 0.17516856745447557, 0.7190957258152507, 0.3333333333333335, 0.16855009782341662, 0.399225104742247, 0.05001038589242786, 0.17293446525672238, 0.6861380416051501, 0.3333333333333335, 0.18926895302707797, 0.4525193276450766, 0.33815984133961885, 0.23896472104429686, 0.638459653406585, 0.3333333333333335], ""kernels.1.base_kernel.kernels.1"": [0.6931481805599428, 0.6931481805599428, 0.6931481805599428]}","{""kernels.0"": 1.6143112680110557e-05, ""kernels.0.base_kernel.kernels.1"": 0.01893601198430432, ""kernels.1"": 0.5320799889467209}",10,5,30,15,15,archive,0,2
40,160.2350405288029,157.83271144524804,0.4988,local,-5.553486890882395,-6.309362556782576,0.7558756659001808,0.02170966734619587,0.13927216531487846,archive,141,0,0.03321744513756718,0.016161212352718037,0.024695790393658195,0.0032474526668572912,0.18083876414260702,0.05000379870412231,0.333333277253298,0.7257967210125854,"{""kernels.0.base_kernel.kernels.0"": [0.33332837211998584, 0.33333304393818647, 0.3333327245314607, 0.3333331428414313, 0.33334403080673664, 0.3333333333333335, 0.3333285602724782, 0.33331631641140497, 0.333330435484512, 0.3333261362546565, 0.3333685791354112, 0.3333333333333335, 0.33332921876703114, 0.33334795669696393, 0.33333037465695364, 0.3333332211732624, 0.33333179241868627, 0.3333333333333335], ""kernels.0.base_kernel.kernels.1.base_kernel"": [0.6931481805599428, 0.6931481805599428, 0.6931481805599428], ""kernels.1.base_kernel.kernels.0"": [0.1797711245067469, 0.19656994541423634, 0.05000379870412231, 0.17618995232044368, 0.7257967210125854, 0.3333333333333335, 0.17009653003583577, 0.3899724775789153, 0.050010387774401484, 0.1724118400891937, 0.6899055741447935, 0.3333333333333335, 0.18961134962770756, 0.4541152189173413, 0.3398594646852019, 0.24339135673192627, 0.6345612898804697, 0.3333333333333335], ""kernels.1.base_kernel.kernels.1"": [0.6931481805599428, 0.6931481805599428, 0.6931481805599428]}","{""kernels.0"": 1.6140022229753707e-05, ""kernels.0.base_kernel.kernels.1"": 0.01893590882138334, ""kernels.1"": 0.523564243584208}",10,5,30,15,15,archive,0,3
41,158.10008959050626,157.83271144524804,0.5,local,-5.1299346236932175,-6.320202175469019,1.1902675517758015,0.041066642968379766,0.14623683925549738,archive,141,0,0.029376203169043377,0.014306685433862158,0.022289987368041712,0.0025829698807739473,0.17838664834383852,0.05000380112045974,0.3333332654685697,0.7176199882404285,"{""kernels.0.base_kernel.kernels.0"": [0.33332831046014955, 0.3333335100401573, 0.3333329048219124, 0.33333299519362525, 0.3333478341758836, 0.3333333333333335, 0.33332799800880136, 0.3333155118440862, 0.3333307255190227, 0.3333259825158585, 0.3333760010310104, 0.3333333333333335, 0.3333288477409475, 0.333352021176193, 0.33333013426202274, 0.3333331976038059, 0.3333302743777379, 0.3333333333333335], ""kernels.0.base_kernel.kernels.1.base_kernel"": [0.6931481805599428, 0.6931481805599428, 0.6931481805599428], ""kernels.1.base_kernel.kernels.0"": [0.1819764489923825, 0.2204752051899044, 0.05000380112045974, 0.17770207552221864, 0.7176199882404285, 0.3333333333333335, 0.21719057314769352, 0.2831461419309067, 0.05001040641594627, 0.152977981802481, 0.6896380486166389, 0.3333333333333335, 0.18429387474839698, 0.4647005241500037, 0.3382606186308211, 0.24276890011152816, 0.6386208896151077, 0.3333333333333335], ""kernels.1.base_kernel.kernels.1"": [0.6931481805599428, 0.6931481805599428, 0.6931481805599428]}","{""kernels.0"": 1.6106968998346685e-05, ""kernels.0.base_kernel.kernels.1"": 0.01893480830845939, ""kernels.1"": 0.5162090297540578}",10,5,30,15,15,archive,0,4
42,156.17878907622412,156.17878907622412,0.5006,local,-4.924260351865389,-6.365807438425777,1.441547086560388,0.041624725662475014,0.16621446291331235,archive,141,0,0.02370934145733914,0.013264990589275097,0.02084992160386834,0.0022153174506932953,0.17576705404832338,0.05000380332286384,0.33333331448145054,0.7016523847249512,"{""kernels.0.base_kernel.kernels.0"": [0.33332823819529667, 0.3333332956295676, 0.3333329710269826, 0.3333331385880972, 0.3333476516719741, 0.3333333333333335, 0.33332826869389987, 0.3333180721615619, 0.3333312024073766, 0.33332620323491186, 0.33338595649430675, 0.3333333333333335, 0.3333288304460347, 0.33335326347173494, 0.33332971026073027, 0.33333239381001206, 0.3333343169405689, 0.3333333333333335], ""kernels.0.base_kernel.kernels.1.base_kernel"": [0.6931481805599428, 0.6931481805599428, 0.6931481805599428], ""kernels.1.base_kernel.kernels.0"": [0.1836822831346898, 0.23632452862547187, 0.05000380332286384, 0.17361299003314035, 0.7016523847249512, 0.3333333333333335, 0.28804122419552114, 0.24088701335030666, 0.05001041950924354, 0.14331767568778864, 0.6944271667026367, 0.3333333333333335, 0.18166762188546393, 0.4631238540536506, 0.3336297618558618, 0.24927425342964532, 0.6563657891203791, 0.3333333333333335], ""kernels.1.base_kernel.kernels.1"": [0.6931481805599428, 0.6931481805599428, 0.6931481805599428]}","{""kernels.0"": 1.6079657018751297e-05, ""kernels.0.base_kernel.kernels.1"": 0.018933929990170895, ""kernels.1"": 0.5083511524977805}",10,5,30,15,15,archive,0,0
43,268.24642214802134,156.17878907622412,0.4992,global,-6.575003182522515,-12.813243961571645,6.23824077904913,0.622920178732686,1.4116628451367392,global,,,0.18136534852465608,0.015018387412100171,0.01953633455048263,0.0019082985825525929,0.1724125557775095,0.05000380447874867,0.33333317749627817,0.7124901789688571,"{""kernels.0.base_kernel.kernels.0"": [0.33332813532266486, 0.3333332647261048, 0.3333329888754379, 0.3333330902664515, 0.3333479337309792, 0.3333333333333335, 0.33332862121426565, 0.333316872123494, 0.33333099346861983, 0.3333260074369813, 0.33339164995293163, 0.3333333333333335, 0.3333287858983644, 0.3333548007427413, 0.33332964413299165, 0.3333320970248636, 0.3333320524183601, 0.3333333333333335], ""kernels.0.base_kernel.kernels.1.base_kernel"": [0.6931481805599428, 0.6931481805599428, 0.6931481805599428], ""kernels.1.base_kernel.kernels.0"": [0.1841987760116536, 0.2313557357718569, 0.05000380447874867, 0.18179784905878427, 0.7102474298544151, 0.3333333333333335, 0.31768145917297846, 0.2272648457746469, 0.050010424934934884, 0.13636437694165948, 0.7124901789688571, 0.3333333333333335, 0.17718305182890745, 0.47089485879803394, 0.33623638770637293, 0.2523121903636081, 0.6568559313990623, 0.3333333333333335], ""kernels.1.base_kernel.kernels.1"": [0.6931481805599428, 0.6931481805599428, 0.6931481805599428]}","{""kernels.0"": 1.6066030717589593e-05, ""kernels.0.base_kernel.kernels.1"": 0.018933508266188257, ""kernels.1"": 0.4982880930356227}",10,5,30,15,15,archive,0,1
44,155.97355339864527,155.97355339864527,0.501,local,-5.444779055891274,-314.5229888648885,309.0782098089972,0.1620907700902962,0.7355125855067565,archive,114,38,0.025600259792054332,0.015044369379272447,0.019593712641292,0.0019271875595297232,0.1722159735502448,0.05000380525496522,0.3333332359814647,0.7340318558009662,"{""kernels.0.base_kernel.kernels.0"": [0.3333279598465539, 0.3333334454057176, 0.3333330864838028, 0.3333347528612684, 0.33334866933608975, 0.3333333333333335, 0.3333285965663127, 0.3333168614816523, 0.33333112308937063, 0.3333260907263201, 0.33339223333662243, 0.3333333333333335, 0.33332894986802747, 0.33335482536486244, 0.33332962160211344, 0.33333313862959585, 0.3333196132167137, 0.3333333333333335], ""kernels.0.base_kernel.kernels.1.base_kernel"": [0.6931481805599428, 0.6931481805599428, 0.6931481805599428], ""kernels.1.base_kernel.kernels.0"": [0.18368204779077138, 0.22607047904783656, 0.05000380525496522, 0.17873708522454826, 0.7340318558009662, 0.3333333333333335, 0.30393899525986784, 0.23517889530504685, 0.05001042819167721, 0.1372909836253444, 0.7120566039583693, 0.3333333333333335, 0.18067776440938443, 0.4557621278438006, 0.3333010865733344, 0.2432203546763054, 0.6245450449278503, 0.3333333333333335], ""kernels.1.base_kernel.kernels.1"": [0.6931481805599428, 0.6931481805599428, 0.6931481805599428]}","{""kernels.0"": 1.6058974533368484e-05, ""kernels.0.base_kernel.kernels.1"": 0.018933263878281256, ""kernels.1"": 0.49769859779791975}",10,5,30,15,15,archive,0,0
45,158.8597012493937,155.97355339864527,0.4992,local,-5.361947903049862,-5.5834681330736835,0.22152023002382126,0.016119460627488903,0.10326453062953116,archive,148,0,0.020561148393217595,0.014898535075327145,0.018435890301724083,0.0016767369222530587,0.16950326687214137,0.05000380594461434,0.33333316588837864,0.7398785618535981,"{""kernels.0.base_kernel.kernels.0"": [0.33332798197553726, 0.33333325705364625, 0.333333074723111, 0.33333497193617206, 0.3333509065247087, 0.3333333333333335, 0.33332834279886814, 0.33331663098931963, 0.33333110245712994, 0.33332594044283265, 0.33339876104305355, 0.3333333333333335, 0.33332880550982347, 0.3333555735002233, 0.33332943955052835, 0.33333304847491085, 0.33331890139377385, 0.3333333333333335], ""kernels.0.base_kernel.kernels.1.base_kernel"": [0.6931481805599428, 0.6931481805599428, 0.6931481805599428], ""kernels.1.base_kernel.kernels.0"": [0.18467089430845515, 0.22386525742216884, 0.05000380594461434, 0.1888841551106137, 0.7398785618535981, 0.3333333333333335, 0.2951849020163069, 0.22911861980592624, 0.05001043115862091, 0.13336655523209473, 0.7254920929605662, 0.3333333333333335, 0.17578911391612, 0.46519110378318956, 0.33169628253564154, 0.25180483635143514, 0.6181929468342244, 0.3333333333333335], ""kernels.1.base_kernel.kernels.1"": [0.6931481805599428, 0.6931481805599428, 0.6931481805599428]}","{""kernels.0"": 1.6052218280699205e-05, ""kernels.0.base_kernel.kernels.1"": 0.018933044781277684, ""kernels.1"": 0.4895607036168657}",10,5,30,15,15,archive,0,1
46,307.47709372248033,155.97355339864527,0.5002,global,-7.167819559150835,-10.832572965864465,3.66475340671363,0.9155605842000958,1.3994504697841748,global,,,0.2283698466402965,0.013808433795372662,0.01764937466604616,0.001514150309117095,0.1672680192253496,0.050003806099199244,0.3333331989324468,0.7437233948108872,"{""kernels.0.base_kernel.kernels.0"": [0.33332794247969155, 0.3333332718648055, 0.33333307491453257, 0.3333349630028884, 0.3333513822036707, 0.3333333333333335, 0.333328337675492, 0.33331646124271497, 0.33333107795202804, 0.33332591019938745, 0.3333997884593459, 0.3333333333333335, 0.33332880617332766, 0.3333555147176405, 0.33332942045328384, 0.3333331260000881, 0.33331893910226146, 0.3333333333333335], ""kernels.0.base_kernel.kernels.1.base_kernel"": [0.6931481805599428, 0.6931481805599428, 0.6931481805599428], ""kernels.1.base_kernel.kernels.0"": [0.18465745866280206, 0.22298093014092812, 0.050003806099199244, 0.1881394763003122, 0.7437233948108872, 0.3333333333333335, 0.2932911904204486, 0.23442685136563923, 0.05001043184877624, 0.13362643935559876, 0.7238257392251023, 0.3333333333333335, 0.17580694582859543, 0.4611782661866312, 0.3311949825876431, 0.2540802331273921, 0.6227577848528038, 0.3333333333333335], ""kernels.1.base_kernel.kernels.1"": [0.6931481805599428, 0.6931481805599428, 0.6931481805599428]}","{""kernels.0"": 1.6050744819834847e-05, ""kernels.0.base_kernel.kernels.1"": 0.018932997447924454, ""kernels.1"": 0.4828550094833045}",10,5,30,15,15,archive,1,2
47,159.15824703524288,155.97355339864527,0.4992,local,-5.2923792106541345,-5.852731001715448,0.5603517910613132,0.02974016874456436,0.10945514366799229,archive,148,0,0.020265123262496527,0.01379026277419521,0.017630936765058506,0.0015204095169614633,0.16747715426781454,0.05000380611153833,0.33333320808447037,0.7435250966122975,"{""kernels.0.base_kernel.kernels.0"": [0.3333279378189553, 0.3333332871504644, 0.3333330756025813, 0.3333349686196473, 0.3333513520650482, 0.3333333333333335, 0.333328335809799, 0.33331643612800343, 0.3333310716860328, 0.3333259108699502, 0.3333999353356947, 0.3333333333333335, 0.3333288078499602, 0.33335551538264957, 0.333329422994399, 0.33333312901847634, 0.33331889790241354, 0.3333333333333335], ""kernels.0.base_kernel.kernels.1.base_kernel"": [0.6931481805599428, 0.6931481805599428, 0.6931481805599428], ""kernels.1.base_kernel.kernels.0"": [0.18463238516044012, 0.22280105663161645, 0.05000380611153833, 0.18802181204493046, 0.7435250966122975, 0.3333333333333335, 0.2929611829269054, 0.2342450259600601, 0.05001043190378785, 0.133666882458449, 0.724222045661113, 0.3333333333333335, 0.1757593058485187, 0.46087851262784096, 0.33113787657175775, 0.2540010323861762, 0.6229527648255542, 0.3333333333333335], ""kernels.1.base_kernel.kernels.1"": [0.6931481805599428, 0.6931481805599428, 0.6931481805599428]}","{""kernels.0"": 1.605062863265166e-05, ""kernels.0.base_kernel.kernels.1"": 0.01893299365478407, ""kernels.1"": 0.4834824185200269}",10,5,30,15,15,archive,0,3
48,156.2889497310017,155.97355339864527,0.5004,local,-5.808064638125177,-6.306737797817857,0.49867315969268056,0.026852813134273998,0.08703098999168085,archive,148,0,0.01687970346903191,0.012591805982983508,0.017119690996220717,0.0014144534517867087,0.16486755086786148,0.050003807635266566,0.3333333333333335,0.7514403787962266,"{""kernels.0.base_kernel.kernels.0"": [0.33332738543868795, 0.33333455795378975, 0.33333309133583877, 0.3333354928133664, 0.3333503581332172, 0.3333333333333335, 0.3333281119562062, 0.333314515216185, 0.33333043048016714, 0.33332554821049915, 0.3334210987006145, 0.3333333333333335, 0.3333291226752072, 0.3333581186611663, 0.3333296309527284, 0.33333382155282765, 0.3333154745022588, 0.3333333333333335], ""kernels.0.base_kernel.kernels.1.base_kernel"": [0.6931481805599428, 0.6931481805599428, 0.6931481805599428], ""kernels.1.base_kernel.kernels.0"": [0.1832141464691184, 0.21389570620414666, 0.050003807635266566, 0.18976930199373723, 0.7514403787962266, 0.3333333333333335, 0.2585335405594815, 0.246322246183165, 0.05001043879668968, 0.13855435535801375, 0.7391596851126618, 0.3333333333333335, 0.1755843759998673, 0.4765815271862795, 0.3283634635989083, 0.2453423300053686, 0.6281622031449007, 0.3333333333333335], ""kernels.1.base_kernel.kernels.1"": [0.6931481805599428, 0.6931481805599428, 0.6931481805599428]}","{""kernels.0"": 1.6035599656569647e-05, ""kernels.0.base_kernel.kernels.1"": 0.018932524211099498, ""kernels.1"": 0.4756540927928284}",10,5,30,15,15,archive,0,4
49,159.8728843198587,155.97355339864527,0.4982,local,-5.8671550220825495,-6.334025309820016,0.46687028773746686,0.01922415490134692,0.09159678381085039,archive,148,0,0.0166841029701633,0.0108583922207697,0.01592241417657864,0.0012049745487634886,0.1626768124074118,0.05000380813336179,0.3333333333333335,0.7785014358693793,"{""kernels.0.base_kernel.kernels.0"": [0.333327514100241, 0.33333415118126436, 0.3333330625739351, 0.33333550064326883, 0.33335428129511846, 0.3333333333333335, 0.3333279452711825, 0.333314930061934, 0.33333057776286923, 0.33332551327185495, 0.33341802000690807, 0.3333333333333335, 0.3333289816689021, 0.3333574082924438, 0.33332955071901343, 0.3333336842040251, 0.33331641890067754, 0.3333333333333335], ""kernels.0.base_kernel.kernels.1.base_kernel"": [0.6931481805599428, 0.6931481805599428, 0.6931481805599428], ""kernels.1.base_kernel.kernels.0"": [0.18390417784477028, 0.21447403601133017, 0.05000380813336179, 0.1969578993271355, 0.7785014358693793, 0.3333333333333335, 0.2486759612965471, 0.2483865769208462, 0.05001044124984606, 0.13589518758632113, 0.7507855897150987, 0.3333333333333335, 0.17631413724757122, 0.46854806299373086, 0.3280316234806789, 0.24464545745103464, 0.6186649145150223, 0.3333333333333335], ""kernels.1.base_kernel.kernels.1"": [0.6931481805599428, 0.6931481805599428, 0.6931481805599428]}","{""kernels.0"": 1.603039464991354e-05, ""kernels.0.base_kernel.kernels.1"": 0.018932369038392734, ""kernels.1"": 0.4690820377891927}",10,5,30,15,15,archive,0,5
50,157.20228847811632,155.97355339864527,0.4984,local,-5.80718141066739,-6.96243480756323,1.1552533968958398,0.033543461381970466,0.10719415251792211,archive,148,0,0.012618766218282059,0.009903717083622891,0.0155332621734554,0.0011331000747844685,0.16037177875873304,0.05000380816818735,0.3333333333333335,0.7768676233757775,"{""kernels.0.base_kernel.kernels.0"": [0.3333275179829687, 0.33333413893408714, 0.33333306193666756, 0.33333550611511553, 0.3333544126408862, 0.3333333333333335, 0.33332794236222896, 0.3333149046893666, 0.3333305799007134, 0.33332552621926476, 0.3334180967799368, 0.3333333333333335, 0.33332898049138887, 0.3333574158901939, 0.33332955307627116, 0.33333369488501546, 0.3333165633615045, 0.3333333333333335], ""kernels.0.base_kernel.kernels.1.base_kernel"": [0.6931481805599428, 0.6931481805599428, 0.6931481805599428], ""kernels.1.base_kernel.kernels.0"": [0.18405202333755852, 0.2144708201580967, 0.05000380816818735, 0.1973281322921757, 0.7768676233757775, 0.3333333333333335, 0.24800578029480155, 0.24779455192378627, 0.05001044142861528, 0.1363701256499262, 0.7524312525514585, 0.3333333333333335, 0.1763945774798678, 0.46954353784681696, 0.3281303682957175, 0.2448419567486667, 0.6200285547500505, 0.3333333333333335], ""kernels.1.base_kernel.kernels.1"": [0.6931481805599428, 0.6931481805599428, 0.6931481805599428]}","{""kernels.0"": 1.6030030889691803e-05, ""kernels.0.base_kernel.kernels.1"": 0.018932358704692162, ""kernels.1"": 0.46216694754061727}",10,5,30,15,15,archive,0,6
51,281.6266108062149,155.97355339864527,0.5014,local,-7.377220773451563,-477.3371581472291,469.95993737377756,0.9691107264554957,1.3469728050678675,archive,14,37,0.23407614049100944,0.009366272345379725,0.014634831235191641,0.000992669091153457,0.15849646632176223,0.05000380819936376,0.3333333333333335,0.7771344697062049,"{""kernels.0.base_kernel.kernels.0"": [0.33332751566106317, 0.33333413056421135, 0.33333306111981775, 0.3333355168048769, 0.33335470800688427, 0.3333333333333335, 0.3333279397561553, 0.3333148824476004, 0.33333058078322475, 0.33332552968728574, 0.33341833122189163, 0.3333333333333335, 0.3333289759362857, 0.3333574486771264, 0.333329552721536, 0.33333370862340095, 0.33331666816384004, 0.3333333333333335], ""kernels.0.base_kernel.kernels.1.base_kernel"": [0.6931481805599428, 0.6931481805599428, 0.6931481805599428], ""kernels.1.base_kernel.kernels.0"": [0.18412136513021063, 0.21446598984644516, 0.05000380819936376, 0.19774740234207797, 0.7771344697062049, 0.3333333333333335, 0.2476105733144398, 0.2479226869394085, 0.05001044158876979, 0.13663778714498687, 0.7542300757689983, 0.3333333333333335, 0.17645178987264415, 0.47052880179857254, 0.32821563296789874, 0.24511786235518512, 0.6208562178864205, 0.3333333333333335], ""kernels.1.base_kernel.kernels.1"": [0.6931481805599428, 0.6931481805599428, 0.6931481805599428]}","{""kernels.0"": 1.6029692432920126e-05, ""kernels.0.base_kernel.kernels.1"": 0.01893234927939584, ""kernels.1"": 0.4565410199934579}",10,5,30,15,15,archive,1,7
52,155.30825387805453,155.30825387805453,0.5004,global,-6.122056410625457,-11.333045256028173,5.210988845402716,0.8940809942629985,1.4064363589978395,global,,,0.01101165569436312,0.009351154560590502,0.014617714441825157,0.0009957122767111088,0.15849646638095963,0.05000380819936435,0.3333333333333335,0.7771344786948269,"{""kernels.0.base_kernel.kernels.0"": [0.33332751566106195, 0.3333341305639688, 0.33333306111983513, 0.33333551680533646, 0.3333547080124575, 0.3333333333333335, 0.3333279397559382, 0.33331488244675456, 0.33333058078342453, 0.33332552968729395, 0.3334183312276083, 0.3333333333333335, 0.3333289759361647, 0.3333574486781513, 0.33332955272140147, 0.3333337086234624, 0.33331666816451494, 0.3333333333333335], ""kernels.0.base_kernel.kernels.1.base_kernel"": [0.6931481805599428, 0.6931481805599428, 0.6931481805599428], ""kernels.1.base_kernel.kernels.0"": [0.1841213639367188, 0.21446598522057536, 0.05000380819936435, 0.19774741210725721, 0.7771344786948269, 0.3333333333333335, 0.2476105593555992, 0.2479226829989822, 0.050010441588772866, 0.1366377885616959, 0.7542301115810339, 0.3333333333333335, 0.17645179079943227, 0.4705288176682401, 0.3282156332113318, 0.24511786033254956, 0.6208562191341729, 0.3333333333333335], ""kernels.1.base_kernel.kernels.1"": [0.6931481805599428, 0.6931481805599428, 0.6931481805599428]}","{""kernels.0"": 1.6029692426513254e-05, ""kernels.0.base_kernel.kernels.1"": 0.01893234927921244, ""kernels.1"": 0.45654102017124}",10,5,30,15,15,archive,1,0
53,156.89463823896298,155.30825387805453,0.4996,local,-6.460171347063234,-6.68132087935341,0.22114953229017598,0.02810120546895068,0.12046483096532595,archive,156,0,0.019682807810904097,0.008532897916731258,0.013773322388768978,0.0008725203114078609,0.1573617301022601,0.05000380821053027,0.3333333333333335,0.7772188151906687,"{""kernels.0.base_kernel.kernels.0"": [0.33332751624587514, 0.33333412687930347, 0.33333306196018575, 0.33333553171461067, 0.3333548348665126, 0.3333333333333335, 0.33332793742501554, 0.3333148624101011, 0.33333058673263566, 0.33332553151873223, 0.33341845513055773, 0.3333333333333335, 0.33332897251221266, 0.3333574625001254, 0.3333295508848006, 0.3333337148317557, 0.33331669695463606, 0.3333333333333335], ""kernels.0.base_kernel.kernels.1.base_kernel"": [0.6931481805599428, 0.6931481805599428, 0.6931481805599428], ""kernels.1.base_kernel.kernels.0"": [0.1841951222666241, 0.214549539488844, 0.05000380821053027, 0.19806847157654264, 0.7772188151906687, 0.3333333333333335, 0.24750051574307225, 0.24773584463103787, 0.050010441645393644, 0.13669965356936892, 0.7541623342399283, 0.3333333333333335, 0.1765360036593595, 0.4709490232378539, 0.32823091542612504, 0.24528143291476542, 0.621133665182406, 0.3333333333333335], ""kernels.1.base_kernel.kernels.1"": [0.6931481805599428, 0.6931481805599428, 0.6931481805599428]}","{""kernels.0"": 1.6029569309911187e-05, ""kernels.0.base_kernel.kernels.1"": 0.018932345936378228, ""kernels.1"": 0.45313681480109214}",10,5,30,15,15,archive,0,1
54,535.9927196263773,155.30825387805453,0.4994,local,-7.504280115888518,-683.1743797661812,675.6700996502927,0.7932876854237987,1.228957224009296,archive,28,42,0.2383305030758239,0.008167265944339561,0.013206353403664267,0.0007929935998265176,0.15492264443042367,0.050003808227435186,0.3333333333333335,0.7778854428744949,"{""kernels.0.base_kernel.kernels.0"": [0.3333275157842457, 0.3333341271153555, 0.3333330626911514, 0.33333555569515444, 0.33335509303280186, 0.3333333333333335, 0.3333279615263374, 0.3333148278096514, 0.33333059302101486, 0.3333255336761575, 0.3334187646005173, 0.3333333333333335, 0.33332896604096557, 0.33335749080409055, 0.33332954706105106, 0.33333372510582304, 0.33331672296516923, 0.3333333333333335], ""kernels.0.base_kernel.kernels.1.base_kernel"": [0.6931481805599428, 0.6931481805599428, 0.6931481805599428], ""kernels.1.base_kernel.kernels.0"": [0.18431331567390183, 0.21481794481067273, 0.050003808227435186, 0.198526770561754, 0.7778854428744949, 0.3333333333333335, 0.24862357353109962, 0.2473631754183624, 0.05001044173459312, 0.13687084698973428, 0.755263649602994, 0.3333333333333335, 0.17662566784291872, 0.47182066277937085, 0.3281878399300755, 0.2455955316475035, 0.6218017600249338, 0.3333333333333335], ""kernels.1.base_kernel.kernels.1"": [0.6931481805599428, 0.6931481805599428, 0.6931481805599428]}","{""kernels.0"": 1.602937458133214e-05, ""kernels.0.base_kernel.kernels.1"": 0.018932340793084, ""kernels.1"": 0.4458195631236057}",10,5,30,15,15,archive,1,2
55,160.64626706251738,155.30825387805453,0.4988,local,-5.485241659202698,-6.413850478774904,0.9286088195722062,0.020842525563536766,0.10052251783797714,archive,156,0,0.018165773821220407,0.008200535671389238,0.01309480989575576,0.0007794673968638747,0.15746020331734328,0.05000381460287499,0.3333333333333335,0.7620709093687319,"{""kernels.0.base_kernel.kernels.0"": [0.33332653605363116, 0.3333342033525118, 0.3333330348304989, 0.3333384106599381, 0.3333533144005021, 0.3333333333333335, 0.3333313586788529, 0.3333152035569288, 0.33333095861538264, 0.33332460025038585, 0.33341525573288605, 0.3333333333333335, 0.33332775499544454, 0.3333585118476179, 0.33333041996290186, 0.3333340672031871, 0.333314650268888, 0.3333333333333335], ""kernels.0.base_kernel.kernels.1.base_kernel"": [0.6931481805599428, 0.6931481805599428, 0.6931481805599428], ""kernels.1.base_kernel.kernels.0"": [0.18508333160571694, 0.2989092989389379, 0.05000381460287499, 0.20026459574381744, 0.7620709093687319, 0.3333333333333335, 0.3263917983069825, 0.2205729302027441, 0.05001048146588111, 0.1338948098061912, 0.7052880112349637, 0.3333333333333335, 0.18272962401368584, 0.44946088660102573, 0.10596622270148601, 0.28945145734623356, 0.600905121145746, 0.3333333333333335], ""kernels.1.base_kernel.kernels.1"": [0.6931481805599428, 0.6931481805599428, 0.6931481805599428]}","{""kernels.0"": 1.597205088676498e-05, ""kernels.0.base_kernel.kernels.1"": 0.01893037972141228, ""kernels.1"": 0.4534342581797308}",10,5,30,15,15,archive,0,3
56,181.18556754006153,155.30825387805453,0.4794,local,-5.601233185817376,-702.4403744820943,696.8391412962769,1.045922760564993,1.332320766156846,archive,28,43,0.04615239593386277,0.007726301281652368,0.013021556014426856,0.0007635715429571777,0.15551349175734333,0.0500038158180959,0.3333333333333335,0.799396266271541,"{""kernels.0.base_kernel.kernels.0"": [0.33332682425196125, 0.33333468235679836, 0.33333303986634966, 0.3333391381878931, 0.33336077164415157, 0.3333333333333335, 0.3333279780524348, 0.33331385691108306, 0.33333012338903184, 0.3333240887381671, 0.3334241533756444, 0.3333333333333335, 0.333328538272762, 0.3333591838440806, 0.3333312294545806, 0.3333357327475452, 0.3333139484033764, 0.3333333333333335], ""kernels.0.base_kernel.kernels.1.base_kernel"": [0.6931481805599428, 0.6931481805599428, 0.6931481805599428], ""kernels.1.base_kernel.kernels.0"": [0.18268074220610553, 0.2631328005837339, 0.0500038158180959, 0.2041685341067452, 0.799396266271541, 0.3333333333333335, 0.23533642637975294, 0.2405238317633422, 0.05001049012713335, 0.13714569419264727, 0.7417476126963825, 0.3333333333333335, 0.18070440495469836, 0.46322511016015194, 0.12375551001196908, 0.27191397563592956, 0.5945646921105203, 0.3333333333333335], ""kernels.1.base_kernel.kernels.1"": [0.6931481805599428, 0.6931481805599428, 0.6931481805599428]}","{""kernels.0"": 1.596017705079926e-05, ""kernels.0.base_kernel.kernels.1"": 0.01893000684286214, ""kernels.1"": 0.44759450825211705}",10,5,30,15,15,archive,0,4
57,156.35774336617436,155.30825387805453,0.5004,global,-6.097167489375185,-12.075266397794286,5.978098908419101,0.9322206331551139,1.4116071796026144,global,,,0.0210109727477124,0.007899984731320845,0.013410396667943305,0.0008066640271680409,0.15671489293714755,0.050003817354045264,0.3333333333333335,0.8191780860586095,"{""kernels.0.base_kernel.kernels.0"": [0.3333268478295227, 0.333334998978272, 0.333333152736387, 0.3333389692004996, 0.33337013669661725, 0.3333333333333335, 0.33332860297592337, 0.33331467631949996, 0.3333300081902193, 0.3333239387556068, 0.3334224817805364, 0.3333333333333335, 0.33332779539971363, 0.333358527003617, 0.3333297586994607, 0.3333351510235054, 0.33333038396887543, 0.3333333333333335], ""kernels.0.base_kernel.kernels.1.base_kernel"": [0.6931481805599428, 0.6931481805599428, 0.6931481805599428], ""kernels.1.base_kernel.kernels.0"": [0.18852730504102155, 0.29551460197582047, 0.050003817354045264, 0.18055395259681786, 0.8191780860586095, 0.3333333333333335, 0.2277240441093613, 0.24647393972348136, 0.05001049998237706, 0.1396195713984959, 0.745450496404249, 0.3333333333333335, 0.19826732663407284, 0.4627053526736758, 0.09819652065321, 0.2756711071267518, 0.6590542309004217, 0.3333333333333335], ""kernels.1.base_kernel.kernels.1"": [0.6931481805599428, 0.6931481805599428, 0.6931481805599428]}","{""kernels.0"": 1.594065967867967e-05, ""kernels.0.base_kernel.kernels.1"": 0.018929507205642373, ""kernels.1"": 0.45119923094612163}",10,5,30,15,15,archive,1,5
58,277.00570114085906,155.30825387805453,0.499,local,-7.296194036010117,-546.7447879723877,539.4485939363776,0.15529907809191942,0.9225122703224722,archive,106,38,0.2364514195439006,0.007731025079492086,0.012915873095217687,0.0007404676157363051,0.15507912054304718,0.05000381736778208,0.3333333333333335,0.8190479114627094,"{""kernels.0.base_kernel.kernels.0"": [0.3333268525816746, 0.3333350494673302, 0.33333315217612497, 0.3333389640881761, 0.3333701293551332, 0.3333333333333335, 0.333328604158202, 0.33331468413059634, 0.3333300097649664, 0.3333239410078695, 0.33342253852728093, 0.3333333333333335, 0.333327798574396, 0.33335855852309143, 0.33332976283636234, 0.33333514863940805, 0.3333304679893486, 0.3333333333333335], ""kernels.0.base_kernel.kernels.1.base_kernel"": [0.6931481805599428, 0.6931481805599428, 0.6931481805599428], ""kernels.1.base_kernel.kernels.0"": [0.18859716783621483, 0.2973152491089679, 0.05000381736778208, 0.18059407871890742, 0.8190479114627094, 0.3333333333333335, 0.22782875395383198, 0.2465223131579456, 0.05001050008673995, 0.13963188572513557, 0.7460277140630612, 0.3333333333333335, 0.198221031649921, 0.46351269864189404, 0.09813892159424856, 0.2755637936484906, 0.660246934662435, 0.3333333333333335], ""kernels.1.base_kernel.kernels.1"": [0.6931481805599428, 0.6931481805599428, 0.6931481805599428]}","{""kernels.0"": 1.5940458000508314e-05, ""kernels.0.base_kernel.kernels.1"": 0.018929502463703927, ""kernels.1"": 0.4462919187074371}",10,5,30,15,15,archive,2,6
59,157.43903679894862,155.30825387805453,0.4994,local,-6.152587381036884,-445.00025107860694,438.84766369757006,0.15489210909137666,0.7767956705040551,archive,121,36,0.02389454020423195,0.007717507516906437,0.012902870414889401,0.0007428709210276209,0.1550791160935015,0.05000381736778235,0.3333333333333335,0.8190479123149533,"{""kernels.0.base_kernel.kernels.0"": [0.33332685258167044, 0.33333504946830905, 0.3333331521761059, 0.3333389640881141, 0.3333701293553559, 0.3333333333333335, 0.3333286041580759, 0.3333146841304121, 0.3333300097649663, 0.33332394100784885, 0.3334225385293093, 0.3333333333333335, 0.3333277985743755, 0.333358558523903, 0.33332976283638793, 0.3333351486394608, 0.33333046799028043, 0.3333333333333335], ""kernels.0.base_kernel.kernels.1.base_kernel"": [0.6931481805599428, 0.6931481805599428, 0.6931481805599428], ""kernels.1.base_kernel.kernels.0"": [0.1885971676728063, 0.2973152810746298, 0.05000381736778235, 0.18059407708743921, 0.8190479123149533, 0.3333333333333335, 0.2278287499746521, 0.24652231144136713, 0.05001050008674202, 0.13963188712132674, 0.7460277276381435, 0.3333333333333335, 0.19822102900488758, 0.4635127103375275, 0.09813891972221019, 0.2755637907023508, 0.6602469495410315, 0.3333333333333335], ""kernels.1.base_kernel.kernels.1"": [0.6931481805599428, 0.6931481805599428, 0.6931481805599428]}","{""kernels.0"": 1.5940457996513507e-05, ""kernels.0.base_kernel.kernels.1"": 0.018929502463606536, ""kernels.1"": 0.44629190535890145}",10,5,30,15,15,archive,1,7
60,313.7988965490549,155.30825387805453,0.5008,local,-7.570359725565648,-587.7162634388803,580.1459037133147,0.41928180651838776,1.2609678626884047,archive,106,39,0.2514714472399279,0.007312142950270672,0.012451347502543984,0.000685260791221489,0.15390398193751406,0.05000381792105828,0.3333333333333335,0.8088629322340496,"{""kernels.0.base_kernel.kernels.0"": [0.3333267783799367, 0.33333609872965214, 0.3333331158250478, 0.33333891815574884, 0.33337114430075604, 0.3333333333333335, 0.3333282651059495, 0.33331393914723306, 0.333330021140504, 0.33332376716953777, 0.3334424674610557, 0.3333333333333335, 0.3333278884383362, 0.33336048128607154, 0.33332972749123096, 0.3333349889629547, 0.3333323891487194, 0.3333333333333335], ""kernels.0.base_kernel.kernels.1.base_kernel"": [0.6931481805599428, 0.6931481805599428, 0.6931481805599428], ""kernels.1.base_kernel.kernels.0"": [0.1881982159607905, 0.3357390065281387, 0.05000381792105828, 0.1769874738232497, 0.8088629322340496, 0.3333333333333335, 0.2141771327130384, 0.2489073404213918, 0.05001050444170314, 0.14585441000767027, 0.7880254445549338, 0.3333333333333335, 0.19926457885428442, 0.46937546453123463, 0.0958320884241079, 0.2786968055267834, 0.6711636031438573, 0.3333333333333335], ""kernels.1.base_kernel.kernels.1"": [0.6931481805599428, 0.6931481805599428, 0.6931481805599428]}","{""kernels.0"": 1.593142610082351e-05, ""kernels.0.base_kernel.kernels.1"": 0.018929299552106447, ""kernels.1"": 0.4427667148343349}",10,5,30,15,15,archive,2,8
61,300.7207550059496,155.30825387805453,0.5002,global,-7.744433245768217,-13.2052433331376,5.460810087369383,1.1556969925803326,1.4137902692969926,global,,,0.24641296940612276,0.007297771169065753,0.012436834678876364,0.0006878191113951206,0.1539039842460495,0.050003817921059034,0.3333333333333335,0.8088629293331017,"{""kernels.0.base_kernel.kernels.0"": [0.33332677838067765, 0.33333609873007136, 0.33333311582512465, 0.33333891815578814, 0.333371144299429, 0.3333333333333335, 0.33332826510630686, 0.3333139391480239, 0.3333300211410457, 0.33332376716996776, 0.3334424674707992, 0.3333333333333335, 0.33332788843833466, 0.333360481287629, 0.3333297274909697, 0.33333498896272445, 0.3333323891505611, 0.3333333333333335], ""kernels.0.base_kernel.kernels.1.base_kernel"": [0.6931481805599428, 0.6931481805599428, 0.6931481805599428], ""kernels.1.base_kernel.kernels.0"": [0.18819821257631453, 0.3357389989010202, 0.050003817921059034, 0.1769874709341337, 0.8088629293331017, 0.3333333333333335, 0.21417713485390968, 0.24890734601711648, 0.050010504441709264, 0.14585440582875742, 0.7880254547667165, 0.3333333333333335, 0.19926457924326288, 0.46937544379692087, 0.09583208549596525, 0.27869681088408244, 0.6711635836231125, 0.3333333333333335], ""kernels.1.base_kernel.kernels.1"": [0.6931481805599428, 0.6931481805599428, 0.6931481805599428]}","{""kernels.0"": 1.5931426087999912e-05, ""kernels.0.base_kernel.kernels.1"": 0.018929299551820395, ""kernels.1"": 0.4427667217602401}",10,5,30,15,15,archive,2,9
62,156.57377766727996,155.30825387805453,0.5,local,-6.139993428251978,-478.7926326396793,472.65263921142736,0.16750758298468885,0.8002819408125763,archive,121,37,0.01891231347319662,0.007283958550858399,0.012422945617461401,0.0006903041311111976,0.1539039830176357,0.050003817921059804,0.3333333333333335,0.8088629279134975,"{""kernels.0.base_kernel.kernels.0"": [0.3333267783813119, 0.33333609873036707, 0.33333311582519304, 0.33333891815578015, 0.33337114429798126, 0.3333333333333335, 0.3333282651064657, 0.33331393914854923, 0.33333002114161747, 0.3333237671702924, 0.33344246748118206, 0.3333333333333335, 0.3333278884382512, 0.33336048128959206, 0.33332972749066575, 0.3333349889629058, 0.33333238915313856, 0.3333333333333335], ""kernels.0.base_kernel.kernels.1.base_kernel"": [0.6931481805599428, 0.6931481805599428, 0.6931481805599428], ""kernels.1.base_kernel.kernels.0"": [0.1881982083844605, 0.33573898875623004, 0.050003817921059804, 0.17698746540164198, 0.8088629279134975, 0.3333333333333335, 0.21417713675248434, 0.24890734719504073, 0.05001050444171558, 0.14585440071651923, 0.7880254721375892, 0.3333333333333335, 0.19926457961743227, 0.4693754257469948, 0.09583208221882505, 0.27869682260376183, 0.671163582340565, 0.3333333333333335], ""kernels.1.base_kernel.kernels.1"": [0.6931481805599428, 0.6931481805599428, 0.6931481805599428]}","{""kernels.0"": 1.5931426074762203e-05, ""kernels.0.base_kernel.kernels.1"": 0.01892929955152845, ""kernels.1"": 0.4427667180753039}",10,5,30,15,15,archive,2,10
63,269.2711183901457,155.30825387805453,0.5002,global,-7.802771558505859,-11.001398685221087,3.1986271267152278,0.9944617341196902,1.3919664874319855,global,,,0.2209784342319558,0.007164799384292675,0.012080922184703845,0.0006467151490799379,0.15264843177868065,0.05000381793083172,0.3333333333333335,0.8088044876176266,"{""kernels.0.base_kernel.kernels.0"": [0.3333267891402756, 0.333336127000009, 0.3333331173940886, 0.33333891804232213, 0.33337112695828286, 0.3333333333333335, 0.3333282708707357, 0.3333139504045564, 0.33333003080676854, 0.33332378109951505, 0.3334426898229304, 0.3333333333333335, 0.33332789096506, 0.33336050259290095, 0.333329724370311, 0.33333499187067833, 0.33333257484285944, 0.3333333333333335], ""kernels.0.base_kernel.kernels.1.base_kernel"": [0.6931481805599428, 0.6931481805599428, 0.6931481805599428], ""kernels.1.base_kernel.kernels.0"": [0.18820783251498158, 0.3360198516160953, 0.05000381793083172, 0.17697338982883065, 0.8088044876176266, 0.3333333333333335, 0.21411414835796708, 0.2488666655271407, 0.05001050452213876, 0.146072927498423, 0.789656193045514, 0.3333333333333335, 0.19933617539663587, 0.46915491454067526, 0.09578679119568242, 0.2786918494758832, 0.6730107438962274, 0.3333333333333335], ""kernels.1.base_kernel.kernels.1"": [0.6931481805599428, 0.6931481805599428, 0.6931481805599428]}","{""kernels.0"": 1.5931257972071778e-05, ""kernels.0.base_kernel.kernels.1"": 0.018929296127825436, ""kernels.1"": 0.43900006795024443}",10,5,30,15,15,archive,3,11
64,154.70560017098114,154.70560017098114,0.5006,global,-6.202797874129796,-11.08150298181148,4.878705107681684,0.9945765801679388,1.40745140493463,global,,,0.009173997872592113,0.007152879663735025,0.012067925765458598,0.0006485041500744205,0.15264842165417214,0.05000381793083192,0.3333333333333335,0.808804488891508,"{""kernels.0.base_kernel.kernels.0"": [0.3333267891404133, 0.33333612700056375, 0.3333331173941061, 0.33333891804232246, 0.33337112695797816, 0.3333333333333335, 0.3333282708708057, 0.3333139504045368, 0.3333300308068978, 0.33332378109970223, 0.3334426898282621, 0.3333333333333335, 0.33332789096509025, 0.3333605025935499, 0.33332972437022307, 0.33333499187067384, 0.3333325748466948, 0.3333333333333335], ""kernels.0.base_kernel.kernels.1.base_kernel"": [0.6931481805599428, 0.6931481805599428, 0.6931481805599428], ""kernels.1.base_kernel.kernels.0"": [0.18820783178252987, 0.3360198553286783, 0.05000381793083192, 0.17697338828088843, 0.808804488891508, 0.3333333333333335, 0.21411414545919497, 0.24886666283312903, 0.05001050452214036, 0.1460729313428542, 0.7896562438851252, 0.3333333333333335, 0.19933617614340254, 0.4691549110458533, 0.09578679012102502, 0.27869184756375476, 0.6730107939673997, 0.3333333333333335], ""kernels.1.base_kernel.kernels.1"": [0.6931481805599428, 0.6931481805599428, 0.6931481805599428]}","{""kernels.0"": 1.5931257968698154e-05, ""kernels.0.base_kernel.kernels.1"": 0.018929296127755554, ""kernels.1"": 0.4390000375767922}",10,5,30,15,15,archive,2,0
65,158.84464052467678,154.70560017098114,0.4992,local,-6.412632562460786,-570.2287314869826,563.8160989245218,0.16328910958169748,0.8321096658598995,archive,121,39,0.02738237223943194,0.007091623909633378,0.011462716225586917,0.000579383928758423,0.15068720343336336,0.05000381794396497,0.3333333333333335,0.8087438441193336,"{""kernels.0.base_kernel.kernels.0"": [0.3333268003532772, 0.3333361615081506, 0.33333311912281055, 0.33333891967852386, 0.333371120049828, 0.3333333333333335, 0.33332826688020006, 0.3333139607237603, 0.33333004258623006, 0.3333237953111643, 0.33344313201628784, 0.3333333333333335, 0.3333278926936629, 0.3333605363365846, 0.33332971915158227, 0.3333349992446637, 0.3333328282527716, 0.3333333333333335], ""kernels.0.base_kernel.kernels.1.base_kernel"": [0.6931481805599428, 0.6931481805599428, 0.6931481805599428], ""kernels.1.base_kernel.kernels.0"": [0.1882425345060267, 0.3361000344218996, 0.05000381794396497, 0.17703129081862878, 0.8087438441193336, 0.3333333333333335, 0.21366817042013883, 0.2490790651094855, 0.050010504635113126, 0.146512806890944, 0.7929553492889717, 0.3333333333333335, 0.19943700381860416, 0.4688849274179976, 0.09572366677256444, 0.2789263465517977, 0.6762403801844761, 0.3333333333333335], ""kernels.1.base_kernel.kernels.1"": [0.6931481805599428, 0.6931481805599428, 0.6931481805599428]}","{""kernels.0"": 1.593102511224555e-05, ""kernels.0.base_kernel.kernels.1"": 0.018929291455689518, ""kernels.1"": 0.43311638781928835}",10,5,30,15,15,archive,1,1
66,158.26026947244816,154.70560017098114,0.4988,local,-6.659907340370404,-442.0615552182432,435.4016478778728,0.13556415012002526,0.5257173783205616,archive,124,38,0.013615220160809472,0.00686830768613121,0.011179533584048842,0.0005468026079289069,0.14835630151447873,0.05000381796324465,0.3333333333333335,0.8089502195977984,"{""kernels.0.base_kernel.kernels.0"": [0.3333268095736164, 0.3333362170980888, 0.33333312100585744, 0.33333894080471876, 0.33337114716780786, 0.3333333333333335, 0.3333282512805782, 0.3333139535438868, 0.3333300548299564, 0.33332380495256697, 0.33344388919417356, 0.3333333333333335, 0.33332789174137895, 0.3333606039733002, 0.33332970959191377, 0.3333350189331425, 0.33333318390055083, 0.3333333333333335], ""kernels.0.base_kernel.kernels.1.base_kernel"": [0.6931481805599428, 0.6931481805599428, 0.6931481805599428], ""kernels.1.base_kernel.kernels.0"": [0.18824843587443305, 0.336323216261825, 0.05000381796324465, 0.1781803233830843, 0.8089502195977984, 0.3333333333333335, 0.21282384382976188, 0.24942031643963875, 0.05001050479707716, 0.14712193994592082, 0.7971454714873287, 0.3333333333333335, 0.19960238820395212, 0.4686474308140508, 0.09563031354209997, 0.27957195824451075, 0.6806762084720209, 0.3333333333333335], ""kernels.1.base_kernel.kernels.1"": [0.6931481805599428, 0.6931481805599428, 0.6931481805599428]}","{""kernels.0"": 1.593068692911913e-05, ""kernels.0.base_kernel.kernels.1"": 0.018929284627677845, ""kernels.1"": 0.42612368922882926}",10,5,30,15,15,archive,2,2
67,154.34980561535343,154.34980561535343,0.4996,global,-6.528096552519292,-11.007944200375618,4.479847647856326,1.048819534334232,1.3925699073783162,global,,,0.01124450440654092,0.005980438010134755,0.010866205565608602,0.0005125795408907404,0.1485963061412622,0.050003818738026055,0.3333333333333335,0.8298341049693961,"{""kernels.0.base_kernel.kernels.0"": [0.333326940469847, 0.3333374191309113, 0.3333330975479958, 0.3333393715691466, 0.33337334079659997, 0.3333333333333335, 0.33332835262097105, 0.3333132474708509, 0.3333303949407509, 0.3333234085991568, 0.3334725954329912, 0.3333333333333335, 0.3333276581398271, 0.3333628080069144, 0.33332937515614, 0.3333348239805681, 0.3333429814538024, 0.3333333333333335], ""kernels.0.base_kernel.kernels.1.base_kernel"": [0.6931481805599428, 0.6931481805599428, 0.6931481805599428], ""kernels.1.base_kernel.kernels.0"": [0.18785762624353314, 0.33809601737925987, 0.050003818738026055, 0.1845508589602659, 0.8095867657968757, 0.3333333333333335, 0.20577405469047638, 0.25689648208074123, 0.05001051076893067, 0.15086416204829967, 0.8298341049693961, 0.3333333333333335, 0.19910538031664973, 0.4639322013073191, 0.09215102242416676, 0.2811982187631822, 0.6996843792363138, 0.3333333333333335], ""kernels.1.base_kernel.kernels.1"": [0.6931481805599428, 0.6931481805599428, 0.6931481805599428]}","{""kernels.0"": 1.5916415250951156e-05, ""kernels.0.base_kernel.kernels.1"": 0.018929004506207808, ""kernels.1"": 0.4268439975023278}",10,5,30,15,15,archive,5,0
68,154.1820014006695,154.1820014006695,0.5002,global,-6.6108710154390735,-12.201810927390065,5.590939911950992,1.0295977224981632,1.411502837230232,global,,,0.014311987322368925,0.007642542023727837,0.010486186337393271,0.00047325795795589347,0.14737564290468458,0.0500038187513633,0.3333333333333335,0.8324252559225265,"{""kernels.0.base_kernel.kernels.0"": [0.333326944730215, 0.3333374202103955, 0.33333309767922475, 0.3333393696536687, 0.33337343204410635, 0.3333333333333335, 0.3333283581165049, 0.333313297038399, 0.333330397244827, 0.33332341624040196, 0.3334727912089533, 0.3333333333333335, 0.333327665193403, 0.33336280647030236, 0.33332937625506054, 0.33333481845532403, 0.3333430783727937, 0.3333333333333335], ""kernels.0.base_kernel.kernels.1.base_kernel"": [0.6931481805599428, 0.6931481805599428, 0.6931481805599428], ""kernels.1.base_kernel.kernels.0"": [0.18787051369480467, 0.33776125813411845, 0.0500038187513633, 0.18472385144247486, 0.8103028878316184, 0.3333333333333335, 0.20562839266397195, 0.25805939632619423, 0.05001051087071181, 0.15095501159215274, 0.8324252559225265, 0.3333333333333335, 0.1991073273243975, 0.46359012578441383, 0.09212723768040232, 0.2808760876256091, 0.7005035958801512, 0.3333333333333335], ""kernels.1.base_kernel.kernels.1"": [0.6931481805599428, 0.6931481805599428, 0.6931481805599428]}","{""kernels.0"": 1.591616011910069e-05, ""kernels.0.base_kernel.kernels.1"": 0.01892899978325814, ""kernels.1"": 0.4231820127706765}",10,5,30,15,15,archive,4,0
69,153.48381069479922,153.48381069479922,0.5,global,-6.339176878312335,-11.595305952988914,5.256129074676579,1.5158120034374196,1.4134040603408293,global,,,0.011325814467490938,0.00813064686597164,0.010015025498897644,0.0004280509406453585,0.14673421610726337,0.0500038189553197,0.3333333333333335,0.8636924198734016,"{""kernels.0.base_kernel.kernels.0"": [0.3333269585608179, 0.33333749706506216, 0.33333310177701797, 0.33333929928423883, 0.33337837953591626, 0.3333333333333335, 0.33332817524511665, 0.3333136799924489, 0.3333303786872775, 0.33332346761812987, 0.33347656914230406, 0.3333333333333335, 0.3333277178932727, 0.33336321904318256, 0.33332936665981433, 0.33333485424306225, 0.33334355211937, 0.3333333333333335], ""kernels.0.base_kernel.kernels.1.base_kernel"": [0.6931481805599428, 0.6931481805599428, 0.6931481805599428], ""kernels.1.base_kernel.kernels.0"": [0.1870638078387482, 0.32675429169035114, 0.0500038189553197, 0.18529684633443763, 0.8627593063074898, 0.3333333333333335, 0.19755913516107837, 0.2724253288105306, 0.050010512441409416, 0.156060477580303, 0.8636924198734016, 0.3333333333333335, 0.19439315932363244, 0.4571829851488379, 0.09070964485225208, 0.2747737096618058, 0.6952655167098466, 0.3333333333333335], ""kernels.1.base_kernel.kernels.1"": [0.6931481805599428, 0.6931481805599428, 0.6931481805599428]}","{""kernels.0"": 1.5912073001494806e-05, ""kernels.0.base_kernel.kernels.1"": 0.018928924864801147, ""kernels.1"": 0.42125781138398743}",10,5,30,15,15,archive,5,0
70,158.65571098624707,153.48381069479922,0.4986,global,-6.357562909087337,-11.66723726219334,5.309674353106002,1.2768209519858227,1.4139692838379452,global,,,0.03035240976336582,0.00731764794912072,0.009659580098891713,0.00039497432111089864,0.14573223866164195,0.05000381896888803,0.3333333333333335,0.866305411381152,"{""kernels.0.base_kernel.kernels.0"": [0.33332696270980605, 0.33333750731924594, 0.3333331019595093, 0.33333929456440325, 0.33337864245733567, 0.3333333333333335, 0.3333281796605132, 0.33331369461073995, 0.3333303791138718, 0.33332347672984947, 0.3334769444552452, 0.3333333333333335, 0.3333277390775125, 0.3333632335049695, 0.3333293671211315, 0.3333348626106913, 0.3333436146323975, 0.3333333333333335], ""kernels.0.base_kernel.kernels.1.base_kernel"": [0.6931481805599428, 0.6931481805599428, 0.6931481805599428], ""kernels.1.base_kernel.kernels.0"": [0.18704917181649938, 0.32602343879619944, 0.05000381896888803, 0.18545090791234392, 0.8622005361048108, 0.3333333333333335, 0.19740975451527162, 0.27278284258895313, 0.05001051253736577, 0.1561479842600833, 0.866305411381152, 0.3333333333333335, 0.19432187595637498, 0.4571701875622429, 0.09063041754595269, 0.2743121749825015, 0.6946956998077388, 0.3333333333333335], ""kernels.1.base_kernel.kernels.1"": [0.6931481805599428, 0.6931481805599428, 0.6931481805599428]}","{""kernels.0"": 1.5911804686304654e-05, ""kernels.0.base_kernel.kernels.1"": 0.018928920367349913, ""kernels.1"": 0.4182518838128896}",10,5,30,15,15,archive,5,1
71,153.0261677024497,153.0261677024497,0.4994,local,-6.641909085746153,-639.8847275896502,633.242818503904,0.1312902590700268,0.5009187899415425,archive,124,43,0.014066073333574161,0.0066194179238574175,0.009473793739776592,0.0003774895369436304,0.14347774275083647,0.05000381898974435,0.3333333333333335,0.8774222898874249,"{""kernels.0.base_kernel.kernels.0"": [0.3333269694390581, 0.3333375546891565, 0.33333310184251486, 0.3333392865477749, 0.3333795034596761, 0.3333333333333335, 0.3333282106199666, 0.33331371415043654, 0.3333303777379815, 0.33332349109344495, 0.3334786044524608, 0.3333333333333335, 0.3333277726673653, 0.3333632679645765, 0.33332936760988596, 0.3333348751936498, 0.33334373363665315, 0.3333333333333335], ""kernels.0.base_kernel.kernels.1.base_kernel"": [0.6931481805599428, 0.6931481805599428, 0.6931481805599428], ""kernels.1.base_kernel.kernels.0"": [0.18710168011770115, 0.3252174329207608, 0.05000381898974435, 0.18568355999360267, 0.864454013477816, 0.3333333333333335, 0.19744793221869944, 0.2735743164897375, 0.050010512686951725, 0.15625488718228892, 0.8774222898874249, 0.3333333333333335, 0.19420984049386864, 0.45725506235700575, 0.09051118612518974, 0.2735795802753213, 0.694204409757091, 0.3333333333333335], ""kernels.1.base_kernel.kernels.1"": [0.6931481805599428, 0.6931481805599428, 0.6931481805599428]}","{""kernels.0"": 1.591134251070195e-05, ""kernels.0.base_kernel.kernels.1"": 0.01892891338937988, ""kernels.1"": 0.41148840352061883}",10,5,30,15,15,archive,6,0
72,262.93126374755985,153.0261677024497,0.4984,global,-8.34175868952772,-12.961347905761903,4.619589216234182,1.153672945149053,1.4142037127932776,global,,,0.2689289041858731,0.0077107764782498945,0.009237335947887759,0.0003561678630147409,0.1431895936028378,0.050003819061439955,0.3333333333333335,0.9039661813838394,"{""kernels.0.base_kernel.kernels.0"": [0.3333269660102546, 0.3333376189657579, 0.33333308927333105, 0.33333922651424036, 0.33338360542195755, 0.3333333333333335, 0.3333283064354984, 0.33331363240600026, 0.33333036536346944, 0.3333234695604259, 0.33348456203396776, 0.3333333333333335, 0.3333278226054969, 0.33336334747730034, 0.33332932875704635, 0.3333347827371888, 0.3333436489000733, 0.3333333333333335], ""kernels.0.base_kernel.kernels.1.base_kernel"": [0.6931481805599428, 0.6931481805599428, 0.6931481805599428], ""kernels.1.base_kernel.kernels.0"": [0.1871640685902451, 0.3231391789367109, 0.050003819061439955, 0.18469542262776167, 0.8670983593493956, 0.3333333333333335, 0.19519210438359724, 0.2771551022847867, 0.05001051317456987, 0.1580487820950974, 0.9039661813838394, 0.3333333333333335, 0.19255555133650387, 0.4551507521413029, 0.0899730907670361, 0.2695313069339129, 0.6881743650127162, 0.3333333333333335], ""kernels.1.base_kernel.kernels.1"": [0.6931481805599428, 0.6931481805599428, 0.6931481805599428]}","{""kernels.0"": 1.5909776115793184e-05, ""kernels.0.base_kernel.kernels.1"": 0.01892888947268304, ""kernels.1"": 0.41062398155971463}",10,5,30,15,15,archive,5,1
73,155.28122029037928,153.0261677024497,0.4986,local,-6.413637725841436,-361.8288300967875,355.41519237094604,0.1207699980942031,0.4217709891733395,archive,138,41,0.018340867211627206,0.00769908092126614,0.009226449251300893,0.00035704263665424117,0.14346418863162322,0.05000381907215111,0.3333333333333335,0.905106024351576,"{""kernels.0.base_kernel.kernels.0"": [0.3333269637156966, 0.33333763064768873, 0.3333330890647422, 0.3333392187122344, 0.33338426860843834, 0.3333333333333335, 0.33332831665690454, 0.33331362614842724, 0.3333303613584373, 0.33332347548477426, 0.3334854761457766, 0.3333333333333335, 0.33332783186739445, 0.3333633625399242, 0.3333293245849567, 0.33333477009569934, 0.33334357964089106, 0.3333333333333335], ""kernels.0.base_kernel.kernels.1.base_kernel"": [0.6931481805599428, 0.6931481805599428, 0.6931481805599428], ""kernels.1.base_kernel.kernels.0"": [0.18713525262462719, 0.3228188825410953, 0.05000381907215111, 0.18466410690539836, 0.8685003785630315, 0.3333333333333335, 0.19500141592193618, 0.2776522216665694, 0.05001051325362672, 0.15848636902981358, 0.905106024351576, 0.3333333333333335, 0.19240053670376567, 0.4551189135553418, 0.08996375416851371, 0.26914368208178685, 0.6873217625953912, 0.3333333333333335], ""kernels.1.base_kernel.kernels.1"": [0.6931481805599428, 0.6931481805599428, 0.6931481805599428]}","{""kernels.0"": 1.5909549270767768e-05, ""kernels.0.base_kernel.kernels.1"": 0.018928886069498312, ""kernels.1"": 0.4114477702761006}",10,5,30,15,15,archive,5,2
74,151.67013656290047,151.67013656290047,0.4994,local,-6.596257175248556,-609.8486099472582,603.2523527720097,0.1194729212102063,0.5594533819957438,archive,107,44,0.013728731798244851,0.006848613449051857,0.008892918279219647,0.00032946318808802085,0.1431895265218907,0.050003819294989524,0.3333333333333335,0.9326837826453167,"{""kernels.0.base_kernel.kernels.0"": [0.33332691741564713, 0.33333809471986797, 0.3333330887031927, 0.33333906599074814, 0.3333986043280059, 0.3333333333333335, 0.3333284591887637, 0.33331360993180137, 0.33333032677457014, 0.33332375211018506, 0.3335056846240319, 0.3333333333333335, 0.33332799254275647, 0.3333636211071231, 0.33332923437337664, 0.33333455389965827, 0.33334273420362087, 0.3333333333333335], ""kernels.0.base_kernel.kernels.1.base_kernel"": [0.6931481805599428, 0.6931481805599428, 0.6931481805599428], ""kernels.1.base_kernel.kernels.0"": [0.18666578019662983, 0.31958483300407986, 0.050003819294989524, 0.18364524633450635, 0.8933037710181683, 0.3333333333333335, 0.18979714629531894, 0.29302713868708324, 0.050010514861076286, 0.17307435542561914, 0.9326837826453167, 0.3333333333333335, 0.18926913177383686, 0.45300053130485457, 0.0900760920099195, 0.2619292584446251, 0.6742044344778705, 0.3333333333333335], ""kernels.1.base_kernel.kernels.1"": [0.6931481805599428, 0.6931481805599428, 0.6931481805599428]}","{""kernels.0"": 1.5904654883369185e-05, ""kernels.0.base_kernel.kernels.1"": 0.018928813927074174, ""kernels.1"": 0.41062386098371456}",10,5,30,15,15,archive,4,0
75,151.1127191815715,151.1127191815715,0.5002,local,-6.2526106108022335,-419.16504512200964,412.91243451120744,0.16361586453033716,0.5353747742624307,archive,136,42,0.035866610888381285,0.007437473667359124,0.00882684164938273,0.00032228866422626834,0.14279041481259117,0.050003819314779645,0.3333333333333335,0.9250643484707338,"{""kernels.0.base_kernel.kernels.0"": [0.3333269196938162, 0.33333805503158487, 0.33333308722855115, 0.33333903111583985, 0.333399362365647, 0.3333333333333335, 0.33332840834545335, 0.3333136226574809, 0.3333303252291523, 0.3333237257599881, 0.3335071546486124, 0.3333333333333335, 0.33332799599990576, 0.3333636331954107, 0.3333292226043621, 0.3333345055774022, 0.3333427145411047, 0.3333333333333335], ""kernels.0.base_kernel.kernels.1.base_kernel"": [0.6931481805599428, 0.6931481805599428, 0.6931481805599428], ""kernels.1.base_kernel.kernels.0"": [0.18658695217416396, 0.3195828015987966, 0.050003819314779645, 0.1830249675145294, 0.8900454832744248, 0.3333333333333335, 0.1894970616960487, 0.2938477286804648, 0.05001051501321689, 0.17297065872014156, 0.9250643484707338, 0.3333333333333335, 0.18922128735411908, 0.4537529788608561, 0.09011688460750274, 0.2615014614677934, 0.6744623353131155, 0.3333333333333335], ""kernels.1.base_kernel.kernels.1"": [0.6931481805599428, 0.6931481805599428, 0.6931481805599428]}","{""kernels.0"": 1.5904228752502975e-05, ""kernels.0.base_kernel.kernels.1"": 0.018928807825262395, ""kernels.1"": 0.4094265323837586}",10,5,30,15,15,archive,3,0
76,152.8364239683481,151.1127191815715,0.4996,global,-5.517497205604627,-12.339568681783938,6.82207147617931,0.9477537172737056,1.4013533354842156,global,,,0.018611297610650432,0.008353503001021004,0.00857311273343602,0.00030183856016993205,0.14200989099861305,0.05000381944163174,0.3333333333333335,0.8751424539060547,"{""kernels.0.base_kernel.kernels.0"": [0.3333269054648114, 0.33333751716774385, 0.33333306515340566, 0.33333865272445873, 0.3334035272253197, 0.3333333333333335, 0.3333278001201615, 0.3333141337767824, 0.33333031499701815, 0.33332343358497185, 0.3335154224627816, 0.3333333333333335, 0.3333279569252629, 0.3333636401483558, 0.33332912485871824, 0.33333383622289636, 0.3333420777311783, 0.3333333333333335], ""kernels.0.base_kernel.kernels.1.base_kernel"": [0.6931481805599428, 0.6931481805599428, 0.6931481805599428], ""kernels.1.base_kernel.kernels.0"": [0.1857040814641943, 0.320779495967081, 0.05000381944163174, 0.17598310266827674, 0.8629207317703064, 0.3333333333333335, 0.18554826909648223, 0.3028475373825794, 0.050010516268947675, 0.1744679758640787, 0.8751424539060547, 0.3333333333333335, 0.1889589579746426, 0.458571993927602, 0.09067580756284058, 0.25663666215558245, 0.6690413888993938, 0.3333333333333335], ""kernels.1.base_kernel.kernels.1"": [0.6931481805599428, 0.6931481805599428, 0.6931481805599428]}","{""kernels.0"": 1.5901331715336384e-05, ""kernels.0.base_kernel.kernels.1"": 0.018928764484368147, ""kernels.1"": 0.40708500717975565}",10,5,30,15,15,archive,5,1
77,153.026537526555,151.1127191815715,0.499,global,-5.5431566488245565,-11.773796777905018,6.230640129080461,1.184750021725164,1.3756026780546677,global,,,0.01844256463920409,0.007845409275009707,0.008427284262876684,0.0002898072244965097,0.14041913165024658,0.05000381945533331,0.3333333333333335,0.8790526534828365,"{""kernels.0.base_kernel.kernels.0"": [0.33332690580920504, 0.33333749469877205, 0.3333330636121339, 0.33333863589625096, 0.33340390698449257, 0.3333333333333335, 0.33332775298126077, 0.33331419451096234, 0.3333303146192527, 0.3333234212617774, 0.3335161672613767, 0.3333333333333335, 0.33332796355054295, 0.3333636439866229, 0.3333291194655819, 0.3333338000111089, 0.3333420593306804, 0.3333333333333335], ""kernels.0.base_kernel.kernels.1.base_kernel"": [0.6931481805599428, 0.6931481805599428, 0.6931481805599428], ""kernels.1.base_kernel.kernels.0"": [0.1856802155556986, 0.3211538173245343, 0.05000381945533331, 0.17592009968547848, 0.8626550442732759, 0.3333333333333335, 0.18539029248362393, 0.303297450665028, 0.05001051641157816, 0.1747462431628296, 0.8790526534828365, 0.3333333333333335, 0.18916170345929953, 0.45869079741512475, 0.0907721534649501, 0.2566520206969979, 0.6692685845408997, 0.3333333333333335], ""kernels.1.base_kernel.kernels.1"": [0.6931481805599428, 0.6931481805599428, 0.6931481805599428]}","{""kernels.0"": 1.590101326105113e-05, ""kernels.0.base_kernel.kernels.1"": 0.01892875976389891, ""kernels.1"": 0.40231273417357977}",10,5,30,15,15,archive,5,2
78,248.73267766274373,151.1127191815715,0.4984,global,-8.394734685862517,-14.420895764461676,6.026161078599159,0.9566896248811225,1.4051369372998876,global,,,0.25264357893082107,0.0072748737378247825,0.008281995398363865,0.00027820346496345834,0.1389860626456557,0.05000381947103445,0.3333333333333335,0.8835626759361106,"{""kernels.0.base_kernel.kernels.0"": [0.33332690208334564, 0.3333374891538697, 0.3333330620320561, 0.33333861874145637, 0.33340435878669783, 0.3333333333333335, 0.3333276937671053, 0.3333142617711072, 0.33333031344499287, 0.33332339894897456, 0.33351720016248193, 0.3333333333333335, 0.33332796718967755, 0.33336365870695034, 0.3333291116171813, 0.33333376096840683, 0.3333420319920572, 0.3333333333333335], ""kernels.0.base_kernel.kernels.1.base_kernel"": [0.6931481805599428, 0.6931481805599428, 0.6931481805599428], ""kernels.1.base_kernel.kernels.0"": [0.18564752359488154, 0.32185657355113834, 0.05000381947103445, 0.17589318713073931, 0.8623719746468878, 0.3333333333333335, 0.18518121745049101, 0.303698441411917, 0.050010516576594416, 0.17514512630729814, 0.8835626759361106, 0.3333333333333335, 0.18935023275276056, 0.4588168093730625, 0.09087461276378087, 0.2567651344730033, 0.669634294663279, 0.3333333333333335], ""kernels.1.base_kernel.kernels.1"": [0.6931481805599428, 0.6931481805599428, 0.6931481805599428]}","{""kernels.0"": 1.5900652207104327e-05, ""kernels.0.base_kernel.kernels.1"": 0.018928754428202518, ""kernels.1"": 0.39801353285655744}",10,5,30,15,15,archive,6,3
79,154.21758259954612,151.1127191815715,0.4992,global,-5.529647904335966,-12.45086892207133,6.9212210177353635,0.951824244843371,1.4141351836123672,global,,,0.017469397340382938,0.007263107172500118,0.00826374495496345,0.00027817695822719165,0.14018150043217986,0.05000381950319887,0.3333333333333335,0.8911532933106501,"{""kernels.0.base_kernel.kernels.0"": [0.33332689558813083, 0.33333744950624355, 0.3333330604641562, 0.33333859746138556, 0.3334054380455932, 0.3333333333333335, 0.3333276270180688, 0.3333142241439642, 0.3333303208369165, 0.3333233145047436, 0.3335193299077421, 0.3333333333333335, 0.333327968310287, 0.3333636640831144, 0.33332908787405185, 0.3333336745054406, 0.33334202527515533, 0.3333333333333335], ""kernels.0.base_kernel.kernels.1.base_kernel"": [0.6931481805599428, 0.6931481805599428, 0.6931481805599428], ""kernels.1.base_kernel.kernels.0"": [0.1854524724206478, 0.3224300211380589, 0.05000381950319887, 0.17535101190506336, 0.8639132012789056, 0.3333333333333335, 0.18410865174303737, 0.30426317091418187, 0.05001051692401114, 0.17590592227847077, 0.8911532933106501, 0.3333333333333335, 0.1896063805284044, 0.45842370170833807, 0.09094672021085118, 0.2561607360796438, 0.6708510734977836, 0.3333333333333335], ""kernels.1.base_kernel.kernels.1"": [0.6931481805599428, 0.6931481805599428, 0.6931481805599428]}","{""kernels.0"": 1.589993581443342e-05, ""kernels.0.base_kernel.kernels.1"": 0.018928743672917293, ""kernels.1"": 0.40159985768780787}",10,5,30,15,15,archive,5,4
80,184.4748727889691,151.1127191815715,0.4996,global,-7.8758804420764355,-13.09757196516346,5.221691523087025,1.1236401661103363,1.4136369419008925,global,,,0.15501626642655816,0.0066282389829920895,0.008246369839592519,0.0002755025915622354,0.13829629930134898,0.050003819519750234,0.3333333333333335,0.8942025513499419,"{""kernels.0.base_kernel.kernels.0"": [0.3333269015048544, 0.3333374097144382, 0.33333306189036577, 0.33333859618558365, 0.33340598789967185, 0.3333333333333335, 0.3333275966841221, 0.3333142469427701, 0.33333032627419656, 0.3333232830602208, 0.33352020301644697, 0.3333333333333335, 0.33332797546734466, 0.333363660644792, 0.33332907913326243, 0.3333336494118454, 0.3333420968874704, 0.3333333333333335], ""kernels.0.base_kernel.kernels.1.base_kernel"": [0.6931481805599428, 0.6931481805599428, 0.6931481805599428], ""kernels.1.base_kernel.kernels.0"": [0.18545900073523244, 0.3222419131859577, 0.050003819519750234, 0.17548247380658044, 0.8648329764506539, 0.3333333333333335, 0.18401696885687316, 0.30579738911543586, 0.050010517098559276, 0.1763986386472811, 0.8942025513499419, 0.3333333333333335, 0.1898866058260905, 0.4585326279430348, 0.09101866151221093, 0.25649795849379203, 0.6715893784477674, 0.3333333333333335], ""kernels.1.base_kernel.kernels.1"": [0.6931481805599428, 0.6931481805599428, 0.6931481805599428]}","{""kernels.0"": 1.5899585289386057e-05, ""kernels.0.base_kernel.kernels.1"": 0.018928738619922874, ""kernels.1"": 0.39594425969883473}",10,5,30,15,15,archive,5,5
81,155.24783629926088,151.1127191815715,0.4994,global,-5.5783223642265884,-11.99426660807192,6.415944243845331,0.978952668119351,1.4104575587261328,global,,,0.020714268954121085,0.006631418095681099,0.008245351501400076,0.00027528925985824843,0.13925657536136082,0.05000381955174722,0.3333333333333335,0.900803341636856,"{""kernels.0.base_kernel.kernels.0"": [0.3333269080690026, 0.3333374237484526, 0.3333330747920657, 0.3333387123027693, 0.3334069736504058, 0.3333333333333335, 0.3333274416411486, 0.3333141473584737, 0.33333035660394356, 0.3333232226276329, 0.3335219856998587, 0.3333333333333335, 0.3333279231826586, 0.33336364434643867, 0.33332902005793524, 0.33333360052138317, 0.3333422913260909, 0.3333333333333335], ""kernels.0.base_kernel.kernels.1.base_kernel"": [0.6931481805599428, 0.6931481805599428, 0.6931481805599428], ""kernels.1.base_kernel.kernels.0"": [0.18530724547236624, 0.32268879307528686, 0.05000381955174722, 0.17623025890759406, 0.8643708542162715, 0.3333333333333335, 0.181782878639728, 0.30472651590813754, 0.05001051748948585, 0.17876667120588322, 0.900803341636856, 0.3333333333333335, 0.18988308246133126, 0.45985960361645345, 0.09105960336052013, 0.25613223603374313, 0.6723411872502715, 0.3333333333333335], ""kernels.1.base_kernel.kernels.1"": [0.6931481805599428, 0.6931481805599428, 0.6931481805599428]}","{""kernels.0"": 1.5898911017841866e-05, ""kernels.0.base_kernel.kernels.1"": 0.01892872830806535, ""kernels.1"": 0.3988250988649993}",10,5,30,15,15,archive,4,6
82,214.688385451992,151.1127191815715,0.4994,global,-8.077558927614987,-11.581819427352874,3.504260499737887,0.849224140916205,1.4094685458241045,global,,,0.24942349481797363,0.006077945857171178,0.008297296089566072,0.00027740039832043433,0.13925656994156577,0.05000381955174728,0.3333333333333335,0.9008033533102858,"{""kernels.0.base_kernel.kernels.0"": [0.33332690806901805, 0.33333742374834296, 0.33333307479208074, 0.33333871230293194, 0.3334069736517494, 0.3333333333333335, 0.3333274416410234, 0.333314147358536, 0.33333035660398486, 0.3333232226275709, 0.33352198570305197, 0.3333333333333335, 0.33332792318261883, 0.3333636443464185, 0.33332902005786724, 0.3333336005212691, 0.33334229132675686, 0.3333333333333335], ""kernels.0.base_kernel.kernels.1.base_kernel"": [0.6931481805599428, 0.6931481805599428, 0.6931481805599428], ""kernels.1.base_kernel.kernels.0"": [0.18530724546961946, 0.32268879352434227, 0.05000381955174728, 0.17623026008746628, 0.8643708554193944, 0.3333333333333335, 0.18178287799090953, 0.30472652014499674, 0.05001051748948651, 0.1787666747466498, 0.9008033533102858, 0.3333333333333335, 0.18988308276457436, 0.45985960630274764, 0.09105960349994537, 0.2561322349184951, 0.6723411911741786, 0.3333333333333335], ""kernels.1.base_kernel.kernels.1"": [0.6931481805599428, 0.6931481805599428, 0.6931481805599428]}","{""kernels.0"": 1.5898911016747743e-05, ""kernels.0.base_kernel.kernels.1"": 0.018928728308049588, ""kernels.1"": 0.398825082605631}",10,5,30,15,15,archive,6,7
83,151.0109434391105,151.0109434391105,0.4982,global,-5.818844476294183,-16.961448741934873,11.14260426564069,1.1586135378338263,1.4111054572893058,global,,,0.0452146345158937,0.006024179727721749,0.008260026631700945,0.00027562828470568306,0.140246010608875,0.050003819956814764,0.3333333333333335,0.9282384680386692,"{""kernels.0.base_kernel.kernels.0"": [0.33332712859501634, 0.33333675836941074, 0.33333325182333584, 0.33333952350260954, 0.33341535143082934, 0.3333333333333335, 0.3333265460206456, 0.3333138087313037, 0.33333079034346286, 0.33332270288868254, 0.33354736648156436, 0.3333333333333335, 0.3333276321854445, 0.3333632168105829, 0.3333285364817852, 0.3333329003169178, 0.3333448688172325, 0.3333333333333335], ""kernels.0.base_kernel.kernels.1.base_kernel"": [0.6931481805599428, 0.6931481805599428, 0.6931481805599428], ""kernels.1.base_kernel.kernels.0"": [0.18467708409405428, 0.33355612171837296, 0.050003819956814764, 0.17922521312631257, 0.8529601117461303, 0.3333333333333335, 0.17871166637615338, 0.319051679341746, 0.05001052283421829, 0.19365600014683162, 0.9282384680386692, 0.3333333333333335, 0.1903228265064172, 0.467863011529977, 0.09191685008749706, 0.25292450932457533, 0.6652520504810002, 0.3333333333333335], ""kernels.1.base_kernel.kernels.1"": [0.6931481805599428, 0.6931481805599428, 0.6931481805599428]}","{""kernels.0"": 1.5891039217150917e-05, ""kernels.0.base_kernel.kernels.1"": 0.018928611139851798, ""kernels.1"": 0.40179352964755605}",10,5,30,15,15,archive,5,0
84,150.35912662745574,150.35912662745574,0.4992,local,-5.053823759257632,-6.009596654029066,0.9557728947714335,0.018283132527754674,0.12628681757531474,archive,187,0,0.017796643363096887,0.00800668263115276,0.008118750799061278,0.00026477172294928905,0.13978972524574437,0.05000381997096394,0.3333333333333335,0.9301705549917596,"{""kernels.0.base_kernel.kernels.0"": [0.33332713371191, 0.33333674574746797, 0.3333332523757999, 0.33333953863434573, 0.33341559621778755, 0.3333333333333335, 0.3333265147084548, 0.3333137792071721, 0.3333307976528571, 0.3333227005376614, 0.3335483161898075, 0.3333333333333335, 0.33332763310318336, 0.3333632061280001, 0.3333285243221559, 0.33333287394614214, 0.33334513682599676, 0.3333333333333335], ""kernels.0.base_kernel.kernels.1.base_kernel"": [0.6931481805599428, 0.6931481805599428, 0.6931481805599428], ""kernels.1.base_kernel.kernels.0"": [0.18470086720221365, 0.33385802917653545, 0.05000381997096394, 0.17899436854018008, 0.8527688911065169, 0.3333333333333335, 0.17870927718070112, 0.31989047295562406, 0.05001052303425204, 0.19446891890135365, 0.9301705549917596, 0.3333333333333335, 0.19056269208925528, 0.46804914542911197, 0.09188018509139839, 0.2532689562358835, 0.665505854799076, 0.3333333333333335], ""kernels.1.base_kernel.kernels.1"": [0.6931481805599428, 0.6931481805599428, 0.6931481805599428]}","{""kernels.0"": 1.589071097000241e-05, ""kernels.0.base_kernel.kernels.1"": 0.018928606659627003, ""kernels.1"": 0.4004246783666361}",10,5,30,15,15,archive,5,0
85,149.07861786720053,149.07861786720053,0.5,local,-5.342522448555529,-156.59653819743423,151.2540157488787,0.15210840953522337,0.6068602846176336,archive,133,39,0.02649829154153593,0.007300144037945442,0.007999002777641361,0.00025559654041271574,0.13825879987937897,0.05000381999039375,0.3333333333333335,0.9328687127554927,"{""kernels.0.base_kernel.kernels.0"": [0.33332713999964914, 0.33333673665528113, 0.333333253019593, 0.3333395620047299, 0.3334159829535643, 0.3333333333333335, 0.33332647262588694, 0.3333137138646513, 0.33333080478615473, 0.33332270490816057, 0.33354977391131957, 0.3333333333333335, 0.3333276352754759, 0.3333632167202463, 0.3333285080208863, 0.3333328452150401, 0.3333456187716967, 0.3333333333333335], ""kernels.0.base_kernel.kernels.1.base_kernel"": [0.6931481805599428, 0.6931481805599428, 0.6931481805599428], ""kernels.1.base_kernel.kernels.0"": [0.18475085767508437, 0.3342320432189443, 0.05000381999039375, 0.17899883906358993, 0.8529000968659454, 0.3333333333333335, 0.17869629333524684, 0.3211206299848899, 0.050010523311169675, 0.19583450299758584, 0.9328687127554927, 0.3333333333333335, 0.19095554206782137, 0.4684905161371292, 0.09186384574727147, 0.2540651989554531, 0.6666483860344999, 0.3333333333333335], ""kernels.1.base_kernel.kernels.1"": [0.6931481805599428, 0.6931481805599428, 0.6931481805599428]}","{""kernels.0"": 1.589025876935147e-05, ""kernels.0.base_kernel.kernels.1"": 0.018928600644011417, ""kernels.1"": 0.3958319087353562}",10,5,30,15,15,archive,5,0
86,148.07789752933522,148.07789752933522,0.4994,global,-5.420151910153811,-13.63938336047087,8.219231450317059,1.2009215963866744,1.4034856896732528,global,,,0.0363309472171363,0.007606317599109912,0.007935566725733173,0.00025016418199550145,0.13936755909680576,0.050003820147878145,0.3333333333333335,0.9621975166070443,"{""kernels.0.base_kernel.kernels.0"": [0.3333271348475054, 0.3333366166511053, 0.3333332332578941, 0.33333964834090607, 0.33342162248163015, 0.3333333333333335, 0.33332629039459877, 0.33331330550639865, 0.33333086903913994, 0.33332258826552796, 0.33356649685693923, 0.3333333333333335, 0.3333275349832016, 0.3333632609536807, 0.3333282895433731, 0.33333240535541336, 0.3333486807656747, 0.3333333333333335], ""kernels.0.base_kernel.kernels.1.base_kernel"": [0.6931481805599428, 0.6931481805599428, 0.6931481805599428], ""kernels.1.base_kernel.kernels.0"": [0.18453685274286166, 0.3355351330044335, 0.050003820147878145, 0.17977746393019645, 0.8708230235819527, 0.3333333333333335, 0.17827346172942196, 0.3381428884864773, 0.05001052558934071, 0.20301246220531172, 0.9621975166070443, 0.3333333333333335, 0.1901290528064192, 0.4641423592905848, 0.09135547509342007, 0.2567867490751917, 0.6698348192222178, 0.3333333333333335], ""kernels.1.base_kernel.kernels.1"": [0.6931481805599428, 0.6931481805599428, 0.6931481805599428]}","{""kernels.0"": 1.5886275717266872e-05, ""kernels.0.base_kernel.kernels.1"": 0.018928549426652792, ""kernels.1"": 0.3991582415880472}",10,5,30,15,15,archive,4,0
87,148.06711051350032,148.06711051350032,0.5006,local,-5.165882465939548,-50.02452209623509,44.85863963029554,0.10369311932924728,0.459039153715312,archive,174,28,0.03416767982133821,0.0077262818984954315,0.00789239456416922,0.0002460800908752323,0.1382937045590208,0.05000382016692465,0.3333333333333335,0.9662021809727078,"{""kernels.0.base_kernel.kernels.0"": [0.3333271379412958, 0.33333668834207264, 0.3333332318563736, 0.33333961686305486, 0.33342218353740777, 0.3333333333333335, 0.3333262914841691, 0.3333131865480938, 0.3333308708964082, 0.33332258768151823, 0.3335687101982536, 0.3333333333333335, 0.3333275219305483, 0.3333632614151702, 0.33332828181556967, 0.3333323615301145, 0.33334892004412076, 0.3333333333333335], ""kernels.0.base_kernel.kernels.1.base_kernel"": [0.6931481805599428, 0.6931481805599428, 0.6931481805599428], ""kernels.1.base_kernel.kernels.0"": [0.1847268598385712, 0.3357642861555385, 0.05000382016692465, 0.18085626624477202, 0.870088634429687, 0.3333333333333335, 0.17814050567809409, 0.33774506596378223, 0.05001052583507945, 0.20337690101755576, 0.9662021809727078, 0.3333333333333335, 0.18987080822832078, 0.46448672090343335, 0.09130283339770552, 0.2561972516108798, 0.6685588892430578, 0.3333333333333335], ""kernels.1.base_kernel.kernels.1"": [0.6931481805599428, 0.6931481805599428, 0.6931481805599428]}","{""kernels.0"": 1.5885813852386607e-05, ""kernels.0.base_kernel.kernels.1"": 0.018928544066327716, ""kernels.1"": 0.3959366837968823}",10,5,30,15,15,archive,5,0
88,148.83306630605267,148.06711051350032,0.4986,local,-4.969809486898792,-199.50040515914824,194.53059567224946,0.19206962632839303,0.6513102148466177,archive,133,42,0.022838283060109155,0.007654828148492314,0.007843632926082488,0.00024176051820554295,0.13627163579825272,0.050003820203801654,0.3333333333333335,0.9719579775435113,"{""kernels.0.base_kernel.kernels.0"": [0.3333271358984917, 0.33333681405994, 0.3333332325521259, 0.3333395231059877, 0.3334232595716545, 0.3333333333333335, 0.3333263026944511, 0.33331300604409225, 0.33333087277632967, 0.3333225808808465, 0.3335729918773823, 0.3333333333333335, 0.3333274853820481, 0.3333632731469562, 0.33332826391794207, 0.3333322756118885, 0.3333493544676053, 0.3333333333333335], ""kernels.0.base_kernel.kernels.1.base_kernel"": [0.6931481805599428, 0.6931481805599428, 0.6931481805599428], ""kernels.1.base_kernel.kernels.0"": [0.18496020888336398, 0.3361807977493171, 0.050003820203801654, 0.18358927653243046, 0.8684313687683362, 0.3333333333333335, 0.17790360105443015, 0.3408772666849557, 0.05001052630094652, 0.20511983598929878, 0.9719579775435113, 0.3333333333333335, 0.18907608894546252, 0.4643870436609686, 0.09120809998442525, 0.25521628896089443, 0.6660480341068072, 0.3333333333333335], ""kernels.1.base_kernel.kernels.1"": [0.6931481805599428, 0.6931481805599428, 0.6931481805599428]}","{""kernels.0"": 1.5884940984804896e-05, ""kernels.0.base_kernel.kernels.1"": 0.01892853386892005, ""kernels.1"": 0.3898704885848533}",10,5,30,15,15,archive,3,1
89,147.0012217799343,147.0012217799343,0.4994,local,-4.980334860821064,-81.86319209301963,76.88285723219857,0.21944411378688752,0.5831394500833614,archive,130,35,0.01736801255377967,0.007504851304279213,0.007768194025779882,0.0002359311959353285,0.13651371878606935,0.050003820226480894,0.3333333333333335,0.9747100430214886,"{""kernels.0.base_kernel.kernels.0"": [0.3333271281471359, 0.3333368712213739, 0.33333323301284723, 0.3333394646509003, 0.3334239471645904, 0.3333333333333335, 0.33332629395620705, 0.33331286302783675, 0.333330874097973, 0.3333225792654567, 0.3335757279830013, 0.3333333333333335, 0.3333274567219267, 0.3333632858393498, 0.3333282468471203, 0.33333222017661235, 0.3333495978755256, 0.3333333333333335], ""kernels.0.base_kernel.kernels.1.base_kernel"": [0.6931481805599428, 0.6931481805599428, 0.6931481805599428], ""kernels.1.base_kernel.kernels.0"": [0.1850140453663221, 0.3361062810932325, 0.050003820226480894, 0.18480026369550182, 0.8674739310872241, 0.3333333333333335, 0.17756560904837396, 0.3421680232701413, 0.05001052658557807, 0.20626061446218436, 0.9747100430214886, 0.3333333333333335, 0.18851672000822894, 0.46404909555470353, 0.09109150823724693, 0.25464207651134063, 0.6642554659511805, 0.3333333333333335], ""kernels.1.base_kernel.kernels.1"": [0.6931481805599428, 0.6931481805599428, 0.6931481805599428]}","{""kernels.0"": 1.5884417730988607e-05, ""kernels.0.base_kernel.kernels.1"": 0.01892852774168419, ""kernels.1"": 0.3905967441987929}",10,5,30,15,15,archive,4,0
90,145.8862108479488,145.8862108479488,0.498,local,-5.2930152278716385,-13.980783332328933,8.687768104457295,0.11690007951987101,0.3460092941975103,archive,188,5,0.043682564491636565,0.00697145545593717,0.007633998990356044,0.00022665287226626536,0.1366030162893542,0.05000382046799803,0.3333333333333335,1.0035239123015682,"{""kernels.0.base_kernel.kernels.0"": [0.33332703303875794, 0.33333772870960054, 0.33333322909956214, 0.33333880467019716, 0.33343195598465886, 0.3333333333333335, 0.333326479628266, 0.3333112551861253, 0.3333308413671813, 0.33332266470015764, 0.33360449568674877, 0.3333333333333335, 0.33332721275261845, 0.3333634446472315, 0.33332809383276757, 0.3333318175724333, 0.333351289441176, 0.3333333333333335], ""kernels.0.base_kernel.kernels.1.base_kernel"": [0.6931481805599428, 0.6931481805599428, 0.6931481805599428], ""kernels.1.base_kernel.kernels.0"": [0.1855056048623171, 0.3348482151037817, 0.05000382046799803, 0.196169617217994, 0.8652153503114156, 0.3333333333333335, 0.17583667791389987, 0.36774948697784254, 0.05001052958735649, 0.21664058746497095, 1.0035239123015682, 0.3333333333333335, 0.1832874844471185, 0.4600596855289882, 0.08973566075411539, 0.24956830743992478, 0.646114186222556, 0.3333333333333335], ""kernels.1.base_kernel.kernels.1"": [0.6931481805599428, 0.6931481805599428, 0.6931481805599428]}","{""kernels.0"": 1.5878869529236174e-05, ""kernels.0.base_kernel.kernels.1"": 0.018928463710514296, ""kernels.1"": 0.3908647062880191}",10,5,30,15,15,archive,4,0
91,142.420236066227,142.420236066227,0.5004,local,-5.022036184078428,-74.23068063613977,69.20864445206134,0.16691771856596369,0.5475759660640063,archive,174,32,0.03842762418024698,0.007526393424468167,0.007628814249500081,0.00022517827500792242,0.13518530285163097,0.05000382049851824,0.3333333333333335,1.0028405347186964,"{""kernels.0.base_kernel.kernels.0"": [0.3333270261145829, 0.33333786548479244, 0.3333332245386061, 0.3333387395044458, 0.3334325319509392, 0.3333333333333335, 0.33332649606843723, 0.33331117375613784, 0.33333083466082053, 0.33332266441996894, 0.3336074792626336, 0.3333333333333335, 0.33332720529597515, 0.33336339766829187, 0.33332808562037064, 0.33333177979138445, 0.3333513813718151, 0.3333333333333335], ""kernels.0.base_kernel.kernels.1.base_kernel"": [0.6931481805599428, 0.6931481805599428, 0.6931481805599428], ""kernels.1.base_kernel.kernels.0"": [0.18566818003385194, 0.3354472940343715, 0.05000382049851824, 0.1959172232675683, 0.8636924253163121, 0.3333333333333335, 0.17546832543205265, 0.3744211159613201, 0.050010529956283495, 0.21662672276920278, 1.0028405347186964, 0.3333333333333335, 0.18296504385213544, 0.459613509104913, 0.08950701871666474, 0.2509369030815042, 0.6459684597316984, 0.3333333333333335], ""kernels.1.base_kernel.kernels.1"": [0.6931481805599428, 0.6931481805599428, 0.6931481805599428]}","{""kernels.0"": 1.587818611452131e-05, ""kernels.0.base_kernel.kernels.1"": 0.018928456192056325, ""kernels.1"": 0.38661157417672204}",10,5,30,15,15,archive,4,0
92,149.03241263246952,142.420236066227,0.5008,local,-4.927772523639824,-119.09292809082201,114.16515556718218,0.22690588666647488,0.7314188341480448,archive,163,29,0.057763145958297915,0.007478325356643863,0.0076167358954976104,0.0002231760394159291,0.13668419301753368,0.05000382067302675,0.3333333333333335,1.024558072600493,"{""kernels.0.base_kernel.kernels.0"": [0.3333269873094213, 0.33333913744141136, 0.3333331919558804, 0.333338405751124, 0.33343736334887764, 0.3333333333333335, 0.3333266987001363, 0.3333094154671669, 0.3333307576146921, 0.33332309259968473, 0.3336222717166996, 0.3333333333333335, 0.333327205503124, 0.33336317008205635, 0.33332814127239785, 0.3333317974784865, 0.3333526823735802, 0.3333333333333335], ""kernels.0.base_kernel.kernels.1.base_kernel"": [0.6931481805599428, 0.6931481805599428, 0.6931481805599428], ""kernels.1.base_kernel.kernels.0"": [0.18600614082653252, 0.3487391982628378, 0.05000382067302675, 0.19247689700573284, 0.8585343757209652, 0.3333333333333335, 0.17026564775334926, 0.40687349618513274, 0.05001053214809831, 0.21587042066863435, 1.024558072600493, 0.3333333333333335, 0.18270709700824972, 0.4584176231019447, 0.087945791240268, 0.2521933734888882, 0.652616016011829, 0.3333333333333335], ""kernels.1.base_kernel.kernels.1"": [0.6931481805599428, 0.6931481805599428, 0.6931481805599428]}","{""kernels.0"": 1.5874094495274396e-05, ""kernels.0.base_kernel.kernels.1"": 0.018928410953727704, ""kernels.1"": 0.3911082940043781}",10,5,30,15,15,archive,3,1
93,160.3533705135365,142.420236066227,0.5012,local,-5.044404476026863,-204.36117592980895,199.31677145378208,0.3846935223637769,0.7167923011937543,archive,135,44,0.0466984770863844,0.007325717795894644,0.0075891863927078735,0.00022063240834681156,0.13468430294424302,0.05000382069097946,0.3333333333333335,1.0243316267714682,"{""kernels.0.base_kernel.kernels.0"": [0.3333269866098373, 0.33333923891770834, 0.3333331891747496, 0.3333383901266838, 0.3334377170606938, 0.3333333333333335, 0.3333267090082278, 0.33330928770603424, 0.3333307514209431, 0.3333231336824742, 0.333623659004492, 0.3333333333333335, 0.33332720865961274, 0.333363126647709, 0.3333281462369857, 0.3333317972237763, 0.33335277295018567, 0.3333333333333335], ""kernels.0.base_kernel.kernels.1.base_kernel"": [0.6931481805599428, 0.6931481805599428, 0.6931481805599428], ""kernels.1.base_kernel.kernels.0"": [0.18610461580098384, 0.3496276509370913, 0.05000382069097946, 0.1927929727513057, 0.8575963630994219, 0.3333333333333335, 0.17012816500543676, 0.40806037543834683, 0.050010532371700805, 0.21646155413542245, 1.0243316267714682, 0.3333333333333335, 0.18291498390568459, 0.45820134597288853, 0.08789111175031211, 0.25281255153007215, 0.6525216913458483, 0.3333333333333335], ""kernels.1.base_kernel.kernels.1"": [0.6931481805599428, 0.6931481805599428, 0.6931481805599428]}","{""kernels.0"": 1.5873686035449716e-05, ""kernels.0.base_kernel.kernels.1"": 0.01892840666065097, ""kernels.1"": 0.38510862848604266}",10,5,30,15,15,archive,1,2
94,157.61092088160854,142.420236066227,0.4986,local,-3.9359447039536444,-126.56684996881224,122.6309052648586,0.16517077830029706,0.3092259069707632,archive,197,41,0.026021936352836963,0.007334430543282142,0.007748663964429849,0.00022952232106543158,0.13468430557065775,0.0500038206909795,0.3333333333333335,1.0243315618054303,"{""kernels.0.base_kernel.kernels.0"": [0.3333269866098309, 0.3333392389176705, 0.3333331891747503, 0.3333383901267637, 0.33343771706092945, 0.3333333333333335, 0.3333267090080502, 0.3333092877055327, 0.333330751420936, 0.33332313368237765, 0.3336236590016682, 0.3333333333333335, 0.3333272086595903, 0.33336312664764356, 0.33332814623692375, 0.3333317972237091, 0.333352772950759, 0.3333333333333335], ""kernels.0.base_kernel.kernels.1.base_kernel"": [0.6931481805599428, 0.6931481805599428, 0.6931481805599428], ""kernels.1.base_kernel.kernels.0"": [0.1861046158234716, 0.34962765145317143, 0.0500038206909795, 0.19279297265453393, 0.8575963611399322, 0.3333333333333335, 0.17012816439472117, 0.40806037921501587, 0.050010532371701284, 0.2164615552899827, 1.0243315618054303, 0.3333333333333335, 0.1829149841746265, 0.45820134485535013, 0.0878911115955823, 0.2528125476283224, 0.652521690653047, 0.3333333333333335], ""kernels.1.base_kernel.kernels.1"": [0.6931481805599428, 0.6931481805599428, 0.6931481805599428]}","{""kernels.0"": 1.5873686034782543e-05, ""kernels.0.base_kernel.kernels.1"": 0.018928406660641096, ""kernels.1"": 0.38510863636529735}",10,5,30,15,15,archive,4,3
95,145.00489895455306,142.420236066227,0.4994,local,-4.500893391959256,-107.38299042284697,102.88209703088772,0.11262552432645814,0.28993942014591273,archive,197,42,0.033778153398949046,0.007890399195978932,0.008410949338530645,0.00026986237520419145,0.13352740909102442,0.05000382116764283,0.3333333333333335,0.8808009047608842,"{""kernels.0.base_kernel.kernels.0"": [0.3333272314971351, 0.3333409543756126, 0.3333333658150177, 0.3333388881428357, 0.3334411338107789, 0.3333333333333335, 0.33332693782211514, 0.3333129874180997, 0.333330653137199, 0.3333240340518546, 0.3334238188805706, 0.3333333333333335, 0.3333276451274865, 0.3333608065105148, 0.3333281831162595, 0.33333168973851757, 0.33335517398749903, 0.3333333333333335], ""kernels.0.base_kernel.kernels.1.base_kernel"": [0.6931481805599428, 0.6931481805599428, 0.6931481805599428], ""kernels.1.base_kernel.kernels.0"": [0.1871819745399007, 0.35643994637778403, 0.05000382116764283, 0.18336622874821054, 0.8808009047608842, 0.3333333333333335, 0.17476309911279844, 0.3561854087618366, 0.05001053783580739, 0.2155617850201014, 0.6501957674744064, 0.3333333333333335, 0.1928087285150393, 0.4251388952283853, 0.08759752486768815, 0.23433646031874622, 0.6361161166178302, 0.3333333333333335], ""kernels.1.base_kernel.kernels.1"": [0.6931481805599428, 0.6931481805599428, 0.6931481805599428]}","{""kernels.0"": 1.5872232137990505e-05, ""kernels.0.base_kernel.kernels.1"": 0.018928299173112322, ""kernels.1"": 0.38163805586782296}",10,5,30,15,15,archive,2,4
96,144.305571837873,142.420236066227,0.5016,local,-5.267388959981838,-107.04527146552311,101.77788250554127,0.11159303446025055,0.27933481906607677,archive,197,43,0.033084020583837484,0.007837465394104223,0.008425908847320373,0.0002696010752276909,0.13251779064444835,0.05000382118396988,0.3333333333333335,0.8806373596089484,"{""kernels.0.base_kernel.kernels.0"": [0.33332723615564364, 0.3333410338960406, 0.33333337092115906, 0.33333890162473695, 0.33344130768623326, 0.3333333333333335, 0.333326947291662, 0.3333131283653538, 0.33333065028277714, 0.3333240724205275, 0.33342068136316744, 0.3333333333333335, 0.3333276485455107, 0.33336079921934453, 0.3333281866879739, 0.33333172708700864, 0.33335530666366103, 0.3333333333333335], ""kernels.0.base_kernel.kernels.1.base_kernel"": [0.6931481805599428, 0.6931481805599428, 0.6931481805599428], ""kernels.1.base_kernel.kernels.0"": [0.18715392837476294, 0.35697417548348714, 0.05000382118396988, 0.18363318175192778, 0.8806373596089484, 0.3333333333333335, 0.17493988968901913, 0.35691217904703815, 0.05001053803436213, 0.21565017322864138, 0.6515166882305653, 0.3333333333333335, 0.19293571673261986, 0.4252565629353521, 0.08762961910059004, 0.23441818003099862, 0.6363320666917069, 0.3333333333333335], ""kernels.1.base_kernel.kernels.1"": [0.6931481805599428, 0.6931481805599428, 0.6931481805599428]}","{""kernels.0"": 1.5872107272516214e-05, ""kernels.0.base_kernel.kernels.1"": 0.018928295225330682, ""kernels.1"": 0.3786092046007419}",10,5,30,15,15,archive,2,5
97,142.9218096643011,142.420236066227,0.5,local,-5.264593476763073,-98.54200702937355,93.27741355261048,0.1743055095812327,0.6002329992253036,archive,174,37,0.02931018732368663,0.00774603521617539,0.008374241678398555,0.0002650952054366286,0.13131933953789185,0.0500038212031004,0.3333333333333335,0.8832673373197034,"{""kernels.0.base_kernel.kernels.0"": [0.3333272414518778, 0.3333411342175693, 0.33333337627229304, 0.33333891517591135, 0.3334419004431038, 0.3333333333333335, 0.33332696095815895, 0.33331328269832133, 0.3333306461867303, 0.33332411298039005, 0.33341710053698437, 0.3333333333333335, 0.33332764842827006, 0.3333607926202579, 0.333328189013225, 0.3333317687486063, 0.3333554565733332, 0.3333333333333335], ""kernels.0.base_kernel.kernels.1.base_kernel"": [0.6931481805599428, 0.6931481805599428, 0.6931481805599428], ""kernels.1.base_kernel.kernels.0"": [0.1871931725280217, 0.35785721525518616, 0.0500038212031004, 0.1838516439238262, 0.8832673373197034, 0.3333333333333335, 0.17553751370717394, 0.3576323465851509, 0.05001053826747702, 0.215726939614492, 0.6523030075725815, 0.3333333333333335, 0.1930449098704657, 0.4253797618361446, 0.08767384520425281, 0.2344459349394069, 0.6365499488835188, 0.3333333333333335], ""kernels.1.base_kernel.kernels.1"": [0.6931481805599428, 0.6931481805599428, 0.6931481805599428]}","{""kernels.0"": 1.587194890346524e-05, ""kernels.0.base_kernel.kernels.1"": 0.018928290568977324, ""kernels.1"": 0.37501385609579474}",10,5,30,15,15,archive,5,6
98,142.07923588600778,142.07923588600778,0.5012,global,-5.148402142909774,-13.732389911180082,8.583987768270308,1.0773861945338927,1.4127487204331957,global,,,0.025630752636942398,0.00764369813024388,0.008302693376951368,0.0002593694581708693,0.13040105457507303,0.05000382122390508,0.3333333333333335,0.8858004947214928,"{""kernels.0.base_kernel.kernels.0"": [0.33332724617520276, 0.33334124831886414, 0.33333338421252123, 0.33333892759113903, 0.3334425871769045, 0.3333333333333335, 0.3333269687470177, 0.3333134713865446, 0.3333306396843224, 0.3333241693309572, 0.3334129558942432, 0.3333333333333335, 0.3333276498101542, 0.33336079239740707, 0.3333281917381564, 0.3333318152974021, 0.3333558314374887, 0.3333333333333335], ""kernels.0.base_kernel.kernels.1.base_kernel"": [0.6931481805599428, 0.6931481805599428, 0.6931481805599428], ""kernels.1.base_kernel.kernels.0"": [0.18719602870149135, 0.35852952973235847, 0.05000382122390508, 0.1838513544409325, 0.8858004947214928, 0.3333333333333335, 0.17596158580792426, 0.35800625104832945, 0.05001053851866296, 0.21603438358691823, 0.6516675247828925, 0.3333333333333335, 0.1934319780065673, 0.42579310600506215, 0.08770264190291559, 0.23456973015478647, 0.6387994060058537, 0.3333333333333335], ""kernels.1.base_kernel.kernels.1"": [0.6931481805599428, 0.6931481805599428, 0.6931481805599428]}","{""kernels.0"": 1.587178236444066e-05, ""kernels.0.base_kernel.kernels.1"": 0.01892828554858692, ""kernels.1"": 0.37225900639426773}",10,5,30,15,15,archive,3,0
99,142.59111976921483,142.07923588600778,0.4984,local,-5.2674248961847425,-28.104411818563335,22.836986922378593,0.06428947626701523,0.2558941261361245,archive,196,10,0.020926380722088987,0.00784950235413122,0.00823142664849665,0.0002537497107253197,0.1293587565586102,0.050003821248873224,0.3333333333333335,0.888522480836768,"{""kernels.0.base_kernel.kernels.0"": [0.33332724958783294, 0.33334149266438146, 0.33333339351388647, 0.33333893935656606, 0.3334434576241462, 0.3333333333333335, 0.33332697252259974, 0.3333136836276096, 0.33333063011696495, 0.33332423248888304, 0.3334076542092856, 0.3333333333333335, 0.33332764961012185, 0.33336080522851586, 0.3333281998827311, 0.3333318983582178, 0.33335633327855935, 0.3333333333333335], ""kernels.0.base_kernel.kernels.1.base_kernel"": [0.6931481805599428, 0.6931481805599428, 0.6931481805599428], ""kernels.1.base_kernel.kernels.0"": [0.18716020195631206, 0.36006533249400763, 0.050003821248873224, 0.18363411097277027, 0.888522480836768, 0.3333333333333335, 0.17648410137844633, 0.35791896305451326, 0.050010538836148526, 0.21633805922498411, 0.6519432123437114, 0.3333333333333335, 0.19382156148886973, 0.42647889785367316, 0.08784788957248274, 0.23482647383123725, 0.6416416218425482, 0.3333333333333335], ""kernels.1.base_kernel.kernels.1"": [0.6931481805599428, 0.6931481805599428, 0.6931481805599428]}","{""kernels.0"": 1.5871575442447034e-05, ""kernels.0.base_kernel.kernels.1"": 0.01892827924259682, ""kernels.1"": 0.36913211885779135}",10,5,30,15,15,archive,4,1
100,143.1569012913497,142.07923588600778,0.4992,global,-5.341893422258807,-15.096961281558235,9.755067859299427,1.044092611768238,1.4091025577682348,global,,,0.016054757130969717,0.007632824416631922,0.00812338520348714,0.00024603365470533166,0.1284804764181383,0.05000382127806102,0.3333333333333335,0.8938940335316959,"{""kernels.0.base_kernel.kernels.0"": [0.3333272550999237, 0.3333417672286328, 0.33333340385051574, 0.3333389530666363, 0.3334449722211349, 0.3333333333333335, 0.3333269890386044, 0.3333138861730576, 0.33333061812868736, 0.33332430296158466, 0.3334017076840487, 0.3333333333333335, 0.33332764310766766, 0.33336082541916157, 0.3333282067378545, 0.3333319998796581, 0.33335685966157697, 0.3333333333333335], ""kernels.0.base_kernel.kernels.1.base_kernel"": [0.6931481805599428, 0.6931481805599428, 0.6931481805599428], ""kernels.1.base_kernel.kernels.0"": [0.18722370589885848, 0.36151231576323856, 0.05000382127806102, 0.18332460076205273, 0.8938940335316959, 0.3333333333333335, 0.17738995670760493, 0.3575736809342125, 0.05001053920501494, 0.21659343186950927, 0.653067611878738, 0.3333333333333335, 0.19421725668642056, 0.42716529649860685, 0.08800196339271352, 0.2350740554918083, 0.6440984541946114, 0.3333333333333335], ""kernels.1.base_kernel.kernels.1"": [0.6931481805599428, 0.6931481805599428, 0.6931481805599428]}","{""kernels.0"": 1.58713204804037e-05, ""kernels.0.base_kernel.kernels.1"": 0.018928271850763144, ""kernels.1"": 0.3664972860831714}",10,5,30,15,15,archive,5,2
101,144.14295856532652,142.07923588600778,0.5006,local,-5.336662202353354,-14.187215677186767,8.850553474833413,0.03297230124400081,0.16311112207341086,archive,194,7,0.009464467243846987,0.007407094042132185,0.008010473065585003,0.0002382381940015616,0.12767999556699122,0.05000382131485828,0.3333333333333335,0.899701390759506,"{""kernels.0.base_kernel.kernels.0"": [0.3333272600276334, 0.3333421159114851, 0.3333334166910471, 0.33333899852767224, 0.3334469605286912, 0.3333333333333335, 0.3333270018021861, 0.33331415152724503, 0.33333060422357247, 0.33332438523930846, 0.33339430677736376, 0.3333333333333335, 0.3333276320986827, 0.3333608617200291, 0.3333282140206624, 0.3333321235156533, 0.33335752571668725, 0.3333333333333335], ""kernels.0.base_kernel.kernels.1.base_kernel"": [0.6931481805599428, 0.6931481805599428, 0.6931481805599428], ""kernels.1.base_kernel.kernels.0"": [0.18728751583358527, 0.36321212102326694, 0.05000382131485828, 0.18342957445438018, 0.899701390759506, 0.3333333333333335, 0.1782364781686222, 0.35791339254201576, 0.0500105396762004, 0.21683227987317516, 0.655015038813455, 0.3333333333333335, 0.19471556032548526, 0.4277765681327227, 0.08821189532874238, 0.23537323090765983, 0.6469317349409537, 0.3333333333333335], ""kernels.1.base_kernel.kernels.1"": [0.6931481805599428, 0.6931481805599428, 0.6931481805599428]}","{""kernels.0"": 1.5870998587757492e-05, ""kernels.0.base_kernel.kernels.1"": 0.018928262452464702, ""kernels.1"": 0.3640958532499212}",10,5,30,15,15,archive,5,3
102,146.00583992531548,142.07923588600778,0.498,local,-5.02694628376737,-135.8527727704069,130.82582648663953,0.2763321288429802,0.7556033300907239,archive,141,39,0.024414069575857237,0.0073499558701477915,0.008442987823101038,0.00026377266881191997,0.12767999554486978,0.05000382131485836,0.3333333333333335,0.8997014044469763,"{""kernels.0.base_kernel.kernels.0"": [0.3333272600276331, 0.333342115912511, 0.3333334166910596, 0.3333389985277293, 0.3334469605336584, 0.3333333333333335, 0.33332700180221136, 0.33331415152704763, 0.3333306042235382, 0.3333243852394961, 0.3333943067640532, 0.3333333333333335, 0.33332763209865673, 0.3333608617200393, 0.3333282140206797, 0.3333321235159524, 0.3333575257180201, 0.3333333333333335], ""kernels.0.base_kernel.kernels.1.base_kernel"": [0.6931481805599428, 0.6931481805599428, 0.6931481805599428], ""kernels.1.base_kernel.kernels.0"": [0.18728751601497304, 0.36321212803973846, 0.05000382131485836, 0.18342957452873984, 0.8997014044469763, 0.3333333333333335, 0.17823648030680989, 0.35791338424194075, 0.050010539676201476, 0.21683228155701553, 0.6550150495771033, 0.3333333333333335, 0.19471556152898833, 0.42777656880048487, 0.08821189582665181, 0.2353732317216478, 0.6469317408144479, 0.3333333333333335], ""kernels.1.base_kernel.kernels.1"": [0.6931481805599428, 0.6931481805599428, 0.6931481805599428]}","{""kernels.0"": 1.5870998586954465e-05, ""kernels.0.base_kernel.kernels.1"": 0.01892826245244332, ""kernels.1"": 0.364095853183579}",10,5,30,15,15,archive,3,4
103,139.70480250142953,139.70480250142953,0.4992,local,-5.612081766298998,-99.84432250628656,94.23224073998756,0.21493336152187895,0.6917273431251335,archive,163,38,0.024371275287942664,0.007231530133497107,0.008552756635617305,0.0002697977847974585,0.12767999313419823,0.0500038213148584,0.3333333333333335,0.8997014141432331,"{""kernels.0.base_kernel.kernels.0"": [0.3333272600276356, 0.3333421159130813, 0.3333334166910721, 0.3333389985277362, 0.33344696053678224, 0.3333333333333335, 0.3333270018022432, 0.3333141515271237, 0.33333060422352834, 0.33332438523962493, 0.33339430675634196, 0.3333333333333335, 0.3333276320986424, 0.33336086172007606, 0.3333282140206933, 0.3333321235161617, 0.33335752571906696, 0.3333333333333335], ""kernels.0.base_kernel.kernels.1.base_kernel"": [0.6931481805599428, 0.6931481805599428, 0.6931481805599428], ""kernels.1.base_kernel.kernels.0"": [0.18728751616252556, 0.3632121325098341, 0.0500038213148584, 0.18342957393332318, 0.8997014141432331, 0.3333333333333335, 0.17823648186926352, 0.3579133840099629, 0.050010539676202115, 0.21683228260952325, 0.6550150566858584, 0.3333333333333335, 0.19471556240705784, 0.42777656905021827, 0.08821189619229161, 0.2353732330832288, 0.6469317452657829, 0.3333333333333335], ""kernels.1.base_kernel.kernels.1"": [0.6931481805599428, 0.6931481805599428, 0.6931481805599428]}","{""kernels.0"": 1.587099858645859e-05, ""kernels.0.base_kernel.kernels.1"": 0.018928262452430872, ""kernels.1"": 0.36409584595157735}",10,5,30,15,15,archive,2,0
104,142.45990590604228,139.70480250142953,0.4978,local,-5.605200908853547,-127.8966188900734,122.29141798121985,0.19363476547836045,0.6976826153749177,archive,174,44,0.0367597782999464,0.008105839295618058,0.008572515273279542,0.0002698788085170384,0.1276799920885824,0.05000382131485842,0.3333333333333335,0.8997014184671212,"{""kernels.0.base_kernel.kernels.0"": [0.33332726002763735, 0.3333421159133021, 0.33333341669108, 0.3333389985277364, 0.33344696053812745, 0.3333333333333335, 0.33332700180225616, 0.3333141515270427, 0.33333060422352384, 0.333324385239684, 0.333394306753572, 0.3333333333333335, 0.3333276320986284, 0.3333608617200617, 0.33332821402069934, 0.33333212351624747, 0.3333575257193709, 0.3333333333333335], ""kernels.0.base_kernel.kernels.1.base_kernel"": [0.6931481805599428, 0.6931481805599428, 0.6931481805599428], ""kernels.1.base_kernel.kernels.0"": [0.18728751614537342, 0.36321213401598784, 0.05000382131485842, 0.18342957378739685, 0.8997014184671212, 0.3333333333333335, 0.1782364822017031, 0.3579133833887907, 0.050010539676202365, 0.21683228347252617, 0.6550150580895758, 0.3333333333333335, 0.19471556271248186, 0.42777656909452383, 0.08821189626845906, 0.23537323370715119, 0.6469317461461869, 0.3333333333333335], ""kernels.1.base_kernel.kernels.1"": [0.6931481805599428, 0.6931481805599428, 0.6931481805599428]}","{""kernels.0"": 1.5870998586271167e-05, ""kernels.0.base_kernel.kernels.1"": 0.018928262452426268, ""kernels.1"": 0.3640958428147347}",10,5,30,15,15,archive,5,1
105,160.21204855012,139.70480250142953,0.4986,local,-5.625027938990089,-109.4452805202499,103.82025258125981,0.22444446369906113,0.6741411747764969,archive,177,31,0.04023903225570417,0.007605497620046595,0.008504381328237585,0.0002646219334608731,0.12620000812799673,0.05000382132815587,0.3333333333333335,0.9040754581787507,"{""kernels.0.base_kernel.kernels.0"": [0.33332726356760606, 0.3333423023552132, 0.33333342304124686, 0.3333389992187584, 0.33344811954988907, 0.3333333333333335, 0.3333270121700168, 0.3333140890357137, 0.33333060310655843, 0.33332443487909946, 0.3333922837175578, 0.3333333333333335, 0.3333276245249939, 0.3333608503912396, 0.3333282201173832, 0.33333219250189167, 0.3333578009110778, 0.3333333333333335], ""kernels.0.base_kernel.kernels.1.base_kernel"": [0.6931481805599428, 0.6931481805599428, 0.6931481805599428], ""kernels.1.base_kernel.kernels.0"": [0.18732471413854082, 0.36477124644474673, 0.05000382132815587, 0.18338100056403414, 0.9040754581787507, 0.3333333333333335, 0.17848987616736273, 0.35745210943492234, 0.050010539878922684, 0.2175055695284495, 0.6568105383485713, 0.3333333333333335, 0.19503136673082885, 0.42785263896156417, 0.08829346690027226, 0.23599755587230903, 0.6477511012410043, 0.3333333333333335], ""kernels.1.base_kernel.kernels.1"": [0.6931481805599428, 0.6931481805599428, 0.6931481805599428]}","{""kernels.0"": 1.587084695560158e-05, ""kernels.0.base_kernel.kernels.1"": 0.018928259004071146, ""kernels.1"": 0.3596558945329635}",10,5,30,15,15,archive,5,2
106,143.6517984487875,139.70480250142953,0.5,local,-5.9867412118613235,-39.48931056868575,33.50256935682443,0.07399980524276656,0.245796707278865,archive,196,16,0.016588879647560728,0.007719353718397,0.008763353534279844,0.00028079261009704946,0.12620001870829708,0.05000382132815595,0.3333333333333335,0.9040754859118497,"{""kernels.0.base_kernel.kernels.0"": [0.33332726356760956, 0.33334230235655193, 0.33333342304128266, 0.3333389992188195, 0.3334481195579022, 0.3333333333333335, 0.3333270121700556, 0.33331408903560933, 0.33333060310662116, 0.3333244348793429, 0.3333922837069645, 0.3333333333333335, 0.33332762452498166, 0.33336085038528074, 0.3333282201174262, 0.3333321925022239, 0.3333578009092039, 0.3333333333333335], ""kernels.0.base_kernel.kernels.1.base_kernel"": [0.6931481805599428, 0.6931481805599428, 0.6931481805599428], ""kernels.1.base_kernel.kernels.0"": [0.18732471391662495, 0.3647712583896946, 0.05000382132815595, 0.18338099824873555, 0.9040754859118497, 0.3333333333333335, 0.17848987765878505, 0.35745210171189357, 0.05001053987892395, 0.21750557210203222, 0.6568105615640367, 0.3333333333333335, 0.19503136879793845, 0.42785255396178207, 0.08829346698380011, 0.23599756200841715, 0.6477510852590983, 0.3333333333333335], ""kernels.1.base_kernel.kernels.1"": [0.6931481805599428, 0.6931481805599428, 0.6931481805599428]}","{""kernels.0"": 1.5870846954935993e-05, ""kernels.0.base_kernel.kernels.1"": 0.018928259004049135, ""kernels.1"": 0.35965592627388715}",10,5,30,15,15,archive,1,3
107,136.19058534927998,136.19058534927998,0.5002,local,-5.50942676322907,-11.569948924242215,6.060522161013146,0.03808487613142139,0.17239126017912,archive,208,3,0.023026535862626523,0.007459564741829337,0.008533208252631404,0.00026529013356810786,0.12663021828414128,0.05000382150422334,0.3333333333333335,0.970827719783594,"{""kernels.0.base_kernel.kernels.0"": [0.3333273391897932, 0.3333450697433279, 0.3333335116896909, 0.33333914991531227, 0.3334654854852665, 0.3333333333333335, 0.3333272046681372, 0.3333146498646216, 0.3333307477604449, 0.3333250508256538, 0.3333703500240016, 0.3333333333333335, 0.33332770076154167, 0.33334805935523787, 0.33332838292246, 0.33333294912712896, 0.3333575626519832, 0.3333333333333335], ""kernels.0.base_kernel.kernels.1.base_kernel"": [0.6931481805599428, 0.6931481805599428, 0.6931481805599428], ""kernels.1.base_kernel.kernels.0"": [0.18762019169107494, 0.39789157714889245, 0.05000382150422334, 0.18039331863049876, 0.970827719783594, 0.3333333333333335, 0.18417678268425394, 0.34782687797404394, 0.05001054274185123, 0.2246970247378594, 0.7124664744885593, 0.3333333333333335, 0.20187686442579478, 0.28452175682141045, 0.08928737027279754, 0.25072449201386293, 0.6475326039621533, 0.3333333333333335], ""kernels.1.base_kernel.kernels.1"": [0.6931481805599428, 0.6931481805599428, 0.6931481805599428]}","{""kernels.0"": 1.5869157166125326e-05, ""kernels.0.base_kernel.kernels.1"": 0.018928211719431147, ""kernels.1"": 0.3609465739758266}",10,5,30,15,15,archive,3,0
108,134.46311406877444,134.46311406877444,0.4992,local,-5.242731867070346,-73.25531701655481,68.01258514948447,0.1177615923376527,0.354549477326758,archive,196,18,0.03994002787327142,0.007817650537426318,0.008339959916385377,0.0002523059030026926,0.12903875254513347,0.05000382178279287,0.3333333333333335,0.9498565448045205,"{""kernels.0.base_kernel.kernels.0"": [0.33332756524107393, 0.33335200207178817, 0.33333378243875306, 0.3333394889192884, 0.33348863920965727, 0.3333333333333335, 0.33332738313291194, 0.3333164097487319, 0.3333308521278492, 0.33332622429004244, 0.3333255700809172, 0.3333333333333335, 0.333327381649055, 0.33334215150693, 0.3333286986312971, 0.33333418119435565, 0.33337336971627546, 0.3333333333333335], ""kernels.0.base_kernel.kernels.1.base_kernel"": [0.6931481805599428, 0.6931481805599428, 0.6931481805599428], ""kernels.1.base_kernel.kernels.0"": [0.18362237803568665, 0.4695131181030677, 0.05000382178279287, 0.17597158618583342, 0.9498565448045205, 0.3333333333333335, 0.1860818884887793, 0.34202029701328507, 0.05001054808195243, 0.23291497224710186, 0.6797286351415293, 0.3333333333333335, 0.20633844579722105, 0.2736555901121824, 0.09098327062831482, 0.2604080119527169, 0.7631854552783077, 0.3333333333333335], ""kernels.1.base_kernel.kernels.1"": [0.6931481805599428, 0.6931481805599428, 0.6931481805599428]}","{""kernels.0"": 1.5864885855487532e-05, ""kernels.0.base_kernel.kernels.1"": 0.018928110857756697, ""kernels.1"": 0.36817228189178824}",10,5,30,15,15,archive,2,0
109,144.75597441699648,134.46311406877444,0.5014,local,-5.263468308282452,-94.39330473585541,89.12983642757295,0.12198096054287216,0.38060604743192655,archive,196,19,0.03512189209600082,0.008055814401905429,0.008208245774346128,0.0002432447630426703,0.1281621321055262,0.05000382180374954,0.3333333333333335,0.9495519119475424,"{""kernels.0.base_kernel.kernels.0"": [0.33332760408769607, 0.3333526259585561, 0.3333338035412066, 0.33333954156884965, 0.3334899713237416, 0.3333333333333335, 0.33332739931738536, 0.33331645547455957, 0.3333308881867465, 0.3333262954698451, 0.3333226672492256, 0.3333333333333335, 0.3333273345994632, 0.33334199656798813, 0.3333287254109599, 0.3333342615598425, 0.3333753157577451, 0.3333333333333335], ""kernels.0.base_kernel.kernels.1.base_kernel"": [0.6931481805599428, 0.6931481805599428, 0.6931481805599428], ""kernels.1.base_kernel.kernels.0"": [0.18361658270980202, 0.4730622548505606, 0.05000382180374954, 0.17568120856738267, 0.9495519119475424, 0.3333333333333335, 0.18586918854696402, 0.340672605784363, 0.05001054861340451, 0.23323622392884902, 0.6742458489098098, 0.3333333333333335, 0.20797387292061123, 0.27693618183398816, 0.09110510367906621, 0.2616950920278146, 0.7642269938114948, 0.3333333333333335], ""kernels.1.base_kernel.kernels.1"": [0.6931481805599428, 0.6931481805599428, 0.6931481805599428]}","{""kernels.0"": 1.586441938096671e-05, ""kernels.0.base_kernel.kernels.1"": 0.018928100902904307, ""kernels.1"": 0.36554243099429334}",10,5,30,15,15,archive,1,1
110,135.30555252084008,134.46311406877444,0.4982,local,-4.388850088875118,-93.37573759250847,88.98688750363335,0.12342718431252303,0.36592112337436444,archive,196,20,0.02427739488784425,0.007940180131911303,0.00830668823128308,0.00024846027845776064,0.12816213367695586,0.050003821803749564,0.3333333333333335,0.9495519144873275,"{""kernels.0.base_kernel.kernels.0"": [0.33332760408773143, 0.33335262595839843, 0.33333380354122877, 0.33333954156891177, 0.3334899713251487, 0.3333333333333335, 0.3333273993174111, 0.33331645547470107, 0.33333088818678974, 0.3333262954699019, 0.33332266724693255, 0.3333333333333335, 0.33332733459939634, 0.33334199656777774, 0.3333287254109838, 0.3333342615599223, 0.3333753157591717, 0.3333333333333335], ""kernels.0.base_kernel.kernels.1.base_kernel"": [0.6931481805599428, 0.6931481805599428, 0.6931481805599428], ""kernels.1.base_kernel.kernels.0"": [0.18361658268296324, 0.4730622434417674, 0.050003821803749564, 0.17568120799591846, 0.9495519144873275, 0.3333333333333335, 0.1858691882887126, 0.34067260569072466, 0.050010548613404995, 0.23323622472378164, 0.6742458455117345, 0.3333333333333335, 0.2079738742724157, 0.27693618453355634, 0.09110510362758986, 0.2616950926299178, 0.7642269967245369, 0.3333333333333335], ""kernels.1.base_kernel.kernels.1"": [0.6931481805599428, 0.6931481805599428, 0.6931481805599428]}","{""kernels.0"": 1.5864419380523767e-05, ""kernels.0.base_kernel.kernels.1"": 0.01892810090289444, ""kernels.1"": 0.3655424357085927}",10,5,30,15,15,archive,1,2
111,132.82963974471053,132.82963974471053,0.4996,global,-5.169211327809704,-12.9742888956418,7.805077567832097,1.3055116885785747,1.4106272872666596,global,,,0.014802074458544026,0.007142022809693673,0.008235576209021015,0.00024321894240656857,0.12567428005470713,0.05000382187451109,0.3333333333333335,0.962408810516926,"{""kernels.0.base_kernel.kernels.0"": [0.33332773832996276, 0.3333519266365956, 0.3333338780337322, 0.33333976827844725, 0.3334953887250195, 0.3333333333333335, 0.3333274832564814, 0.33331701086247745, 0.3333310536021242, 0.33332657474173344, 0.3333156668422892, 0.3333333333333335, 0.3333271517825836, 0.33334144374747854, 0.33332880075010557, 0.33333455259198724, 0.3333812642477033, 0.3333333333333335], ""kernels.0.base_kernel.kernels.1.base_kernel"": [0.6931481805599428, 0.6931481805599428, 0.6931481805599428], ""kernels.1.base_kernel.kernels.0"": [0.18386669959144095, 0.4288376957319228, 0.05000382187451109, 0.17447042410300714, 0.962408810516926, 0.3333333333333335, 0.1857786404878295, 0.3437626913082873, 0.050010550325887144, 0.2368972487018627, 0.6730445344157807, 0.3333333333333335, 0.21373849434504574, 0.2888626303697733, 0.09102088143144002, 0.2650219971451204, 0.7813422851257502, 0.3333333333333335], ""kernels.1.base_kernel.kernels.1"": [0.6931481805599428, 0.6931481805599428, 0.6931481805599428]}","{""kernels.0"": 1.5862770470857136e-05, ""kernels.0.base_kernel.kernels.1"": 0.01892806650986602, ""kernels.1"": 0.35807891088378446}",10,5,30,15,15,archive,3,0
112,131.0227471301454,131.0227471301454,0.5008,local,-5.621914235216182,-119.67500414482522,114.05308990960904,0.16350088858027503,0.3791939165888161,archive,196,22,0.030319170577898687,0.007111081902236897,0.008076051278757511,0.0002327720155410617,0.1275836141470689,0.050003821882720914,0.3333333333333335,0.9626535641425713,"{""kernels.0.base_kernel.kernels.0"": [0.3333277459450356, 0.33335190719275937, 0.33333388598827857, 0.333339803966337, 0.3334959123362526, 0.3333333333333335, 0.33332748533432655, 0.33331700670717046, 0.3333310695162774, 0.3333265813910754, 0.3333148591781572, 0.3333333333333335, 0.3333271066593713, 0.3333413309323213, 0.33332881089246413, 0.3333345809805959, 0.3333816364587267, 0.3333333333333335], ""kernels.0.base_kernel.kernels.1.base_kernel"": [0.6931481805599428, 0.6931481805599428, 0.6931481805599428], ""kernels.1.base_kernel.kernels.0"": [0.18382693224042318, 0.4253521917977932, 0.050003821882720914, 0.1741986632378747, 0.9626535641425713, 0.3333333333333335, 0.1853919903915992, 0.3428554693461667, 0.05001055052677207, 0.23656109527284655, 0.6714522495602568, 0.3333333333333335, 0.21423228948795606, 0.288673140915065, 0.09101152443140831, 0.26514410976579883, 0.7816602481766423, 0.3333333333333335], ""kernels.1.base_kernel.kernels.1"": [0.6931481805599428, 0.6931481805599428, 0.6931481805599428]}","{""kernels.0"": 1.586259957405528e-05, ""kernels.0.base_kernel.kernels.1"": 0.01892806250013043, ""kernels.1"": 0.3638069173415022}",10,5,30,15,15,archive,1,0
113,131.83273346098488,131.0227471301454,0.5018,local,-5.3088711953949925,-6.2053244323076955,0.896453236912703,0.058555852695570766,0.19739011896070735,archive,216,0,0.04513371536878914,0.0077306628161288365,0.007995997895107571,0.00022710684505822197,0.12545980252659336,0.050003822012441385,0.3333333333333335,1.018405394791023,"{""kernels.0.base_kernel.kernels.0"": [0.333327898329504, 0.3333522347559872, 0.333334011370294, 0.33334047714917486, 0.3335025341385507, 0.3333333333333335, 0.33332787159551996, 0.3333177872748234, 0.33333138800707124, 0.3333269475606735, 0.3333124540341723, 0.3333333333333335, 0.33332626284838324, 0.3333403590137233, 0.33332912190799874, 0.3333355507060979, 0.33337908616037715, 0.3333333333333335], ""kernels.0.base_kernel.kernels.1.base_kernel"": [0.6931481805599428, 0.6931481805599428, 0.6931481805599428], ""kernels.1.base_kernel.kernels.0"": [0.18820424892298737, 0.36981620155952066, 0.050003822012441385, 0.17447128427771114, 1.018405394791023, 0.3333333333333335, 0.18195211856540414, 0.33664299882520377, 0.05001055331415045, 0.228711447412869, 0.664466919008855, 0.3333333333333335, 0.22264606683109034, 0.29768557756015357, 0.09165115362845426, 0.26857699193356965, 0.7992565218029966, 0.3333333333333335], ""kernels.1.base_kernel.kernels.1"": [0.6931481805599428, 0.6931481805599428, 0.6931481805599428]}","{""kernels.0"": 1.586004492731419e-05, ""kernels.0.base_kernel.kernels.1"": 0.01892800722104976, ""kernels.1"": 0.35743554031380304}",10,5,30,15,15,archive,1,1
114,138.43620823826768,131.0227471301454,0.4978,local,-5.046604686572579,-150.19646045202185,145.14985576544927,0.20202877450284415,0.4193009960092631,archive,196,24,0.02555140218802752,0.007508904284033072,0.007961955561610341,0.00022417759351806701,0.12585600072135247,0.05000382202824378,0.3333333333333335,1.0191322883920004,"{""kernels.0.base_kernel.kernels.0"": [0.33332790834007653, 0.333352371607024, 0.33333402220806185, 0.33334056417878416, 0.3335039099563986, 0.3333333333333335, 0.3333279255320232, 0.33331782896191336, 0.33333142196250504, 0.3333270081709418, 0.33331258327006397, 0.3333333333333335, 0.33332616170707, 0.33334023298595233, 0.33332915371438004, 0.33333568188985996, 0.33337920583383995, 0.3333333333333335], ""kernels.0.base_kernel.kernels.1.base_kernel"": [0.6931481805599428, 0.6931481805599428, 0.6931481805599428], ""kernels.1.base_kernel.kernels.0"": [0.18849988378526417, 0.36796091613822535, 0.05000382202824378, 0.174531267791802, 1.0191322883920004, 0.3333333333333335, 0.18259322275084777, 0.3372512158462208, 0.05001055366459659, 0.2281019499742471, 0.6675038781853889, 0.3333333333333335, 0.22381583923771664, 0.29753346387248747, 0.09168687579371826, 0.26929619032769525, 0.8027883033234184, 0.3333333333333335], ""kernels.1.base_kernel.kernels.1"": [0.6931481805599428, 0.6931481805599428, 0.6931481805599428]}","{""kernels.0"": 1.585969911597132e-05, ""kernels.0.base_kernel.kernels.1"": 0.018928000345901922, ""kernels.1"": 0.35862414211903954}",10,5,30,15,15,archive,2,2
115,134.01419731230033,131.0227471301454,0.4992,local,-3.729131133948721,-6.39961234819909,2.670481214250369,0.04530812885680205,0.1981363472294466,archive,216,0,0.02985381466968031,0.007600839155042894,0.008178092736483083,0.00023583031852458079,0.1258560016094929,0.0500038220282438,0.3333333333333335,1.0191322765990933,"{""kernels.0.base_kernel.kernels.0"": [0.3333279083400962, 0.3333523716070617, 0.33333402220807884, 0.33334056417880586, 0.3335039099587136, 0.3333333333333335, 0.33332792553202606, 0.33331782896188544, 0.3333314219625376, 0.3333270081709136, 0.3333125832698266, 0.3333333333333335, 0.33332616170693363, 0.3333402329857044, 0.33332915371440996, 0.333335681889933, 0.33337920583466196, 0.3333333333333335], ""kernels.0.base_kernel.kernels.1.base_kernel"": [0.6931481805599428, 0.6931481805599428, 0.6931481805599428], ""kernels.1.base_kernel.kernels.0"": [0.18849988376366827, 0.36796091608659887, 0.0500038220282438, 0.17453126508641345, 1.0191322765990933, 0.3333333333333335, 0.18259322356120752, 0.33725121650054735, 0.05001055366459705, 0.22810194694807961, 0.6675038822618101, 0.3333333333333335, 0.22381584103643715, 0.2975334651592017, 0.09168687598803021, 0.26929619145017186, 0.8027883095657166, 0.3333333333333335], ""kernels.1.base_kernel.kernels.1"": [0.6931481805599428, 0.6931481805599428, 0.6931481805599428]}","{""kernels.0"": 1.5859699115506875e-05, ""kernels.0.base_kernel.kernels.1"": 0.018928000345893165, ""kernels.1"": 0.35862414478347}",10,5,30,15,15,archive,0,3
116,132.74987466347156,131.0227471301454,0.5,global,-5.139894694652391,-13.188127064079836,8.048232369427446,1.0874735743000472,1.4118078641335812,global,,,0.021954100785227634,0.007601299326717765,0.008485023898828787,0.0002530006815813076,0.12585600051253557,0.05000382202824386,0.3333333333333335,1.019132230043132,"{""kernels.0.base_kernel.kernels.0"": [0.3333279083401676, 0.3333523716075284, 0.3333340222081215, 0.33334056417880514, 0.3335039099645554, 0.3333333333333335, 0.33332792553192836, 0.33331782896196555, 0.3333314219626519, 0.33332700817072486, 0.3333125832708134, 0.3333333333333335, 0.33332616170653634, 0.3333402329850246, 0.33332915371448624, 0.33333568189014307, 0.3333792058364709, 0.3333333333333335], ""kernels.0.base_kernel.kernels.1.base_kernel"": [0.6931481805599428, 0.6931481805599428, 0.6931481805599428], ""kernels.1.base_kernel.kernels.0"": [0.18849988434735346, 0.36796092469337577, 0.05000382202824386, 0.17453125171811062, 1.019132230043132, 0.3333333333333335, 0.18259322403277048, 0.3372512219204648, 0.05001055366459848, 0.22810193656140149, 0.667503905305794, 0.3333333333333335, 0.22381584649708114, 0.2975334677801285, 0.09168687642242687, 0.2692961957611017, 0.802788332609704, 0.3333333333333335], ""kernels.1.base_kernel.kernels.1"": [0.6931481805599428, 0.6931481805599428, 0.6931481805599428]}","{""kernels.0"": 1.5859699114068427e-05, ""kernels.0.base_kernel.kernels.1"": 0.0189280003458668, ""kernels.1"": 0.3586241414926258}",10,5,30,15,15,archive,4,4
117,132.85140619527382,131.0227471301454,0.5,global,-5.1348495304861705,-13.21989461980393,8.08504508931776,1.060212866565523,1.4101468701786024,global,,,0.020538012098065123,0.007535954617399389,0.008448384505291697,0.0002498742791172356,0.1228538438187138,0.05000382205704612,0.3333333333333335,1.0012131930923225,"{""kernels.0.base_kernel.kernels.0"": [0.3333279482895744, 0.33335259733718015, 0.333334042208365, 0.3333405819679865, 0.3335068799765781, 0.3333333333333335, 0.3333279460802946, 0.33331789006624, 0.33333147577765504, 0.33332695038147464, 0.33331308833385015, 0.3333333333333335, 0.33332599883441655, 0.333339993437059, 0.33332919011430356, 0.33333578177110834, 0.33338026152058003, 0.3333333333333335], ""kernels.0.base_kernel.kernels.1.base_kernel"": [0.6931481805599428, 0.6931481805599428, 0.6931481805599428], ""kernels.1.base_kernel.kernels.0"": [0.18891727096631583, 0.372203989521995, 0.05000382205704612, 0.16938356051109135, 1.0012131930923225, 0.3333333333333335, 0.18385320220288168, 0.33994863178991563, 0.050010554280886604, 0.22413739930550763, 0.6782690235670976, 0.3333333333333335, 0.2267929183302842, 0.3000519227181271, 0.09189560473190071, 0.27161364199206284, 0.8163072688810993, 0.3333333333333335], ""kernels.1.base_kernel.kernels.1"": [0.6931481805599428, 0.6931481805599428, 0.6931481805599428]}","{""kernels.0"": 1.585905047555865e-05, ""kernels.0.base_kernel.kernels.1"": 0.018927989125179474, ""kernels.1"": 0.34961768328048637}",10,5,30,15,15,archive,5,5
118,134.07373992153254,131.0227471301454,0.4986,local,-5.231318271373725,-11.253183440998914,6.021865169625189,0.025675241875866003,0.15350494639309378,archive,219,5,0.02785851135047739,0.007438821498801797,0.008367126288760204,0.0002441415193645526,0.12425136718938146,0.05000382206809002,0.3333333333333335,0.9970279533263177,"{""kernels.0.base_kernel.kernels.0"": [0.33332795304403195, 0.33335269273949447, 0.3333340504151887, 0.3333406115007516, 0.3335084123127982, 0.3333333333333335, 0.3333279423526829, 0.3333178400618557, 0.3333314937214839, 0.3333269215973915, 0.3333126982716341, 0.3333333333333335, 0.3333259190417929, 0.33333988233635736, 0.33332920188343657, 0.33333581253498923, 0.3333806151797459, 0.3333333333333335], ""kernels.0.base_kernel.kernels.1.base_kernel"": [0.6931481805599428, 0.6931481805599428, 0.6931481805599428], ""kernels.1.base_kernel.kernels.0"": [0.18897718343806247, 0.372947812957607, 0.05000382206809002, 0.16779388135252504, 0.9970279533263177, 0.3333333333333335, 0.18388925233046674, 0.3395382757510718, 0.050010554532987285, 0.22320440797029156, 0.67637762606645, 0.3333333333333335, 0.22791833972446185, 0.30045977597239265, 0.09199990680675418, 0.2721747652864056, 0.8201073630958456, 0.3333333333333335], ""kernels.1.base_kernel.kernels.1"": [0.6931481805599428, 0.6931481805599428, 0.6931481805599428]}","{""kernels.0"": 1.585880842589515e-05, ""kernels.0.base_kernel.kernels.1"": 0.018927984450683246, ""kernels.1"": 0.35381025830903523}",10,5,30,15,15,archive,3,6
119,132.52963933881614,131.0227471301454,0.4986,local,-5.35642314256717,-83.62429151004416,78.26786836747699,0.08742041947841103,0.3350722286486857,archive,213,21,0.029493766779279177,0.007394774295771157,0.008358104497998356,0.00024280134067854322,0.12306971583392994,0.0500038220787655,0.3333333333333335,0.9947104821923956,"{""kernels.0.base_kernel.kernels.0"": [0.33332796352830113, 0.33335278124330464, 0.33333405913107955, 0.3333406444683623, 0.33350985008178313, 0.3333333333333335, 0.33332794073495964, 0.33331789096417325, 0.33333151787489157, 0.33332692168866945, 0.33331256454905883, 0.3333333333333335, 0.3333258564320943, 0.3333397967096337, 0.33332921655206127, 0.3333358500120823, 0.33338110933798143, 0.3333333333333335], ""kernels.0.base_kernel.kernels.1.base_kernel"": [0.6931481805599428, 0.6931481805599428, 0.6931481805599428], ""kernels.1.base_kernel.kernels.0"": [0.1891939914852411, 0.37390424443179854, 0.0500038220787655, 0.16675842749098402, 0.9947104821923956, 0.3333333333333335, 0.18396599928780455, 0.34024611126083243, 0.050010554769196434, 0.22274163923616433, 0.6770036524352001, 0.3333333333333335, 0.22915906857414153, 0.30118788216840287, 0.09214771630943629, 0.27303545972867416, 0.8242042116602812, 0.3333333333333335], ""kernels.1.base_kernel.kernels.1"": [0.6931481805599428, 0.6931481805599428, 0.6931481805599428]}","{""kernels.0"": 1.5858558054627594e-05, ""kernels.0.base_kernel.kernels.1"": 0.018927980197386438, ""kernels.1"": 0.3502653087463487}",10,5,30,15,15,archive,4,7
120,132.6881527468975,131.0227471301454,0.4986,local,-5.34468119636073,-86.37845688332388,81.03377568696315,0.09782084659088686,0.33031314845310294,archive,213,22,0.025308856680264873,0.007273597470102766,0.00820293188182226,0.00023300941179890049,0.12303963029699554,0.05000382224235161,0.3333333333333335,0.9667806451251196,"{""kernels.0.base_kernel.kernels.0"": [0.33332802088334895, 0.33335412729473785, 0.33333418499111417, 0.33334119453982486, 0.3335339228138532, 0.3333333333333335, 0.33332781663278366, 0.3333186192392179, 0.3333318470928163, 0.3333267185310407, 0.33330786904970733, 0.3333333333333335, 0.3333247779439195, 0.33333849026351214, 0.33332942860639325, 0.3333364580816157, 0.3333904469135603, 0.3333333333333335], ""kernels.0.base_kernel.kernels.1.base_kernel"": [0.6931481805599428, 0.6931481805599428, 0.6931481805599428], ""kernels.1.base_kernel.kernels.0"": [0.19159886807526635, 0.3811645090174997, 0.05000382224235161, 0.1511639611774644, 0.9667806451251196, 0.3333333333333335, 0.18201891345833895, 0.3479957223425891, 0.05001055869371199, 0.2151277602072517, 0.6713660504037696, 0.3333333333333335, 0.24903815616689207, 0.30785538734913215, 0.09532234821181988, 0.28992958815387804, 0.8781876901910446, 0.3333333333333335], ""kernels.1.base_kernel.kernels.1"": [0.6931481805599428, 0.6931481805599428, 0.6931481805599428]}","{""kernels.0"": 1.5854549674924637e-05, ""kernels.0.base_kernel.kernels.1"": 0.01892790855049683, ""kernels.1"": 0.35017512779081483}",10,5,30,15,15,archive,2,8
121,140.6700204529177,131.0227471301454,0.4982,local,-5.475388108768477,-145.34936347818774,139.87397536941927,0.2024014514210216,0.4749609889634607,archive,196,31,0.027365020492254158,0.007214862898680451,0.008156200282018761,0.00022958355798362513,0.12180589993624451,0.05000382225186016,0.3333333333333335,0.9700063132387791,"{""kernels.0.base_kernel.kernels.0"": [0.33332801861993444, 0.3333542099032114, 0.3333341938355794, 0.3333412589668798, 0.3335351542308652, 0.3333333333333335, 0.33332780386238203, 0.33331867081972866, 0.33333187269116343, 0.3333267394775004, 0.3333079023525794, 0.3333333333333335, 0.3333247010574103, 0.3333384326669228, 0.3333294428565071, 0.3333364999739633, 0.3333908475911911, 0.3333333333333335], ""kernels.0.base_kernel.kernels.1.base_kernel"": [0.6931481805599428, 0.6931481805599428, 0.6931481805599428], ""kernels.1.base_kernel.kernels.0"": [0.19174648574309472, 0.38092941253980955, 0.05000382225186016, 0.15152626970684302, 0.9700063132387791, 0.3333333333333335, 0.18175450618656872, 0.34738826732922795, 0.050010558948921126, 0.21575345511528632, 0.6727425619601579, 0.3333333333333335, 0.2500838441176685, 0.30771878421416415, 0.0955351784968421, 0.290667690820652, 0.8784463243912931, 0.3333333333333335], ""kernels.1.base_kernel.kernels.1"": [0.6931481805599428, 0.6931481805599428, 0.6931481805599428]}","{""kernels.0"": 1.585427900476055e-05, ""kernels.0.base_kernel.kernels.1"": 0.018927903964233123, ""kernels.1"": 0.3464739415654956}",10,5,30,15,15,archive,4,9
122,136.41393462507526,131.0227471301454,0.4994,local,-4.289311068776389,-137.503568337106,133.21425726832962,0.19877228021099053,0.44018850654655484,archive,196,32,0.020469999983374954,0.007383567749746326,0.008408512900068882,0.00024357588779184768,0.12180591613573268,0.05000382225186026,0.3333333333333335,0.9700064036482081,"{""kernels.0.base_kernel.kernels.0"": [0.33332801861977035, 0.3333542099052432, 0.33333419383571794, 0.3333412589681965, 0.33353515424760416, 0.3333333333333335, 0.33332780386226385, 0.3333186708173423, 0.3333318726915114, 0.3333267394776767, 0.3333079023474946, 0.3333333333333335, 0.3333247010559714, 0.33333843266558766, 0.33332944285653554, 0.3333364999745791, 0.3333908475948371, 0.3333333333333335], ""kernels.0.base_kernel.kernels.1.base_kernel"": [0.6931481805599428, 0.6931481805599428, 0.6931481805599428], ""kernels.1.base_kernel.kernels.0"": [0.191746485781243, 0.3809294165367335, 0.05000382225186026, 0.15152628245981703, 0.9700064036482081, 0.3333333333333335, 0.18175450521413117, 0.34738821184602103, 0.05001055894892518, 0.2157534622134039, 0.6727425110454378, 0.3333333333333335, 0.25008385603780015, 0.3077187448704325, 0.0955351774186283, 0.2906676965956693, 0.8784463041153333, 0.3333333333333335], ""kernels.1.base_kernel.kernels.1"": [0.6931481805599428, 0.6931481805599428, 0.6931481805599428]}","{""kernels.0"": 1.5854279000743543e-05, ""kernels.0.base_kernel.kernels.1"": 0.018927903964157337, ""kernels.1"": 0.34647399016403996}",10,5,30,15,15,archive,3,10
123,133.42495208828973,131.0227471301454,0.4988,local,-4.989165704381506,-115.19242853091282,110.20326282653131,0.15323142104002466,0.3787710960689211,archive,196,33,0.014616376105920753,0.008024513981562608,0.009324685765511908,0.00029911009898567285,0.12180591942488166,0.050003822251860265,0.3333333333333335,0.9700064372104901,"{""kernels.0.base_kernel.kernels.0"": [0.3333280186197723, 0.33335420990554737, 0.3333341938357303, 0.33334125896847866, 0.33353515425401165, 0.3333333333333335, 0.3333278038622893, 0.3333186708168705, 0.3333318726916141, 0.33332673947774644, 0.33330790234027746, 0.3333333333333335, 0.33332470105576123, 0.33333843266511454, 0.3333294428565034, 0.3333364999748431, 0.3333908475969134, 0.3333333333333335], ""kernels.0.base_kernel.kernels.1.base_kernel"": [0.6931481805599428, 0.6931481805599428, 0.6931481805599428], ""kernels.1.base_kernel.kernels.0"": [0.19174648600473118, 0.3809294181869945, 0.050003822251860265, 0.1515262875322351, 0.9700064372104901, 0.3333333333333335, 0.18175450745040928, 0.34738819509055247, 0.05001055894892606, 0.21575346350135982, 0.6727424459807042, 0.3333333333333335, 0.2500838595221868, 0.30771873316240833, 0.09553517721686429, 0.29066770360583805, 0.8784462997082336, 0.3333333333333335], ""kernels.1.base_kernel.kernels.1"": [0.6931481805599428, 0.6931481805599428, 0.6931481805599428]}","{""kernels.0"": 1.585427899994826e-05, ""kernels.0.base_kernel.kernels.1"": 0.018927903964141467, ""kernels.1"": 0.3464740000315035}",10,5,30,15,15,archive,3,11
124,132.8186385632953,131.0227471301454,0.4994,global,-5.674093688808421,-14.01234597051249,8.338252281704069,0.8274118479443572,1.4107597168630055,global,,,0.014215797270007503,0.008161572065954662,0.009544977079528597,0.0003125683239228071,0.12180591966272318,0.050003822251860265,0.3333333333333335,0.9700064525169733,"{""kernels.0.base_kernel.kernels.0"": [0.3333280186197738, 0.33335420990574216, 0.3333341938357387, 0.3333412589686377, 0.3335351542570681, 0.3333333333333335, 0.3333278038623387, 0.33331867081655997, 0.3333318726916651, 0.33332673947780694, 0.3333079023370862, 0.3333333333333335, 0.3333247010556646, 0.3333384326649439, 0.333329442856496, 0.33333649997500203, 0.3333908475987409, 0.3333333333333335], ""kernels.0.base_kernel.kernels.1.base_kernel"": [0.6931481805599428, 0.6931481805599428, 0.6931481805599428], ""kernels.1.base_kernel.kernels.0"": [0.19174648627612126, 0.38092941927067375, 0.050003822251860265, 0.15152629022860936, 0.9700064525169733, 0.3333333333333335, 0.18175450926908324, 0.34738818598933835, 0.05001055894892651, 0.21575346442859927, 0.672742415514306, 0.3333333333333335, 0.2500838617036547, 0.30771873050077553, 0.09553517717977347, 0.2906677062234747, 0.8784463044046888, 0.3333333333333335], ""kernels.1.base_kernel.kernels.1"": [0.6931481805599428, 0.6931481805599428, 0.6931481805599428]}","{""kernels.0"": 1.5854278999504585e-05, ""kernels.0.base_kernel.kernels.1"": 0.01892790396413339, ""kernels.1"": 0.34647400074503665}",10,5,30,15,15,archive,4,12
125,132.74641633278446,131.0227471301454,0.4988,global,-6.061132633504073,-13.466124326351537,7.404991692847464,1.074157740530378,1.410999822944619,global,,,0.01451191478761047,0.007785303865937505,0.009351970903285522,0.00029912750538994365,0.1205496261504677,0.050003822254964664,0.3333333333333335,0.9887392456114387,"{""kernels.0.base_kernel.kernels.0"": [0.3333280234754373, 0.33335441056233944, 0.33333420212718834, 0.33334143470009303, 0.33353882931793244, 0.3333333333333335, 0.33332786822097915, 0.3333184654703724, 0.33333193105547226, 0.3333268093364696, 0.3333048097391672, 0.3333333333333335, 0.333324609300262, 0.33333825535735156, 0.3333294334623764, 0.33333669927523085, 0.3333928604964424, 0.3333333333333335], ""kernels.0.base_kernel.kernels.1.base_kernel"": [0.6931481805599428, 0.6931481805599428, 0.6931481805599428], ""kernels.1.base_kernel.kernels.0"": [0.19219066138522256, 0.3820060206629956, 0.050003822254964664, 0.15450259548743056, 0.9887392456114387, 0.3333333333333335, 0.184147667635424, 0.339836048951641, 0.050010559438628546, 0.2170723146978173, 0.6435993516999756, 0.3333333333333335, 0.25267195904131134, 0.3042580251406264, 0.09549722996707939, 0.29439898043595236, 0.8832337628229343, 0.3333333333333335], ""kernels.1.base_kernel.kernels.1"": [0.6931481805599428, 0.6931481805599428, 0.6931481805599428]}","{""kernels.0"": 1.5853776264057722e-05, ""kernels.0.base_kernel.kernels.1"": 0.0189278954223383, ""kernels.1"": 0.3427051292528007}",10,5,30,15,15,archive,3,13
126,136.08981440277128,131.0227471301454,0.499,local,-6.4339683978506255,-119.07910107912238,112.64513268127176,0.16576517726001624,0.4253019770961478,archive,196,36,0.02041817498875586,0.0069415499276080225,0.009105147765641123,0.0002827132424030573,0.12061148340829786,0.05000382226400615,0.3333333333333335,1.0733277338055276,"{""kernels.0.base_kernel.kernels.0"": [0.3333280894527279, 0.3333562401097414, 0.3333342378206293, 0.33334248141776784, 0.3335659005189423, 0.3333333333333335, 0.333328231537663, 0.3333178331456127, 0.3333322835960848, 0.33332719304665265, 0.3333005853479678, 0.3333333333333335, 0.3333236073210442, 0.3333382939544185, 0.3333293575650897, 0.3333378879528882, 0.3334078867560979, 0.3333333333333335], ""kernels.0.base_kernel.kernels.1.base_kernel"": [0.6931481805599428, 0.6931481805599428, 0.6931481805599428], ""kernels.1.base_kernel.kernels.0"": [0.19437671229500905, 0.3939814938599052, 0.05000382226400615, 0.1626460192901824, 1.0733277338055276, 0.3333333333333335, 0.19539285211048932, 0.31342404710161603, 0.05001056300706117, 0.21909028079092663, 0.6244171707928828, 0.3333333333333335, 0.26260743476049603, 0.30077697436293543, 0.0944291603899238, 0.3142348871606856, 0.916874380835155, 0.3333333333333335], ""kernels.1.base_kernel.kernels.1"": [0.6931481805599428, 0.6931481805599428, 0.6931481805599428]}","{""kernels.0"": 1.5849560556728792e-05, ""kernels.0.base_kernel.kernels.1"": 0.018927833687946084, ""kernels.1"": 0.34289076697639076}",10,5,30,15,15,archive,5,14
127,140.17224928666133,131.0227471301454,0.4992,local,-5.84983904451699,-361.419191355595,355.569352311078,0.2969003876957856,0.7782968321317757,archive,175,44,0.03938566158593116,0.006603815341553095,0.009057495600517254,0.0002790878497188409,0.1215655743030934,0.05000382226424142,0.3333333333333335,1.07234024693588,"{""kernels.0.base_kernel.kernels.0"": [0.3333280936753423, 0.3333563852190507, 0.3333342412828248, 0.3333425304504454, 0.33356799588544794, 0.3333333333333335, 0.3333282482346985, 0.3333178168161661, 0.33333231266915897, 0.33332721890682615, 0.333300694163343, 0.3333333333333335, 0.3333234811160277, 0.33333833314336353, 0.3333293532853391, 0.3333379115436447, 0.3334087978917431, 0.3333333333333335], ""kernels.0.base_kernel.kernels.1.base_kernel"": [0.6931481805599428, 0.6931481805599428, 0.6931481805599428], ""kernels.1.base_kernel.kernels.0"": [0.19436035098067697, 0.3951038391017432, 0.05000382226424142, 0.16218901919410558, 1.07234024693588, 0.3333333333333335, 0.19549446965433406, 0.31416353027747557, 0.05001056327397534, 0.2192240418591126, 0.6246797185346078, 0.3333333333333335, 0.2623603545369015, 0.3009605420422038, 0.09434244297415995, 0.31444089093989014, 0.9170439382619391, 0.3333333333333335], ""kernels.1.base_kernel.kernels.1"": [0.6931481805599428, 0.6931481805599428, 0.6931481805599428]}","{""kernels.0"": 1.5849214623185696e-05, ""kernels.0.base_kernel.kernels.1"": 0.018927828925004, ""kernels.1"": 0.345753044769653}",10,5,30,15,15,archive,6,15
128,132.06932132320082,131.0227471301454,0.4988,local,-6.434044469759166,-119.5727588635837,113.13871439382453,0.19308121231835393,0.4111932447824406,archive,196,38,0.01839689204153579,0.006591168473961495,0.009092777312209564,0.000280835722695421,0.1205942029803828,0.05000382226632789,0.3333333333333335,1.0710777727260306,"{""kernels.0.base_kernel.kernels.0"": [0.3333281448430151, 0.33335664367066536, 0.3333342451233447, 0.33334259630222474, 0.3335704405853137, 0.3333333333333335, 0.33332828845970547, 0.3333178442264601, 0.33333235215545953, 0.33332726268179197, 0.3333012963628498, 0.3333333333333335, 0.33332330719434866, 0.3333384318638425, 0.33332935701488536, 0.3333379970933166, 0.33340971230462213, 0.3333333333333335], ""kernels.0.base_kernel.kernels.1.base_kernel"": [0.6931481805599428, 0.6931481805599428, 0.6931481805599428], ""kernels.1.base_kernel.kernels.0"": [0.19474989072334992, 0.39683422975525695, 0.05000382226632789, 0.16180348182636783, 1.0710777727260306, 0.3333333333333335, 0.1958661622140991, 0.3162235429131579, 0.05001056364998284, 0.21966722566616254, 0.6275791849494313, 0.3333333333333335, 0.2622476269289906, 0.30165863832686046, 0.09429062065456799, 0.315183796360757, 0.9183190260369245, 0.3333333333333335], ""kernels.1.base_kernel.kernels.1"": [0.6931481805599428, 0.6931481805599428, 0.6931481805599428]}","{""kernels.0"": 1.5848737349818936e-05, ""kernels.0.base_kernel.kernels.1"": 0.01892782242507788, ""kernels.1"": 0.3428389377787207}",10,5,30,15,15,archive,4,16
129,133.4371339324117,131.0227471301454,0.4988,local,-6.386431696438505,-125.75083740261196,119.36440570617346,0.24712090150504915,0.5577734065421703,archive,191,36,0.017038668279315262,0.006494212378498182,0.008976893200999873,0.0002729338784569366,0.12062359503281635,0.05000382226814857,0.3333333333333335,1.0687776032521978,"{""kernels.0.base_kernel.kernels.0"": [0.33332824383622833, 0.33335745046680854, 0.33333425345267786, 0.33334273884998644, 0.3335756871753674, 0.3333333333333335, 0.3333283514305295, 0.33331777450071426, 0.3333324396936651, 0.3333273118931433, 0.33330169642114077, 0.3333333333333335, 0.3333229358010452, 0.3333385575587289, 0.3333293636223329, 0.3333381489079977, 0.33341158523895315, 0.3333333333333335], ""kernels.0.base_kernel.kernels.1.base_kernel"": [0.6931481805599428, 0.6931481805599428, 0.6931481805599428], ""kernels.1.base_kernel.kernels.0"": [0.19560533748102912, 0.405587832069419, 0.05000382226814857, 0.16081757573861283, 1.0687776032521978, 0.3333333333333335, 0.1960544723048559, 0.31773612621017344, 0.050010564481008664, 0.22030092180779567, 0.6259204593701189, 0.3333333333333335, 0.26175999050393417, 0.3011639603941691, 0.09425980149431443, 0.3166912573056336, 0.9170968950346647, 0.3333333333333335], ""kernels.1.base_kernel.kernels.1"": [0.6931481805599428, 0.6931481805599428, 0.6931481805599428]}","{""kernels.0"": 1.5847763800612282e-05, ""kernels.0.base_kernel.kernels.1"": 0.018927808693269363, ""kernels.1"": 0.3429271286413791}",10,5,30,15,15,archive,4,17
130,141.93149521477568,131.0227471301454,0.5,local,-6.619772503930125,-124.1179326172456,117.49816011331548,0.327738775599239,0.6065345377301559,archive,196,40,0.07506671913888696,0.006401678923823259,0.008901525227429966,0.0002676998726524051,0.12008249309863167,0.050003822268585574,0.3333333333333335,1.0696596118566841,"{""kernels.0.base_kernel.kernels.0"": [0.333328276693866, 0.33335778238334524, 0.333334256052942, 0.3333427875784879, 0.3335775004362075, 0.3333333333333335, 0.3333283708609562, 0.33331775822013704, 0.33333246535432437, 0.3333273507978829, 0.33330187548371715, 0.3333333333333335, 0.33332282712121114, 0.33333861200629217, 0.3333293659890626, 0.33333820865113994, 0.3334121784592195, 0.3333333333333335], ""kernels.0.base_kernel.kernels.1.base_kernel"": [0.6931481805599428, 0.6931481805599428, 0.6931481805599428], ""kernels.1.base_kernel.kernels.0"": [0.19590185614504807, 0.40877158453475443, 0.050003822268585574, 0.1606695219071202, 1.0696596118566841, 0.3333333333333335, 0.19610744996815968, 0.3180114822730766, 0.05001056476545079, 0.22075008821375897, 0.6258749440075018, 0.3333333333333335, 0.2617838890223443, 0.30126029743176447, 0.09427408162554063, 0.3173566328467956, 0.9173824754953626, 0.3333333333333335], ""kernels.1.base_kernel.kernels.1"": [0.6931481805599428, 0.6931481805599428, 0.6931481805599428]}","{""kernels.0"": 1.5847424890991608e-05, ""kernels.0.base_kernel.kernels.1"": 0.018927804086111926, ""kernels.1"": 0.3413038277848921}",10,5,30,15,15,archive,1,18
131,130.75096997696625,130.75096997696625,0.5016,global,-6.550944334328522,-12.957747061910426,6.406802727581905,1.021890631304623,1.3824876764199818,global,,,0.012817473609588842,0.006364123638332454,0.008851140712023997,0.0002643473594762439,0.11987139850382367,0.050003822268221906,0.3333333333333335,1.0754953777756802,"{""kernels.0.base_kernel.kernels.0"": [0.33332832640810967, 0.3333582297158499, 0.3333342599219027, 0.3333428485319258, 0.3335811040605929, 0.3333333333333335, 0.33332839513687856, 0.3333177530262468, 0.33333250638913764, 0.33332743715832946, 0.33330220958476053, 0.3333333333333335, 0.3333226778377942, 0.3333386741447883, 0.3333293657753429, 0.3333383185380703, 0.333412868358504, 0.3333333333333335], ""kernels.0.base_kernel.kernels.1.base_kernel"": [0.6931481805599428, 0.6931481805599428, 0.6931481805599428], ""kernels.1.base_kernel.kernels.0"": [0.19662898575329463, 0.4138608979229388, 0.050003822268221906, 0.16014235716171, 1.0754953777756802, 0.3333333333333335, 0.19619402013505405, 0.31851463856862744, 0.05001056513249292, 0.2217954084214361, 0.6255553089328301, 0.3333333333333335, 0.2620170001950606, 0.30108853223129123, 0.09422168507091674, 0.3187583388473458, 0.9167835562805838, 0.3333333333333335], ""kernels.1.base_kernel.kernels.1"": [0.6931481805599428, 0.6931481805599428, 0.6931481805599428]}","{""kernels.0"": 1.5846941244766333e-05, ""kernels.0.base_kernel.kernels.1"": 0.018927797961347734, ""kernels.1"": 0.3406705506088785}",10,5,30,15,15,archive,4,0
132,132.66400682275213,130.75096997696625,0.4998,global,-6.554229273428518,-14.79208618316699,8.237856909738472,0.9440547354110159,1.4138908862390382,global,,,0.0108387474416703,0.007268269330132874,0.008810975475083896,0.0002612441378661224,0.11960307784500106,0.05000382226959025,0.3333333333333335,1.0816333420543962,"{""kernels.0.base_kernel.kernels.0"": [0.333328380196781, 0.3333588313914012, 0.33333426930673277, 0.3333429267191667, 0.3335851735815657, 0.3333333333333335, 0.33332843974125553, 0.3333178890189559, 0.3333325516981516, 0.33332754042520346, 0.333302426717056, 0.3333333333333335, 0.333322478802859, 0.33333870192165754, 0.3333293731438876, 0.3333385083248385, 0.3334132536048409, 0.3333333333333335], ""kernels.0.base_kernel.kernels.1.base_kernel"": [0.6931481805599428, 0.6931481805599428, 0.6931481805599428], ""kernels.1.base_kernel.kernels.0"": [0.19723668942249123, 0.4204400222235485, 0.05000382226959025, 0.15966944252806792, 1.0816333420543962, 0.3333333333333335, 0.1961889373222017, 0.31945331372651453, 0.05001056561132345, 0.22249688918705185, 0.6249073594986387, 0.3333333333333335, 0.2622358309538403, 0.30098385679809514, 0.09417259510200413, 0.32016765215530835, 0.9166679270833543, 0.3333333333333335], ""kernels.1.base_kernel.kernels.1"": [0.6931481805599428, 0.6931481805599428, 0.6931481805599428]}","{""kernels.0"": 1.5846357924078383e-05, ""kernels.0.base_kernel.kernels.1"": 0.018927790223643784, ""kernels.1"": 0.3398655969534353}",10,5,30,15,15,archive,5,1
133,139.70685746345308,130.75096997696625,0.4978,global,-6.570097087226747,-13.890169058818916,7.320071971592169,0.907869904197054,1.4119688277264077,global,,,0.012300926382172235,0.0064890736753238495,0.008685944241231246,0.00025325678833125557,0.11949997551376995,0.05000382226982716,0.3333333333333335,1.0837877593164327,"{""kernels.0.base_kernel.kernels.0"": [0.3333284058972226, 0.333359100643441, 0.33333427394691056, 0.33334296285379683, 0.3335870128767314, 0.3333333333333335, 0.33332844390155625, 0.33331794869588455, 0.3333325765635504, 0.3333275896877855, 0.333302604161036, 0.3333333333333335, 0.33332239274863523, 0.33333872647594665, 0.3333293746051805, 0.3333386022470776, 0.33341350327795954, 0.3333333333333335], ""kernels.0.base_kernel.kernels.1.base_kernel"": [0.6931481805599428, 0.6931481805599428, 0.6931481805599428], ""kernels.1.base_kernel.kernels.0"": [0.19751616534124417, 0.42295453098021113, 0.05000382226982716, 0.15943325256548496, 1.0837877593164327, 0.3333333333333335, 0.19593998275198848, 0.3197873800607363, 0.05001056582855662, 0.22282116892425488, 0.6250295674340138, 0.3333333333333335, 0.26240245274465024, 0.300936370746064, 0.0941430668249092, 0.3209032364494467, 0.916818792437209, 0.3333333333333335], ""kernels.1.base_kernel.kernels.1"": [0.6931481805599428, 0.6931481805599428, 0.6931481805599428]}","{""kernels.0"": 1.5846085995309005e-05, ""kernels.0.base_kernel.kernels.1"": 0.01892778675858463, ""kernels.1"": 0.3395562936967299}",10,5,30,15,15,archive,5,2
134,132.2890781802626,130.75096997696625,0.5002,local,-6.1668160749900744,-14.722690041933845,8.555873966943771,0.03883459748530062,0.18167221140517933,archive,214,17,0.011163983036024337,0.0066005877289756236,0.010749331354082525,0.0003885441253850265,0.11949997870909324,0.050003822269827164,0.3333333333333335,1.0837877501860809,"{""kernels.0.base_kernel.kernels.0"": [0.33332840589735524, 0.3333591006442217, 0.33333427394692144, 0.3333429628539807, 0.3335870128912374, 0.3333333333333335, 0.33332844390191463, 0.33331794869415127, 0.33333257656367804, 0.33332758968841264, 0.333302604168031, 0.3333333333333335, 0.33332239274789965, 0.33333872647650803, 0.3333293746050506, 0.33333860224639095, 0.33341350328278524, 0.3333333333333335], ""kernels.0.base_kernel.kernels.1.base_kernel"": [0.6931481805599428, 0.6931481805599428, 0.6931481805599428], ""kernels.1.base_kernel.kernels.0"": [0.1975161673387662, 0.42295452470172834, 0.050003822269827164, 0.15943325409627523, 1.0837877501860809, 0.3333333333333335, 0.1959399841881402, 0.3197873801629018, 0.0500105658285584, 0.22282117670234725, 0.6250296066889465, 0.3333333333333335, 0.2624024528726277, 0.30093637630895614, 0.09414306500003014, 0.32090324037266654, 0.9168187760161518, 0.3333333333333335], ""kernels.1.base_kernel.kernels.1"": [0.6931481805599428, 0.6931481805599428, 0.6931481805599428]}","{""kernels.0"": 1.58460859927296e-05, ""kernels.0.base_kernel.kernels.1"": 0.018927786758552508, ""kernels.1"": 0.33955630328273445}",10,5,30,15,15,archive,2,3
135,132.29965535038593,130.75096997696625,0.5014,local,-6.360914153371297,-114.11322930275803,107.75231514938673,0.2720316809760606,0.6460462049085377,archive,192,44,0.02915026538828961,0.0065470986873689165,0.010656385338984746,0.00038097433242789946,0.11913382485627272,0.05000382227354649,0.3333333333333335,1.081853567738445,"{""kernels.0.base_kernel.kernels.0"": [0.33332845971381614, 0.3333594082559774, 0.33333427887504297, 0.3333430360306422, 0.3335922712879331, 0.3333333333333335, 0.33332857318260245, 0.33331736726500144, 0.3333326253758855, 0.3333278148064803, 0.3333052357331373, 0.3333333333333335, 0.33332215837683454, 0.3333389682525611, 0.33332932925583286, 0.33333841236334155, 0.3334154602722327, 0.3333333333333335], ""kernels.0.base_kernel.kernels.1.base_kernel"": [0.6931481805599428, 0.6931481805599428, 0.6931481805599428], ""kernels.1.base_kernel.kernels.0"": [0.19835125142090648, 0.4212117543679628, 0.05000382227354649, 0.16000965037243955, 1.081853567738445, 0.3333333333333335, 0.19647470700167624, 0.3204594259963301, 0.050010566450998675, 0.22586777707613923, 0.6412155481255474, 0.3333333333333335, 0.2627460682248084, 0.3036777525894624, 0.09352080136915272, 0.32282972218456557, 0.912888171673027, 0.3333333333333335], ""kernels.1.base_kernel.kernels.1"": [0.6931481805599428, 0.6931481805599428, 0.6931481805599428]}","{""kernels.0"": 1.5845164790598635e-05, ""kernels.0.base_kernel.kernels.1"": 0.018927775660829534, ""kernels.1"": 0.33845785374319803}",10,5,30,15,15,archive,5,4
136,132.74482881195453,130.75096997696625,0.5006,local,-6.248278298903188,-50.00633266702933,43.758054368126146,0.16096889047916235,0.41102100184126195,archive,207,24,0.016906681782239932,0.006521676467855525,0.010660635100448455,0.000380434553539366,0.12173988066784432,0.05000382228438583,0.3333333333333335,1.0645438600351351,"{""kernels.0.base_kernel.kernels.0"": [0.333328694001316, 0.3333607455723088, 0.3333343045631278, 0.333343307552621, 0.3336147944403374, 0.3333333333333335, 0.3333295908904011, 0.33331412940701255, 0.33333281326674136, 0.3333286107046582, 0.33330992328383685, 0.3333333333333335, 0.33332119951529765, 0.3333395865198355, 0.3333291493624623, 0.33333761408690643, 0.33342406918594225, 0.3333333333333335], ""kernels.0.base_kernel.kernels.1.base_kernel"": [0.6931481805599428, 0.6931481805599428, 0.6931481805599428], ""kernels.1.base_kernel.kernels.0"": [0.20075470008529508, 0.4106147936694368, 0.05000382228438583, 0.16083255793905105, 1.0645438600351351, 0.3333333333333335, 0.2131002146728217, 0.3254398442077923, 0.05001056916959353, 0.23495438781786648, 0.6481527624213781, 0.3333333333333335, 0.2656824610640999, 0.31167960624686625, 0.09086617126453972, 0.33257712123430766, 0.8986157402864748, 0.3333333333333335], ""kernels.1.base_kernel.kernels.1"": [0.6931481805599428, 0.6931481805599428, 0.6931481805599428]}","{""kernels.0"": 1.5841291417040028e-05, ""kernels.0.base_kernel.kernels.1"": 0.01892772722998538, ""kernels.1"": 0.3462760734821305}",10,5,30,15,15,archive,4,5
137,133.96611533814072,130.75096997696625,0.4992,global,-6.337580902947428,-15.836084675645694,9.498503772698266,0.8944378998689607,1.3968007304209549,global,,,0.011193327410539189,0.006474671793876525,0.010582330466294079,0.00037411306962764596,0.12028215566499197,0.05000382228628676,0.3333333333333335,1.0659519062802525,"{""kernels.0.base_kernel.kernels.0"": [0.3333287151811363, 0.33336087359884936, 0.3333343062976186, 0.333343328594114, 0.3336163948268315, 0.3333333333333335, 0.3333296508774553, 0.33331391356975015, 0.3333328280703341, 0.33332867912101877, 0.3333101952484433, 0.3333333333333335, 0.3333211345245752, 0.33333959617393716, 0.33332914540485153, 0.3333375744627393, 0.3334246380092681, 0.3333333333333335], ""kernels.0.base_kernel.kernels.1.base_kernel"": [0.6931481805599428, 0.6931481805599428, 0.6931481805599428], ""kernels.1.base_kernel.kernels.0"": [0.20106086309106955, 0.4110029631335368, 0.05000382228628676, 0.1610699529908089, 1.0659519062802525, 0.3333333333333335, 0.2130695666755321, 0.3252036011950525, 0.050010569407758915, 0.23569168859157094, 0.6489513022909376, 0.3333333333333335, 0.2657606568248979, 0.31169099890186525, 0.0907882058586254, 0.33346985566735565, 0.8988225473272886, 0.3333333333333335], ""kernels.1.base_kernel.kernels.1"": [0.6931481805599428, 0.6931481805599428, 0.6931481805599428]}","{""kernels.0"": 1.584095170501836e-05, ""kernels.0.base_kernel.kernels.1"": 0.018927723179126298, ""kernels.1"": 0.3419029028641446}",10,5,30,15,15,archive,5,6
138,132.54710265460062,130.75096997696625,0.4988,local,-6.746719330276997,-105.02936826156701,98.28264893129001,0.16995894412602203,0.44550987540760406,archive,193,44,0.011934057464005358,0.006468997472734787,0.010552709597414762,0.00037139065810520865,0.11944439824209457,0.05000382231014608,0.3333333333333335,1.0664218922947195,"{""kernels.0.base_kernel.kernels.0"": [0.33332890188414954, 0.3333625001238667, 0.33333433416717156, 0.33334362736003786, 0.3336367490299267, 0.3333333333333335, 0.33333013766512576, 0.3333103423684157, 0.3333329986090231, 0.3333295333725534, 0.3333139588010296, 0.3333333333333335, 0.33331999082694136, 0.3333395351170443, 0.33332906735603834, 0.33333655491160485, 0.33343196624258103, 0.3333333333333335], ""kernels.0.base_kernel.kernels.1.base_kernel"": [0.6931481805599428, 0.6931481805599428, 0.6931481805599428], ""kernels.1.base_kernel.kernels.0"": [0.2029092434758876, 0.41205713062873756, 0.05000382231014608, 0.16297598926577633, 1.0664218922947195, 0.3333333333333335, 0.2000243226019671, 0.32470524892068975, 0.05001057293405553, 0.2426074808598448, 0.6462155959801091, 0.3333333333333335, 0.2651153254080626, 0.3117482956115306, 0.08966114195059238, 0.34093965845912383, 0.9012205750435133, 0.3333333333333335], ""kernels.1.base_kernel.kernels.1"": [0.6931481805599428, 0.6931481805599428, 0.6931481805599428]}","{""kernels.0"": 1.583613504322797e-05, ""kernels.0.base_kernel.kernels.1"": 0.018927662819914443, ""kernels.1"": 0.33938969577132605}",10,5,30,15,15,archive,8,7
139,141.1145418433707,130.75096997696625,0.4996,local,-6.050592736244274,-59.86731665415037,53.816723917906096,0.13295906153039694,0.46186651825824204,archive,213,41,0.0312614239702682,0.006326659553763249,0.010435524668165195,0.00036243206652628924,0.11944542272217634,0.05000382231016024,0.3333333333333335,1.0664177139590068,"{""kernels.0.base_kernel.kernels.0"": [0.33332890195211273, 0.3333625011254282, 0.33333433417494523, 0.3333436274873975, 0.3336367602005591, 0.3333333333333335, 0.3333301380468959, 0.333310340801827, 0.33333299869678706, 0.33332953379055563, 0.333313961389159, 0.3333333333333335, 0.3333199902603498, 0.33333953506403047, 0.33332906729333195, 0.33333655431856524, 0.3334319714406406, 0.3333333333333335], ""kernels.0.base_kernel.kernels.1.base_kernel"": [0.6931481805599428, 0.6931481805599428, 0.6931481805599428], ""kernels.1.base_kernel.kernels.0"": [0.20290919652637834, 0.4120588589619305, 0.05000382231016024, 0.1629756968055834, 1.0664177139590068, 0.3333333333333335, 0.20002444952701778, 0.32471010420683605, 0.050010572936437896, 0.2426079714367814, 0.6462196302314709, 0.3333333333333335, 0.26511675043535377, 0.3117497232845006, 0.08966041735532944, 0.34094199323774704, 0.901225417182507, 0.3333333333333335], ""kernels.1.base_kernel.kernels.1"": [0.6931481805599428, 0.6931481805599428, 0.6931481805599428]}","{""kernels.0"": 1.5836131726310346e-05, ""kernels.0.base_kernel.kernels.1"": 0.01892766277878072, ""kernels.1"": 0.339392769256022}",10,5,30,15,15,archive,4,8
140,133.2912334668601,130.75096997696625,0.4996,local,-6.2851261001773,-65.65562647828402,59.37050037810672,0.24317200377716525,0.5601973546851232,archive,199,43,0.03754833484295799,0.006398670845020881,0.010612798615802183,0.00037467532309040235,0.11944542254745756,0.05000382231016025,0.3333333333333335,1.0664177345300256,"{""kernels.0.base_kernel.kernels.0"": [0.33332890195216275, 0.33336250112588633, 0.3333343341749465, 0.33334362748749363, 0.33363676020922645, 0.3333333333333335, 0.3333301380470571, 0.33331034080066974, 0.3333329986968465, 0.3333295337907316, 0.33331396139287756, 0.3333333333333335, 0.33331999026004655, 0.3333395350641233, 0.33332906729328227, 0.3333365543182157, 0.3334319714430871, 0.3333333333333335], ""kernels.0.base_kernel.kernels.1.base_kernel"": [0.6931481805599428, 0.6931481805599428, 0.6931481805599428], ""kernels.1.base_kernel.kernels.0"": [0.2029091976513663, 0.4120588600947556, 0.05000382231016025, 0.16297569659555744, 1.0664177345300256, 0.3333333333333335, 0.20002445027779894, 0.32471009626871417, 0.05001057293643907, 0.2426079724369998, 0.6462196407343759, 0.3333333333333335, 0.2651167509653517, 0.31174972108073107, 0.08966041662016543, 0.340941993788458, 0.9012254211906479, 0.3333333333333335], ""kernels.1.base_kernel.kernels.1"": [0.6931481805599428, 0.6931481805599428, 0.6931481805599428]}","{""kernels.0"": 1.5836131724485414e-05, ""kernels.0.base_kernel.kernels.1"": 0.018927662778760235, ""kernels.1"": 0.33939276873188795}",10,5,30,15,15,archive,3,9
141,132.43664820963028,130.75096997696625,0.4986,local,-6.063692751184394,-58.22001936578759,52.1563266146032,0.13881568345378717,0.390181106898935,archive,213,43,0.016796713753684762,0.006383522663720119,0.010580891837488594,0.00037179549029859666,0.11907190866036237,0.05000382231181317,0.3333333333333335,1.0687890072366084,"{""kernels.0.base_kernel.kernels.0"": [0.33332891243316004, 0.33336257467787916, 0.33333433437141646, 0.3333436427679896, 0.3336382149083376, 0.3333333333333335, 0.33333016795533277, 0.33331014483753024, 0.33333300770667385, 0.3333295771042454, 0.333314577464981, 0.3333333333333335, 0.33331993701778806, 0.33333953386103987, 0.3333290570345058, 0.33333648234866264, 0.33343239810699427, 0.3333333333333335], ""kernels.0.base_kernel.kernels.1.base_kernel"": [0.6931481805599428, 0.6931481805599428, 0.6931481805599428], ""kernels.1.base_kernel.kernels.0"": [0.20309550364722587, 0.4118142919780072, 0.05000382231181317, 0.16298115198400054, 1.0687890072366084, 0.3333333333333335, 0.20011295624989417, 0.32351718510351274, 0.050010573156120154, 0.2432986309918233, 0.6484616020084792, 0.3333333333333335, 0.26526643635906133, 0.31136913043449876, 0.08952291626363766, 0.3413139348832535, 0.9017220705375927, 0.3333333333333335], ""kernels.1.base_kernel.kernels.1"": [0.6931481805599428, 0.6931481805599428, 0.6931481805599428]}","{""kernels.0"": 1.583582050052565e-05, ""kernels.0.base_kernel.kernels.1"": 0.018927659288143543, ""kernels.1"": 0.338272230872443}",10,5,30,15,15,archive,3,10
142,134.56629726608708,130.75096997696625,0.498,local,-6.186861232396991,-74.03508332084941,67.84822208845242,0.23478037968632023,0.5767844841610518,archive,195,36,0.03328143232027716,0.006340755854814976,0.01050954142239908,0.0003661682783037836,0.11772527222188532,0.05000382231747288,0.3333333333333335,1.0771708486266498,"{""kernels.0.base_kernel.kernels.0"": [0.33332894250126527, 0.33336280867826523, 0.3333343345770755, 0.33334368423802746, 0.33364292289612296, 0.3333333333333335, 0.333330264440801, 0.33330959383293746, 0.3333330260676255, 0.3333296969004437, 0.33331635100494916, 0.3333333333333335, 0.33331979822895014, 0.3333395543587651, 0.33332902738400555, 0.3333363270312967, 0.333433639664841, 0.3333333333333335], ""kernels.0.base_kernel.kernels.1.base_kernel"": [0.6931481805599428, 0.6931481805599428, 0.6931481805599428], ""kernels.1.base_kernel.kernels.0"": [0.2036285619674409, 0.4116706913270001, 0.05000382231747288, 0.16298231049488293, 1.0771708486266498, 0.3333333333333335, 0.20064602712425755, 0.3208834087488797, 0.050010573788091074, 0.24553268592823385, 0.6539706579390728, 0.3333333333333335, 0.2658359663029359, 0.3108218225506022, 0.08915972235186959, 0.3427749295826115, 0.9038259593105752, 0.3333333333333335], ""kernels.1.base_kernel.kernels.1"": [0.6931481805599428, 0.6931481805599428, 0.6931481805599428]}","{""kernels.0"": 1.5834916815590746e-05, ""kernels.0.base_kernel.kernels.1"": 0.01892764920836206, ""kernels.1"": 0.3342323325404783}",10,5,30,15,15,archive,5,11
143,134.18807966625167,130.75096997696625,0.499,local,-6.18098313694759,-17.67539975683926,11.49441661989167,0.10791985602059409,0.35675744922046926,archive,212,23,0.02013827232975414,0.006325391684078527,0.010455031684392747,0.00036182861438179947,0.11854379884967059,0.05000382232036477,0.3333333333333335,1.0814524167187523,"{""kernels.0.base_kernel.kernels.0"": [0.3333289561903352, 0.3333630561634356, 0.33333433592549844, 0.33334373173430754, 0.3336466604552957, 0.3333333333333335, 0.3333303267179412, 0.3333091245967878, 0.3333330409572088, 0.3333297651242025, 0.3333176307244285, 0.3333333333333335, 0.3333196720035196, 0.3333395701796446, 0.33332899931521404, 0.33333621172282346, 0.33343459133463227, 0.3333333333333335], ""kernels.0.base_kernel.kernels.1.base_kernel"": [0.6931481805599428, 0.6931481805599428, 0.6931481805599428], ""kernels.1.base_kernel.kernels.0"": [0.20381207391766104, 0.4126016521455811, 0.05000382232036477, 0.16338156711912077, 1.0814524167187523, 0.3333333333333335, 0.20064839488230002, 0.31953815268612024, 0.050010574274008054, 0.24653119165773574, 0.6559273505025196, 0.3333333333333335, 0.26603610366644526, 0.31025842665572023, 0.08884534168926977, 0.3436716083665077, 0.9045043897867705, 0.3333333333333335], ""kernels.1.base_kernel.kernels.1"": [0.6931481805599428, 0.6931481805599428, 0.6931481805599428]}","{""kernels.0"": 1.5834221534888515e-05, ""kernels.0.base_kernel.kernels.1"": 0.018927641339721225, ""kernels.1"": 0.33668792098775563}",10,5,30,15,15,archive,3,12
144,135.627037496426,130.75096997696625,0.5,local,-6.234895611444685,-22.995790773161268,16.760895161716583,0.0717653610241896,0.2924474971528563,archive,218,30,0.02103974723313696,0.006293650534219868,0.010408593061828052,0.0003581382104467208,0.1175362398766161,0.05000382232304457,0.3333333333333335,1.084695684479318,"{""kernels.0.base_kernel.kernels.0"": [0.33332896871766626, 0.3333631810659779, 0.3333343374945445, 0.3333437609383781, 0.33364916182562915, 0.3333333333333335, 0.33333037873403365, 0.3333088582599146, 0.3333330515139057, 0.3333298181047183, 0.33331856543342536, 0.3333333333333335, 0.3333196023694742, 0.33333960212827957, 0.33332898453444326, 0.3333361555307611, 0.333435252137875, 0.3333333333333335], ""kernels.0.base_kernel.kernels.1.base_kernel"": [0.6931481805599428, 0.6931481805599428, 0.6931481805599428], ""kernels.1.base_kernel.kernels.0"": [0.20399600643225685, 0.41345053052900477, 0.05000382232304457, 0.16373512136830642, 1.084695684479318, 0.3333333333333335, 0.20102598130855173, 0.31964596042076393, 0.05001057460748114, 0.2475446616667392, 0.6574432159603619, 0.3333333333333335, 0.2663596198151631, 0.31037508321265006, 0.08869667295937184, 0.344597664424307, 0.9057783781224825, 0.3333333333333335], ""kernels.1.base_kernel.kernels.1"": [0.6931481805599428, 0.6931481805599428, 0.6931481805599428]}","{""kernels.0"": 1.583374355347941e-05, ""kernels.0.base_kernel.kernels.1"": 0.01892763614033555, ""kernels.1"": 0.3336652497459593}",10,5,30,15,15,archive,3,13
145,134.40981644470503,130.75096997696625,0.5002,global,-6.157111953064142,-15.5719565522783,9.414844599214158,1.0108852596265339,1.4123319537140488,global,,,0.03000663008846069,0.006287479986822445,0.010394088599045155,0.0003567281494019761,0.11763262780006341,0.05000382232485865,0.3333333333333335,1.0870522146893138,"{""kernels.0.base_kernel.kernels.0"": [0.3333289824565845, 0.33336325852805265, 0.33333433896749654, 0.3333437755737232, 0.33365211961438124, 0.3333333333333335, 0.33333041141351655, 0.3333085147171181, 0.3333330628379553, 0.33332988123313817, 0.3333193837395553, 0.3333333333333335, 0.33331952881857674, 0.333339577792175, 0.3333289666353546, 0.33333606666465554, 0.3334360945433895, 0.3333333333333335], ""kernels.0.base_kernel.kernels.1.base_kernel"": [0.6931481805599428, 0.6931481805599428, 0.6931481805599428], ""kernels.1.base_kernel.kernels.0"": [0.203867062159457, 0.41419476750527123, 0.05000382232485865, 0.16398630940373285, 1.0870522146893138, 0.3333333333333335, 0.2010814615298033, 0.3199718171043634, 0.050010574950446036, 0.24863332677166977, 0.6588045517705058, 0.3333333333333335, 0.26661512090409645, 0.3097789734022803, 0.08852734794974784, 0.34552283606516726, 0.9055238372414011, 0.3333333333333335], ""kernels.1.base_kernel.kernels.1"": [0.6931481805599428, 0.6931481805599428, 0.6931481805599428]}","{""kernels.0"": 1.5833249838204957e-05, ""kernels.0.base_kernel.kernels.1"": 0.01892763079229899, ""kernels.1"": 0.33395441935805303}",10,5,30,15,15,archive,6,14
146,135.98898864101773,130.75096997696625,0.4998,local,-6.266237197558548,-12.024208786800816,5.757971589242269,0.03057337370447159,0.19378532266552365,archive,249,24,0.02846488036251481,0.006259587015952888,0.01035881073213611,0.0003538918506639492,0.11672058206132008,0.05000382232790652,0.3333333333333335,1.0911963776766307,"{""kernels.0.base_kernel.kernels.0"": [0.3333290111876663, 0.3333634419504412, 0.3333343408676493, 0.33334382274669283, 0.3336569028911125, 0.3333333333333335, 0.33333046511213826, 0.3333080035064568, 0.33333307682848473, 0.3333299688159218, 0.3333207796170481, 0.3333333333333335, 0.3333194209259958, 0.3333395572524688, 0.3333289416605287, 0.3333359469018754, 0.33343743592119346, 0.3333333333333335], ""kernels.0.base_kernel.kernels.1.base_kernel"": [0.6931481805599428, 0.6931481805599428, 0.6931481805599428], ""kernels.1.base_kernel.kernels.0"": [0.203824799399022, 0.41652973079048056, 0.05000382232790652, 0.1649215144991006, 1.0911963776766307, 0.3333333333333335, 0.201269594724643, 0.3211240724869916, 0.05001057549883838, 0.2503077053868191, 0.6620249029356355, 0.3333333333333335, 0.26709144971492393, 0.30915841790484244, 0.08834093311080371, 0.3471447337299065, 0.9057285263106659, 0.3333333333333335], ""kernels.1.base_kernel.kernels.1"": [0.6931481805599428, 0.6931481805599428, 0.6931481805599428]}","{""kernels.0"": 1.5832449176146947e-05, ""kernels.0.base_kernel.kernels.1"": 0.01892762229811026, ""kernels.1"": 0.3312182914366738}",10,5,30,15,15,archive,6,15
147,139.94313316277152,130.75096997696625,0.498,local,-6.444046893514503,-11.223532561351602,4.779485667837099,0.08275741152786832,0.4083872065951282,archive,247,23,0.07043547420487446,0.006239059159732547,0.010305025225081473,0.0003498442446165856,0.11709366250033515,0.050003822329054,0.3333333333333335,1.092458315879329,"{""kernels.0.base_kernel.kernels.0"": [0.3333290249827683, 0.33336355150291486, 0.33333434203761586, 0.33334385178025294, 0.3336596317334585, 0.3333333333333335, 0.3333304912677394, 0.33330768194177324, 0.3333330863166639, 0.3333300454365477, 0.33332138335557365, 0.3333333333333335, 0.3333193512503444, 0.3333395402370525, 0.33332892442563367, 0.33333587271380266, 0.33343821657022177, 0.3333333333333335], ""kernels.0.base_kernel.kernels.1.base_kernel"": [0.6931481805599428, 0.6931481805599428, 0.6931481805599428], ""kernels.1.base_kernel.kernels.0"": [0.2037647684761197, 0.4176357771168003, 0.050003822329054, 0.16526767524597707, 1.092458315879329, 0.3333333333333335, 0.20129892009329675, 0.3215070635204828, 0.05001057581040112, 0.25131531768408677, 0.662453882613467, 0.3333333333333335, 0.26728429566277, 0.3087357056713161, 0.08820353136449785, 0.3479154665426176, 0.9055366366260403, 0.3333333333333335], ""kernels.1.base_kernel.kernels.1"": [0.6931481805599428, 0.6931481805599428, 0.6931481805599428]}","{""kernels.0"": 1.5832000733167084e-05, ""kernels.0.base_kernel.kernels.1"": 0.018927617469391294, ""kernels.1"": 0.332337538030881}",10,5,30,15,15,archive,3,16
148,133.7998776290145,130.75096997696625,0.4996,local,-6.34647017230575,-77.02675115868217,70.68028098637643,0.21672489794720157,0.5653489842079292,archive,195,42,0.019487314261459464,0.0062263650872297766,0.010321725262902148,0.00035086244884030885,0.11748266540122697,0.05000382234658739,0.3333333333333335,1.096056704653089,"{""kernels.0.base_kernel.kernels.0"": [0.3333291688440015, 0.33336498279298643, 0.3333343423582812, 0.3333440273422707, 0.3336871171001026, 0.3333333333333335, 0.33333078284852985, 0.33330442993933873, 0.333333188258572, 0.3333307937060441, 0.3333270347353991, 0.3333333333333335, 0.33331871641589156, 0.33333926396983987, 0.33332872826967125, 0.3333352726903322, 0.3334470752689217, 0.3333333333333335], ""kernels.0.base_kernel.kernels.1.base_kernel"": [0.6931481805599428, 0.6931481805599428, 0.6931481805599428], ""kernels.1.base_kernel.kernels.0"": [0.20323779778621176, 0.426152103436378, 0.05000382234658739, 0.16721743780754528, 1.096056704653089, 0.3333333333333335, 0.1996829793156891, 0.3339978523920528, 0.050010579551418265, 0.25981884648709475, 0.6676350950615892, 0.3333333333333335, 0.2705152064993734, 0.3064799238618829, 0.08670725613195943, 0.36282106379056056, 0.9080476285669127, 0.3333333333333335], ""kernels.1.base_kernel.kernels.1"": [0.6931481805599428, 0.6931481805599428, 0.6931481805599428]}","{""kernels.0"": 1.582720712073969e-05, ""kernels.0.base_kernel.kernels.1"": 0.01892756541764209, ""kernels.1"": 0.33350460357891804}",10,5,30,15,15,archive,3,17
149,138.37589701535512,130.75096997696625,0.5014,local,-6.385774531660223,-77.57798681139329,71.19221227973307,0.28228932430316006,0.677531335031276,archive,195,43,0.04287548813568976,0.006196613018422572,0.010250623782695187,0.00034560346575564395,0.11748252761734106,0.05000382234659517,0.3333333333333335,1.096053376461257,"{""kernels.0.base_kernel.kernels.0"": [0.33332916891468073, 0.3333649834122267, 0.3333343423517897, 0.33334402739496316, 0.33368712801185896, 0.3333333333333335, 0.3333307829314311, 0.333304428506858, 0.33333318828344016, 0.3333307939631917, 0.33332703624282617, 0.3333333333333335, 0.333318716105196, 0.3333392638563868, 0.3333287281977382, 0.3333352723699905, 0.3334470789326318, 0.3333333333333335], ""kernels.0.base_kernel.kernels.1.base_kernel"": [0.6931481805599428, 0.6931481805599428, 0.6931481805599428], ""kernels.1.base_kernel.kernels.0"": [0.20323812147389428, 0.4261550747214778, 0.05000382234659517, 0.16721776885706774, 1.096053376461257, 0.3333333333333335, 0.19968287642414448, 0.3339948532246281, 0.050010579553275196, 0.25981972163212597, 0.6676346165746619, 0.3333333333333335, 0.2705156579331442, 0.3064808592846977, 0.08670680443744196, 0.3628248807086776, 0.9080463228280761, 0.3333333333333335], ""kernels.1.base_kernel.kernels.1"": [0.6931481805599428, 0.6931481805599428, 0.6931481805599428]}","{""kernels.0"": 1.5827204783199586e-05, ""kernels.0.base_kernel.kernels.1"": 0.018927565392624905, ""kernels.1"": 0.33350419025461503}",10,5,30,15,15,archive,4,18
150,141.51218048018643,130.75096997696625,0.4986,local,-6.459529131040599,-77.90348889703895,71.44395976599836,0.2649016030620343,0.6184903709079126,archive,195,44,0.037263139765376666,0.006181152183988079,0.010226942083146342,0.0003438154110793376,0.11685190000656527,0.05000382234883654,0.3333333333333335,1.0954847982706588,"{""kernels.0.base_kernel.kernels.0"": [0.3333291844156364, 0.33336513793825157, 0.33333434188068356, 0.3333440379050281, 0.3336894834454363, 0.3333333333333335, 0.3333308096532282, 0.3333041253723611, 0.3333331953543622, 0.3333308515798973, 0.3333273104256005, 0.3333333333333335, 0.3333186673456113, 0.3333392517794562, 0.33332871308992684, 0.3333352371581996, 0.33344794795970056, 0.3333333333333335], ""kernels.0.base_kernel.kernels.1.base_kernel"": [0.6931481805599428, 0.6931481805599428, 0.6931481805599428], ""kernels.1.base_kernel.kernels.0"": [0.20331487253375485, 0.4272080898125351, 0.05000382234883654, 0.16728480194848014, 1.0954847982706588, 0.3333333333333335, 0.19982128308418742, 0.33334496026848937, 0.05001057994808954, 0.26007263772237493, 0.6672913229143886, 0.3333333333333335, 0.27102580598694925, 0.30691008503872647, 0.08661628405842978, 0.36433076575385864, 0.9083913722676643, 0.3333333333333335], ""kernels.1.base_kernel.kernels.1"": [0.6931481805599428, 0.6931481805599428, 0.6931481805599428]}","{""kernels.0"": 1.5826708532903966e-05, ""kernels.0.base_kernel.kernels.1"": 0.018927560164022618, ""kernels.1"": 0.3316123131471403}",10,5,30,15,15,archive,4,19
151,141.35636487679108,130.75096997696625,0.4996,global,-6.399006165207499,-13.390843037536905,6.991836872329406,1.046195805934319,1.3160524041425539,global,,,0.04870909487167581,0.006171664755777544,0.01019170653026946,0.0003413738035623794,0.11668571999093608,0.05000382235949995,0.3333333333333335,1.093910297227606,"{""kernels.0.base_kernel.kernels.0"": [0.3333292622153919, 0.3333661343074981, 0.33333434223282765, 0.33334414633300785, 0.33370409365018233, 0.3333333333333335, 0.3333308018075923, 0.3333020394670279, 0.3333332346142726, 0.33333117133508033, 0.33332744158475963, 0.3333333333333335, 0.3333183667375711, 0.3333391338501545, 0.33332860141312154, 0.33333523794182196, 0.33345291247028414, 0.3333333333333335], ""kernels.0.base_kernel.kernels.1.base_kernel"": [0.6931481805599428, 0.6931481805599428, 0.6931481805599428], ""kernels.1.base_kernel.kernels.0"": [0.20319645842865577, 0.43548881512800003, 0.05000382235949995, 0.167593275245269, 1.093910297227606, 0.3333333333333335, 0.1967898010122868, 0.3286446994534757, 0.050010582419550705, 0.26240067392604516, 0.6587512070047202, 0.3333333333333335, 0.2747073641444957, 0.3087903316926126, 0.08599161798237034, 0.3746239440693389, 0.9074834056674229, 0.3333333333333335], ""kernels.1.base_kernel.kernels.1"": [0.6931481805599428, 0.6931481805599428, 0.6931481805599428]}","{""kernels.0"": 1.5823746127360658e-05, ""kernels.0.base_kernel.kernels.1"": 0.01892752829082437, ""kernels.1"": 0.3311138079358565}",10,5,30,15,15,archive,5,20
152,134.1926520621576,130.75096997696625,0.499,local,-6.797521743641451,-16.572796406330454,9.775274662689004,0.039724729319337126,0.18423914094400837,archive,250,30,0.010148524719677258,0.006160521288713433,0.010177968912845187,0.00034039739528542645,0.1162664279235631,0.05000382236079982,0.3333333333333335,1.0943482423863422,"{""kernels.0.base_kernel.kernels.0"": [0.33332927023628284, 0.3333662822251391, 0.3333343419885395, 0.33334415397184725, 0.333705707600479, 0.3333333333333335, 0.33333081436141027, 0.3333018487018711, 0.33333323930796066, 0.3333312163059838, 0.33332768734111645, 0.3333333333333335, 0.33331833003761413, 0.33333913374234425, 0.33332858838120366, 0.3333352346946309, 0.33345362497746395, 0.3333333333333335], ""kernels.0.base_kernel.kernels.1.base_kernel"": [0.6931481805599428, 0.6931481805599428, 0.6931481805599428], ""kernels.1.base_kernel.kernels.0"": [0.20316741193746948, 0.436439175755127, 0.05000382236079982, 0.16751993340694793, 1.0943482423863422, 0.3333333333333335, 0.196943748169265, 0.3292635061842915, 0.050010582743640744, 0.26258015574107313, 0.6600004163728609, 0.3333333333333335, 0.27499222891973674, 0.3091117269315073, 0.08592226448195311, 0.37543921094213134, 0.9084874894610718, 0.3333333333333335], ""kernels.1.base_kernel.kernels.1"": [0.6931481805599428, 0.6931481805599428, 0.6931481805599428]}","{""kernels.0"": 1.582335201266313e-05, ""kernels.0.base_kernel.kernels.1"": 0.018927524191008932, ""kernels.1"": 0.32985593622766773}",10,5,30,15,15,archive,3,21
153,223.38060010684967,130.75096997696625,0.499,local,-6.853666149747971,-11.093875626056459,4.240209476308488,0.0890868627854783,0.27268041010727206,archive,252,20,0.043624822163244,0.0061906626560863575,0.010248360170826837,0.0003448382723419671,0.11626642798149071,0.050003822360799824,0.3333333333333335,1.0943482380904506,"{""kernels.0.base_kernel.kernels.0"": [0.33332927023628633, 0.3333662822253499, 0.33333434198853973, 0.33334415397187384, 0.33370570760159446, 0.3333333333333335, 0.333330814361416, 0.33330184870154334, 0.3333332393079693, 0.33333121630606577, 0.3333276873412913, 0.3333333333333335, 0.3333183300375513, 0.33333913374229324, 0.33332858838118484, 0.33333523469459697, 0.33345362497830866, 0.3333333333333335], ""kernels.0.base_kernel.kernels.1.base_kernel"": [0.6931481805599428, 0.6931481805599428, 0.6931481805599428], ""kernels.1.base_kernel.kernels.0"": [0.20316741187798673, 0.43643917693178735, 0.050003822360799824, 0.167519933591183, 1.0943482380904506, 0.3333333333333335, 0.1969437480789625, 0.3292635071923767, 0.05001058274364116, 0.26258015618324937, 0.6600004177321043, 0.3333333333333335, 0.27499222908715093, 0.30911172688384086, 0.085922264409618, 0.3754392118103568, 0.9084874896528793, 0.3333333333333335], ""kernels.1.base_kernel.kernels.1"": [0.6931481805599428, 0.6931481805599428, 0.6931481805599428]}","{""kernels.0"": 1.582335201217614e-05, ""kernels.0.base_kernel.kernels.1"": 0.0189275241910034, ""kernels.1"": 0.32985593640145655}",10,5,30,15,15,archive,3,22
154,144.7928700597126,130.75096997696625,0.4986,local,-3.132532080826385,-10.00417466917433,6.871642588347944,0.05810118280942675,0.39354219931527745,archive,247,24,0.048014875180807964,0.006774217901514399,0.009963985373969291,0.00032626130363157133,0.11872602034740591,0.05000382261086428,0.3333320222008376,0.9995440404966182,"{""kernels.0.base_kernel.kernels.0"": [0.3333278162895359, 0.3333297299538619, 0.3333336910928015, 0.33334219781103475, 0.33367279243677295, 0.3333333333333335, 0.33332605894675016, 0.3333239829869804, 0.33333071106834167, 0.3333297796077232, 0.3332744107211079, 0.3333333333333335, 0.3333194434836577, 0.33333505658400175, 0.33332875501468967, 0.3333282939793418, 0.33337276017683704, 0.3333333333333335], ""kernels.0.base_kernel.kernels.1.base_kernel"": [0.6931481805599428, 0.6931481805599428, 0.6931481805599428], ""kernels.1.base_kernel.kernels.0"": [0.19590462137076742, 0.18954228748680652, 0.05000382261086428, 0.21957933647422176, 0.9995440404966182, 0.3333333333333335, 0.14718141581607214, 0.4055902372478788, 0.05001059131765623, 0.2388749558170222, 0.4469797000365119, 0.3333333333333335, 0.11309168969722015, 0.3181507950929153, 0.0718066908731646, 0.2855783806021316, 0.6579706653102788, 0.3333333333333335], ""kernels.1.base_kernel.kernels.1"": [0.6931481805599428, 0.6931481805599428, 0.6931481805599428]}","{""kernels.0"": 1.5808693056932887e-05, ""kernels.0.base_kernel.kernels.1"": 0.01892727527854302, ""kernels.1"": 0.3372349770706178}",10,5,30,15,15,archive,0,23
155,133.5151086488708,130.75096997696625,0.4988,local,-4.918967032998237,-18.307394923011366,13.388427890013128,0.041778453477468974,0.26539360188046934,archive,250,31,0.024941287251637283,0.006882416149678831,0.010058566149388654,0.0003326238742473261,0.12002223963652547,0.0500038227363429,0.33333179456649326,1.0289892306134374,"{""kernels.0.base_kernel.kernels.0"": [0.3333274308285829, 0.33332629780790046, 0.3333336671975935, 0.3333418429094122, 0.33366354785983005, 0.3333333333333335, 0.3333259333890961, 0.33332668914741376, 0.33333025579965303, 0.3333293649110304, 0.333279111153411, 0.3333333333333335, 0.3333218387599852, 0.3333340298414059, 0.33332859975513185, 0.33332884545492614, 0.3333748153028772, 0.3333333333333335], ""kernels.0.base_kernel.kernels.1.base_kernel"": [0.6931481805599428, 0.6931481805599428, 0.6931481805599428], ""kernels.1.base_kernel.kernels.0"": [0.20008356955382392, 0.14609784804303566, 0.0500038227363429, 0.23436857853758084, 1.0289892306134374, 0.3333333333333335, 0.1574947100447493, 0.4251587964110526, 0.0500105953621937, 0.2537362737257074, 0.45212144754842415, 0.3333333333333335, 0.11717699530770477, 0.32215686396903415, 0.07129964431351889, 0.3020612062726327, 0.6973967100374673, 0.3333333333333335], ""kernels.1.base_kernel.kernels.1"": [0.6931481805599428, 0.6931481805599428, 0.6931481805599428]}","{""kernels.0"": 1.580488513681794e-05, ""kernels.0.base_kernel.kernels.1"": 0.01892719765755161, ""kernels.1"": 0.341123716366888}",10,5,30,15,15,archive,4,24
156,134.47978117213106,130.75096997696625,0.4998,local,-4.977096678152634,-11.349508356069895,6.3724116779172615,0.03354385652768846,0.19245648240387359,archive,247,25,0.016427364946579297,0.006861581193738038,0.010043166886113487,0.00033130708584226123,0.119261869958614,0.050003822748251575,0.33333178205748265,1.0290312912500585,"{""kernels.0.base_kernel.kernels.0"": [0.3333274044151695, 0.33332623747809703, 0.33333366531515024, 0.33334179812642023, 0.33366283119179746, 0.3333333333333335, 0.33332590838190035, 0.33332683416979436, 0.3333302307816318, 0.333329306359517, 0.3332790992139446, 0.3333333333333335, 0.3333220035638709, 0.33333389497169486, 0.3333285918662458, 0.3333288569506054, 0.333375204738488, 0.3333333333333335], ""kernels.0.base_kernel.kernels.1.base_kernel"": [0.6931481805599428, 0.6931481805599428, 0.6931481805599428], ""kernels.1.base_kernel.kernels.0"": [0.2003912646470773, 0.14702591680721971, 0.050003822748251575, 0.23471004923944047, 1.0290312912500585, 0.3333333333333335, 0.15791934059331994, 0.42456041052948357, 0.05001059568982421, 0.2540390606346745, 0.4494970198894668, 0.3333333333333335, 0.11726822598967389, 0.3223419567211117, 0.07131810638250848, 0.30276378051102554, 0.6988479640676126, 0.3333333333333335], ""kernels.1.base_kernel.kernels.1"": [0.6931481805599428, 0.6931481805599428, 0.6931481805599428]}","{""kernels.0"": 1.5804549157862667e-05, ""kernels.0.base_kernel.kernels.1"": 0.018927190834359002, ""kernels.1"": 0.33884261449232517}",10,5,30,15,15,archive,3,25
157,146.27801320671028,130.75096997696625,0.4988,local,-5.35920074866613,-11.947992737262584,6.588791988596454,0.04926933300460142,0.3003146140753227,archive,247,25,0.038763574610152465,0.0070062275580332935,0.010355337654279545,0.00035207650067827157,0.11926187080558288,0.05000382274825161,0.33333178205744923,1.0290312961361088,"{""kernels.0.base_kernel.kernels.0"": [0.33332740441511216, 0.33332623747800993, 0.33333366531514474, 0.3333417981262276, 0.3336628311906925, 0.3333333333333335, 0.33332590838178044, 0.33332683417008735, 0.333330230781565, 0.3333293063593156, 0.33327909921429033, 0.3333333333333335, 0.33332200356429353, 0.3333338949713194, 0.3333285918662209, 0.33332885695072045, 0.3333752047390546, 0.3333333333333335], ""kernels.0.base_kernel.kernels.1.base_kernel"": [0.6931481805599428, 0.6931481805599428, 0.6931481805599428], ""kernels.1.base_kernel.kernels.0"": [0.20039126490276982, 0.14702592012273763, 0.05000382274825161, 0.23471004796316353, 1.0290312961361088, 0.3333333333333335, 0.15791934133371688, 0.4245604098588233, 0.05001059568982501, 0.2540390607932612, 0.44949701281685484, 0.3333333333333335, 0.11726822611534136, 0.3223419571528394, 0.07131810630928503, 0.30276378288892464, 0.6988479627541462, 0.3333333333333335], ""kernels.1.base_kernel.kernels.1"": [0.6931481805599428, 0.6931481805599428, 0.6931481805599428]}","{""kernels.0"": 1.5804549157029393e-05, ""kernels.0.base_kernel.kernels.1"": 0.01892719083434189, ""kernels.1"": 0.33884261703324975}",10,5,30,15,15,archive,4,26
158,140.8345417083138,130.75096997696625,0.498,local,-4.733639511695247,-16.686922867118604,11.953283355423356,0.04543946681699507,0.291705855327012,archive,250,33,0.03734663089587166,0.007076602934573768,0.01051170943204606,0.00036301962811227857,0.11926187647897452,0.05000382274825163,0.333331782057407,1.0290313021601352,"{""kernels.0.base_kernel.kernels.0"": [0.333327404415043, 0.3333262374773045, 0.33333366531512815, 0.33334179812585407, 0.3336628311891981, 0.3333333333333335, 0.33332590838165244, 0.3333268341706647, 0.33333023078148055, 0.3333293063591817, 0.3332790992153837, 0.3333333333333335, 0.33332200356482317, 0.33333389497092464, 0.33332859186618263, 0.33332885695094466, 0.3333752047406491, 0.3333333333333335], ""kernels.0.base_kernel.kernels.1.base_kernel"": [0.6931481805599428, 0.6931481805599428, 0.6931481805599428], ""kernels.1.base_kernel.kernels.0"": [0.2003912652275591, 0.14702592069502488, 0.05000382274825163, 0.23471004287626035, 1.0290313021601352, 0.3333333333333335, 0.15791934312226835, 0.4245604091977393, 0.050010595689825875, 0.25403905402635885, 0.44949699841137997, 0.3333333333333335, 0.11726822568924936, 0.3223419579024075, 0.07131810632063136, 0.3027637846061757, 0.6988479648856567, 0.3333333333333335], ""kernels.1.base_kernel.kernels.1"": [0.6931481805599428, 0.6931481805599428, 0.6931481805599428]}","{""kernels.0"": 1.5804549156077227e-05, ""kernels.0.base_kernel.kernels.1"": 0.0189271908343233, ""kernels.1"": 0.33884263405344417}",10,5,30,15,15,archive,3,27
159,152.94942235405279,130.75096997696625,0.4984,global,-5.210175744358965,-13.258225849648188,8.048050105289223,1.1560651492630498,1.4141688316851015,global,,,0.08150539195198774,0.007091674714808554,0.010487990269993874,0.0003612978746324141,0.12198226451264078,0.0500038227561445,0.3333317640488784,1.0249621903005717,"{""kernels.0.base_kernel.kernels.0"": [0.3333273836948791, 0.3333259684672175, 0.33333365766822254, 0.33334160385018496, 0.33366128742210716, 0.3333333333333335, 0.33332584510881547, 0.333326894244443, 0.33333019476442327, 0.33332917240904997, 0.3332798964080983, 0.3333333333333335, 0.3333222072046602, 0.33333375090516326, 0.33332857348883904, 0.33332898313351306, 0.333375937776346, 0.3333333333333335], ""kernels.0.base_kernel.kernels.1.base_kernel"": [0.6931481805599428, 0.6931481805599428, 0.6931481805599428], ""kernels.1.base_kernel.kernels.0"": [0.20042582759180438, 0.1474937018447016, 0.0500038227561445, 0.2318599260976385, 1.0249621903005717, 0.3333333333333335, 0.15840747759632123, 0.4225676270616017, 0.050010595953360194, 0.2505380059639112, 0.44838640464374885, 0.3333333333333335, 0.11720600603088988, 0.3227348002220519, 0.07135335499821273, 0.3035409772012537, 0.7001641167528242, 0.3333333333333335], ""kernels.1.base_kernel.kernels.1"": [0.6931481805599428, 0.6931481805599428, 0.6931481805599428]}","{""kernels.0"": 1.580423612598306e-05, ""kernels.0.base_kernel.kernels.1"": 0.01892718428028151, ""kernels.1"": 0.3470038050215149}",10,5,30,15,15,archive,5,28
160,132.40823424831456,130.75096997696625,0.4998,global,-5.2551639032933455,-12.593055409171942,7.337891505878597,1.028507464524784,1.4134411844958776,global,,,0.017990336492258202,0.00709951311172214,0.010507764065376268,0.00036304802160071886,0.1219822618943162,0.05000382275614452,0.33333176404884973,1.02496218712058,"{""kernels.0.base_kernel.kernels.0"": [0.3333273836948625, 0.33332596846694873, 0.33333365766820955, 0.33334160384986095, 0.3336612874197837, 0.3333333333333335, 0.3333258451087564, 0.3333268942446512, 0.333330194764366, 0.3333291724088502, 0.33327989640925304, 0.3333333333333335, 0.33332220720506023, 0.3333337509049731, 0.3333285734888234, 0.3333289831337953, 0.333375937777838, 0.3333333333333335], ""kernels.0.base_kernel.kernels.1.base_kernel"": [0.6931481805599428, 0.6931481805599428, 0.6931481805599428], ""kernels.1.base_kernel.kernels.0"": [0.2004258280860362, 0.14749370320827548, 0.05000382275614452, 0.23185992110008025, 1.02496218712058, 0.3333333333333335, 0.15840747952384104, 0.42256762387354985, 0.050010595953360715, 0.2505380004387111, 0.44838640653581685, 0.3333333333333335, 0.11720600660119494, 0.3227348019797671, 0.07135335508932732, 0.3035409798737999, 0.7001641241051151, 0.3333333333333335], ""kernels.1.base_kernel.kernels.1"": [0.6931481805599428, 0.6931481805599428, 0.6931481805599428]}","{""kernels.0"": 1.580423612532987e-05, ""kernels.0.base_kernel.kernels.1"": 0.018927184280269127, ""kernels.1"": 0.3470037971665541}",10,5,30,15,15,archive,6,29
161,133.6230395463325,130.75096997696625,0.4996,global,-5.71391872240006,-14.518870070387772,8.80495134798771,0.9999333823148041,1.4127585193879635,global,,,0.016674467044318717,0.006988022669327233,0.010401645086099478,0.000355418436237248,0.11956196209749259,0.0500038229244723,0.3333316011543058,1.0241359067113567,"{""kernels.0.base_kernel.kernels.0"": [0.33332720165443613, 0.3333226157444471, 0.3333335414514416, 0.3333390506955561, 0.33364414164984835, 0.3333333333333335, 0.3333250415060083, 0.33332820407020636, 0.33332975560606476, 0.33332805512813724, 0.3332877294617348, 0.3333333333333335, 0.33332587837860256, 0.33333164713398894, 0.33332837868533316, 0.3333315551746227, 0.3333887384634849, 0.3333333333333335], ""kernels.0.base_kernel.kernels.1.base_kernel"": [0.6931481805599428, 0.6931481805599428, 0.6931481805599428], ""kernels.1.base_kernel.kernels.0"": [0.20456254526688322, 0.14860041658891981, 0.0500038229244723, 0.19693838788586912, 1.0241359067113567, 0.3333333333333335, 0.16936470869622489, 0.38983045526904275, 0.05001060135150924, 0.219707838735588, 0.4396139434490342, 0.3333333333333335, 0.12191557794527187, 0.3287706885773625, 0.0718417198275309, 0.33188447075110306, 0.7326125049629927, 0.3333333333333335], ""kernels.1.base_kernel.kernels.1"": [0.6931481805599428, 0.6931481805599428, 0.6931481805599428]}","{""kernels.0"": 1.5797531183885216e-05, ""kernels.0.base_kernel.kernels.1"": 0.018927055383400282, ""kernels.1"": 0.3397430333778936}",10,5,30,15,15,archive,4,30
162,133.1588374402324,130.75096997696625,0.4998,global,-5.484855045426589,-14.103393306289268,8.618538260862678,1.1797866591067496,1.4078733023580308,global,,,0.026072505597420616,0.006966233150504477,0.01036759851011089,0.00035284099873705474,0.11939089672940269,0.05000382293083315,0.3333315891639612,1.0259911760534601,"{""kernels.0.base_kernel.kernels.0"": [0.3333271841610905, 0.3333225388192657, 0.3333335383046987, 0.33333901530318466, 0.33364413022328615, 0.3333333333333335, 0.33332502056818347, 0.3333282427354708, 0.33332974309387736, 0.33332809418236614, 0.3332880900532932, 0.3333333333333335, 0.3333259835160649, 0.33333157786090617, 0.3333283757239582, 0.3333316004670162, 0.3333890824819631, 0.3333333333333335], ""kernels.0.base_kernel.kernels.1.base_kernel"": [0.6931481805599428, 0.6931481805599428, 0.6931481805599428], ""kernels.1.base_kernel.kernels.0"": [0.20449830532145616, 0.14910629501300024, 0.05000382293083315, 0.1970822811147891, 1.0259911760534601, 0.3333333333333335, 0.16915690090008695, 0.390020939787616, 0.050010601602463914, 0.2205858355194815, 0.4407351899050884, 0.3333333333333335, 0.12230677303931997, 0.32862217877035954, 0.07189654733844256, 0.3325476970707731, 0.7339391225080921, 0.3333333333333335], ""kernels.1.base_kernel.kernels.1"": [0.6931481805599428, 0.6931481805599428, 0.6931481805599428]}","{""kernels.0"": 1.5797185227047297e-05, ""kernels.0.base_kernel.kernels.1"": 0.01892704897439305, ""kernels.1"": 0.33922984402858797}",10,5,30,15,15,archive,6,31
163,134.64228119035877,130.75096997696625,0.5006,local,-5.802927042477016,-10.131212141916318,4.328285099439302,0.04034460063539294,0.21777495832652408,archive,235,0,0.025226120455643455,0.006932139763634448,0.010332016435843899,0.0003501812401012941,0.11887357332199505,0.05000382294519094,0.333332517558886,1.033126527476184,"{""kernels.0.base_kernel.kernels.0"": [0.33332715022403037, 0.3333223681848216, 0.33333353057314924, 0.33333894116549356, 0.3336447802978807, 0.3333333333333335, 0.3333249947437456, 0.33332834435570713, 0.3333297134213115, 0.33332817214049587, 0.33328878627074354, 0.3333333333333335, 0.3333262181590249, 0.333331450479617, 0.3333283678552715, 0.3333317017844385, 0.3333898977966001, 0.3333333333333335], ""kernels.0.base_kernel.kernels.1.base_kernel"": [0.6931481805599428, 0.6931481805599428, 0.6931481805599428], ""kernels.1.base_kernel.kernels.0"": [0.2045194407254568, 0.1501729179420822, 0.05000382294519094, 0.1974565156571011, 1.033126527476184, 0.3333333333333335, 0.16904927399368574, 0.3906342902445492, 0.05001060217987058, 0.22261295355635785, 0.4421488254297074, 0.3333333333333335, 0.12319799292354437, 0.3286370266968797, 0.07201169795509361, 0.33406917056999186, 0.736980898242291, 0.3333333333333335], ""kernels.1.base_kernel.kernels.1"": [0.6931481805599428, 0.6931481805599428, 0.6931481805599428]}","{""kernels.0"": 1.579638598001139e-05, ""kernels.0.base_kernel.kernels.1"": 0.01892703448307141, ""kernels.1"": 0.33767788909693375}",10,5,30,15,15,archive,4,32
164,132.84919828347427,130.75096997696625,0.5006,global,-5.844858209090638,-13.407279817693567,7.5624216086029294,0.9077214442800902,1.4044591603043226,global,,,0.016214139982873323,0.006887320360960438,0.010257810960875127,0.00034495427828298955,0.1192429948569556,0.05000382294830433,0.33333253031297183,1.034236394131235,"{""kernels.0.base_kernel.kernels.0"": [0.3333271430115151, 0.3333223188805849, 0.33333352881299466, 0.3333389195077508, 0.33364497813231636, 0.3333333333333335, 0.33332498331897353, 0.3333283595659141, 0.3333297092551605, 0.3333281886293976, 0.3332889029697808, 0.3333333333333335, 0.33332627155033884, 0.33333141503356706, 0.33332836443001945, 0.3333317272926102, 0.333390117368986, 0.3333333333333335], ""kernels.0.base_kernel.kernels.1.base_kernel"": [0.6931481805599428, 0.6931481805599428, 0.6931481805599428], ""kernels.1.base_kernel.kernels.0"": [0.2045194668740857, 0.1503080927855106, 0.05000382294830433, 0.19739501719503724, 1.034236394131235, 0.3333333333333335, 0.16894192558536808, 0.3906442375557844, 0.050010602319068766, 0.22297500405372417, 0.4418286958757958, 0.3333333333333335, 0.12338948126436525, 0.32861099680532896, 0.07203428995378686, 0.33443112221275567, 0.7375302120921531, 0.3333333333333335], ""kernels.1.base_kernel.kernels.1"": [0.6931481805599428, 0.6931481805599428, 0.6931481805599428]}","{""kernels.0"": 1.5796190781191093e-05, ""kernels.0.base_kernel.kernels.1"": 0.018927030961945004, ""kernels.1"": 0.33878615741814055}",10,5,30,15,15,archive,4,33
165,129.87728931944957,129.87728931944957,0.5,global,-5.9473086107938515,-13.06772656410451,7.120417953310658,1.3120869353549562,1.407845056463877,global,,,0.023560468216374284,0.006855599950558606,0.01021681690045923,0.0003419765080941396,0.11873187809026403,0.05000382296087766,0.3333325828890107,1.041758422342408,"{""kernels.0.base_kernel.kernels.0"": [0.3333271224179204, 0.33332207016745136, 0.3333335221622269, 0.3333388679296751, 0.33364652215924, 0.3333333333333335, 0.3333249527581588, 0.3333284516529207, 0.3333296863277535, 0.3333282754103409, 0.3332896512042646, 0.3333333333333335, 0.3333264849233795, 0.3333312885957977, 0.33332835648437, 0.33333183244468795, 0.3333910571925113, 0.3333333333333335], ""kernels.0.base_kernel.kernels.1.base_kernel"": [0.6931481805599428, 0.6931481805599428, 0.6931481805599428], ""kernels.1.base_kernel.kernels.0"": [0.2047937432108574, 0.15105449861008735, 0.05000382296087766, 0.1976556572460991, 1.041758422342408, 0.3333333333333335, 0.16880239550721673, 0.39095667805781603, 0.05001060286571169, 0.22496485868420013, 0.44296123163307605, 0.3333333333333335, 0.12423930298349238, 0.3286968412668252, 0.0721504558188932, 0.33616808103704215, 0.7401608987251163, 0.3333333333333335], ""kernels.1.base_kernel.kernels.1"": [0.6931481805599428, 0.6931481805599428, 0.6931481805599428]}","{""kernels.0"": 1.579539791342474e-05, ""kernels.0.base_kernel.kernels.1"": 0.01892701733774927, ""kernels.1"": 0.3372528215351294}",10,5,30,15,15,archive,6,0
166,131.76566776887495,129.87728931944957,0.4978,global,-5.770932960248626,-13.124239932164024,7.353306971915398,1.248954149068013,1.4134396101783466,global,,,0.033741120056444814,0.009317095711230742,0.010108039310750645,0.0003343416524322426,0.12006550497391834,0.05000382296853232,0.3333325975209912,1.0464138557258007,"{""kernels.0.base_kernel.kernels.0"": [0.33332710243847613, 0.333321886620204, 0.3333335199126918, 0.3333388707182743, 0.3336477514395665, 0.3333333333333335, 0.3333249270396588, 0.33332844419219454, 0.3333296730036418, 0.3333282936551786, 0.3332898072640287, 0.3333333333333335, 0.3333265896392783, 0.3333311519010855, 0.3333283556216078, 0.333331861708649, 0.3333914597145114, 0.3333333333333335], ""kernels.0.base_kernel.kernels.1.base_kernel"": [0.6931481805599428, 0.6931481805599428, 0.6931481805599428], ""kernels.1.base_kernel.kernels.0"": [0.20492328636150164, 0.1507170979913557, 0.05000382296853232, 0.19807190829846294, 1.0464138557258007, 0.3333333333333335, 0.16849754682200446, 0.39016321013058536, 0.05001060316022964, 0.22604871351983943, 0.439868381586711, 0.3333333333333335, 0.1244700512723515, 0.3282841224351837, 0.07221757046701395, 0.33692092369613896, 0.7397618432329969, 0.3333333333333335], ""kernels.1.base_kernel.kernels.1"": [0.6931481805599428, 0.6931481805599428, 0.6931481805599428]}","{""kernels.0"": 1.5794972614171715e-05, ""kernels.0.base_kernel.kernels.1"": 0.01892700993047608, ""kernels.1"": 0.3412537100186648}",10,5,30,15,15,archive,5,1
167,129.96231762530363,129.87728931944957,0.5,global,-5.67210763923897,-13.375865027858243,7.703757388619273,1.1994280337507877,1.413720804994089,global,,,0.02884066370809027,0.008844990260387788,0.010080633201874654,0.0003323001767253097,0.11921127551347023,0.05000382297404593,0.3333326048734744,1.049660281191934,"{""kernels.0.base_kernel.kernels.0"": [0.3333270980868416, 0.33332179036539683, 0.3333335197287159, 0.3333388836806353, 0.33364859254473006, 0.3333333333333335, 0.3333249190504216, 0.33332847664894544, 0.33332966880419557, 0.3333283026693744, 0.33328999327740344, 0.3333333333333335, 0.3333266501793263, 0.3333310753965698, 0.3333283597988312, 0.3333318764136153, 0.3333917227741214, 0.3333333333333335], ""kernels.0.base_kernel.kernels.1.base_kernel"": [0.6931481805599428, 0.6931481805599428, 0.6931481805599428], ""kernels.1.base_kernel.kernels.0"": [0.20509794393009673, 0.1509031075962129, 0.05000382297404593, 0.1986197974568362, 1.049660281191934, 0.3333333333333335, 0.16844005776280946, 0.39016042254929484, 0.05001060333877059, 0.22666956339750552, 0.43952812976926875, 0.3333333333333335, 0.12469247010863652, 0.3281853939646242, 0.07228754629212066, 0.3374967178016303, 0.7398846386500118, 0.3333333333333335], ""kernels.1.base_kernel.kernels.1"": [0.6931481805599428, 0.6931481805599428, 0.6931481805599428]}","{""kernels.0"": 1.579470586315901e-05, ""kernels.0.base_kernel.kernels.1"": 0.018927005588271848, ""kernels.1"": 0.3386910262462757}",10,5,30,15,15,archive,5,2
168,130.0410530757323,129.87728931944957,0.4988,global,-5.3440369228933156,-13.072397683462349,7.728360760569033,1.1648295991064694,1.4141874118368618,global,,,0.02060639210388811,0.008342251148936707,0.010061713479585285,0.0003307863088405907,0.12047545583752416,0.0500038231077079,0.3333328155603634,1.097548648117034,"{""kernels.0.base_kernel.kernels.0"": [0.33332707586457583, 0.33331949137376493, 0.33333351801443095, 0.33333890838317476, 0.33367285759561255, 0.3333333333333335, 0.3333247356795739, 0.33332869136679527, 0.3333294841926759, 0.33332817334072334, 0.3332915420188377, 0.3333333333333335, 0.3333279169330481, 0.3333296571460839, 0.3333283669676746, 0.33333229778739343, 0.3333984598271358, 0.3333333333333335], ""kernels.0.base_kernel.kernels.1.base_kernel"": [0.6931481805599428, 0.6931481805599428, 0.6931481805599428], ""kernels.1.base_kernel.kernels.0"": [0.20792222928966556, 0.15247602199673121, 0.0500038231077079, 0.2028716658474763, 1.097548648117034, 0.3333333333333335, 0.16751378699641054, 0.38540972352409, 0.050010607084434444, 0.24508063344840797, 0.425194229293361, 0.3333333333333335, 0.12895643651066682, 0.32545283495984045, 0.07349117171487932, 0.34593572628173086, 0.7388198553240855, 0.3333333333333335], ""kernels.1.base_kernel.kernels.1"": [0.6931481805599428, 0.6931481805599428, 0.6931481805599428]}","{""kernels.0"": 1.5788935055840697e-05, ""kernels.0.base_kernel.kernels.1"": 0.018926912403778303, ""kernels.1"": 0.3424836661737383}",10,5,30,15,15,archive,4,3
169,130.59399922774827,129.87728931944957,0.4988,local,-5.318426060831055,-23.916873306829633,18.598447245998578,0.11283695640125459,0.5012912839780924,archive,250,42,0.012386540483909263,0.008092433852030005,0.009967416390809737,0.000324318882266412,0.1199434141620667,0.05000382311335648,0.3333328239359312,1.0969089000219117,"{""kernels.0.base_kernel.kernels.0"": [0.3333270764388282, 0.33331942442502516, 0.3333335180987274, 0.3333388988116894, 0.333673598810893, 0.3333333333333335, 0.3333247336702148, 0.3333287088455233, 0.3333294805390139, 0.3333281547458484, 0.3332916799211772, 0.3333333333333335, 0.3333279544262485, 0.33332963356708006, 0.3333283674935181, 0.3333323145385289, 0.33339867754874664, 0.3333333333333335], ""kernels.0.base_kernel.kernels.1.base_kernel"": [0.6931481805599428, 0.6931481805599428, 0.6931481805599428], ""kernels.1.base_kernel.kernels.0"": [0.20795838309940615, 0.1525567215705146, 0.05000382311335648, 0.2027578318784319, 1.0969089000219117, 0.3333333333333335, 0.1675945269375095, 0.38544201714581394, 0.05001060724386531, 0.24521255274756026, 0.4254598939920919, 0.3333333333333335, 0.12914686540612147, 0.32578229101323397, 0.07353867878596865, 0.3462081740465557, 0.7393919778054389, 0.3333333333333335], ""kernels.1.base_kernel.kernels.1"": [0.6931481805599428, 0.6931481805599428, 0.6931481805599428]}","{""kernels.0"": 1.5788697964535884e-05, ""kernels.0.base_kernel.kernels.1"": 0.018926908762808663, ""kernels.1"": 0.3408875450254269}",10,5,30,15,15,archive,6,4
170,129.27796990808892,129.27796990808892,0.4984,global,-5.237218303652647,-12.039111369580288,6.801893065927641,0.941394575175105,1.4043960478522413,global,,,0.02045666945859653,0.007922218299784347,0.009851536236798514,0.00031655085968697284,0.11972347277843169,0.05000382311886493,0.3333328334376494,1.0961978115514202,"{""kernels.0.base_kernel.kernels.0"": [0.33332707800732475, 0.3333193546738962, 0.3333335185848029, 0.33333888536264733, 0.33367438805116867, 0.3333333333333335, 0.3333247273285428, 0.33332871515619417, 0.33332947908380167, 0.3333281494526112, 0.3332917820714684, 0.3333333333333335, 0.3333279905205764, 0.3333295915814723, 0.33332836717947956, 0.33333233354196534, 0.33339890514549453, 0.3333333333333335], ""kernels.0.base_kernel.kernels.1.base_kernel"": [0.6931481805599428, 0.6931481805599428, 0.6931481805599428], ""kernels.1.base_kernel.kernels.0"": [0.20800475034795665, 0.15253614269734897, 0.05000382311886493, 0.2026244057313486, 1.0961978115514202, 0.3333333333333335, 0.16763769968940023, 0.3853572349408278, 0.050010607400823914, 0.24549185021470746, 0.4252683702356059, 0.3333333333333335, 0.12932226234888552, 0.3260314257926147, 0.07358216879212344, 0.34645814072504355, 0.739710893029881, 0.3333333333333335], ""kernels.1.base_kernel.kernels.1"": [0.6931481805599428, 0.6931481805599428, 0.6931481805599428]}","{""kernels.0"": 1.5788463395601458e-05, ""kernels.0.base_kernel.kernels.1"": 0.01892690513562059, ""kernels.1"": 0.3402277247362789}",10,5,30,15,15,archive,5,0
171,130.4862069852519,129.27796990808892,0.4976,local,-5.49697993403015,-13.589920919057647,8.092940985027496,0.08597697527099868,0.5259148115408089,archive,266,25,0.019262456919008505,0.008799697309029271,0.009737752575703766,0.0003089923994363513,0.1192254653394109,0.05000382313730942,0.3333328873067982,1.0936757817792955,"{""kernels.0.base_kernel.kernels.0"": [0.3333270840284085, 0.33331911114242757, 0.3333335199779223, 0.3333388110317989, 0.3336769723309322, 0.3333333333333335, 0.3333247018327047, 0.33332873676634794, 0.33332946942997, 0.33332825148507883, 0.3332920588880007, 0.3333333333333335, 0.33332813074796197, 0.333329404829168, 0.3333283667132208, 0.333332441280263, 0.3333997122862919, 0.3333333333333335], ""kernels.0.base_kernel.kernels.1.base_kernel"": [0.6931481805599428, 0.6931481805599428, 0.6931481805599428], ""kernels.1.base_kernel.kernels.0"": [0.20823956173438232, 0.1523653923197537, 0.05000382313730942, 0.20186956236981785, 1.0936757817792955, 0.3333333333333335, 0.1680094117978293, 0.38519764178113447, 0.0500106079508603, 0.24794777690424838, 0.4231304328656474, 0.3333333333333335, 0.13006273762755577, 0.32698272993385513, 0.07374676365406134, 0.3477948328829589, 0.7407968270986807, 0.3333333333333335], ""kernels.1.base_kernel.kernels.1"": [0.6931481805599428, 0.6931481805599428, 0.6931481805599428]}","{""kernels.0"": 1.5787640403972405e-05, ""kernels.0.base_kernel.kernels.1"": 0.018926892214194496, ""kernels.1"": 0.33873371616363424}",10,5,30,15,15,archive,4,1
172,132.96714826994372,129.27796990808892,0.4994,local,-5.471359553724476,-18.325644443753124,12.854284890028648,0.06427987785395371,0.3233686677586317,archive,267,42,0.031079546502129685,0.00846758093021833,0.009642031677803146,0.00030271099823851353,0.11943544660605053,0.050003823148446494,0.3333329194449307,1.0924505823760164,"{""kernels.0.base_kernel.kernels.0"": [0.33332708496036645, 0.3333189642385182, 0.33333352032160846, 0.3333387651362725, 0.3336785689098215, 0.3333333333333335, 0.33332468468012577, 0.333328729588163, 0.3333294598010379, 0.33332830338844116, 0.3332922575264375, 0.3333333333333335, 0.33332820966805543, 0.33332929122574023, 0.3333283656805937, 0.3333325055565279, 0.3334001745360948, 0.3333333333333335], ""kernels.0.base_kernel.kernels.1.base_kernel"": [0.6931481805599428, 0.6931481805599428, 0.6931481805599428], ""kernels.1.base_kernel.kernels.0"": [0.20834041153605606, 0.15225380843443215, 0.050003823148446494, 0.2013086071517761, 1.0924505823760164, 0.3333333333333335, 0.16823221495375038, 0.38469005653574406, 0.050010608281682696, 0.24941095148273504, 0.4222158850518938, 0.3333333333333335, 0.13052286854021095, 0.32729900452531785, 0.07386393740200446, 0.3488273177413265, 0.741431544068454, 0.3333333333333335], ""kernels.1.base_kernel.kernels.1"": [0.6931481805599428, 0.6931481805599428, 0.6931481805599428]}","{""kernels.0"": 1.578714510576706e-05, ""kernels.0.base_kernel.kernels.1"": 0.01892688440535908, ""kernels.1"": 0.3393636682676867}",10,5,30,15,15,archive,5,2
173,132.10861169794978,129.27796990808892,0.5,local,-5.501592308532616,-18.43730363951864,12.935711330986024,0.060039467812538196,0.31677445287315364,archive,267,43,0.019105687363757135,0.00818501869068328,0.009600320001422588,0.0002999788400027221,0.11913973875587368,0.05000382315363941,0.3333329335835634,1.0918247720213623,"{""kernels.0.base_kernel.kernels.0"": [0.33332708769352115, 0.3333189020049529, 0.33333352100776115, 0.33333874470416613, 0.33367928581068285, 0.3333333333333335, 0.33332467448239606, 0.3333287268383251, 0.3333294595975061, 0.3333283343620329, 0.33329236381550253, 0.3333333333333335, 0.33332824347268913, 0.3333292409753025, 0.3333283649040991, 0.3333325338337934, 0.33340038974720965, 0.3333333333333335], ""kernels.0.base_kernel.kernels.1.base_kernel"": [0.6931481805599428, 0.6931481805599428, 0.6931481805599428], ""kernels.1.base_kernel.kernels.0"": [0.20840302187144435, 0.1524666178187271, 0.05000382315363941, 0.20105778577925396, 1.0918247720213623, 0.3333333333333335, 0.16831634078318725, 0.38447776699429287, 0.05001060843190403, 0.25027148458589543, 0.42197161504880853, 0.3333333333333335, 0.130745396132744, 0.32740261132776005, 0.07391783259661702, 0.3493258370442369, 0.7417348821142511, 0.3333333333333335], ""kernels.1.base_kernel.kernels.1"": [0.6931481805599428, 0.6931481805599428, 0.6931481805599428]}","{""kernels.0"": 1.5786916942461034e-05, ""kernels.0.base_kernel.kernels.1"": 0.018926880892840503, ""kernels.1"": 0.33847654845783803}",10,5,30,15,15,archive,3,3
174,135.4466975804749,129.27796990808892,0.4978,local,-5.399826896177965,-12.51268363449195,7.112856738313985,0.04149601211866588,0.2392835749737557,archive,276,27,0.017847840029459244,0.007799864216490297,0.009617468098399841,0.00030095730020985,0.11806687036046999,0.050003823180133355,0.33333296419810776,1.0903244821627889,"{""kernels.0.base_kernel.kernels.0"": [0.33332710071722077, 0.3333185904025154, 0.33333352417016726, 0.33333867000496803, 0.3336836580367145, 0.3333333333333335, 0.33332463687832986, 0.3333287197105975, 0.33332945033230416, 0.33332839943560677, 0.3332927202183004, 0.3333333333333335, 0.333328383032218, 0.333329075231839, 0.333328357654591, 0.333332595062882, 0.3334013848050988, 0.3333333333333335], ""kernels.0.base_kernel.kernels.1.base_kernel"": [0.6931481805599428, 0.6931481805599428, 0.6931481805599428], ""kernels.1.base_kernel.kernels.0"": [0.20869123509904008, 0.1536200921687237, 0.050003823180133355, 0.19987422000463081, 1.0903244821627889, 0.3333333333333335, 0.16868206085214366, 0.3830194030115715, 0.050010609161321724, 0.25441887092747495, 0.42074631305062504, 0.3333333333333335, 0.13194050929828335, 0.32819925708701925, 0.07416161762657641, 0.35148693522639096, 0.7449400877655753, 0.3333333333333335], ""kernels.1.base_kernel.kernels.1"": [0.6931481805599428, 0.6931481805599428, 0.6931481805599428]}","{""kernels.0"": 1.5785803233377935e-05, ""kernels.0.base_kernel.kernels.1"": 0.018926863796358016, ""kernels.1"": 0.3352579614818186}",10,5,30,15,15,archive,3,4
175,130.4100304111607,129.27796990808892,0.5,local,-5.063301408898375,-20.180412742968716,15.11711133407034,0.14584890876643147,0.6146494040348524,archive,249,40,0.015461214384512595,0.007418217698617628,0.010073459418005888,0.0003303347110248848,0.1180668758265841,0.050003823180133376,0.33333296419809133,1.090324486136424,"{""kernels.0.base_kernel.kernels.0"": [0.33332710071721033, 0.33331859040212675, 0.3333335241701612, 0.3333386700050191, 0.33368365804167394, 0.3333333333333335, 0.3333246368782929, 0.33332871970912215, 0.3333294503322903, 0.33332839943538756, 0.33329272021891215, 0.3333333333333335, 0.3333283830322975, 0.33332907523170224, 0.3333283576545922, 0.33333259506284924, 0.3334013848058732, 0.3333333333333335], ""kernels.0.base_kernel.kernels.1.base_kernel"": [0.6931481805599428, 0.6931481805599428, 0.6931481805599428], ""kernels.1.base_kernel.kernels.0"": [0.2086912352085313, 0.15362009181541286, 0.050003823180133376, 0.19987421948156703, 1.090324486136424, 0.3333333333333335, 0.16868206044089523, 0.3830193770490395, 0.050010609161322446, 0.2544188708144154, 0.42074631797863843, 0.3333333333333335, 0.1319405100635203, 0.32819925657568694, 0.07416161790768505, 0.35148693665559516, 0.7449400867811865, 0.3333333333333335], ""kernels.1.base_kernel.kernels.1"": [0.6931481805599428, 0.6931481805599428, 0.6931481805599428]}","{""kernels.0"": 1.5785803232300096e-05, ""kernels.0.base_kernel.kernels.1"": 0.018926863796341075, ""kernels.1"": 0.3352579778801789}",10,5,30,15,15,archive,5,5
176,131.8737060235369,129.27796990808892,0.4996,local,-5.803074279458932,-12.435641798751078,6.632567519292146,0.030964225293858588,0.19977238357296287,archive,276,28,0.012047426174403934,0.0073450503883170995,0.009845452135343886,0.00031522719174462794,0.12172054858204066,0.05000382320366686,0.3333329769901662,1.0960049809048007,"{""kernels.0.base_kernel.kernels.0"": [0.33332710006156324, 0.3333182748255399, 0.33333352042651254, 0.3333387041069298, 0.333689108357553, 0.3333333333333335, 0.3333246115263585, 0.33332708729765304, 0.33332944167227424, 0.33332833918196547, 0.33329340058434226, 0.3333333333333335, 0.3333284777382199, 0.33332889305366065, 0.3333283663681885, 0.3333326206469989, 0.333402352157794, 0.3333333333333335], ""kernels.0.base_kernel.kernels.1.base_kernel"": [0.6931481805599428, 0.6931481805599428, 0.6931481805599428], ""kernels.1.base_kernel.kernels.0"": [0.2090258420398777, 0.1538207950936726, 0.05000382320366686, 0.19972474865340237, 1.0960049809048007, 0.3333333333333335, 0.16874277237798918, 0.3556688263988485, 0.05001060988143251, 0.2563516929802261, 0.42625896573549726, 0.3333333333333335, 0.1330432040615152, 0.32806836328568095, 0.07449773975048689, 0.35339768905891583, 0.7450859083061137, 0.3333333333333335], ""kernels.1.base_kernel.kernels.1"": [0.6931481805599428, 0.6931481805599428, 0.6931481805599428]}","{""kernels.0"": 1.5784710482295487e-05, ""kernels.0.base_kernel.kernels.1"": 0.018926846941812646, ""kernels.1"": 0.34621901409382705}",10,5,30,15,15,archive,2,6
177,129.76128096455435,129.27796990808892,0.5006,local,-5.382798292757422,-12.67800750778149,7.295209215024069,0.04007117029553213,0.2227106018031976,archive,276,29,0.017591105640417777,0.007316757184418269,0.009705722415665138,0.00030630630033160817,0.12047301562607106,0.05000382340570695,0.3333333333333335,1.1398365546445435,"{""kernels.0.base_kernel.kernels.0"": [0.3333275839406529, 0.33331431141110296, 0.3333335899857187, 0.3333392547146496, 0.3337434036906868, 0.3333333333333335, 0.33332613364150604, 0.3333198849674514, 0.33332956666185476, 0.33332766858024493, 0.33329443150494653, 0.3333333333333335, 0.3333292595115613, 0.33332943698987355, 0.3333285331052158, 0.33333401173648614, 0.33341255419925936, 0.3333333333333335], ""kernels.0.base_kernel.kernels.1.base_kernel"": [0.6931481805599428, 0.6931481805599428, 0.6931481805599428], ""kernels.1.base_kernel.kernels.0"": [0.21130304855259094, 0.15361528381594047, 0.05000382340570695, 0.1977243881933032, 1.1398365546445435, 0.3333333333333335, 0.19038656932565307, 0.29818060601661284, 0.05001061644704051, 0.27930826088790306, 0.39957403452377804, 0.3333333333333335, 0.14992214663134265, 0.33558525233477765, 0.0778680740624216, 0.38247337716050844, 0.7928497787680315, 0.3333333333333335], ""kernels.1.base_kernel.kernels.1"": [0.6931481805599428, 0.6931481805599428, 0.6931481805599428]}","{""kernels.0"": 1.5773729001110718e-05, ""kernels.0.base_kernel.kernels.1"": 0.018926691322926015, ""kernels.1"": 0.34247658182628604}",10,5,30,15,15,archive,2,7
178,128.9921128888393,128.9921128888393,0.499,local,-5.704197590081612,-16.569592846468314,10.865395256386702,0.15059830760636475,0.3846063035682058,archive,217,11,0.013514787168497576,0.007199653548142484,0.009602513544195062,0.00029962768852933994,0.12116625658725173,0.05000382344358712,0.3333333333333335,1.1318293830937611,"{""kernels.0.base_kernel.kernels.0"": [0.33332766889490784, 0.33331387392870576, 0.33333359598131646, 0.33333924829262807, 0.33375072771932873, 0.3333333333333335, 0.333326289897281, 0.3333194009894394, 0.3333296158307122, 0.33332742225985496, 0.3332955562369994, 0.3333333333333335, 0.33332920379687647, 0.333330012439568, 0.33332853440029325, 0.3333340773870177, 0.3334145177768837, 0.3333333333333335], ""kernels.0.base_kernel.kernels.1.base_kernel"": [0.6931481805599428, 0.6931481805599428, 0.6931481805599428], ""kernels.1.base_kernel.kernels.0"": [0.2111234961810687, 0.15543456899862046, 0.05000382344358712, 0.19493441202967401, 1.1318293830937611, 0.3333333333333335, 0.18899683734882453, 0.2982816287294443, 0.05001061760569889, 0.2789206054377301, 0.41146978003753587, 0.3333333333333335, 0.15206254160837948, 0.33770263744115697, 0.07837230917734075, 0.3850251054043379, 0.7989956007431378, 0.3333333333333335], ""kernels.1.base_kernel.kernels.1"": [0.6931481805599428, 0.6931481805599428, 0.6931481805599428]}","{""kernels.0"": 1.5771514212658888e-05, ""kernels.0.base_kernel.kernels.1"": 0.01892666200036858, ""kernels.1"": 0.34455633624717397}",10,5,30,15,15,archive,2,0
179,128.98479221911103,128.98479221911103,0.4996,local,-5.792362433701271,-13.87515820579857,8.082795772097299,0.06438628516472385,0.2693650097386799,archive,276,31,0.026003265378976584,0.007758753805991973,0.00945990382079598,0.000290570258855883,0.12121226864611157,0.05000382344892289,0.3333333333333335,1.1324421756002099,"{""kernels.0.base_kernel.kernels.0"": [0.3333276872481992, 0.3333137752204392, 0.3333335980725067, 0.33333925807866494, 0.33375182925179225, 0.3333333333333335, 0.3333263107318563, 0.33331936326266903, 0.3333296267965723, 0.3333273921368766, 0.33329554268765477, 0.3333333333333335, 0.3333291951957259, 0.3333300888212298, 0.3333285367991306, 0.3333340909805744, 0.33341478150290715, 0.3333333333333335], ""kernels.0.base_kernel.kernels.1.base_kernel"": [0.6931481805599428, 0.6931481805599428, 0.6931481805599428], ""kernels.1.base_kernel.kernels.0"": [0.21122961865116524, 0.15523649008938667, 0.05000382344892289, 0.19468857073384152, 1.1324421756002099, 0.3333333333333335, 0.18872533314820875, 0.298359545533474, 0.05001061777053485, 0.279272885410257, 0.4105516989638862, 0.3333333333333335, 0.15226806673952464, 0.33784445808606767, 0.07843968083218539, 0.3853079808239035, 0.7990891577987248, 0.3333333333333335], ""kernels.1.base_kernel.kernels.1"": [0.6931481805599428, 0.6931481805599428, 0.6931481805599428]}","{""kernels.0"": 1.5771188643666238e-05, ""kernels.0.base_kernel.kernels.1"": 0.018926657796070237, ""kernels.1"": 0.3446943769536208}",10,5,30,15,15,archive,2,0
180,129.78493656476965,128.98479221911103,0.5002,local,-5.418718421407565,-18.102749511170344,12.68403108976278,0.06596329641767214,0.27767029850584407,archive,215,29,0.009032035553763884,0.008742582711738903,0.009273625496181784,0.00027901761571953737,0.12163702726365948,0.05000382350990521,0.3333333333333335,1.1491640460887231,"{""kernels.0.base_kernel.kernels.0"": [0.33332797604537606, 0.3333124335332829, 0.33333361391863675, 0.3333393021804308, 0.3337696526768796, 0.3333333333333335, 0.3333266452192463, 0.33331895436128456, 0.33332973110796743, 0.3333267730599394, 0.33329454627592037, 0.3333333333333335, 0.33332918529895333, 0.3333312732674642, 0.33332852448281475, 0.3333346377408085, 0.33341835607320514, 0.3333333333333335], ""kernels.0.base_kernel.kernels.1.base_kernel"": [0.6931481805599428, 0.6931481805599428, 0.6931481805599428], ""kernels.1.base_kernel.kernels.0"": [0.21269930649824584, 0.15370741388577286, 0.05000382350990521, 0.18980870348667436, 1.1491640460887231, 0.3333333333333335, 0.18756735465419816, 0.2926528039238024, 0.05001061974540911, 0.28918111133074775, 0.3972113525578834, 0.3333333333333335, 0.15632904052431085, 0.3394211683611075, 0.0790206972155458, 0.39593579233237275, 0.8016660152559028, 0.3333333333333335], ""kernels.1.base_kernel.kernels.1"": [0.6931481805599428, 0.6931481805599428, 0.6931481805599428]}","{""kernels.0"": 1.5767170848481734e-05, ""kernels.0.base_kernel.kernels.1"": 0.01892660772297395, ""kernels.1"": 0.345968706897156}",10,5,30,15,15,archive,5,1
181,129.52425315849575,128.98479221911103,0.5,local,-5.427790232238596,-11.221984214908069,5.794193982669473,0.07545464037407223,0.25915271241927473,archive,270,13,0.02079316517415124,0.008351711850447547,0.009268795480332347,0.000278620101631706,0.12056415270921539,0.05000382351542878,0.3333333333333335,1.1494661369336996,"{""kernels.0.base_kernel.kernels.0"": [0.33332799344173847, 0.3333123693355902, 0.3333336148783035, 0.33333930014554375, 0.3337710255664365, 0.3333333333333335, 0.33332667738703936, 0.3333189505534046, 0.3333297358043411, 0.33332672381331274, 0.33329463893422884, 0.3333333333333335, 0.33332918294961006, 0.3333313955443504, 0.33332852384524186, 0.3333346696159477, 0.33341868929461443, 0.3333333333333335], ""kernels.0.base_kernel.kernels.1.base_kernel"": [0.6931481805599428, 0.6931481805599428, 0.6931481805599428], ""kernels.1.base_kernel.kernels.0"": [0.21270991582520293, 0.15428775953899648, 0.05000382351542878, 0.18959003253679205, 1.1494661369336996, 0.3333333333333335, 0.18778611559348207, 0.2933666989461712, 0.05001061991414174, 0.28968776225732507, 0.3989670092649297, 0.3333333333333335, 0.15680962322303302, 0.33963096766263345, 0.07909996743360123, 0.39655595202133703, 0.8030363303481407, 0.3333333333333335], ""kernels.1.base_kernel.kernels.1"": [0.6931481805599428, 0.6931481805599428, 0.6931481805599428]}","{""kernels.0"": 1.576681747842144e-05, ""kernels.0.base_kernel.kernels.1"": 0.018926603494300708, ""kernels.1"": 0.342750087815867}",10,5,30,15,15,archive,4,2
182,128.19769713513517,128.19769713513517,0.4992,local,-5.550656716821941,-11.28097019364952,5.730313476827578,0.0621813146679212,0.21284305628900071,archive,270,14,0.017242222631776726,0.007826463300284801,0.009173846890913613,0.0002727919306711025,0.12057809916753255,0.05000382352035198,0.3333333333333335,1.1502094432315282,"{""kernels.0.base_kernel.kernels.0"": [0.33332801156344904, 0.33331227302706146, 0.33333361593357896, 0.3333392987395332, 0.3337726311958487, 0.3333333333333335, 0.33332670376903406, 0.33331893452079747, 0.33332974282528155, 0.3333266636434947, 0.33329462227008166, 0.3333333333333335, 0.3333291755139714, 0.3333315181941009, 0.3333285241356065, 0.33333470148826466, 0.33341900508489636, 0.3333333333333335], ""kernels.0.base_kernel.kernels.1.base_kernel"": [0.6931481805599428, 0.6931481805599428, 0.6931481805599428], ""kernels.1.base_kernel.kernels.0"": [0.2127142563876724, 0.1545329049229731, 0.05000382352035198, 0.18928446784872807, 1.1502094432315282, 0.3333333333333335, 0.18781301997276145, 0.2936978734803284, 0.0500106200842495, 0.29007851809301566, 0.3994353641235493, 0.3333333333333335, 0.15719300511892695, 0.3395848800295728, 0.07921226518256441, 0.39698987960689364, 0.8036333602353373, 0.3333333333333335], ""kernels.1.base_kernel.kernels.1"": [0.6931481805599428, 0.6931481805599428, 0.6931481805599428]}","{""kernels.0"": 1.576645241666841e-05, ""kernels.0.base_kernel.kernels.1"": 0.01892659908208193, ""kernels.1"": 0.3427919319680991}",10,5,30,15,15,archive,3,0
183,130.79000514895066,128.19769713513517,0.4998,local,-5.623163487895351,-18.694390476447428,13.071226988552077,0.1502595549890556,0.5238322112828558,archive,266,36,0.03968463093802912,0.008080204305839757,0.00916323984403441,0.0002720313136535777,0.12060071770487342,0.05000382355973344,0.3333333333333335,1.1533491198194932,"{""kernels.0.base_kernel.kernels.0"": [0.333328162042941, 0.3333113499789543, 0.3333336275217339, 0.3333392605702934, 0.3337860336195342, 0.3333333333333335, 0.333326947108881, 0.3333188610606908, 0.33332978602919067, 0.3333261162769998, 0.3332944101089142, 0.3333333333333335, 0.3333291237081591, 0.3333329090179248, 0.333328529739271, 0.3333349125389958, 0.33342201498216595, 0.3333333333333335], ""kernels.0.base_kernel.kernels.1.base_kernel"": [0.6931481805599428, 0.6931481805599428, 0.6931481805599428], ""kernels.1.base_kernel.kernels.0"": [0.21246473690686277, 0.1571140633217895, 0.05000382355973344, 0.1849066616329233, 1.1533491198194932, 0.3333333333333335, 0.18708980921737467, 0.29742055915690946, 0.05001062156438406, 0.30058695302715616, 0.4053760984427899, 0.3333333333333335, 0.16043916907960357, 0.3424887331985479, 0.080095736116637, 0.398935008199538, 0.8133100963590804, 0.3333333333333335], ""kernels.1.base_kernel.kernels.1"": [0.6931481805599428, 0.6931481805599428, 0.6931481805599428]}","{""kernels.0"": 1.5763272988141232e-05, ""kernels.0.base_kernel.kernels.1"": 0.018926560672895505, ""kernels.1"": 0.34285982916873664}",10,5,30,15,15,archive,4,1
184,129.5387972027354,128.19769713513517,0.4996,local,-5.515505891099112,-22.111257184375102,16.59575129327599,0.19179494642803477,0.5681614347435303,archive,233,40,0.04003587621035145,0.007856427597349952,0.009070835579676886,0.00026645807404235695,0.12191519090745584,0.05000382356415363,0.3333333333333335,1.15439181297015,"{""kernels.0.base_kernel.kernels.0"": [0.33332818147052246, 0.3333111943140183, 0.3333336299777702, 0.3333392726841976, 0.33378779415965765, 0.3333333333333335, 0.3333269659298573, 0.3333188208320971, 0.33332979517771655, 0.3333260347040313, 0.3332941500175745, 0.3333333333333335, 0.3333291081066003, 0.3333330549430397, 0.33332852880138997, 0.3333349325774678, 0.3334222901729673, 0.3333333333333335], ""kernels.0.base_kernel.kernels.1.base_kernel"": [0.6931481805599428, 0.6931481805599428, 0.6931481805599428], ""kernels.1.base_kernel.kernels.0"": [0.21251587821584633, 0.1566821229652898, 0.05000382356415363, 0.18457317017723623, 1.15439181297015, 0.3333333333333335, 0.18685382833894632, 0.29666801287692807, 0.05001062176005093, 0.3016928141977262, 0.4023422276552451, 0.3333333333333335, 0.16068063521889958, 0.34229335550254664, 0.08018684971992276, 0.39904278179169395, 0.8125807333627819, 0.3333333333333335], ""kernels.1.base_kernel.kernels.1"": [0.6931481805599428, 0.6931481805599428, 0.6931481805599428]}","{""kernels.0"": 1.576285867227741e-05, ""kernels.0.base_kernel.kernels.1"": 0.018926555662536298, ""kernels.1"": 0.34680325420115893}",10,5,30,15,15,archive,2,2
185,133.26490848031148,128.19769713513517,0.5,local,-5.316034872932748,-7.857378745134917,2.5413438722021695,0.02852076106754505,0.1713624813468965,archive,288,5,0.02434780669068323,0.0076918873376957625,0.009052983073758925,0.0002653320363066772,0.12056418726248415,0.05000382357346821,0.3333333333333335,1.1565889920603196,"{""kernels.0.base_kernel.kernels.0"": [0.3333282195697632, 0.3333110248169233, 0.3333336351464502, 0.3333392837386795, 0.33379074668871983, 0.3333333333333335, 0.333327017758808, 0.3333187414642471, 0.33332981546515367, 0.3333259314917469, 0.3332938556593325, 0.3333333333333335, 0.333329086673318, 0.33333328525322053, 0.3333285340435786, 0.3333349591663863, 0.3334228844642208, 0.3333333333333335], ""kernels.0.base_kernel.kernels.1.base_kernel"": [0.6931481805599428, 0.6931481805599428, 0.6931481805599428], ""kernels.1.base_kernel.kernels.0"": [0.2127128022831219, 0.15758029808333876, 0.05000382357346821, 0.18403958922770544, 1.1565889920603196, 0.3333333333333335, 0.18684286118403712, 0.29596636730363274, 0.05001062213619021, 0.30424938562714404, 0.39998933107755874, 0.3333333333333335, 0.16133330047211403, 0.3426728450992232, 0.08041405086477403, 0.3996376944039036, 0.8129612733606953, 0.3333333333333335], ""kernels.1.base_kernel.kernels.1"": [0.6931481805599428, 0.6931481805599428, 0.6931481805599428]}","{""kernels.0"": 1.5762115960930354e-05, ""kernels.0.base_kernel.kernels.1"": 0.018926546943549543, ""kernels.1"": 0.34275025272794196}",10,5,30,15,15,archive,2,3
186,128.36497465154338,128.19769713513517,0.5006,local,-4.749909858648072,-22.25031193971543,17.500402081067357,0.15903317508070916,0.500244361052405,archive,233,42,0.02284631145921561,0.007605956502581212,0.0090797267882552,0.0002669212785899983,0.1205641888587818,0.05000382357346822,0.3333333333333335,1.1565889926789326,"{""kernels.0.base_kernel.kernels.0"": [0.3333282195697704, 0.3333110248168138, 0.33333363514645226, 0.3333392837386867, 0.33379074669128644, 0.3333333333333335, 0.33332701775879997, 0.3333187414640017, 0.3333298154651688, 0.3333259314916374, 0.33329385565910724, 0.3333333333333335, 0.3333290866732763, 0.33333328525330364, 0.3333285340435761, 0.33333495916632305, 0.33342288446463303, 0.3333333333333335], ""kernels.0.base_kernel.kernels.1.base_kernel"": [0.6931481805599428, 0.6931481805599428, 0.6931481805599428], ""kernels.1.base_kernel.kernels.0"": [0.21271280234884898, 0.15758029844193244, 0.05000382357346822, 0.1840395886445382, 1.1565889926789326, 0.3333333333333335, 0.18684286039947892, 0.2959663652156692, 0.05001062213619054, 0.30424938680801383, 0.39998932928702763, 0.3333333333333335, 0.1613333007478851, 0.342672845018268, 0.08041405103585292, 0.39963769426611917, 0.812961272288692, 0.3333333333333335], ""kernels.1.base_kernel.kernels.1"": [0.6931481805599428, 0.6931481805599428, 0.6931481805599428]}","{""kernels.0"": 1.5762115960288032e-05, ""kernels.0.base_kernel.kernels.1"": 0.018926546943541633, ""kernels.1"": 0.3427502575168435}",10,5,30,15,15,archive,2,4
187,128.6600709644306,128.19769713513517,0.4986,local,-5.207047012528817,-19.20509401176705,13.99804699923823,0.11679148445878179,0.5018879957593838,archive,266,39,0.011830367869566335,0.007463992334168476,0.008997896564570633,0.00026199108414706393,0.1211315154821702,0.05000382357882862,0.3333333333333335,1.1573947875364252,"{""kernels.0.base_kernel.kernels.0"": [0.3333282277129003, 0.33331094919427984, 0.3333336370291506, 0.3333392904678893, 0.33379268104078563, 0.3333333333333335, 0.3333270212004422, 0.3333185838000135, 0.33332982718983023, 0.33332585982634133, 0.3332937053353794, 0.3333333333333335, 0.33332905860807516, 0.3333333419036206, 0.3333285325368649, 0.33333492077254406, 0.3334231738692619, 0.3333333333333335], ""kernels.0.base_kernel.kernels.1.base_kernel"": [0.6931481805599428, 0.6931481805599428, 0.6931481805599428], ""kernels.1.base_kernel.kernels.0"": [0.21279735947533038, 0.15797425856149938, 0.05000382357882862, 0.18370298876163219, 1.1573947875364252, 0.3333333333333335, 0.18673859945260418, 0.2947316896226302, 0.050010622368093845, 0.3051931035535906, 0.3989224711916823, 0.3333333333333335, 0.1615452526261162, 0.34264672083745534, 0.08055372927242718, 0.39957724550471124, 0.8122350843858274, 0.3333333333333335], ""kernels.1.base_kernel.kernels.1"": [0.6931481805599428, 0.6931481805599428, 0.6931481805599428]}","{""kernels.0"": 1.5761670469907038e-05, ""kernels.0.base_kernel.kernels.1"": 0.01892654154947637, ""kernels.1"": 0.3444522432265643}",10,5,30,15,15,archive,3,5
188,128.39967789193875,128.19769713513517,0.4998,local,-5.2281033398631855,-19.40696580846595,14.178862468602766,0.12665001323964878,0.5432916041311507,archive,266,40,0.018377985015834427,0.007225817061713087,0.008917989203439067,0.00025725836056522016,0.12018970839718555,0.050003823590981454,0.3333333333333335,1.1598279060116545,"{""kernels.0.base_kernel.kernels.0"": [0.3333282522710901, 0.33331083666159195, 0.3333336403433862, 0.33333930531769385, 0.3337969348001505, 0.3333333333333335, 0.3333270544409864, 0.3333182757892981, 0.33332984787086517, 0.3333257410139527, 0.33329350011616704, 0.3333333333333335, 0.33332901174125545, 0.33333347331541274, 0.3333285345215463, 0.3333348588747009, 0.33342386689689674, 0.3333333333333335], ""kernels.0.base_kernel.kernels.1.base_kernel"": [0.6931481805599428, 0.6931481805599428, 0.6931481805599428], ""kernels.1.base_kernel.kernels.0"": [0.21309441870170356, 0.1591415068179502, 0.050003823590981454, 0.18330379460549756, 1.1598279060116545, 0.3333333333333335, 0.18699449089739467, 0.29297157875775737, 0.05001062287175993, 0.3085422326139418, 0.39794277042104254, 0.3333333333333335, 0.16230208077048003, 0.3430296054384972, 0.08090337156341991, 0.39997016906846594, 0.8119115548200002, 0.3333333333333335], ""kernels.1.base_kernel.kernels.1"": [0.6931481805599428, 0.6931481805599428, 0.6931481805599428]}","{""kernels.0"": 1.5760707648811587e-05, ""kernels.0.base_kernel.kernels.1"": 0.01892653013215738, ""kernels.1"": 0.34162683435175045}",10,5,30,15,15,archive,4,6
189,126.39416223747502,126.39416223747502,0.4996,local,-5.2225605601509475,-18.086928902755698,12.86436834260475,0.06423358145822362,0.34753825254387183,archive,276,40,0.02209485638662198,0.007116922267833687,0.008811154132733385,0.00025100535983053283,0.120798905809696,0.05000382359445789,0.3333333333333335,1.1600042300092133,"{""kernels.0.base_kernel.kernels.0"": [0.3333282584632141, 0.33331077930238495, 0.33333364162185203, 0.3333393104259712, 0.33379840201411315, 0.3333333333333335, 0.33332705767898885, 0.3333181608271698, 0.33332985637642126, 0.3333257038404763, 0.33329340799148166, 0.3333333333333335, 0.3333289921092161, 0.33333351645456366, 0.33332853247613836, 0.3333348326592, 0.33342410194120575, 0.3333333333333335], ""kernels.0.base_kernel.kernels.1.base_kernel"": [0.6931481805599428, 0.6931481805599428, 0.6931481805599428], ""kernels.1.base_kernel.kernels.0"": [0.2131191107955273, 0.15918191156426909, 0.05000382359445789, 0.18311237969565936, 1.1600042300092133, 0.3333333333333335, 0.18692862059567816, 0.29227752073966107, 0.05001062303891659, 0.30955322586141243, 0.3973261193290572, 0.3333333333333335, 0.16252666548448713, 0.34304184376708546, 0.08099786214259047, 0.3999831962300704, 0.8116006240307729, 0.3333333333333335], ""kernels.1.base_kernel.kernels.1"": [0.6931481805599428, 0.6931481805599428, 0.6931481805599428]}","{""kernels.0"": 1.5760382746909404e-05, ""kernels.0.base_kernel.kernels.1"": 0.01892652625567956, ""kernels.1"": 0.34345443079066157}",10,5,30,15,15,archive,2,0
190,130.44979851694126,126.39416223747502,0.4996,local,-5.302072886033329,-30.02250015035193,24.7204272643186,0.170932277346508,0.7116340269818661,archive,266,42,0.05344131764131757,0.008105924913664284,0.008744679851735498,0.00024709694305867367,0.12124793072975194,0.05000382364726589,0.3333333333333335,1.1502486768722768,"{""kernels.0.base_kernel.kernels.0"": [0.33332832607893775, 0.33331028113845557, 0.33333365408391774, 0.3333393223043423, 0.33381626018963684, 0.3333333333333335, 0.33332713635187344, 0.3333161621414354, 0.33332993004433076, 0.33332616614408245, 0.3332929788711079, 0.3333333333333335, 0.3333287332248848, 0.33333387274968956, 0.33332853798479234, 0.3333345965688209, 0.3334273640666214, 0.3333333333333335], ""kernels.0.base_kernel.kernels.1.base_kernel"": [0.6931481805599428, 0.6931481805599428, 0.6931481805599428], ""kernels.1.base_kernel.kernels.0"": [0.21325268768330216, 0.16158024111774613, 0.05000382364726589, 0.18116123134444587, 1.1502486768722768, 0.3333333333333335, 0.18656419734689803, 0.28415492855038593, 0.05001062528971724, 0.339623558776541, 0.395610383522247, 0.3333333333333335, 0.165240025783612, 0.3501086996500327, 0.08231124420161588, 0.40314206626436, 0.8141353914212173, 0.3333333333333335], ""kernels.1.base_kernel.kernels.1"": [0.6931481805599428, 0.6931481805599428, 0.6931481805599428]}","{""kernels.0"": 1.5756017761578154e-05, ""kernels.0.base_kernel.kernels.1"": 0.018926474027847005, ""kernels.1"": 0.34480156214364727}",10,5,30,15,15,archive,3,1
191,127.74720570301933,126.39416223747502,0.4998,local,-5.440682382615372,-22.253557959690482,16.81287557707511,0.09256897039944999,0.3550992761913363,archive,277,26,0.02959222368131567,0.007846470867384159,0.008706232800459545,0.0002448921776087217,0.12154964685138302,0.05000382365104148,0.3333333333333335,1.150262674312225,"{""kernels.0.base_kernel.kernels.0"": [0.3333283355223238, 0.33331021692249707, 0.3333336565225784, 0.33333931895557883, 0.33381741647285884, 0.3333333333333335, 0.33332714937491875, 0.3333160686974567, 0.3333299396038715, 0.3333261755081159, 0.33329289439990695, 0.3333333333333335, 0.3333287216750984, 0.3333338790525731, 0.3333285362033127, 0.33333462590957097, 0.3334276027357792, 0.3333333333333335], ""kernels.0.base_kernel.kernels.1.base_kernel"": [0.6931481805599428, 0.6931481805599428, 0.6931481805599428], ""kernels.1.base_kernel.kernels.0"": [0.21326920299185517, 0.161229758184228, 0.05000382365104148, 0.18085777075604267, 1.150262674312225, 0.3333333333333335, 0.18709984789518022, 0.28493347495653043, 0.05001062546255487, 0.34033465237270644, 0.39409259744993724, 0.3333333333333335, 0.1656662915039272, 0.34969815484170436, 0.0824017993848089, 0.40380783479825605, 0.8141025013550677, 0.3333333333333335], ""kernels.1.base_kernel.kernels.1"": [0.6931481805599428, 0.6931481805599428, 0.6931481805599428]}","{""kernels.0"": 1.57556771999697e-05, ""kernels.0.base_kernel.kernels.1"": 0.0189264700029095, ""kernels.1"": 0.3457067148740396}",10,5,30,15,15,archive,2,2
192,134.0298332021405,126.39416223747502,0.4998,local,-5.423808095566467,-22.397384262234933,16.973576166668465,0.09117208939901522,0.36235346597417434,archive,277,27,0.029266504483803277,0.007570649278905965,0.008711297358395011,0.00024511731145275594,0.12032176974789499,0.05000382366404807,0.3333333333333335,1.1514000732599419,"{""kernels.0.base_kernel.kernels.0"": [0.3333283715657789, 0.3333100403006169, 0.33333366269717296, 0.3333393335983141, 0.33382131983625996, 0.3333333333333335, 0.33332718474821216, 0.33331578404777346, 0.333329961092075, 0.33332625469052896, 0.3332928363467337, 0.3333333333333335, 0.3333286889352015, 0.33333395360952545, 0.33332853427309633, 0.3333347107529559, 0.33342846371783313, 0.3333333333333335], ""kernels.0.base_kernel.kernels.1.base_kernel"": [0.6931481805599428, 0.6931481805599428, 0.6931481805599428], ""kernels.1.base_kernel.kernels.0"": [0.21345168659788957, 0.16060800246554655, 0.05000382366404807, 0.18078092743480076, 1.1514000732599419, 0.3333333333333335, 0.18883578153489983, 0.28722661490806384, 0.05001062602993092, 0.34531863484989683, 0.3924998166154431, 0.3333333333333335, 0.16715351015843138, 0.3488432573402825, 0.0828140069859844, 0.40626406763610307, 0.8154259355558119, 0.3333333333333335], ""kernels.1.base_kernel.kernels.1"": [0.6931481805599428, 0.6931481805599428, 0.6931481805599428]}","{""kernels.0"": 1.5754552875325818e-05, ""kernels.0.base_kernel.kernels.1"": 0.018926456868535193, ""kernels.1"": 0.34202309782227447}",10,5,30,15,15,archive,4,3
193,132.11331352962964,126.39416223747502,0.4998,local,-4.75046137273188,-36.34698342274146,31.59652205000958,0.1953818830569757,0.5545439061656074,archive,217,24,0.01987469826760403,0.007399074284064567,0.00874428902060922,0.00024705577602911877,0.120321786601651,0.050003823664048104,0.3333333333333335,1.1514000680720486,"{""kernels.0.base_kernel.kernels.0"": [0.3333283715658285, 0.3333100402999223, 0.3333336626971834, 0.33333933359836604, 0.33382131985054864, 0.3333333333333335, 0.3333271847482092, 0.3333157840463858, 0.33332996109217683, 0.33332625468964905, 0.33329283634545426, 0.3333333333333335, 0.33332868893502116, 0.33333395360901885, 0.33332853427296044, 0.3333347107528034, 0.33342846371926527, 0.3333333333333335], ""kernels.0.base_kernel.kernels.1.base_kernel"": [0.6931481805599428, 0.6931481805599428, 0.6931481805599428], ""kernels.1.base_kernel.kernels.0"": [0.21345168573756704, 0.1606079999778972, 0.050003823664048104, 0.1807809257594067, 1.1514000680720486, 0.3333333333333335, 0.18883578576642845, 0.2872266174002962, 0.05001062602993295, 0.34531862864400814, 0.39249980570679727, 0.3333333333333335, 0.16715351432417397, 0.3488432375187168, 0.082814007325971, 0.4062640687328537, 0.8154259181574388, 0.3333333333333335], ""kernels.1.base_kernel.kernels.1"": [0.6931481805599428, 0.6931481805599428, 0.6931481805599428]}","{""kernels.0"": 1.57545528714144e-05, ""kernels.0.base_kernel.kernels.1"": 0.018926456868487377, ""kernels.1"": 0.34202314838359427}",10,5,30,15,15,archive,2,4
194,130.47366948565016,126.39416223747502,0.4988,local,-5.3452831461628465,-21.419616433890482,16.074333287727637,0.09020459352023863,0.3145682925499795,archive,277,27,0.025977576246835686,0.007409055023484275,0.009080101322983264,0.00026653679118689296,0.12032179604228103,0.05000382366404811,0.3333333333333335,1.1514000747021786,"{""kernels.0.base_kernel.kernels.0"": [0.333328371565834, 0.33331004029967837, 0.3333336626971814, 0.33333933359845774, 0.33382131985669494, 0.3333333333333335, 0.33332718474798145, 0.3333157840457837, 0.3333299610922328, 0.3333262546892866, 0.33329283634510154, 0.3333333333333335, 0.33332868893503437, 0.33333395360803136, 0.3333285342729197, 0.33333471075313176, 0.3334284637177654, 0.3333333333333335], ""kernels.0.base_kernel.kernels.1.base_kernel"": [0.6931481805599428, 0.6931481805599428, 0.6931481805599428], ""kernels.1.base_kernel.kernels.0"": [0.21345168547865243, 0.16060800054840896, 0.05000382366404811, 0.1807809266081249, 1.1514000747021786, 0.3333333333333335, 0.18883577858391412, 0.2872266175669221, 0.05001062602993381, 0.34531863013702624, 0.3924997999037858, 0.3333333333333335, 0.16715351774500237, 0.3488432183235627, 0.0828140076473351, 0.4062640707044528, 0.8154258992738526, 0.3333333333333335], ""kernels.1.base_kernel.kernels.1"": [0.6931481805599428, 0.6931481805599428, 0.6931481805599428]}","{""kernels.0"": 1.57545528698572e-05, ""kernels.0.base_kernel.kernels.1"": 0.018926456868467934, ""kernels.1"": 0.3420231767055053}",10,5,30,15,15,archive,2,5
195,135.75012880962657,126.39416223747502,0.5006,local,-5.979592210983743,-35.351768209247695,29.372175998263952,0.2200829210370772,0.6831804632156221,archive,217,25,0.07577848400972964,0.007376531005286741,0.008937270239779149,0.00025811740226880066,0.12450518824882145,0.05000382367662411,0.3333333333333335,1.1673994511696217,"{""kernels.0.base_kernel.kernels.0"": [0.33332841014435205, 0.33330979274408007, 0.3333336630750937, 0.33333952417752, 0.3338314252037219, 0.3333333333333335, 0.333326935895494, 0.33331486883609884, 0.33333002784863297, 0.33332605669226695, 0.3332931325913461, 0.3333333333333335, 0.33332871985291873, 0.333332582411391, 0.3333285101436019, 0.3333352872708948, 0.33342544178964006, 0.3333333333333335], ""kernels.0.base_kernel.kernels.1.base_kernel"": [0.6931481805599428, 0.6931481805599428, 0.6931481805599428], ""kernels.1.base_kernel.kernels.0"": [0.2137045200400946, 0.1640230554842348, 0.05000382367662411, 0.1834062972858881, 1.1673994511696217, 0.3333333333333335, 0.17995522641867856, 0.2896230251514399, 0.05001062752995823, 0.352478658087252, 0.3991432103286755, 0.3333333333333335, 0.17329612129749006, 0.3224329504800208, 0.0837805369900588, 0.4094353713217633, 0.7896890680847113, 0.3333333333333335], ""kernels.1.base_kernel.kernels.1"": [0.6931481805599428, 0.6931481805599428, 0.6931481805599428]}","{""kernels.0"": 1.5751833848774255e-05, ""kernels.0.base_kernel.kernels.1"": 0.018926424013159516, ""kernels.1"": 0.35457338889945605}",10,5,30,15,15,archive,2,6
196,166.92695943625264,126.39416223747502,0.4986,local,-5.797285022271831,-22.507943529569495,16.710658507297666,0.13551994553127475,0.4135512165178907,archive,270,24,0.0728512366825376,0.0072834200191952,0.00898724602807459,0.0002611813281830382,0.12235209211481109,0.05000382367887678,0.3333333333333335,1.1688508918830138,"{""kernels.0.base_kernel.kernels.0"": [0.3333284265789163, 0.33330978846756193, 0.3333336642283211, 0.3333395412701961, 0.3338324287155909, 0.3333333333333335, 0.33332693076610037, 0.3333148433991485, 0.3333300364565929, 0.33332605327660897, 0.3332931173780816, 0.3333333333333335, 0.33332872087274384, 0.3333325947501511, 0.33332851094868077, 0.3333353563326195, 0.33342518709308466, 0.3333333333333335], ""kernels.0.base_kernel.kernels.1.base_kernel"": [0.6931481805599428, 0.6931481805599428, 0.6931481805599428], ""kernels.1.base_kernel.kernels.0"": [0.2139147493957047, 0.16492915153926452, 0.05000382367887678, 0.18363199643431674, 1.1688508918830138, 0.3333333333333335, 0.1798739284597394, 0.29085397863510903, 0.05001062769873433, 0.35321424761708864, 0.39890249934794375, 0.3333333333333335, 0.17394108000558767, 0.322609794146011, 0.08389373079260352, 0.409900697999507, 0.7889251230333687, 0.3333333333333335], ""kernels.1.base_kernel.kernels.1"": [0.6931481805599428, 0.6931481805599428, 0.6931481805599428]}","{""kernels.0"": 1.5751511129091413e-05, ""kernels.0.base_kernel.kernels.1"": 0.018926420430728876, ""kernels.1"": 0.3481141044025753}",10,5,30,15,15,archive,3,7
197,131.67518592334048,126.39416223747502,0.5006,local,-5.850726660273268,-13.627508424224324,7.776781763951056,0.06838311246174766,0.3864540030033145,archive,288,10,0.06241687905174354,0.007317011683224942,0.009051232804558025,0.00026555187915927424,0.12235210320858353,0.050003823678876784,0.3333333333333335,1.1688508971390423,"{""kernels.0.base_kernel.kernels.0"": [0.33332842657893824, 0.33330978846764986, 0.3333336642283253, 0.3333395412703339, 0.33383242872159874, 0.3333333333333335, 0.33332693076600217, 0.33331484339872774, 0.3333300364565871, 0.33332605327591713, 0.33329311737607026, 0.3333333333333335, 0.33332872087230214, 0.33333259474971416, 0.333328510948696, 0.3333353563317922, 0.3334251870889601, 0.3333333333333335], ""kernels.0.base_kernel.kernels.1.base_kernel"": [0.6931481805599428, 0.6931481805599428, 0.6931481805599428], ""kernels.1.base_kernel.kernels.0"": [0.21391474966045615, 0.16492915482853654, 0.050003823678876784, 0.18363199736035382, 1.1688508971390423, 0.3333333333333335, 0.17987392762814405, 0.290853983516272, 0.050010627698735106, 0.3532142394045701, 0.3989025019597597, 0.3333333333333335, 0.17394107099124173, 0.3226097933304608, 0.08389373125164509, 0.4099006782887254, 0.7889250835338072, 0.3333333333333335], ""kernels.1.base_kernel.kernels.1"": [0.6931481805599428, 0.6931481805599428, 0.6931481805599428]}","{""kernels.0"": 1.5751511127760202e-05, ""kernels.0.base_kernel.kernels.1"": 0.018926420430711334, ""kernels.1"": 0.3481141376839115}",10,5,30,15,15,archive,2,8
198,132.66455127916544,126.39416223747502,0.4988,local,-5.654629880433156,-16.230093216318714,10.575463335885559,0.04280646081298341,0.2313862531543087,archive,294,17,0.027873209045043677,0.007276892186303743,0.008993343083586978,0.00026205028991533984,0.12261254109684945,0.05000382379091633,0.33333054126294676,1.180589577705092,"{""kernels.0.base_kernel.kernels.0"": [0.3333288131246868, 0.3333100609492902, 0.33333373702765257, 0.33334050620749917, 0.3338743029727197, 0.3333333333333335, 0.3333263691553727, 0.33331178999041783, 0.3333300721370477, 0.3333232123130378, 0.3332807498998396, 0.3333333333333335, 0.33332710425911677, 0.3333301252742858, 0.33332898291238844, 0.3333309572516077, 0.33340044395298557, 0.3333333333333335], ""kernels.0.base_kernel.kernels.1.base_kernel"": [0.6931481805599428, 0.6931481805599428, 0.6931481805599428], ""kernels.1.base_kernel.kernels.0"": [0.21679199588654585, 0.16516748660291858, 0.05000382379091633, 0.1947864885648078, 1.180589577705092, 0.3333333333333335, 0.17348347203285927, 0.3040918710764999, 0.050010635901141874, 0.3370966659948507, 0.4335305719970499, 0.3333333333333335, 0.14110998340163908, 0.32210890550242977, 0.09431916286474072, 0.32255122329372315, 0.653647712524324, 0.3333333333333335], ""kernels.1.base_kernel.kernels.1"": [0.6931481805599428, 0.6931481805599428, 0.6931481805599428]}","{""kernels.0"": 1.5738719713466186e-05, ""kernels.0.base_kernel.kernels.1"": 0.018926261927694796, ""kernels.1"": 0.3488956226431401}",10,5,30,15,15,archive,2,9
199,134.97036731980114,126.39416223747502,0.499,local,-5.42558391258928,-14.527887799067635,9.102303886478355,0.09609148127853702,0.5728575091349908,archive,281,11,0.060539674417600116,0.007268566206782864,0.009018624663558981,0.0002636127286093678,0.12234682360722698,0.0500038238051928,0.33333062319326645,1.1807417612652469,"{""kernels.0.base_kernel.kernels.0"": [0.33332884367269966, 0.33331007516810884, 0.33333375451394276, 0.3333404648642304, 0.333876469290528, 0.3333333333333335, 0.33332637228401435, 0.333311746022272, 0.33333005546400923, 0.3333231354328674, 0.3332797864230515, 0.3333333333333335, 0.33332718350971163, 0.333330108249636, 0.333328997695015, 0.3333311381368969, 0.33339907364557003, 0.3333333333333335], ""kernels.0.base_kernel.kernels.1.base_kernel"": [0.6931481805599428, 0.6931481805599428, 0.6931481805599428], ""kernels.1.base_kernel.kernels.0"": [0.21646292463590489, 0.1652527077006756, 0.0500038238051928, 0.19360280310448622, 1.1807417612652469, 0.3333333333333335, 0.17567215788710122, 0.3056338132054633, 0.05001063663329979, 0.33934104844559865, 0.42733950328850684, 0.3333333333333335, 0.14122397624168448, 0.3233678694983823, 0.09482612627021372, 0.32364795913717587, 0.6586859303835296, 0.3333333333333335], ""kernels.1.base_kernel.kernels.1"": [0.6931481805599428, 0.6931481805599428, 0.6931481805599428]}","{""kernels.0"": 1.573761519187731e-05, ""kernels.0.base_kernel.kernels.1"": 0.01892624759846337, ""kernels.1"": 0.3480984856080257}",10,5,30,15,15,archive,5,10
200,170.02300712021855,126.39416223747502,0.4998,local,-5.606560589733564,-14.543374457068282,8.936813867334717,0.11618826633783826,0.5380719887003427,archive,281,11,0.04854598385910742,0.0072450429328153165,0.009010408742442723,0.0002632578708528293,0.12226108279622434,0.050003823808969616,0.33333064277879243,1.180591295631144,"{""kernels.0.base_kernel.kernels.0"": [0.33332884948853175, 0.3333100867745323, 0.33333375846828067, 0.3333404578901865, 0.33387703057575635, 0.3333333333333335, 0.3333263702716637, 0.3333117218902985, 0.3333300490195446, 0.3333231050890191, 0.3332795872094889, 0.3333333333333335, 0.3333272033226041, 0.33333010685114217, 0.33332900095198287, 0.3333311787064427, 0.3333987351168355, 0.3333333333333335], ""kernels.0.base_kernel.kernels.1.base_kernel"": [0.6931481805599428, 0.6931481805599428, 0.6931481805599428], ""kernels.1.base_kernel.kernels.0"": [0.21635802479104493, 0.16528939992424968, 0.050003823808969616, 0.1934784730831019, 1.180591295631144, 0.3333333333333335, 0.17620227203657168, 0.3055806912082463, 0.05001063684765205, 0.3398864333757887, 0.42680240172153155, 0.3333333333333335, 0.14127641063665602, 0.32361633972552073, 0.09497150667127757, 0.3238801100810748, 0.6600535941817219, 0.3333333333333335], ""kernels.1.base_kernel.kernels.1"": [0.6931481805599428, 0.6931481805599428, 0.6931481805599428]}","{""kernels.0"": 1.5737313194967497e-05, ""kernels.0.base_kernel.kernels.1"": 0.018926243691599676, ""kernels.1"": 0.3478412673838784}",10,5,30,15,15,archive,2,11
201,137.39693954877467,126.39416223747502,0.5,local,-3.103598321745032,-33.57420769110072,30.470609369355685,0.21935129825456498,0.7558718986040265,archive,217,26,0.05514977343130759,0.007166084573916843,0.008746205801495929,0.00024851978522096567,0.12777337465069852,0.050003823803280896,0.3333325252585223,1.1768790211255291,"{""kernels.0.base_kernel.kernels.0"": [0.33332899707216856, 0.333310679100586, 0.33333376122539427, 0.3333404935491383, 0.3338733981706313, 0.3333333333333335, 0.33332625890958956, 0.3333072964876497, 0.3333301772344783, 0.3333229648930771, 0.3332772571002915, 0.3333333333333335, 0.3333273192464873, 0.33333109144856055, 0.33332899452296383, 0.3333317171837112, 0.33340046225870756, 0.3333333333333335], ""kernels.0.base_kernel.kernels.1.base_kernel"": [0.6931481805599428, 0.6931481805599428, 0.6931481805599428], ""kernels.1.base_kernel.kernels.0"": [0.21817458182440208, 0.16686642702215457, 0.050003823803280896, 0.1956655192221603, 1.1768790211255291, 0.3333333333333335, 0.17354905242730534, 0.23600993293454217, 0.050010637893294706, 0.3336543102116565, 0.4057944317468223, 0.3333333333333335, 0.14250906404684105, 0.32926451148220964, 0.09360443148118648, 0.3345250185957208, 0.6922613373076903, 0.3333333333333335], ""kernels.1.base_kernel.kernels.1"": [0.6931481805599428, 0.6931481805599428, 0.6931481805599428]}","{""kernels.0"": 1.573562401646287e-05, ""kernels.0.base_kernel.kernels.1"": 0.018926221151069143, ""kernels.1"": 0.36437816717701}",10,5,30,15,15,archive,1,12
202,124.25597307959842,124.25597307959842,0.5018,local,-4.5985859706473455,-17.902646855286775,13.30406088463943,0.04984558316896007,0.2559148099001512,archive,294,17,0.026339249644089725,0.007268255927246389,0.008925344948576382,0.0002590270595678662,0.12777337601156974,0.05000382380328089,0.3333325252585986,1.1768790198104049,"{""kernels.0.base_kernel.kernels.0"": [0.333328997072193, 0.3333106791006261, 0.3333337612253924, 0.3333404935491714, 0.33387339817006145, 0.3333333333333335, 0.33332625890964235, 0.3333072964871, 0.3333301772345146, 0.3333229648930388, 0.33327725710009587, 0.3333333333333335, 0.3333273192465385, 0.3333310914487228, 0.33332899452295733, 0.3333317171838637, 0.3334004622587809, 0.3333333333333335], ""kernels.0.base_kernel.kernels.1.base_kernel"": [0.6931481805599428, 0.6931481805599428, 0.6931481805599428], ""kernels.1.base_kernel.kernels.0"": [0.21817458175231383, 0.16686642651370515, 0.05000382380328089, 0.19566552053302408, 1.1768790198104049, 0.3333333333333335, 0.17354905345155353, 0.23600992469984744, 0.05001063789329489, 0.3336543087204308, 0.4057944265057986, 0.3333333333333335, 0.14250906509109673, 0.32926451142486246, 0.0936044315295534, 0.33452502055767347, 0.6922613406037673, 0.3333333333333335], ""kernels.1.base_kernel.kernels.1"": [0.6931481805599428, 0.6931481805599428, 0.6931481805599428]}","{""kernels.0"": 1.5735624016077327e-05, ""kernels.0.base_kernel.kernels.1"": 0.018926221151064303, ""kernels.1"": 0.36437817125962885}",10,5,30,15,15,archive,4,0
203,125.89816923477102,124.25597307959842,0.4998,local,-5.276596688792388,-52.247009547832064,46.970412859039676,0.16177904539407945,0.6207329222379078,archive,217,27,0.033381504251536284,0.00833277687529815,0.008767017717421765,0.00024976865009498944,0.12710956282371463,0.050003823774377835,0.33333217852971747,1.1742209903253729,"{""kernels.0.base_kernel.kernels.0"": [0.3333291119025845, 0.33331099038771334, 0.33333375470175197, 0.3333406677664981, 0.33387063070727613, 0.3333333333333335, 0.33332653840891674, 0.33330485040916163, 0.3333303488505571, 0.3333226312368606, 0.33327670086407435, 0.3333333333333335, 0.333327606683555, 0.3333319414025573, 0.3333289610310393, 0.33333241565687766, 0.3334006804015638, 0.3333333333333335], ""kernels.0.base_kernel.kernels.1.base_kernel"": [0.6931481805599428, 0.6931481805599428, 0.6931481805599428], ""kernels.1.base_kernel.kernels.0"": [0.21784676870145056, 0.16738811919077873, 0.050003823774377835, 0.20257163298535558, 1.1742209903253729, 0.3333333333333335, 0.1797093037740738, 0.2064072619215472, 0.05001063897147403, 0.32599692752033915, 0.3874889255517636, 0.3333333333333335, 0.14891539960949846, 0.3285397082629469, 0.09417933178925098, 0.34479905827488505, 0.7096751338288628, 0.3333333333333335], ""kernels.1.base_kernel.kernels.1"": [0.6931481805599428, 0.6931481805599428, 0.6931481805599428]}","{""kernels.0"": 1.5733577036255302e-05, ""kernels.0.base_kernel.kernels.1"": 0.01892619593308221, ""kernels.1"": 0.3623867589610254}",10,5,30,15,15,archive,3,1
204,124.48780926711375,124.25597307959842,0.5008,local,-5.431103514160845,-5.977059793851553,0.5459562796907083,0.04975077670142211,0.12462112767353989,archive,306,0,0.022814065989245916,0.008068346394169746,0.008794064819590242,0.0002512731585374166,0.12535341770779915,0.0500038237717274,0.3333322778643524,1.1730822080834018,"{""kernels.0.base_kernel.kernels.0"": [0.33332912545180815, 0.3333110262300831, 0.33333375527032255, 0.33334066610992696, 0.33387024259978465, 0.3333333333333335, 0.33332658775353263, 0.3333046743697307, 0.33333037793329073, 0.3333226383393053, 0.3332768277131351, 0.3333333333333335, 0.33332763202930693, 0.3333320858428067, 0.33332895063170864, 0.33333246988589804, 0.33340075447733825, 0.3333333333333335], ""kernels.0.base_kernel.kernels.1.base_kernel"": [0.6931481805599428, 0.6931481805599428, 0.6931481805599428], ""kernels.1.base_kernel.kernels.0"": [0.21763126125683055, 0.16745149059749925, 0.0500038237717274, 0.20335966603337835, 1.1730822080834018, 0.3333333333333335, 0.18071041726516288, 0.2083498200112023, 0.05001063919806756, 0.3256856978147739, 0.3865000322358205, 0.3333333333333335, 0.14995085198820324, 0.3286556020222391, 0.09433752659671243, 0.34594348474843695, 0.712600284180732, 0.3333333333333335], ""kernels.1.base_kernel.kernels.1"": [0.6931481805599428, 0.6931481805599428, 0.6931481805599428]}","{""kernels.0"": 1.5733192953142044e-05, ""kernels.0.base_kernel.kernels.1"": 0.01892619096814126, ""kernels.1"": 0.35711832896230306}",10,5,30,15,15,archive,4,2
205,146.336623921995,124.25597307959842,0.5,local,-6.189776220682315,-35.50118946994168,29.311413249259363,0.10384472954006593,0.5960400622041369,archive,270,28,0.098961019413143,0.007839566010942581,0.008733885953547056,0.00024772763964015735,0.1274271665444913,0.05000382375636495,0.3333326119670348,1.1773102777001896,"{""kernels.0.base_kernel.kernels.0"": [0.33332917737840057, 0.3333111015551512, 0.33333375613579735, 0.3333406868842405, 0.33387020744420165, 0.3333333333333335, 0.3333267678812645, 0.33330390730299736, 0.333330467388128, 0.3333229440607944, 0.33327694929470647, 0.3333333333333335, 0.3333277114729726, 0.3333325640465737, 0.3333289053307559, 0.3333326598874959, 0.33340071182135866, 0.3333333333333335], ""kernels.0.base_kernel.kernels.1.base_kernel"": [0.6931481805599428, 0.6931481805599428, 0.6931481805599428], ""kernels.1.base_kernel.kernels.0"": [0.2169952347461125, 0.16670561407060258, 0.05000382375636495, 0.20572707428828588, 1.1773102777001896, 0.3333333333333335, 0.18316413435814058, 0.21073258064248757, 0.05001064001419267, 0.32408091402577094, 0.378339133687504, 0.3333333333333335, 0.15294727927041118, 0.3278380778917086, 0.09473991920775657, 0.34913635946431715, 0.7195751555443861, 0.3333333333333335], ""kernels.1.base_kernel.kernels.1"": [0.6931481805599428, 0.6931481805599428, 0.6931481805599428]}","{""kernels.0"": 1.5731782246264728e-05, ""kernels.0.base_kernel.kernels.1"": 0.01892617236399363, ""kernels.1"": 0.363339595487234}",10,5,30,15,15,archive,7,3
206,125.4195925406072,124.25597307959842,0.4996,local,-5.35839029325211,-29.701696173132362,24.34330587988025,0.05131474170922573,0.27699993385414806,archive,294,20,0.019090224671784645,0.007835862414123332,0.00873054235448116,0.00024787229903216855,0.12742716447705577,0.05000382375636495,0.3333326119671265,1.1773102787273433,"{""kernels.0.base_kernel.kernels.0"": [0.3333291773784212, 0.3333111015552163, 0.3333337561357976, 0.3333406868842442, 0.33387020744413637, 0.3333333333333335, 0.33332676788131493, 0.3333039073028251, 0.33333046738815764, 0.33332294406089663, 0.33327694929489515, 0.3333333333333335, 0.3333277114729903, 0.33333256404670947, 0.3333289053307471, 0.33333265988754346, 0.33340071182144204, 0.3333333333333335], ""kernels.0.base_kernel.kernels.1.base_kernel"": [0.6931481805599428, 0.6931481805599428, 0.6931481805599428], ""kernels.1.base_kernel.kernels.0"": [0.21699523475134153, 0.16670561470039763, 0.05000382375636495, 0.20572707492636547, 1.1773102787273433, 0.3333333333333335, 0.1831641351011173, 0.21073258105354165, 0.0500106400141929, 0.3240809142804788, 0.3783391345802508, 0.3333333333333335, 0.1529472801933079, 0.3278380782379324, 0.09473991936304069, 0.34913636050545777, 0.7195751582190169, 0.3333333333333335], ""kernels.1.base_kernel.kernels.1"": [0.6931481805599428, 0.6931481805599428, 0.6931481805599428]}","{""kernels.0"": 1.5731782245869614e-05, ""kernels.0.base_kernel.kernels.1"": 0.01892617236398878, ""kernels.1"": 0.36333958928493265}",10,5,30,15,15,archive,6,4
207,125.04165707951495,124.25597307959842,0.5006,local,-5.397746682341134,-29.81040541698197,24.412658734640836,0.04724964754075332,0.2560629766963216,archive,294,21,0.01608001467038978,0.007649816058415745,0.008722582103290404,0.0002473746307428073,0.1257112714304662,0.05000382375430113,0.3333326791927512,1.1782287463089764,"{""kernels.0.base_kernel.kernels.0"": [0.3333291926084935, 0.3333111478390294, 0.333333756690904, 0.3333406895672414, 0.3338701976629175, 0.3333333333333335, 0.33332680323970476, 0.33330379475123983, 0.3333304885250771, 0.3333230244375262, 0.3332770900184889, 0.3333333333333335, 0.3333277234178767, 0.33333266035430686, 0.3333288994337793, 0.33333269803119564, 0.33340078951205093, 0.3333333333333335], ""kernels.0.base_kernel.kernels.1.base_kernel"": [0.6931481805599428, 0.6931481805599428, 0.6931481805599428], ""kernels.1.base_kernel.kernels.0"": [0.21701560538568343, 0.1672874807275599, 0.05000382375430113, 0.20621080289917207, 1.1782287463089764, 0.3333333333333335, 0.1837102906882825, 0.2110683641167507, 0.0500106401742892, 0.3243452480673754, 0.37914863739807825, 0.3333333333333335, 0.15358108711372798, 0.32812924329329035, 0.09486816605555437, 0.35002067697894196, 0.7214430057473308, 0.3333333333333335], ""kernels.1.base_kernel.kernels.1"": [0.6931481805599428, 0.6931481805599428, 0.6931481805599428]}","{""kernels.0"": 1.5731511493080586e-05, ""kernels.0.base_kernel.kernels.1"": 0.018926169107309137, ""kernels.1"": 0.35819191367259634}",10,5,30,15,15,archive,6,5
208,128.14188702299944,124.25597307959842,0.4994,global,-5.413549051111373,-12.83200333450383,7.418454283392457,0.8713833863964867,1.397907903855579,global,,,0.019540348200356664,0.007434805700432346,0.008728316759524924,0.0002476594688100749,0.12759123938995195,0.05000382369826199,0.33333325835910177,1.1928477987371529,"{""kernels.0.base_kernel.kernels.0"": [0.3333294296750973, 0.3333116370858062, 0.3333337453412361, 0.3333406786342646, 0.33387344687128845, 0.3333333333333335, 0.3333274529553976, 0.33330085135593196, 0.3333308277942498, 0.3333242027847325, 0.33327833529363854, 0.3333333333333335, 0.3333278333792573, 0.333334679836534, 0.33332870792998526, 0.33333318338487006, 0.33340164578974907, 0.3333333333333335], ""kernels.0.base_kernel.kernels.1.base_kernel"": [0.6931481805599428, 0.6931481805599428, 0.6931481805599428], ""kernels.1.base_kernel.kernels.0"": [0.21614059848355047, 0.17122055416983856, 0.05000382369826199, 0.21166642981108014, 1.1928477987371529, 0.3333333333333335, 0.19256930863096794, 0.20923320236890008, 0.05001064354322782, 0.32387890339229347, 0.37068673974581134, 0.3333333333333335, 0.16417658587170744, 0.32928513318140223, 0.09650784335153235, 0.36281024786302685, 0.74374213290397, 0.3333333333333335], ""kernels.1.base_kernel.kernels.1"": [0.6931481805599428, 0.6931481805599428, 0.6931481805599428]}","{""kernels.0"": 1.572591470318774e-05, ""kernels.0.base_kernel.kernels.1"": 0.018926097764213546, ""kernels.1"": 0.3638318944909391}",10,5,30,15,15,archive,6,6
209,124.73381205660783,124.25597307959842,0.4996,local,-5.095332472850626,-29.921272513585425,24.8259400407348,0.07519369059064046,0.26472982123936273,archive,294,23,0.018854691496341277,0.007226518099154022,0.008717646052293469,0.0002470574951324231,0.12774926299443104,0.05000382365743061,0.3333333092490548,1.1979016130900095,"{""kernels.0.base_kernel.kernels.0"": [0.33332969636474724, 0.33331170486864514, 0.33333373786713943, 0.33334079125804106, 0.33387558926102295, 0.3333333333333335, 0.333327748759499, 0.3332995088683104, 0.33333099169517966, 0.33332524888628307, 0.3332798697363688, 0.3333333333333335, 0.333327617365372, 0.33333597563059925, 0.3333286227319709, 0.33333328516477606, 0.33340185104815623, 0.3333333333333335], ""kernels.0.base_kernel.kernels.1.base_kernel"": [0.6931481805599428, 0.6931481805599428, 0.6931481805599428], ""kernels.1.base_kernel.kernels.0"": [0.21797951409731545, 0.16876998977653374, 0.05000382365743061, 0.2135508802371498, 1.1979016130900095, 0.3333333333333335, 0.19179687828383413, 0.20880975524591716, 0.05001064593126806, 0.3196728286955732, 0.37707492484214894, 0.3333333333333335, 0.1646698850421905, 0.32929700445412197, 0.09678967775981065, 0.3637962903220528, 0.741558739348201, 0.3333333333333335], ""kernels.1.base_kernel.kernels.1"": [0.6931481805599428, 0.6931481805599428, 0.6931481805599428]}","{""kernels.0"": 1.5721900343239478e-05, ""kernels.0.base_kernel.kernels.1"": 0.01892604933206675, ""kernels.1"": 0.3643060177508831}",10,5,30,15,15,archive,4,7
210,126.5278900990633,124.25597307959842,0.4988,local,-5.400297978062145,-30.228181774603726,24.82788379654158,0.07188068679372592,0.284726943351638,archive,294,24,0.012032155922657795,0.007020551601434171,0.008648074066484776,0.00024305001805751628,0.12774595810399647,0.050003823657407985,0.3333333092862792,1.1979091522927143,"{""kernels.0.base_kernel.kernels.0"": [0.3333296965001059, 0.33331170495366963, 0.3333337378674205, 0.33334079135054906, 0.3338755913800593, 0.3333333333333335, 0.333327748962017, 0.33329950818229404, 0.33333099179285275, 0.33332524980271344, 0.3332798704024518, 0.3333333333333335, 0.3333276172561601, 0.3333359762792433, 0.33332862270421565, 0.3333332852392249, 0.3334018511222397, 0.3333333333333335], ""kernels.0.base_kernel.kernels.1.base_kernel"": [0.6931481805599428, 0.6931481805599428, 0.6931481805599428], ""kernels.1.base_kernel.kernels.0"": [0.21798015842346538, 0.16877119339781554, 0.050003823657407985, 0.21355241074054662, 1.1979091522927143, 0.3333333333333335, 0.19179733152091036, 0.20881058651954046, 0.05001064593276847, 0.3196758391867533, 0.37707468502222935, 0.3333333333333335, 0.16466977651318193, 0.3292976081906178, 0.09678992926519607, 0.36379635581740366, 0.7415588598468547, 0.3333333333333335], ""kernels.1.base_kernel.kernels.1"": [0.6931481805599428, 0.6931481805599428, 0.6931481805599428]}","{""kernels.0"": 1.5721897780163716e-05, ""kernels.0.base_kernel.kernels.1"": 0.018926049301764843, ""kernels.1"": 0.3642961031124444}",10,5,30,15,15,archive,3,8
211,127.68671202814437,124.25597307959842,0.4986,local,-5.198169365246331,-29.41036534403387,24.21219597878754,0.04871457399219509,0.23175013985393,archive,294,25,0.01456921343260768,0.006994711944336381,0.008759805119491098,0.0002493839478096287,0.12774595728666252,0.05000382365740798,0.33333330928629945,1.1979091549783225,"{""kernels.0.base_kernel.kernels.0"": [0.33332969650013744, 0.3333117049536825, 0.3333337378674212, 0.3333407913505783, 0.33387559138020534, 0.3333333333333335, 0.333327748962036, 0.33329950818217796, 0.3333309917928815, 0.3333252498029145, 0.33327987040256135, 0.3333333333333335, 0.3333276172561446, 0.3333359762793774, 0.3333286227042059, 0.3333332852392655, 0.3334018511219962, 0.3333333333333335], ""kernels.0.base_kernel.kernels.1.base_kernel"": [0.6931481805599428, 0.6931481805599428, 0.6931481805599428], ""kernels.1.base_kernel.kernels.0"": [0.21798015862010675, 0.16877119401704904, 0.05000382365740798, 0.21355241118943236, 1.1979091549783225, 0.3333333333333335, 0.19179733130006046, 0.20881058667069402, 0.0500106459327688, 0.31967584007241084, 0.37707468461298765, 0.3333333333333335, 0.16466977623951598, 0.3292976083115101, 0.09678992937751024, 0.36379635578978087, 0.7415588585673675, 0.3333333333333335], ""kernels.1.base_kernel.kernels.1"": [0.6931481805599428, 0.6931481805599428, 0.6931481805599428]}","{""kernels.0"": 1.5721897779619578e-05, ""kernels.0.base_kernel.kernels.1"": 0.01892604930175829, ""kernels.1"": 0.36429610066044965}",10,5,30,15,15,archive,4,9
212,126.42362922914995,124.25597307959842,0.499,local,-5.490013092539414,-29.853485457863613,24.3634723653242,0.08075418225242989,0.42809310701301995,archive,287,31,0.020325787875015287,0.007164611437803561,0.00907395917719747,0.0002676984968005825,0.1277459529547988,0.05000382365740797,0.3333333092864831,1.1979091680957425,"{""kernels.0.base_kernel.kernels.0"": [0.33332969650023475, 0.3333117049536646, 0.3333337378674315, 0.3333407913507297, 0.33387559137977835, 0.3333333333333335, 0.3333277489621132, 0.3332995081819316, 0.33333099179297054, 0.33332524980383454, 0.33327987040256873, 0.3333333333333335, 0.3333276172561269, 0.3333359762798307, 0.33332862270418584, 0.33333328523963274, 0.33340185112128856, 0.3333333333333335], ""kernels.0.base_kernel.kernels.1.base_kernel"": [0.6931481805599428, 0.6931481805599428, 0.6931481805599428], ""kernels.1.base_kernel.kernels.0"": [0.21798015927756453, 0.1687711943132985, 0.05000382365740797, 0.2135524132705885, 1.1979091680957425, 0.3333333333333335, 0.19179733104960162, 0.2088105903430514, 0.05001064593276978, 0.31967584253856224, 0.37707468230990093, 0.3333333333333335, 0.16466977588233578, 0.3292976082599488, 0.09678992967516609, 0.363796355779843, 0.7415588532076444, 0.3333333333333335], ""kernels.1.base_kernel.kernels.1"": [0.6931481805599428, 0.6931481805599428, 0.6931481805599428]}","{""kernels.0"": 1.572189777809549e-05, ""kernels.0.base_kernel.kernels.1"": 0.01892604930173994, ""kernels.1"": 0.36429608766487837}",10,5,30,15,15,archive,3,10
213,123.86704460129343,123.86704460129343,0.5018,local,-5.820780653278474,-46.568402935252,40.74762228197353,0.14037041975393316,0.6318172355324688,archive,239,42,0.03173796275610392,0.007158836504799716,0.00910885205939569,0.0002697835323384047,0.12612872133579042,0.05000382364962798,0.3333333333333335,1.2114215651877078,"{""kernels.0.base_kernel.kernels.0"": [0.3333297754006178, 0.3333116786868988, 0.3333337470869785, 0.3333409467523473, 0.33387554578781836, 0.3333333333333335, 0.3333278193907039, 0.3332991614150087, 0.3333310742959522, 0.3333260700733239, 0.3332798423751024, 0.3333333333333335, 0.33332759747450186, 0.33333642584047685, 0.3333286021234537, 0.33333364026651535, 0.3334012215948353, 0.3333333333333335], ""kernels.0.base_kernel.kernels.1.base_kernel"": [0.6931481805599428, 0.6931481805599428, 0.6931481805599428], ""kernels.1.base_kernel.kernels.0"": [0.2184835631402956, 0.16895699966607192, 0.05000382364962798, 0.21537678391855952, 1.2114215651877078, 0.3333333333333335, 0.191433794100916, 0.21107281872249628, 0.050010646894387306, 0.3215956594547551, 0.37575488695401843, 0.3333333333333335, 0.16420996216032221, 0.3296380410726589, 0.09694930297729307, 0.36447072991142615, 0.7363449334957921, 0.3333333333333335], ""kernels.1.base_kernel.kernels.1"": [0.6931481805599428, 0.6931481805599428, 0.6931481805599428]}","{""kernels.0"": 1.572042491768661e-05, ""kernels.0.base_kernel.kernels.1"": 0.018926031320428388, ""kernels.1"": 0.35944441226202517}",10,5,30,15,15,archive,1,0
214,131.26010898423885,123.86704460129343,0.4982,local,-5.406980049640365,-36.52867529612837,31.121695246488006,0.052852398344627606,0.4708161164471669,archive,270,36,0.04046271317544106,0.008730447403905684,0.009056590208706477,0.0002666064839481876,0.12670622904451442,0.05000382364983603,0.3333333333333335,1.211925757706595,"{""kernels.0.base_kernel.kernels.0"": [0.33332978657093915, 0.33331167104104575, 0.3333337493416742, 0.3333409604512379, 0.3338756403257444, 0.3333333333333335, 0.33332781742857065, 0.3332990818848495, 0.3333310859616505, 0.33332619567528504, 0.33327978196880864, 0.3333333333333335, 0.3333276033440887, 0.33333649008577715, 0.33332859768558665, 0.3333336994022817, 0.33340116049002916, 0.3333333333333335], ""kernels.0.base_kernel.kernels.1.base_kernel"": [0.6931481805599428, 0.6931481805599428, 0.6931481805599428], ""kernels.1.base_kernel.kernels.0"": [0.21847964154439706, 0.16871110711376464, 0.05000382364983603, 0.21539141620430421, 1.211925757706595, 0.3333333333333335, 0.1911602412720952, 0.2109790469016713, 0.0500106470635473, 0.3215207319023592, 0.375707922809201, 0.3333333333333335, 0.16441317486516005, 0.3293979886089871, 0.09692457525232898, 0.36438146679858535, 0.7354371537801884, 0.3333333333333335], ""kernels.1.base_kernel.kernels.1"": [0.6931481805599428, 0.6931481805599428, 0.6931481805599428]}","{""kernels.0"": 1.572015394178668e-05, ""kernels.0.base_kernel.kernels.1"": 0.018926027950808545, ""kernels.1"": 0.36117693902879294}",10,5,30,15,15,archive,3,1
215,129.40299591459467,123.86704460129343,0.4998,local,-5.315383963380459,-38.746959846687034,33.43157588330658,0.06818109218033286,0.4530907997762434,archive,279,27,0.019299885835311177,0.008539138093331932,0.009069714936648977,0.00026749592023409446,0.12670622874129356,0.050003823649836035,0.3333333333333335,1.2119257593010206,"{""kernels.0.base_kernel.kernels.0"": [0.3333297865709535, 0.3333116710410519, 0.33333374934167637, 0.33334096045126455, 0.3338756403260045, 0.3333333333333335, 0.33332781742857687, 0.3332990818847481, 0.33333108596166366, 0.3333261956754376, 0.3332797819687943, 0.3333333333333335, 0.3333276033440889, 0.3333364900858888, 0.3333285976855821, 0.33333369940234825, 0.3334011604900641, 0.3333333333333335], ""kernels.0.base_kernel.kernels.1.base_kernel"": [0.6931481805599428, 0.6931481805599428, 0.6931481805599428], ""kernels.1.base_kernel.kernels.0"": [0.2184796416133026, 0.1687111073478535, 0.050003823649836035, 0.2153914163045414, 1.2119257593010206, 0.3333333333333335, 0.1911602410183674, 0.21097904684869145, 0.05001064706354753, 0.32152073189614516, 0.3757079231706801, 0.3333333333333335, 0.1644131751960724, 0.3293979885490375, 0.0969245752691801, 0.36438146715232067, 0.7354371531884673, 0.3333333333333335], ""kernels.1.base_kernel.kernels.1"": [0.6931481805599428, 0.6931481805599428, 0.6931481805599428]}","{""kernels.0"": 1.5720153941405096e-05, ""kernels.0.base_kernel.kernels.1"": 0.018926027950803965, ""kernels.1"": 0.3611769381191353}",10,5,30,15,15,archive,3,2
216,126.64321274626,123.86704460129343,0.4988,local,-5.026186081964925,-30.756345259695678,25.730159177730755,0.07146737632190645,0.2839641031328053,archive,294,29,0.01673375187899658,0.008249739490381276,0.009330137205939395,0.0002832403007170759,0.12670622855127847,0.050003823649836035,0.3333333333333335,1.2119257618913062,"{""kernels.0.base_kernel.kernels.0"": [0.33332978657098267, 0.33331167104109294, 0.3333337493416825, 0.3333409604512604, 0.33387564032692935, 0.3333333333333335, 0.3333278174286032, 0.3332990818845962, 0.33333108596169236, 0.3333261956757486, 0.3332797819688398, 0.3333333333333335, 0.3333276033440947, 0.333336490085831, 0.33332859768558487, 0.33333369940248325, 0.33340116048878055, 0.3333333333333335], ""kernels.0.base_kernel.kernels.1.base_kernel"": [0.6931481805599428, 0.6931481805599428, 0.6931481805599428], ""kernels.1.base_kernel.kernels.0"": [0.21847964149097646, 0.16871110797489694, 0.050003823649836035, 0.21539141544415918, 1.2119257618913062, 0.3333333333333335, 0.19116024106249022, 0.21097904653732838, 0.05001064706354789, 0.3215207327331529, 0.37570792509307965, 0.3333333333333335, 0.16441317550177947, 0.32939798728803693, 0.09692457523136959, 0.3643814677005556, 0.7354371471526595, 0.3333333333333335], ""kernels.1.base_kernel.kernels.1"": [0.6931481805599428, 0.6931481805599428, 0.6931481805599428]}","{""kernels.0"": 1.5720153940824577e-05, ""kernels.0.base_kernel.kernels.1"": 0.018926027950796703, ""kernels.1"": 0.36117693754909785}",10,5,30,15,15,archive,2,3
217,125.44263405760348,123.86704460129343,0.4998,local,-6.180821347522709,-8.512339509353094,2.3315181618303846,0.026628585141270162,0.1630982320306306,archive,317,0,0.025596103004838822,0.007860320729919866,0.00950909676147721,0.00029428872081964884,0.1267062277832078,0.050003823649836035,0.3333333333333335,1.2119257639594876,"{""kernels.0.base_kernel.kernels.0"": [0.3333297865709969, 0.3333116710411233, 0.3333337493416857, 0.3333409604512474, 0.33387564032764927, 0.3333333333333335, 0.33332781742862566, 0.33329908188448926, 0.33333108596171457, 0.33332619567592997, 0.33327978196887736, 0.3333333333333335, 0.33332760334409745, 0.333336490085812, 0.33332859768558165, 0.3333336994026075, 0.3334011604880319, 0.3333333333333335], ""kernels.0.base_kernel.kernels.1.base_kernel"": [0.6931481805599428, 0.6931481805599428, 0.6931481805599428], ""kernels.1.base_kernel.kernels.0"": [0.21847964140413573, 0.16871110845698836, 0.050003823649836035, 0.2153914148579732, 1.2119257639594876, 0.3333333333333335, 0.1911602412991919, 0.21097904689878913, 0.05001064706354816, 0.3215207333026719, 0.3757079266828074, 0.3333333333333335, 0.1644131756621206, 0.3293979866300604, 0.09692457521120619, 0.3643814683441868, 0.735437143062486, 0.3333333333333335], ""kernels.1.base_kernel.kernels.1"": [0.6931481805599428, 0.6931481805599428, 0.6931481805599428]}","{""kernels.0"": 1.5720153940431124e-05, ""kernels.0.base_kernel.kernels.1"": 0.018926027950791898, ""kernels.1"": 0.3611769352448911}",10,5,30,15,15,archive,4,4
218,125.16190487190138,123.86704460129343,0.4994,local,-6.12979954459248,-70.66048643292541,64.53068688833292,0.11864970148263428,0.5185818969420595,archive,235,35,0.013428678692984536,0.00779172738352505,0.009483848534288235,0.00029272290482471237,0.12584671038757653,0.050003823650214406,0.3333333333333335,1.2133238456642543,"{""kernels.0.base_kernel.kernels.0"": [0.33332979582884753, 0.33331169340307065, 0.33333375175142843, 0.3333409545664539, 0.3338761546003376, 0.3333333333333335, 0.3333278441391591, 0.33329900518271177, 0.3333311035155391, 0.33332633496063574, 0.3332797899907733, 0.3333333333333335, 0.33332760552350704, 0.33333646733992717, 0.3333285971940493, 0.33333379152420517, 0.33340064067079234, 0.3333333333333335], ""kernels.0.base_kernel.kernels.1.base_kernel"": [0.6931481805599428, 0.6931481805599428, 0.6931481805599428], ""kernels.1.base_kernel.kernels.0"": [0.21841506355532095, 0.16899411835262212, 0.050003823650214406, 0.2152927829902208, 1.2133238456642543, 0.3333333333333335, 0.1916746708942501, 0.2113750945517897, 0.050010647258800514, 0.32218195163693963, 0.3766015613181739, 0.3333333333333335, 0.16448571302738307, 0.32894816743299204, 0.09691416719966678, 0.3649062578632046, 0.7327619720928612, 0.3333333333333335], ""kernels.1.base_kernel.kernels.1"": [0.6931481805599428, 0.6931481805599428, 0.6931481805599428]}","{""kernels.0"": 1.571987779269377e-05, ""kernels.0.base_kernel.kernels.1"": 0.018926024604353945, ""kernels.1"": 0.3585983866805829}",10,5,30,15,15,archive,4,5
219,130.934439835581,123.86704460129343,0.5004,local,-6.231096230273707,-31.069140101280887,24.83804387100718,0.10196097876225686,0.4701971207937964,archive,287,37,0.01877377456359586,0.007608332940040669,0.009396337470702863,0.00028730782428544626,0.12584552447563807,0.050003823650215946,0.3333333333333335,1.2133354150118634,"{""kernels.0.base_kernel.kernels.0"": [0.33332979589750095, 0.33331169355899903, 0.33333375176906227, 0.33334095449772216, 0.3338761597207576, 0.3333333333333335, 0.33332784435467516, 0.3332990043700433, 0.3333311036390529, 0.33332633613242657, 0.33327978972564826, 0.3333333333333335, 0.3333276055388121, 0.3333364671600101, 0.3333285971798399, 0.3333337923461226, 0.33340063588241353, 0.3333333333333335], ""kernels.0.base_kernel.kernels.1.base_kernel"": [0.6931481805599428, 0.6931481805599428, 0.6931481805599428], ""kernels.1.base_kernel.kernels.0"": [0.21841425907364703, 0.16899599020627493, 0.050003823650215946, 0.21529165761404015, 1.2133354150118634, 0.3333333333333335, 0.19167835625600332, 0.21137677834182528, 0.050010647260549816, 0.32218610347186627, 0.3766051155754724, 0.3333333333333335, 0.16448597729637704, 0.328944199224025, 0.09691389306118936, 0.36491116300039106, 0.7327370355198185, 0.3333333333333335], ""kernels.1.base_kernel.kernels.1"": [0.6931481805599428, 0.6931481805599428, 0.6931481805599428]}","{""kernels.0"": 1.5719875357402052e-05, ""kernels.0.base_kernel.kernels.1"": 0.01892602457382436, ""kernels.1"": 0.3585948289777324}",10,5,30,15,15,archive,4,6
220,136.70258869470175,123.86704460129343,0.4988,global,-7.021440438941802,-13.26553624076611,6.244095801824308,1.3078010683995107,1.413799472136854,global,,,0.1764336660257262,0.007679684297160761,0.009613104282956619,0.0003009349138467153,0.12584552511694477,0.050003823650215946,0.3333333333333335,1.2133354144014523,"{""kernels.0.base_kernel.kernels.0"": [0.33332979589748735, 0.33331169355903095, 0.33333375176906677, 0.3333409544977096, 0.3338761597215099, 0.3333333333333335, 0.3333278443546898, 0.33329900436983345, 0.3333311036390803, 0.33332633613244156, 0.33327978972561656, 0.3333333333333335, 0.33332760553880925, 0.3333364671599229, 0.33332859717982827, 0.33333379234620814, 0.3334006358815279, 0.3333333333333335], ""kernels.0.base_kernel.kernels.1.base_kernel"": [0.6931481805599428, 0.6931481805599428, 0.6931481805599428], ""kernels.1.base_kernel.kernels.0"": [0.2184142586376939, 0.16899599042026972, 0.050003823650215946, 0.21529165759257027, 1.2133354144014523, 0.3333333333333335, 0.1916783566117574, 0.21137677744328465, 0.050010647260550066, 0.32218610378106965, 0.37660511660226365, 0.3333333333333335, 0.16448597746567634, 0.3289441983087768, 0.09691389291858415, 0.3649111642633651, 0.732737031399338, 0.3333333333333335], ""kernels.1.base_kernel.kernels.1"": [0.6931481805599428, 0.6931481805599428, 0.6931481805599428]}","{""kernels.0"": 1.5719875357029097e-05, ""kernels.0.base_kernel.kernels.1"": 0.01892602457381952, ""kernels.1"": 0.3585948309016577}",10,5,30,15,15,archive,5,7
221,129.30271927709762,123.86704460129343,0.5004,local,-4.87439629188711,-69.64125733689461,64.7668610450075,0.10568382059083466,0.5366533282288437,archive,235,36,0.02263737827603078,0.0076600770293115865,0.009525594711116733,0.0002956449755446259,0.1295576249634985,0.050003823653747635,0.3333333333333335,1.2998555767503948,"{""kernels.0.base_kernel.kernels.0"": [0.33332976591745667, 0.33331187516057204, 0.33333375349875644, 0.3333411418814871, 0.33388004519751885, 0.3333333333333335, 0.3333279348721614, 0.33329829875394024, 0.3333312379744026, 0.3333261153191319, 0.3332797724364172, 0.3333333333333335, 0.3333276533918674, 0.3333364389096464, 0.33332863580825994, 0.33333389612588615, 0.3333980004674887, 0.3333333333333335], ""kernels.0.base_kernel.kernels.1.base_kernel"": [0.6931481805599428, 0.6931481805599428, 0.6931481805599428], ""kernels.1.base_kernel.kernels.0"": [0.2172530726267134, 0.16857592450614592, 0.050003823653747635, 0.2151825403063778, 1.2998555767503948, 0.3333333333333335, 0.19220778156785798, 0.20699675654591443, 0.05001064787541461, 0.32145038987119645, 0.3762677900158076, 0.3333333333333335, 0.16433993490410992, 0.32556694921172696, 0.09639975124454753, 0.36747385377292163, 0.7179600275846415, 0.3333333333333335], ""kernels.1.base_kernel.kernels.1"": [0.6931481805599428, 0.6931481805599428, 0.6931481805599428]}","{""kernels.0"": 1.5718774703535308e-05, ""kernels.0.base_kernel.kernels.1"": 0.018926012069697247, ""kernels.1"": 0.3697311440460948}",10,5,30,15,15,archive,3,8
222,147.22955008197633,123.86704460129343,0.4984,global,-5.622028801446705,-13.084096322821239,7.462067521374534,0.7462269804736898,1.4131424113747255,global,,,0.11943188501051913,0.007756939724398566,0.009800268228991861,0.0003131532358109389,0.1295576178638328,0.05000382365374764,0.3333333333333335,1.2998556133698527,"{""kernels.0.base_kernel.kernels.0"": [0.33332976591745334, 0.3333118751607826, 0.3333337534987535, 0.33334114188161834, 0.33388004520055026, 0.3333333333333335, 0.33332793487225965, 0.33329829875371947, 0.3333312379744738, 0.33332611531891476, 0.33327977243686546, 0.3333333333333335, 0.33332765339191944, 0.3333364389095988, 0.3333286358083095, 0.3333338961259532, 0.33339800046593954, 0.3333333333333335], ""kernels.0.base_kernel.kernels.1.base_kernel"": [0.6931481805599428, 0.6931481805599428, 0.6931481805599428], ""kernels.1.base_kernel.kernels.0"": [0.21725307228046825, 0.16857592678385996, 0.05000382365374764, 0.2151825419850002, 1.2998556133698527, 0.3333333333333335, 0.19220778295719967, 0.2069967589199183, 0.050010647875415086, 0.3214503893635895, 0.37626779603032257, 0.3333333333333335, 0.1643399359020119, 0.32556694748632253, 0.09639975124776605, 0.36747385576309516, 0.7179600248367178, 0.3333333333333335], ""kernels.1.base_kernel.kernels.1"": [0.6931481805599428, 0.6931481805599428, 0.6931481805599428]}","{""kernels.0"": 1.5718774702765582e-05, ""kernels.0.base_kernel.kernels.1"": 0.01892601206968976, ""kernels.1"": 0.36973112274710584}",10,5,30,15,15,archive,6,9
223,145.65566822834057,123.86704460129343,0.499,global,-5.772976322883457,-14.680149338884043,8.907173016000586,0.8476005532779616,1.4139092158750748,global,,,0.12414985159535381,0.007787935721953413,0.009917491029388483,0.00032125544428953317,0.12647769013952506,0.05000382364997773,0.3333333333333335,1.5228216277400317,"{""kernels.0.base_kernel.kernels.0"": [0.33332966909223266, 0.33331257652163776, 0.33333373704128194, 0.3333419027450102, 0.3339037645683512, 0.3333333333333335, 0.3333284151727471, 0.3332962387037651, 0.333331679393838, 0.33332474032543385, 0.3332801316882652, 0.3333333333333335, 0.333327824678696, 0.33333602315603966, 0.3333288743305073, 0.33333417140601795, 0.3333880528123381, 0.3333333333333335], ""kernels.0.base_kernel.kernels.1.base_kernel"": [0.6931481805599428, 0.6931481805599428, 0.6931481805599428], ""kernels.1.base_kernel.kernels.0"": [0.2138745896109738, 0.17183760899467193, 0.05000382364997773, 0.22157988660913305, 1.5228216277400317, 0.3333333333333335, 0.1966412196291219, 0.2091224036942586, 0.05001065051635538, 0.31330699700224535, 0.38181441555932577, 0.3333333333333335, 0.16681442832299148, 0.31166750241227653, 0.09526156329227398, 0.373363636437628, 0.6848693228155689, 0.3333333333333335], ""kernels.1.base_kernel.kernels.1"": [0.6931481805599428, 0.6931481805599428, 0.6931481805599428]}","{""kernels.0"": 1.5714244424504246e-05, ""kernels.0.base_kernel.kernels.1"": 0.0189259671243185, ""kernels.1"": 0.36049138904983213}",10,5,30,15,15,archive,4,10
224,140.70191902862274,123.86704460129343,0.498,global,-5.931579467915938,-11.07841898562203,5.146839517706091,0.8857410295409807,1.3578375480516138,global,,,0.10971023828913706,0.007792257354976954,0.00993651609178906,0.0003229802499162535,0.12607220448526626,0.0500038236491174,0.3333333333333335,1.5268517758180533,"{""kernels.0.base_kernel.kernels.0"": [0.3333296704339155, 0.3333126291144772, 0.33333373569946756, 0.3333419475612047, 0.333908523172864, 0.3333333333333335, 0.3333284650854753, 0.3332960015075815, 0.3333317174994818, 0.3333245508726899, 0.3332801451001155, 0.3333333333333335, 0.3333278319240391, 0.33333605079681033, 0.33332889553004474, 0.33333423366393394, 0.33338684151503967, 0.3333333333333335], ""kernels.0.base_kernel.kernels.1.base_kernel"": [0.6931481805599428, 0.6931481805599428, 0.6931481805599428], ""kernels.1.base_kernel.kernels.0"": [0.21374606926306983, 0.1722770518658363, 0.0500038236491174, 0.22188807122056686, 1.5268517758180533, 0.3333333333333335, 0.19673982068639387, 0.20958744909468663, 0.05001065086994513, 0.3131540689647482, 0.38294273668582557, 0.3333333333333335, 0.16699203132852444, 0.31179915136422265, 0.09508841581598895, 0.37432319146990095, 0.6823034520655926, 0.3333333333333335], ""kernels.1.base_kernel.kernels.1"": [0.6931481805599428, 0.6931481805599428, 0.6931481805599428]}","{""kernels.0"": 1.5713536995918635e-05, ""kernels.0.base_kernel.kernels.1"": 0.018925961002984344, ""kernels.1"": 0.3592749389158186}",10,5,30,15,15,archive,6,11
225,142.43086457713068,123.86704460129343,0.4994,global,-5.91977613215426,-14.691469381294766,8.771693249140506,1.0862674009096116,1.4140517994389818,global,,,0.1039138374039425,0.007799419340945801,0.009939815744170622,0.0003235521985972977,0.12679140434185446,0.0500038236432814,0.3333333333333335,1.6083482247499596,"{""kernels.0.base_kernel.kernels.0"": [0.33332974457415526, 0.3333129182447207, 0.3333337375529879, 0.3333423516415296, 0.3339415100971196, 0.3333333333333335, 0.33332907674004214, 0.33329438358311575, 0.3333319918200547, 0.3333230773654034, 0.33328025258534827, 0.3333333333333335, 0.3333278467518438, 0.33333673475453773, 0.3333290438100398, 0.33333451354758115, 0.3333789052627665, 0.3333333333333335], ""kernels.0.base_kernel.kernels.1.base_kernel"": [0.6931481805599428, 0.6931481805599428, 0.6931481805599428], ""kernels.1.base_kernel.kernels.0"": [0.2128665589697229, 0.17263926798462864, 0.0500038236432814, 0.22253568876793337, 1.6083482247499596, 0.3333333333333335, 0.2000877808949559, 0.21052503449852428, 0.050010653316958656, 0.3107444386280766, 0.38426502298481285, 0.3333333333333335, 0.16768452912437043, 0.3133086150767344, 0.09362194455812534, 0.37961657312359137, 0.6658823769565496, 0.3333333333333335], ""kernels.1.base_kernel.kernels.1"": [0.6931481805599428, 0.6931481805599428, 0.6931481805599428]}","{""kernels.0"": 1.5708577507855996e-05, ""kernels.0.base_kernel.kernels.1"": 0.01892591833248045, ""kernels.1"": 0.36143258611557505}",10,5,30,15,15,archive,3,12
226,138.61260510341225,123.86704460129343,0.5,global,-6.144725018662282,-15.916152316343515,9.771427297681234,1.1982123536636795,1.4141713210993565,global,,,0.0803857677761332,0.007796856517900059,0.0099377618510107,0.00032384067093424527,0.12679139126832012,0.050003823643281396,0.3333333333333335,1.6083482678798167,"{""kernels.0.base_kernel.kernels.0"": [0.33332974457429965, 0.3333129182452736, 0.3333337375529879, 0.3333423516419926, 0.33394151014876183, 0.3333333333333335, 0.3333290767408782, 0.33329438358099134, 0.3333319918203978, 0.3333230773639542, 0.33328025258507027, 0.3333333333333335, 0.33332784675193355, 0.3333367347551859, 0.33332904381023304, 0.333334513548183, 0.33337890525334246, 0.3333333333333335], ""kernels.0.base_kernel.kernels.1.base_kernel"": [0.6931481805599428, 0.6931481805599428, 0.6931481805599428], ""kernels.1.base_kernel.kernels.0"": [0.2128665598035863, 0.1726392736881459, 0.050003823643281396, 0.22253569027823308, 1.6083482678798167, 0.3333333333333335, 0.20008778303796712, 0.2105250344217482, 0.05001065331696235, 0.31074444940481355, 0.384265029074745, 0.3333333333333335, 0.167684532182319, 0.31330861477770405, 0.09362194307712883, 0.37961658190384356, 0.6658823738674541, 0.3333333333333335], ""kernels.1.base_kernel.kernels.1"": [0.6931481805599428, 0.6931481805599428, 0.6931481805599428]}","{""kernels.0"": 1.5708577499859737e-05, ""kernels.0.base_kernel.kernels.1"": 0.018925918332417555, ""kernels.1"": 0.36143254689504295}",10,5,30,15,15,archive,4,13
227,152.612553613477,123.86704460129343,0.4998,global,-6.238129316242543,-13.418190396823821,7.180061080581278,0.9612672946050205,1.4118932838588911,global,,,0.0999539240124288,0.007794959639336313,0.009936477721212743,0.00032410562304012284,0.126791389710338,0.05000382364328139,0.3333333333333335,1.6083482763062644,"{""kernels.0.base_kernel.kernels.0"": [0.3333297445743129, 0.33331291824532006, 0.3333337375529885, 0.33334235164208464, 0.3339415101536655, 0.3333333333333335, 0.33332907674094897, 0.3332943835807959, 0.3333319918204306, 0.33332307736383454, 0.3332802525850641, 0.3333333333333335, 0.3333278467519493, 0.3333367347552393, 0.33332904381025036, 0.3333345135482752, 0.33337890525256525, 0.3333333333333335], ""kernels.0.base_kernel.kernels.1.base_kernel"": [0.6931481805599428, 0.6931481805599428, 0.6931481805599428], ""kernels.1.base_kernel.kernels.0"": [0.21286655988413536, 0.1726392741220276, 0.05000382364328139, 0.22253569102555193, 1.6083482763062644, 0.3333333333333335, 0.20008778317612314, 0.2105250343366059, 0.05001065331696267, 0.31074445037018616, 0.3842650295259377, 0.3333333333333335, 0.16768453260822933, 0.3133086146931835, 0.09362194294685447, 0.37961658300430756, 0.6658823736434527, 0.3333333333333335], ""kernels.1.base_kernel.kernels.1"": [0.6931481805599428, 0.6931481805599428, 0.6931481805599428]}","{""kernels.0"": 1.5708577499150506e-05, ""kernels.0.base_kernel.kernels.1"": 0.01892591833241222, ""kernels.1"": 0.3614325422211026}",10,5,30,15,15,archive,6,14
228,150.09972876870307,123.86704460129343,0.4996,global,-6.276433900853039,-13.383304514827143,7.106870613974104,0.7547373098407915,1.41412863222893,global,,,0.10177592030493374,0.007795761306535801,0.00996734159496997,0.00032675376326078714,0.12572980261148428,0.0500038236428069,0.3333333333333335,1.6143856274884711,"{""kernels.0.base_kernel.kernels.0"": [0.3333297541486514, 0.3333129469667363, 0.33333373912491693, 0.3333424039462123, 0.3339443757159233, 0.3333333333333335, 0.3333291138952534, 0.3332942667005409, 0.3333320138273187, 0.33332299090973494, 0.33328028158838013, 0.3333333333333335, 0.3333278530395394, 0.3333368167828267, 0.33332905081238, 0.33333456513644283, 0.3333785049194146, 0.3333333333333335], ""kernels.0.base_kernel.kernels.1.base_kernel"": [0.6931481805599428, 0.6931481805599428, 0.6931481805599428], ""kernels.1.base_kernel.kernels.0"": [0.21290288197448193, 0.17290036387096386, 0.0500038236428069, 0.22300922596588868, 1.6143856274884711, 0.3333333333333335, 0.20021777667063492, 0.21046123636755307, 0.05001065350915663, 0.31139965886427146, 0.3847623317591745, 0.3333333333333335, 0.1679345280404249, 0.31324364336925764, 0.09354779595951529, 0.3802654496905259, 0.6658641264828796, 0.3333333333333335], ""kernels.1.base_kernel.kernels.1"": [0.6931481805599428, 0.6931481805599428, 0.6931481805599428]}","{""kernels.0"": 1.5708149044697922e-05, ""kernels.0.base_kernel.kernels.1"": 0.01892591515292777, ""kernels.1"": 0.3582477845324804}",10,5,30,15,15,archive,5,15
229,126.91021053810036,123.86704460129343,0.5004,local,-6.301757373746498,-29.242392614130356,22.94063524038386,0.027669268566142127,0.44386755151132595,archive,287,38,0.022426755683963715,0.0077866490809886365,0.009976143182006845,0.0003279083810514505,0.12557976467043838,0.05000382363077065,0.3333333333333335,1.697547671585572,"{""kernels.0.base_kernel.kernels.0"": [0.3333298161132319, 0.3333131348224148, 0.3333337480001815, 0.3333430311065006, 0.3339831551545087, 0.3333333333333335, 0.3333296685764621, 0.33329244702675626, 0.3333322172466902, 0.33332165498515043, 0.33328004613783263, 0.3333333333333335, 0.33332787531621705, 0.33333804458770466, 0.3333291260823772, 0.33333552020212087, 0.3333739239139372, 0.3333333333333335], ""kernels.0.base_kernel.kernels.1.base_kernel"": [0.6931481805599428, 0.6931481805599428, 0.6931481805599428], ""kernels.1.base_kernel.kernels.0"": [0.21252837227054713, 0.1734738937755565, 0.05000382363077065, 0.22716400122572503, 1.697547671585572, 0.3333333333333335, 0.20173200001676414, 0.20739403068820414, 0.050010656027501356, 0.31722853704088183, 0.383497021409127, 0.3333333333333335, 0.1698017095214538, 0.3122301541316111, 0.0922998777232322, 0.3877964942825751, 0.665313815617646, 0.3333333333333335], ""kernels.1.base_kernel.kernels.1"": [0.6931481805599428, 0.6931481805599428, 0.6931481805599428]}","{""kernels.0"": 1.570240678115872e-05, ""kernels.0.base_kernel.kernels.1"": 0.018925871328087557, ""kernels.1"": 0.35779772027644646}",10,5,30,15,15,archive,3,16
230,127.93579560793047,123.86704460129343,0.4996,local,-6.526484753872842,-29.424963196362764,22.89847844248992,0.05503500769181407,0.3519424260481378,archive,287,39,0.013639078281595734,0.007708465387874273,0.009920172352763655,0.0003242963227865815,0.1255789343189769,0.05000382363076814,0.3333333333333335,1.6975476227666462,"{""kernels.0.base_kernel.kernels.0"": [0.33332981615520013, 0.3333131348283782, 0.333333748008697, 0.3333430312239706, 0.3339831709314678, 0.3333333333333335, 0.33332966876861087, 0.3332924465205303, 0.33333221729856605, 0.33332165445648976, 0.33328004614876927, 0.3333333333333335, 0.3333278752908938, 0.3333380449608509, 0.3333291260932588, 0.3333355205153424, 0.33337392254429926, 0.3333333333333335], ""kernels.0.base_kernel.kernels.1.base_kernel"": [0.6931481805599428, 0.6931481805599428, 0.6931481805599428], ""kernels.1.base_kernel.kernels.0"": [0.21252884449628331, 0.1734744753492499, 0.05000382363076814, 0.22716486228263927, 1.6975476227666462, 0.3333333333333335, 0.20173309927382604, 0.2073959670126806, 0.050010656028471885, 0.31722883937996593, 0.3834980531774531, 0.3333333333333335, 0.16980212620369564, 0.31222996326010544, 0.09229951895545732, 0.3877979962362913, 0.6653137689416552, 0.3333333333333335], ""kernels.1.base_kernel.kernels.1"": [0.6931481805599428, 0.6931481805599428, 0.6931481805599428]}","{""kernels.0"": 1.570240446091939e-05, ""kernels.0.base_kernel.kernels.1"": 0.01892587131147946, ""kernels.1"": 0.35779522924099033}",10,5,30,15,15,archive,2,17
231,138.55860101767774,123.86704460129343,0.5,global,-6.54708887440753,-13.318548723513219,6.771459849105689,1.0934690772193687,1.4139696420292296,global,,,0.11245200633701846,0.00771662380251253,0.010020150566583222,0.00033101812916600556,0.12557893390030217,0.050003823630768135,0.3333333333333335,1.6975476226535957,"{""kernels.0.base_kernel.kernels.0"": [0.33332981615522783, 0.3333131348283681, 0.3333337480086985, 0.33334303122405046, 0.33398317093911595, 0.3333333333333335, 0.3333296687686967, 0.3332924465202477, 0.333332217298592, 0.33332165445624184, 0.3332800461487315, 0.3333333333333335, 0.3333278752908819, 0.33333804496112623, 0.3333291260932592, 0.3333355205155559, 0.33337392254403586, 0.3333333333333335], ""kernels.0.base_kernel.kernels.1.base_kernel"": [0.6931481805599428, 0.6931481805599428, 0.6931481805599428], ""kernels.1.base_kernel.kernels.0"": [0.21252884468539984, 0.1734744753343821, 0.050003823630768135, 0.2271648633522101, 1.6975476226535957, 0.3333333333333335, 0.20173310013960835, 0.20739596714601854, 0.05001065602847237, 0.31722883989452405, 0.38349805318774416, 0.3333333333333335, 0.16980212654882354, 0.3122299639354206, 0.09229951870357468, 0.38779799742487675, 0.6653137725513365, 0.3333333333333335], ""kernels.1.base_kernel.kernels.1"": [0.6931481805599428, 0.6931481805599428, 0.6931481805599428]}","{""kernels.0"": 1.570240445977936e-05, ""kernels.0.base_kernel.kernels.1"": 0.018925871311471436, ""kernels.1"": 0.3577952279849753}",10,5,30,15,15,archive,4,18
232,135.73569576837983,123.86704460129343,0.5002,global,-6.211122490165998,-13.29511750222702,7.083995012061022,0.7632052489023352,1.3785936495596764,global,,,0.08837348168631573,0.007711208113901902,0.010015791605976498,0.0003310944694332053,0.12557893374538145,0.050003823630768135,0.3333333333333335,1.6975476223401162,"{""kernels.0.base_kernel.kernels.0"": [0.33332981615523893, 0.333313134828356, 0.33333374800869936, 0.33334303122407544, 0.33398317094174274, 0.3333333333333335, 0.3333296687687242, 0.33329244652015766, 0.33333221729859963, 0.333321654456147, 0.33328004614873596, 0.3333333333333335, 0.3333278752908763, 0.33333804496121683, 0.3333291260932613, 0.3333355205156584, 0.33337392254392306, 0.3333333333333335], ""kernels.0.base_kernel.kernels.1.base_kernel"": [0.6931481805599428, 0.6931481805599428, 0.6931481805599428], ""kernels.1.base_kernel.kernels.0"": [0.2125288447352874, 0.17347447524474408, 0.050003823630768135, 0.22716486376004308, 1.6975476223401162, 0.3333333333333335, 0.201733100402544, 0.2073959671360411, 0.05001065602847254, 0.3172288403487036, 0.38349805322716274, 0.3333333333333335, 0.16980212664158806, 0.312229964201562, 0.09229951875066872, 0.3877979978052443, 0.6653137735367007, 0.3333333333333335], ""kernels.1.base_kernel.kernels.1"": [0.6931481805599428, 0.6931481805599428, 0.6931481805599428]}","{""kernels.0"": 1.570240445939095e-05, ""kernels.0.base_kernel.kernels.1"": 0.018925871311468695, ""kernels.1"": 0.35779522752021625}",10,5,30,15,15,archive,3,19
233,137.1092661436701,123.86704460129343,0.4998,global,-6.267277902451812,-13.945506875699186,7.678228973247374,0.7377806298830019,1.4053747564972334,global,,,0.0656532241177279,0.007713273385017976,0.010025626698979568,0.0003320579154985358,0.12557892680944913,0.050003823630768114,0.3333333333333335,1.697547610434805,"{""kernels.0.base_kernel.kernels.0"": [0.3333298161554425, 0.3333131348280555, 0.33333374800875415, 0.3333430312246078, 0.3339831709956128, 0.3333333333333335, 0.3333296687691834, 0.33329244651836415, 0.333332217298772, 0.3333216544541238, 0.3332800461502021, 0.3333333333333335, 0.3333278752908475, 0.33333804496327857, 0.33332912609327425, 0.3333355205177617, 0.33337392254259735, 0.3333333333333335], ""kernels.0.base_kernel.kernels.1.base_kernel"": [0.6931481805599428, 0.6931481805599428, 0.6931481805599428], ""kernels.1.base_kernel.kernels.0"": [0.2125288452982921, 0.173474473419244, 0.050003823630768114, 0.22716487165304455, 1.697547610434805, 0.3333333333333335, 0.20173310454332444, 0.2073959685373428, 0.05001065602847618, 0.31722884797044987, 0.3834980655376489, 0.3333333333333335, 0.16980212868761285, 0.3122299724413717, 0.09229951976617443, 0.38779800782996604, 0.6653137951296983, 0.3333333333333335], ""kernels.1.base_kernel.kernels.1"": [0.6931481805599428, 0.6931481805599428, 0.6931481805599428]}","{""kernels.0"": 1.5702404451057735e-05, ""kernels.0.base_kernel.kernels.1"": 0.01892587131141026, ""kernels.1"": 0.35779520671248605}",10,5,30,15,15,archive,1,20
234,174.66967413332588,123.86704460129343,0.4992,global,-6.461103526743235,-13.313096048883358,6.851992522140122,0.47259837197815835,1.3584918350028512,global,,,0.06924827525685262,0.0077132851159631725,0.010043418672438034,0.0003336020009528361,0.12497867132085304,0.05000382362994509,0.3333333333333335,1.6981212790552052,"{""kernels.0.base_kernel.kernels.0"": [0.3333298266107703, 0.3333131213667231, 0.33333375101489, 0.3333430675591669, 0.3339859435488563, 0.3333333333333335, 0.3333296928167489, 0.3332923543887631, 0.33333222736205764, 0.33332155408178793, 0.3332801369662537, 0.3333333333333335, 0.33332787529072844, 0.3333381513522399, 0.3333291273999998, 0.33333563383167275, 0.33337386345751674, 0.3333333333333335], ""kernels.0.base_kernel.kernels.1.base_kernel"": [0.6931481805599428, 0.6931481805599428, 0.6931481805599428], ""kernels.1.base_kernel.kernels.0"": [0.21255968074728787, 0.17341971641213444, 0.05000382362994509, 0.22769580219598146, 1.6981212790552052, 0.3333333333333335, 0.2019563908969174, 0.2074619632728225, 0.050010656218999514, 0.3177044843413531, 0.38426891148702597, 0.3333333333333335, 0.16993532568902206, 0.31265703081399115, 0.09236727580263412, 0.38836629792452887, 0.6664597840612987, 0.3333333333333335], ""kernels.1.base_kernel.kernels.1"": [0.6931481805599428, 0.6931481805599428, 0.6931481805599428]}","{""kernels.0"": 1.570197571874494e-05, ""kernels.0.base_kernel.kernels.1"": 0.018925868348505806, ""kernels.1"": 0.35599444363833455}",10,5,30,15,15,archive,2,21
235,148.5598997435751,123.86704460129343,0.5006,global,-3.3859195295603954,-13.281416651293123,9.895497121732728,0.8119803314774642,1.4029348889689066,global,,,0.0699948477623763,0.007661275774516455,0.009866850442361448,0.0003226581614219949,0.12973211402430826,0.050003823622501165,0.3333333333333335,1.694580610241922,"{""kernels.0.base_kernel.kernels.0"": [0.33332984041263236, 0.33331309221703165, 0.33333373948260536, 0.3333431104835243, 0.33398879223378697, 0.3333333333333335, 0.3333295565898342, 0.33329226383543753, 0.3333322406907769, 0.33332157375958826, 0.3332800865026362, 0.3333333333333335, 0.3333278495684716, 0.3333381762541251, 0.3333291262791419, 0.3333357347997031, 0.33337397468221047, 0.3333333333333335], ""kernels.0.base_kernel.kernels.1.base_kernel"": [0.6931481805599428, 0.6931481805599428, 0.6931481805599428], ""kernels.1.base_kernel.kernels.0"": [0.21243523537705478, 0.17240535959070596, 0.050003823622501165, 0.22859204630770086, 1.694580610241922, 0.3333333333333335, 0.20031687190432454, 0.2070125924876942, 0.05001065642810773, 0.31591266799120127, 0.3818194875242571, 0.3333333333333335, 0.1695896454502384, 0.3124026163021566, 0.09204520100270175, 0.3879751985466862, 0.6676354403079021, 0.3333333333333335], ""kernels.1.base_kernel.kernels.1"": [0.6931481805599428, 0.6931481805599428, 0.6931481805599428]}","{""kernels.0"": 1.5701513022477724e-05, ""kernels.0.base_kernel.kernels.1"": 0.018925864835636345, ""kernels.1"": 0.3702547757242659}",10,5,30,15,15,archive,1,22
236,162.08191663078924,123.86704460129343,0.4996,global,-5.5775589619016905,-13.367179190160606,7.789620228258915,0.741424830315852,1.4035942701661914,global,,,0.06286414368800838,0.007709183324144228,0.009957036667376695,0.00032916559834670587,0.12973211982738145,0.05000382362250113,0.3333333333333335,1.6945806351784272,"{""kernels.0.base_kernel.kernels.0"": [0.3333298404126658, 0.33331309221711214, 0.3333337394825824, 0.33334311048365695, 0.3339887922400352, 0.3333333333333335, 0.3333295565895233, 0.3332922638353863, 0.33333224069082495, 0.3333215737594964, 0.33328008650294183, 0.3333333333333335, 0.333327849568437, 0.3333381762543128, 0.33332912627913763, 0.333335734799881, 0.33337397468288327, 0.3333333333333335], ""kernels.0.base_kernel.kernels.1.base_kernel"": [0.6931481805599428, 0.6931481805599428, 0.6931481805599428], ""kernels.1.base_kernel.kernels.0"": [0.21243523470172027, 0.17240535797926476, 0.05000382362250113, 0.2285920493899356, 1.6945806351784272, 0.3333333333333335, 0.20031686223119102, 0.20701259387525428, 0.05001065642810829, 0.31591266136375845, 0.3818194813379746, 0.3333333333333335, 0.16958964527617312, 0.3124026174269176, 0.09204519984209547, 0.38797519875655184, 0.6676354513547635, 0.3333333333333335], ""kernels.1.base_kernel.kernels.1"": [0.6931481805599428, 0.6931481805599428, 0.6931481805599428]}","{""kernels.0"": 1.5701513021315134e-05, ""kernels.0.base_kernel.kernels.1"": 0.018925864835628258, ""kernels.1"": 0.3702547931334948}",10,5,30,15,15,archive,2,23
237,146.35812979218613,123.86704460129343,0.4998,global,-5.472733614724254,-14.104505186673025,8.631771571948772,0.8387529932624557,1.4064015918626094,global,,,0.09429924552472871,0.007533560556630675,0.009539025107758867,0.00030269750042844314,0.1295648183150527,0.05000382331200067,0.3333333333333335,1.7468585118523292,"{""kernels.0.base_kernel.kernels.0"": [0.3333301985914758, 0.3333152640488087, 0.3333334377196063, 0.33334281431702656, 0.33402328911475687, 0.3333333333333335, 0.3333289812795421, 0.33329254379703427, 0.3333323501833217, 0.33332265899183583, 0.3332868818022985, 0.3333333333333335, 0.333327974523156, 0.33333672185003754, 0.3333288455663048, 0.33333859212301903, 0.33338427634024603, 0.3333333333333335], ""kernels.0.base_kernel.kernels.1.base_kernel"": [0.6931481805599428, 0.6931481805599428, 0.6931481805599428], ""kernels.1.base_kernel.kernels.0"": [0.20481110618456067, 0.16993518973737604, 0.05000382331200067, 0.2888225413454276, 1.7468585118523292, 0.3333333333333335, 0.1341135256327255, 0.2075559483675246, 0.05001066375072421, 0.2577470735787051, 0.4108990866398166, 0.3333333333333335, 0.17067403704624323, 0.33510446440239744, 0.07902624577069028, 0.41146798277043045, 0.80380661312641, 0.3333333333333335], ""kernels.1.base_kernel.kernels.1"": [0.6931481805599428, 0.6931481805599428, 0.6931481805599428]}","{""kernels.0"": 1.5688499553278182e-05, ""kernels.0.base_kernel.kernels.1"": 0.018925771476663543, ""kernels.1"": 0.3697529949689413}",10,5,30,15,15,archive,1,24
238,156.64697820309274,123.86704460129343,0.4992,global,-5.664430323831183,-13.421676571345351,7.757246247514169,0.9302633150276391,1.4102303145757404,global,,,0.09476965400676735,0.0075367924169274765,0.009547540000713535,0.00030371344363312145,0.12956481714384563,0.050003823312000636,0.3333333333333335,1.746858519430535,"{""kernels.0.base_kernel.kernels.0"": [0.33333019859152196, 0.33331526404888884, 0.33333343771957274, 0.3333428143168867, 0.33402328912120904, 0.3333333333333335, 0.3333289812796653, 0.3332925437972939, 0.3333323501833338, 0.333322658992357, 0.33328688180239985, 0.3333333333333335, 0.33332797452319646, 0.3333367218495191, 0.3333288455662741, 0.3333385921232638, 0.3333842763422109, 0.3333333333333335], ""kernels.0.base_kernel.kernels.1.base_kernel"": [0.6931481805599428, 0.6931481805599428, 0.6931481805599428], ""kernels.1.base_kernel.kernels.0"": [0.20481110700388505, 0.16993519086679928, 0.050003823312000636, 0.28882254139408065, 1.746858519430535, 0.3333333333333335, 0.13411352603467402, 0.2075559512139365, 0.05001066375072541, 0.2577470760428157, 0.4108990776131089, 0.3333333333333335, 0.17067403643179235, 0.3351044655179759, 0.07902624488785456, 0.41146798345638197, 0.8038065987203968, 0.3333333333333335], ""kernels.1.base_kernel.kernels.1"": [0.6931481805599428, 0.6931481805599428, 0.6931481805599428]}","{""kernels.0"": 1.5688499551094185e-05, ""kernels.0.base_kernel.kernels.1"": 0.01892577147664804, ""kernels.1"": 0.36975299145533774}",10,5,30,15,15,archive,1,25
239,141.8221620093109,123.86704460129343,0.4992,global,-5.838005999279449,-15.245409104758973,9.407403105479524,1.0497380996006094,1.4119906241142017,global,,,0.06545256502419279,0.007539568940731251,0.009556871218330671,0.0003049235584753673,0.12956481721006163,0.05000382331200062,0.3333333333333335,1.7468585257462403,"{""kernels.0.base_kernel.kernels.0"": [0.3333301985915364, 0.3333152640489171, 0.33333343771956186, 0.3333428143168494, 0.3340232891235971, 0.3333333333333335, 0.33332898127970034, 0.3332925437973904, 0.3333323501833427, 0.33332265899249625, 0.3332868818023688, 0.3333333333333335, 0.333327974523223, 0.33333672184932805, 0.3333288455662666, 0.3333385921233389, 0.3333842763429014, 0.3333333333333335], ""kernels.0.base_kernel.kernels.1.base_kernel"": [0.6931481805599428, 0.6931481805599428, 0.6931481805599428], ""kernels.1.base_kernel.kernels.0"": [0.2048111072732685, 0.16993519108390595, 0.05000382331200062, 0.288822541345679, 1.7468585257462403, 0.3333333333333335, 0.13411352623291037, 0.20755595148411954, 0.05001066375072581, 0.2577470761325408, 0.41089907403684117, 0.3333333333333335, 0.17067403594075425, 0.3351044654260271, 0.07902624455207904, 0.41146798342377383, 0.8038065930195637, 0.3333333333333335], ""kernels.1.base_kernel.kernels.1"": [0.6931481805599428, 0.6931481805599428, 0.6931481805599428]}","{""kernels.0"": 1.5688499550354282e-05, ""kernels.0.base_kernel.kernels.1"": 0.018925771476642855, ""kernels.1"": 0.36975299165399167}",10,5,30,15,15,archive,4,26
240,137.39483174681982,123.86704460129343,0.4984,local,-6.116087245227579,-29.7000572444262,23.583969999198622,0.0510979230453991,0.6776298359554804,archive,287,40,0.07969076176768919,0.007539851407773796,0.009556009739970828,0.0003052631897016231,0.12956087513834516,0.050003823297673444,0.3333333333333335,1.7571885448498878,"{""kernels.0.base_kernel.kernels.0"": [0.3333302133875707, 0.3333153177195582, 0.3333334311986937, 0.3333427498595097, 0.33402501199376866, 0.3333333333333335, 0.3333290367059275, 0.3332926774540008, 0.3333323614663369, 0.33332291629448846, 0.3332868690356134, 0.3333333333333335, 0.33332799885090153, 0.33333651344256005, 0.33332884481384795, 0.33333867463666117, 0.33338501657257835, 0.3333333333333335], ""kernels.0.base_kernel.kernels.1.base_kernel"": [0.6931481805599428, 0.6931481805599428, 0.6931481805599428], ""kernels.1.base_kernel.kernels.0"": [0.20501279624266727, 0.17035236517265012, 0.050003823297673444, 0.2887102354197437, 1.7571885448498878, 0.3333333333333335, 0.13457049851604036, 0.20794397363972192, 0.05001066418014891, 0.25792800162346247, 0.4067777454531643, 0.3333333333333335, 0.17012455483406658, 0.335002091589666, 0.0786423683609346, 0.4113951010391129, 0.7977039021089136, 0.3333333333333335], ""kernels.1.base_kernel.kernels.1"": [0.6931481805599428, 0.6931481805599428, 0.6931481805599428]}","{""kernels.0"": 1.568774109967203e-05, ""kernels.0.base_kernel.kernels.1"": 0.01892576598472154, ""kernels.1"": 0.3697411716892142}",10,5,30,15,15,archive,4,27
241,188.20062936064977,123.86704460129343,0.4992,global,-6.09869499039271,-13.10802508540127,7.0093300950085595,0.6541698283308888,1.4124990056149156,global,,,0.09958961340610406,0.007538389186241052,0.009575391071014556,0.00030684224371038736,0.12866071467100562,0.05000382328156652,0.3333333333333335,1.7722289806065454,"{""kernels.0.base_kernel.kernels.0"": [0.33333022720956307, 0.3333154063396512, 0.3333334229797863, 0.3333427105013438, 0.3340270803190076, 0.3333333333333335, 0.3333291208634192, 0.33329282805967997, 0.3333323635880305, 0.33332319301322244, 0.3332869157860671, 0.3333333333333335, 0.3333280368108573, 0.33333626904721075, 0.33332884994244705, 0.3333387669929037, 0.3333858813272871, 0.3333333333333335], ""kernels.0.base_kernel.kernels.1.base_kernel"": [0.6931481805599428, 0.6931481805599428, 0.6931481805599428], ""kernels.1.base_kernel.kernels.0"": [0.20520238745561234, 0.17117725698147734, 0.05000382328156652, 0.289207252959387, 1.7722289806065454, 0.3333333333333335, 0.13534470656398506, 0.2083291391623412, 0.05001066470070831, 0.25826328842413054, 0.4036852820069198, 0.3333333333333335, 0.16956142610524227, 0.33499233251818544, 0.0782787585596105, 0.411390598803406, 0.7912887845814301, 0.3333333333333335], ""kernels.1.base_kernel.kernels.1"": [0.6931481805599428, 0.6931481805599428, 0.6931481805599428]}","{""kernels.0"": 1.5686837413891484e-05, ""kernels.0.base_kernel.kernels.1"": 0.01892575942954458, ""kernels.1"": 0.3670406977460584}",10,5,30,15,15,archive,3,28
242,142.37667773812825,123.86704460129343,0.4992,global,-5.934719605944558,-14.78706189415944,8.852342288214881,0.8396663233282141,1.4109084551330986,global,,,0.06477164414842938,0.007573130989042643,0.00964174991177339,0.0003119982115553538,0.12866072220803068,0.050003823281566495,0.3333333333333335,1.7722290016706967,"{""kernels.0.base_kernel.kernels.0"": [0.3333302272095785, 0.3333154063397382, 0.3333334229797881, 0.33334271050090597, 0.33402708031948636, 0.3333333333333335, 0.3333291208635388, 0.333292828059939, 0.33333236358805546, 0.3333231930135287, 0.33328691578603153, 0.3333333333333335, 0.33332803681069195, 0.33333626904682706, 0.3333288499424363, 0.3333387669927994, 0.33338588132794716, 0.3333333333333335], ""kernels.0.base_kernel.kernels.1.base_kernel"": [0.6931481805599428, 0.6931481805599428, 0.6931481805599428], ""kernels.1.base_kernel.kernels.0"": [0.2052023871433707, 0.171177256403094, 0.050003823281566495, 0.28920723586374986, 1.7722290016706967, 0.3333333333333335, 0.13534470759666067, 0.20832913810955353, 0.05001066470070898, 0.2582632883144472, 0.40368527847772623, 0.3333333333333335, 0.1695614204252634, 0.3349923317920761, 0.07827875801046738, 0.41139059080938056, 0.7912887714121277, 0.3333333333333335], ""kernels.1.base_kernel.kernels.1"": [0.6931481805599428, 0.6931481805599428, 0.6931481805599428]}","{""kernels.0"": 1.5686837412819757e-05, ""kernels.0.base_kernel.kernels.1"": 0.018925759429536112, ""kernels.1"": 0.36704072035714314}",10,5,30,15,15,archive,2,29
243,126.11544451044367,123.86704460129343,0.4986,local,-6.034481432284533,-29.875310458600747,23.840829026316214,0.04557609592041258,0.5970525235900334,archive,287,40,0.045041682310868955,0.007568473457337885,0.009486320221759268,0.0003022439513643705,0.1313122337238499,0.05000382317231837,0.3333333333333335,1.8402858121847034,"{""kernels.0.base_kernel.kernels.0"": [0.33333033774410187, 0.33331619196947077, 0.3333334356109585, 0.3333410722567805, 0.33403309727637964, 0.3333333333333335, 0.33332959122387745, 0.3332940496776133, 0.33333245078148555, 0.333324434778275, 0.33328808651258424, 0.3333333333333335, 0.33332730846535624, 0.3333344900739208, 0.3333288129271668, 0.3333380112283212, 0.3333903215173439, 0.3333333333333335], ""kernels.0.base_kernel.kernels.1.base_kernel"": [0.6931481805599428, 0.6931481805599428, 0.6931481805599428], ""kernels.1.base_kernel.kernels.0"": [0.20511841988121268, 0.17664837500428246, 0.05000382317231837, 0.22621503149265143, 1.8402858121847034, 0.3333333333333335, 0.1441416368910884, 0.213188582207858, 0.05001066794606222, 0.26617581783678207, 0.40305057937905897, 0.3333333333333335, 0.14913670020026804, 0.33676213318681386, 0.07684450939915073, 0.3800799186274281, 0.7538698408523312, 0.3333333333333335], ""kernels.1.base_kernel.kernels.1"": [0.6931481805599428, 0.6931481805599428, 0.6931481805599428]}","{""kernels.0"": 1.5681590452984372e-05, ""kernels.0.base_kernel.kernels.1"": 0.01892572122744468, ""kernels.1"": 0.37499529835365203}",10,5,30,15,15,archive,2,30
244,126.55207705689764,123.86704460129343,0.5008,local,-5.728834778453152,-9.72760004571666,3.998765267263508,0.022874893765020887,0.1812607620229843,archive,347,9,0.025310441898050377,0.007559182726200562,0.009501321267325313,0.00030331114146424354,0.1295086058076069,0.0500038231636969,0.3333333333333335,1.8407539643353428,"{""kernels.0.base_kernel.kernels.0"": [0.33333035598873034, 0.3333162135784201, 0.33333344032762785, 0.3333410746912084, 0.33403404706580925, 0.3333333333333335, 0.3333295999901216, 0.3332941458897575, 0.3333324578404586, 0.3333245631193185, 0.33328805258423766, 0.3333333333333335, 0.3333273214264634, 0.33333438254050907, 0.3333288069168961, 0.33333807931842474, 0.3333907082682872, 0.3333333333333335], ""kernels.0.base_kernel.kernels.1.base_kernel"": [0.6931481805599428, 0.6931481805599428, 0.6931481805599428], ""kernels.1.base_kernel.kernels.0"": [0.20522446654827514, 0.17655644593745373, 0.0500038231636969, 0.22584427922732306, 1.8407539643353428, 0.3333333333333335, 0.144026641144802, 0.2131939437971365, 0.05001066820893092, 0.2671978506219751, 0.4023765057405834, 0.3333333333333335, 0.14926038686556797, 0.3363195551264991, 0.076764691390426, 0.3805636759406689, 0.7543956433143657, 0.3333333333333335], ""kernels.1.base_kernel.kernels.1"": [0.6931481805599428, 0.6931481805599428, 0.6931481805599428]}","{""kernels.0"": 1.5681137934458138e-05, ""kernels.0.base_kernel.kernels.1"": 0.018925718140291467, ""kernels.1"": 0.36958441814459475}",10,5,30,15,15,archive,3,31
245,126.8812130621855,123.86704460129343,0.4994,local,-5.767815985005134,-29.521901252018203,23.754085267013068,0.05346572554884174,0.3665856578543911,archive,294,37,0.024901623417128177,0.007491430340033078,0.009485660010000872,0.0003024271730998372,0.12705967292124842,0.05000382311413029,0.3333333333333335,1.8447282746950182,"{""kernels.0.base_kernel.kernels.0"": [0.3333304340208276, 0.3333163419052814, 0.33333346232110855, 0.3333410636793825, 0.3340396433651238, 0.3333333333333335, 0.3333296397108405, 0.3332945403170005, 0.33333246584698106, 0.333325163169892, 0.33328768691853167, 0.3333333333333335, 0.3333273774163372, 0.3333337701994114, 0.33332877535904265, 0.33333845136741086, 0.33339270011611366, 0.3333333333333335], ""kernels.0.base_kernel.kernels.1.base_kernel"": [0.6931481805599428, 0.6931481805599428, 0.6931481805599428], ""kernels.1.base_kernel.kernels.0"": [0.2055367250712436, 0.17578653075057515, 0.05000382311413029, 0.223060880748743, 1.8447282746950182, 0.3333333333333335, 0.1428553435099837, 0.21164196210671907, 0.0500106696437512, 0.2710725399125963, 0.39735699910727507, 0.3333333333333335, 0.14939661154704492, 0.3331548388380977, 0.07630534869392437, 0.3823794262437766, 0.7549402411849032, 0.3333333333333335], ""kernels.1.base_kernel.kernels.1"": [0.6931481805599428, 0.6931481805599428, 0.6931481805599428]}","{""kernels.0"": 1.5678677781961294e-05, ""kernels.0.base_kernel.kernels.1"": 0.018925700264682186, ""kernels.1"": 0.3622376398212811}",10,5,30,15,15,archive,5,32
246,127.57838302127914,123.86704460129343,0.4982,global,-5.8227616108199864,-14.96700313302289,9.144241522202904,1.1655752591649646,1.412144270826878,global,,,0.02512268737548199,0.007440263491358259,0.009393200534554207,0.00029661934778426496,0.12818295306187324,0.05000382310332359,0.3333333333333335,1.8447339839229429,"{""kernels.0.base_kernel.kernels.0"": [0.3333304417219002, 0.3333163623910345, 0.33333346673183667, 0.33334105579002316, 0.334040790697085, 0.3333333333333335, 0.33332964153604977, 0.3332945947063981, 0.333332465046262, 0.333325267467988, 0.3332875952951335, 0.3333333333333335, 0.3333273809862879, 0.3333336473258524, 0.3333287655220116, 0.3333385144382351, 0.3333930731933101, 0.3333333333333335], ""kernels.0.base_kernel.kernels.1.base_kernel"": [0.6931481805599428, 0.6931481805599428, 0.6931481805599428], ""kernels.1.base_kernel.kernels.0"": [0.20545594957747668, 0.17568570804334643, 0.05000382310332359, 0.22244286766930402, 1.8447339839229429, 0.3333333333333335, 0.1425889465715252, 0.21121609036792546, 0.05001066994239341, 0.2713591782936111, 0.39624072039590563, 0.3333333333333335, 0.1493197087633532, 0.33245097427563924, 0.076203509908021, 0.3824247846159927, 0.7543836500224913, 0.3333333333333335], ""kernels.1.base_kernel.kernels.1"": [0.6931481805599428, 0.6931481805599428, 0.6931481805599428]}","{""kernels.0"": 1.5678167945055603e-05, ""kernels.0.base_kernel.kernels.1"": 0.01892569642610712, ""kernels.1"": 0.36560748459156756}",10,5,30,15,15,archive,2,33
247,127.73425912937304,123.86704460129343,0.4988,local,-5.872162757095696,-67.02500721804029,61.15284446094459,0.1335745855252036,0.6267694697332382,archive,235,43,0.04855037441589357,0.007409053603513829,0.009355945053308235,0.0002943844288657623,0.12818141580404854,0.05000382310329436,0.3333333333333335,1.8447332612991558,"{""kernels.0.base_kernel.kernels.0"": [0.33333044175448034, 0.3333163625251657, 0.33333346674919845, 0.33334105577705564, 0.334040793805735, 0.3333333333333335, 0.333329641576922, 0.3332945949149968, 0.3333324650441899, 0.3333252678491827, 0.33328759519836104, 0.3333333333333335, 0.3333273810078402, 0.3333336469533386, 0.3333287655079913, 0.3333385146711689, 0.33339307432096116, 0.3333333333333335], ""kernels.0.base_kernel.kernels.1.base_kernel"": [0.6931481805599428, 0.6931481805599428, 0.6931481805599428], ""kernels.1.base_kernel.kernels.0"": [0.2054560980965016, 0.17568643983275964, 0.05000382310329436, 0.22244175014436388, 1.8447332612991558, 0.3333333333333335, 0.14258884324187082, 0.21121601779606933, 0.05001066994332131, 0.27136108166645245, 0.3962401903054478, 0.3333333333333335, 0.14931975316965984, 0.33244972683926266, 0.07620332957898267, 0.382425880680132, 0.7543833556794043, 0.3333333333333335], ""kernels.1.base_kernel.kernels.1"": [0.6931481805599428, 0.6931481805599428, 0.6931481805599428]}","{""kernels.0"": 1.5678166394763756e-05, ""kernels.0.base_kernel.kernels.1"": 0.018925696414532858, ""kernels.1"": 0.365602872831218}",10,5,30,15,15,archive,3,34
248,129.09524964778439,123.86704460129343,0.4978,local,-5.783643368889541,-23.561457247326715,17.777813878437172,0.046712322363758225,0.5977853509307133,archive,285,32,0.046979049508685256,0.007402000872401587,0.009358045497218128,0.000294659925011323,0.12742019166865234,0.05000382309249879,0.3333333333333335,1.8447528777379347,"{""kernels.0.base_kernel.kernels.0"": [0.33333045269591444, 0.33331641743658647, 0.3333334739924082, 0.33334104588016283, 0.3340418304369894, 0.3333333333333335, 0.3333296588857638, 0.33329468482713476, 0.333332465324529, 0.3333254331540502, 0.33328751997215705, 0.3333333333333335, 0.33332740281792544, 0.3333334826602866, 0.33332876125463623, 0.3333386028979249, 0.33339359374254024, 0.3333333333333335], ""kernels.0.base_kernel.kernels.1.base_kernel"": [0.6931481805599428, 0.6931481805599428, 0.6931481805599428], ""kernels.1.base_kernel.kernels.0"": [0.20554524500271257, 0.1759350062693648, 0.05000382309249879, 0.2218982927051219, 1.8447528777379347, 0.3333333333333335, 0.14249704705027522, 0.21136738543488617, 0.050010670289209865, 0.2723326633728503, 0.3957192461616673, 0.3333333333333335, 0.14955081041111862, 0.3323216787066563, 0.07614247620976503, 0.3828265984732806, 0.7551479276855344, 0.3333333333333335], ""kernels.1.base_kernel.kernels.1"": [0.6931481805599428, 0.6931481805599428, 0.6931481805599428]}","{""kernels.0"": 1.567759097216927e-05, ""kernels.0.base_kernel.kernels.1"": 0.01892569209724167, ""kernels.1"": 0.36331920531774314}",10,5,30,15,15,archive,2,35
249,127.06721949594134,123.86704460129343,0.5002,global,-5.993552324067442,-13.25975523104361,7.266202906976167,1.0139465629877178,1.4131487221232857,global,,,0.03873042359280115,0.007369682814207842,0.009334063263689553,0.00029331892594311714,0.12635355638947082,0.05000382298024547,0.3333329073359155,1.8414466969951928,"{""kernels.0.base_kernel.kernels.0"": [0.3333305410878127, 0.33331692867702645, 0.33333354678812144, 0.33334091106730407, 0.334052493760189, 0.3333333333333335, 0.33332978134352587, 0.3332956218276953, 0.3333324813384974, 0.33332701031268014, 0.33328611291779914, 0.3333333333333335, 0.33332761456825616, 0.3333316054410457, 0.33332870877386395, 0.33333958063545727, 0.33339865744674163, 0.3333333333333335], ""kernels.0.base_kernel.kernels.1.base_kernel"": [0.6931481805599428, 0.6931481805599428, 0.6931481805599428], ""kernels.1.base_kernel.kernels.0"": [0.2060522719821391, 0.17656276528088433, 0.05000382298024547, 0.21530774264395922, 1.8414466969951928, 0.3333333333333335, 0.14082385271483744, 0.21204366787888357, 0.0500106740041645, 0.2801734612068509, 0.3857527720670425, 0.3333333333333335, 0.1520656513830961, 0.32968761558547277, 0.07538823477358804, 0.38953834875259225, 0.7581996973520044, 0.3333333333333335], ""kernels.1.base_kernel.kernels.1"": [0.6931481805599428, 0.6931481805599428, 0.6931481805599428]}","{""kernels.0"": 1.5671723660178273e-05, ""kernels.0.base_kernel.kernels.1"": 0.01892564726863173, ""kernels.1"": 0.36011935017612057}",10,5,30,15,15,archive,4,36
250,127.1122756126965,123.86704460129343,0.4998,local,-5.831645211383741,-12.30258279342124,6.4709375820375,0.033670551241183524,0.21732802273238483,archive,353,17,0.020604085241955228,0.007298203466314625,0.009304112330475733,0.00029154799947589264,0.12671680079601058,0.050003822970443,0.3333329058980453,1.8415392359671625,"{""kernels.0.base_kernel.kernels.0"": [0.33333054058621286, 0.3333169772721464, 0.3333335531852197, 0.3333408952336728, 0.33405329199145645, 0.3333333333333335, 0.3333297947965652, 0.3332956488424223, 0.33333247846275715, 0.3333271174293183, 0.33328606488772256, 0.3333333333333335, 0.33332762572771546, 0.3333315131781029, 0.3333287069256369, 0.333339626184938, 0.33339913681718525, 0.3333333333333335], ""kernels.0.base_kernel.kernels.1.base_kernel"": [0.6931481805599428, 0.6931481805599428, 0.6931481805599428], ""kernels.1.base_kernel.kernels.0"": [0.20598304251124275, 0.1767557365884764, 0.050003822970443, 0.2149849538060808, 1.8415392359671625, 0.3333333333333335, 0.14086656250469687, 0.21163677111325538, 0.050010674342512176, 0.28026637882274835, 0.3862790756298076, 0.3333333333333335, 0.1522770802523555, 0.33028976491891493, 0.07532838567122604, 0.3897162126738547, 0.7587075672639177, 0.3333333333333335], ""kernels.1.base_kernel.kernels.1"": [0.6931481805599428, 0.6931481805599428, 0.6931481805599428]}","{""kernels.0"": 1.567119130275015e-05, ""kernels.0.base_kernel.kernels.1"": 0.018925643160175337, ""kernels.1"": 0.3612090880365536}",10,5,30,15,15,archive,3,37
251,137.78542592996092,123.86704460129343,0.4988,global,-5.812625354924577,-14.894808867793454,9.082183512868877,0.9880617471777338,1.4138125332161426,global,,,0.08278985121295085,0.007273773095621276,0.009320326350606995,0.00029270216895481584,0.12640975847631145,0.05000382296177503,0.3333329057114296,1.841956957624805,"{""kernels.0.base_kernel.kernels.0"": [0.3333305433799056, 0.33331700856302615, 0.3333335578419408, 0.33334087250792205, 0.3340543790602598, 0.3333333333333335, 0.3333298070903225, 0.33329567081847356, 0.33333247808952565, 0.3333272267669223, 0.3332860348971343, 0.3333333333333335, 0.333327638021212, 0.3333314489141575, 0.3333287022688579, 0.33333967852773966, 0.33339968625110333, 0.3333333333333335], ""kernels.0.base_kernel.kernels.1.base_kernel"": [0.6931481805599428, 0.6931481805599428, 0.6931481805599428], ""kernels.1.base_kernel.kernels.0"": [0.2059674623729499, 0.17696423841602826, 0.05000382296177503, 0.2147336968731728, 1.841956957624805, 0.3333333333333335, 0.1410633158284725, 0.21138328330822503, 0.05001067467019599, 0.28043691412080596, 0.3867594941813729, 0.3333333333333335, 0.15255545278364285, 0.3309427011333903, 0.07528104324284943, 0.39003733331414353, 0.7593896016736206, 0.3333333333333335], ""kernels.1.base_kernel.kernels.1"": [0.6931481805599428, 0.6931481805599428, 0.6931481805599428]}","{""kernels.0"": 1.5670662038784427e-05, ""kernels.0.base_kernel.kernels.1"": 0.01892563921193185, ""kernels.1"": 0.3602879655549637}",10,5,30,15,15,archive,3,38
252,128.96996599054717,123.86704460129343,0.4996,local,-5.836440610745863,-12.446210007486243,6.60976939674038,0.041972289177426306,0.22201684189840168,archive,353,17,0.03306629444754492,0.007270311690413302,0.009316287525365839,0.00029278421356992334,0.12640975837953963,0.050003822961775024,0.33333290571142893,1.8419569583184086,"{""kernels.0.base_kernel.kernels.0"": [0.33333054337990653, 0.33331700856304647, 0.3333335578419436, 0.33334087250791344, 0.3340543790609692, 0.3333333333333335, 0.3333298070903299, 0.3332956708184844, 0.3333324780895244, 0.3333272267669885, 0.333286034897112, 0.3333333333333335, 0.3333276380212197, 0.33333144891411326, 0.3333287022688547, 0.33333967852777796, 0.3333996862514427, 0.3333333333333335], ""kernels.0.base_kernel.kernels.1.base_kernel"": [0.6931481805599428, 0.6931481805599428, 0.6931481805599428], ""kernels.1.base_kernel.kernels.0"": [0.2059674623521981, 0.1769642386127256, 0.050003822961775024, 0.21473369683295818, 1.8419569583184086, 0.3333333333333335, 0.1410633159239214, 0.21138328315560792, 0.0500106746701962, 0.2804369141840142, 0.3867594944134627, 0.3333333333333335, 0.1525554529888079, 0.3309427014679505, 0.07528104321284411, 0.3900373335968949, 0.7593896020030912, 0.3333333333333335], ""kernels.1.base_kernel.kernels.1"": [0.6931481805599428, 0.6931481805599428, 0.6931481805599428]}","{""kernels.0"": 1.5670662038445157e-05, ""kernels.0.base_kernel.kernels.1"": 0.018925639211929315, ""kernels.1"": 0.3602879652646511}",10,5,30,15,15,archive,4,39
253,137.27942444940822,123.86704460129343,0.5004,global,-6.214953885589291,-15.350270547414741,9.135316661825449,0.8732334334045216,1.414200961960059,global,,,0.07481957534669449,0.0072584744989382536,0.00930970190653816,0.00029254898417615854,0.1258955354941088,0.05000382295228653,0.33333290484329686,1.8434149244063962,"{""kernels.0.base_kernel.kernels.0"": [0.33333054589604494, 0.3333170460051481, 0.3333335630515341, 0.33334085973826216, 0.33405568872779384, 0.3333333333333335, 0.33332982479046697, 0.3332957062891283, 0.33333247635326024, 0.3333273514254307, 0.33328596751242406, 0.3333333333333335, 0.3333276511400081, 0.33333138410513036, 0.33332869730320946, 0.3333397483099544, 0.33340033233222477, 0.3333333333333335], ""kernels.0.base_kernel.kernels.1.base_kernel"": [0.6931481805599428, 0.6931481805599428, 0.6931481805599428], ""kernels.1.base_kernel.kernels.0"": [0.20594530105705788, 0.1774597021261427, 0.05000382295228653, 0.21470687421287252, 1.8434149244063962, 0.3333333333333335, 0.14129614860716544, 0.2111692378492616, 0.05001067505396353, 0.2806009256854287, 0.3875584786368521, 0.3333333333333335, 0.1529841567198012, 0.33169329859460356, 0.07523558815876018, 0.39065262257803185, 0.7601138763510817, 0.3333333333333335], ""kernels.1.base_kernel.kernels.1"": [0.6931481805599428, 0.6931481805599428, 0.6931481805599428]}","{""kernels.0"": 1.5670044605322796e-05, ""kernels.0.base_kernel.kernels.1"": 0.018925634611076447, ""kernels.1"": 0.35874530182664466}",10,5,30,15,15,archive,5,40
254,125.36983058108476,123.86704460129343,0.5022,local,-6.0447277759002365,-24.878258854229397,18.83353107832916,0.06157710118486685,0.6649917205144528,archive,288,37,0.058454140553419354,0.007255945755165144,0.009307505744035913,0.00029274180372384194,0.1258955356034103,0.050003822952286524,0.333332904843296,1.843414926627147,"{""kernels.0.base_kernel.kernels.0"": [0.3333305458960501, 0.3333170460051836, 0.3333335630515399, 0.333340859738245, 0.3340556887292373, 0.3333333333333335, 0.33332982479048323, 0.33329570628915406, 0.33333247635325847, 0.3333273514255716, 0.3332859675123233, 0.3333333333333335, 0.333327651140017, 0.33333138410504587, 0.3333286973032046, 0.3333397483100299, 0.333400332332883, 0.3333333333333335], ""kernels.0.base_kernel.kernels.1.base_kernel"": [0.6931481805599428, 0.6931481805599428, 0.6931481805599428], ""kernels.1.base_kernel.kernels.0"": [0.2059453010889876, 0.17745970239207381, 0.050003822952286524, 0.21470687401013874, 1.843414926627147, 0.3333333333333335, 0.14129614873209173, 0.2111692374376108, 0.050010675053963956, 0.2806009257798395, 0.38755847905122487, 0.3333333333333335, 0.15298415709617874, 0.3316932992806704, 0.0752355881054399, 0.39065262324644456, 0.7601138765221582, 0.3333333333333335], ""kernels.1.base_kernel.kernels.1"": [0.6931481805599428, 0.6931481805599428, 0.6931481805599428]}","{""kernels.0"": 1.567004460465383e-05, ""kernels.0.base_kernel.kernels.1"": 0.018925634611071412, ""kernels.1"": 0.35874530215455486}",10,5,30,15,15,archive,2,41
255,126.10633203941664,123.86704460129343,0.5004,local,-5.344190588361129,-25.02334859333211,19.67915800497098,0.05659365532262684,0.6587130409673451,archive,288,38,0.044074004486468116,0.007231071096515068,0.009259596588415672,0.0002898112110038794,0.12645223028524213,0.050003822940692236,0.33333290782789365,1.8453787963391437,"{""kernels.0.base_kernel.kernels.0"": [0.33333055080109214, 0.33331709064963516, 0.33333357584565165, 0.3333408321024176, 0.33405743713843294, 0.3333333333333335, 0.333329826674141, 0.3332956660784044, 0.3333324823224538, 0.33332749441350834, 0.3332857542474789, 0.3333333333333335, 0.3333276922321476, 0.3333312343119194, 0.3333286943382892, 0.3333399131520291, 0.3334010555374184, 0.3333333333333335], ""kernels.0.base_kernel.kernels.1.base_kernel"": [0.6931481805599428, 0.6931481805599428, 0.6931481805599428], ""kernels.1.base_kernel.kernels.0"": [0.20601914906760738, 0.17787917218762092, 0.050003822940692236, 0.2144667023900912, 1.8453787963391437, 0.3333333333333335, 0.14153023404184845, 0.21021482842339606, 0.05001067558546382, 0.28043529057523287, 0.387811348031876, 0.3333333333333335, 0.15333169687093812, 0.33186948000088656, 0.07517348308497956, 0.39247036600088303, 0.7590342099136328, 0.3333333333333335], ""kernels.1.base_kernel.kernels.1"": [0.6931481805599428, 0.6931481805599428, 0.6931481805599428]}","{""kernels.0"": 1.566922637885915e-05, ""kernels.0.base_kernel.kernels.1"": 0.018925628360538963, ""kernels.1"": 0.36041539326880856}",10,5,30,15,15,archive,5,42
256,126.27301598068033,123.86704460129343,0.4998,local,-5.198857100138353,-9.756347543338016,4.557490443199663,0.06256808271374416,0.4096305294868183,archive,317,0,0.025992985645919498,0.007225142253463413,0.009269039048389204,0.00029053476343687275,0.1256999402015698,0.05000382292998519,0.3333329112830513,1.8473017955689621,"{""kernels.0.base_kernel.kernels.0"": [0.3333305585401092, 0.3333171568464455, 0.3333335896839096, 0.33334080736281113, 0.33405921246720627, 0.3333333333333335, 0.3333298355759621, 0.3332956257189093, 0.33333248923276915, 0.3333276349656084, 0.33328559382633066, 0.3333333333333335, 0.3333277365369612, 0.33333106813982727, 0.3333286952692192, 0.3333400755773799, 0.33340164978201364, 0.3333333333333335], ""kernels.0.base_kernel.kernels.1.base_kernel"": [0.6931481805599428, 0.6931481805599428, 0.6931481805599428], ""kernels.1.base_kernel.kernels.0"": [0.2061391197502964, 0.1788946567549942, 0.05000382292998519, 0.2143803568494424, 1.8473017955689621, 0.3333333333333335, 0.14215359480664802, 0.2097601804086385, 0.05001067612376367, 0.28046147295380475, 0.38888728616534096, 0.3333333333333335, 0.153678330931427, 0.33199543323799763, 0.07513773570364166, 0.394223140508272, 0.7579976802513103, 0.3333333333333335], ""kernels.1.base_kernel.kernels.1"": [0.6931481805599428, 0.6931481805599428, 0.6931481805599428]}","{""kernels.0"": 1.566841174346366e-05, ""kernels.0.base_kernel.kernels.1"": 0.01892562216814002, ""kernels.1"": 0.35815853002482595}",10,5,30,15,15,archive,4,43
257,131.23530239213898,123.86704460129343,0.4992,local,-5.284176729577859,-9.74894269854363,4.464765968965771,0.062242896495244525,0.4323285560711215,archive,317,0,0.030702816254238516,0.007207164635478022,0.009231478373271323,0.0002882916011997884,0.12613922316501094,0.05000382292168554,0.33333291455318925,1.848833952062433,"{""kernels.0.base_kernel.kernels.0"": [0.33333056466332234, 0.3333171782837879, 0.3333335978968898, 0.33334078974825687, 0.3340606489543815, 0.3333333333333335, 0.33332983583728065, 0.33329561134215835, 0.333332495773045, 0.3333277364598855, 0.33328539699832416, 0.3333333333333335, 0.3333277608670669, 0.33333095333623247, 0.333328693139439, 0.3333401692770287, 0.3334020612559297, 0.3333333333333335], ""kernels.0.base_kernel.kernels.1.base_kernel"": [0.6931481805599428, 0.6931481805599428, 0.6931481805599428], ""kernels.1.base_kernel.kernels.0"": [0.20616509570056, 0.179184787686804, 0.05000382292168554, 0.21429591298162312, 1.848833952062433, 0.3333333333333335, 0.14241485917602092, 0.20953022425388002, 0.05001067650802947, 0.28036647197632436, 0.3885083435840956, 0.3333333333333335, 0.15390717273649185, 0.3319927630592958, 0.07510511336996425, 0.3953959985157169, 0.7569536735266155, 0.3333333333333335], ""kernels.1.base_kernel.kernels.1"": [0.6931481805599428, 0.6931481805599428, 0.6931481805599428]}","{""kernels.0"": 1.566782738922611e-05, ""kernels.0.base_kernel.kernels.1"": 0.01892561773338354, ""kernels.1"": 0.35947638393426}",10,5,30,15,15,archive,3,44
258,132.82044311671086,123.86704460129343,0.4982,local,-4.56816941311153,-9.70278989243775,5.13462047932622,0.08289182701997037,0.5392196992256705,archive,317,0,0.037199185826135156,0.0072257188441139505,0.009263210356117019,0.00029049445196972074,0.12793275998578035,0.0500038228485644,0.3333333333333335,1.8547823335207374,"{""kernels.0.base_kernel.kernels.0"": [0.33333062531234503, 0.33331763214584975, 0.3333336859357325, 0.33333995434208147, 0.33407173547853136, 0.3333333333333335, 0.33332992191874655, 0.3332959419339978, 0.3333324566452179, 0.3333290394152442, 0.3332843485163106, 0.3333333333333335, 0.3333279467230234, 0.3333301981658776, 0.3333287205291024, 0.3333409988180851, 0.333406618817373, 0.3333333333333335], ""kernels.0.base_kernel.kernels.1.base_kernel"": [0.6931481805599428, 0.6931481805599428, 0.6931481805599428], ""kernels.1.base_kernel.kernels.0"": [0.2067955181012263, 0.18338959292240825, 0.0500038228485644, 0.20205389956687902, 1.8547823335207374, 0.3333333333333335, 0.14684267864340125, 0.21102724908494092, 0.05001067994057363, 0.28103872579509925, 0.39099849621591903, 0.3333333333333335, 0.1570310332367406, 0.33588476327063427, 0.0747514242637425, 0.4075201362929074, 0.7544950250427296, 0.3333333333333335], ""kernels.1.base_kernel.kernels.1"": [0.6931481805599428, 0.6931481805599428, 0.6931481805599428]}","{""kernels.0"": 1.5662567023886147e-05, ""kernels.0.base_kernel.kernels.1"": 0.018925577638206285, ""kernels.1"": 0.36485703975211087}",10,5,30,15,15,archive,4,45
259,130.82463441318504,123.86704460129343,0.5,local,-5.430355304981518,-9.653358759577653,4.223003454596135,0.07601398029810018,0.5036098545528339,archive,317,0,0.04127842105123977,0.007298649045813758,0.009400382545299958,0.0002994750438820738,0.12793275823121994,0.05000382284856436,0.3333333333333335,1.8547823421122458,"{""kernels.0.base_kernel.kernels.0"": [0.3333306253123923, 0.33331763214598864, 0.33333368593577417, 0.3333399543417114, 0.3340717354845336, 0.3333333333333335, 0.3333299219188495, 0.33329594193346557, 0.33333245664525696, 0.3333290394158558, 0.3332843485156872, 0.3333333333333335, 0.3333279467231261, 0.3333301981658099, 0.33332872052909207, 0.333340998818676, 0.33340661881957656, 0.3333333333333335], ""kernels.0.base_kernel.kernels.1.base_kernel"": [0.6931481805599428, 0.6931481805599428, 0.6931481805599428], ""kernels.1.base_kernel.kernels.0"": [0.206795518953544, 0.18338959236289679, 0.05000382284856436, 0.20205389274454538, 1.8547823421122458, 0.3333333333333335, 0.14684267930201222, 0.2110272437199252, 0.05001067994057543, 0.2810387265486095, 0.3909984926683173, 0.3333333333333335, 0.15703103563389165, 0.33588476289673186, 0.07475142410753337, 0.407520145230039, 0.7544950240776104, 0.3333333333333335], ""kernels.1.base_kernel.kernels.1"": [0.6931481805599428, 0.6931481805599428, 0.6931481805599428]}","{""kernels.0"": 1.5662567021102103e-05, ""kernels.0.base_kernel.kernels.1"": 0.01892557763818618, ""kernels.1"": 0.3648570344884526}",10,5,30,15,15,archive,3,46
260,127.24950246740795,123.86704460129343,0.4996,local,-5.778396923461633,-24.883285283239207,19.104888359777576,0.05321576315284735,0.6408587400289257,archive,288,40,0.03940958794143134,0.00727368116493457,0.00937535380851339,0.0002981129736550573,0.12550723395158433,0.050003822762802956,0.3333333333333335,1.8750736656682605,"{""kernels.0.base_kernel.kernels.0"": [0.3333307054256815, 0.33331789564487563, 0.3333337580570259, 0.33333927472994423, 0.33408443034608243, 0.3333333333333335, 0.3333301237873648, 0.3332951768081971, 0.3333325125879057, 0.333330160218197, 0.3332828868509494, 0.3333333333333335, 0.3333281628198629, 0.3333299778347519, 0.3333286998501044, 0.33334233183700984, 0.33341100127984374, 0.3333333333333335], ""kernels.0.base_kernel.kernels.1.base_kernel"": [0.6931481805599428, 0.6931481805599428, 0.6931481805599428], ""kernels.1.base_kernel.kernels.0"": [0.20813675022559872, 0.182352176773458, 0.050003822762802956, 0.1896837033043541, 1.8750736656682605, 0.3333333333333335, 0.147986566723504, 0.20370177899822214, 0.050010683486879724, 0.2816616491987195, 0.38238213012771044, 0.3333333333333335, 0.1618907369556999, 0.3355181698061191, 0.07475225931502785, 0.4256390688090338, 0.754065704056976, 0.3333333333333335], ""kernels.1.base_kernel.kernels.1"": [0.6931481805599428, 0.6931481805599428, 0.6931481805599428]}","{""kernels.0"": 1.5657070333856584e-05, ""kernels.0.base_kernel.kernels.1"": 0.018925538167052204, ""kernels.1"": 0.3575805066173669}",10,5,30,15,15,archive,4,47
261,131.09128521601565,123.86704460129343,0.5004,local,-5.936673973245509,-12.713116229042072,6.776442255796563,0.06033598683756092,0.36793807162876113,archive,353,20,0.050235290509765634,0.007259614975619002,0.009344753352737573,0.0002963148957694411,0.12601856090456667,0.05000382275175421,0.3333333333333335,1.8738005394891104,"{""kernels.0.base_kernel.kernels.0"": [0.3333307002158524, 0.33331790639186476, 0.33333376443525, 0.3333392306343437, 0.33408607268476737, 0.3333333333333335, 0.33333013258486344, 0.3332951308019185, 0.3333325150310234, 0.3333303103035693, 0.33328268351202567, 0.3333333333333335, 0.3333281602427797, 0.3333299404674871, 0.3333286928451735, 0.3333424322678222, 0.33341143892624014, 0.3333333333333335], ""kernels.0.base_kernel.kernels.1.base_kernel"": [0.6931481805599428, 0.6931481805599428, 0.6931481805599428], ""kernels.1.base_kernel.kernels.0"": [0.2080057732830632, 0.18234971936189628, 0.05000382275175421, 0.1896848929663553, 1.8738005394891104, 0.3333333333333335, 0.14785777325857985, 0.20450251465057512, 0.05001068392025303, 0.28228829079264406, 0.38184735170579803, 0.3333333333333335, 0.16228807291227154, 0.33521936431450383, 0.07476990918616491, 0.4266807978877006, 0.7538166588056603, 0.3333333333333335], ""kernels.1.base_kernel.kernels.1"": [0.6931481805599428, 0.6931481805599428, 0.6931481805599428]}","{""kernels.0"": 1.5656398306050042e-05, ""kernels.0.base_kernel.kernels.1"": 0.018925533212430116, ""kernels.1"": 0.35911449310296384}",10,5,30,15,15,archive,3,48
262,128.58458371889537,123.86704460129343,0.4996,local,-5.926114224291,-9.6715295069246,3.7454152826335996,0.08113813623787082,0.4785369134179844,archive,317,0,0.03855229328495923,0.007256153798219697,0.00935583743238526,0.00029727261132609354,0.125496444346253,0.05000382274022623,0.3333333333333335,1.8728324252171908,"{""kernels.0.base_kernel.kernels.0"": [0.33333069879872396, 0.33331792942061517, 0.3333337723418844, 0.33333917995942136, 0.3340881644250651, 0.3333333333333335, 0.3333301511484509, 0.33329507298740857, 0.3333325167321758, 0.33333047971869756, 0.33328249081086375, 0.3333333333333335, 0.33332816151386085, 0.3333299183061927, 0.3333286851196264, 0.3333425481223608, 0.3334119943757925, 0.3333333333333335], ""kernels.0.base_kernel.kernels.1.base_kernel"": [0.6931481805599428, 0.6931481805599428, 0.6931481805599428], ""kernels.1.base_kernel.kernels.0"": [0.20797782333389686, 0.1826512714002351, 0.05000382274022623, 0.18970755625440514, 1.8728324252171908, 0.3333333333333335, 0.14789782214108066, 0.2053452740919851, 0.05001068445585639, 0.28300220338830634, 0.3820930934324958, 0.3333333333333335, 0.16289613532034825, 0.33542192709971774, 0.07480328963505198, 0.42798034271433477, 0.7542075434569101, 0.3333333333333335], ""kernels.1.base_kernel.kernels.1"": [0.6931481805599428, 0.6931481805599428, 0.6931481805599428]}","{""kernels.0"": 1.5655576062622495e-05, ""kernels.0.base_kernel.kernels.1"": 0.01892552722961121, ""kernels.1"": 0.3575481502330852}",10,5,30,15,15,archive,4,49
263,133.0005619011681,123.86704460129343,0.4988,local,-5.8638331315337275,-17.185442792232198,11.32160966069847,0.06228628862281043,0.3115381938584563,archive,366,32,0.04575413238511509,0.007242515562399178,0.00933011876489961,0.00029582088891569677,0.12586688926479916,0.05000382272617654,0.3333333333333335,1.8720236590852375,"{""kernels.0.base_kernel.kernels.0"": [0.33333069520243297, 0.3333179366291955, 0.3333337806147919, 0.33333911987084336, 0.33409054571091845, 0.3333333333333335, 0.333330163013808, 0.3332949798566186, 0.33333252096723104, 0.33333065273268137, 0.3332821909103833, 0.3333333333333335, 0.33332817523716907, 0.3333298751617699, 0.3333286769047014, 0.333342746315953, 0.3334125763040808, 0.3333333333333335], ""kernels.0.base_kernel.kernels.1.base_kernel"": [0.6931481805599428, 0.6931481805599428, 0.6931481805599428], ""kernels.1.base_kernel.kernels.0"": [0.2078854481654662, 0.18256225628489642, 0.05000382272617654, 0.18951795038467972, 1.8720236590852375, 0.3333333333333335, 0.14776091335199976, 0.205734583056942, 0.05001068506406026, 0.28334985531161005, 0.38138876756620715, 0.3333333333333335, 0.16399573846504104, 0.33534468719781396, 0.07485277875256492, 0.4303789918277352, 0.754033573343116, 0.3333333333333335], ""kernels.1.base_kernel.kernels.1"": [0.6931481805599428, 0.6931481805599428, 0.6931481805599428]}","{""kernels.0"": 1.5654644853454356e-05, ""kernels.0.base_kernel.kernels.1"": 0.018925520424204974, ""kernels.1"": 0.3586594927253391}",10,5,30,15,15,archive,4,50
264,132.34443146381142,123.86704460129343,0.4984,global,-5.882983263804633,-17.348391619201024,11.465408355396391,0.9842293946621974,1.4131627165249372,global,,,0.024982055120521714,0.0072381914742470285,0.009324241892003593,0.000295725071794224,0.12586684940644813,0.05000382272617559,0.3333333333333335,1.8720236513624264,"{""kernels.0.base_kernel.kernels.0"": [0.33333069520222347, 0.3333179366309802, 0.3333337806153887, 0.3333391198665717, 0.3340905458762172, 0.3333333333333335, 0.3333301630153427, 0.333294979850037, 0.3333325209677555, 0.33333065274339735, 0.3332821908937685, 0.3333333333333335, 0.33332817523814967, 0.33332987515415463, 0.33332867690523477, 0.3333427463349232, 0.3334125763348563, 0.3333333333333335], ""kernels.0.base_kernel.kernels.1.base_kernel"": [0.6931481805599428, 0.6931481805599428, 0.6931481805599428], ""kernels.1.base_kernel.kernels.0"": [0.207885444207863, 0.18256226538406853, 0.05000382272617559, 0.18951793402142503, 1.8720236513624264, 0.3333333333333335, 0.14776092374966573, 0.20573461148635439, 0.05001068506410341, 0.283349891514881, 0.3813888025126298, 0.3333333333333335, 0.16399581384141926, 0.3353447201684014, 0.0748527839413348, 0.4303791683096856, 0.7540336161290128, 0.3333333333333335], ""kernels.1.base_kernel.kernels.1"": [0.6931481805599428, 0.6931481805599428, 0.6931481805599428]}","{""kernels.0"": 1.565464478819503e-05, ""kernels.0.base_kernel.kernels.1"": 0.01892552042373008, ""kernels.1"": 0.35865937315082613}",10,5,30,15,15,archive,6,51
265,138.5796075825915,123.86704460129343,0.4996,local,-4.695687001626486,-9.59012409064379,4.894437089017305,0.0723673544936246,0.481513248419729,archive,317,0,0.026668910915404274,0.0072830240155729595,0.009411847910352966,0.0003016110039054584,0.12586685011506218,0.05000382272617558,0.3333333333333335,1.8720236579331446,"{""kernels.0.base_kernel.kernels.0"": [0.3333306952022375, 0.33331793663100806, 0.33333378061540864, 0.3333391198665205, 0.33409054587902387, 0.3333333333333335, 0.33333016301535273, 0.33329497985001144, 0.33333252096776, 0.3333306527436062, 0.33328219089344996, 0.3333333333333335, 0.33332817523819464, 0.3333298751539295, 0.33332867690522, 0.3333427463352767, 0.33341257633526167, 0.3333333333333335], ""kernels.0.base_kernel.kernels.1.base_kernel"": [0.6931481805599428, 0.6931481805599428, 0.6931481805599428], ""kernels.1.base_kernel.kernels.0"": [0.2078854445339096, 0.18256226547800847, 0.05000382272617558, 0.18951793460785804, 1.8720236579331446, 0.3333333333333335, 0.1477609228958442, 0.20573461173003352, 0.05001068506410411, 0.2833498914487451, 0.38138880214555865, 0.3333333333333335, 0.1639958152970149, 0.3353447180099827, 0.07485278379473309, 0.4303791704970701, 0.7540336157732086, 0.3333333333333335], ""kernels.1.base_kernel.kernels.1"": [0.6931481805599428, 0.6931481805599428, 0.6931481805599428]}","{""kernels.0"": 1.5654644787137382e-05, ""kernels.0.base_kernel.kernels.1"": 0.01892552042372236, ""kernels.1"": 0.358659375276677}",10,5,30,15,15,archive,2,52
266,131.6678573519045,123.86704460129343,0.4988,local,-5.35765789307931,-9.511257815354512,4.153599922275202,0.07796564270605129,0.5407470712314819,archive,317,0,0.048387823627606415,0.0077294830602456085,0.010181815482579945,0.000353670819160705,0.13006466115050067,0.05000382270118885,0.33333292647402557,1.8806576734311862,"{""kernels.0.base_kernel.kernels.0"": [0.33333067798103855, 0.33331804190883013, 0.33333377906791933, 0.33333915934629094, 0.3340913116286221, 0.3333333333333335, 0.3333300455537544, 0.33329494812396904, 0.3333325196147176, 0.3333309176752892, 0.33328177030091477, 0.3333333333333335, 0.3333281895607499, 0.33332969190031697, 0.33332868464569254, 0.3333429503113362, 0.3334134766495553, 0.3333333333333335], ""kernels.0.base_kernel.kernels.1.base_kernel"": [0.6931481805599428, 0.6931481805599428, 0.6931481805599428], ""kernels.1.base_kernel.kernels.0"": [0.20795798424853554, 0.1832929454584224, 0.05000382270118885, 0.19230341011062294, 1.8806576734311862, 0.3333333333333335, 0.14514733512325673, 0.2080559153116539, 0.05001068562742425, 0.28108646183059294, 0.3732248428491975, 0.3333333333333335, 0.16395033572654186, 0.33286461699628433, 0.07473014670703422, 0.4278718929081451, 0.7551111728013407, 0.3333333333333335], ""kernels.1.base_kernel.kernels.1"": [0.6931481805599428, 0.6931481805599428, 0.6931481805599428]}","{""kernels.0"": 1.565385257698571e-05, ""kernels.0.base_kernel.kernels.1"": 0.018925514298217875, ""kernels.1"": 0.3712528153007071}",10,5,30,15,15,archive,1,53
267,128.65672372917246,123.86704460129343,0.5002,local,-5.857038489798764,-16.72805280146461,10.871014311665846,0.06107750195546196,0.3116890278543257,archive,366,32,0.038431727950048455,0.007672108789957937,0.010160506461079147,0.0003525637813921392,0.12858678131640736,0.05000382254900794,0.3333330451663714,1.9319859674136437,"{""kernels.0.base_kernel.kernels.0"": [0.33333061619266835, 0.3333190428893562, 0.3333337625043612, 0.33333932286081014, 0.33409794716265756, 0.3333333333333335, 0.33332948154350306, 0.3332948158776304, 0.3333324935605009, 0.33333275699940934, 0.3332810691083164, 0.3333333333333335, 0.33332828604006104, 0.3333291995882542, 0.33332870244758217, 0.33334447640386733, 0.3334205060381857, 0.3333333333333335], ""kernels.0.base_kernel.kernels.1.base_kernel"": [0.6931481805599428, 0.6931481805599428, 0.6931481805599428], ""kernels.1.base_kernel.kernels.0"": [0.20984852965827366, 0.19533447413084748, 0.05000382254900794, 0.2060038868572558, 1.9319859674136437, 0.3333333333333335, 0.1352439305558169, 0.21728950561612892, 0.050010689862257096, 0.2745570203551222, 0.35724987001404285, 0.3333333333333335, 0.16560693567155016, 0.3268803232847991, 0.07429712464844015, 0.41872816276055586, 0.7672717266401722, 0.3333333333333335], ""kernels.1.base_kernel.kernels.1"": [0.6931481805599428, 0.6931481805599428, 0.6931481805599428]}","{""kernels.0"": 1.564794494396996e-05, ""kernels.0.base_kernel.kernels.1"": 0.01892547129576878, ""kernels.1"": 0.3668192247085093}",10,5,30,15,15,archive,3,54
268,128.07344357043945,123.86704460129343,0.499,local,-5.941864072635818,-18.028971915155733,12.087107842519915,0.0651487100755116,0.3974762160556177,archive,352,38,0.052223724814965594,0.007660976781824751,0.010157148268189857,0.0003525849497413217,0.12782757559049063,0.05000382253872484,0.33333311938449584,1.9328831970713556,"{""kernels.0.base_kernel.kernels.0"": [0.33333061013262755, 0.33331910530291464, 0.33333376267743625, 0.33333931443305226, 0.3340983964254273, 0.3333333333333335, 0.33332945040803724, 0.33329479220005526, 0.33333249044763, 0.33333290543565813, 0.33328114898972533, 0.3333333333333335, 0.3333282848027788, 0.3333291956949756, 0.3333287003065562, 0.3333445968213907, 0.3334210231457238, 0.3333333333333335], ""kernels.0.base_kernel.kernels.1.base_kernel"": [0.6931481805599428, 0.6931481805599428, 0.6931481805599428], ""kernels.1.base_kernel.kernels.0"": [0.2099643543672338, 0.19578279229367831, 0.05000382253872484, 0.2059975852173143, 1.9328831970713556, 0.3333333333333335, 0.1351215252383806, 0.21673512167986847, 0.0500106902149057, 0.27517185707635833, 0.3581564371577192, 0.3333333333333335, 0.16565598012039393, 0.3271150972103635, 0.0742658283860594, 0.41851047602699776, 0.7670368684441491, 0.3333333333333335], ""kernels.1.base_kernel.kernels.1"": [0.6931481805599428, 0.6931481805599428, 0.6931481805599428]}","{""kernels.0"": 1.564746740436022e-05, ""kernels.0.base_kernel.kernels.1"": 0.018925467916618977, ""kernels.1"": 0.36454161138744856}",10,5,30,15,15,archive,5,55
269,126.37107602507207,123.86704460129343,0.4984,local,-5.86248819906078,-15.928395947506207,10.065907748445426,0.03950518067268968,0.2753032832031582,archive,371,34,0.023957497392932285,0.007649240433508083,0.010136288481005704,0.00035135982443357684,0.1278275034460958,0.05000382253871045,0.333333119478739,1.9328840805702596,"{""kernels.0.base_kernel.kernels.0"": [0.33333061011729354, 0.333319105407039, 0.33333376267723236, 0.3333393144187369, 0.3340983969334768, 0.3333333333333335, 0.33332945037203, 0.3332947921273419, 0.3333324904400935, 0.3333329056241445, 0.3332811490210183, 0.3333333333333335, 0.3333282848039571, 0.3333291956558982, 0.3333287003032052, 0.33334459697946234, 0.333421023812132, 0.3333333333333335], ""kernels.0.base_kernel.kernels.1.base_kernel"": [0.6931481805599428, 0.6931481805599428, 0.6931481805599428], ""kernels.1.base_kernel.kernels.0"": [0.20996443624333205, 0.19578336177963346, 0.05000382253871045, 0.20599757207030492, 1.9328840805702596, 0.3333333333333335, 0.1351216438317968, 0.21673411033062775, 0.050010690215389855, 0.2751723759362018, 0.3581565924908712, 0.3333333333333335, 0.1656559436948961, 0.32711526482222253, 0.07426579209792748, 0.41851001396344745, 0.7670359483880719, 0.3333333333333335], ""kernels.1.base_kernel.kernels.1"": [0.6931481805599428, 0.6931481805599428, 0.6931481805599428]}","{""kernels.0"": 1.564746675969098e-05, ""kernels.0.base_kernel.kernels.1"": 0.01892546791188461, ""kernels.1"": 0.3645413949596431}",10,5,30,15,15,archive,4,56
270,142.50365948987803,123.86704460129343,0.4982,global,-6.279809031218292,-13.923921090104512,7.64411205888622,0.9160319548259805,1.4128926437673068,global,,,0.0951856168969531,0.007624126580539189,0.010096499380926422,0.0003487807252970348,0.1278267078889372,0.05000382253868073,0.3333331196806892,1.9328864142850357,"{""kernels.0.base_kernel.kernels.0"": [0.3333306100899885, 0.3333191056389927, 0.33333376267763143, 0.3333393143895744, 0.33409839819160997, 0.3333333333333335, 0.3333294503004552, 0.3332947919783527, 0.33333249042751073, 0.3333329060280449, 0.33328114909347356, 0.3333333333333335, 0.3333282848063106, 0.3333291955745738, 0.3333287002964135, 0.3333445973182356, 0.33342102521764483, 0.3333333333333335], ""kernels.0.base_kernel.kernels.1.base_kernel"": [0.6931481805599428, 0.6931481805599428, 0.6931481805599428], ""kernels.1.base_kernel.kernels.0"": [0.20996467552579076, 0.1957849275157478, 0.05000382253868073, 0.2059975286954629, 1.9328864142850357, 0.3333333333333335, 0.13512212436276302, 0.21673217068955927, 0.050010690216415486, 0.2751735886252895, 0.35815699486728336, 0.3333333333333335, 0.16565597918105102, 0.3271156115591157, 0.07426573049939157, 0.4185093254537578, 0.7670340645995186, 0.3333333333333335], ""kernels.1.base_kernel.kernels.1"": [0.6931481805599428, 0.6931481805599428, 0.6931481805599428]}","{""kernels.0"": 1.5647465400315082e-05, ""kernels.0.base_kernel.kernels.1"": 0.01892546790197016, ""kernels.1"": 0.3645390082994412}",10,5,30,15,15,archive,5,57
271,129.69412129496789,123.86704460129343,0.4986,global,-6.09014723576524,-14.540484691502346,8.450337455737106,0.9767366168516157,1.4131779569329463,global,,,0.06527896470361212,0.007620668004578982,0.010093292362871634,0.000349075920074305,0.12782670713827646,0.05000382253868071,0.33333311968085394,1.932886424386651,"{""kernels.0.base_kernel.kernels.0"": [0.33333061008997283, 0.33331910563914585, 0.3333337626776327, 0.3333393143895584, 0.3340983981933171, 0.3333333333333335, 0.3333294503004113, 0.33329479197823636, 0.33333249042751106, 0.3333329060283744, 0.3332811490935809, 0.3333333333333335, 0.3333282848063148, 0.33332919557451124, 0.33332870029641287, 0.33334459731846283, 0.33342102521855954, 0.3333333333333335], ""kernels.0.base_kernel.kernels.1.base_kernel"": [0.6931481805599428, 0.6931481805599428, 0.6931481805599428], ""kernels.1.base_kernel.kernels.0"": [0.20996467585352863, 0.1957849286051905, 0.05000382253868071, 0.20599752851381192, 1.932886424386651, 0.3333333333333335, 0.13512212461462678, 0.21673216930654524, 0.05001069021641616, 0.2751735895381177, 0.3581569948631714, 0.3333333333333335, 0.16565597923672715, 0.32711561164547054, 0.07426573045450001, 0.41850932507783306, 0.7670340630759256, 0.3333333333333335], ""kernels.1.base_kernel.kernels.1"": [0.6931481805599428, 0.6931481805599428, 0.6931481805599428]}","{""kernels.0"": 1.5647465399370268e-05, ""kernels.0.base_kernel.kernels.1"": 0.018925467901963675, ""kernels.1"": 0.36453900604746636}",10,5,30,15,15,archive,4,58
272,154.85099838759504,123.86704460129343,0.4996,global,-6.486753113350735,-14.246523829392947,7.759770716042212,0.885672462249422,1.4135025194814652,global,,,0.08961550233696973,0.007618317540717455,0.010090684905628769,0.00034916744786807883,0.1278267066646472,0.0500038225386807,0.33333311968095464,1.9328864294098893,"{""kernels.0.base_kernel.kernels.0"": [0.3333306100899643, 0.3333191056392177, 0.33333376267763426, 0.3333393143895474, 0.33409839819413295, 0.3333333333333335, 0.3333294503003885, 0.333294791978171, 0.3333324904275114, 0.3333329060285758, 0.33328114909360346, 0.3333333333333335, 0.3333282848063162, 0.33332919557446566, 0.33332870029641537, 0.3333445973185728, 0.33342102521904027, 0.3333333333333335], ""kernels.0.base_kernel.kernels.1.base_kernel"": [0.6931481805599428, 0.6931481805599428, 0.6931481805599428], ""kernels.1.base_kernel.kernels.0"": [0.20996467605035823, 0.1957849291978502, 0.0500038225386807, 0.20599752836955065, 1.9328864294098893, 0.3333333333333335, 0.13512212475487706, 0.21673216827334701, 0.05001069021641651, 0.2751735902788901, 0.35815699454060573, 0.3333333333333335, 0.16565597929111836, 0.32711561171947334, 0.07426573045365857, 0.4185093248692063, 0.7670340623419639, 0.3333333333333335], ""kernels.1.base_kernel.kernels.1"": [0.6931481805599428, 0.6931481805599428, 0.6931481805599428]}","{""kernels.0"": 1.5647465398887574e-05, ""kernels.0.base_kernel.kernels.1"": 0.018925467901960362, ""kernels.1"": 0.3645390046265824}",10,5,30,15,15,archive,5,59
273,127.49056759663378,123.86704460129343,0.5002,local,-5.896752827021395,-18.232188436735942,12.335435609714548,0.05890284788621501,0.36421562208233066,archive,352,40,0.03277650516891452,0.007625391831885388,0.010109168109554015,0.0003511478539957925,0.12782670581623268,0.05000382253868068,0.33333311968115353,1.9328864399409809,"{""kernels.0.base_kernel.kernels.0"": [0.333330610089951, 0.3333191056393678, 0.33333376267763726, 0.3333393143895332, 0.3340983981955403, 0.3333333333333335, 0.3333294503003523, 0.33329479197810874, 0.333332490427513, 0.33333290602897353, 0.3332811490936465, 0.3333333333333335, 0.3333282848063104, 0.333329195574456, 0.3333287002964204, 0.33334459731877697, 0.3334210252199735, 0.3333333333333335], ""kernels.0.base_kernel.kernels.1.base_kernel"": [0.6931481805599428, 0.6931481805599428, 0.6931481805599428], ""kernels.1.base_kernel.kernels.0"": [0.20996467641579952, 0.19578493053118498, 0.05000382253868068, 0.2059975281992423, 1.9328864399409809, 0.3333333333333335, 0.13512212499071988, 0.21673216614982319, 0.0500106902164172, 0.2751735916686221, 0.3581569935533961, 0.3333333333333335, 0.1656559794772377, 0.3271156115500597, 0.07426573043709925, 0.41850932451412476, 0.767034060999959, 0.3333333333333335], ""kernels.1.base_kernel.kernels.1"": [0.6931481805599428, 0.6931481805599428, 0.6931481805599428]}","{""kernels.0"": 1.5647465397955933e-05, ""kernels.0.base_kernel.kernels.1"": 0.018925467901953957, ""kernels.1"": 0.3645390020813461}",10,5,30,15,15,archive,4,60
274,127.13578743940155,123.86704460129343,0.5006,local,-6.011004686972741,-18.24026045980333,12.22925577283059,0.07492109478312049,0.4629013287718036,archive,352,41,0.033084379383272945,0.007611944430489516,0.010105912574389095,0.00035115954278350556,0.1270752409342024,0.05000382252828417,0.333333233088972,1.938602902174363,"{""kernels.0.base_kernel.kernels.0"": [0.33333060273420295, 0.33331918756552803, 0.33333376444879675, 0.33333930677198353, 0.334099157144877, 0.3333333333333335, 0.33332943416672095, 0.3332947573524395, 0.33333249238478463, 0.3333331328446106, 0.3332811722184856, 0.3333333333333335, 0.3333282832070938, 0.3333291893409004, 0.3333287037689269, 0.3333447108314827, 0.3334215449180292, 0.3333333333333335], ""kernels.0.base_kernel.kernels.1.base_kernel"": [0.6931481805599428, 0.6931481805599428, 0.6931481805599428], ""kernels.1.base_kernel.kernels.0"": [0.21016728538828677, 0.19655162135611795, 0.05000382252828417, 0.2059164702115329, 1.938602902174363, 0.3333333333333335, 0.13537903892109476, 0.21559926912942645, 0.050010690592530986, 0.2761621064286189, 0.35768698425887924, 0.3333333333333335, 0.1658537698737911, 0.3270846481890558, 0.0742644800976128, 0.41836136907764965, 0.7665374876107874, 0.3333333333333335], ""kernels.1.base_kernel.kernels.1"": [0.6931481805599428, 0.6931481805599428, 0.6931481805599428]}","{""kernels.0"": 1.564695788210238e-05, ""kernels.0.base_kernel.kernels.1"": 0.018925464453144965, ""kernels.1"": 0.3622846113915801}",10,5,30,15,15,archive,4,61
275,128.71217975252694,123.86704460129343,0.499,local,-6.094035710097,-12.550585879972424,6.456550169875424,0.03813444426208128,0.29082468020362595,archive,377,25,0.03785815868045278,0.0076001641764857466,0.010115383355177207,0.0003520568082123353,0.12605627899842978,0.050003822470608424,0.3333333333333335,1.969151017834882,"{""kernels.0.base_kernel.kernels.0"": [0.33333054816500407, 0.3333195759751146, 0.33333376587594377, 0.3333392648797728, 0.33410385248280766, 0.3333333333333335, 0.3333293364689021, 0.3332945427527731, 0.3333324732976626, 0.3333343462025474, 0.3332812357520271, 0.3333333333333335, 0.33332828163941314, 0.33332919323427884, 0.3333287166614106, 0.333345395703728, 0.333424412056291, 0.3333333333333335], ""kernels.0.base_kernel.kernels.1.base_kernel"": [0.6931481805599428, 0.6931481805599428, 0.6931481805599428], ""kernels.1.base_kernel.kernels.0"": [0.2110566634754755, 0.19961150999920882, 0.050003822470608424, 0.2050943513063979, 1.969151017834882, 0.3333333333333335, 0.13680638507228915, 0.20995176758721446, 0.05001069270713147, 0.28173388480360845, 0.35345867313315665, 0.3333333333333335, 0.16692763662367077, 0.3268257568383811, 0.07425978905953641, 0.41811095164548034, 0.7634143427123805, 0.3333333333333335], ""kernels.1.base_kernel.kernels.1"": [0.6931481805599428, 0.6931481805599428, 0.6931481805599428]}","{""kernels.0"": 1.564415028925631e-05, ""kernels.0.base_kernel.kernels.1"": 0.018925444726696238, ""kernels.1"": 0.3592277481183038}",10,5,30,15,15,archive,4,62
276,136.72546031211715,123.86704460129343,0.499,global,-6.305952487324204,-13.963743453246321,7.657790965922118,0.6869222368163896,1.3972351165706405,global,,,0.09107920627021195,0.007586960197428894,0.010082284449839671,0.0003499915792341719,0.12655577554996153,0.050003822461392435,0.3333333333333335,1.9712971711931533,"{""kernels.0.base_kernel.kernels.0"": [0.33333053771278437, 0.3333196094061585, 0.3333337664571973, 0.33333925534014486, 0.3341045283939599, 0.3333333333333335, 0.3333293156471168, 0.33329454056305396, 0.33333247016754447, 0.3333345238926575, 0.3332812243115489, 0.3333333333333335, 0.3333282735391102, 0.3333291866309751, 0.3333287134773173, 0.3333454919966695, 0.33342483097066145, 0.3333333333333335], ""kernels.0.base_kernel.kernels.1.base_kernel"": [0.6931481805599428, 0.6931481805599428, 0.6931481805599428], ""kernels.1.base_kernel.kernels.0"": [0.21108578660128932, 0.1996460711452757, 0.050003822461392435, 0.20499224549850206, 1.9712971711931533, 0.3333333333333335, 0.13694317418088386, 0.20986243673959376, 0.050010693032718476, 0.28227635311509985, 0.3524135877967569, 0.3333333333333335, 0.1670301068178352, 0.3266641402041241, 0.0742638907291716, 0.41792970455837153, 0.7628283167588986, 0.3333333333333335], ""kernels.1.base_kernel.kernels.1"": [0.6931481805599428, 0.6931481805599428, 0.6931481805599428]}","{""kernels.0"": 1.5643722237874818e-05, ""kernels.0.base_kernel.kernels.1"": 0.018925441730036244, ""kernels.1"": 0.36072624119761043}",10,5,30,15,15,archive,6,63
277,127.71220372762195,123.86704460129343,0.5006,global,-6.115838284256176,-13.501556996668706,7.38571871241253,1.0319046139642054,1.4133307897766576,global,,,0.03304173713204223,0.007582495634005387,0.010076424984113963,0.00035000738884166606,0.12655577548027028,0.05000382246139242,0.3333333333333335,1.9712971781923652,"{""kernels.0.base_kernel.kernels.0"": [0.3333305377127732, 0.3333196094062395, 0.33333376645719776, 0.3333392553401332, 0.3341045283954705, 0.3333333333333335, 0.3333293156470983, 0.3332945405630551, 0.33333247016754225, 0.33333452389296353, 0.33328122431161045, 0.3333333333333335, 0.3333282735390934, 0.33332918663098454, 0.3333287134773172, 0.3333454919968146, 0.33342483097125153, 0.3333333333333335], ""kernels.0.base_kernel.kernels.1.base_kernel"": [0.6931481805599428, 0.6931481805599428, 0.6931481805599428], ""kernels.1.base_kernel.kernels.0"": [0.21108578675656242, 0.19964607147538313, 0.05000382246139242, 0.20499224518581405, 1.9712971781923652, 0.3333333333333335, 0.13694317456308708, 0.20986243664651263, 0.050010693032718996, 0.28227635421795844, 0.3524135867601749, 0.3333333333333335, 0.1670301072037692, 0.32666413998013527, 0.07426389075257413, 0.41792970469264945, 0.7628283161142944, 0.3333333333333335], ""kernels.1.base_kernel.kernels.1"": [0.6931481805599428, 0.6931481805599428, 0.6931481805599428]}","{""kernels.0"": 1.5643722237168352e-05, ""kernels.0.base_kernel.kernels.1"": 0.018925441730031398, ""kernels.1"": 0.3607262409885422}",10,5,30,15,15,archive,4,64
278,130.06230469301755,123.86704460129343,0.4992,local,-6.205401075902579,-11.071273113261956,4.865872037359377,0.08961726610866748,0.4657952603400125,archive,349,19,0.04067426487677031,0.007578607551438434,0.01009114039075649,0.0003512916252369513,0.12592423694119656,0.050003822443019146,0.3333333333333335,1.9814711403482301,"{""kernels.0.base_kernel.kernels.0"": [0.33333052286176956, 0.3333197272091195, 0.33333376788866315, 0.3333392525792453, 0.3341067020183953, 0.3333333333333335, 0.333329293690939, 0.33329453624905236, 0.3333324688140028, 0.33333496655098227, 0.33328130133463674, 0.3333333333333335, 0.3333282482861947, 0.3333291891371414, 0.3333287133672322, 0.3333456974959928, 0.33342567741005946, 0.3333333333333335], ""kernels.0.base_kernel.kernels.1.base_kernel"": [0.6931481805599428, 0.6931481805599428, 0.6931481805599428], ""kernels.1.base_kernel.kernels.0"": [0.2113424224846413, 0.20012919265811877, 0.050003822443019146, 0.2051660775582852, 1.9814711403482301, 0.3333333333333335, 0.1377600766528032, 0.20959589045452112, 0.050010693792554246, 0.2840135574672407, 0.35095803366103734, 0.3333333333333335, 0.16757646341521382, 0.32622365336433884, 0.07430662236108121, 0.41807061832647846, 0.7617629026544624, 0.3333333333333335], ""kernels.1.base_kernel.kernels.1"": [0.6931481805599428, 0.6931481805599428, 0.6931481805599428]}","{""kernels.0"": 1.564270126999531e-05, ""kernels.0.base_kernel.kernels.1"": 0.018925434725646298, ""kernels.1"": 0.3588316333966734}",10,5,30,15,15,archive,3,65
279,128.1747435067141,123.86704460129343,0.5,global,-6.096590727864582,-12.261566302923331,6.164975575058749,0.7740479136982716,1.4031981215809806,global,,,0.035832767861847796,0.007570831548332799,0.010102918283092172,0.00035239800389217637,0.1276654668393454,0.05000382229028021,0.3333333333333335,2.045249570633443,"{""kernels.0.base_kernel.kernels.0"": [0.333330372734948, 0.3333207692711967, 0.333333776076498, 0.3333391766411116, 0.33412363123726563, 0.3333333333333335, 0.3333290603469196, 0.3332944503390075, 0.333332412779088, 0.33333856296143727, 0.3332818743580451, 0.3333333333333335, 0.33332799783362727, 0.33332922203476933, 0.3333286807911218, 0.3333473802600551, 0.3334324899855853, 0.3333333333333335], ""kernels.0.base_kernel.kernels.1.base_kernel"": [0.6931481805599428, 0.6931481805599428, 0.6931481805599428], ""kernels.1.base_kernel.kernels.0"": [0.21262712921504698, 0.207568888956001, 0.05000382229028021, 0.20549723857488575, 2.045249570633443, 0.3333333333333335, 0.1434786114444557, 0.20674890126531176, 0.05001070011019555, 0.29872880621200515, 0.33934049571274477, 0.3333333333333335, 0.1713135326658251, 0.321814204172348, 0.07459054442925245, 0.4181285467649065, 0.7518730468732122, 0.3333333333333335], ""kernels.1.base_kernel.kernels.1"": [0.6931481805599428, 0.6931481805599428, 0.6931481805599428]}","{""kernels.0"": 1.5634305978575454e-05, ""kernels.0.base_kernel.kernels.1"": 0.018925376676652176, ""kernels.1"": 0.3640553895354055}",10,5,30,15,15,archive,3,66
280,128.94803435111882,123.86704460129343,0.5002,global,-6.295484153899659,-14.618449388369767,8.322965234470107,0.8007307944554102,1.3914737629320624,global,,,0.05207981397855711,0.0075600408684271545,0.010083387993378129,0.0003512846029820372,0.12766466366312948,0.05000382229026936,0.3333333333333335,2.0452487899517706,"{""kernels.0.base_kernel.kernels.0"": [0.33333037273734595, 0.3333207693125531, 0.33333377607856407, 0.33333917662374435, 0.33412363238271003, 0.3333333333333335, 0.3333290603416981, 0.33329445039560845, 0.3333324127705622, 0.33333856318704197, 0.33328187445336455, 0.3333333333333335, 0.3333279978231805, 0.33332922209000093, 0.3333286807835143, 0.3333473804274017, 0.3334324905346349, 0.3333333333333335], ""kernels.0.base_kernel.kernels.1.base_kernel"": [0.6931481805599428, 0.6931481805599428, 0.6931481805599428], ""kernels.1.base_kernel.kernels.0"": [0.21262760840055991, 0.20756891798822272, 0.05000382229026936, 0.20549727543572252, 2.0452487899517706, 0.3333333333333335, 0.14347878604912292, 0.20674944699854447, 0.05001070011067913, 0.2987292495052287, 0.33934038024344887, 0.3333333333333335, 0.1713137972233099, 0.321814317304954, 0.07459055598094881, 0.4181287615473103, 0.7518734668181373, 0.3333333333333335], ""kernels.1.base_kernel.kernels.1"": [0.6931481805599428, 0.6931481805599428, 0.6931481805599428]}","{""kernels.0"": 1.56343053398171e-05, ""kernels.0.base_kernel.kernels.1"": 0.018925376672368453, ""kernels.1"": 0.3640529800116802}",10,5,30,15,15,archive,4,67
281,125.81956892042749,123.86704460129343,0.4996,local,-6.064246785555531,-17.154782787356382,11.090536001800851,0.048294800110911716,0.2607158900102582,archive,384,42,0.02805457211875638,0.0075710586440998155,0.010131262647704045,0.00035494882088116746,0.1267790065001552,0.05000382228043694,0.3333333333333335,2.0447778340961045,"{""kernels.0.base_kernel.kernels.0"": [0.3333303776707569, 0.333320803556931, 0.33333377767473993, 0.33333916806155633, 0.33412459729810323, 0.3333333333333335, 0.33332905830977444, 0.3332945048041925, 0.3333324047891312, 0.3333387500952253, 0.33328198921470154, 0.3333333333333335, 0.3333279850530338, 0.33332931684670664, 0.3333286726571563, 0.3333475110349266, 0.3334331698873819, 0.3333333333333335], ""kernels.0.base_kernel.kernels.1.base_kernel"": [0.6931481805599428, 0.6931481805599428, 0.6931481805599428], ""kernels.1.base_kernel.kernels.0"": [0.21302300464555265, 0.20747759499443166, 0.05000382228043694, 0.2055419061176397, 2.0447778340961045, 0.3333333333333335, 0.14366731673565236, 0.20703039090656525, 0.0500107005398384, 0.29927130098479504, 0.3395401604510798, 0.3333333333333335, 0.1717484301880408, 0.32276430775834203, 0.07459335140473819, 0.4183181104509977, 0.7537751908661532, 0.3333333333333335], ""kernels.1.base_kernel.kernels.1"": [0.6931481805599428, 0.6931481805599428, 0.6931481805599428]}","{""kernels.0"": 1.5633732417452246e-05, ""kernels.0.base_kernel.kernels.1"": 0.018925372873456168, ""kernels.1"": 0.36139601289459194}",10,5,30,15,15,archive,4,68
282,129.4366542851364,123.86704460129343,0.4976,local,-6.153976664885702,-11.128478351483224,4.974501686597522,0.11889975658874144,0.47323709004579656,archive,349,20,0.035076130972529,0.007562697571454042,0.010118943313919682,0.00035428868645785857,0.1267790234720292,0.05000382228043003,0.3333333333333335,2.0447773467455814,"{""kernels.0.base_kernel.kernels.0"": [0.3333303776711238, 0.33332080357278837, 0.33333377767550354, 0.3333391680541882, 0.3341245978853709, 0.3333333333333335, 0.33332905830699383, 0.3332945048295058, 0.33333240478179066, 0.3333387502133533, 0.3332819892787755, 0.3333333333333335, 0.3333279850431487, 0.3333293169245541, 0.3333286726507153, 0.3333475111217035, 0.3334331704531952, 0.3333333333333335], ""kernels.0.base_kernel.kernels.1.base_kernel"": [0.6931481805599428, 0.6931481805599428, 0.6931481805599428], ""kernels.1.base_kernel.kernels.0"": [0.21302320515158288, 0.20747737608645092, 0.05000382228043003, 0.20554187146155292, 2.0447773467455814, 0.3333333333333335, 0.14366741874661593, 0.20703039201899967, 0.05001070054012175, 0.2992715402823126, 0.3395400475184061, 0.3333333333333335, 0.17174866099838643, 0.3227650672667086, 0.07459334692464273, 0.4183183210992205, 0.7537766488278161, 0.3333333333333335], ""kernels.1.base_kernel.kernels.1"": [0.6931481805599428, 0.6931481805599428, 0.6931481805599428]}","{""kernels.0"": 1.563373203723704e-05, ""kernels.0.base_kernel.kernels.1"": 0.018925372870907252, ""kernels.1"": 0.36139606381314315}",10,5,30,15,15,archive,4,69
283,130.5860734712268,123.86704460129343,0.5,local,-6.027647730261219,-14.54406690770201,8.516419177440792,0.11940887844964321,0.19273572981605974,archive,383,35,0.02340371382445352,0.007550551079629773,0.010098186469757325,0.00035311999825923834,0.12677875881554615,0.05000382228041809,0.3333333333333335,2.044776697415524,"{""kernels.0.base_kernel.kernels.0"": [0.33333037767360335, 0.3333208036017133, 0.333333777677154, 0.33333916804275554, 0.33412459901438446, 0.3333333333333335, 0.3333290583025631, 0.33329450487820383, 0.3333324047705836, 0.3333387504276631, 0.333281989392328, 0.3333333333333335, 0.3333279850266957, 0.3333293170647896, 0.33332867263910676, 0.3333475112780086, 0.3334331714589413, 0.3333333333333335], ""kernels.0.base_kernel.kernels.1.base_kernel"": [0.6931481805599428, 0.6931481805599428, 0.6931481805599428], ""kernels.1.base_kernel.kernels.0"": [0.21302359398572002, 0.20747702774476331, 0.05000382228041809, 0.2055418319573786, 2.044776697415524, 0.3333333333333335, 0.14366760988916627, 0.20703040999665182, 0.05001070054063102, 0.2992720477284751, 0.3395399722412444, 0.3333333333333335, 0.17174917117725785, 0.3227665037320047, 0.07459334737870388, 0.4183187589951504, 0.7537795477705174, 0.3333333333333335], ""kernels.1.base_kernel.kernels.1"": [0.6931481805599428, 0.6931481805599428, 0.6931481805599428]}","{""kernels.0"": 1.5633731361102604e-05, ""kernels.0.base_kernel.kernels.1"": 0.018925372866411303, ""kernels.1"": 0.36139526984886605}",10,5,30,15,15,archive,3,70
284,127.93684521046431,123.86704460129343,0.5006,local,-5.547362720389055,-17.605483188984266,12.058120468595211,0.06466725593703992,0.2568846711054194,archive,384,43,0.027202443247442906,0.0075629862200611,0.010126355007230827,0.00035542612904869225,0.12677875936823435,0.050003822280418025,0.3333333333333335,2.0447766763651174,"{""kernels.0.base_kernel.kernels.0"": [0.3333303776735578, 0.33332080360201344, 0.3333337776771763, 0.3333391680426319, 0.3341245990134454, 0.3333333333333335, 0.33332905830244364, 0.333294504878363, 0.33333240477052817, 0.333338750428765, 0.3332819893923472, 0.3333333333333335, 0.3333279850267474, 0.33332931706530033, 0.3333286726390866, 0.33334751127911544, 0.3334331714653255, 0.3333333333333335], ""kernels.0.base_kernel.kernels.1.base_kernel"": [0.6931481805599428, 0.6931481805599428, 0.6931481805599428], ""kernels.1.base_kernel.kernels.0"": [0.2130235954797915, 0.20747702547017166, 0.050003822280418025, 0.20554183251699934, 2.0447766763651174, 0.3333333333333335, 0.14366761088166313, 0.20703040869230843, 0.050010700540633495, 0.299272050517998, 0.3395399667350025, 0.3333333333333335, 0.1717491744362537, 0.32276651298056974, 0.07459334735392376, 0.4183187613268763, 0.7537795659383986, 0.3333333333333335], ""kernels.1.base_kernel.kernels.1"": [0.6931481805599428, 0.6931481805599428, 0.6931481805599428]}","{""kernels.0"": 1.563373135806789e-05, ""kernels.0.base_kernel.kernels.1"": 0.018925372866389314, ""kernels.1"": 0.36139527150695566}",10,5,30,15,15,archive,5,71
285,133.51475426080066,123.86704460129343,0.5004,local,-6.07281880933732,-17.824679579802,11.751860770464681,0.0789772802095955,0.3576374690000453,archive,384,44,0.06694613149909626,0.007556019633183837,0.01012548289540127,0.0003556394822163174,0.126634155350362,0.05000382226831881,0.3333333333333335,2.040771184815342,"{""kernels.0.base_kernel.kernels.0"": [0.33333037257297565, 0.33332086055713855, 0.3333337829412794, 0.3333391421227368, 0.33412452860968894, 0.3333333333333335, 0.33332904207251585, 0.3332945407197463, 0.3333323969970245, 0.3333389989982077, 0.33328196274013194, 0.3333333333333335, 0.3333280010555542, 0.33332940109907305, 0.3333286716407342, 0.33334777056681336, 0.33343443349468327, 0.3333333333333335], ""kernels.0.base_kernel.kernels.1.base_kernel"": [0.6931481805599428, 0.6931481805599428, 0.6931481805599428], ""kernels.1.base_kernel.kernels.0"": [0.21340854028007783, 0.207115413881073, 0.05000382226831881, 0.20567967079928262, 2.040771184815342, 0.3333333333333335, 0.14410265375710493, 0.2067093819926581, 0.05001070106529864, 0.29998940247635353, 0.3382932033226403, 0.3333333333333335, 0.17248489655921928, 0.32468570467359187, 0.07459453042343395, 0.4188409453708548, 0.7577855089404105, 0.3333333333333335], ""kernels.1.base_kernel.kernels.1"": [0.6931481805599428, 0.6931481805599428, 0.6931481805599428]}","{""kernels.0"": 1.5633087984746256e-05, ""kernels.0.base_kernel.kernels.1"": 0.018925368246548228, ""kernels.1"": 0.360961464716553}",10,5,30,15,15,archive,1,72
286,127.7712653280156,123.86704460129343,0.4996,local,-6.183114746698447,-17.74358468738291,11.560469940684463,0.06410352455036253,0.336455580125454,archive,384,44,0.033242141660027896,0.007550986132089406,0.010153108722993688,0.0003580186496891047,0.126359278072928,0.050003822234642434,0.3333333333333335,2.0304078692526764,"{""kernels.0.base_kernel.kernels.0"": [0.33333035983415316, 0.3333210202641668, 0.33333379613789066, 0.3333390861123479, 0.33412439230377783, 0.3333333333333335, 0.3333289972963116, 0.333294656311112, 0.333332363139288, 0.33333964706279123, 0.3332818872427697, 0.3333333333333335, 0.3333280215979235, 0.33332967752037795, 0.33332867596476656, 0.33334861397830934, 0.3334386685944581, 0.3333333333333335], ""kernels.0.base_kernel.kernels.1.base_kernel"": [0.6931481805599428, 0.6931481805599428, 0.6931481805599428], ""kernels.1.base_kernel.kernels.0"": [0.2143168421153434, 0.20621826932452644, 0.050003822234642434, 0.2061344974776352, 2.0304078692526764, 0.3333333333333335, 0.14523210856397384, 0.2058903281189108, 0.05001070255389962, 0.30159598064929954, 0.33542443307240194, 0.3333333333333335, 0.174300812698413, 0.33082711112646496, 0.07462650158222217, 0.42146063419355784, 0.7761520208161772, 0.3333333333333335], ""kernels.1.base_kernel.kernels.1"": [0.6931481805599428, 0.6931481805599428, 0.6931481805599428]}","{""kernels.0"": 1.5631258164609594e-05, ""kernels.0.base_kernel.kernels.1"": 0.018925355153536116, ""kernels.1"": 0.3601368478070832}",10,5,30,15,15,archive,2,73
287,125.68388632352861,123.86704460129343,0.4992,local,-6.259383927988241,-11.07557239070384,4.8161884627155995,0.065137329087993,0.24806116194579442,archive,349,20,0.017154969071597696,0.007535309039393138,0.010128600879638303,0.00035654623865034315,0.1266478775429352,0.0500038222265121,0.3333333333333335,2.02867179158766,"{""kernels.0.base_kernel.kernels.0"": [0.333330355414957, 0.3333210556878508, 0.3333337995016191, 0.33333906875557273, 0.334124416884193, 0.3333333333333335, 0.3333289844625112, 0.3332946735872026, 0.33333236212545553, 0.3333398023029971, 0.33328184917442644, 0.3333333333333335, 0.3333280186315792, 0.3333297092157128, 0.3333286750657094, 0.3333488035663358, 0.3334397224793372, 0.3333333333333335], ""kernels.0.base_kernel.kernels.1.base_kernel"": [0.6931481805599428, 0.6931481805599428, 0.6931481805599428], ""kernels.1.base_kernel.kernels.0"": [0.21445075499610824, 0.20604106463338942, 0.0500038222265121, 0.2060915098895609, 2.02867179158766, 0.3333333333333335, 0.1454695174203443, 0.2055732377451811, 0.050010702913250916, 0.30204780112237706, 0.33478219285994887, 0.3333333333333335, 0.17462734017819256, 0.3316808536078213, 0.07463369652897789, 0.42196942593276526, 0.7792562806107669, 0.3333333333333335], ""kernels.1.base_kernel.kernels.1"": [0.6931481805599428, 0.6931481805599428, 0.6931481805599428]}","{""kernels.0"": 1.5630812314505098e-05, ""kernels.0.base_kernel.kernels.1"": 0.018925352108248743, ""kernels.1"": 0.3610026497082423}",10,5,30,15,15,archive,4,74
288,127.95116349672742,123.86704460129343,0.4994,local,-6.170940433410626,-10.026698427852372,3.8557579944417455,0.07584504971397406,0.41299258926891685,archive,317,0,0.03473124796171982,0.007508214197983753,0.010133624824066467,0.0003571857497273863,0.1280249770838899,0.05000382210109437,0.3333333333333335,2.008097091824542,"{""kernels.0.base_kernel.kernels.0"": [0.3333302711493015, 0.33332171055950394, 0.3333338408342092, 0.33333880570014157, 0.3341257391508546, 0.3333333333333335, 0.3333288700445416, 0.33329497672274355, 0.3333322963317653, 0.33334213987953804, 0.3332814654269374, 0.3333333333333335, 0.3333280003599533, 0.3333302710323534, 0.3333286693358752, 0.33335182386163714, 0.333456968067432, 0.3333333333333335], ""kernels.0.base_kernel.kernels.1.base_kernel"": [0.6931481805599428, 0.6931481805599428, 0.6931481805599428], ""kernels.1.base_kernel.kernels.0"": [0.21654591263794443, 0.20554154070198927, 0.05000382210109437, 0.2055912258520892, 2.008097091824542, 0.3333333333333335, 0.15089516543567377, 0.20294196201108097, 0.05001070875052642, 0.3104089438799094, 0.32864771697258827, 0.3333333333333335, 0.1807128944730825, 0.34536339761186324, 0.07489917508415622, 0.43079736016770465, 0.8302939474793708, 0.3333333333333335], ""kernels.1.base_kernel.kernels.1"": [0.6931481805599428, 0.6931481805599428, 0.6931481805599428]}","{""kernels.0"": 1.5623598381766665e-05, ""kernels.0.base_kernel.kernels.1"": 0.018925301219654776, ""kernels.1"": 0.36513400643363314}",10,5,30,15,15,archive,4,75
289,141.20152558702245,123.86704460129343,0.5,global,-6.288858575697307,-11.759507234249815,5.470648658552508,0.9674190767543526,1.3916071604148033,global,,,0.08132137100597785,0.007490549283327111,0.010102475153190323,0.0003552522665396429,0.1280246683084901,0.050003822101077004,0.3333333333333335,2.008100760509963,"{""kernels.0.base_kernel.kernels.0"": [0.33333027114661185, 0.33332171066453603, 0.3333338408394777, 0.33333880565903135, 0.33412573978221816, 0.3333333333333335, 0.33332887006836465, 0.3332949767691463, 0.3333322963393074, 0.33334214019004355, 0.3332814654284825, 0.3333333333333335, 0.3333280003274845, 0.33333027103461954, 0.33332866935394123, 0.3333518242016721, 0.3334569702963483, 0.3333333333333335], ""kernels.0.base_kernel.kernels.1.base_kernel"": [0.6931481805599428, 0.6931481805599428, 0.6931481805599428], ""kernels.1.base_kernel.kernels.0"": [0.21654673028868512, 0.2055419278056377, 0.050003822101077004, 0.20559102571043397, 2.008100760509963, 0.3333333333333335, 0.15089552526614794, 0.20294258163423518, 0.05001070875131782, 0.31040902163401535, 0.3286477592895006, 0.3333333333333335, 0.1807131615581222, 0.3453625606409747, 0.07489924243273416, 0.43079752629408297, 0.8302940601002268, 0.3333333333333335], ""kernels.1.base_kernel.kernels.1"": [0.6931481805599428, 0.6931481805599428, 0.6931481805599428]}","{""kernels.0"": 1.5623597374624738e-05, ""kernels.0.base_kernel.kernels.1"": 0.018925301212920336, ""kernels.1"": 0.3651330801151753}",10,5,30,15,15,archive,3,76
290,125.61980368749983,123.86704460129343,0.4982,local,-6.291880365161182,-11.134401955691054,4.842521590529872,0.07492060393970969,0.2419271806302138,archive,349,21,0.020163874646747185,0.007488320023843217,0.010102383457652344,0.0003557696492232838,0.12802466196242832,0.050003822101076824,0.3333333333333335,2.0081008165092062,"{""kernels.0.base_kernel.kernels.0"": [0.33333027114658453, 0.3333217106655997, 0.33333384083953227, 0.3333388056586357, 0.3341257397888152, 0.3333333333333335, 0.3333288700686073, 0.3332949767695769, 0.33333229633940015, 0.333342140193213, 0.33328146542879045, 0.3333333333333335, 0.33332800032716525, 0.33333027103474466, 0.33332866935414573, 0.3333518242055292, 0.3334569703188249, 0.3333333333333335], ""kernels.0.base_kernel.kernels.1.base_kernel"": [0.6931481805599428, 0.6931481805599428, 0.6931481805599428], ""kernels.1.base_kernel.kernels.0"": [0.21654673841224945, 0.20554193303037138, 0.050003822101076824, 0.20559102417062614, 2.0081008165092062, 0.3333333333333335, 0.1508955287258235, 0.202942586945832, 0.05001070875132581, 0.31040902193719483, 0.3286477663512499, 0.3333333333333335, 0.18071316431452628, 0.34536255317922154, 0.07489924336785174, 0.43079753266356313, 0.8302940596877552, 0.3333333333333335], ""kernels.1.base_kernel.kernels.1"": [0.6931481805599428, 0.6931481805599428, 0.6931481805599428]}","{""kernels.0"": 1.562359736443397e-05, ""kernels.0.base_kernel.kernels.1"": 0.018925301212852574, ""kernels.1"": 0.3651330610770679}",10,5,30,15,15,archive,4,77
291,134.49630365605807,123.86704460129343,0.4982,local,-6.2924069753911995,-17.113704164733484,10.821297189342285,0.06274311572558003,0.4491276726409617,archive,366,44,0.06528115778990073,0.007408741395894593,0.010075191455586144,0.0003540790775823745,0.12754674017858758,0.05000382209265287,0.3333333333333335,2.0109332425133335,"{""kernels.0.base_kernel.kernels.0"": [0.3333302686066391, 0.3333217627132949, 0.33333384328764676, 0.33333878820876894, 0.3341260582793123, 0.3333333333333335, 0.33332888491726703, 0.3332949923772353, 0.333332301783181, 0.3333422900579425, 0.3332814779358227, 0.3333333333333335, 0.33332798809488223, 0.3333302741552311, 0.3333286793654136, 0.33335201810787995, 0.3334580854136448, 0.3333333333333335], ""kernels.0.base_kernel.kernels.1.base_kernel"": [0.6931481805599428, 0.6931481805599428, 0.6931481805599428], ""kernels.1.base_kernel.kernels.0"": [0.2169465566029838, 0.20581520293144984, 0.05000382209265287, 0.20556787884690547, 2.0109332425133335, 0.3333333333333335, 0.1511534879453625, 0.2031801959598048, 0.050010709140346596, 0.310431118694773, 0.3289598169346295, 0.3333333333333335, 0.18093954035784415, 0.34503425319191566, 0.07494811438922429, 0.4312012614018522, 0.8304153286361565, 0.3333333333333335], ""kernels.1.base_kernel.kernels.1"": [0.6931481805599428, 0.6931481805599428, 0.6931481805599428]}","{""kernels.0"": 1.5623106360288628e-05, ""kernels.0.base_kernel.kernels.1"": 0.018925297966655437, ""kernels.1"": 0.36369929946274704}",10,5,30,15,15,archive,4,78
292,136.420788623703,123.86704460129343,0.4988,global,-6.48374079531817,-13.19702857625454,6.713287780936371,1.159017315713648,1.4016864220160579,global,,,0.06463916565734225,0.007400566816173676,0.01006175439083522,0.0003535376115404209,0.1275467605521649,0.05000382209264756,0.3333333333333335,2.0109347533150315,"{""kernels.0.base_kernel.kernels.0"": [0.333330268602603, 0.33332176274478587, 0.3333338432890093, 0.333338788195644, 0.33412605843597476, 0.3333333333333335, 0.3333288849240486, 0.33329499237577376, 0.3333323017861997, 0.33334229014249545, 0.3332814779277666, 0.3333333333333335, 0.33332798808895786, 0.3333302741544816, 0.3333286793717214, 0.3333520182224946, 0.3334580860856037, 0.3333333333333335], ""kernels.0.base_kernel.kernels.1.base_kernel"": [0.6931481805599428, 0.6931481805599428, 0.6931481805599428], ""kernels.1.base_kernel.kernels.0"": [0.21694674665794986, 0.2058152717972956, 0.05000382209264756, 0.20556779356551566, 2.0109347533150315, 0.3333333333333335, 0.15115368428642256, 0.2031802147830723, 0.050010709140585675, 0.3104310240778379, 0.32895985210546863, 0.3333333333333335, 0.18093963262217708, 0.34503415676344046, 0.07494814432732286, 0.43120140619828845, 0.8304152078559214, 0.3333333333333335], ""kernels.1.base_kernel.kernels.1"": [0.6931481805599428, 0.6931481805599428, 0.6931481805599428]}","{""kernels.0"": 1.562310606861755e-05, ""kernels.0.base_kernel.kernels.1"": 0.01892529796468271, ""kernels.1"": 0.36369936058574337}",10,5,30,15,15,archive,6,79
293,153.16098200754013,123.86704460129343,0.5,global,-6.605752995267336,-13.625246430618116,7.01949343535078,0.9345110733252487,1.3825520619491516,global,,,0.08714272198089264,0.007396340945172826,0.010056509012206736,0.0003536106413705926,0.12754676041294208,0.05000382209264755,0.3333333333333335,2.01093475573885,"{""kernels.0.base_kernel.kernels.0"": [0.33333026860259685, 0.3333217627448354, 0.33333384328901144, 0.33333878819562374, 0.33412605843619414, 0.3333333333333335, 0.3333288849240663, 0.33329499237577004, 0.3333323017862047, 0.33334229014262345, 0.3332814779277466, 0.3333333333333335, 0.3333279880889494, 0.33333027415448035, 0.3333286793717305, 0.333352018222666, 0.333458086086614, 0.3333333333333335], ""kernels.0.base_kernel.kernels.1.base_kernel"": [0.6931481805599428, 0.6931481805599428, 0.6931481805599428], ""kernels.1.base_kernel.kernels.0"": [0.2169467469365234, 0.20581527196644503, 0.05000382209264755, 0.20556779342732168, 2.01093475573885, 0.3333333333333335, 0.15115368493202272, 0.2031802147754531, 0.05001070914058603, 0.31043102394694816, 0.32895985201704114, 0.3333333333333335, 0.18093963277340241, 0.345034156632027, 0.07494814437515833, 0.43120140639146587, 0.8304152077581656, 0.3333333333333335], ""kernels.1.base_kernel.kernels.1"": [0.6931481805599428, 0.6931481805599428, 0.6931481805599428]}","{""kernels.0"": 1.5623106068184258e-05, ""kernels.0.base_kernel.kernels.1"": 0.018925297964679778, ""kernels.1"": 0.36369936016807825}",10,5,30,15,15,archive,5,80
294,162.23424789919096,123.86704460129343,0.499,global,-6.654903844685039,-14.807617982307002,8.152714137621963,0.947745065640676,1.412139828010832,global,,,0.05317426925454786,0.007399956990784619,0.010081122773178939,0.0003560438519895087,0.12733329073711616,0.050003822078135654,0.3333333333333335,2.0133979286115444,"{""kernels.0.base_kernel.kernels.0"": [0.33333025510879977, 0.33332186854980167, 0.33333384971465285, 0.33333875478161035, 0.3341259248609393, 0.3333333333333335, 0.33332892069295517, 0.3332949930180794, 0.3333323082117236, 0.33334253689489696, 0.33328140233183656, 0.3333333333333335, 0.33332798787473605, 0.3333302212506713, 0.3333286956497706, 0.3333523249595296, 0.33346000837142437, 0.3333333333333335], ""kernels.0.base_kernel.kernels.1.base_kernel"": [0.6931481805599428, 0.6931481805599428, 0.6931481805599428], ""kernels.1.base_kernel.kernels.0"": [0.21741194292646943, 0.20617249241197988, 0.050003822078135654, 0.20545501944028555, 2.0133979286115444, 0.3333333333333335, 0.152423679626766, 0.20312360280146866, 0.050010709779309374, 0.30999826492324667, 0.32881202672795984, 0.3333333333333335, 0.18121873902043453, 0.3445409745951841, 0.07502517160820871, 0.431909655019923, 0.829952075038196, 0.3333333333333335], ""kernels.1.base_kernel.kernels.1"": [0.6931481805599428, 0.6931481805599428, 0.6931481805599428]}","{""kernels.0"": 1.5622358100384412e-05, ""kernels.0.base_kernel.kernels.1"": 0.018925292778404684, ""kernels.1"": 0.3630589570748434}",10,5,30,15,15,archive,6,81
295,150.1546428017026,123.86704460129343,0.4998,global,-5.400023380873273,-14.560194872519947,9.160171491646674,0.5410097069402592,1.4031676162564686,global,,,0.05366753014543294,0.007467526918499457,0.010226540139937224,0.00036725054813335745,0.12733330877470617,0.05000382207813561,0.3333333333333335,2.0133978861560267,"{""kernels.0.base_kernel.kernels.0"": [0.33333025510877934, 0.3333218685497554, 0.33333384971466407, 0.33333875478132025, 0.334125924864399, 0.3333333333333335, 0.33332892069309406, 0.3332949930172321, 0.33333230821170745, 0.333342536895714, 0.33328140233096903, 0.3333333333333335, 0.33332798787478, 0.33333022125030537, 0.3333286956498134, 0.33335232495965755, 0.3334600083755775, 0.3333333333333335], ""kernels.0.base_kernel.kernels.1.base_kernel"": [0.6931481805599428, 0.6931481805599428, 0.6931481805599428], ""kernels.1.base_kernel.kernels.0"": [0.2174119444204097, 0.20617248814835457, 0.05000382207813561, 0.2054550133183738, 2.0133978861560267, 0.3333333333333335, 0.15242367764990783, 0.20312359881147174, 0.05001070977931095, 0.3099982620881366, 0.32881203151880195, 0.3333333333333335, 0.18121873787935383, 0.34454095670723456, 0.07502517146181623, 0.4319096356922491, 0.8299520703972575, 0.3333333333333335], ""kernels.1.base_kernel.kernels.1"": [0.6931481805599428, 0.6931481805599428, 0.6931481805599428]}","{""kernels.0"": 1.5622358098394356e-05, ""kernels.0.base_kernel.kernels.1"": 0.01892529277839103, ""kernels.1"": 0.36305901118762907}",10,5,30,15,15,archive,3,82
296,153.41699015954188,123.86704460129343,0.4984,local,-5.575167163183281,-16.760389439789304,11.185222276606023,0.1928109812115946,0.4783466846433812,archive,366,44,0.07866214488051257,0.007520914152882265,0.01034286183077912,0.0003763942812050341,0.12733332765565306,0.050003822078135585,0.3333333333333335,2.013397892756652,"{""kernels.0.base_kernel.kernels.0"": [0.3333302551087807, 0.33332186854978574, 0.33333384971469254, 0.33333875478096253, 0.33412592486658554, 0.3333333333333335, 0.33332892069306835, 0.3332949930173356, 0.3333323082117047, 0.33334253689625143, 0.3332814023295717, 0.3333333333333335, 0.3333279878747307, 0.33333022125021006, 0.33332869564982726, 0.33335232495956685, 0.33346000837831735, 0.3333333333333335], ""kernels.0.base_kernel.kernels.1.base_kernel"": [0.6931481805599428, 0.6931481805599428, 0.6931481805599428], ""kernels.1.base_kernel.kernels.0"": [0.21741194563126623, 0.20617248208291084, 0.050003822078135585, 0.20545500910902628, 2.013397892756652, 0.3333333333333335, 0.1524236748496719, 0.20312358943200481, 0.05001070977931203, 0.309998259863931, 0.32881202847675184, 0.3333333333333335, 0.18121873710488726, 0.34454094063591156, 0.07502517094549169, 0.43190961881302814, 0.8299520655486162, 0.3333333333333335], ""kernels.1.base_kernel.kernels.1"": [0.6931481805599428, 0.6931481805599428, 0.6931481805599428]}","{""kernels.0"": 1.5622358096973275e-05, ""kernels.0.base_kernel.kernels.1"": 0.018925292778381196, ""kernels.1"": 0.36305906783048103}",10,5,30,15,15,archive,3,83
297,136.02544121704236,123.86704460129343,0.4998,global,-5.780093638561432,-12.168249287687047,6.388155649125615,0.7623130916989729,1.381597148134195,global,,,0.07779527085673715,0.00751581144118873,0.010338297033890598,0.00037678116074348316,0.1273333422990887,0.050003822078135564,0.3333333333333335,2.0133978920344386,"{""kernels.0.base_kernel.kernels.0"": [0.3333302551087454, 0.3333218685498169, 0.3333338497147039, 0.33333875478067204, 0.3341259248679084, 0.3333333333333335, 0.3333289206930367, 0.33329499301733706, 0.33333230821170423, 0.3333425368958927, 0.3332814023287326, 0.3333333333333335, 0.33332798787471674, 0.333330221250048, 0.33332869564982237, 0.33335232495948935, 0.33346000838036405, 0.3333333333333335], ""kernels.0.base_kernel.kernels.1.base_kernel"": [0.6931481805599428, 0.6931481805599428, 0.6931481805599428], ""kernels.1.base_kernel.kernels.0"": [0.21741194567413152, 0.20617247697034394, 0.050003822078135564, 0.20545500618780171, 2.0133978920344386, 0.3333333333333335, 0.15242367222167544, 0.20312358267473357, 0.05001070977931278, 0.30999825622796395, 0.3288120264035558, 0.3333333333333335, 0.18121873649677803, 0.34454092794476016, 0.07502517059665417, 0.43190960636088, 0.8299520616901686, 0.3333333333333335], ""kernels.1.base_kernel.kernels.1"": [0.6931481805599428, 0.6931481805599428, 0.6931481805599428]}","{""kernels.0"": 1.5622358095968087e-05, ""kernels.0.base_kernel.kernels.1"": 0.018925292778374285, ""kernels.1"": 0.3630591117607958}",10,5,30,15,15,archive,4,84
298,125.0939127727763,123.86704460129343,0.5006,local,-6.229984331981518,-14.775046402456395,8.545062070474877,0.05849013950327966,0.26480984901634647,archive,392,37,0.018554919374048212,0.0074652863501167436,0.01005666589211842,0.0003566878945576142,0.1338924628545039,0.050003822069070634,0.3333333333333335,2.0142275677726813,"{""kernels.0.base_kernel.kernels.0"": [0.3333302403111217, 0.3333218837077233, 0.3333338550635679, 0.3333386264958869, 0.3341267054476013, 0.3333333333333335, 0.33332891115613733, 0.3332949962322013, 0.33333230990557394, 0.33334238364872565, 0.3332810135469038, 0.3333333333333335, 0.3333279795854604, 0.3333301498481532, 0.33332869413477845, 0.3333522911724973, 0.33346090131018585, 0.3333333333333335], ""kernels.0.base_kernel.kernels.1.base_kernel"": [0.6931481805599428, 0.6931481805599428, 0.6931481805599428], ""kernels.1.base_kernel.kernels.0"": [0.2174387535620084, 0.2038778167059962, 0.050003822069070634, 0.20411832398429902, 2.0142275677726813, 0.3333333333333335, 0.15128728248509749, 0.20034093679496592, 0.05001071011885549, 0.30838415645208644, 0.3283497127851206, 0.3333333333333335, 0.18096206719557287, 0.33885754724806294, 0.07487173534841833, 0.4263107234048087, 0.8282762925971561, 0.3333333333333335], ""kernels.1.base_kernel.kernels.1"": [0.6931481805599428, 0.6931481805599428, 0.6931481805599428]}","{""kernels.0"": 1.562189546818895e-05, ""kernels.0.base_kernel.kernels.1"": 0.018925289668743735, ""kernels.1"": 0.3827364769992998}",10,5,30,15,15,archive,2,85
299,127.4319320338189,123.86704460129343,0.4998,local,-6.294895242894185,-15.36283043216439,9.067935189270205,0.09715269271224929,0.4816398978935548,archive,383,41,0.02063630739750747,0.00743313138156302,0.009874065011222614,0.0003439466389859491,0.12878139738754343,0.0500038219322791,0.3333333333333335,2.050603294718408,"{""kernels.0.base_kernel.kernels.0"": [0.3333301092105618, 0.3333229755183521, 0.33333406362292206, 0.3333362545134813, 0.3341442297941326, 0.3333333333333335, 0.33332935872536534, 0.3332978632033464, 0.3333322409141246, 0.3333407448599338, 0.33327470192380426, 0.3333333333333335, 0.33332829291816124, 0.33333259121865527, 0.33332880980952334, 0.33335367566471996, 0.33348447994446084, 0.3333333333333335], ""kernels.0.base_kernel.kernels.1.base_kernel"": [0.6931481805599428, 0.6931481805599428, 0.6931481805599428], ""kernels.1.base_kernel.kernels.0"": [0.22509370812377208, 0.18696792638846266, 0.0500038219322791, 0.20329131906136436, 2.050603294718408, 0.3333333333333335, 0.14394055532712052, 0.19851834508273042, 0.05001071978879893, 0.3070145775562254, 0.3543367475124201, 0.3333333333333335, 0.18498309436845517, 0.2927202032763004, 0.0737078334253555, 0.34379074804464893, 0.8465943352325278, 0.3333333333333335], ""kernels.1.base_kernel.kernels.1"": [0.6931481805599428, 0.6931481805599428, 0.6931481805599428]}","{""kernels.0"": 1.560866795124043e-05, ""kernels.0.base_kernel.kernels.1"": 0.018925207162538066, ""kernels.1"": 0.36740337633214104}",10,5,30,15,15,archive,4,86
300,138.12978941535908,123.86704460129343,0.4988,global,-6.299647395906145,-13.763333177734136,7.463685781827991,1.0328682477109572,1.414093338332991,global,,,0.054434794097227,0.0074125809899363276,0.009905956781721766,0.0003464657240453173,0.1280342934304651,0.05000382191340412,0.3333333333333335,2.0431784033921714,"{""kernels.0.base_kernel.kernels.0"": [0.33333001302609244, 0.3333232018041727, 0.33333410944315883, 0.3333358099977505, 0.33414522221507414, 0.3333333333333335, 0.33332943912682533, 0.3332983540684492, 0.3333321617213477, 0.3333403603928495, 0.333273676614717, 0.3333333333333335, 0.33332834549035195, 0.33333377197143277, 0.33332878592904414, 0.3333542267194978, 0.33348946091333354, 0.3333333333333335], ""kernels.0.base_kernel.kernels.1.base_kernel"": [0.6931481805599428, 0.6931481805599428, 0.6931481805599428], ""kernels.1.base_kernel.kernels.0"": [0.22442148924474634, 0.18908181994113424, 0.05000382191340412, 0.20547957307500284, 2.0431784033921714, 0.3333333333333335, 0.14535555924300742, 0.19562243731625253, 0.05001072185361097, 0.30864188169099516, 0.35866064321429497, 0.3333333333333335, 0.18388396763444206, 0.2997330689682749, 0.07357780164275747, 0.3370257052389068, 0.8480439469606398, 0.3333333333333335], ""kernels.1.base_kernel.kernels.1"": [0.6931481805599428, 0.6931481805599428, 0.6931481805599428]}","{""kernels.0"": 1.560583663593664e-05, ""kernels.0.base_kernel.kernels.1"": 0.01892518834685988, ""kernels.1"": 0.36516208610789946}",10,5,30,15,15,archive,5,87
301,130.0668741256036,123.86704460129343,0.5002,local,-6.325879397180996,-14.985462129067924,8.659582731886928,0.0915688621675815,0.4146173959763464,archive,392,39,0.036877633681553314,0.0074053709489647415,0.00987404135433252,0.0003446638572675537,0.12898909857608465,0.05000382186017764,0.3333333333333335,2.062712538559305,"{""kernels.0.base_kernel.kernels.0"": [0.33332980556696595, 0.3333235613305069, 0.3333342533432363, 0.3333343259824329, 0.3341420597586353, 0.3333333333333335, 0.3333295521538552, 0.33330041716381076, 0.33333193545404194, 0.33333957267426095, 0.33326838839534295, 0.3333333333333335, 0.33332851489825227, 0.33333671584920327, 0.333328657259633, 0.33335610528445153, 0.333504586734291, 0.3333333333333335], ""kernels.0.base_kernel.kernels.1.base_kernel"": [0.6931481805599428, 0.6931481805599428, 0.6931481805599428], ""kernels.1.base_kernel.kernels.0"": [0.22355683588912784, 0.18842733713541118, 0.05000382186017764, 0.2106208172414901, 2.062712538559305, 0.3333333333333335, 0.14537689179355348, 0.19709335080932416, 0.05001072827331203, 0.3124024775130575, 0.3526311803714076, 0.3333333333333335, 0.1816274489391925, 0.3098593708666484, 0.07303860318014473, 0.32114513340024947, 0.8501623308776377, 0.3333333333333335], ""kernels.1.base_kernel.kernels.1"": [0.6931481805599428, 0.6931481805599428, 0.6931481805599428]}","{""kernels.0"": 1.5597455344873857e-05, ""kernels.0.base_kernel.kernels.1"": 0.018925131019360407, ""kernels.1"": 0.36802656725354865}",10,5,30,15,15,archive,2,88
302,125.66615628801672,123.86704460129343,0.501,local,-6.417371389679167,-14.994167902169616,8.57679651249045,0.08543051077089464,0.3865257791838878,archive,392,39,0.017161127043177595,0.0073988242825699675,0.009877705013871637,0.00034525281865907564,0.12837150247259918,0.0500038218575025,0.3333333333333335,2.061426309083259,"{""kernels.0.base_kernel.kernels.0"": [0.3333297923861861, 0.333323605399319, 0.3333342653139967, 0.333334206902015, 0.33414140541505705, 0.3333333333333335, 0.33332956202947006, 0.33330057011212166, 0.3333319195742586, 0.333339504823996, 0.3332682121066549, 0.3333333333333335, 0.3333285357576987, 0.3333368620687912, 0.3333286445682782, 0.33335624930781077, 0.3335057633638181, 0.3333333333333335], ""kernels.0.base_kernel.kernels.1.base_kernel"": [0.6931481805599428, 0.6931481805599428, 0.6931481805599428], ""kernels.1.base_kernel.kernels.0"": [0.22355091922618114, 0.18873989654901788, 0.0500038218575025, 0.21070009777698703, 2.061426309083259, 0.3333333333333335, 0.1454340372450825, 0.1967567488042956, 0.050010728827951705, 0.31273746029940586, 0.3557099160469786, 0.3333333333333335, 0.18169535250864713, 0.30943058548069186, 0.07300691261405486, 0.32040947206866316, 0.8506962124911138, 0.3333333333333335], ""kernels.1.base_kernel.kernels.1"": [0.6931481805599428, 0.6931481805599428, 0.6931481805599428]}","{""kernels.0"": 1.5596748236630503e-05, ""kernels.0.base_kernel.kernels.1"": 0.018925126130439028, ""kernels.1"": 0.3661737845391219}",10,5,30,15,15,archive,2,89
303,125.34055117520845,123.86704460129343,0.5018,local,-6.522672690470856,-13.676801640494553,7.154128950023697,0.07450500185207184,0.34783484194638636,archive,388,39,0.012370181851485192,0.0073676001451274285,0.009818715583190665,0.0003413462385399911,0.12837264060589038,0.050003821857493955,0.3333333333333335,2.061423518989585,"{""kernels.0.base_kernel.kernels.0"": [0.33332979234496196, 0.33332360547605455, 0.33333426534661786, 0.33333420658370616, 0.33414140377461804, 0.3333333333333335, 0.3333295620551115, 0.3333005704947385, 0.33333191952637703, 0.33333950462462747, 0.3332682113888915, 0.3333333333333335, 0.33332853581989924, 0.33333686249601574, 0.33332864453032374, 0.3333562497376404, 0.33350576665734133, 0.3333333333333335], ""kernels.0.base_kernel.kernels.1.base_kernel"": [0.6931481805599428, 0.6931481805599428, 0.6931481805599428], ""kernels.1.base_kernel.kernels.0"": [0.2235508498937176, 0.18873965227221037, 0.050003821857493955, 0.2107006161972791, 2.061423518989585, 0.3333333333333335, 0.14543402039207087, 0.19675555119166624, 0.050010728829505344, 0.31273822491444514, 0.35571517744275566, 0.3333333333333335, 0.18169535534517361, 0.30942938469357734, 0.07300677666833988, 0.32040757955222543, 0.8506965621214176, 0.3333333333333335], ""kernels.1.base_kernel.kernels.1"": [0.6931481805599428, 0.6931481805599428, 0.6931481805599428]}","{""kernels.0"": 1.5596746261622333e-05, ""kernels.0.base_kernel.kernels.1"": 0.018925126116624613, ""kernels.1"": 0.3661771989547849}",10,5,30,15,15,archive,2,90
304,128.8748794872448,123.86704460129343,0.4992,local,-6.1834679686618825,-15.172684420439513,8.98921645177763,0.11170444173586702,0.4590928219364445,archive,392,41,0.037930005110368904,0.00731596932084991,0.009740859140439132,0.00033614370725898224,0.12837406396249743,0.050003821857482936,0.3333333333333335,2.0614197175996156,"{""kernels.0.base_kernel.kernels.0"": [0.3333297922943177, 0.3333236055644319, 0.3333342653918606, 0.3333342061607412, 0.3341414016630149, 0.3333333333333335, 0.3333295620863224, 0.3333005710086781, 0.3333319194652167, 0.3333395043694373, 0.3332682104294118, 0.3333333333333335, 0.333328535901682, 0.3333368630749226, 0.33332864447740135, 0.33335625031630844, 0.33350577113078994, 0.3333333333333335], ""kernels.0.base_kernel.kernels.1.base_kernel"": [0.6931481805599428, 0.6931481805599428, 0.6931481805599428], ""kernels.1.base_kernel.kernels.0"": [0.223550769323612, 0.18873925934414645, 0.050003821857482936, 0.21070148745245992, 2.0614197175996156, 0.3333333333333335, 0.14543396711796802, 0.19675396304013448, 0.050010728831603575, 0.3127393121375382, 0.3557224912549767, 0.3333333333333335, 0.18169547568875544, 0.30942757821412387, 0.0730066068716335, 0.32040506655568596, 0.8506970158997179, 0.3333333333333335], ""kernels.1.base_kernel.kernels.1"": [0.6931481805599428, 0.6931481805599428, 0.6931481805599428]}","{""kernels.0"": 1.5596743597030048e-05, ""kernels.0.base_kernel.kernels.1"": 0.018925126098013847, ""kernels.1"": 0.3661814690458814}",10,5,30,15,15,archive,1,91
305,133.692906602104,123.86704460129343,0.4988,local,-6.351283586765091,-13.802575318504905,7.451291731739814,0.0621889746489335,0.2713721899414879,archive,388,40,0.03782840448755955,0.007307183003794144,0.009718639133498746,0.00033489026424067704,0.12867601601459902,0.05000382185390974,0.3333333333333335,2.060761011170106,"{""kernels.0.base_kernel.kernels.0"": [0.3333297753688934, 0.33332363830255496, 0.33333427989304215, 0.33333407223026507, 0.33414063984955467, 0.3333333333333335, 0.3333295689632038, 0.3333007369403622, 0.33333189992434775, 0.33333941713761245, 0.33326799185490685, 0.3333333333333335, 0.3333285582392272, 0.3333370435768825, 0.3333286299523248, 0.33335643997148806, 0.3335072019826732, 0.3333333333333335], ""kernels.0.base_kernel.kernels.1.base_kernel"": [0.6931481805599428, 0.6931481805599428, 0.6931481805599428], ""kernels.1.base_kernel.kernels.0"": [0.22354588112537502, 0.18863123390152298, 0.05000382185390974, 0.21115627429326936, 2.060761011170106, 0.3333333333333335, 0.14546217301425773, 0.1962199334984411, 0.05001072951465505, 0.31305408720200656, 0.35869603065121697, 0.3333333333333335, 0.18170134086130216, 0.3087314043756335, 0.07296663535208296, 0.3194569947332949, 0.8508268233238684, 0.3333333333333335], ""kernels.1.base_kernel.kernels.1"": [0.6931481805599428, 0.6931481805599428, 0.6931481805599428]}","{""kernels.0"": 1.5595879839537333e-05, ""kernels.0.base_kernel.kernels.1"": 0.018925120060309563, ""kernels.1"": 0.36708733210364797}",10,5,30,15,15,archive,3,92
306,126.15253761013331,123.86704460129343,0.5004,local,-6.352167377479043,-8.922938934104657,2.5707715566256137,0.05709913029289269,0.3526830965427793,archive,394,11,0.022736173211208355,0.007303259741591697,0.009713834050087841,0.00033493883575358175,0.12867601596335237,0.05000382185390974,0.3333333333333335,2.0607610112176333,"{""kernels.0.base_kernel.kernels.0"": [0.33332977536888186, 0.3333236383025752, 0.3333342798930481, 0.33333407223019745, 0.3341406398490614, 0.3333333333333335, 0.33332956896320504, 0.33330073694043694, 0.33333189992433915, 0.33333941713757564, 0.33326799185475875, 0.3333333333333335, 0.333328558239251, 0.333337043576985, 0.333328629952319, 0.33335643997159103, 0.3335072019834731, 0.3333333333333335], ""kernels.0.base_kernel.kernels.1.base_kernel"": [0.6931481805599428, 0.6931481805599428, 0.6931481805599428], ""kernels.1.base_kernel.kernels.0"": [0.22354588112895563, 0.18863123394023726, 0.05000382185390974, 0.21115627437386927, 2.0607610112176333, 0.3333333333333335, 0.14546217315264973, 0.1962199335346472, 0.05001072951465538, 0.31305408752291647, 0.35869603170380515, 0.3333333333333335, 0.18170134089123574, 0.3087314037732165, 0.0729666353299496, 0.3194569943144159, 0.8508268234234734, 0.3333333333333335], ""kernels.1.base_kernel.kernels.1"": [0.6931481805599428, 0.6931481805599428, 0.6931481805599428]}","{""kernels.0"": 1.5595879839135327e-05, ""kernels.0.base_kernel.kernels.1"": 0.018925120060306735, ""kernels.1"": 0.3670873319499113}",10,5,30,15,15,archive,4,93
307,130.32464554891635,123.86704460129343,0.4986,local,-6.194513272501986,-9.889731929947285,3.6952186574452988,0.08374499242823598,0.6214846074806394,archive,317,0,0.044661192960918854,0.007282400225366749,0.009674246474744632,0.00033243867272403187,0.1286753316517208,0.050003821853904826,0.3333333333333335,2.0607616666458126,"{""kernels.0.base_kernel.kernels.0"": [0.33332977532843255, 0.3333236383654738, 0.33333427991468806, 0.33333407200297055, 0.33414063812522304, 0.3333333333333335, 0.3333295689901164, 0.3333007371638688, 0.3333318998992731, 0.33333941703294095, 0.33326799150060016, 0.3333333333333335, 0.3333285583259851, 0.333337043933124, 0.3333286299450775, 0.3333564403093169, 0.33350720475493506, 0.3333333333333335], ""kernels.0.base_kernel.kernels.1.base_kernel"": [0.6931481805599428, 0.6931481805599428, 0.6931481805599428], ""kernels.1.base_kernel.kernels.0"": [0.22354609207423254, 0.1886313477728468, 0.050003821853904826, 0.2111564464356265, 2.0607616666458126, 0.3333333333333335, 0.14546293372674332, 0.19622003291134904, 0.05001072951570561, 0.3130552230518396, 0.35869967220796267, 0.3333333333333335, 0.1817018344714604, 0.3087298257700515, 0.07296657335390593, 0.3194556234418001, 0.8508279704531665, 0.3333333333333335], ""kernels.1.base_kernel.kernels.1"": [0.6931481805599428, 0.6931481805599428, 0.6931481805599428]}","{""kernels.0"": 1.5595878535765636e-05, ""kernels.0.base_kernel.kernels.1"": 0.018925120051132362, ""kernels.1"": 0.36708527902549426}",10,5,30,15,15,archive,4,94
308,131.3298408369151,123.86704460129343,0.4992,local,-6.462311631507635,-14.19379092003971,7.731479288532075,0.07681441189588195,0.3434277411858001,archive,381,36,0.041885535624744515,0.007282403844306639,0.009697336589276727,0.00033437245711277574,0.1280297865624934,0.05000382185128139,0.3333333333333335,2.0610911682395265,"{""kernels.0.base_kernel.kernels.0"": [0.3333297504508081, 0.3333236756119123, 0.33333429298562556, 0.33333393850978477, 0.33413962806956415, 0.3333333333333335, 0.3333295890987973, 0.3333008659777301, 0.3333318879385671, 0.33333935870072656, 0.333267761013815, 0.3333333333333335, 0.3333286102522101, 0.33333724166623374, 0.33332862574368255, 0.3333566449851907, 0.3335088414120127, 0.3333333333333335], ""kernels.0.base_kernel.kernels.1.base_kernel"": [0.6931481805599428, 0.6931481805599428, 0.6931481805599428], ""kernels.1.base_kernel.kernels.0"": [0.22365795996950108, 0.18862462381978426, 0.05000382185128139, 0.21126554264275413, 2.0610911682395265, 0.3333333333333335, 0.14607088172025362, 0.19660403667479293, 0.05001073013028083, 0.3136750210613183, 0.3607650305460533, 0.3333333333333335, 0.18203592196022692, 0.30776161033190613, 0.07293466899657854, 0.3186730892398257, 0.8516801996706261, 0.3333333333333335], ""kernels.1.base_kernel.kernels.1"": [0.6931481805599428, 0.6931481805599428, 0.6931481805599428]}","{""kernels.0"": 1.559512434715436e-05, ""kernels.0.base_kernel.kernels.1"": 0.018925114741027274, ""kernels.1"": 0.3651486498221057}",10,5,30,15,15,archive,4,95
309,151.25012910090862,123.86704460129343,0.4984,global,-6.599381207685857,-14.136803714426172,7.537422506740315,1.022462435298594,1.4137577440208642,global,,,0.09868364861948989,0.007275899494440785,0.009656623725769038,0.0003318697477470866,0.12968636116095508,0.050003821842137454,0.3333333333333335,2.0616076254573774,"{""kernels.0.base_kernel.kernels.0"": [0.3333296659709707, 0.33332374871216736, 0.33333433317516226, 0.3333335144662687, 0.334136453716584, 0.3333333333333335, 0.3333296392668776, 0.3333012245748781, 0.33333184696914403, 0.333339161949724, 0.33326680676309545, 0.3333333333333335, 0.33332876907705244, 0.3333378848536026, 0.3333286084984949, 0.3333572860579124, 0.3335140633784094, 0.3333333333333335], ""kernels.0.base_kernel.kernels.1.base_kernel"": [0.6931481805599428, 0.6931481805599428, 0.6931481805599428], ""kernels.1.base_kernel.kernels.0"": [0.22372877032674185, 0.18749118990024277, 0.050003821842137454, 0.21125991733646332, 2.0616076254573774, 0.3333333333333335, 0.14753531241071877, 0.1980819705127686, 0.05001073204580549, 0.31467120892860134, 0.36537633794393737, 0.3333333333333335, 0.18277716237046274, 0.30482696798541425, 0.07275976475789905, 0.31592879360112586, 0.8532910979831994, 0.3333333333333335], ""kernels.1.base_kernel.kernels.1"": [0.6931481805599428, 0.6931481805599428, 0.6931481805599428]}","{""kernels.0"": 1.5592774976696666e-05, ""kernels.0.base_kernel.kernels.1"": 0.01892509800272786, ""kernels.1"": 0.3701183927051607}",10,5,30,15,15,archive,5,96
310,126.25172880202088,123.86704460129343,0.4986,local,-6.488021727268308,-9.846987447674877,3.3589657204065695,0.027844659148067143,0.22948851187325686,archive,410,18,0.01944933521460537,0.007285274986993336,0.009705184449967298,0.00033587294192775755,0.1285878426809787,0.050003821841036404,0.3333333333333335,2.062686408841545,"{""kernels.0.base_kernel.kernels.0"": [0.3333296570900928, 0.33332376835626276, 0.3333343403066785, 0.33333344651461866, 0.3341358626512497, 0.3333333333333335, 0.33332965231839323, 0.3333012934596683, 0.33333184145226913, 0.33333917513591627, 0.33326665972107145, 0.3333333333333335, 0.3333288089050986, 0.33333801254981216, 0.33332860822929633, 0.3333574075724201, 0.3335150264425524, 0.3333333333333335], ""kernels.0.base_kernel.kernels.1.base_kernel"": [0.6931481805599428, 0.6931481805599428, 0.6931481805599428], ""kernels.1.base_kernel.kernels.0"": [0.22384077390435939, 0.1875111016526334, 0.050003821841036404, 0.21146518292650682, 2.062686408841545, 0.3333333333333335, 0.14785614897660077, 0.1983963679246086, 0.0500107324028524, 0.3153600940568003, 0.36630362185916293, 0.3333333333333335, 0.18302416695081553, 0.3047585878212372, 0.07273981753863383, 0.3157888942368158, 0.8540572073633443, 0.3333333333333335], ""kernels.1.base_kernel.kernels.1"": [0.6931481805599428, 0.6931481805599428, 0.6931481805599428]}","{""kernels.0"": 1.5592330881101905e-05, ""kernels.0.base_kernel.kernels.1"": 0.01892509494296565, ""kernels.1"": 0.36682284076908933}",10,5,30,15,15,archive,4,97
311,228.07858596688473,123.86704460129343,0.5004,global,-9.56001271832452,-14.029217997853081,4.469205279528561,1.4984424110987755,1.414014285990001,global,,,0.25331543606239826,0.007246349138517797,0.009661704312335342,0.0003330998129109366,0.1285878144934964,0.05000382184103138,0.3333333333333335,2.062688945734283,"{""kernels.0.base_kernel.kernels.0"": [0.33332965705321466, 0.33332376839803235, 0.33333434032933384, 0.3333334462893304, 0.3341358608252759, 0.3333333333333335, 0.3333296523450649, 0.33330129362476124, 0.3333318414338683, 0.33333917514445166, 0.33326665906336567, 0.3333333333333335, 0.333328809022714, 0.3333380129555882, 0.33332860822452975, 0.3333574079695637, 0.3335150295360907, 0.3333333333333335], ""kernels.0.base_kernel.kernels.1.base_kernel"": [0.6931481805599428, 0.6931481805599428, 0.6931481805599428], ""kernels.1.base_kernel.kernels.0"": [0.22384092707489664, 0.18751038822801966, 0.05000382184103138, 0.2114655878961006, 2.062688945734283, 0.3333333333333335, 0.14785687060501002, 0.1983963323621389, 0.05001073240399824, 0.3153614966585884, 0.366304291596972, 0.3333333333333335, 0.18302461896615008, 0.3047583532743515, 0.07273971180674674, 0.31578807585873864, 0.8540584568253994, 0.3333333333333335], ""kernels.1.base_kernel.kernels.1"": [0.6931481805599428, 0.6931481805599428, 0.6931481805599428]}","{""kernels.0"": 1.5592329474867764e-05, ""kernels.0.base_kernel.kernels.1"": 0.01892509493307004, ""kernels.1"": 0.36682275621794436}",10,5,30,15,15,archive,5,98
312,128.3129544176875,123.86704460129343,0.4992,local,-6.569326813764904,-14.117399734338644,7.54807292057374,0.06387981526135623,0.32940775212801693,archive,388,42,0.021362907832121032,0.0072474215931876565,0.009669145956511313,0.00033436256868093415,0.12858781475212383,0.05000382184103137,0.3333333333333335,2.0626889469771976,"{""kernels.0.base_kernel.kernels.0"": [0.3333296570531958, 0.33332376839805666, 0.3333343403293457, 0.33333344628920575, 0.3341358608242285, 0.3333333333333335, 0.3333296523450841, 0.3333012936248229, 0.3333318414338605, 0.3333391751444548, 0.33326665906304487, 0.3333333333333335, 0.3333288090227762, 0.3333380129558554, 0.3333286082245251, 0.33335740796977653, 0.3335150295377479, 0.3333333333333335], ""kernels.0.base_kernel.kernels.1.base_kernel"": [0.6931481805599428, 0.6931481805599428, 0.6931481805599428], ""kernels.1.base_kernel.kernels.0"": [0.2238409271360543, 0.18751038792255764, 0.05000382184103137, 0.2114655881933288, 2.0626889469771976, 0.3333333333333335, 0.14785687096292158, 0.19839633220264766, 0.05001073240399887, 0.31536149748418424, 0.3663042923914157, 0.3333333333333335, 0.1830246191564609, 0.304758353790581, 0.07273971173353827, 0.3157880753076568, 0.8540584573439989, 0.3333333333333335], ""kernels.1.base_kernel.kernels.1"": [0.6931481805599428, 0.6931481805599428, 0.6931481805599428]}","{""kernels.0"": 1.5592329474102927e-05, ""kernels.0.base_kernel.kernels.1"": 0.018925094933064622, ""kernels.1"": 0.36682275699383277}",10,5,30,15,15,archive,4,99
313,135.5062444026883,123.86704460129343,0.501,local,-6.86677280996073,-9.93653139303813,3.069758583077401,0.147514680665642,0.7326251266980605,archive,317,0,0.07700726720558143,0.007232630263515983,0.009641777435920828,0.0003327472741910047,0.1285878602745021,0.05000382184102919,0.3333333333333335,2.062691089308421,"{""kernels.0.base_kernel.kernels.0"": [0.3333296570471402, 0.33332376842043376, 0.33333434034146503, 0.3333334461576631, 0.3341358599506714, 0.3333333333333335, 0.3333296523509698, 0.3333012937353863, 0.3333318414289389, 0.3333391751179153, 0.3332666587786635, 0.3333333333333335, 0.3333288090876996, 0.33333801323576817, 0.3333286082225443, 0.33335740821644033, 0.3335150313091305, 0.3333333333333335], ""kernels.0.base_kernel.kernels.1.base_kernel"": [0.6931481805599428, 0.6931481805599428, 0.6931481805599428], ""kernels.1.base_kernel.kernels.0"": [0.2238410877451877, 0.18751017369541506, 0.05000382184102919, 0.2114660000464962, 2.062691089308421, 0.3333333333333335, 0.1478571718714099, 0.19839647056556708, 0.05001073240468377, 0.3153625010009442, 0.3663051808952622, 0.3333333333333335, 0.18302484257785956, 0.3047587513834911, 0.07273963949417135, 0.3157875114270954, 0.8540588632525017, 0.3333333333333335], ""kernels.1.base_kernel.kernels.1"": [0.6931481805599428, 0.6931481805599428, 0.6931481805599428]}","{""kernels.0"": 1.559232863449593e-05, ""kernels.0.base_kernel.kernels.1"": 0.01892509492719398, ""kernels.1"": 0.3668228935676779}",10,5,30,15,15,archive,4,100
314,124.94417557275261,123.86704460129343,0.5008,global,-6.66297033591651,-14.221194315635506,7.558223979718996,1.1531480753451744,1.4140396165772018,global,,,0.01746243839110931,0.007231729328415337,0.009643044817277327,0.00033324669196911307,0.12858786049698667,0.05000382184102916,0.3333333333333335,2.0626911114483795,"{""kernels.0.base_kernel.kernels.0"": [0.3333296570470745, 0.3333237684207471, 0.33333434034160947, 0.33333344615621735, 0.3341358599397159, 0.3333333333333335, 0.3333296523510133, 0.33330129373652073, 0.333331841428898, 0.3333391751182916, 0.33326665877551337, 0.3333333333333335, 0.3333288090884414, 0.33333801323817663, 0.3333286082225414, 0.33335740821896337, 0.3335150313275613, 0.3333333333333335], ""kernels.0.base_kernel.kernels.1.base_kernel"": [0.6931481805599428, 0.6931481805599428, 0.6931481805599428], ""kernels.1.base_kernel.kernels.0"": [0.22384108892952906, 0.1875101752157742, 0.05000382184102916, 0.2114660050253667, 2.0626911114483795, 0.3333333333333335, 0.14785717572265372, 0.19839647462877838, 0.050010732404691026, 0.31536251627692596, 0.3663051931558181, 0.3333333333333335, 0.18302484513180217, 0.3047587532736593, 0.07273963865377273, 0.3157875033752535, 0.854058863226189, 0.3333333333333335], ""kernels.1.base_kernel.kernels.1"": [0.6931481805599428, 0.6931481805599428, 0.6931481805599428]}","{""kernels.0"": 1.5592328625750946e-05, ""kernels.0.base_kernel.kernels.1"": 0.01892509492713215, ""kernels.1"": 0.3668228942352021}",10,5,30,15,15,archive,5,101
315,126.67693969997147,123.86704460129343,0.5006,local,-6.691780162292458,-13.67047200104645,6.978691838753992,0.056258937784539706,0.40665685724354106,archive,350,36,0.021438865135443113,0.007208157462760778,0.00960257218716715,0.0003306618635514558,0.12851904320550842,0.05000382184012783,0.3333333333333335,2.064308977639661,"{""kernels.0.base_kernel.kernels.0"": [0.3333296538945578, 0.33332379191195144, 0.33333434898822867, 0.33333336563772475, 0.334135352614871, 0.3333333333333335, 0.3333296542836294, 0.3333013562310318, 0.3333318394812891, 0.33333917316714307, 0.3332665075057556, 0.3333333333333335, 0.3333288489000611, 0.3333381477126759, 0.3333286069347764, 0.3333575306220197, 0.33351604364945214, 0.3333333333333335], ""kernels.0.base_kernel.kernels.1.base_kernel"": [0.6931481805599428, 0.6931481805599428, 0.6931481805599428], ""kernels.1.base_kernel.kernels.0"": [0.2239348230127085, 0.1876881949899473, 0.05000382184012783, 0.21187038671879693, 2.064308977639661, 0.3333333333333335, 0.14803162065524883, 0.1986658639801679, 0.05001073280921003, 0.31602445549187586, 0.3672032450099244, 0.3333333333333335, 0.18318559498224884, 0.3048002277155154, 0.07268947677697857, 0.31525149960427973, 0.8539091443127276, 0.3333333333333335], ""kernels.1.base_kernel.kernels.1"": [0.6931481805599428, 0.6931481805599428, 0.6931481805599428]}","{""kernels.0"": 1.5591838146778303e-05, ""kernels.0.base_kernel.kernels.1"": 0.01892509150428789, ""kernels.1"": 0.36661644627409057}",10,5,30,15,15,archive,4,102
316,135.94076170917364,123.86704460129343,0.5006,global,-6.879009560741682,-14.026408952262935,7.147399391521253,0.8553521228546933,1.4070927397918496,global,,,0.09957792588786284,0.007187359910332565,0.009564165858114013,0.00032826177178979906,0.12851922401421106,0.05000382184012603,0.3333333333333335,2.064313044316857,"{""kernels.0.base_kernel.kernels.0"": [0.33332965388398916, 0.33332379197258327, 0.3333343490082775, 0.33333336543741565, 0.3341353513919445, 0.3333333333333335, 0.33332965429190126, 0.3333013563840741, 0.3333318394717203, 0.3333391731592214, 0.3332665070866303, 0.3333333333333335, 0.33332884900108206, 0.33333814805082596, 0.3333286069329093, 0.3333575309443688, 0.3335160461754263, 0.3333333333333335], ""kernels.0.base_kernel.kernels.1.base_kernel"": [0.6931481805599428, 0.6931481805599428, 0.6931481805599428], ""kernels.1.base_kernel.kernels.0"": [0.22393507335247922, 0.18768850849663654, 0.05000382184012603, 0.21187126218319804, 2.064313044316857, 0.3333333333333335, 0.1480322058076017, 0.1986668412499019, 0.050010732810232265, 0.3160259621333075, 0.3672049760187534, 0.3333333333333335, 0.18318593943331496, 0.30480026782279845, 0.07268935256921594, 0.31524999919457297, 0.8539088184885483, 0.3333333333333335], ""kernels.1.base_kernel.kernels.1"": [0.6931481805599428, 0.6931481805599428, 0.6931481805599428]}","{""kernels.0"": 1.5591836914564045e-05, ""kernels.0.base_kernel.kernels.1"": 0.018925091495577414, ""kernels.1"": 0.3666169887101412}",10,5,30,15,15,archive,5,103
317,135.40113467139122,123.86704460129343,0.5002,global,-6.659753602640933,-14.034960524330485,7.375206921689552,0.885593650849525,1.4140909971526285,global,,,0.059950903763247604,0.007179206428271984,0.00953665669244593,0.0003267639836072649,0.12937990525854318,0.05000382183817644,0.3333332576715076,2.0729164559336337,"{""kernels.0.base_kernel.kernels.0"": [0.3333296530982072, 0.33332385696333106, 0.3333343643238911, 0.33333318200968176, 0.33413519233235167, 0.3333333333333335, 0.33332968240894073, 0.3333014059647228, 0.33333183236899766, 0.3333391791442339, 0.3332657302233474, 0.3333333333333335, 0.3333288905947895, 0.3333385415693602, 0.33332861411184844, 0.3333578077220022, 0.33351798841271424, 0.3333333333333335], ""kernels.0.base_kernel.kernels.1.base_kernel"": [0.6931481805599428, 0.6931481805599428, 0.6931481805599428], ""kernels.1.base_kernel.kernels.0"": [0.22419954558425015, 0.1882210673375942, 0.05000382183817644, 0.21225664360416813, 2.0729164559336337, 0.3333333333333335, 0.1482097244930743, 0.1996617077386201, 0.050010733787552296, 0.31703525708211644, 0.3684407795019165, 0.3333333333333335, 0.18307312018193322, 0.30421393881575826, 0.07256385955678779, 0.312841956909724, 0.8525525197215802, 0.3333333333333335], ""kernels.1.base_kernel.kernels.1"": [0.6931481805599428, 0.6931481805599428, 0.6931481805599428]}","{""kernels.0"": 1.559064048178412e-05, ""kernels.0.base_kernel.kernels.1"": 0.018925083317779395, ""kernels.1"": 0.36919904181736835}",10,5,30,15,15,archive,4,104
318,145.86237565436085,123.86704460129343,0.499,global,-6.655709546852677,-13.92579468728438,7.2700851404317035,0.9615405247096415,1.4142056685233926,global,,,0.06757402243879103,0.007175583212969931,0.009532419273849135,0.0003268765158307683,0.12937990481059314,0.05000382183817644,0.33333325767148136,2.0729164585211484,"{""kernels.0.base_kernel.kernels.0"": [0.3333296530982087, 0.33332385696335337, 0.3333343643238958, 0.3333331820096292, 0.3341351923322732, 0.3333333333333335, 0.3333296824089519, 0.3333014059647426, 0.33333183236899383, 0.3333391791442339, 0.33326573022311323, 0.3333333333333335, 0.33332889059480814, 0.3333385415695003, 0.3333286141118511, 0.33335780772209395, 0.33351798841336017, 0.3333333333333335], ""kernels.0.base_kernel.kernels.1.base_kernel"": [0.6931481805599428, 0.6931481805599428, 0.6931481805599428], ""kernels.1.base_kernel.kernels.0"": [0.22419954570558515, 0.188221067563066, 0.05000382183817644, 0.21225664381974452, 2.0729164585211484, 0.3333333333333335, 0.14820972462151516, 0.19966170804223246, 0.050010733787552615, 0.3170352574852492, 0.36844078020609944, 0.3333333333333335, 0.18307312025125627, 0.3042139389739811, 0.07256385952798387, 0.3128419563224411, 0.8525525197962748, 0.3333333333333335], ""kernels.1.base_kernel.kernels.1"": [0.6931481805599428, 0.6931481805599428, 0.6931481805599428]}","{""kernels.0"": 1.5590640481400193e-05, ""kernels.0.base_kernel.kernels.1"": 0.01892508331777681, ""kernels.1"": 0.3691990404735212}",10,5,30,15,15,archive,5,105
319,142.8416537028085,123.86704460129343,0.499,global,-6.538337266322316,-14.203981984835929,7.665644718513613,0.6850520377561229,1.4078557130890128,global,,,0.07624782961713275,0.007185101790653655,0.009576160793228343,0.00033046226333561824,0.1285449687488713,0.05000382183780059,0.3333332113432038,2.080554329023651,"{""kernels.0.base_kernel.kernels.0"": [0.3333296530980964, 0.3333238883946603, 0.3333343765217415, 0.3333330893530742, 0.33413448956203734, 0.3333333333333335, 0.33332969390266853, 0.3333014587374328, 0.3333318234552594, 0.33333917914399414, 0.33326558552109437, 0.3333333333333335, 0.3333289081874395, 0.3333388190741071, 0.33332861974144684, 0.33335794402021207, 0.3335193054113859, 0.3333333333333335], ""kernels.0.base_kernel.kernels.1.base_kernel"": [0.6931481805599428, 0.6931481805599428, 0.6931481805599428], ""kernels.1.base_kernel.kernels.0"": [0.22437881257443787, 0.18839110232369008, 0.05000382183780059, 0.21258755473549273, 2.080554329023651, 0.3333333333333335, 0.14843651598823338, 0.20044351956570192, 0.050010734412928956, 0.31711193224836715, 0.37079452982782435, 0.3333333333333335, 0.1831572127646628, 0.30444897892385425, 0.0725052892098767, 0.311825069005944, 0.852808660749132, 0.3333333333333335], ""kernels.1.base_kernel.kernels.1"": [0.6931481805599428, 0.6931481805599428, 0.6931481805599428]}","{""kernels.0"": 1.5589900301308882e-05, ""kernels.0.base_kernel.kernels.1"": 0.01892507821418811, ""kernels.1"": 0.36669423813212454}",12,3,36,9,9,archive,3,106
320,136.16403179892387,123.86704460129343,0.5,global,-7.14565440784016,-14.353787424858362,7.208133017018202,0.8159368635971762,1.4139214502663855,global,,,0.07146774488814533,0.00718317935188767,0.009575972318999142,0.00033096109267881005,0.12854497809391893,0.050003821837800576,0.3333332113426283,2.080554419599628,"{""kernels.0.base_kernel.kernels.0"": [0.3333296530980418, 0.33332388839482635, 0.3333343765218997, 0.33333308935192313, 0.3341344895508244, 0.3333333333333335, 0.3333296939027665, 0.33330145873791267, 0.33333182345516665, 0.33333917914408656, 0.3332655855179933, 0.3333333333333335, 0.3333289081876522, 0.33333881907717844, 0.3333286197414849, 0.33335794402192775, 0.33351930542704117, 0.3333333333333335], ""kernels.0.base_kernel.kernels.1.base_kernel"": [0.6931481805599428, 0.6931481805599428, 0.6931481805599428], ""kernels.1.base_kernel.kernels.0"": [0.22437881328014814, 0.18839109776630045, 0.050003821837800576, 0.2125875571097403, 2.080554419599628, 0.3333333333333335, 0.14843651784613646, 0.20044352290304893, 0.05001073441293628, 0.31711193154642414, 0.3707945415779162, 0.3333333333333335, 0.18315721214937158, 0.3044489785152735, 0.0725052881507367, 0.31182505443120945, 0.8528086562062933, 0.3333333333333335], ""kernels.1.base_kernel.kernels.1"": [0.6931481805599428, 0.6931481805599428, 0.6931481805599428]}","{""kernels.0"": 1.5589900292769577e-05, ""kernels.0.base_kernel.kernels.1"": 0.01892507821412762, ""kernels.1"": 0.36669426616733636}",12,3,36,9,9,archive,3,107
321,134.61101713153568,123.86704460129343,0.4988,global,-6.454825399419924,-14.656372902019454,8.20154750259953,0.7039598414092342,1.4128421460991822,global,,,0.07283822611442095,0.007174192167227551,0.00954940164557647,0.00032952587508626723,0.12912985846975852,0.05000382183618507,0.3333331738767399,2.087188878762224,"{""kernels.0.base_kernel.kernels.0"": [0.33332964974335627, 0.3333239018329802, 0.3333343891202831, 0.33333301442014635, 0.3341337685945737, 0.3333333333333335, 0.33332970552808006, 0.3333014752735478, 0.3333318209397928, 0.33333920712347875, 0.33326535277426506, 0.3333333333333335, 0.3333289091905491, 0.3333390259114179, 0.3333286287486325, 0.33335804346091763, 0.33352032626205114, 0.3333333333333335], ""kernels.0.base_kernel.kernels.1.base_kernel"": [0.6931481805599428, 0.6931481805599428, 0.6931481805599428], ""kernels.1.base_kernel.kernels.0"": [0.224437187956938, 0.18832384810818695, 0.05000382183618507, 0.2125965929064775, 2.087188878762224, 0.3333333333333335, 0.1485370521611642, 0.20067354204342877, 0.050010734923197055, 0.31714688387914386, 0.3715645868423022, 0.3333333333333335, 0.1831842013387083, 0.3043107508016236, 0.07244383110382994, 0.3111182898856779, 0.8523813075031254, 0.3333333333333335], ""kernels.1.base_kernel.kernels.1"": [0.6931481805599428, 0.6931481805599428, 0.6931481805599428]}","{""kernels.0"": 1.5589312553200914e-05, ""kernels.0.base_kernel.kernels.1"": 0.018925074071408268, ""kernels.1"": 0.36844891202531405}",12,3,36,9,9,archive,3,108
322,127.64384324244202,123.86704460129343,0.5008,local,-6.254068345343125,-11.835062331263522,5.580993985920397,0.08363772361799938,0.19025339060362495,archive,358,9,0.02530047302914474,0.007180416048168929,0.009585506931317565,0.0003324493531114092,0.12844055707679733,0.05000382183272106,0.33333308848365395,2.106318083928301,"{""kernels.0.base_kernel.kernels.0"": [0.333329642974224, 0.3333239289491915, 0.33333441772379097, 0.33333284363397436, 0.33413208128041766, 0.3333333333333335, 0.33332975988558255, 0.3333015608122684, 0.33333180249624916, 0.3333392553309839, 0.33326523191731666, 0.3333333333333335, 0.33332890644860536, 0.33333951902313663, 0.33332864454392, 0.33335828267194556, 0.33352275503435064, 0.3333333333333335], ""kernels.0.base_kernel.kernels.1.base_kernel"": [0.6931481805599428, 0.6931481805599428, 0.6931481805599428], ""kernels.1.base_kernel.kernels.0"": [0.22456049961085714, 0.1885144952598378, 0.05000382183272106, 0.21243693310422151, 2.106318083928301, 0.3333333333333335, 0.14916755336120266, 0.20230622488505304, 0.050010736196668286, 0.31755067061578474, 0.37566167261114536, 0.3333333333333335, 0.1832364121965722, 0.30444505762096935, 0.0723580664421752, 0.3092762700295196, 0.8520741860748495, 0.3333333333333335], ""kernels.1.base_kernel.kernels.1"": [0.6931481805599428, 0.6931481805599428, 0.6931481805599428]}","{""kernels.0"": 1.5587839374060775e-05, ""kernels.0.base_kernel.kernels.1"": 0.018925063859419573, ""kernels.1"": 0.36638101953159835}",12,3,36,9,9,archive,1,109
323,144.34620191217812,123.86704460129343,0.4992,global,-6.715839376779268,-20.082628859102407,13.366789482323139,0.8605215222591425,1.4102607743453504,global,,,0.08301745524426228,0.007164447756016696,0.009536099341061224,0.0003292750146397766,0.12930515063300876,0.0500038218309193,0.3333330607535344,2.1110026259570995,"{""kernels.0.base_kernel.kernels.0"": [0.33332964336778603, 0.3333239248683175, 0.33333442675394037, 0.3333327881737353, 0.33413164283277336, 0.3333333333333335, 0.33332977713915557, 0.33330157188508036, 0.3333317957113194, 0.33333928212574904, 0.33326509715016284, 0.3333333333333335, 0.3333289041205748, 0.3333396788314363, 0.3333286472314292, 0.3333583676391055, 0.33352354045828597, 0.3333333333333335], ""kernels.0.base_kernel.kernels.1.base_kernel"": [0.6931481805599428, 0.6931481805599428, 0.6931481805599428], ""kernels.1.base_kernel.kernels.0"": [0.22471866857472603, 0.188201974400543, 0.0500038218309193, 0.2123167541502139, 2.1110026259570995, 0.3333333333333335, 0.14917134691012357, 0.20222970812423469, 0.050010736608344895, 0.31752939678623204, 0.3756296305118829, 0.3333333333333335, 0.18316780861032378, 0.30447996967301777, 0.07232292519675143, 0.3087905501242767, 0.8515307001147147, 0.3333333333333335], ""kernels.1.base_kernel.kernels.1"": [0.6931481805599428, 0.6931481805599428, 0.6931481805599428]}","{""kernels.0"": 1.5587361488777248e-05, ""kernels.0.base_kernel.kernels.1"": 0.018925060534184912, ""kernels.1"": 0.3689748040033526}",12,3,36,9,9,archive,3,110
324,126.42340859468675,123.86704460129343,0.4994,global,-6.629193314826654,-14.150368790314568,7.521175475487913,0.8038615560158967,1.4137481643910415,global,,,0.03186598351552864,0.007168218482240443,0.00954860470764552,0.00033066398666293265,0.12983933594825303,0.05000382178981582,0.3333323745458502,2.1639180240220206,"{""kernels.0.base_kernel.kernels.0"": [0.3333296148294791, 0.3333241151652682, 0.3333347547826366, 0.3333310469214737, 0.334103236804739, 0.3333333333333335, 0.33333042634028, 0.3333027104019695, 0.33333141575836683, 0.33334024375601357, 0.33326063386175925, 0.3333333333333335, 0.3333290964381134, 0.3333450109614589, 0.3333286855296461, 0.3333622538310129, 0.3335520640927411, 0.3333333333333335], ""kernels.0.base_kernel.kernels.1.base_kernel"": [0.6931481805599428, 0.6931481805599428, 0.6931481805599428], ""kernels.1.base_kernel.kernels.0"": [0.2291505568003024, 0.18829563314864897, 0.05000382178981582, 0.2149729910547982, 2.1639180240220206, 0.3333333333333335, 0.14949066745199782, 0.20301885301183858, 0.0500107524813885, 0.32138662369342835, 0.3807329883821516, 0.3333333333333335, 0.18585609668807246, 0.3074506632139586, 0.07158616792909578, 0.30279473296185044, 0.8518828486074943, 0.3333333333333335], ""kernels.1.base_kernel.kernels.1"": [0.6931481805599428, 0.6931481805599428, 0.6931481805599428]}","{""kernels.0"": 1.5569588669731595e-05, ""kernels.0.base_kernel.kernels.1"": 0.01892493433734778, ""kernels.1"": 0.3705775039187416}",12,3,36,9,9,archive,3,111
325,130.71592107547528,123.86704460129343,0.501,local,-6.414165078387105,-8.56473151813622,2.150566439749115,0.07461640737294258,0.5613466606962951,archive,402,6,0.05421414181892043,0.007176035773725362,0.009567521192174593,0.0003322426942788516,0.12983933549365095,0.05000382178981582,0.33333237454584486,2.1639180257314345,"{""kernels.0.base_kernel.kernels.0"": [0.3333296148294753, 0.3333241151652705, 0.33333475478264607, 0.3333310469214311, 0.334103236803866, 0.3333333333333335, 0.33333042634030713, 0.3333027104019982, 0.3333314157583562, 0.3333402437559928, 0.3332606338617603, 0.3333333333333335, 0.33332909643812486, 0.3333450109616013, 0.3333286855296436, 0.33336225383115736, 0.33355206409348914, 0.3333333333333335], ""kernels.0.base_kernel.kernels.1.base_kernel"": [0.6931481805599428, 0.6931481805599428, 0.6931481805599428], ""kernels.1.base_kernel.kernels.0"": [0.2291505567118283, 0.188295633202118, 0.05000382178981582, 0.21497299097066877, 2.1639180257314345, 0.3333333333333335, 0.1494906676858305, 0.203018852993683, 0.05001075248138915, 0.3213866237967643, 0.3807329890511792, 0.3333333333333335, 0.18585609662189626, 0.3074506633399613, 0.071586167910521, 0.3027947329474731, 0.8518828487815545, 0.3333333333333335], ""kernels.1.base_kernel.kernels.1"": [0.6931481805599428, 0.6931481805599428, 0.6931481805599428]}","{""kernels.0"": 1.556958866901628e-05, ""kernels.0.base_kernel.kernels.1"": 0.01892493433734271, ""kernels.1"": 0.37057750255494115}",12,3,36,9,9,archive,2,112
326,151.60561626920855,123.86704460129343,0.5004,global,-7.338728532139244,-14.130513764209,6.791785232069756,0.5422953708783229,1.3909918416201057,global,,,0.050671222682322554,0.007169952007268397,0.00956574258796447,0.00033246322616541297,0.1294661320800054,0.050003821788991466,0.33333237554842216,2.164603422658443,"{""kernels.0.base_kernel.kernels.0"": [0.33332960942728285, 0.3333241225956814, 0.3333347606389912, 0.3333310189239115, 0.33410250854764123, 0.3333333333333335, 0.3333304402127585, 0.33330272474386063, 0.33333141776351083, 0.3333402329116223, 0.33326060049217293, 0.3333333333333335, 0.33332910135483973, 0.3333450815686525, 0.33332868435319574, 0.3333623344448305, 0.33355252112444445, 0.3333333333333335], ""kernels.0.base_kernel.kernels.1.base_kernel"": [0.6931481805599428, 0.6931481805599428, 0.6931481805599428], ""kernels.1.base_kernel.kernels.0"": [0.2290647596052838, 0.18831890729913361, 0.050003821788991466, 0.21488972794456276, 2.164603422658443, 0.3333333333333335, 0.14962168123678887, 0.20302817360977002, 0.05001075285966921, 0.3213360090585973, 0.38107840533694104, 0.3333333333333335, 0.18594602820656905, 0.3074131775357219, 0.071578653514573, 0.30284082646156285, 0.8519969507011788, 0.3333333333333335], ""kernels.1.base_kernel.kernels.1"": [0.6931481805599428, 0.6931481805599428, 0.6931481805599428]}","{""kernels.0"": 1.5569197073059135e-05, ""kernels.0.base_kernel.kernels.1"": 0.018924931489812016, ""kernels.1"": 0.36945789555313113}",12,3,36,9,9,archive,3,113
327,157.1765856630467,123.86704460129343,0.4998,global,-6.321806090278497,-13.861477768968667,7.53967167869017,1.030513253369064,1.4140054775135502,global,,,0.07607853341013325,0.007172586950875385,0.009532760701858291,0.00033073240561194077,0.13120987133634446,0.050003821788446146,0.3333323786722412,2.1647981349594425,"{""kernels.0.base_kernel.kernels.0"": [0.3333295730945508, 0.33332413591715415, 0.3333347747785147, 0.3333309434623848, 0.3340947571504896, 0.3333333333333335, 0.3333304691516984, 0.3333027392226309, 0.33333142401114885, 0.33334028931111864, 0.3332607116357203, 0.3333333333333335, 0.33332917945109974, 0.3333452188626647, 0.33332868846385133, 0.33336272200286543, 0.33355324819985255, 0.3333333333333335], ""kernels.0.base_kernel.kernels.1.base_kernel"": [0.6931481805599428, 0.6931481805599428, 0.6931481805599428], ""kernels.1.base_kernel.kernels.0"": [0.22836239381218712, 0.18774766432115597, 0.050003821788446146, 0.21377192441380657, 2.1647981349594425, 0.3333333333333335, 0.14980242490080384, 0.20138641274228633, 0.050010753303623104, 0.320253579222811, 0.38034228958704136, 0.3333333333333335, 0.18659807209861273, 0.30742294862056424, 0.07155126728029851, 0.3028497619834461, 0.8523416403553435, 0.3333333333333335], ""kernels.1.base_kernel.kernels.1"": [0.6931481805599428, 0.6931481805599428, 0.6931481805599428]}","{""kernels.0"": 1.5568966768429015e-05, ""kernels.0.base_kernel.kernels.1"": 0.018924927924243808, ""kernels.1"": 0.37468911711802116}",12,3,36,9,9,archive,2,114
328,127.11875216968592,123.86704460129343,0.4994,global,-6.272285754993411,-14.13765032277354,7.865364567780129,1.1608504307224254,1.4136349487391349,global,,,0.016521531020415193,0.0071817725323503195,0.009555910205821435,0.0003330024492147839,0.13120987140362378,0.050003821788446146,0.3333323786722716,2.164798131551364,"{""kernels.0.base_kernel.kernels.0"": [0.3333295730943608, 0.33332413591745014, 0.3333347747785974, 0.33333094346174624, 0.33409475710922887, 0.3333333333333335, 0.33333046915207987, 0.3333027392228038, 0.33333142401120974, 0.33334028931155807, 0.3332607116368104, 0.3333333333333335, 0.3333291794514862, 0.33334521886314006, 0.33332868846394353, 0.3333627220046358, 0.3335532482029106, 0.3333333333333335], ""kernels.0.base_kernel.kernels.1.base_kernel"": [0.6931481805599428, 0.6931481805599428, 0.6931481805599428], ""kernels.1.base_kernel.kernels.0"": [0.22836239047937273, 0.1877476616678972, 0.050003821788446146, 0.21377191274088167, 2.164798131551364, 0.3333333333333335, 0.14980242792281345, 0.20138641150345618, 0.05001075330362538, 0.3202535755291782, 0.3803422945819542, 0.3333333333333335, 0.18659807682312818, 0.30742294394473774, 0.07155126731623197, 0.3028497654705004, 0.8523416362781044, 0.3333333333333335], ""kernels.1.base_kernel.kernels.1"": [0.6931481805599428, 0.6931481805599428, 0.6931481805599428]}","{""kernels.0"": 1.556896676724341e-05, ""kernels.0.base_kernel.kernels.1"": 0.01892492792422577, ""kernels.1"": 0.3746891173198783}",12,3,36,9,9,archive,3,115
329,135.10048597656018,123.86704460129343,0.499,local,-6.295001747664079,-10.527270121384078,4.232268373719998,0.11153962800721137,0.5618292629127539,archive,385,15,0.04223631912848795,0.007189718569470961,0.009541088489805019,0.0003322088147119707,0.1305758461807585,0.05000382179266214,0.3333324572698406,2.1439243169868085,"{""kernels.0.base_kernel.kernels.0"": [0.33332897764049635, 0.333325223250053, 0.3333349300256395, 0.3333295551401744, 0.333997081541664, 0.3333333333333335, 0.3333312329255411, 0.33330292213008045, 0.3333315812063478, 0.3333411008652013, 0.3332622171678234, 0.3333333333333335, 0.3333303093795553, 0.33334636077732815, 0.33332891466008846, 0.333366707239364, 0.3335630971375279, 0.3333333333333335], ""kernels.0.base_kernel.kernels.1.base_kernel"": [0.6931481805599428, 0.6931481805599428, 0.6931481805599428], ""kernels.1.base_kernel.kernels.0"": [0.22112036959405035, 0.1827109837175648, 0.05000382179266214, 0.1915675116283932, 2.1439243169868085, 0.3333333333333335, 0.1564937507053839, 0.19946650492756507, 0.05001075836717983, 0.314235658102673, 0.3891656393480324, 0.3333333333333335, 0.19791820155799306, 0.2997489351597554, 0.07170030964429666, 0.3129129917924105, 0.8463797147454956, 0.3333333333333335], ""kernels.1.base_kernel.kernels.1"": [0.6931481805599428, 0.6931481805599428, 0.6931481805599428]}","{""kernels.0"": 1.556659885052582e-05, ""kernels.0.base_kernel.kernels.1"": 0.018924888494582032, ""kernels.1"": 0.37278708344884287}",12,3,36,9,9,archive,3,116
330,138.79198198444467,123.86704460129343,0.4998,global,-7.024222301810141,-11.919061423314428,4.894839121504287,0.5184557896479999,1.200500591145861,global,,,0.051592322857957534,0.007200044369027001,0.009564511358470073,0.0003342623752482298,0.13057584545321946,0.050003821792662134,0.33333245726987737,2.1439243178948897,"{""kernels.0.base_kernel.kernels.0"": [0.333328977640412, 0.33332522325033054, 0.3333349300256815, 0.33332955513995344, 0.33399708151522245, 0.3333333333333335, 0.3333312329257729, 0.3333029221301228, 0.33333158120642126, 0.3333411008657579, 0.3332622171659836, 0.3333333333333335, 0.3333303093798127, 0.3333463607779876, 0.33332891466020204, 0.3333667072408363, 0.3335630971399758, 0.3333333333333335], ""kernels.0.base_kernel.kernels.1.base_kernel"": [0.6931481805599428, 0.6931481805599428, 0.6931481805599428], ""kernels.1.base_kernel.kernels.0"": [0.22112036922259914, 0.18271098327617152, 0.050003821792662134, 0.19156751261808555, 2.1439243178948897, 0.3333333333333335, 0.15649375018253558, 0.1994665070079942, 0.050010758367182086, 0.31423565688935323, 0.3891656282036306, 0.3333333333333335, 0.19791820357154885, 0.2997489386774628, 0.07170030969018942, 0.3129129988198085, 0.8463797179480977, 0.3333333333333335], ""kernels.1.base_kernel.kernels.1"": [0.6931481805599428, 0.6931481805599428, 0.6931481805599428]}","{""kernels.0"": 1.5566598849103837e-05, ""kernels.0.base_kernel.kernels.1"": 0.01892488849456371, ""kernels.1"": 0.37278708126624555}",12,3,36,9,9,archive,3,117
331,131.19042117063503,123.86704460129343,0.499,global,-6.388692340274213,-14.7466172736107,8.357924933336488,1.1837947565287992,1.4105062938509707,global,,,0.028649126510869996,0.00720354216564828,0.009574745338972289,0.00033544776696920576,0.13057584033908934,0.050003821792662106,0.3333324572699896,2.1439243370949943,"{""kernels.0.base_kernel.kernels.0"": [0.3333289776402005, 0.33332522325093816, 0.3333349300257781, 0.33332955513937634, 0.3339970814483407, 0.3333333333333335, 0.3333312329263546, 0.3333029221296161, 0.33333158120664574, 0.3333411008671588, 0.3332622171611135, 0.3333333333333335, 0.3333303093806738, 0.3333463607799736, 0.33332891466049946, 0.33336670724529927, 0.3335630971483802, 0.3333333333333335], ""kernels.0.base_kernel.kernels.1.base_kernel"": [0.6931481805599428, 0.6931481805599428, 0.6931481805599428], ""kernels.1.base_kernel.kernels.0"": [0.22112036825859588, 0.18271098170146338, 0.050003821792662106, 0.19156751671622413, 2.1439243370949943, 0.3333333333333335, 0.15649374733452115, 0.19946651559419643, 0.050010758367189156, 0.3142356570281348, 0.38916559997201705, 0.3333333333333335, 0.1979182110576965, 0.299748947190771, 0.0717003098941357, 0.3129130232516709, 0.8463797239011572, 0.3333333333333335], ""kernels.1.base_kernel.kernels.1"": [0.6931481805599428, 0.6931481805599428, 0.6931481805599428]}","{""kernels.0"": 1.5566598843986765e-05, ""kernels.0.base_kernel.kernels.1"": 0.018924888494506735, ""kernels.1"": 0.3727870659239173}",12,3,36,9,9,archive,3,118
332,127.78815761524251,123.86704460129343,0.5002,local,-6.345260960400675,-10.523097459884061,4.177836499483386,0.04506112713306919,0.2649700104497445,archive,385,15,0.02823476141859863,0.007197384626203502,0.009575867565300851,0.0003358871825279062,0.13026151976222733,0.05000382179092823,0.3333324678708169,2.144236008655409,"{""kernels.0.base_kernel.kernels.0"": [0.3333289593414152, 0.33332527587830774, 0.33333493755678156, 0.333329523470817, 0.3339920605275596, 0.3333333333333335, 0.3333312700891177, 0.33330288970099897, 0.3333316024083003, 0.33334122208972145, 0.33326176504406696, 0.3333333333333335, 0.3333303681610514, 0.3333464928889398, 0.3333289388620895, 0.3333670204916006, 0.33356365643099806, 0.3333333333333335], ""kernels.0.base_kernel.kernels.1.base_kernel"": [0.6931481805599428, 0.6931481805599428, 0.6931481805599428], ""kernels.1.base_kernel.kernels.0"": [0.2210261056191574, 0.18267309958261524, 0.05000382179092823, 0.1919700863059679, 2.144236008655409, 0.3333333333333335, 0.15620167943360524, 0.20001604582539267, 0.050010758873056754, 0.3146129236177909, 0.3872092997964285, 0.3333333333333335, 0.1982669201474094, 0.3002672299841839, 0.07171913725268039, 0.3142702081785237, 0.846439126796475, 0.3333333333333335], ""kernels.1.base_kernel.kernels.1"": [0.6931481805599428, 0.6931481805599428, 0.6931481805599428]}","{""kernels.0"": 1.5566251513486016e-05, ""kernels.0.base_kernel.kernels.1"": 0.018924884478317576, ""kernels.1"": 0.3718441085568509}",12,3,36,9,9,archive,2,119
333,127.16772825482342,123.86704460129343,0.4992,local,-6.326798225482442,-10.548895283041924,4.222097057559482,0.05941162264226048,0.48891482659184893,archive,385,15,0.04201939203275228,0.007183869287394546,0.009551673327102134,0.0003344748427563742,0.1302614141419143,0.050003821790926474,0.33333246788128956,2.144236554179604,"{""kernels.0.base_kernel.kernels.0"": [0.33332895931846857, 0.33332527594829137, 0.333334937565391, 0.3333295234342986, 0.33399205481720323, 0.3333333333333335, 0.3333312701321934, 0.33330288965157817, 0.3333316024292456, 0.3333412222135119, 0.3332617645487808, 0.3333333333333335, 0.3333303682262828, 0.3333464930496593, 0.3333289388914868, 0.3333670208525351, 0.3335636571825996, 0.3333333333333335], ""kernels.0.base_kernel.kernels.1.base_kernel"": [0.6931481805599428, 0.6931481805599428, 0.6931481805599428], ""kernels.1.base_kernel.kernels.0"": [0.2210259616048282, 0.18267320607814053, 0.050003821790926474, 0.19197046041897756, 2.144236554179604, 0.3333333333333335, 0.15620139300198663, 0.20001639918994613, 0.050010758873658065, 0.31461325031551485, 0.38720756572369947, 0.3333333333333335, 0.19826727940590796, 0.3002679600939389, 0.07171917431270144, 0.31427168279852385, 0.8464399499261062, 0.3333333333333335], ""kernels.1.base_kernel.kernels.1"": [0.6931481805599428, 0.6931481805599428, 0.6931481805599428]}","{""kernels.0"": 1.5566251098535478e-05, ""kernels.0.base_kernel.kernels.1"": 0.01892488447352207, ""kernels.1"": 0.37184379170112236}",12,3,36,9,9,archive,3,120
334,126.54710103517884,123.86704460129343,0.4992,local,-6.185774762712882,-10.517574700258972,4.331799937546091,0.06937413541158916,0.40633868492568925,archive,385,15,0.027732513597212266,0.007184542717517516,0.009555000655611493,0.0003349916544225726,0.1302614134235294,0.05000382179092647,0.33333246788133686,2.144236563943894,"{""kernels.0.base_kernel.kernels.0"": [0.33332895931833906, 0.33332527594862965, 0.33333493756542165, 0.33332952343412753, 0.3339920547924515, 0.3333333333333335, 0.33333127013230274, 0.3333028896512561, 0.33333160242934023, 0.3333412222140085, 0.3332617645471858, 0.3333333333333335, 0.3333303682266088, 0.33334649305032377, 0.3333289388915772, 0.3333670208538892, 0.3335636571864256, 0.3333333333333335], ""kernels.0.base_kernel.kernels.1.base_kernel"": [0.6931481805599428, 0.6931481805599428, 0.6931481805599428], ""kernels.1.base_kernel.kernels.0"": [0.22102596105517455, 0.1826732069745856, 0.05000382179092647, 0.191970461808179, 2.144236563943894, 0.3333333333333335, 0.1562013914943689, 0.20001639949153036, 0.05001075887366037, 0.3146132513612093, 0.3872075618422526, 0.3333333333333335, 0.19826728073199204, 0.3002679623747445, 0.07171917443031951, 0.31427168771422204, 0.8464399519914388, 0.3333333333333335], ""kernels.1.base_kernel.kernels.1"": [0.6931481805599428, 0.6931481805599428, 0.6931481805599428]}","{""kernels.0"": 1.5566251097067766e-05, ""kernels.0.base_kernel.kernels.1"": 0.01892488447350385, ""kernels.1"": 0.3718437895459873}",12,3,36,9,9,archive,2,121
335,129.95568224474758,123.86704460129343,0.5008,local,-6.228713856717915,-10.520435246763867,4.291721390045952,0.04774677035002716,0.5047977761222844,archive,385,15,0.04896134028911674,0.007170036186223022,0.009528130820484596,0.0003333706327556174,0.13026088501989738,0.05000382179092422,0.3333324678975982,2.1442394897202046,"{""kernels.0.base_kernel.kernels.0"": [0.3333289592805956, 0.3333252760539061, 0.3333349375746833, 0.3333295233780578, 0.33399204717191316, 0.3333333333333335, 0.3333312701600349, 0.33330288954397796, 0.33333160246186283, 0.33334122237347014, 0.33326176409277614, 0.3333333333333335, 0.33333036832387714, 0.3333464932886287, 0.33332893891653786, 0.33336702126630946, 0.3335636583801102, 0.3333333333333335], ""kernels.0.base_kernel.kernels.1.base_kernel"": [0.6931481805599428, 0.6931481805599428, 0.6931481805599428], ""kernels.1.base_kernel.kernels.0"": [0.22102598231226403, 0.1826734885212593, 0.05000382179092422, 0.19197087808679245, 2.1442394897202046, 0.3333333333333335, 0.1562008314209855, 0.200016650117899, 0.05001075887436556, 0.3146136162597317, 0.3872070664000212, 0.3333333333333335, 0.19826765971864038, 0.300268888070849, 0.07171921478823627, 0.3142733048360997, 0.8464405375455276, 0.3333333333333335], ""kernels.1.base_kernel.kernels.1"": [0.6931481805599428, 0.6931481805599428, 0.6931481805599428]}","{""kernels.0"": 1.5566250656660704e-05, ""kernels.0.base_kernel.kernels.1"": 0.018924884467995763, ""kernels.1"": 0.3718422043410397}",12,3,36,9,9,archive,2,122
336,127.44981624080927,123.86704460129343,0.4996,local,-6.269521946921209,-10.528426289858242,4.258904342937033,0.05672277799091601,0.35334500797539653,archive,385,15,0.03298624121927836,0.007166956428941707,0.009524941374941474,0.0003334785937115381,0.13026088466793675,0.05000382179092422,0.3333324678976065,2.1442394908949,"{""kernels.0.base_kernel.kernels.0"": [0.33332895928057676, 0.33332527605395684, 0.3333349375746878, 0.333329523378041, 0.3339920471682045, 0.3333333333333335, 0.3333312701600456, 0.3333028895439351, 0.3333316024618795, 0.33334122237354563, 0.3332617640925393, 0.3333333333333335, 0.3333303683239244, 0.3333464932887467, 0.3333289389165482, 0.33336702126650625, 0.3335636583807224, 0.3333333333333335], ""kernels.0.base_kernel.kernels.1.base_kernel"": [0.6931481805599428, 0.6931481805599428, 0.6931481805599428], ""kernels.1.base_kernel.kernels.0"": [0.22102598231460155, 0.18267348862810434, 0.05000382179092422, 0.19197087861956408, 2.1442394908949, 0.3333333333333335, 0.1562008311225897, 0.20001665022844936, 0.0500107588743659, 0.31461361645151553, 0.38720706615485817, 0.3333333333333335, 0.19826765988984718, 0.3002688884784731, 0.07171921480834571, 0.31427330557015837, 0.8464405377485812, 0.3333333333333335], ""kernels.1.base_kernel.kernels.1"": [0.6931481805599428, 0.6931481805599428, 0.6931481805599428]}","{""kernels.0"": 1.556625065645943e-05, ""kernels.0.base_kernel.kernels.1"": 0.018924884467993192, ""kernels.1"": 0.3718422032851606}",12,3,36,9,9,archive,3,123
337,127.26608467405241,123.86704460129343,0.5008,local,-6.255959887109087,-10.500499953076336,4.244540065967248,0.061485350326962764,0.5186451833508036,archive,385,15,0.04709299760844871,0.007163021544097191,0.009537707673874874,0.0003346829775409438,0.12957035561232655,0.050003821789381175,0.3333324788109887,2.145978510193926,"{""kernels.0.base_kernel.kernels.0"": [0.3333289321516806, 0.3333253531850625, 0.33333494369375777, 0.3333294976592724, 0.33398691100773586, 0.3333333333333335, 0.3333312819124647, 0.33330281849274523, 0.333331624288644, 0.33334134064878446, 0.3332614460372186, 0.3333333333333335, 0.33333043426087006, 0.3333466512220108, 0.33332895456475753, 0.3333672904189799, 0.3335645748244183, 0.3333333333333335], ""kernels.0.base_kernel.kernels.1.base_kernel"": [0.6931481805599428, 0.6931481805599428, 0.6931481805599428], ""kernels.1.base_kernel.kernels.0"": [0.22102251021724367, 0.18280537337919456, 0.050003821789381175, 0.1926677754471089, 2.145978510193926, 0.3333333333333335, 0.1558239299341837, 0.20009264037321497, 0.05001075933884969, 0.31498801473548876, 0.3872401567251195, 0.3333333333333335, 0.19850842039473512, 0.30085298113652814, 0.07176864953304912, 0.3152036320298828, 0.8466345784088198, 0.3333333333333335], ""kernels.1.base_kernel.kernels.1"": [0.6931481805599428, 0.6931481805599428, 0.6931481805599428]}","{""kernels.0"": 1.5565980897974086e-05, ""kernels.0.base_kernel.kernels.1"": 0.018924880992463245, ""kernels.1"": 0.3697706198636184}",12,3,36,9,9,archive,2,124
338,128.84212911950146,123.86704460129343,0.4998,local,-6.056093801790356,-10.550788284688684,4.494694482898328,0.06263607156001458,0.5625768107026413,archive,385,15,0.04515290046847338,0.007142138344125217,0.009481475279063905,0.00033099957887702526,0.13059371773421916,0.05000382178339392,0.33333251009817233,2.1507881683043286,"{""kernels.0.base_kernel.kernels.0"": [0.3333288295310736, 0.33332557720797595, 0.33333496049622735, 0.33332938024950076, 0.33397102723756406, 0.3333333333333335, 0.33333130659334637, 0.3333025190049526, 0.33333168686301123, 0.33334205068789885, 0.333260233264674, 0.3333333333333335, 0.333330653351057, 0.33334702897172597, 0.33332900388256, 0.3333681733006064, 0.33356730033919574, 0.3333333333333335], ""kernels.0.base_kernel.kernels.1.base_kernel"": [0.6931481805599428, 0.6931481805599428, 0.6931481805599428], ""kernels.1.base_kernel.kernels.0"": [0.22086195477471113, 0.18280022904816132, 0.05000382178339392, 0.19415145512775997, 2.1507881683043286, 0.3333333333333335, 0.15443537755020575, 0.19940969612908777, 0.05001076089440194, 0.31840858875379024, 0.3840838202643885, 0.3333333333333335, 0.19873673094592625, 0.30127114307422803, 0.0719037820300904, 0.31662446531083116, 0.84472790403256, 0.3333333333333335], ""kernels.1.base_kernel.kernels.1"": [0.6931481805599428, 0.6931481805599428, 0.6931481805599428]}","{""kernels.0"": 1.5565095082725494e-05, ""kernels.0.base_kernel.kernels.1"": 0.018924869401111634, ""kernels.1"": 0.3728407187064631}",12,3,36,9,9,archive,3,125
339,127.58435948229523,123.86704460129343,0.5024,local,-6.024257247695106,-10.566748939833072,4.5424916921379666,0.05324286211835393,0.45294007590874036,archive,385,15,0.030659743072140394,0.007142948682369414,0.00951184778451383,0.00033347135294096075,0.1295345482078055,0.05000382178258641,0.333332517217834,2.1517947978534853,"{""kernels.0.base_kernel.kernels.0"": [0.33332880820828775, 0.3333256395508671, 0.3333349647585321, 0.3333293484836631, 0.33396727992325104, 0.3333333333333335, 0.33333132106192154, 0.33330247291071713, 0.33333170110233457, 0.33334220974479445, 0.33326003364315127, 0.3333333333333335, 0.33333070719693825, 0.33334711907764425, 0.3333290155053077, 0.33336840157947684, 0.33356794745892243, 0.3333333333333335], ""kernels.0.base_kernel.kernels.1.base_kernel"": [0.6931481805599428, 0.6931481805599428, 0.6931481805599428], ""kernels.1.base_kernel.kernels.0"": [0.22088609616546476, 0.18309417952633758, 0.05000382178258641, 0.19449473387038438, 2.1517947978534853, 0.3333333333333335, 0.15438078886528483, 0.1996654423941692, 0.05001076130472922, 0.3192123110882299, 0.3843199064951621, 0.3333333333333335, 0.19890238716153388, 0.30164745945901794, 0.07195433475244127, 0.31757103743014553, 0.8446230711458756, 0.3333333333333335], ""kernels.1.base_kernel.kernels.1"": [0.6931481805599428, 0.6931481805599428, 0.6931481805599428]}","{""kernels.0"": 1.5564859191288397e-05, ""kernels.0.base_kernel.kernels.1"": 0.018924866457431896, ""kernels.1"": 0.36966321330679325}",12,3,36,9,9,archive,2,126
340,145.42204381310998,123.86704460129343,0.501,global,-5.982090587699485,-14.182350444962173,8.200259857262688,0.7177910905323793,1.4107016061175817,global,,,0.08394807062810106,0.007133347932209423,0.00949493302799496,0.00033257400872824765,0.1295345828675733,0.050003821782585375,0.3333325172251023,2.15179564610956,"{""kernels.0.base_kernel.kernels.0"": [0.3333288081831278, 0.33332563960508715, 0.33333496476321584, 0.3333293484440621, 0.3339672760115842, 0.3333333333333335, 0.33333132107124, 0.3333024728545167, 0.33333170111687116, 0.3333422099036387, 0.3332600333785374, 0.3333333333333335, 0.3333307072478543, 0.3333471191651373, 0.3333290155160335, 0.33336840181790545, 0.3335679481148471, 0.3333333333333335], ""kernels.0.base_kernel.kernels.1.base_kernel"": [0.6931481805599428, 0.6931481805599428, 0.6931481805599428], ""kernels.1.base_kernel.kernels.0"": [0.22088603929021597, 0.18309423393242483, 0.050003821782585375, 0.1944948769977554, 2.15179564610956, 0.3333333333333335, 0.15438058572182162, 0.19966561475481331, 0.050010761305153105, 0.31921287514155844, 0.3843194471808004, 0.3333333333333335, 0.19890242582297396, 0.3016476021637107, 0.07195437084424555, 0.31757179636753413, 0.8446224488561078, 0.3333333333333335], ""kernels.1.base_kernel.kernels.1"": [0.6931481805599428, 0.6931481805599428, 0.6931481805599428]}","{""kernels.0"": 1.5564858956736222e-05, ""kernels.0.base_kernel.kernels.1"": 0.01892486645437188, ""kernels.1"": 0.3696633172893913}",12,3,36,9,9,archive,3,127
341,128.08998003582974,123.86704460129343,0.5002,local,-6.027672984463891,-10.583207332722324,4.555534348258433,0.06397889030474888,0.4615491346263743,archive,385,15,0.027264052700460253,0.007134597191113067,0.009506303385518257,0.00033392378886638803,0.12946371703396437,0.05000382178064638,0.3333325327193337,2.1534514737588424,"{""kernels.0.base_kernel.kernels.0"": [0.33332876426416114, 0.33332573546731903, 0.33333497234305487, 0.3333292857981976, 0.3339605936663646, 0.3333333333333335, 0.3333313328871316, 0.3333023975075693, 0.3333317321053339, 0.3333424923785156, 0.3332595920616354, 0.3333333333333335, 0.3333307872831135, 0.33334723420827467, 0.33332903379683976, 0.33336875455249076, 0.33356902620854795, 0.3333333333333335], ""kernels.0.base_kernel.kernels.1.base_kernel"": [0.6931481805599428, 0.6931481805599428, 0.6931481805599428], ""kernels.1.base_kernel.kernels.0"": [0.22072911808673162, 0.18316730130271686, 0.05000382178064638, 0.19471911412297568, 2.1534514737588424, 0.3333333333333335, 0.15407070732214523, 0.20002497468820413, 0.05001076196678767, 0.32016029501062576, 0.3836917068422354, 0.3333333333333335, 0.19898948654587972, 0.3017794787181757, 0.07201126483462145, 0.3188879985612001, 0.8437132868885889, 0.3333333333333335], ""kernels.1.base_kernel.kernels.1"": [0.6931481805599428, 0.6931481805599428, 0.6931481805599428]}","{""kernels.0"": 1.5564521461137968e-05, ""kernels.0.base_kernel.kernels.1"": 0.018924861713433876, ""kernels.1"": 0.3694507248669981}",12,3,36,9,9,archive,3,128
342,130.25146281753666,123.86704460129343,0.4988,local,-6.106766612625861,-10.594532054890049,4.487765442264188,0.04944480508205324,0.44136403178064665,archive,385,15,0.028586473251348023,0.007124642443454992,0.009488623510451214,0.0003329803424444427,0.12946364738850683,0.05000382178064515,0.3333325327278225,2.1534525025811577,"{""kernels.0.base_kernel.kernels.0"": [0.3333287642351427, 0.3333257355339215, 0.33333497234782117, 0.3333292857562839, 0.3339605892274685, 0.3333333333333335, 0.333331332895883, 0.33330239746446655, 0.33333173212231143, 0.3333424925653367, 0.33325959177128495, 0.3333333333333335, 0.3333307873385406, 0.3333472342948696, 0.33332903380897294, 0.3333687547821201, 0.3335690269538929, 0.3333333333333335], ""kernels.0.base_kernel.kernels.1.base_kernel"": [0.6931481805599428, 0.6931481805599428, 0.6931481805599428], ""kernels.1.base_kernel.kernels.0"": [0.2207290317156138, 0.18316738017547837, 0.05000382178064515, 0.19471922204752992, 2.1534525025811577, 0.3333333333333335, 0.15407055340938866, 0.20002521549932298, 0.05001076196723728, 0.32016097883675115, 0.38369137981994295, 0.3333333333333335, 0.1989895722587851, 0.3017796287252269, 0.07201130415804136, 0.3188888832237932, 0.8437128020152559, 0.3333333333333335], ""kernels.1.base_kernel.kernels.1"": [0.6931481805599428, 0.6931481805599428, 0.6931481805599428]}","{""kernels.0"": 1.5564521237681047e-05, ""kernels.0.base_kernel.kernels.1"": 0.018924861710252455, ""kernels.1"": 0.36945051593403033}",12,3,36,9,9,archive,2,129
343,128.7758952338711,123.86704460129343,0.501,local,-6.031064946394972,-10.587235640179337,4.556170693784365,0.052973986071209636,0.47541729966900836,archive,385,15,0.024399953036728855,0.0071229784840803915,0.009487729080051929,0.00033325919060319287,0.12946364725080156,0.05000382178064515,0.33333253272783664,2.1534525032528156,"{""kernels.0.base_kernel.kernels.0"": [0.3333287642350937, 0.33332573553402883, 0.3333349723478283, 0.33332928575621246, 0.3339605892200459, 0.3333333333333335, 0.3333313328959105, 0.3333023974643861, 0.3333317321223398, 0.33334249256559934, 0.33325959177079123, 0.3333333333333335, 0.3333307873386276, 0.33334723429502783, 0.33332903380898876, 0.3333687547824743, 0.33356902695526663, 0.3333333333333335], ""kernels.0.base_kernel.kernels.1.base_kernel"": [0.6931481805599428, 0.6931481805599428, 0.6931481805599428], ""kernels.1.base_kernel.kernels.0"": [0.22072903156337473, 0.18316738028776597, 0.05000382178064515, 0.19471922226851132, 2.1534525032528156, 0.3333333333333335, 0.15407055367017153, 0.20002521595258455, 0.05001076196723799, 0.3201609795460029, 0.3836913790427468, 0.3333333333333335, 0.1989895721819164, 0.3017796294330982, 0.07201130419983783, 0.31888888475305427, 0.8437128016405934, 0.3333333333333335], ""kernels.1.base_kernel.kernels.1"": [0.6931481805599428, 0.6931481805599428, 0.6931481805599428]}","{""kernels.0"": 1.55645212373433e-05, ""kernels.0.base_kernel.kernels.1"": 0.01892486171024741, ""kernels.1"": 0.36945051552091995}",12,3,36,9,9,archive,2,130
344,135.72884984696188,123.86704460129343,0.499,local,-6.05103064475432,-10.593971993755357,4.542941349001037,0.09326642640866414,0.5889873668327841,archive,385,15,0.03863229654488382,0.007119134635110101,0.009498077517390052,0.0003343212221878482,0.1291711204107581,0.05000382177746948,0.3333325547210585,2.15434177943857,"{""kernels.0.base_kernel.kernels.0"": [0.3333286995719305, 0.3333258809528683, 0.33333498294959574, 0.33332919131873007, 0.33395047726606497, 0.3333333333333335, 0.33333134359559774, 0.33330232574068247, 0.33333177610878345, 0.3333428184796791, 0.33325885215523776, 0.3333333333333335, 0.3333308980366928, 0.33334744963645946, 0.33332905305209526, 0.3333692150359313, 0.33357094277758126, 0.3333333333333335], ""kernels.0.base_kernel.kernels.1.base_kernel"": [0.6931481805599428, 0.6931481805599428, 0.6931481805599428], ""kernels.1.base_kernel.kernels.0"": [0.2204479461229819, 0.1834922007074019, 0.05000382177746948, 0.1951464101935583, 2.15434177943857, 0.3333333333333335, 0.1541423371617019, 0.2009546481949025, 0.05001076289582752, 0.32188244661765847, 0.3819979008549768, 0.3333333333333335, 0.19898365929458203, 0.30249374667768897, 0.07207411960634491, 0.32086226630107834, 0.8432291143603269, 0.3333333333333335], ""kernels.1.base_kernel.kernels.1"": [0.6931481805599428, 0.6931481805599428, 0.6931481805599428]}","{""kernels.0"": 1.5564116807117464e-05, ""kernels.0.base_kernel.kernels.1"": 0.018924855255634452, ""kernels.1"": 0.3685729418598327}",12,3,36,9,9,archive,2,131
345,125.60607517142347,123.86704460129343,0.4998,global,-6.75916204189543,-14.273841239414887,7.514679197519457,0.9089186224805093,1.412753717313036,global,,,0.008412900885548667,0.007129765052870208,0.009522346502671763,0.00033647134309496365,0.12917112428952832,0.050003821777469475,0.33333255472107576,2.1543417809716896,"{""kernels.0.base_kernel.kernels.0"": [0.33332869957176414, 0.3333258809532702, 0.3333349829496147, 0.3333291913185163, 0.3339504772430652, 0.3333333333333335, 0.33333134359563515, 0.3333023257400964, 0.33333177610881803, 0.3333428184803424, 0.33325885215279816, 0.3333333333333335, 0.33333089803697935, 0.33334744963713575, 0.33332905305213634, 0.3333692150372083, 0.33357094278211696, 0.3333333333333335], ""kernels.0.base_kernel.kernels.1.base_kernel"": [0.6931481805599428, 0.6931481805599428, 0.6931481805599428], ""kernels.1.base_kernel.kernels.0"": [0.22044794519287852, 0.18349220161730878, 0.050003821777469475, 0.19514641023826998, 2.1543417809716896, 0.3333333333333335, 0.1541423378645485, 0.20095464503637195, 0.050010762895830126, 0.3218824506216898, 0.3819978974950086, 0.3333333333333335, 0.19898365888933725, 0.3024937461835422, 0.0720741197321613, 0.3208622708955902, 0.8432291094916093, 0.3333333333333335], ""kernels.1.base_kernel.kernels.1"": [0.6931481805599428, 0.6931481805599428, 0.6931481805599428]}","{""kernels.0"": 1.556411680585794e-05, ""kernels.0.base_kernel.kernels.1"": 0.018924855255616522, ""kernels.1"": 0.3685729534961626}",12,3,36,9,9,archive,3,132
346,131.32605286166898,123.86704460129343,0.4986,local,-5.8717425343309895,-10.608525015344487,4.736782481013497,0.051505482748324505,0.5446903563548996,archive,385,16,0.043936588713598894,0.0071003095258731375,0.009465327068410164,0.00033269429435271275,0.12917387191642474,0.05000382177746073,0.3333325547317161,2.1543417820909485,"{""kernels.0.base_kernel.kernels.0"": [0.33332869946889154, 0.3333258812065906, 0.33333498296335917, 0.3333291911633942, 0.33395046170244297, 0.3333333333333335, 0.3333313436290157, 0.33330232536925497, 0.3333317761300987, 0.33334281895720186, 0.3332588504416946, 0.3333333333333335, 0.33333089822511697, 0.33334745010178524, 0.33332905306888655, 0.33336921590556073, 0.33357094577572916, 0.3333333333333335], ""kernels.0.base_kernel.kernels.1.base_kernel"": [0.6931481805599428, 0.6931481805599428, 0.6931481805599428], ""kernels.1.base_kernel.kernels.0"": [0.22044731906948098, 0.18349280317378308, 0.05000382177746073, 0.19514645401433578, 2.1543417820909485, 0.3333333333333335, 0.1541429920970715, 0.20095280539917026, 0.05001076289763833, 0.32188477498166845, 0.3819955886811711, 0.3333333333333335, 0.19898346931831204, 0.3024929825999315, 0.07207421838081197, 0.32086518157099264, 0.8432251499889094, 0.3333333333333335], ""kernels.1.base_kernel.kernels.1"": [0.6931481805599428, 0.6931481805599428, 0.6931481805599428]}","{""kernels.0"": 1.556411593564297e-05, ""kernels.0.base_kernel.kernels.1"": 0.01892485524323443, ""kernels.1"": 0.3685811963901041}",12,3,36,9,9,archive,1,133
347,130.45746156614516,123.86704460129343,0.5,local,-6.178015329071588,-10.616086443914096,4.438071114842508,0.06586668970758558,0.4723828412763665,archive,385,16,0.04613627062272595,0.007096679228351292,0.009460866259294414,0.00033273998193488114,0.12917388315918846,0.0500038217774607,0.3333325547317689,2.154341785696805,"{""kernels.0.base_kernel.kernels.0"": [0.33332869946841726, 0.3333258812077342, 0.33333498296342323, 0.33332919116268606, 0.33395046163097014, 0.3333333333333335, 0.3333313436291467, 0.3333023253674547, 0.3333317761302044, 0.33334281895939577, 0.3332588504337945, 0.3333333333333335, 0.33333089822594686, 0.3333474501039918, 0.3333290530689421, 0.33336921590954266, 0.3335709457894945, 0.3333333333333335], ""kernels.0.base_kernel.kernels.1.base_kernel"": [0.6931481805599428, 0.6931481805599428, 0.6931481805599428], ""kernels.1.base_kernel.kernels.0"": [0.2204473159829032, 0.18349280549754912, 0.0500038217774607, 0.19514645432602623, 2.154341785696805, 0.3333333333333335, 0.1541429954290745, 0.20095279505770997, 0.05001076289764678, 0.32188478845666996, 0.3819955758139999, 0.3333333333333335, 0.19898346821107837, 0.30249297984344287, 0.07207421878738549, 0.32086519480752584, 0.8432251312876221, 0.3333333333333335], ""kernels.1.base_kernel.kernels.1"": [0.6931481805599428, 0.6931481805599428, 0.6931481805599428]}","{""kernels.0"": 1.5564115931620693e-05, ""kernels.0.base_kernel.kernels.1"": 0.018924855243177385, ""kernels.1"": 0.36858123011845634}",12,3,36,9,9,archive,2,134
348,145.08278198443003,123.86704460129343,0.5008,global,-6.642076145584772,-15.33722958105427,8.695153435469498,0.7886175813943225,1.411400438654754,global,,,0.06607795191784577,0.007084912649435292,0.009427670891000328,0.00033073061485572785,0.12994980216905275,0.050003821774081136,0.33333256085915963,2.154512159260583,"{""kernels.0.base_kernel.kernels.0"": [0.3333286514000236, 0.3333259907129815, 0.33333498936251116, 0.33332911967290046, 0.33394340943203094, 0.3333333333333335, 0.3333313543025813, 0.33330215022063636, 0.33333178838498584, 0.33334303116072583, 0.3332581523094754, 0.3333333333333335, 0.33333098008810574, 0.33334765748953266, 0.33332905819489295, 0.3333696218507835, 0.333572258419137, 0.3333333333333335], ""kernels.0.base_kernel.kernels.1.base_kernel"": [0.6931481805599428, 0.6931481805599428, 0.6931481805599428], ""kernels.1.base_kernel.kernels.0"": [0.22013342839285086, 0.1837226520735984, 0.050003821774081136, 0.19515797102592342, 2.154512159260583, 0.3333333333333335, 0.15449112294183734, 0.200054450385571, 0.050010763719755894, 0.3232233418393733, 0.38194477474531197, 0.3333333333333335, 0.19893961140774746, 0.3021576918753968, 0.07212765033119962, 0.32270219772247255, 0.8411880080128773, 0.3333333333333335], ""kernels.1.base_kernel.kernels.1"": [0.6931481805599428, 0.6931481805599428, 0.6931481805599428]}","{""kernels.0"": 1.556373096784963e-05, ""kernels.0.base_kernel.kernels.1"": 0.018924849727861813, ""kernels.1"": 0.37090899304832853}",12,3,36,9,9,archive,4,135
349,131.72921065031787,123.86704460129343,0.4996,global,-6.485645183271597,-13.094338945039437,6.6086937617678405,1.0426510768531112,1.4092446226478812,global,,,0.03616801761500776,0.007090321017336384,0.009442316596615919,0.000332301443989772,0.12994980160343825,0.050003821774081136,0.3333325608591641,2.1545121636338287,"{""kernels.0.base_kernel.kernels.0"": [0.3333286513999854, 0.33332599071307606, 0.33333498936251515, 0.3333291196728469, 0.3339434094258515, 0.3333333333333335, 0.33333135430261657, 0.3333021502205529, 0.3333317883849946, 0.3333430311609658, 0.3332581523090437, 0.3333333333333335, 0.3333309800881814, 0.3333476574896516, 0.33332905819490627, 0.3333696218510868, 0.3335722584201032, 0.3333333333333335], ""kernels.0.base_kernel.kernels.1.base_kernel"": [0.6931481805599428, 0.6931481805599428, 0.6931481805599428], ""kernels.1.base_kernel.kernels.0"": [0.22013342819788254, 0.18372265248751882, 0.050003821774081136, 0.1951579712307186, 2.1545121636338287, 0.3333333333333335, 0.15449112303176166, 0.20005445001548458, 0.05001076371975664, 0.3232233432316808, 0.3819447756480411, 0.3333333333333335, 0.19893961151824438, 0.302157690824946, 0.0721276504113432, 0.32270219929743077, 0.8411880064850664, 0.3333333333333335], ""kernels.1.base_kernel.kernels.1"": [0.6931481805599428, 0.6931481805599428, 0.6931481805599428]}","{""kernels.0"": 1.5563730967501924e-05, ""kernels.0.base_kernel.kernels.1"": 0.0189248497278569, ""kernels.1"": 0.37090899135149036}",12,3,36,9,9,archive,3,136
350,144.5649783847381,123.86704460129343,0.5004,global,-6.847406082085622,-14.144292589740253,7.296886507654631,0.74144943128633,1.3859170571975932,global,,,0.0685288472405302,0.007094133932209163,0.009478490707147992,0.00033525652841093705,0.12897032326468794,0.050003821771271086,0.33333256872703665,2.160180802543587,"{""kernels.0.base_kernel.kernels.0"": [0.3333286045206633, 0.3333261029122584, 0.33333499461137417, 0.3333290557039609, 0.3339361729102851, 0.3333333333333335, 0.33333139701893894, 0.33330203619548865, 0.33333180412073976, 0.3333433211837538, 0.3332576628502363, 0.3333333333333335, 0.33333107590079913, 0.33334779105067486, 0.33332907722244887, 0.33336999489979374, 0.33357334514348835, 0.3333333333333335], ""kernels.0.base_kernel.kernels.1.base_kernel"": [0.6931481805599428, 0.6931481805599428, 0.6931481805599428], ""kernels.1.base_kernel.kernels.0"": [0.21988596054073478, 0.18420335341462934, 0.050003821771271086, 0.1955387679940026, 2.160180802543587, 0.3333333333333335, 0.15460568276082903, 0.19962355102627408, 0.050010764604215295, 0.3251855485698356, 0.38310019967804654, 0.3333333333333335, 0.19913646989994338, 0.30115537921596275, 0.07223154311032892, 0.3246517186480574, 0.8395406932087102, 0.3333333333333335], ""kernels.1.base_kernel.kernels.1"": [0.6931481805599428, 0.6931481805599428, 0.6931481805599428]}","{""kernels.0"": 1.5563321873315913e-05, ""kernels.0.base_kernel.kernels.1"": 0.018924843963819105, ""kernels.1"": 0.3679705625083714}",12,3,36,9,9,archive,3,137
351,137.5265880610741,123.86704460129343,0.4998,global,-7.287775420676114,-14.217813825486491,6.930038404810377,0.8369287372707978,1.4008020068440254,global,,,0.054542388532798934,0.0070884841494519655,0.009452483897961758,0.0003339274841751535,0.12986605239276003,0.050003821768921125,0.3333325709470149,2.1625152638583356,"{""kernels.0.base_kernel.kernels.0"": [0.3333285664114579, 0.33332616821599786, 0.3333349979413656, 0.3333289989100291, 0.3339306354218585, 0.3333333333333335, 0.3333314232889475, 0.33330195092030795, 0.33333180856069633, 0.33334348139900477, 0.3332573079274382, 0.3333333333333335, 0.33333112770050366, 0.33334789188089825, 0.33332908813730416, 0.3333702546711687, 0.3335740422234781, 0.3333333333333335], ""kernels.0.base_kernel.kernels.1.base_kernel"": [0.6931481805599428, 0.6931481805599428, 0.6931481805599428], ""kernels.1.base_kernel.kernels.0"": [0.21955739590117426, 0.18420424360196513, 0.050003821768921125, 0.19551258015824619, 2.1625152638583356, 0.3333333333333335, 0.1545375054840169, 0.1991627951849547, 0.050010765196058314, 0.3259198744492041, 0.38265010413034506, 0.3333333333333335, 0.1990882073500427, 0.3004916298426305, 0.07227597959681922, 0.3255324878992623, 0.8381837293304265, 0.3333333333333335], ""kernels.1.base_kernel.kernels.1"": [0.6931481805599428, 0.6931481805599428, 0.6931481805599428]}","{""kernels.0"": 1.5563087542974338e-05, ""kernels.0.base_kernel.kernels.1"": 0.018924840055698777, ""kernels.1"": 0.37065775403503837}",12,3,36,9,9,archive,3,138
352,177.49365780264196,123.86704460129343,0.4986,global,-7.899517701908823,-14.924954142507975,7.025436440599152,1.0568648665092035,1.4133947089076457,global,,,0.1497801110345975,0.007085965715705569,0.009450615103724585,0.0003342461226585924,0.12986605154843714,0.05000382176892112,0.3333325709470175,2.162515268333656,"{""kernels.0.base_kernel.kernels.0"": [0.33332856641141534, 0.333326168216096, 0.3333349979413698, 0.3333289989099717, 0.3339306354150537, 0.3333333333333335, 0.33333142328898674, 0.33330195092023585, 0.33333180856070155, 0.333343481399218, 0.33325730792709285, 0.3333333333333335, 0.33333112770057277, 0.3333478918810459, 0.33332908813731804, 0.33337025467149745, 0.3335740422243837, 0.3333333333333335], ""kernels.0.base_kernel.kernels.1.base_kernel"": [0.6931481805599428, 0.6931481805599428, 0.6931481805599428], ""kernels.1.base_kernel.kernels.0"": [0.21955739560212573, 0.1842042440856118, 0.05000382176892112, 0.1955125805304829, 2.162515268333656, 0.3333333333333335, 0.15453750562454896, 0.19916279530991002, 0.05001076519605908, 0.3259198757286289, 0.38265010470035576, 0.3333333333333335, 0.19908820748887585, 0.3004916294368305, 0.07227597967746409, 0.3255324893257183, 0.8381837284754444, 0.3333333333333335], ""kernels.1.base_kernel.kernels.1"": [0.6931481805599428, 0.6931481805599428, 0.6931481805599428]}","{""kernels.0"": 1.55630875426586e-05, ""kernels.0.base_kernel.kernels.1"": 0.018924840055693826, ""kernels.1"": 0.3706577515020749}",12,3,36,9,9,archive,3,139
353,125.40174004285555,123.86704460129343,0.502,local,-6.500829438719679,-12.440609916278193,5.939780477558514,0.04314902533412015,0.2525146725691819,archive,358,9,0.019734021835659806,0.007085904775344961,0.009455593461100378,0.0003353271523462971,0.1298660090084342,0.050003821768921035,0.3333325709471552,2.1625155406212446,"{""kernels.0.base_kernel.kernels.0"": [0.3333285664095789, 0.33332616822067607, 0.33333499794157384, 0.3333289989074312, 0.33393063512366755, 0.3333333333333335, 0.3333314232906289, 0.3333019509170529, 0.3333318085609769, 0.3333434814085115, 0.3332573079121705, 0.3333333333333335, 0.3333311277034598, 0.33334789188722813, 0.33332908813790946, 0.3333702546855973, 0.3335740422629153, 0.3333333333333335], ""kernels.0.base_kernel.kernels.1.base_kernel"": [0.6931481805599428, 0.6931481805599428, 0.6931481805599428], ""kernels.1.base_kernel.kernels.0"": [0.21955738142452524, 0.184204279293068, 0.050003821768921035, 0.19551259570000118, 2.1625155406212446, 0.3333333333333335, 0.15453750943412609, 0.19916280452193996, 0.05001076519609203, 0.3259199317159123, 0.38265012840325374, 0.3333333333333335, 0.19908821139983057, 0.30049160790310103, 0.07227598288223284, 0.32553254742109783, 0.8381836825749276, 0.3333333333333335], ""kernels.1.base_kernel.kernels.1"": [0.6931481805599428, 0.6931481805599428, 0.6931481805599428]}","{""kernels.0"": 1.5563087528797785e-05, ""kernels.0.base_kernel.kernels.1"": 0.018924840055480462, ""kernels.1"": 0.37065762388229334}",12,3,36,9,9,archive,3,140
354,127.71645331691906,123.86704460129343,0.4992,local,-6.301324419253669,-10.610964893874328,4.309640474620659,0.03271971433321062,0.24110339899542257,archive,385,17,0.023709562319136783,0.007072025773077077,0.009453036103468428,0.00033542512061691157,0.12905832560907035,0.050003821767459516,0.33333257327965055,2.16681992126345,"{""kernels.0.base_kernel.kernels.0"": [0.3333285350593829, 0.3333262562489711, 0.33333500069833577, 0.33332895402639023, 0.3339257601664158, 0.3333333333333335, 0.3333314500948278, 0.3333018947241387, 0.3333318132259676, 0.33334363606286244, 0.3332570329723242, 0.3333333333333335, 0.3333311742892804, 0.33334800621266236, 0.33332909802880795, 0.33337049599931845, 0.3335746932092666, 0.3333333333333335], ""kernels.0.base_kernel.kernels.1.base_kernel"": [0.6931481805599428, 0.6931481805599428, 0.6931481805599428], ""kernels.1.base_kernel.kernels.0"": [0.21931025036943078, 0.18495940448816617, 0.050003821767459516, 0.19572413321488738, 2.16681992126345, 0.3333333333333335, 0.15465464440916843, 0.19924248714602666, 0.05001076573593077, 0.3269374431730487, 0.3830716254811499, 0.3333333333333335, 0.19917387422409116, 0.3001148874643467, 0.07234402273484494, 0.3263458998757944, 0.8374786858671504, 0.3333333333333335], ""kernels.1.base_kernel.kernels.1"": [0.6931481805599428, 0.6931481805599428, 0.6931481805599428]}","{""kernels.0"": 1.5562867269084142e-05, ""kernels.0.base_kernel.kernels.1"": 0.018924836592599584, ""kernels.1"": 0.36823457736734233}",12,3,36,9,9,archive,2,141
355,127.97072107507387,123.86704460129343,0.5014,global,-6.609820798599522,-15.774889813678161,9.16506901507864,1.2371421916574132,1.4121992199975273,global,,,0.033571022152991965,0.0070597975093185834,0.00943098629310542,0.00033415819668767036,0.12905874907640813,0.050003821767457116,0.3333325732810607,2.1668246248771683,"{""kernels.0.base_kernel.kernels.0"": [0.3333285350192115, 0.3333262563407973, 0.33333500070111455, 0.33332895396788054, 0.33392575424531007, 0.3333333333333335, 0.33333145012092935, 0.33330189464554977, 0.33333181322878785, 0.3333436362293644, 0.3332570325888616, 0.3333333333333335, 0.3333311743384798, 0.3333480063531304, 0.3333290980397833, 0.33337049629115934, 0.33357469402897283, 0.3333333333333335], ""kernels.0.base_kernel.kernels.1.base_kernel"": [0.6931481805599428, 0.6931481805599428, 0.6931481805599428], ""kernels.1.base_kernel.kernels.0"": [0.21930987752683168, 0.1849598629329419, 0.050003821767457116, 0.19572415462103396, 2.1668246248771683, 0.3333333333333335, 0.15465462000178126, 0.1992422536829417, 0.050010765736573204, 0.3269382707462404, 0.38307119790726085, 0.3333333333333335, 0.19917385492981973, 0.30011436111096196, 0.07234409113976613, 0.3263469815517673, 0.8374777154388774, 0.3333333333333335], ""kernels.1.base_kernel.kernels.1"": [0.6931481805599428, 0.6931481805599428, 0.6931481805599428]}","{""kernels.0"": 1.5562867020226618e-05, ""kernels.0.base_kernel.kernels.1"": 0.0189248365884395, ""kernels.1"": 0.36823584777376467}",12,3,36,9,9,archive,3,142
356,173.720990319103,123.86704460129343,0.4996,local,-6.7442476426259095,-10.733343510842527,3.9890958682166175,0.1315639272715672,0.5313944121450908,archive,385,17,0.05708585203156888,0.007045459320025599,0.009401104558719784,0.0003323353089198665,0.12964889846675035,0.05000382176289022,0.33333257943904687,2.1752188140120006,"{""kernels.0.base_kernel.kernels.0"": [0.33332845572669384, 0.33332649771853623, 0.3333350080560793, 0.33332883299177746, 0.3339129990199148, 0.3333333333333335, 0.3333315188693166, 0.33330172760992816, 0.33333182554476026, 0.33334397084530865, 0.33325611459042476, 0.3333333333333335, 0.333331276845895, 0.33334832754493915, 0.33332911529708514, 0.33337107896033347, 0.333576738983272, 0.3333333333333335], ""kernels.0.base_kernel.kernels.1.base_kernel"": [0.6931481805599428, 0.6931481805599428, 0.6931481805599428], ""kernels.1.base_kernel.kernels.0"": [0.21873691594683925, 0.1861202976786607, 0.05000382176289022, 0.1959755049336398, 2.1752188140120006, 0.3333333333333335, 0.15472372395849043, 0.1989829618566533, 0.05001076704314602, 0.328311601660925, 0.3817016426231672, 0.3333333333333335, 0.19915459743818004, 0.29921474934690717, 0.0724673684840846, 0.3283266131406023, 0.8358926568211058, 0.3333333333333335], ""kernels.1.base_kernel.kernels.1"": [0.6931481805599428, 0.6931481805599428, 0.6931481805599428]}","{""kernels.0"": 1.556240174241499e-05, ""kernels.0.base_kernel.kernels.1"": 0.0189248282318266, ""kernels.1"": 0.37000630476668206}",12,3,36,9,9,archive,3,143
357,129.1713324742882,123.86704460129343,0.4982,local,-5.383378785839383,-10.406007156621586,5.022628370782202,0.0486924797296921,0.3347962599431974,archive,385,17,0.02085161755587853,0.007108338852405222,0.009381626652533911,0.0003313330339770562,0.13305798830973858,0.050003821723768105,0.3333333333333335,2.1771340378764124,"{""kernels.0.base_kernel.kernels.0"": [0.3333279809804372, 0.3333291344548421, 0.3333349440637046, 0.33332846529061083, 0.3338508692844141, 0.3333333333333335, 0.33333156693721755, 0.33330068072316144, 0.33333173695318324, 0.3333417276560579, 0.3332538358727622, 0.3333333333333335, 0.33333250933040165, 0.33334981711117073, 0.33332886592966643, 0.33337404290149153, 0.33354929613721224, 0.3333333333333335], ""kernels.0.base_kernel.kernels.1.base_kernel"": [0.6931481805599428, 0.6931481805599428, 0.6931481805599428], ""kernels.1.base_kernel.kernels.0"": [0.2213952819183054, 0.19597444707288905, 0.050003821723768105, 0.20535130112009126, 2.1771340378764124, 0.3333333333333335, 0.16200999285114148, 0.210990399665095, 0.050010773132031616, 0.3041005349590425, 0.3930528971206387, 0.3333333333333335, 0.20302771187290874, 0.2968689713740476, 0.07012881939170498, 0.35221018604104026, 0.5460930959087422, 0.3333333333333335], ""kernels.1.base_kernel.kernels.1"": [0.6931481805599428, 0.6931481805599428, 0.6931481805599428]}","{""kernels.0"": 1.5561797990118983e-05, ""kernels.0.base_kernel.kernels.1"": 0.018924790440558587, ""kernels.1"": 0.380233612690667}",12,3,36,9,9,archive,2,144
358,154.85066713441012,123.86704460129343,0.4988,global,-7.552214408519854,-13.956086923930215,6.403872515410361,1.4119038823663523,1.41360310390983,global,,,0.0802427917255647,0.007139013813069218,0.009444395901014285,0.00033613356079426884,0.13305798842333716,0.05000382172376809,0.3333333333333335,2.17713403760309,"{""kernels.0.base_kernel.kernels.0"": [0.33332798098042166, 0.3333291344550889, 0.3333349440637051, 0.3333284652905955, 0.3338508692777878, 0.3333333333333335, 0.3333315669371512, 0.33330068072301683, 0.3333317369531377, 0.33334172765596504, 0.3332538358728266, 0.3333333333333335, 0.3333325093304893, 0.33334981711127293, 0.3333288659296919, 0.3333740429019402, 0.3335492961369261, 0.3333333333333335], ""kernels.0.base_kernel.kernels.1.base_kernel"": [0.6931481805599428, 0.6931481805599428, 0.6931481805599428], ""kernels.1.base_kernel.kernels.0"": [0.22139528208156967, 0.19597444710632675, 0.05000382172376809, 0.2053513012781532, 2.17713403760309, 0.3333333333333335, 0.162009992338064, 0.2109903976537228, 0.05001077313203242, 0.3041005341685785, 0.3930528984977566, 0.3333333333333335, 0.20302771231089078, 0.2968689712561423, 0.07012881929483261, 0.35221018847710694, 0.5460930951559562, 0.3333333333333335], ""kernels.1.base_kernel.kernels.1"": [0.6931481805599428, 0.6931481805599428, 0.6931481805599428]}","{""kernels.0"": 1.5561797989912985e-05, ""kernels.0.base_kernel.kernels.1"": 0.018924790440553525, ""kernels.1"": 0.380233613031468}",12,3,36,9,9,archive,4,145
359,140.79139865263926,123.86704460129343,0.4988,global,-6.761789116653844,-14.21289359897102,7.4511044823171755,0.9145654127790803,1.4140949272137122,global,,,0.07252713323263918,0.007132868531250248,0.009424646519640648,0.0003353357500913763,0.13317986878130902,0.050003821709956486,0.3333333333333335,2.1811948746102985,"{""kernels.0.base_kernel.kernels.0"": [0.3333279494615023, 0.3333295370225747, 0.3333349440637251, 0.33332838270247156, 0.3338391712548756, 0.3333333333333335, 0.3333314348746122, 0.33330050598860433, 0.3333316675305684, 0.33334158082658544, 0.33325451276651713, 0.3333333333333335, 0.3333326741096092, 0.33335000623887917, 0.33332891021602423, 0.33337482541279817, 0.33354885055402095, 0.3333333333333335], ""kernels.0.base_kernel.kernels.1.base_kernel"": [0.6931481805599428, 0.6931481805599428, 0.6931481805599428], ""kernels.1.base_kernel.kernels.0"": [0.22149545680877017, 0.1957768032678114, 0.050003821709956486, 0.20528197808753787, 2.1811948746102985, 0.3333333333333335, 0.1607772137283655, 0.2078422448391839, 0.050010774500958206, 0.3031744401912037, 0.3969696126797494, 0.3333333333333335, 0.20396062220283273, 0.2964143296863122, 0.06997468852645382, 0.3563766631022054, 0.5452216902871956, 0.3333333333333335], ""kernels.1.base_kernel.kernels.1"": [0.6931481805599428, 0.6931481805599428, 0.6931481805599428]}","{""kernels.0"": 1.556143194763875e-05, ""kernels.0.base_kernel.kernels.1"": 0.01892478173206141, ""kernels.1"": 0.38059926317991805}",12,3,36,9,9,archive,3,146
360,127.90115370286098,123.86704460129343,0.5,local,-6.272721148174446,-10.494756111765096,4.22203496359065,0.04886868649963852,0.2734435523215611,archive,385,17,0.027936286527075842,0.007131125278950975,0.009424672026369292,0.0003358277164168825,0.13317985834377075,0.050003821709956396,0.3333333333333335,2.181194912596053,"{""kernels.0.base_kernel.kernels.0"": [0.3333279494613223, 0.3333295370250422, 0.33333494406374414, 0.3333283827020079, 0.3338391711766089, 0.3333333333333335, 0.3333314348737448, 0.33330050598817057, 0.3333316675301728, 0.3333415808259088, 0.3332545127702407, 0.3333333333333335, 0.3333326741106261, 0.3333500062400134, 0.33332891021631317, 0.33337482541813773, 0.33354885055099187, 0.3333333333333335], ""kernels.0.base_kernel.kernels.1.base_kernel"": [0.6931481805599428, 0.6931481805599428, 0.6931481805599428], ""kernels.1.base_kernel.kernels.0"": [0.22149545779083712, 0.19577680122756677, 0.050003821709956396, 0.2052819800431854, 2.181194912596053, 0.3333333333333335, 0.16077720749116658, 0.20784224066014662, 0.05001077450096774, 0.3031744357193209, 0.3969696268777668, 0.3333333333333335, 0.20396062768133394, 0.2964143273963264, 0.06997468767400665, 0.3563766893167151, 0.5452216844539532, 0.3333333333333335], ""kernels.1.base_kernel.kernels.1"": [0.6931481805599428, 0.6931481805599428, 0.6931481805599428]}","{""kernels.0"": 1.5561431945151128e-05, ""kernels.0.base_kernel.kernels.1"": 0.018924781732002658, ""kernels.1"": 0.3805992318673644}",12,3,36,9,9,archive,2,147
361,149.64157133138684,123.86704460129343,0.499,global,-7.968893813547993,-13.29397217271847,5.325078359170478,0.4823138769668301,1.3724074534974366,global,,,0.06481915404782489,0.007124760035848685,0.009427958981300001,0.0003363832124320849,0.1324656098841123,0.05000382170520047,0.3333333333333335,2.183247851941626,"{""kernels.0.base_kernel.kernels.0"": [0.33332794032778973, 0.3333296642563032, 0.33333494519320406, 0.3333283602877018, 0.33383516952690145, 0.3333333333333335, 0.33333139124658756, 0.3333004843490141, 0.33333164779608976, 0.3333415502492329, 0.33325470982341193, 0.3333333333333335, 0.33333272622397486, 0.333350070460881, 0.33332892474950004, 0.33337510101020373, 0.3335487278163084, 0.3333333333333335], ""kernels.0.base_kernel.kernels.1.base_kernel"": [0.6931481805599428, 0.6931481805599428, 0.6931481805599428], ""kernels.1.base_kernel.kernels.0"": [0.22154245508825737, 0.19576266683834492, 0.05000382170520047, 0.20542489751069115, 2.183247851941626, 0.3333333333333335, 0.16050233488554932, 0.2076415992818646, 0.050010774989946855, 0.3030225629570198, 0.3978919498450216, 0.3333333333333335, 0.20425415093246369, 0.296449715541816, 0.06993180933329934, 0.3577533134501616, 0.545366580298061, 0.3333333333333335], ""kernels.1.base_kernel.kernels.1"": [0.6931481805599428, 0.6931481805599428, 0.6931481805599428]}","{""kernels.0"": 1.5561304195375854e-05, ""kernels.0.base_kernel.kernels.1"": 0.018924778764416117, ""kernels.1"": 0.3784564895837254}",12,3,36,9,9,archive,3,148
362,141.77975916558518,123.86704460129343,0.4992,global,-7.083958465214964,-15.54885626895426,8.464897803739296,1.0925147094566736,1.4140895534756042,global,,,0.09451256612723671,0.007132076893310002,0.009446406206513545,0.0003382889346231979,0.13246561017011746,0.050003821705200464,0.3333333333333335,2.183247854561418,"{""kernels.0.base_kernel.kernels.0"": [0.33332794032776275, 0.3333296642565433, 0.3333349451932045, 0.3333283602876539, 0.3338351695191269, 0.3333333333333335, 0.3333313912465042, 0.333300484348961, 0.33333164779604907, 0.3333415502491547, 0.3332547098238972, 0.3333333333333335, 0.3333327262240591, 0.33335007046099835, 0.333328924749523, 0.333375101010643, 0.33354872781616973, 0.3333333333333335], ""kernels.0.base_kernel.kernels.1.base_kernel"": [0.6931481805599428, 0.6931481805599428, 0.6931481805599428], ""kernels.1.base_kernel.kernels.0"": [0.22154245501929143, 0.19576266646547888, 0.050003821705200464, 0.20542489753525267, 2.183247854561418, 0.3333333333333335, 0.16050233427076024, 0.20764159862255843, 0.05001077498994767, 0.30302256191287275, 0.39789195059130106, 0.3333333333333335, 0.2042541513258109, 0.2964497157890752, 0.06993180925426125, 0.35775331563731266, 0.5453665808033004, 0.3333333333333335], ""kernels.1.base_kernel.kernels.1"": [0.6931481805599428, 0.6931481805599428, 0.6931481805599428]}","{""kernels.0"": 1.5561304195211303e-05, ""kernels.0.base_kernel.kernels.1"": 0.018924778764410916, ""kernels.1"": 0.37845649044174623}",12,3,36,9,9,archive,3,149
363,140.84532848569165,123.86704460129343,0.4988,global,-7.942666250594857,-13.495487796369499,5.552821545774642,0.49163254385750155,1.3703195394315166,global,,,0.06872796880417727,0.007122352968043854,0.009423963771358384,0.00033718139872255246,0.1321012348838312,0.05000382163833821,0.3333333333333335,2.2178469554269538,"{""kernels.0.base_kernel.kernels.0"": [0.3333275396997266, 0.3333321873735129, 0.333334925499681, 0.33332772931061655, 0.33374977851234366, 0.3333333333333335, 0.3333309102801873, 0.3333001813364201, 0.3333311715610487, 0.33334097503568055, 0.3332601488608299, 0.3333333333333335, 0.3333335968562407, 0.333351294466733, 0.3333292047246733, 0.33337971290699403, 0.33354736207322183, 0.3333333333333335], ""kernels.0.base_kernel.kernels.1.base_kernel"": [0.6931481805599428, 0.6931481805599428, 0.6931481805599428], ""kernels.1.base_kernel.kernels.0"": [0.22084488065206764, 0.1936704687817526, 0.05000382163833821, 0.20422250417299045, 2.2178469554269538, 0.3333333333333335, 0.1588785138427125, 0.2046520604048777, 0.05001078431687836, 0.2927163491280722, 0.4008682320930115, 0.3333333333333335, 0.20749241644767816, 0.29718519003372346, 0.0692019512421802, 0.37905075902532503, 0.5492447528980202, 0.3333333333333335], ""kernels.1.base_kernel.kernels.1"": [0.6931481805599428, 0.6931481805599428, 0.6931481805599428]}","{""kernels.0"": 1.5559449329287185e-05, ""kernels.0.base_kernel.kernels.1"": 0.018924720771639994, ""kernels.1"": 0.3773634244305243}",12,3,36,9,9,archive,4,150
364,129.66631411917,123.86704460129343,0.4992,global,-6.980257216078245,-14.503311589046653,7.523054372968408,1.0284286025628713,1.4140779359588782,global,,,0.015163805720684426,0.007120724958498314,0.00942459212060789,0.0003377187535692241,0.1321012300988549,0.05000382163833813,0.3333333333333335,2.2178469251951825,"{""kernels.0.base_kernel.kernels.0"": [0.33332753969929557, 0.3333321873758529, 0.3333349254996565, 0.33332772931032195, 0.33374977843151793, 0.3333333333333335, 0.3333309102796415, 0.33330018133642536, 0.3333311715605631, 0.33334097503539917, 0.3332601488642925, 0.3333333333333335, 0.33333359685673153, 0.3333512944674311, 0.33332920472494326, 0.3333797129111813, 0.33354736207330393, 0.3333333333333335], ""kernels.0.base_kernel.kernels.1.base_kernel"": [0.6931481805599428, 0.6931481805599428, 0.6931481805599428], ""kernels.1.base_kernel.kernels.0"": [0.22084487997627253, 0.19367047312499786, 0.05000382163833813, 0.20422250662863523, 2.2178469251951825, 0.3333333333333335, 0.15887851436115932, 0.20465206636393585, 0.05001078431688806, 0.2927163519897734, 0.40086823021708035, 0.3333333333333335, 0.20749241694013904, 0.2971851869492837, 0.06920195128491251, 0.3790507721782863, 0.549244749427452, 0.3333333333333335], ""kernels.1.base_kernel.kernels.1"": [0.6931481805599428, 0.6931481805599428, 0.6931481805599428]}","{""kernels.0"": 1.5559449327819914e-05, ""kernels.0.base_kernel.kernels.1"": 0.018924720771580077, ""kernels.1"": 0.3773634100756569}",12,3,36,9,9,archive,3,151
365,126.743441689324,123.86704460129343,0.5004,global,-5.9027935876215025,-14.225190779636238,8.322397192014735,0.9725301795530844,1.4140052947296198,global,,,0.02925222673228974,0.007222413697670521,0.009634525983177808,0.0003533643943740203,0.13210122869853044,0.050003821638338115,0.3333333333333335,2.217846920724975,"{""kernels.0.base_kernel.kernels.0"": [0.3333275396992253, 0.3333321873762652, 0.3333349254996545, 0.33332772931033033, 0.3337497784174153, 0.3333333333333335, 0.33333091027953726, 0.33330018133637407, 0.3333311715604819, 0.3333409750354771, 0.3332601488646517, 0.3333333333333335, 0.33333359685683134, 0.3333512944675956, 0.3333292047249921, 0.33337971291183544, 0.33354736207350594, 0.3333333333333335], ""kernels.0.base_kernel.kernels.1.base_kernel"": [0.6931481805599428, 0.6931481805599428, 0.6931481805599428], ""kernels.1.base_kernel.kernels.0"": [0.22084487997418487, 0.19367047348809588, 0.050003821638338115, 0.20422250782719883, 2.217846920724975, 0.3333333333333335, 0.1588785148527913, 0.20465206533053454, 0.050010784316889795, 0.29271635376799005, 0.4008682268615226, 0.3333333333333335, 0.20749241803280782, 0.2971851873134832, 0.06920195123374327, 0.3790507748827058, 0.5492447539682788, 0.3333333333333335], ""kernels.1.base_kernel.kernels.1"": [0.6931481805599428, 0.6931481805599428, 0.6931481805599428]}","{""kernels.0"": 1.555944932752968e-05, ""kernels.0.base_kernel.kernels.1"": 0.01892472077156941, ""kernels.1"": 0.37736340587469436}",12,3,36,9,9,archive,3,152
366,124.73972771601015,123.86704460129343,0.5002,local,-6.6288218618916215,-12.598697850488982,5.9698759885973605,0.07354916524368092,0.24369089665536575,archive,358,9,0.012463162253830522,0.007213648298067779,0.009637679068115482,0.00035391859155571576,0.1314262154305446,0.050003821635034126,0.3333333333333335,2.2166588966014564,"{""kernels.0.base_kernel.kernels.0"": [0.33332751921647363, 0.3333323080409556, 0.3333349251358097, 0.3333277351452656, 0.3337457190544235, 0.3333333333333335, 0.3333308833142388, 0.33330016564596193, 0.3333311501641697, 0.3333410064863995, 0.3332602960422943, 0.3333333333333335, 0.3333336265245306, 0.33335134151992635, 0.33332921949838296, 0.3333799036617085, 0.33354744847595513, 0.3333333333333335], ""kernels.0.base_kernel.kernels.1.base_kernel"": [0.6931481805599428, 0.6931481805599428, 0.6931481805599428], ""kernels.1.base_kernel.kernels.0"": [0.22085941106623685, 0.19380428140963207, 0.050003821635034126, 0.20470425086639005, 2.2166588966014564, 0.3333333333333335, 0.15908524324340828, 0.20438821538484267, 0.05001078481056438, 0.29330965691735433, 0.40047745947550994, 0.3333333333333335, 0.20781919419089112, 0.2973495988396458, 0.06919217926199697, 0.3799532999238411, 0.5509689385949896, 0.3333333333333335], ""kernels.1.base_kernel.kernels.1"": [0.6931481805599428, 0.6931481805599428, 0.6931481805599428]}","{""kernels.0"": 1.5559367865054507e-05, ""kernels.0.base_kernel.kernels.1"": 0.01892471777484639, ""kernels.1"": 0.3753383691489224}",12,3,36,9,9,archive,2,153
367,125.60149041944464,123.86704460129343,0.5,global,-6.825498533168814,-15.898460834759643,9.07296230159083,1.0520469333706584,1.4140106435064974,global,,,0.010081606142954539,0.007181105686419399,0.009574298825473448,0.00034952405081227906,0.13142687676354223,0.05000382163501822,0.3333333333333335,2.216655365410439,"{""kernels.0.base_kernel.kernels.0"": [0.3333275191153948, 0.33333230851802603, 0.3333349251297791, 0.33332773514908237, 0.3337457022130552, 0.3333333333333335, 0.3333308831993482, 0.3333001655613683, 0.3333311500583153, 0.3333410066324527, 0.33326029669584284, 0.3333333333333335, 0.33333362663516897, 0.3333513417195899, 0.33332921956896516, 0.33337990444921034, 0.3335474487520498, 0.3333333333333335], ""kernels.0.base_kernel.kernels.1.base_kernel"": [0.6931481805599428, 0.6931481805599428, 0.6931481805599428], ""kernels.1.base_kernel.kernels.0"": [0.22085939042072078, 0.19380437141684081, 0.05000382163501822, 0.20470548758022528, 2.216655365410439, 0.3333333333333335, 0.1590857462880193, 0.20438685235254925, 0.05001078481261925, 0.29331119366591046, 0.40047465644265096, 0.3333333333333335, 0.20782013417147024, 0.2973503760912497, 0.06919212399152726, 0.3799569091128172, 0.5509744086468069, 0.3333333333333335], ""kernels.1.base_kernel.kernels.1"": [0.6931481805599428, 0.6931481805599428, 0.6931481805599428]}","{""kernels.0"": 1.555936754342386e-05, ""kernels.0.base_kernel.kernels.1"": 0.0189247177619757, ""kernels.1"": 0.3753403531611076}",12,3,36,9,9,archive,5,154
368,141.80979974239958,123.86704460129343,0.499,global,-8.601561695779978,-14.265039031497048,5.6634773357170705,0.6825620790065406,1.413447429011509,global,,,0.041356232648101246,0.0071008177237116155,0.009505386054374336,0.0003447672237144496,0.13142813076397777,0.05000382163500019,0.3333333333333335,2.216650900073771,"{""kernels.0.base_kernel.kernels.0"": [0.33332751900666413, 0.33333230902280975, 0.33333492512206936, 0.3333277351584623, 0.33374568351686296, 0.3333333333333335, 0.3333308830749057, 0.3333001654796479, 0.333331149937344, 0.3333410067952492, 0.3332602973886429, 0.3333333333333335, 0.3333336267503868, 0.33335134193272403, 0.3333292196413274, 0.3333799052286855, 0.33354744912686135, 0.3333333333333335], ""kernels.0.base_kernel.kernels.1.base_kernel"": [0.6931481805599428, 0.6931481805599428, 0.6931481805599428], ""kernels.1.base_kernel.kernels.0"": [0.22085939293975643, 0.19380418849951764, 0.05000382163500019, 0.20470694008086476, 2.216650900073771, 0.3333333333333335, 0.1590863927662604, 0.20438499672883242, 0.05001078481489125, 0.29331273287945514, 0.400470850370401, 0.3333333333333335, 0.20782109940851307, 0.2973511921512773, 0.06919205472713946, 0.37996016172956154, 0.5509805211034106, 0.3333333333333335], ""kernels.1.base_kernel.kernels.1"": [0.6931481805599428, 0.6931481805599428, 0.6931481805599428]}","{""kernels.0"": 1.55593672016398e-05, ""kernels.0.base_kernel.kernels.1"": 0.018924717747802952, ""kernels.1"": 0.3753441151769287}",12,3,36,9,9,archive,3,155
369,126.82721049324051,123.86704460129343,0.4984,global,-7.0215256044231165,-14.706852179698284,7.685326575275168,1.0177393047628016,1.3994168095916892,global,,,0.016262512669359065,0.007093910371126235,0.009480320769461377,0.00034344508276476645,0.13220835159611619,0.05000382162967805,0.3333333333333335,2.218576862238934,"{""kernels.0.base_kernel.kernels.0"": [0.3333274933118846, 0.33333244847370436, 0.3333349247793052, 0.33332771871584077, 0.33374135346278083, 0.3333333333333335, 0.3333308573818365, 0.3333001552151504, 0.333331125610659, 0.3333410789224265, 0.33326036764050415, 0.3333333333333335, 0.3333336536481133, 0.33335140755329107, 0.3333292444817147, 0.33338010929085227, 0.33354740644919706, 0.3333333333333335], ""kernels.0.base_kernel.kernels.1.base_kernel"": [0.6931481805599428, 0.6931481805599428, 0.6931481805599428], ""kernels.1.base_kernel.kernels.0"": [0.22090324784107507, 0.1938748461813073, 0.05000382162967805, 0.20501755142673847, 2.218576862238934, 0.3333333333333335, 0.1591436183761081, 0.2036308536973404, 0.05001078541117864, 0.2925610356000767, 0.3998718946786772, 0.3333333333333335, 0.20791913261989078, 0.2976090990310888, 0.06916522460861826, 0.38049334316987043, 0.5524943328099554, 0.3333333333333335], ""kernels.1.base_kernel.kernels.1"": [0.6931481805599428, 0.6931481805599428, 0.6931481805599428]}","{""kernels.0"": 1.5559249445994057e-05, ""kernels.0.base_kernel.kernels.1"": 0.018924714032653552, ""kernels.1"": 0.37768478150624896}",12,3,36,9,9,archive,3,156
370,129.0338042495324,123.86704460129343,0.5004,global,-6.599725162506558,-13.807172136269031,7.207446973762473,0.9722614971422998,1.4121958477844934,global,,,0.019152359816234577,0.007066263052364833,0.0094290742518987,0.00034002376743832156,0.13220709437610237,0.050003821629665345,0.3333333333333335,2.218582248391784,"{""kernels.0.base_kernel.kernels.0"": [0.3333274932446419, 0.3333324488814884, 0.333334924778926, 0.33332771868132494, 0.3337413415218527, 0.3333333333333335, 0.33333085732968404, 0.33330015526381657, 0.33333112554463457, 0.33334107918781497, 0.3332603680154703, 0.3333333333333335, 0.33333365373503815, 0.33335140775852207, 0.33332924455363483, 0.33338010988462374, 0.3335474064408008, 0.3333333333333335], ""kernels.0.base_kernel.kernels.1.base_kernel"": [0.6931481805599428, 0.6931481805599428, 0.6931481805599428], ""kernels.1.base_kernel.kernels.0"": [0.22090357480957246, 0.1938763944582641, 0.050003821629665345, 0.2050187101060128, 2.218582248391784, 0.3333333333333335, 0.15914411613655388, 0.20362992855292358, 0.05001078541286828, 0.29256022926236247, 0.39987230308578936, 0.3333333333333335, 0.20791961643499457, 0.2976104084555249, 0.06916519348201336, 0.3804953321828092, 0.5524998034556795, 0.3333333333333335], ""kernels.1.base_kernel.kernels.1"": [0.6931481805599428, 0.6931481805599428, 0.6931481805599428]}","{""kernels.0"": 1.5559249102721297e-05, ""kernels.0.base_kernel.kernels.1"": 0.01892471402228284, ""kernels.1"": 0.3776810098569215}",12,3,36,9,9,archive,3,157
371,125.40205238689165,123.86704460129343,0.5006,local,-6.407008003618532,-10.963018371509396,4.556010367890863,0.05698536411165525,0.36572745971495485,archive,385,19,0.02063742556222952,0.0070716002382348285,0.009442303255691103,0.00034132090456152924,0.13220709335798841,0.05000382162966533,0.3333333333333335,2.2185822530500765,"{""kernels.0.base_kernel.kernels.0"": [0.3333274932445258, 0.33333244888212443, 0.33333492477892945, 0.333327718681235, 0.33374134150301576, 0.3333333333333335, 0.3333308573295904, 0.33330015526384243, 0.3333311255445226, 0.3333410791881712, 0.33326036801572234, 0.3333333333333335, 0.333333653735169, 0.3333514077588735, 0.3333292445537364, 0.3333801098855353, 0.3335474064418244, 0.3333333333333335], ""kernels.0.base_kernel.kernels.1.base_kernel"": [0.6931481805599428, 0.6931481805599428, 0.6931481805599428], ""kernels.1.base_kernel.kernels.0"": [0.22090357503689728, 0.19387639697068812, 0.05000382162966533, 0.20501871051704737, 2.2185822530500765, 0.3333333333333335, 0.15914411623388408, 0.2036299276746177, 0.05001078541287074, 0.2925602282668327, 0.39987230182486894, 0.3333333333333335, 0.20791961717876808, 0.297610409299124, 0.06916519345040636, 0.3804953348927479, 0.5524998129311878, 0.3333333333333335], ""kernels.1.base_kernel.kernels.1"": [0.6931481805599428, 0.6931481805599428, 0.6931481805599428]}","{""kernels.0"": 1.5559249102275375e-05, ""kernels.0.base_kernel.kernels.1"": 0.018924714022267895, ""kernels.1"": 0.3776810068025951}",12,3,36,9,9,archive,1,158
372,152.43389348841296,123.86704460129343,0.4996,global,-7.145105900856965,-14.981633563109687,7.836527662252722,0.8786650669094763,1.4125761855079386,global,,,0.0602241024221917,0.0070534594036727035,0.00940777523874745,0.0003390928882710182,0.13220637789667103,0.05000382162965693,0.3333333333333335,2.218583387586275,"{""kernels.0.base_kernel.kernels.0"": [0.3333274931851041, 0.33333244918518967, 0.33333492478109633, 0.3333277186371387, 0.33374133215701063, 0.3333333333333335, 0.33333085728245804, 0.33330015525612494, 0.3333311254913614, 0.3333410793936103, 0.33326036809769105, 0.3333333333333335, 0.33333365379801644, 0.33335140791704687, 0.3333292446026247, 0.33338011030182385, 0.3335474070779273, 0.3333333333333335], ""kernels.0.base_kernel.kernels.1.base_kernel"": [0.6931481805599428, 0.6931481805599428, 0.6931481805599428], ""kernels.1.base_kernel.kernels.0"": [0.22090364551531824, 0.19387757811764836, 0.05000382162965693, 0.20501897538546954, 2.218583387586275, 0.3333333333333335, 0.15914437435027384, 0.2036294875193808, 0.05001078541401389, 0.2925598178254758, 0.3998718805477497, 0.3333333333333335, 0.20791995974460337, 0.2976109179213311, 0.06916518892768161, 0.38049647891646016, 0.552504831147345, 0.3333333333333335], ""kernels.1.base_kernel.kernels.1"": [0.6931481805599428, 0.6931481805599428, 0.6931481805599428]}","{""kernels.0"": 1.555924892225096e-05, ""kernels.0.base_kernel.kernels.1"": 0.018924714015378277, ""kernels.1"": 0.3776788604257125}",12,3,36,9,9,archive,3,159
373,125.54910378452803,123.86704460129343,0.4998,global,-6.629356306952106,-15.160983245662415,8.531626938710309,1.0886186719457611,1.413242115466737,global,,,0.01674159895017893,0.0070587587203411245,0.009422638049787286,0.0003407730846937354,0.1322063788442802,0.05000382162965692,0.3333333333333335,2.2185833751170243,"{""kernels.0.base_kernel.kernels.0"": [0.33332749318501187, 0.3333324491854674, 0.3333349247810978, 0.3333277186370609, 0.3337413321452347, 0.3333333333333335, 0.33333085728241957, 0.3333001552560534, 0.33333112549135524, 0.33334107939371704, 0.3332603680977602, 0.3333333333333335, 0.3333336537980855, 0.3333514079171428, 0.3333292446026685, 0.333380110302171, 0.3335474070784302, 0.3333333333333335], ""kernels.0.base_kernel.kernels.1.base_kernel"": [0.6931481805599428, 0.6931481805599428, 0.6931481805599428], ""kernels.1.base_kernel.kernels.0"": [0.22090364507967233, 0.19387757877878, 0.05000382162965692, 0.20501897555979026, 2.2185833751170243, 0.3333333333333335, 0.1591443741485961, 0.2036294868966883, 0.05001078541401474, 0.29255981741355447, 0.39987187825736753, 0.3333333333333335, 0.20791996000455315, 0.2976109184639013, 0.06916518889541252, 0.38049647996845576, 0.552504834603369, 0.3333333333333335], ""kernels.1.base_kernel.kernels.1"": [0.6931481805599428, 0.6931481805599428, 0.6931481805599428]}","{""kernels.0"": 1.55592489223336e-05, ""kernels.0.base_kernel.kernels.1"": 0.018924714015373358, ""kernels.1"": 0.37767886326854483}",12,3,36,9,9,archive,3,160
374,129.24409142139467,123.86704460129343,0.4984,local,-6.3046302540759775,-8.518470469256588,2.2138402151806105,0.0712387899134404,0.18151108730458917,archive,475,12,0.0228002201851129,0.00700639744102968,0.009343517027306689,0.00033531955358711527,0.13294670767944758,0.05000382162267096,0.3333333333333335,2.206539587712375,"{""kernels.0.base_kernel.kernels.0"": [0.33332740472224404, 0.3333327299516277, 0.3333349258999714, 0.3333276403979792, 0.33372996394114596, 0.3333333333333335, 0.33333082701899686, 0.3333000864003336, 0.3333311191094105, 0.33334118695180515, 0.33326039868344687, 0.3333333333333335, 0.3333337205161579, 0.3333515217069889, 0.33332928564447367, 0.3333804644265436, 0.3335479729158441, 0.3333333333333335], ""kernels.0.base_kernel.kernels.1.base_kernel"": [0.6931481805599428, 0.6931481805599428, 0.6931481805599428], ""kernels.1.base_kernel.kernels.0"": [0.2205084006640322, 0.19465911306987013, 0.05000382162267096, 0.20523579523404709, 2.206539587712375, 0.3333333333333335, 0.15905822540505413, 0.2030467417423582, 0.05001078624233077, 0.29223508258319814, 0.3975352338078793, 0.3333333333333335, 0.20818502409992742, 0.2982791766739333, 0.06913630005677407, 0.3816013005515111, 0.5563458374583043, 0.3333333333333335], ""kernels.1.base_kernel.kernels.1"": [0.6931481805599428, 0.6931481805599428, 0.6931481805599428]}","{""kernels.0"": 1.5559325850013026e-05, ""kernels.0.base_kernel.kernels.1"": 0.018924709264283572, ""kernels.1"": 0.3798998544482091}",12,3,36,9,9,archive,2,161
375,151.49849574512928,123.86704460129343,0.4996,global,-6.844352723669794,-12.723601701538735,5.879248977868941,0.5961662153116979,1.348631292237242,global,,,0.06174967695321964,0.007004717069002276,0.009342606686760449,0.00033559059720516345,0.13294670729452854,0.05000382162267095,0.3333333333333335,2.2065395744784624,"{""kernels.0.base_kernel.kernels.0"": [0.33332740472214734, 0.33333272995197083, 0.33333492589997066, 0.3333276403978932, 0.3337299639279708, 0.3333333333333335, 0.33333082701899847, 0.33330008640024533, 0.33333111910941277, 0.33334118695194936, 0.33326039868349033, 0.3333333333333335, 0.33333372051624, 0.33335152170712656, 0.33332928564451686, 0.33338046442690605, 0.33354797291672744, 0.3333333333333335], ""kernels.0.base_kernel.kernels.1.base_kernel"": [0.6931481805599428, 0.6931481805599428, 0.6931481805599428], ""kernels.1.base_kernel.kernels.0"": [0.22050840033568447, 0.19465911405133746, 0.05000382162267095, 0.20523579551221127, 2.2065395744784624, 0.3333333333333335, 0.15905822573366504, 0.20304674184313085, 0.05001078624233161, 0.29223508234816065, 0.3975352323563616, 0.3333333333333335, 0.20818502445677486, 0.2982791775701201, 0.06913630004240096, 0.38160130196263087, 0.5563458411997966, 0.3333333333333335], ""kernels.1.base_kernel.kernels.1"": [0.6931481805599428, 0.6931481805599428, 0.6931481805599428]}","{""kernels.0"": 1.5559325850159787e-05, ""kernels.0.base_kernel.kernels.1"": 0.018924709264278767, ""kernels.1"": 0.37989985329345666}",12,3,36,9,9,archive,3,162
376,150.73054406025068,123.86704460129343,0.499,global,-7.532391410783353,-16.140305462243592,8.60791405146024,0.46956280552699553,1.407721335092375,global,,,0.07974883318956197,0.007030334815859497,0.009398660826017414,0.0003402420034532374,0.13294670783084378,0.050003821622670946,0.3333333333333335,2.2065395696949124,"{""kernels.0.base_kernel.kernels.0"": [0.33332740472206124, 0.3333327299522935, 0.33333492589996594, 0.3333276403978059, 0.3337299639162391, 0.3333333333333335, 0.33333082701905054, 0.3333000864001125, 0.3333311191094117, 0.33334118695230475, 0.33326039868341945, 0.3333333333333335, 0.33333372051631505, 0.33335152170726506, 0.3333292856445579, 0.333380464427168, 0.33354797291740285, 0.3333333333333335], ""kernels.0.base_kernel.kernels.1.base_kernel"": [0.6931481805599428, 0.6931481805599428, 0.6931481805599428], ""kernels.1.base_kernel.kernels.0"": [0.22050840018058698, 0.19465911433527466, 0.050003821622670946, 0.20523579495334868, 2.2065395696949124, 0.3333333333333335, 0.1590582256712152, 0.20304674088695293, 0.050010786242332454, 0.2922350819799989, 0.3975352293880105, 0.3333333333333335, 0.20818502454047713, 0.2982791773693618, 0.06913630004113516, 0.38160130294446004, 0.5563458435006945, 0.3333333333333335], ""kernels.1.base_kernel.kernels.1"": [0.6931481805599428, 0.6931481805599428, 0.6931481805599428]}","{""kernels.0"": 1.555932585025688e-05, ""kernels.0.base_kernel.kernels.1"": 0.018924709264273906, ""kernels.1"": 0.3798998549024072}",12,3,36,9,9,archive,3,163
377,127.15225097050356,123.86704460129343,0.499,global,-6.913842965060814,-15.271441910229576,8.357598945168762,0.8595839963783166,1.4140878203291403,global,,,0.012620074539777803,0.007030162056291428,0.009405603051789928,0.0003413352529499596,0.13294671949081702,0.05000382162267074,0.3333333333333335,2.2065393866094243,"{""kernels.0.base_kernel.kernels.0"": [0.3333274047182764, 0.333332729967463, 0.3333349258999046, 0.33332764039347007, 0.3337299633590954, 0.3333333333333335, 0.33333082702249844, 0.333300086396552, 0.3333311191094218, 0.33334118696901505, 0.33326039868175583, 0.3333333333333335, 0.3333337205200793, 0.33335152171372284, 0.33332928564645525, 0.333380464439544, 0.33354797295585026, 0.3333333333333335], ""kernels.0.base_kernel.kernels.1.base_kernel"": [0.6931481805599428, 0.6931481805599428, 0.6931481805599428], ""kernels.1.base_kernel.kernels.0"": [0.22050839258710558, 0.19465912952210918, 0.05000382162267074, 0.20523576821431738, 2.2065393866094243, 0.3333333333333335, 0.15905822503771394, 0.20304670994072596, 0.05001078624236957, 0.2922350658492813, 0.39753509807216825, 0.3333333333333335, 0.20818503134777416, 0.2982791727741615, 0.06913629968268663, 0.38160134793871703, 0.5563459527717133, 0.3333333333333335], ""kernels.1.base_kernel.kernels.1"": [0.6931481805599428, 0.6931481805599428, 0.6931481805599428]}","{""kernels.0"": 1.5559325855919055e-05, ""kernels.0.base_kernel.kernels.1"": 0.018924709264061264, ""kernels.1"": 0.3798998898825338}",12,3,36,9,9,archive,3,164
378,126.69311258781684,123.86704460129343,0.5004,global,-6.497188252689417,-14.170805784334862,7.673617531645444,0.8545825775080739,1.4072499988755598,global,,,0.019946754853330077,0.007023045533255619,0.009399954201353339,0.0003412317435330735,0.13294674162653483,0.05000382162267044,0.3333333333333335,2.206539139728689,"{""kernels.0.base_kernel.kernels.0"": [0.33332740471288935, 0.33333272998893826, 0.333334925899646, 0.33332764038765633, 0.3337299625961789, 0.3333333333333335, 0.33333082702732364, 0.3333000863912378, 0.3333311191090335, 0.3333411869904101, 0.3332603986839673, 0.3333333333333335, 0.33333372052498783, 0.3333515217213689, 0.3333292856488011, 0.3333804644571674, 0.3335479730051869, 0.3333333333333335], ""kernels.0.base_kernel.kernels.1.base_kernel"": [0.6931481805599428, 0.6931481805599428, 0.6931481805599428], ""kernels.1.base_kernel.kernels.0"": [0.2205083771754372, 0.19465914936768708, 0.05000382162267044, 0.20523573439362772, 2.206539139728689, 0.3333333333333335, 0.15905822735210162, 0.20304664856593352, 0.05001078624242269, 0.29223504490923724, 0.3975349395731047, 0.3333333333333335, 0.20818503876581138, 0.29827917080447197, 0.06913629908732265, 0.3816014143949648, 0.5563461203904331, 0.3333333333333335], ""kernels.1.base_kernel.kernels.1"": [0.6931481805599428, 0.6931481805599428, 0.6931481805599428]}","{""kernels.0"": 1.5559325862706154e-05, ""kernels.0.base_kernel.kernels.1"": 0.018924709263756143, ""kernels.1"": 0.3798999562899857}",12,3,36,9,9,archive,3,165
379,238.42483080762457,123.86704460129343,0.4998,global,-9.636778563969386,-14.90245834434074,5.265679780371354,1.4659493061532696,1.4126892024401951,global,,,0.2421770714193516,0.007001077960693085,0.009355461873248793,0.0003382944872199587,0.13309344906461743,0.05000382161674312,0.3333333333333335,2.202626004436486,"{""kernels.0.base_kernel.kernels.0"": [0.33332730147777795, 0.3333331582222162, 0.3333349206261894, 0.3333275303120033, 0.33371533962560274, 0.3333333333333335, 0.3333309272736563, 0.33329997007698553, 0.33333111390920045, 0.3333416163650804, 0.33326047716369533, 0.3333333333333335, 0.3333338300975453, 0.3333516842459769, 0.3333293355539513, 0.3333808228963899, 0.33354913320890983, 0.3333333333333335], ""kernels.0.base_kernel.kernels.1.base_kernel"": [0.6931481805599428, 0.6931481805599428, 0.6931481805599428], ""kernels.1.base_kernel.kernels.0"": [0.2204312845243427, 0.19505037990324936, 0.05000382161674312, 0.20465539819363018, 2.202626004436486, 0.3333333333333335, 0.15923391637311635, 0.20183771066259848, 0.05001078730300747, 0.29189820355752316, 0.3943973214120314, 0.3333333333333335, 0.20843303088640933, 0.29835556762583415, 0.06912711994528214, 0.3830025721837909, 0.5602715567927148, 0.3333333333333335], ""kernels.1.base_kernel.kernels.1"": [0.6931481805599428, 0.6931481805599428, 0.6931481805599428]}","{""kernels.0"": 1.555943978369905e-05, ""kernels.0.base_kernel.kernels.1"": 0.018924703204248106, ""kernels.1"": 0.3803400845498205}",12,3,36,9,9,archive,3,166
380,140.94225095413444,123.86704460129343,0.501,global,-8.016646174253253,-15.597685295719081,7.581039121465828,0.7734721519369091,1.4131428328788078,global,,,0.07567682378460011,0.007004410243579087,0.009376874771396662,0.0003404051450932247,0.13270696373244198,0.05000382161311265,0.3333333333333335,2.2006920978612263,"{""kernels.0.base_kernel.kernels.0"": [0.33332723876798515, 0.3333334151706862, 0.3333349167414184, 0.3333274640873419, 0.33370671134159363, 0.3333333333333335, 0.3333309968285605, 0.33329992993876306, 0.3333311068797273, 0.33334188183051405, 0.3332605786970224, 0.3333333333333335, 0.3333338959533823, 0.3333517908054684, 0.33332936515163886, 0.33338103048591183, 0.333549811491087, 0.3333333333333335], ""kernels.0.base_kernel.kernels.1.base_kernel"": [0.6931481805599428, 0.6931481805599428, 0.6931481805599428], ""kernels.1.base_kernel.kernels.0"": [0.22038241430697958, 0.19533778743307126, 0.05000382161311265, 0.20435749634783842, 2.2006920978612263, 0.3333333333333335, 0.15954411836960047, 0.20170936955340668, 0.0500107879664035, 0.291950481251407, 0.3932961209752179, 0.3333333333333335, 0.20860892107285192, 0.298584869130252, 0.06912614045828326, 0.38384486816177266, 0.5622927064584876, 0.3333333333333335], ""kernels.1.base_kernel.kernels.1"": [0.6931481805599428, 0.6931481805599428, 0.6931481805599428]}","{""kernels.0"": 1.5559499695449072e-05, ""kernels.0.base_kernel.kernels.1"": 0.01892469945219383, ""kernels.1"": 0.3791806322454367}",12,3,36,9,9,archive,3,167
381,145.9196473396801,123.86704460129343,0.5,global,-7.7732343272508375,-14.278959854876463,6.505725527625626,1.2249303421830124,1.41274154320927,global,,,0.05192569309948735,0.007013854019668204,0.009420036145369012,0.00034408034213718027,0.13311827000335635,0.05000382153188348,0.3333333333333335,2.160285543581348,"{""kernels.0.base_kernel.kernels.0"": [0.3333261413427711, 0.33333767184838337, 0.3333348226130124, 0.33332611267804046, 0.3335602060484974, 0.3333333333333335, 0.33333212616406377, 0.3332993038254055, 0.33333101573431634, 0.3333461505382516, 0.3332609752899774, 0.3333333333333335, 0.3333347682888064, 0.33335350824451626, 0.33332980811554663, 0.33338420335063773, 0.33355986154610207, 0.3333333333333335], ""kernels.0.base_kernel.kernels.1.base_kernel"": [0.6931481805599428, 0.6931481805599428, 0.6931481805599428], ""kernels.1.base_kernel.kernels.0"": [0.21870776269180725, 0.1961824038964401, 0.05000382153188348, 0.2001492151062935, 2.160285543581348, 0.3333333333333335, 0.16600466367808758, 0.200714580321837, 0.05001080046536701, 0.29130006192851143, 0.3841165054681187, 0.3333333333333335, 0.213146176789001, 0.29798141020358127, 0.06878226684808973, 0.40273142614579927, 0.5770865362328225, 0.3333333333333335], ""kernels.1.base_kernel.kernels.1"": [0.6931481805599428, 0.6931481805599428, 0.6931481805599428]}","{""kernels.0"": 1.5560544150749027e-05, ""kernels.0.base_kernel.kernels.1"": 0.018924628837882675, ""kernels.1"": 0.38041462062803566}",12,3,36,9,9,archive,3,168
382,147.4614581414782,123.86704460129343,0.4988,global,-6.622434257959202,-13.958004739594259,7.335570481635057,1.0017690979068476,1.4138901761038376,global,,,0.09179737701988457,0.007024464640890853,0.00944558600486798,0.0003465100974732111,0.13311827110037558,0.050003821531883465,0.3333333333333335,2.1602855378184724,"{""kernels.0.base_kernel.kernels.0"": [0.3333261413426822, 0.3333376718486845, 0.3333348226129962, 0.33332611267790363, 0.33356020603407555, 0.3333333333333335, 0.33333212616409985, 0.33329930382546863, 0.33333101573430024, 0.33334615053835115, 0.33326097528950877, 0.3333333333333335, 0.333334768288885, 0.3333535082445898, 0.3333298081155409, 0.3333842033509957, 0.3335598615468297, 0.3333333333333335], ""kernels.0.base_kernel.kernels.1.base_kernel"": [0.6931481805599428, 0.6931481805599428, 0.6931481805599428], ""kernels.1.base_kernel.kernels.0"": [0.21870776230883823, 0.19618240397758435, 0.050003821531883465, 0.20014921494669863, 2.1602855378184724, 0.3333333333333335, 0.16600466308834427, 0.20071458035799603, 0.05001080046536835, 0.2913000619615461, 0.38411650672755465, 0.3333333333333335, 0.2131461770912433, 0.29798140939985523, 0.06878226681973432, 0.40273142793195305, 0.5770865338297211, 0.3333333333333335], ""kernels.1.base_kernel.kernels.1"": [0.6931481805599428, 0.6931481805599428, 0.6931481805599428]}","{""kernels.0"": 1.5560544151001358e-05, ""kernels.0.base_kernel.kernels.1"": 0.018924628837875265, ""kernels.1"": 0.38041462391910047}",12,3,36,9,9,archive,3,169
383,141.6886758058727,123.86704460129343,0.4986,global,-6.90382363913842,-14.766894066036915,7.863070426898496,0.7282364147540585,1.4092184087802977,global,,,0.08455880717856375,0.007022047729840174,0.009437025862529327,0.0003464377779108255,0.13343620645012313,0.05000382152589458,0.3333333333333335,2.1580214789552215,"{""kernels.0.base_kernel.kernels.0"": [0.3333261007890778, 0.3333378074601594, 0.33333481572027684, 0.3333260508056444, 0.3335535833589361, 0.3333333333333335, 0.33333214395680216, 0.333299332034236, 0.3333310093225355, 0.33334620247610935, 0.33326079355894545, 0.3333333333333335, 0.33333480323336007, 0.3333535446340768, 0.3333298053905812, 0.3333843715286936, 0.3335601958523253, 0.3333333333333335], ""kernels.0.base_kernel.kernels.1.base_kernel"": [0.6931481805599428, 0.6931481805599428, 0.6931481805599428], ""kernels.1.base_kernel.kernels.0"": [0.2185288667450188, 0.19618652446311305, 0.05000382152589458, 0.20007081228895102, 2.1580214789552215, 0.3333333333333335, 0.16580881543004966, 0.20070253345743796, 0.0500108010748966, 0.2912984184005003, 0.38495487896876335, 0.3333333333333335, 0.2132692458857086, 0.2976303512402887, 0.06877355936612303, 0.40353517373900766, 0.5759936344336507, 0.3333333333333335], ""kernels.1.base_kernel.kernels.1"": [0.6931481805599428, 0.6931481805599428, 0.6931481805599428]}","{""kernels.0"": 1.5560661694803937e-05, ""kernels.0.base_kernel.kernels.1"": 0.01892462550793395, ""kernels.1"": 0.38136843318074065}",12,3,36,9,9,archive,3,170
384,125.15091604451054,123.86704460129343,0.5012,local,-6.349782949888159,-8.723126418286057,2.3733434683978984,0.030772341220307215,0.18571174024682233,archive,475,12,0.017473054855729458,0.007020868139457239,0.009438200506217112,0.0003470330408584056,0.13343620524056365,0.05000382152589456,0.3333333333333335,2.158021473398533,"{""kernels.0.base_kernel.kernels.0"": [0.33332610078888114, 0.3333378074608951, 0.3333348157202468, 0.3333260508053647, 0.3335535833255505, 0.3333333333333335, 0.3333321439568958, 0.3332993320344318, 0.33333100932250564, 0.33334620247639934, 0.33326079355793775, 0.3333333333333335, 0.3333348032335317, 0.33335354463433725, 0.3333298053905785, 0.33338437152951084, 0.33356019585415836, 0.3333333333333335], ""kernels.0.base_kernel.kernels.1.base_kernel"": [0.6931481805599428, 0.6931481805599428, 0.6931481805599428], ""kernels.1.base_kernel.kernels.0"": [0.21852886610034217, 0.19618652494187636, 0.05000382152589456, 0.2000708123099227, 2.158021473398533, 0.3333333333333335, 0.16580881464502994, 0.20070253366400076, 0.050010801074899795, 0.2912984184940033, 0.3849548844156014, 0.3333333333333335, 0.2132692474362795, 0.29763035005750926, 0.06877355936101509, 0.4035351796497298, 0.5759936312400332, 0.3333333333333335], ""kernels.1.base_kernel.kernels.1"": [0.6931481805599428, 0.6931481805599428, 0.6931481805599428]}","{""kernels.0"": 1.5560661695386113e-05, ""kernels.0.base_kernel.kernels.1"": 0.018924625507916532, ""kernels.1"": 0.38136842955207906}",12,3,36,9,9,archive,2,171
385,125.3819704904505,123.86704460129343,0.5008,local,-6.403360354930767,-8.08151104233363,1.678150687402864,0.041955901148049264,0.14121980769390952,archive,488,8,0.014898981883986839,0.006997701671627096,0.00939291500739251,0.000343969896520274,0.13343531135785036,0.050003821525881634,0.3333333333333335,2.1580195331283734,"{""kernels.0.base_kernel.kernels.0"": [0.33332610071216806, 0.3333378078225889, 0.33333481570559154, 0.33332605064922544, 0.3335535668130595, 0.3333333333333335, 0.33333214399674765, 0.3332993321538673, 0.33333100933098114, 0.3333462025361983, 0.33326079300510875, 0.3333333333333335, 0.3333348033151662, 0.3333535447921026, 0.3333298053852849, 0.33338437196723225, 0.3335601968344154, 0.3333333333333335], ""kernels.0.base_kernel.kernels.1.base_kernel"": [0.6931481805599428, 0.6931481805599428, 0.6931481805599428], ""kernels.1.base_kernel.kernels.0"": [0.21852904842771537, 0.19618690104109998, 0.050003821525881634, 0.20007078334369774, 2.1580195331283734, 0.3333333333333335, 0.16580841104793037, 0.20070264219000275, 0.050010801076517605, 0.29129839260453244, 0.38495737428878735, 0.3333333333333335, 0.21327008583048962, 0.2976296553179774, 0.06877355331249324, 0.4035383214576219, 0.5759924630287852, 0.3333333333333335], ""kernels.1.base_kernel.kernels.1"": [0.6931481805599428, 0.6931481805599428, 0.6931481805599428]}","{""kernels.0"": 1.5560661988552144e-05, ""kernels.0.base_kernel.kernels.1"": 0.018924625499162843, ""kernels.1"": 0.3813657479123997}",12,3,36,9,9,archive,1,172
386,133.29039835943416,123.86704460129343,0.4978,global,-6.634690611715581,-19.355372721633497,12.720682109917917,0.7904995415782988,1.4075375213270922,global,,,0.049828803262339204,0.006973050949998139,0.009344765271636198,0.00034071289387869644,0.13343430182486415,0.050003821525867596,0.3333333333333335,2.158017499889447,"{""kernels.0.base_kernel.kernels.0"": [0.33332610062976337, 0.33333780820795234, 0.33333481568965295, 0.3333260504779686, 0.33355354897236, 0.3333333333333335, 0.33333214403698025, 0.3332993322770254, 0.3333310093400518, 0.33334620260238135, 0.33326079242828266, 0.3333333333333335, 0.3333348034055246, 0.333353544957067, 0.3333298053790959, 0.3333843724602356, 0.33356019790865377, 0.3333333333333335], ""kernels.0.base_kernel.kernels.1.base_kernel"": [0.6931481805599428, 0.6931481805599428, 0.6931481805599428], ""kernels.1.base_kernel.kernels.0"": [0.21852925660025974, 0.19618730828226918, 0.050003821525867596, 0.20007078876135942, 2.158017499889447, 0.3333333333333335, 0.1658078878666976, 0.200702681049931, 0.05001080107827214, 0.2912983104169856, 0.38496028434861357, 0.3333333333333335, 0.2132711108777057, 0.2976287818941141, 0.06877355648289264, 0.4035421672832605, 0.5759910068749479, 0.3333333333333335], ""kernels.1.base_kernel.kernels.1"": [0.6931481805599428, 0.6931481805599428, 0.6931481805599428]}","{""kernels.0"": 1.5560662306838608e-05, ""kernels.0.base_kernel.kernels.1"": 0.018924625489722187, ""kernels.1"": 0.38136271932256344}",12,3,36,9,9,archive,3,173
387,142.10811884081045,123.86704460129343,0.4984,global,-7.613217156418602,-15.370380725595009,7.757163569176407,0.7667164472838147,1.3894824190237396,global,,,0.07359944796714098,0.0069711954658777395,0.009353596863815029,0.0003417663355396697,0.13296948554092577,0.05000382152033692,0.3333333333333335,2.158159639071686,"{""kernels.0.base_kernel.kernels.0"": [0.3333260696817417, 0.33333795474412997, 0.33333480942839006, 0.333325980412874, 0.33354657616974087, 0.3333333333333335, 0.3333321594126615, 0.333299379041388, 0.33333101316584585, 0.3333462230705103, 0.33326057747691706, 0.3333333333333335, 0.33333484169057315, 0.33335360695486577, 0.3333298016493243, 0.3333845781291382, 0.3335606199592507, 0.3333333333333335], ""kernels.0.base_kernel.kernels.1.base_kernel"": [0.6931481805599428, 0.6931481805599428, 0.6931481805599428], ""kernels.1.base_kernel.kernels.0"": [0.21862041909066907, 0.19631373818847347, 0.05000382152033692, 0.20002546644226377, 2.158159639071686, 0.3333333333333335, 0.16560002079550556, 0.2006354635810833, 0.05001080178083787, 0.2912311113321481, 0.38611535233997984, 0.3333333333333335, 0.21376543715244628, 0.29719199673624774, 0.06877114155542023, 0.4052374337237094, 0.5752873159383507, 0.3333333333333335], ""kernels.1.base_kernel.kernels.1"": [0.6931481805599428, 0.6931481805599428, 0.6931481805599428]}","{""kernels.0"": 1.5560785852697965e-05, ""kernels.0.base_kernel.kernels.1"": 0.018924621774981113, ""kernels.1"": 0.37996827406194356}",12,3,36,9,9,archive,3,174
388,127.29145147083759,123.86704460129343,0.501,local,-6.741634765969941,-11.027787906384102,4.286153140414161,0.04392086867154304,0.21399030964657972,archive,385,23,0.024565710108497674,0.00696973042270834,0.009354210271548086,0.00034231664582346584,0.13296948608265433,0.0500038215203369,0.3333333333333335,2.1581596397196545,"{""kernels.0.base_kernel.kernels.0"": [0.33332606968159395, 0.3333379547448019, 0.3333348094283635, 0.3333259804125428, 0.33354657613788397, 0.3333333333333335, 0.3333321594127069, 0.3332993790415712, 0.33333101316585345, 0.3333462230706014, 0.33326057747575194, 0.3333333333333335, 0.3333348416907358, 0.3333536069551793, 0.3333298016493086, 0.3333845781300683, 0.3335606199612677, 0.3333333333333335], ""kernels.0.base_kernel.kernels.1.base_kernel"": [0.6931481805599428, 0.6931481805599428, 0.6931481805599428], ""kernels.1.base_kernel.kernels.0"": [0.2186204193868047, 0.1963137394664542, 0.0500038215203369, 0.20002546572536695, 2.1581596397196545, 0.3333333333333335, 0.1656000197686669, 0.2006354627227755, 0.050010801780841024, 0.29123111015184416, 0.3861153547896858, 0.3333333333333335, 0.21376543878204127, 0.2971919946666507, 0.0687711415419602, 0.4052374403932694, 0.5752873119172283, 0.3333333333333335], ""kernels.1.base_kernel.kernels.1"": [0.6931481805599428, 0.6931481805599428, 0.6931481805599428]}","{""kernels.0"": 1.556078585331431e-05, ""kernels.0.base_kernel.kernels.1"": 0.01892462177496428, ""kernels.1"": 0.3799682756871454}",12,3,36,9,9,archive,4,175
389,527.9902325418436,123.86704460129343,0.4992,global,-9.658184556475105,-16.182753899545546,6.524569343070441,1.127724652130735,1.4134516060300606,global,,,0.2384059344237918,0.006954944712452351,0.00932808982205382,0.000340708489900103,0.13296940485231382,0.050003821520331004,0.3333333333333335,2.158159817593577,"{""kernels.0.base_kernel.kernels.0"": [0.33332606963779815, 0.33333795495516333, 0.33333480942148713, 0.333325980316764, 0.3335465670962308, 0.3333333333333335, 0.33333215942654165, 0.3332993790879579, 0.3333310131682435, 0.3333462231119946, 0.3332605771385308, 0.3333333333333335, 0.3333348417372879, 0.3333536070413458, 0.33332980164487225, 0.33338457839605357, 0.3335606205434997, 0.3333333333333335], ""kernels.0.base_kernel.kernels.1.base_kernel"": [0.6931481805599428, 0.6931481805599428, 0.6931481805599428], ""kernels.1.base_kernel.kernels.0"": [0.21862048116751773, 0.1963145913962078, 0.050003821520331004, 0.20002521015438415, 2.158159817593577, 0.3333333333333335, 0.16559982530813616, 0.2006351812093062, 0.05001080178172778, 0.2912308721750137, 0.38611618350664356, 0.3333333333333335, 0.21376591310676188, 0.2971914367907026, 0.0687711425012227, 0.4052393470170808, 0.5752863446508742, 0.3333333333333335], ""kernels.1.base_kernel.kernels.1"": [0.6931481805599428, 0.6931481805599428, 0.6931481805599428]}","{""kernels.0"": 1.556078603057997e-05, ""kernels.0.base_kernel.kernels.1"": 0.018924621770240374, ""kernels.1"": 0.37996803200067053}",12,3,36,9,9,archive,3,176
390,128.86909124969532,123.86704460129343,0.4986,global,-6.864971565457334,-14.930984288703891,8.066012723246558,1.0650722023521866,1.4123932031137891,global,,,0.02262713161721286,0.0069556090466022305,0.009278715516495417,0.00033484523288095097,0.13563700085654853,0.05000382149423182,0.3333333333333335,2.146779355018488,"{""kernels.0.base_kernel.kernels.0"": [0.33332555858643265, 0.3333393399486528, 0.3333347731063105, 0.3333252428789391, 0.33349671380343354, 0.3333333333333335, 0.33333236032579316, 0.3332998122168289, 0.33333094260000473, 0.3333460765511944, 0.3332604114871852, 0.3333333333333335, 0.3333350895056032, 0.3333544793863449, 0.33332977246620116, 0.3333854590865742, 0.33356453338382697, 0.3333333333333335], ""kernels.0.base_kernel.kernels.1.base_kernel"": [0.6931481805599428, 0.6931481805599428, 0.6931481805599428], ""kernels.1.base_kernel.kernels.0"": [0.20435802608218903, 0.2043531262176374, 0.05000382149423182, 0.18663216350896059, 2.146779355018488, 0.3333333333333335, 0.16599330205974605, 0.20320913944930707, 0.05001080670588849, 0.286123402904369, 0.3992985107894583, 0.3333333333333335, 0.21783594610754975, 0.2991073990913169, 0.06907682337460709, 0.4093388705672479, 0.5837196256253459, 0.3333333333333335], ""kernels.1.base_kernel.kernels.1"": [0.6931481805599428, 0.6931481805599428, 0.6931481805599428]}","{""kernels.0"": 1.55618898616036e-05, ""kernels.0.base_kernel.kernels.1"": 0.018924595915933505, ""kernels.1"": 0.3879708447638505}",12,3,36,9,9,archive,3,177
391,431.4479278138736,123.86704460129343,0.4996,global,-7.801240002409532,-13.336145949618386,5.534905947208854,0.8328817978699699,1.4086337543741068,global,,,0.22137780006861907,0.006938110196792625,0.009244775548227288,0.0003327155033328496,0.1351794770400657,0.050003821485256617,0.3333333333333335,2.151435136574187,"{""kernels.0.base_kernel.kernels.0"": [0.33332551901502927, 0.3333395152887241, 0.33333476068348633, 0.3333251842639303, 0.33348953428643324, 0.3333333333333335, 0.3333324075799467, 0.3332998604933779, 0.3333309397954013, 0.3333460800597922, 0.33325930068520554, 0.3333333333333335, 0.33333512782479024, 0.3333546892771302, 0.3333297702080661, 0.33338572124771254, 0.33356467526356987, 0.3333333333333335], ""kernels.0.base_kernel.kernels.1.base_kernel"": [0.6931481805599428, 0.6931481805599428, 0.6931481805599428], ""kernels.1.base_kernel.kernels.0"": [0.2027861752242742, 0.20290681748582273, 0.050003821485256617, 0.18671795608886824, 2.151435136574187, 0.3333333333333335, 0.1654765104550544, 0.2028859606576148, 0.05001080810237335, 0.2855528709924765, 0.3935898268311609, 0.3333333333333335, 0.21901032295119327, 0.3002533179664685, 0.06910981361605205, 0.4124205107282004, 0.5822941759919765, 0.3333333333333335], ""kernels.1.base_kernel.kernels.1"": [0.6931481805599428, 0.6931481805599428, 0.6931481805599428]}","{""kernels.0"": 1.556199779004033e-05, ""kernels.0.base_kernel.kernels.1"": 0.018924588781520483, ""kernels.1"": 0.3865982803408865}",12,3,36,9,9,archive,3,178
392,125.69714408397985,123.86704460129343,0.499,local,-6.334657832297939,-10.948394746433088,4.613736914135149,0.07497761394276413,0.32729065005249036,archive,347,26,0.030754370932466017,0.006913511365052257,0.009114341226927747,0.000322167897232345,0.13819366151277115,0.050003821479758834,0.3333333333333335,2.1515740591578587,"{""kernels.0.base_kernel.kernels.0"": [0.33332545691226945, 0.33333962428455477, 0.33333475221070596, 0.3333250637343799, 0.33348576809764585, 0.3333333333333335, 0.33333242391696055, 0.3332999131407596, 0.3333309237643097, 0.3333458412465896, 0.3332588681962167, 0.3333333333333335, 0.33333513687803357, 0.33335479467245277, 0.3333297839223635, 0.33338569660534234, 0.3335648990092901, 0.3333333333333335], ""kernels.0.base_kernel.kernels.1.base_kernel"": [0.6931481805599428, 0.6931481805599428, 0.6931481805599428], ""kernels.1.base_kernel.kernels.0"": [0.20066820350984027, 0.20242817545880745, 0.050003821479758834, 0.18423418458901794, 2.1515740591578587, 0.3333333333333335, 0.16506008544408426, 0.20219825793845425, 0.0500108087575167, 0.2812717028188263, 0.3915773704164073, 0.3333333333333335, 0.21925375194489652, 0.30006112925875184, 0.06915603866353424, 0.4119592466647116, 0.5828355681502584, 0.3333333333333335], ""kernels.1.base_kernel.kernels.1"": [0.6931481805599428, 0.6931481805599428, 0.6931481805599428]}","{""kernels.0"": 1.556207644677358e-05, ""kernels.0.base_kernel.kernels.1"": 0.018924585379663517, ""kernels.1"": 0.39564083708220316}",12,3,36,9,9,archive,1,179
393,156.55354682337335,123.86704460129343,0.499,global,-7.929107099958268,-13.4905879919465,5.561480891988232,0.9440649316699417,1.407904811427615,global,,,0.09980699232859784,0.0069323623700721215,0.00921551548127231,0.0003297060921711265,0.13474898481010503,0.050003821474918005,0.3333333333333335,2.155360755138826,"{""kernels.0.base_kernel.kernels.0"": [0.33332538419528834, 0.33333983763574315, 0.33333473703390804, 0.3333249066865661, 0.33348026472534587, 0.3333333333333335, 0.33333248831638623, 0.33330005879966873, 0.33333090592496806, 0.3333455054332045, 0.33325847461346275, 0.3333333333333335, 0.3333351648193387, 0.3333550093320844, 0.3333298168662836, 0.333385638619883, 0.33356545971245616, 0.3333333333333335], ""kernels.0.base_kernel.kernels.1.base_kernel"": [0.6931481805599428, 0.6931481805599428, 0.6931481805599428], ""kernels.1.base_kernel.kernels.0"": [0.19804884129667513, 0.203735719737667, 0.050003821474918005, 0.18149968001509614, 2.155360755138826, 0.3333333333333335, 0.16532615695828284, 0.20280329306836595, 0.05001080983695307, 0.27713545271579987, 0.392075860426445, 0.3333333333333335, 0.22054303425009156, 0.3011116311482149, 0.0692975997962692, 0.4127437039608165, 0.5874014998153438, 0.3333333333333335], ""kernels.1.base_kernel.kernels.1"": [0.6931481805599428, 0.6931481805599428, 0.6931481805599428]}","{""kernels.0"": 1.5562149581235217e-05, ""kernels.0.base_kernel.kernels.1"": 0.018924579958203288, ""kernels.1"": 0.3853068123225306}",12,3,36,9,9,archive,5,180
394,143.2997098116972,123.86704460129343,0.4998,global,-7.004338708200543,-13.51532429241356,6.510985584213016,0.9764975778217683,1.4073191290874802,global,,,0.07295748403106654,0.006911658430589147,0.009119399622809814,0.00032337736444808924,0.1371380208105186,0.050003821469528295,0.3333333333333335,2.156541964992716,"{""kernels.0.base_kernel.kernels.0"": [0.3333253257462945, 0.33333995018935914, 0.33333472644082807, 0.33332479697665346, 0.3334763506263432, 0.3333333333333335, 0.33333252236556504, 0.33330008811729533, 0.33333089041389774, 0.3333452670812505, 0.3332579278872387, 0.3333333333333335, 0.33333516898101684, 0.3333551319176388, 0.33332983426894786, 0.3333856036190343, 0.3335657270141339, 0.3333333333333335], ""kernels.0.base_kernel.kernels.1.base_kernel"": [0.6931481805599428, 0.6931481805599428, 0.6931481805599428], ""kernels.1.base_kernel.kernels.0"": [0.19624365631039703, 0.2033996108774754, 0.050003821469528295, 0.1795915950604356, 2.156541964992716, 0.3333333333333335, 0.16516372763845283, 0.20205324166696242, 0.05001081051945746, 0.27382970845227045, 0.38963286462866514, 0.3333333333333335, 0.220921102967454, 0.3010612426901821, 0.06933825811409636, 0.41273763528583723, 0.587336843748392, 0.3333333333333335], ""kernels.1.base_kernel.kernels.1"": [0.6931481805599428, 0.6931481805599428, 0.6931481805599428]}","{""kernels.0"": 1.5562239683724695e-05, ""kernels.0.base_kernel.kernels.1"": 0.018924576373772838, ""kernels.1"": 0.3924739238180992}",12,3,36,9,9,archive,3,181
395,125.53489343438324,123.86704460129343,0.5008,global,-7.552767336324915,-14.404720952101119,6.851953615776204,0.9681657514313703,1.4129079749774756,global,,,0.010628520338914232,0.006917570834989534,0.009148980007303633,0.00032599651209803157,0.13309896767154877,0.05000382142186831,0.3333333333333335,2.1792426881025855,"{""kernels.0.base_kernel.kernels.0"": [0.3333247890813347, 0.33334132088240986, 0.33333462261715374, 0.33332382435846836, 0.33343646580130104, 0.3333333333333335, 0.333332973008262, 0.333300726440331, 0.33333074113404987, 0.3333429434184146, 0.33325213468978054, 0.3333333333333335, 0.33333521074688444, 0.33335659650134153, 0.3333300357299258, 0.3333853022475662, 0.33356879621717006, 0.3333333333333335], ""kernels.0.base_kernel.kernels.1.base_kernel"": [0.6931481805599428, 0.6931481805599428, 0.6931481805599428], ""kernels.1.base_kernel.kernels.0"": [0.17988823824262212, 0.2065021467661161, 0.05000382142186831, 0.16606886724903225, 2.1792426881025855, 0.3333333333333335, 0.16640437165386002, 0.2007204435026739, 0.05001081873298425, 0.24879777852327803, 0.3776239154647577, 0.3333333333333335, 0.22847617175000545, 0.30592036216147517, 0.0701630327890102, 0.4224416045488895, 0.5995232748355817, 0.3333333333333335], ""kernels.1.base_kernel.kernels.1"": [0.6931481805599428, 0.6931481805599428, 0.6931481805599428]}","{""kernels.0"": 1.556298074032356e-05, ""kernels.0.base_kernel.kernels.1"": 0.01892453431699229, ""kernels.1"": 0.3803568057169137}",12,3,36,9,9,archive,4,182
396,126.1715465866352,123.86704460129343,0.4996,global,-6.093846026279877,-14.25111951110152,8.157273484821642,0.9164110311958983,1.4079508090389377,global,,,0.030343835611747277,0.0068681038498482295,0.009086028177414024,0.00032177418692340865,0.1327508790370153,0.05000382141538907,0.3333333333333335,2.178091480016225,"{""kernels.0.base_kernel.kernels.0"": [0.3333247595757316, 0.3333414050426371, 0.3333346105195704, 0.3333238069141196, 0.3334346625031526, 0.3333333333333335, 0.33333299973856806, 0.3333007442438826, 0.333330719293101, 0.3333427953808055, 0.33325113749537116, 0.3333333333333335, 0.3333351662741978, 0.3333567032287758, 0.33333004736554495, 0.3333852915123001, 0.3335687953263775, 0.3333333333333335], ""kernels.0.base_kernel.kernels.1.base_kernel"": [0.6931481805599428, 0.6931481805599428, 0.6931481805599428], ""kernels.1.base_kernel.kernels.0"": [0.1794220490123225, 0.20611031755194326, 0.05000382141538907, 0.16675927781936026, 2.178091480016225, 0.3333333333333335, 0.1661265696365451, 0.2008910788154021, 0.05001081964321452, 0.24928370114215098, 0.3765344707901994, 0.3333333333333335, 0.2288534462400122, 0.306532396903047, 0.07027041541960705, 0.4248532735145022, 0.5989795723289696, 0.3333333333333335], ""kernels.1.base_kernel.kernels.1"": [0.6931481805599428, 0.6931481805599428, 0.6931481805599428]}","{""kernels.0"": 1.5563006085271836e-05, ""kernels.0.base_kernel.kernels.1"": 0.018924529621325178, ""kernels.1"": 0.3793125444836354}",12,3,36,9,9,archive,3,183
397,296.5642428135493,123.86704460129343,0.4998,global,-9.718464151697239,-15.966282064701115,6.2478179130038765,1.007955118849485,1.4142112481584577,global,,,0.23967158139539113,0.006857817550225061,0.009061858771238017,0.00032032442012798517,0.1330931813922021,0.050003821409378875,0.3333333333333335,2.177961201423228,"{""kernels.0.base_kernel.kernels.0"": [0.3333247400595396, 0.3333414610526154, 0.333334600702219, 0.3333237743470002, 0.3334328421917901, 0.3333333333333335, 0.3333330264292509, 0.3333007531913904, 0.3333307084329522, 0.33334264802172076, 0.33325032060255505, 0.3333333333333335, 0.3333351251738588, 0.33335676448492824, 0.33333005848598074, 0.3333852773716322, 0.33356876126025586, 0.3333333333333335], ""kernels.0.base_kernel.kernels.1.base_kernel"": [0.6931481805599428, 0.6931481805599428, 0.6931481805599428], ""kernels.1.base_kernel.kernels.0"": [0.1790440292304919, 0.2055608511956056, 0.050003821409378875, 0.1669916396343577, 2.177961201423228, 0.3333333333333335, 0.16592654350123137, 0.20081040127990213, 0.05001082042460435, 0.24945408704661357, 0.3751402807160389, 0.3333333333333335, 0.22908600704553606, 0.3068173820501592, 0.07035910818339125, 0.42675764964042934, 0.5981872726992566, 0.3333333333333335], ""kernels.1.base_kernel.kernels.1"": [0.6931481805599428, 0.6931481805599428, 0.6931481805599428]}","{""kernels.0"": 1.5563044926449903e-05, ""kernels.0.base_kernel.kernels.1"": 0.01892452556699124, ""kernels.1"": 0.3803394555646886}",12,3,36,9,9,archive,5,184
398,159.83647622160748,123.86704460129343,0.4982,global,-7.8471477835857835,-14.740193481728118,6.893045698142335,1.0671257079225502,1.4141992015134748,global,,,0.0870564354682434,0.0068579900430002375,0.009062870353194264,0.00032049102472648166,0.13309317925733813,0.050003821409378854,0.3333333333333335,2.1779612017981114,"{""kernels.0.base_kernel.kernels.0"": [0.33332474005947466, 0.33334146105285173, 0.3333346007021854, 0.333323774346891, 0.3334328421863472, 0.3333333333333335, 0.33333302642936374, 0.3333007531914224, 0.3333307084329172, 0.33334264802117936, 0.33325032060014426, 0.3333333333333335, 0.333335125173726, 0.33335676448510093, 0.3333300584860179, 0.3333852773715706, 0.3335687612602279, 0.3333333333333335], ""kernels.0.base_kernel.kernels.1.base_kernel"": [0.6931481805599428, 0.6931481805599428, 0.6931481805599428], ""kernels.1.base_kernel.kernels.0"": [0.17904402811074002, 0.20556085082059183, 0.050003821409378854, 0.1669916400707066, 2.1779612017981114, 0.3333333333333335, 0.16592654339804108, 0.20081040155596624, 0.05001082042460689, 0.2494540875182448, 0.37514027821592366, 0.3333333333333335, 0.22908600779114277, 0.30681738324646207, 0.07035910850399783, 0.4267576555898801, 0.5981872725306477, 0.3333333333333335], ""kernels.1.base_kernel.kernels.1"": [0.6931481805599428, 0.6931481805599428, 0.6931481805599428]}","{""kernels.0"": 1.5563044926536815e-05, ""kernels.0.base_kernel.kernels.1"": 0.018924525566978014, ""kernels.1"": 0.38033944916010987}",12,3,36,9,9,archive,4,185
399,142.44685173491808,123.86704460129343,0.4998,global,-8.462925116274,-15.379136109214233,6.916210992940233,1.1827642417475859,1.4140813164496084,global,,,0.051005833543840876,0.006860642644351737,0.009072282020007936,0.0003217476982980943,0.13309317865509218,0.05000382140937885,0.3333333333333335,2.1779612018888597,"{""kernels.0.base_kernel.kernels.0"": [0.3333247400594547, 0.3333414610529256, 0.3333346007021744, 0.3333237743468586, 0.33343284218473956, 0.3333333333333335, 0.333333026429396, 0.3333007531914454, 0.33333070843290874, 0.33334264802098534, 0.3332503205992172, 0.3333333333333335, 0.33333512517367475, 0.333356764485147, 0.333330058486028, 0.33338527737156093, 0.33356876126010043, 0.3333333333333335], ""kernels.0.base_kernel.kernels.1.base_kernel"": [0.6931481805599428, 0.6931481805599428, 0.6931481805599428], ""kernels.1.base_kernel.kernels.0"": [0.17904402776091205, 0.20556085084367287, 0.05000382140937885, 0.16699164038541942, 2.1779612018888597, 0.3333333333333335, 0.1659265433763248, 0.20081040158921387, 0.05001082042460774, 0.24945408768539035, 0.3751402774913715, 0.3333333333333335, 0.229086007632635, 0.3068173836237395, 0.07035910861192622, 0.42675765656515235, 0.5981872721716868, 0.3333333333333335], ""kernels.1.base_kernel.kernels.1"": [0.6931481805599428, 0.6931481805599428, 0.6931481805599428]}","{""kernels.0"": 1.556304492656294e-05, ""kernels.0.base_kernel.kernels.1"": 0.018924525566973556, ""kernels.1"": 0.38033944735337644}",12,3,36,9,9,archive,3,186
400,124.6146633106957,123.86704460129343,0.5008,global,-6.567530329707132,-15.237983472822263,8.67045314311513,1.1715483462357819,1.4131873896162448,global,,,0.011215211785318292,0.006863899935715903,0.009106291564048156,0.00032466252514122806,0.13204311315122866,0.050003821400978817,0.3333333333333335,2.180387264097753,"{""kernels.0.base_kernel.kernels.0"": [0.33332470818734317, 0.33334156311662394, 0.33333458510475633, 0.33332372314814596, 0.33343084709813453, 0.3333333333333335, 0.3333331081456485, 0.3333007765842905, 0.3333307023295764, 0.33334239404714977, 0.33324917112133384, 0.3333333333333335, 0.333335041422024, 0.33335681975797204, 0.33333007510037543, 0.3333852485452955, 0.3335685763213062, 0.3333333333333335], ""kernels.0.base_kernel.kernels.1.base_kernel"": [0.6931481805599428, 0.6931481805599428, 0.6931481805599428], ""kernels.1.base_kernel.kernels.0"": [0.17859851163382653, 0.20571486979052309, 0.050003821400978817, 0.16765277136563134, 2.180387264097753, 0.3333333333333335, 0.1656685009701827, 0.20107994464743767, 0.05001082164906435, 0.24968311476103658, 0.37292553648146265, 0.3333333333333335, 0.22907607239275277, 0.3073793118002337, 0.07051931867748763, 0.4285933447085094, 0.5978488528691194, 0.3333333333333335], ""kernels.1.base_kernel.kernels.1"": [0.6931481805599428, 0.6931481805599428, 0.6931481805599428]}","{""kernels.0"": 1.5563054330727613e-05, ""kernels.0.base_kernel.kernels.1"": 0.01892451918947018, ""kernels.1"": 0.37718925720988505}",12,3,36,9,9,archive,3,187
401,140.91973784118707,123.86704460129343,0.4982,global,-7.165170953686929,-13.877458761294575,6.7122878076076455,0.799825731239986,1.4097687016317748,global,,,0.08777426594213777,0.006814724886950079,0.008994024714281689,0.0003169009866304282,0.1330066157887179,0.05000382139517262,0.3333333333333335,2.1812525241304517,"{""kernels.0.base_kernel.kernels.0"": [0.3333246828737209, 0.33334162920659793, 0.3333345751769924, 0.3333236804328634, 0.3334293516605459, 0.3333333333333335, 0.3333331510450853, 0.3333007714783131, 0.3333306961301705, 0.3333422193687204, 0.3332484577155393, 0.3333333333333335, 0.3333349838484797, 0.3333568420080492, 0.33333008391435676, 0.333385227577349, 0.33356846747758406, 0.3333333333333335], ""kernels.0.base_kernel.kernels.1.base_kernel"": [0.6931481805599428, 0.6931481805599428, 0.6931481805599428], ""kernels.1.base_kernel.kernels.0"": [0.1782196062254881, 0.20559112167515237, 0.05000382139517262, 0.16776426783771792, 2.1812525241304517, 0.3333333333333335, 0.16535309440724533, 0.2007895282566788, 0.05001082239867883, 0.24941410190292126, 0.3712565528260677, 0.3333333333333335, 0.22889724816073803, 0.30741078547206263, 0.07061135429233896, 0.4294645085661755, 0.5970005337230213, 0.3333333333333335], ""kernels.1.base_kernel.kernels.1"": [0.6931481805599428, 0.6931481805599428, 0.6931481805599428]}","{""kernels.0"": 1.5563079483276213e-05, ""kernels.0.base_kernel.kernels.1"": 0.018924515231794344, ""kernels.1"": 0.38007976905487606}",12,3,36,9,9,archive,3,188
402,126.43138129842899,123.86704460129343,0.4986,global,-6.60889333414578,-15.767278488971357,9.158385154825577,0.9602894516173823,1.4126711100930878,global,,,0.01557950507316502,0.0068131026303279,0.008993963210986097,0.0003173428881481246,0.1330066074603487,0.05000382139517256,0.3333333333333335,2.181252543400953,"{""kernels.0.base_kernel.kernels.0"": [0.3333246828734919, 0.33334162920776794, 0.3333345751768669, 0.33332368043241595, 0.3334293516485384, 0.3333333333333335, 0.33333315104557887, 0.3333007714784056, 0.3333306961300667, 0.3333422193665817, 0.3332484577068841, 0.3333333333333335, 0.3333349838478224, 0.33335684200845006, 0.3333300839144411, 0.3333852275774251, 0.333568467475668, 0.3333333333333335], ""kernels.0.base_kernel.kernels.1.base_kernel"": [0.6931481805599428, 0.6931481805599428, 0.6931481805599428], ""kernels.1.base_kernel.kernels.0"": [0.17821960291720937, 0.20559113539712287, 0.05000382139517256, 0.1677642689765369, 2.181252543400953, 0.3333333333333335, 0.1653530902041151, 0.20078953395993246, 0.0500108223986885, 0.2494141022670776, 0.37125654784784545, 0.3333333333333335, 0.22889724767749836, 0.30741078779155284, 0.07061135556424616, 0.4294645219220749, 0.5970005285298727, 0.3333333333333335], ""kernels.1.base_kernel.kernels.1"": [0.6931481805599428, 0.6931481805599428, 0.6931481805599428]}","{""kernels.0"": 1.556307948322418e-05, ""kernels.0.base_kernel.kernels.1"": 0.018924515231744002, ""kernels.1"": 0.38007974406981887}",12,3,36,9,9,archive,3,189
403,159.33858250955072,123.86704460129343,0.4992,global,-8.270591116993725,-14.763769749717165,6.49317863272344,0.9194920963053855,1.4131090512290791,global,,,0.13876917968707958,0.006801001237126613,0.008995098427727064,0.00031770740428812996,0.13211921292268225,0.05000382139006028,0.3333333333333335,2.183038022345967,"{""kernels.0.base_kernel.kernels.0"": [0.33332466575204744, 0.33334172899237663, 0.33333456444878345, 0.3333236413464363, 0.33342835857212705, 0.3333333333333335, 0.3333331925596643, 0.33330077948336434, 0.3333306872650303, 0.33334203313617816, 0.3332476980439514, 0.3333333333333335, 0.3333349242175227, 0.3333568778080263, 0.33333009140250597, 0.3333852397307095, 0.3335682862060379, 0.3333333333333335], ""kernels.0.base_kernel.kernels.1.base_kernel"": [0.6931481805599428, 0.6931481805599428, 0.6931481805599428], ""kernels.1.base_kernel.kernels.0"": [0.17793087954633593, 0.20698741601635176, 0.05000382139006028, 0.1678924261596293, 2.183038022345967, 0.3333333333333335, 0.16498681889148972, 0.2012673001260462, 0.05001082325008549, 0.24956446159442916, 0.37094007968711346, 0.3333333333333335, 0.22887167168171976, 0.30758689591030747, 0.07072523290799344, 0.43063422904350973, 0.5966171240081987, 0.3333333333333335], ""kernels.1.base_kernel.kernels.1"": [0.6931481805599428, 0.6931481805599428, 0.6931481805599428]}","{""kernels.0"": 1.5563073286198856e-05, ""kernels.0.base_kernel.kernels.1"": 0.018924510831134632, ""kernels.1"": 0.37741756486362593}",12,3,36,9,9,archive,3,190
404,130.27990443118364,123.86704460129343,0.499,local,-6.319034198317954,-8.102519190122546,1.7834849918045919,0.04491289607388628,0.17679441548946864,archive,488,9,0.024602819587542273,0.006771627222609126,0.008949326600950538,0.00031502764872786814,0.1333327207710713,0.050003821326202465,0.3333333333333335,2.1984847378296686,"{""kernels.0.base_kernel.kernels.0"": [0.33332450542131836, 0.3333425041942506, 0.3333344338265485, 0.33332315678829233, 0.3334239275008922, 0.3333333333333335, 0.33333356724342544, 0.3333007631197775, 0.3333304644249943, 0.3333389189578741, 0.3332386453572407, 0.3333333333333335, 0.33333397120719505, 0.3333571249791246, 0.3333301390448129, 0.33338477941147876, 0.33356517592477797, 0.3333333333333335], ""kernels.0.base_kernel.kernels.1.base_kernel"": [0.6931481805599428, 0.6931481805599428, 0.6931481805599428], ""kernels.1.base_kernel.kernels.0"": [0.1743249740354748, 0.2173519783720447, 0.050003821326202465, 0.168898584878635, 2.1984847378296686, 0.3333333333333335, 0.1601657031032444, 0.20206397767185622, 0.050010832731713986, 0.2531397319363068, 0.36456109722294633, 0.3333333333333335, 0.22744603618590922, 0.30794615502025025, 0.07174283883694368, 0.4429833135056327, 0.5836023304950377, 0.3333333333333335], ""kernels.1.base_kernel.kernels.1"": [0.6931481805599428, 0.6931481805599428, 0.6931481805599428]}","{""kernels.0"": 1.5562888574832503e-05, ""kernels.0.base_kernel.kernels.1"": 0.018924462775581765, ""kernels.1"": 0.3810581366490573}",12,3,36,9,9,archive,2,191
405,123.31432295446896,123.31432295446896,0.5016,global,-6.042163927379335,-14.868700685252355,8.82653675787302,0.9965312137283986,1.4112689738505464,global,,,0.02490128650723512,0.00677228238497897,0.00894734922116042,0.0003152082089459353,0.13341248658035834,0.050003821319204146,0.3333333333333335,2.200936772694343,"{""kernels.0.base_kernel.kernels.0"": [0.3333245136110796, 0.33334244157858994, 0.33333442563647725, 0.3333231176888574, 0.33342402448818687, 0.3333333333333335, 0.3333335981542972, 0.33330082123639665, 0.3333304448747088, 0.33333862860274777, 0.3332380680108163, 0.3333333333333335, 0.3333338903635836, 0.33335716593269926, 0.33333014380027987, 0.33338478284656203, 0.3335648932846137, 0.3333333333333335], ""kernels.0.base_kernel.kernels.1.base_kernel"": [0.6931481805599428, 0.6931481805599428, 0.6931481805599428], ""kernels.1.base_kernel.kernels.0"": [0.1742190452726312, 0.2159212039704678, 0.050003821319204146, 0.1688927991227693, 2.200936772694343, 0.3333333333333335, 0.16018169342282323, 0.20173749544137295, 0.050010833687915784, 0.25323601139878116, 0.3645493579440497, 0.3333333333333335, 0.2272889766023539, 0.30798353182145594, 0.07183646523091741, 0.4436095585828693, 0.5831580537682591, 0.3333333333333335], ""kernels.1.base_kernel.kernels.1"": [0.6931481805599428, 0.6931481805599428, 0.6931481805599428]}","{""kernels.0"": 1.556283981123554e-05, ""kernels.0.base_kernel.kernels.1"": 0.01892445806603574, ""kernels.1"": 0.38129743883522804}",12,3,36,9,9,archive,2,0
406,123.99279886938427,123.31432295446896,0.4998,global,-5.800345368318624,-14.6896341885583,8.889288820239676,0.9921073133324224,1.413055455232671,global,,,0.013662123366859156,0.008452878504902941,0.008967154970838893,0.0003168377643350845,0.13306845502556897,0.050003821303049416,0.3333333333333335,2.209600177161811,"{""kernels.0.base_kernel.kernels.0"": [0.3333245562525089, 0.33334231710418105, 0.33333440316251545, 0.33332305718363053, 0.33342439740184315, 0.3333333333333335, 0.33333369669351687, 0.3333011202798519, 0.33333040396113844, 0.3333377313599206, 0.33323719813989733, 0.3333333333333335, 0.3333337774174127, 0.33335722125621203, 0.3333301766462971, 0.3333846917830477, 0.3335643944442839, 0.3333333333333335], ""kernels.0.base_kernel.kernels.1.base_kernel"": [0.6931481805599428, 0.6931481805599428, 0.6931481805599428], ""kernels.1.base_kernel.kernels.0"": [0.1737678105850205, 0.2143476134258707, 0.050003821303049416, 0.16856953135881225, 2.209600177161811, 0.3333333333333335, 0.1602959215444305, 0.2016235000596992, 0.05001083578619464, 0.2539467764067109, 0.3651379286664044, 0.3333333333333335, 0.2268343733567719, 0.30854010993892506, 0.07201578668642415, 0.44540294687037224, 0.5826976302696691, 0.3333333333333335], ""kernels.1.base_kernel.kernels.1"": [0.6931481805599428, 0.6931481805599428, 0.6931481805599428]}","{""kernels.0"": 1.556271961913332e-05, ""kernels.0.base_kernel.kernels.1"": 0.018924447753249054, ""kernels.1"": 0.3802653546038387}",10,5,30,15,15,archive,3,1
407,130.29480603014363,123.31432295446896,0.5002,local,-6.123755173703244,-13.094478922679677,6.970723748976433,0.09906456683448302,0.7263771783713768,archive,506,40,0.0676303483161992,0.007941669896384472,0.008910326287396929,0.00031304866280665875,0.133069153251615,0.050003821303029994,0.3333333333333335,2.2096066158632692,"{""kernels.0.base_kernel.kernels.0"": [0.333324556306261, 0.333342316963616, 0.33333440313852186, 0.3333230570972752, 0.3334243971403642, 0.3333333333333335, 0.3333336967967335, 0.3333011206100707, 0.3333304039185502, 0.3333377303474498, 0.33323719705092836, 0.3333333333333335, 0.3333337772911307, 0.33335722128058415, 0.3333301766791469, 0.3333846916985524, 0.33356439394932136, 0.3333333333333335], ""kernels.0.base_kernel.kernels.1.base_kernel"": [0.6931481805599428, 0.6931481805599428, 0.6931481805599428], ""kernels.1.base_kernel.kernels.0"": [0.1737674087090334, 0.21434616947308635, 0.050003821303029994, 0.16856910129851, 2.2096066158632692, 0.3333333333333335, 0.16029591092055798, 0.20162296947698705, 0.05001083578865294, 0.25394712936058883, 0.3651377809479348, 0.3333333333333335, 0.22683412999649366, 0.30854002024022176, 0.07201597790446558, 0.4454047542785553, 0.5826968849746319, 0.3333333333333335], ""kernels.1.base_kernel.kernels.1"": [0.6931481805599428, 0.6931481805599428, 0.6931481805599428]}","{""kernels.0"": 1.5562719517719464e-05, ""kernels.0.base_kernel.kernels.1"": 0.01892444774120536, ""kernels.1"": 0.38026744929412193}",10,5,30,15,15,archive,4,2
408,128.05087081916412,123.31432295446896,0.5006,global,-7.188167700569215,-15.938227385884552,8.750059685315337,0.9062037618437794,1.4103911168121366,global,,,0.03526190586173617,0.007925400005354969,0.00888631942175599,0.00031167253567969725,0.13336721281815997,0.05000382129856233,0.3333333333333335,2.213806784739442,"{""kernels.0.base_kernel.kernels.0"": [0.3333245769319014, 0.333342274333607, 0.33333439837262757, 0.3333230344412974, 0.3334244854043565, 0.3333333333333335, 0.33333371499377606, 0.33330120322936935, 0.3333303927102755, 0.3333374497440084, 0.3332369410309403, 0.3333333333333335, 0.3333337512744652, 0.33335719237400585, 0.3333301800878776, 0.33338467223050955, 0.3335642426549268, 0.3333333333333335], ""kernels.0.base_kernel.kernels.1.base_kernel"": [0.6931481805599428, 0.6931481805599428, 0.6931481805599428], ""kernels.1.base_kernel.kernels.0"": [0.17362886794405852, 0.2137616072699383, 0.05000382129856233, 0.1684029879331303, 2.213806784739442, 0.3333333333333335, 0.16019346467768064, 0.20141014216154565, 0.05001083642611059, 0.2539084628484237, 0.3649885822602382, 0.3333333333333335, 0.22675240429896137, 0.3082917052531692, 0.07206286961668881, 0.44580443760437505, 0.5824253824932946, 0.3333333333333335], ""kernels.1.base_kernel.kernels.1"": [0.6931481805599428, 0.6931481805599428, 0.6931481805599428]}","{""kernels.0"": 1.55626948248723e-05, ""kernels.0.base_kernel.kernels.1"": 0.018924444664145775, ""kernels.1"": 0.38116163109550927}",10,5,30,15,15,archive,6,3
409,127.65445186261923,123.31432295446896,0.5002,local,-5.718629649553966,-6.292746624629753,0.5741169750757873,0.021998352732413705,0.15887013537531303,archive,509,0,0.026934196408165616,0.007923705650041912,0.008884866898830788,0.0003118612939416756,0.13336721241634483,0.050003821298562325,0.3333333333333335,2.2138067906259646,"{""kernels.0.base_kernel.kernels.0"": [0.33332457693193007, 0.3333422743335697, 0.33333439837262085, 0.33332303444127886, 0.3334244854044093, 0.3333333333333335, 0.333333714993808, 0.33330120322948603, 0.3333303927102579, 0.3333374497436271, 0.3332369410306434, 0.3333333333333335, 0.33333375127442966, 0.3333571923739673, 0.33333018008788573, 0.33338467223047263, 0.33356424265471357, 0.3333333333333335], ""kernels.0.base_kernel.kernels.1.base_kernel"": [0.6931481805599428, 0.6931481805599428, 0.6931481805599428], ""kernels.1.base_kernel.kernels.0"": [0.1736288678133311, 0.21376160684663445, 0.050003821298562325, 0.16840298788936947, 2.2138067906259646, 0.3333333333333335, 0.16019346461380546, 0.20141014207103988, 0.05001083642611144, 0.2539084630247358, 0.36498858255654537, 0.3333333333333335, 0.22675240432349003, 0.3082917050443847, 0.07206286969640677, 0.4458044381353181, 0.582425382900822, 0.3333333333333335], ""kernels.1.base_kernel.kernels.1"": [0.6931481805599428, 0.6931481805599428, 0.6931481805599428]}","{""kernels.0"": 1.5562694824842584e-05, ""kernels.0.base_kernel.kernels.1"": 0.01892444466414164, ""kernels.1"": 0.381161629890068}",10,5,30,15,15,archive,3,4
410,124.31117136148569,123.31432295446896,0.5004,local,-5.745704993840519,-13.16111408573521,7.415409091894691,0.09412980419660533,0.5116174158623795,archive,418,8,0.015810142193740488,0.007440592245870642,0.008895247757782235,0.00031288883666353564,0.13273889807702943,0.05000382129362447,0.3333333333333335,2.219550698396685,"{""kernels.0.base_kernel.kernels.0"": [0.3333246128689343, 0.3333422350921279, 0.33333439077163735, 0.33332301497835887, 0.333425057101165, 0.3333333333333335, 0.33333373489799795, 0.3333013059912302, 0.33333037409588595, 0.33333702828020534, 0.3332365675246673, 0.3333333333333335, 0.33333370532527196, 0.3333571324655558, 0.3333301837360828, 0.33338462689891446, 0.333563913079267, 0.3333333333333335], ""kernels.0.base_kernel.kernels.1.base_kernel"": [0.6931481805599428, 0.6931481805599428, 0.6931481805599428], ""kernels.1.base_kernel.kernels.0"": [0.1735110757799712, 0.21328401738946448, 0.05000382129362447, 0.168588515453299, 2.219550698396685, 0.3333333333333335, 0.1601278018321507, 0.2013518868613059, 0.050010837404496716, 0.25417887148053575, 0.36537309905485893, 0.3333333333333335, 0.22679220086335442, 0.3080537871497724, 0.07216699156807106, 0.44649844201574357, 0.5828821799999436, 0.3333333333333335], ""kernels.1.base_kernel.kernels.1"": [0.6931481805599428, 0.6931481805599428, 0.6931481805599428]}","{""kernels.0"": 1.5562641700730816e-05, ""kernels.0.base_kernel.kernels.1"": 0.018924439924502365, ""kernels.1"": 0.3792766916648852}",10,5,30,15,15,archive,4,5
411,125.82508640665647,123.31432295446896,0.5004,local,-5.845080760213065,-6.868881689278015,1.02380092906495,0.019851816360917436,0.11950595199159976,archive,509,0,0.015786285377579753,0.006762349616151745,0.008845885360171175,0.0003096470072259009,0.13274000066930045,0.05000382129361282,0.3333333333333335,2.2195611580358574,"{""kernels.0.base_kernel.kernels.0"": [0.33332461293776655, 0.3333422350014846, 0.3333343907547892, 0.3333230149197448, 0.33342505764044, 0.3333333333333335, 0.33333373493864726, 0.33330130618885745, 0.33333037405169963, 0.33333702734711623, 0.33323656659652123, 0.3333333333333335, 0.3333337052330047, 0.3333571323354739, 0.33333018374235235, 0.33338462687252346, 0.3335639123940458, 0.3333333333333335], ""kernels.0.base_kernel.kernels.1.base_kernel"": [0.6931481805599428, 0.6931481805599428, 0.6931481805599428], ""kernels.1.base_kernel.kernels.0"": [0.17351075006710712, 0.21328256395957282, 0.05000382129361282, 0.16858858111330682, 2.2195611580358574, 0.3333333333333335, 0.16012746058502947, 0.20135129586178813, 0.05001083740663443, 0.25417902163900175, 0.36537275446065665, 0.3333333333333335, 0.2267922283392246, 0.30805293084747154, 0.07216719630410781, 0.4465001119852807, 0.5828818063309572, 0.3333333333333335], ""kernels.1.base_kernel.kernels.1"": [0.6931481805599428, 0.6931481805599428, 0.6931481805599428]}","{""kernels.0"": 1.556264162762232e-05, ""kernels.0.base_kernel.kernels.1"": 0.018924439914083827, ""kernels.1"": 0.3792799994521899}",10,5,30,15,15,archive,3,6
412,124.49124047167496,123.31432295446896,0.4992,local,-5.8732278598999,-13.206655107180957,7.333427247281057,0.0913575745657036,0.4861007046283378,archive,418,9,0.013303543864344236,0.006474524599694448,0.008846503854909872,0.0003099500634925395,0.13274000113162834,0.05000382129361281,0.3333333333333335,2.2195611627301526,"{""kernels.0.base_kernel.kernels.0"": [0.33332461293780213, 0.3333422350014459, 0.33333439075478416, 0.33332301491971983, 0.3334250576408859, 0.3333333333333335, 0.33333373493866425, 0.3333013061889482, 0.3333303740516846, 0.3333370273467304, 0.33323656659605017, 0.3333333333333335, 0.33333370523297196, 0.3333571323354202, 0.3333301837423512, 0.33338462687253057, 0.3335639123937503, 0.3333333333333335], ""kernels.0.base_kernel.kernels.1.base_kernel"": [0.6931481805599428, 0.6931481805599428, 0.6931481805599428], ""kernels.1.base_kernel.kernels.0"": [0.1735107499599403, 0.21328256343578897, 0.05000382129361281, 0.16858858113496, 2.2195611627301526, 0.3333333333333335, 0.16012746049206142, 0.20135129558636639, 0.050010837406635256, 0.25417902170930773, 0.36537275440180095, 0.3333333333333335, 0.22679222837629348, 0.30805293031236697, 0.07216719637315812, 0.44650011252837646, 0.5828818062178339, 0.3333333333333335], ""kernels.1.base_kernel.kernels.1"": [0.6931481805599428, 0.6931481805599428, 0.6931481805599428]}","{""kernels.0"": 1.5562641627588596e-05, ""kernels.0.base_kernel.kernels.1"": 0.018924439914079792, ""kernels.1"": 0.3792800008391777}",10,5,30,15,15,archive,5,7
413,126.95900095263116,123.31432295446896,0.4988,local,-5.976511152672977,-13.234896547604654,7.258385394931677,0.0904641112980979,0.5004825841540683,archive,418,10,0.018639491864007124,0.00633099968608823,0.008797103685189307,0.0003067211779010144,0.1327409074399168,0.05000382129360129,0.3333333333333335,2.2195733471547503,"{""kernels.0.base_kernel.kernels.0"": [0.33332461303304417, 0.3333422349294337, 0.33333439074253546, 0.3333230148563653, 0.3334250587230195, 0.3333333333333335, 0.33333373498887775, 0.3333013064190613, 0.33333037401505555, 0.3333370263499548, 0.3332365653620361, 0.3333333333333335, 0.33333370515144395, 0.3333571322000796, 0.33333018373608025, 0.33338462692910825, 0.333563911645762, 0.3333333333333335], ""kernels.0.base_kernel.kernels.1.base_kernel"": [0.6931481805599428, 0.6931481805599428, 0.6931481805599428], ""kernels.1.base_kernel.kernels.0"": [0.1735106496754708, 0.21328120529332703, 0.05000382129360129, 0.16858871705478073, 2.2195733471547503, 0.3333333333333335, 0.16012732731467477, 0.2013505894253123, 0.05001083740880892, 0.2541793816230952, 0.36537252135226933, 0.3333333333333335, 0.22679238789621256, 0.30805164858235523, 0.07216739293621335, 0.44650164031267864, 0.5828816435690575, 0.3333333333333335], ""kernels.1.base_kernel.kernels.1"": [0.6931481805599428, 0.6931481805599428, 0.6931481805599428]}","{""kernels.0"": 1.5562641543290122e-05, ""kernels.0.base_kernel.kernels.1"": 0.01892443990357571, ""kernels.1"": 0.37928271977463135}",10,5,30,15,15,archive,3,8
414,123.2069002742736,123.2069002742736,0.5,global,-6.035320727726944,-14.227744820473141,8.192424092746197,1.1048282836300736,1.4123882357709368,global,,,0.01561652962242074,0.006248114557526192,0.00881159238334064,0.0003080116723362669,0.13274090783769504,0.050003821293601286,0.3333333333333335,2.2195733522521297,"{""kernels.0.base_kernel.kernels.0"": [0.3333246130330814, 0.33334223492937715, 0.3333343907425301, 0.33332301485632987, 0.33342505872375283, 0.3333333333333335, 0.33333373498888647, 0.3333013064191697, 0.33333037401504284, 0.3333370263495922, 0.33323656536167684, 0.3333333333333335, 0.33333370515141647, 0.33335713220002794, 0.33333018373607487, 0.33338462692912774, 0.3335639116454436, 0.3333333333333335], ""kernels.0.base_kernel.kernels.1.base_kernel"": [0.6931481805599428, 0.6931481805599428, 0.6931481805599428], ""kernels.1.base_kernel.kernels.0"": [0.17351064976492836, 0.21328120473557016, 0.050003821293601286, 0.16858871714446658, 2.2195733522521297, 0.3333333333333335, 0.16012732717998956, 0.20135058902843736, 0.05001083740880974, 0.2541793817986885, 0.36537252085986655, 0.3333333333333335, 0.22679238799378115, 0.3080516480701761, 0.07216739300498128, 0.44650164098727524, 0.5828816432178828, 0.3333333333333335], ""kernels.1.base_kernel.kernels.1"": [0.6931481805599428, 0.6931481805599428, 0.6931481805599428]}","{""kernels.0"": 1.55626415432431e-05, ""kernels.0.base_kernel.kernels.1"": 0.018924439903571795, ""kernels.1"": 0.3792827209679701}",10,5,30,15,15,archive,5,0
415,128.51964790859662,123.2069002742736,0.5004,local,-6.3188728181494564,-10.27543856834387,3.9565657501944127,0.041597043294903324,0.31930293625005357,archive,488,14,0.03211112678715397,0.00765771849504343,0.008766689847920376,0.00030508223377333097,0.13305480809714001,0.05000382128901899,0.3333333333333335,2.22480161316049,"{""kernels.0.base_kernel.kernels.0"": [0.3333246505208096, 0.3333421827314191, 0.33333438599891735, 0.33332297215796103, 0.3334259324075261, 0.3333333333333335, 0.33333373902496904, 0.333301426779937, 0.33333036333741645, 0.3333366993472369, 0.33323641530104725, 0.3333333333333335, 0.3333336784572594, 0.33335708362793853, 0.33333017262904946, 0.33338463059065643, 0.33356352866374145, 0.3333333333333335], ""kernels.0.base_kernel.kernels.1.base_kernel"": [0.6931481805599428, 0.6931481805599428, 0.6931481805599428], ""kernels.1.base_kernel.kernels.0"": [0.17362117169910385, 0.21289246107078186, 0.05000382128901899, 0.16869081519353785, 2.22480161316049, 0.3333333333333335, 0.16002349087299866, 0.20100913316550986, 0.050010838115898924, 0.25431015286171627, 0.36527983631677174, 0.3333333333333335, 0.22682153817020348, 0.30768882451700685, 0.07223070800950114, 0.44711177711565886, 0.582633937620168, 0.3333333333333335], ""kernels.1.base_kernel.kernels.1"": [0.6931481805599428, 0.6931481805599428, 0.6931481805599428]}","{""kernels.0"": 1.5562589248315968e-05, ""kernels.0.base_kernel.kernels.1"": 0.01892443651869392, ""kernels.1"": 0.38022442518347777}",10,5,30,15,15,archive,3,1
416,124.50352160018723,123.2069002742736,0.4994,global,-6.038315376264007,-16.141724931381432,10.103409555117425,0.9571564471380063,1.405028595214362,global,,,0.010852635477063482,0.007647964291603923,0.00876348445108112,0.0003051556643846709,0.1331388157916599,0.05000382123490024,0.3333333333333335,2.288432301918636,"{""kernels.0.base_kernel.kernels.0"": [0.3333251413763668, 0.3333415825093839, 0.3333343143168622, 0.3333224175790438, 0.33343644868394806, 0.3333333333333335, 0.3333338291401361, 0.3333030417429915, 0.33333017259418957, 0.333332506945592, 0.33323494670595477, 0.3333333333333335, 0.33333336138268094, 0.3333565682210387, 0.3333300153993093, 0.3333847304997686, 0.33355891567122475, 0.3333333333333335], ""kernels.0.base_kernel.kernels.1.base_kernel"": [0.6931481805599428, 0.6931481805599428, 0.6931481805599428], ""kernels.1.base_kernel.kernels.0"": [0.1752440387594287, 0.20973369050225665, 0.05000382123490024, 0.17019551986678103, 2.288432301918636, 0.3333333333333335, 0.15935693346288393, 0.19890286743348157, 0.0500108475043961, 0.2567533600473594, 0.3682101100193812, 0.3333333333333335, 0.2272039910662241, 0.3050364289435562, 0.07318963578028025, 0.45446998239274383, 0.580921809813198, 0.3333333333333335], ""kernels.1.base_kernel.kernels.1"": [0.6931481805599428, 0.6931481805599428, 0.6931481805599428]}","{""kernels.0"": 1.556194089108883e-05, ""kernels.0.base_kernel.kernels.1"": 0.01892439177639016, ""kernels.1"": 0.3804764936576985}",10,5,30,15,15,archive,5,2
417,130.95125214986217,123.2069002742736,0.498,local,-7.3896782244187005,-13.530637897680737,6.140959673262037,0.10305887918541619,0.43305530681672927,archive,313,10,0.029005216714556713,0.007062600756022945,0.008717527954269232,0.0003021868518776481,0.13313883616036126,0.05000382123488855,0.3333333333333335,2.288430722389435,"{""kernels.0.base_kernel.kernels.0"": [0.33332514144996084, 0.33334158246424134, 0.3333343143040285, 0.33332241744409113, 0.333436446119804, 0.3333333333333335, 0.33333382918748494, 0.33330304212558975, 0.33333017254286185, 0.3333325061237188, 0.3332349464266859, 0.3333333333333335, 0.3333333613280578, 0.3333565681679163, 0.3333300153698002, 0.33338473056944856, 0.3335589152390928, 0.3333333333333335], ""kernels.0.base_kernel.kernels.1.base_kernel"": [0.6931481805599428, 0.6931481805599428, 0.6931481805599428], ""kernels.1.base_kernel.kernels.0"": [0.1752439510275189, 0.20973460290743148, 0.05000382123488855, 0.1701951457597718, 2.288430722389435, 0.3333333333333335, 0.1593568287538979, 0.19890427954625461, 0.050010847506444876, 0.2567527695357741, 0.3682109252431868, 0.3333333333333335, 0.227203869440894, 0.30503659605326605, 0.0731898422719531, 0.4544704762337041, 0.580922091051648, 0.3333333333333335], ""kernels.1.base_kernel.kernels.1"": [0.6931481805599428, 0.6931481805599428, 0.6931481805599428]}","{""kernels.0"": 1.556194095876046e-05, ""kernels.0.base_kernel.kernels.1"": 0.01892439176667376, ""kernels.1"": 0.38047655477345127}",10,5,30,15,15,archive,5,3
418,125.33578967801077,123.2069002742736,0.499,local,-5.91647288833026,-6.6479529358689105,0.7314800475386507,0.010184375257285452,0.09191011673763785,archive,518,0,0.012946171150196046,0.007051782881949539,0.008701179985406555,0.0003013705376398465,0.13313888696229595,0.0500038212348847,0.3333333333333335,2.2884303863764828,"{""kernels.0.base_kernel.kernels.0"": [0.33332514147465436, 0.3333415824504459, 0.3333343142997749, 0.3333224173969016, 0.3334364452512817, 0.3333333333333335, 0.33333382920500754, 0.3333030422462595, 0.33333017252433406, 0.3333325058516189, 0.3332349463753435, 0.3333333333333335, 0.3333333613084783, 0.33335656813644443, 0.3333300153611688, 0.33338473059424006, 0.33355891507132995, 0.3333333333333335], ""kernels.0.base_kernel.kernels.1.base_kernel"": [0.6931481805599428, 0.6931481805599428, 0.6931481805599428], ""kernels.1.base_kernel.kernels.0"": [0.1752439295361486, 0.20973499925365122, 0.0500038212348847, 0.17019497687298257, 2.2884303863764828, 0.3333333333333335, 0.15935679512555745, 0.19890472707776827, 0.05001084750713342, 0.2567525561047888, 0.36821122970266135, 0.3333333333333335, 0.2272037912488612, 0.30503657405330176, 0.0731899066974048, 0.45447059244918825, 0.5809219986822, 0.3333333333333335], ""kernels.1.base_kernel.kernels.1"": [0.6931481805599428, 0.6931481805599428, 0.6931481805599428]}","{""kernels.0"": 1.556194098152948e-05, ""kernels.0.base_kernel.kernels.1"": 0.01892439176342837, ""kernels.1"": 0.38047670718247795}",10,5,30,15,15,archive,5,4
419,126.02231944398116,123.2069002742736,0.4988,global,-6.207691907190605,-15.287690772084977,9.079998864894371,0.815745370399157,1.407739760129266,global,,,0.013316502958978117,0.006377982697643802,0.008717013651226744,0.00030272317091630674,0.13313888692581555,0.05000382123488469,0.3333333333333335,2.2884303846165177,"{""kernels.0.base_kernel.kernels.0"": [0.3333251414746776, 0.3333415824504382, 0.3333343142997712, 0.33332241739685814, 0.3334364452500408, 0.3333333333333335, 0.3333338292050125, 0.33330304224637775, 0.33333017252431024, 0.33333250585134844, 0.3332349463752468, 0.3333333333333335, 0.3333333613084583, 0.33335656813641645, 0.3333300153611543, 0.3333847305942823, 0.3335589150712581, 0.3333333333333335], ""kernels.0.base_kernel.kernels.1.base_kernel"": [0.6931481805599428, 0.6931481805599428, 0.6931481805599428], ""kernels.1.base_kernel.kernels.0"": [0.17524392952358916, 0.20973499972540385, 0.05000382123488469, 0.1701949767243381, 2.2884303846165177, 0.3333333333333335, 0.15935679514702916, 0.19890472752034746, 0.05001084750713421, 0.25675255615811554, 0.3682112301469388, 0.3333333333333335, 0.22720379120488265, 0.30503657401266004, 0.07318990677362029, 0.4544705925651363, 0.5809219984895523, 0.3333333333333335], ""kernels.1.base_kernel.kernels.1"": [0.6931481805599428, 0.6931481805599428, 0.6931481805599428]}","{""kernels.0"": 1.5561940981565473e-05, ""kernels.0.base_kernel.kernels.1"": 0.0189243917634247, ""kernels.1"": 0.3804767070730404}",10,5,30,15,15,archive,5,5
420,139.6506899725067,123.2069002742736,0.4994,global,-8.691409866474624,-16.916069268392523,8.224659401917899,0.9600731849405691,1.4130212265581825,global,,,0.058368934242679374,0.006143183516283168,0.008736509663866061,0.00030434612499749964,0.13313888682777722,0.05000382123488469,0.3333333333333335,2.28843038372181,"{""kernels.0.base_kernel.kernels.0"": [0.33332514147471215, 0.3333415824504161, 0.33333431429976895, 0.3333224173967786, 0.33343644524910093, 0.3333333333333335, 0.3333338292050139, 0.33330304224654783, 0.33333017252429564, 0.33333250585105784, 0.3332349463751383, 0.3333333333333335, 0.33333336130843655, 0.3333565681364059, 0.333330015361142, 0.33338473059433804, 0.33355891507113855, 0.3333333333333335], ""kernels.0.base_kernel.kernels.1.base_kernel"": [0.6931481805599428, 0.6931481805599428, 0.6931481805599428], ""kernels.1.base_kernel.kernels.0"": [0.17524392956978857, 0.2097350001451764, 0.05000382123488469, 0.17019497672912898, 2.28843038372181, 0.3333333333333335, 0.15935679515494117, 0.19890472781424592, 0.050010847507134984, 0.2567525562773848, 0.3682112304531704, 0.3333333333333335, 0.22720379112817057, 0.3050365738417756, 0.07318990685598512, 0.4544705925119666, 0.5809219981744372, 0.3333333333333335], ""kernels.1.base_kernel.kernels.1"": [0.6931481805599428, 0.6931481805599428, 0.6931481805599428]}","{""kernels.0"": 1.5561940981588858e-05, ""kernels.0.base_kernel.kernels.1"": 0.01892439176342107, ""kernels.1"": 0.38047670677892903}",10,5,30,15,15,archive,6,6
421,159.05385239556313,123.2069002742736,0.499,global,-8.548755041580101,-13.790747995399416,5.241992953819315,0.8133013324498867,1.4095904382458189,global,,,0.11196718193264693,0.006145574543224884,0.008741577310246357,0.00030511250106205883,0.13413997509969564,0.05000382121251875,0.3333333333333335,2.2879526183523833,"{""kernels.0.base_kernel.kernels.0"": [0.33332540295673946, 0.3333414260310997, 0.33333429711223106, 0.3333217552734807, 0.33342704634145315, 0.3333333333333335, 0.33333388195833064, 0.3333044113891156, 0.3333300422570149, 0.33333025713470754, 0.33323412838010047, 0.3333333333333335, 0.33333315671536423, 0.33335650652699306, 0.3333299169826971, 0.33338513339216225, 0.33355791544609814, 0.3333333333333335], ""kernels.0.base_kernel.kernels.1.base_kernel"": [0.6931481805599428, 0.6931481805599428, 0.6931481805599428], ""kernels.1.base_kernel.kernels.0"": [0.17531880649560705, 0.21224077347101378, 0.05000382121251875, 0.17016397172057587, 2.2879526183523833, 0.3333333333333335, 0.15985572866626244, 0.20064276346277848, 0.050010853922972644, 0.2590647779052673, 0.3677782911703202, 0.3333333333333335, 0.22691098856344177, 0.30386739040622385, 0.07381703949214716, 0.4539070903946648, 0.5789912396422279, 0.3333333333333335], ""kernels.1.base_kernel.kernels.1"": [0.6931481805599428, 0.6931481805599428, 0.6931481805599428]}","{""kernels.0"": 1.5562214087970565e-05, ""kernels.0.base_kernel.kernels.1"": 0.018924361831298954, ""kernels.1"": 0.3834800012537}",10,5,30,15,15,archive,5,7
422,128.55403047568473,123.2069002742736,0.4978,global,-6.328383724973274,-25.939901141730935,19.61151741675766,0.9952164910947976,1.4120997669077686,global,,,0.010533658714937444,0.00614640182699751,0.008746229319284933,0.00030597882038082153,0.13413993724459117,0.05000382121251865,0.3333333333333335,2.2879526594824835,"{""kernels.0.base_kernel.kernels.0"": [0.33332540295821866, 0.33334142603064026, 0.3333342971121596, 0.33332175527082825, 0.333427046311909, 0.3333333333333335, 0.3333338819587182, 0.33330441139563355, 0.33333004225648444, 0.3333302571247097, 0.3332341283773768, 0.3333333333333335, 0.3333331567142113, 0.3333565065274927, 0.3333299169822583, 0.333385133393723, 0.33355791543795094, 0.3333333333333335], ""kernels.0.base_kernel.kernels.1.base_kernel"": [0.6931481805599428, 0.6931481805599428, 0.6931481805599428], ""kernels.1.base_kernel.kernels.0"": [0.1753188108860668, 0.21224079370154494, 0.05000382121251865, 0.17016397910399805, 2.2879526594824835, 0.3333333333333335, 0.1598557320300451, 0.20064275730881004, 0.05001085392300723, 0.25906478949771017, 0.3677782889124764, 0.3333333333333335, 0.22691099440686968, 0.30386739904735033, 0.07381704244891583, 0.453907098574251, 0.5789912440133919, 0.3333333333333335], ""kernels.1.base_kernel.kernels.1"": [0.6931481805599428, 0.6931481805599428, 0.6931481805599428]}","{""kernels.0"": 1.5562214088581686e-05, ""kernels.0.base_kernel.kernels.1"": 0.018924361831141445, ""kernels.1"": 0.38347988768854346}",10,5,30,15,15,archive,5,8
423,320.8249305418394,123.2069002742736,0.499,global,-10.022539515509687,-14.620734477721555,4.598194962211869,0.9310516388956087,1.411753446259758,global,,,0.25193475280733557,0.006260114527811333,0.009193680214655938,0.0003385683045890466,0.1341399356491485,0.05000382121251865,0.3333333333333335,2.2879526633429927,"{""kernels.0.base_kernel.kernels.0"": [0.3333254029582946, 0.3333414260305682, 0.33333429711215906, 0.3333217552706709, 0.33342704631123515, 0.3333333333333335, 0.3333338819587999, 0.33330441139583, 0.33333004225646273, 0.33333025712395514, 0.3332341283776531, 0.3333333333333335, 0.33333315671416913, 0.33335650652756554, 0.3333299169822443, 0.3333851333938457, 0.33355791543740154, 0.3333333333333335], ""kernels.0.base_kernel.kernels.1.base_kernel"": [0.6931481805599428, 0.6931481805599428, 0.6931481805599428], ""kernels.1.base_kernel.kernels.0"": [0.1753188115245642, 0.2122407936722764, 0.05000382121251865, 0.17016397781175452, 2.2879526633429927, 0.3333333333333335, 0.15985573310480922, 0.20064275574682405, 0.05001085392300895, 0.25906478873924477, 0.3677782921168849, 0.3333333333333335, 0.2269109949395028, 0.30386740074517504, 0.07381704260917411, 0.45390709889732006, 0.5789912466770708, 0.3333333333333335], ""kernels.1.base_kernel.kernels.1"": [0.6931481805599428, 0.6931481805599428, 0.6931481805599428]}","{""kernels.0"": 1.5562214088551084e-05, ""kernels.0.base_kernel.kernels.1"": 0.018924361831133496, ""kernels.1"": 0.38347988290222346}",10,5,30,15,15,archive,5,9
424,126.63164373416691,123.2069002742736,0.4988,global,-7.180472827808357,-15.40551367854019,8.225040850731833,1.194042664704241,1.4129543723599784,global,,,0.029001656696545915,0.006268693389173925,0.00923844195241144,0.00034173823225346246,0.13280788377340827,0.05000382121100996,0.3333333333333335,2.289596278172107,"{""kernels.0.base_kernel.kernels.0"": [0.3333254343400385, 0.33334141465171135, 0.33333429818473576, 0.3333216963404674, 0.3334266839758471, 0.3333333333333335, 0.3333339298950652, 0.3333045134712682, 0.33333003369012726, 0.33332997095785005, 0.3332342882608819, 0.3333333333333335, 0.3333331413717743, 0.3333565499191642, 0.33332991624096164, 0.3333851824360671, 0.3335577257236453, 0.3333333333333335], ""kernels.0.base_kernel.kernels.1.base_kernel"": [0.6931481805599428, 0.6931481805599428, 0.6931481805599428], ""kernels.1.base_kernel.kernels.0"": [0.17559715968645384, 0.21249274225180997, 0.05000382121100996, 0.1696962341122582, 2.289596278172107, 0.3333333333333335, 0.16045116217980407, 0.20006835666852124, 0.05001085464378289, 0.25869138190625485, 0.36969737999437696, 0.3333333333333335, 0.2271636362642525, 0.3048188428520422, 0.0739008985445497, 0.4540361560676995, 0.5802363014998836, 0.3333333333333335], ""kernels.1.base_kernel.kernels.1"": [0.6931481805599428, 0.6931481805599428, 0.6931481805599428]}","{""kernels.0"": 1.5562199537469217e-05, ""kernels.0.base_kernel.kernels.1"": 0.018924358493040135, ""kernels.1"": 0.3794837306276472}",10,5,30,15,15,archive,7,10
425,132.29780083516158,123.2069002742736,0.5,global,-6.483361667680298,-20.606473482716652,14.123111815036353,0.8657357078543986,1.4140286398807655,global,,,0.049600573683417186,0.006250377549710613,0.009185636156821221,0.00033810458954928595,0.13378512696048614,0.05000382120821532,0.3333333333333335,2.290959242478447,"{""kernels.0.base_kernel.kernels.0"": [0.3333254709388978, 0.3333413771099032, 0.33333430005161585, 0.33332160148732337, 0.33342591409851313, 0.3333333333333335, 0.3333339820939681, 0.33330463547063527, 0.3333300233955237, 0.3333295468443461, 0.3332343095158723, 0.3333333333333335, 0.333333119761532, 0.3333565878358833, 0.33332991237783643, 0.3333852935838467, 0.33355741499710156, 0.3333333333333335], ""kernels.0.base_kernel.kernels.1.base_kernel"": [0.6931481805599428, 0.6931481805599428, 0.6931481805599428], ""kernels.1.base_kernel.kernels.0"": [0.17582033667901675, 0.21215147684419927, 0.05000382120821532, 0.16875909236959233, 2.290959242478447, 0.3333333333333335, 0.1607510374175697, 0.1988875953956803, 0.05001085564124042, 0.25735694964752276, 0.37001335524040674, 0.3333333333333335, 0.2273684305531482, 0.30534138968979424, 0.07399435306803714, 0.45417675658530454, 0.5800673632585848, 0.3333333333333335], ""kernels.1.base_kernel.kernels.1"": [0.6931481805599428, 0.6931481805599428, 0.6931481805599428]}","{""kernels.0"": 1.556220617505018e-05, ""kernels.0.base_kernel.kernels.1"": 0.01892435378987899, ""kernels.1"": 0.3824154648854044}",10,5,30,15,15,archive,5,11
426,123.81388553502946,123.2069002742736,0.5004,local,-5.89031483794395,-15.211893602920187,9.321578764976238,0.14849221050890526,0.4014277273062025,archive,358,19,0.01819638627432909,0.006246121224915311,0.009179160009709149,0.0003380008020995709,0.13378503687109766,0.050003821208215254,0.3333333333333335,2.290959378127498,"{""kernels.0.base_kernel.kernels.0"": [0.33332547094142717, 0.333341377107845, 0.33333430005177267, 0.3333216014825665, 0.33342591406557204, 0.3333333333333335, 0.3333339820974054, 0.3333046354799436, 0.33333002339501255, 0.3333295468204734, 0.33323430952300065, 0.3333333333333335, 0.3333331197607634, 0.33335658783907407, 0.33332991237769305, 0.3333852935909764, 0.3335574149815956, 0.3333333333333335], ""kernels.0.base_kernel.kernels.1.base_kernel"": [0.6931481805599428, 0.6931481805599428, 0.6931481805599428], ""kernels.1.base_kernel.kernels.0"": [0.1758203591602917, 0.21215148298945985, 0.050003821208215254, 0.16875906046745226, 2.290959378127498, 0.3333333333333335, 0.1607510637678385, 0.19888757858410844, 0.05001085564130186, 0.25735691487001344, 0.3700134546589193, 0.3333333333333335, 0.22736845894320584, 0.305341451317358, 0.07399436078413713, 0.4541767909947812, 0.5800674404688354, 0.3333333333333335], ""kernels.1.base_kernel.kernels.1"": [0.6931481805599428, 0.6931481805599428, 0.6931481805599428]}","{""kernels.0"": 1.5562206174292907e-05, ""kernels.0.base_kernel.kernels.1"": 0.01892435378959546, ""kernels.1"": 0.3824151946175232}",10,5,30,15,15,archive,5,12
427,124.67893360157943,123.2069002742736,0.502,global,-6.16003470261001,-14.861361627231489,8.70132692462148,0.9557443035080841,1.412279375521387,global,,,0.011464268633381479,0.006222562522375655,0.00915384402319354,0.00033639733797435054,0.13280016356730637,0.050003821207299064,0.3333333333333335,2.2928299441233038,"{""kernels.0.base_kernel.kernels.0"": [0.33332551500006785, 0.33334133964768653, 0.3333343021349957, 0.3333215416835532, 0.3334262799381853, 0.3333333333333335, 0.3333340099181127, 0.3333047641181757, 0.3333300238024314, 0.3333292335958453, 0.3332344007633625, 0.3333333333333335, 0.33333311519491754, 0.33335662236470753, 0.33332990839109705, 0.33338536773349214, 0.33355720274958733, 0.3333333333333335], ""kernels.0.base_kernel.kernels.1.base_kernel"": [0.6931481805599428, 0.6931481805599428, 0.6931481805599428], ""kernels.1.base_kernel.kernels.0"": [0.1763348611761953, 0.21233994266613368, 0.050003821207299064, 0.16839209396253246, 2.2928299441233038, 0.3333333333333335, 0.16098577525791619, 0.19876327291016924, 0.05001085631591843, 0.25690051497377275, 0.37097256932384925, 0.3333333333333335, 0.22768131594395216, 0.3060312711167656, 0.07407057423421973, 0.4545018010494442, 0.5808591097579876, 0.3333333333333335], ""kernels.1.base_kernel.kernels.1"": [0.6931481805599428, 0.6931481805599428, 0.6931481805599428]}","{""kernels.0"": 1.556217264678907e-05, ""kernels.0.base_kernel.kernels.1"": 0.01892435067382412, ""kernels.1"": 0.3794605778554482}",10,5,30,15,15,archive,5,13
428,126.3697394767594,123.2069002742736,0.5016,global,-6.188484415812798,-15.064519541344692,8.876035125531894,0.9127742009025437,1.4099537737144343,global,,,0.012172868502718915,0.006202666646978628,0.009121999773339474,0.0003343158141956908,0.13280109133035475,0.050003821207295907,0.3333333333333335,2.2928335649839218,"{""kernels.0.base_kernel.kernels.0"": [0.33332551508011277, 0.3333413395679966, 0.3333343021398654, 0.33332154156204513, 0.33342628079819847, 0.3333333333333335, 0.3333340099477613, 0.33330476436677353, 0.3333300238050644, 0.3333292329523419, 0.3332344007678924, 0.3333333333333335, 0.3333331151787338, 0.3333566224203269, 0.3333299083742008, 0.333385367858862, 0.33355720231272645, 0.3333333333333335], ""kernels.0.base_kernel.kernels.1.base_kernel"": [0.6931481805599428, 0.6931481805599428, 0.6931481805599428], ""kernels.1.base_kernel.kernels.0"": [0.1763357518873305, 0.2123396502957588, 0.050003821207295907, 0.1683910845985831, 2.2928335649839218, 0.3333333333333335, 0.16098578491370896, 0.1987623553293899, 0.05001085631718747, 0.2568990998816093, 0.37097222283640074, 0.3333333333333335, 0.2276816181641312, 0.3060320633086618, 0.07407067835030659, 0.45450199595390295, 0.5808588798845197, 0.3333333333333335], ""kernels.1.base_kernel.kernels.1"": [0.6931481805599428, 0.6931481805599428, 0.6931481805599428]}","{""kernels.0"": 1.5562172594411976e-05, ""kernels.0.base_kernel.kernels.1"": 0.018924350667915917, ""kernels.1"": 0.37946336115055396}",10,5,30,15,15,archive,5,14
429,125.11087421823369,123.2069002742736,0.5008,local,-6.183371604068074,-13.687338979764302,7.503967375696228,0.12060935528350379,0.533611216529733,archive,418,14,0.020173961688708678,0.0062396006641047075,0.00920392993669781,0.00034067505781842515,0.13280109218934982,0.050003821207295907,0.3333333333333335,2.292833568151459,"{""kernels.0.base_kernel.kernels.0"": [0.3333255150801981, 0.33334133956795925, 0.33333430213986337, 0.33332154156191857, 0.3334262807989217, 0.3333333333333335, 0.33333400994782314, 0.33330476436698175, 0.3333300238050579, 0.3333292329517807, 0.33323440076792565, 0.3333333333333335, 0.3333331151787433, 0.3333566224203894, 0.33332990837417076, 0.33338536785901196, 0.3335572023124468, 0.3333333333333335], ""kernels.0.base_kernel.kernels.1.base_kernel"": [0.6931481805599428, 0.6931481805599428, 0.6931481805599428], ""kernels.1.base_kernel.kernels.0"": [0.17633575325084141, 0.21233964968016322, 0.050003821207295907, 0.16839108362987598, 2.292833568151459, 0.3333333333333335, 0.16098578492279692, 0.19876235418674912, 0.050010856317188726, 0.2568990986711004, 0.3709722226411801, 0.3333333333333335, 0.22768161854373495, 0.30603206416018236, 0.07407067847096738, 0.4545019962138688, 0.5808588807119565, 0.3333333333333335], ""kernels.1.base_kernel.kernels.1"": [0.6931481805599428, 0.6931481805599428, 0.6931481805599428]}","{""kernels.0"": 1.5562172594367554e-05, ""kernels.0.base_kernel.kernels.1"": 0.01892435066791003, ""kernels.1"": 0.3794633637275451}",10,5,30,15,15,archive,3,15
430,176.84768761180072,123.2069002742736,0.4998,global,-8.888116420816562,-14.756830194483452,5.86871377366689,0.9743611038160691,1.4139684368258656,global,,,0.12266606751910096,0.006212692701118249,0.009142045074127336,0.0003363546383260273,0.13337606451724004,0.05000382120378438,0.3333333333333335,2.296132280253847,"{""kernels.0.base_kernel.kernels.0"": [0.3333256038600841, 0.3333413015331477, 0.33333429965948774, 0.33332140551256506, 0.33342693910527366, 0.3333333333333335, 0.3333340820575217, 0.33330498105856415, 0.3333300166997807, 0.3333286760451022, 0.33323446073620006, 0.3333333333333335, 0.33333314561748134, 0.33335669051502576, 0.33332987720711443, 0.33338554289291106, 0.3335570620907079, 0.3333333333333335], ""kernels.0.base_kernel.kernels.1.base_kernel"": [0.6931481805599428, 0.6931481805599428, 0.6931481805599428], ""kernels.1.base_kernel.kernels.0"": [0.17778078562303046, 0.21172821234283315, 0.05000382120378438, 0.1673410935694709, 2.296132280253847, 0.3333333333333335, 0.16114630464630994, 0.1975549228015177, 0.05001085763570627, 0.2559794758322858, 0.3709049656346946, 0.3333333333333335, 0.22850562262458787, 0.3070066201585748, 0.07420074268774234, 0.4550499820375785, 0.5829724838318321, 0.3333333333333335], ""kernels.1.base_kernel.kernels.1"": [0.6931481805599428, 0.6931481805599428, 0.6931481805599428]}","{""kernels.0"": 1.5562124625325028e-05, ""kernels.0.base_kernel.kernels.1"": 0.01892434453105884, ""kernels.1"": 0.38118828689603595}",10,5,30,15,15,archive,5,16
431,129.06753084167835,123.2069002742736,0.5,global,-6.35767312648925,-15.165468545112592,8.807795418623343,1.144004009377155,1.4140225002759415,global,,,0.01857968468063322,0.006216482774703365,0.00917081187309494,0.0003391332076960869,0.13263831182919053,0.05000382120191359,0.3333333333333335,2.298443714502126,"{""kernels.0.base_kernel.kernels.0"": [0.3333256647382328, 0.3333413108375796, 0.3333342972667676, 0.3333213223041338, 0.33342723614241526, 0.3333333333333335, 0.33333413762016517, 0.333305147465169, 0.33333000766099435, 0.33332830891041587, 0.3332345247823879, 0.3333333333333335, 0.3333331902800834, 0.3333567503354205, 0.33332985593922915, 0.3333857143962299, 0.33355702404527066, 0.3333333333333335], ""kernels.0.base_kernel.kernels.1.base_kernel"": [0.6931481805599428, 0.6931481805599428, 0.6931481805599428], ""kernels.1.base_kernel.kernels.0"": [0.17877992748780994, 0.2116644040607285, 0.05000382120191359, 0.16688061130549242, 2.298443714502126, 0.3333333333333335, 0.16133539943395342, 0.19736815113106293, 0.05001085857141308, 0.2558553595502542, 0.3714775497636841, 0.3333333333333335, 0.22917623777035487, 0.3078768528032487, 0.07431220470749832, 0.4556194256613741, 0.5848108549119791, 0.3333333333333335], ""kernels.1.base_kernel.kernels.1"": [0.6931481805599428, 0.6931481805599428, 0.6931481805599428]}","{""kernels.0"": 1.5562094207019814e-05, ""kernels.0.base_kernel.kernels.1"": 0.018924340239797235, ""kernels.1"": 0.3789750331535673}",10,5,30,15,15,archive,5,17
432,156.39616197043898,123.2069002742736,0.499,global,-7.20136230046105,-14.150162150862496,6.948799850401445,0.8923359220090171,1.4101713383232317,global,,,0.09066917089113562,0.006090866670193259,0.009278970398896986,0.00034756233717211856,0.13263831296014716,0.05000382120191358,0.3333333333333335,2.2984437144012615,"{""kernels.0.base_kernel.kernels.0"": [0.33332566473827663, 0.3333413108375898, 0.3333342972667649, 0.33332132230404454, 0.3334272361398801, 0.3333333333333335, 0.33333413762028924, 0.3333051474652399, 0.3333300076609612, 0.3333283089102055, 0.33323452478160287, 0.3333333333333335, 0.333333190280102, 0.33335675033543183, 0.33332985593926334, 0.33338571439624626, 0.3335570240458843, 0.3333333333333335], ""kernels.0.base_kernel.kernels.1.base_kernel"": [0.6931481805599428, 0.6931481805599428, 0.6931481805599428], ""kernels.1.base_kernel.kernels.0"": [0.17877992772265947, 0.21166440362327682, 0.05000382120191358, 0.16688061054808834, 2.2984437144012615, 0.3333333333333335, 0.16133539947222858, 0.1973681506348529, 0.05001085857141437, 0.2558553592440752, 0.3714775481718547, 0.3333333333333335, 0.22917623852852126, 0.30787685357272976, 0.07431220482074798, 0.4556194258304914, 0.5848108556241064, 0.3333333333333335], ""kernels.1.base_kernel.kernels.1"": [0.6931481805599428, 0.6931481805599428, 0.6931481805599428]}","{""kernels.0"": 1.5562094207130884e-05, ""kernels.0.base_kernel.kernels.1"": 0.018924340239791344, ""kernels.1"": 0.378975036546443}",10,5,30,15,15,archive,5,18
433,125.87124657601613,123.2069002742736,0.4986,local,-6.264184352541459,-13.637362501871518,7.373178149330059,0.09444676276769366,0.5588281890289987,archive,418,14,0.01370885344809629,0.006092671169254751,0.009286649855162499,0.0003487342590918541,0.13263831496464001,0.05000382120191357,0.3333333333333335,2.2984437123276344,"{""kernels.0.base_kernel.kernels.0"": [0.3333256647383791, 0.333341310837726, 0.33333429726676206, 0.3333213223038499, 0.33342723613148634, 0.3333333333333335, 0.33333413762056885, 0.3333051474655742, 0.3333300076609362, 0.3333283089097727, 0.33323452478021287, 0.3333333333333335, 0.3333331902801653, 0.33335675033547923, 0.33332985593934217, 0.33338571439643, 0.3335570240475077, 0.3333333333333335], ""kernels.0.base_kernel.kernels.1.base_kernel"": [0.6931481805599428, 0.6931481805599428, 0.6931481805599428], ""kernels.1.base_kernel.kernels.0"": [0.17877992802650283, 0.21166440176632012, 0.05000382120191357, 0.16688060871749413, 2.2984437123276344, 0.3333333333333335, 0.16133539900463223, 0.19736815060776833, 0.05001085857141699, 0.2558553585771934, 0.3714775461589666, 0.3333333333333335, 0.22917624007292686, 0.30787685533365716, 0.07431220503298273, 0.4556194261441284, 0.5848108575822767, 0.3333333333333335], ""kernels.1.base_kernel.kernels.1"": [0.6931481805599428, 0.6931481805599428, 0.6931481805599428]}","{""kernels.0"": 1.556209420744055e-05, ""kernels.0.base_kernel.kernels.1"": 0.018924340239779507, ""kernels.1"": 0.3789750425599331}",10,5,30,15,15,archive,4,19
434,123.40976410857039,123.2069002742736,0.4998,local,-6.4616264587098655,-13.628944962229092,7.167318503519226,0.09806988095889682,0.4661696730818018,archive,418,14,0.018616936265329023,0.006044365812068361,0.009278231628620097,0.00034838915189122714,0.1330807302563156,0.0500038212001406,0.3333333333333335,2.298107006253329,"{""kernels.0.base_kernel.kernels.0"": [0.3333256965000344, 0.33334135222822286, 0.3333342974591259, 0.33332125916838184, 0.3334251519265803, 0.3333333333333335, 0.33333420018387033, 0.3333052602603027, 0.3333300015004763, 0.33332819533686164, 0.3332341445374692, 0.3333333333333335, 0.33333321780795067, 0.33335676015562105, 0.3333298707618115, 0.3333857665724926, 0.3335574594200271, 0.3333333333333335], ""kernels.0.base_kernel.kernels.1.base_kernel"": [0.6931481805599428, 0.6931481805599428, 0.6931481805599428], ""kernels.1.base_kernel.kernels.0"": [0.1788794236624004, 0.2113597369982903, 0.0500038212001406, 0.16640464288794715, 2.298107006253329, 0.3333333333333335, 0.16126245109344878, 0.1972796266695252, 0.05001085927751808, 0.25569896702469885, 0.3708281886710861, 0.3333333333333335, 0.2296503724161309, 0.3084858270519111, 0.07436325692613754, 0.4557061904452394, 0.5856315412534925, 0.3333333333333335], ""kernels.1.base_kernel.kernels.1"": [0.6931481805599428, 0.6931481805599428, 0.6931481805599428]}","{""kernels.0"": 1.556216930010712e-05, ""kernels.0.base_kernel.kernels.1"": 0.018924337078478917, ""kernels.1"": 0.3803022915211678}",10,5,30,15,15,archive,3,20
435,125.29892549510134,123.2069002742736,0.4984,local,-6.107926529816215,-13.674438241728787,7.566511711912572,0.09286681295192817,0.4666824380960589,archive,418,15,0.011821493986068205,0.006014002834977884,0.009262890890254817,0.00034748942349557686,0.13308060288742288,0.0500038212001395,0.3333333333333335,2.2981068647816665,"{""kernels.0.base_kernel.kernels.0"": [0.33332569652293814, 0.33334135229214623, 0.33333429745882376, 0.3333212591206667, 0.3334251502880709, 0.3333333333333335, 0.333334200227516, 0.3333052603399964, 0.33333000149270076, 0.3333281952768698, 0.3332341442714214, 0.3333333333333335, 0.3333332178242392, 0.3333567601682609, 0.33332987077753035, 0.33338576659979463, 0.3335574597585608, 0.3333333333333335], ""kernels.0.base_kernel.kernels.1.base_kernel"": [0.6931481805599428, 0.6931481805599428, 0.6931481805599428], ""kernels.1.base_kernel.kernels.0"": [0.17887950413279155, 0.21136019168659204, 0.0500038212001395, 0.1664043028415625, 2.2981068647816665, 0.3333333333333335, 0.16126244032256876, 0.19727963745917287, 0.050010859278053536, 0.2556988154789692, 0.37082808197244593, 0.3333333333333335, 0.22965071924004948, 0.3084863730111924, 0.07436329832975247, 0.4557063087238491, 0.585632314496748, 0.3333333333333335], ""kernels.1.base_kernel.kernels.1"": [0.6931481805599428, 0.6931481805599428, 0.6931481805599428]}","{""kernels.0"": 1.556216935843311e-05, ""kernels.0.base_kernel.kernels.1"": 0.018924337076072224, ""kernels.1"": 0.380301909416838}",10,5,30,15,15,archive,5,21
436,124.82434258833999,123.2069002742736,0.4994,local,-6.012280728479656,-13.699229768188038,7.686949039708383,0.10936115185732694,0.5079739747266033,archive,418,15,0.01468978873883449,0.006006880533330561,0.009278042679132346,0.000348936833397437,0.1325070977792593,0.05000382119383235,0.3333333333333335,2.2982258287135466,"{""kernels.0.base_kernel.kernels.0"": [0.3333258155083815, 0.33334174060992255, 0.33333429471319453, 0.33332099558614037, 0.3334170884374192, 0.3333333333333335, 0.3333344407501573, 0.3333057298600638, 0.3333299639958583, 0.3333278446679674, 0.3332328010614628, 0.3333333333333335, 0.3333333083235679, 0.33335684864898674, 0.3333299608382694, 0.3333859872510898, 0.33355915463831826, 0.3333333333333335], ""kernels.0.base_kernel.kernels.1.base_kernel"": [0.6931481805599428, 0.6931481805599428, 0.6931481805599428], ""kernels.1.base_kernel.kernels.0"": [0.17951069306971543, 0.2140299792812904, 0.05000382119383235, 0.16448797950401925, 2.2982258287135466, 0.3333333333333335, 0.16117390990801286, 0.19735196093011953, 0.050010862022274005, 0.25552898676984237, 0.3691731444357239, 0.3333333333333335, 0.23161073344609595, 0.3115285525739713, 0.07455563441595935, 0.4563329467442004, 0.5902760445606104, 0.3333333333333335], ""kernels.1.base_kernel.kernels.1"": [0.6931481805599428, 0.6931481805599428, 0.6931481805599428]}","{""kernels.0"": 1.5562451325520123e-05, ""kernels.0.base_kernel.kernels.1"": 0.01892432474968466, ""kernels.1"": 0.37858140613676766}",10,5,30,15,15,archive,3,22
437,160.98687823059822,123.2069002742736,0.4992,global,-7.589601852228194,-15.424038729582836,7.8344368773546424,0.9496300365917287,1.41299935207379,global,,,0.1205763805543215,0.005986355248217843,0.009214305488205784,0.0003444006736187197,0.13341060960401674,0.05000382119163537,0.3333333333333335,2.2980839098941974,"{""kernels.0.base_kernel.kernels.0"": [0.33332584287219735, 0.3333418229316131, 0.3333342933499049, 0.3333209386031259, 0.33341528673013643, 0.3333333333333335, 0.3333344948889615, 0.33330582581792983, 0.3333299533300475, 0.3333277376068713, 0.3332323965380488, 0.3333333333333335, 0.33333332458561193, 0.33335685537275567, 0.33332997747691917, 0.3333860435620091, 0.33355952378544074, 0.3333333333333335], ""kernels.0.base_kernel.kernels.1.base_kernel"": [0.6931481805599428, 0.6931481805599428, 0.6931481805599428], ""kernels.1.base_kernel.kernels.0"": [0.17964007796200937, 0.21418451785843504, 0.05000382119163537, 0.164124355061618, 2.2980839098941974, 0.3333333333333335, 0.16104141046838655, 0.1971787419680461, 0.0500108626941592, 0.25526871132577394, 0.36830734922210334, 0.3333333333333335, 0.23190067213533455, 0.31193106997783354, 0.07459129768748368, 0.4564845597221307, 0.5902865188344617, 0.3333333333333335], ""kernels.1.base_kernel.kernels.1"": [0.6931481805599428, 0.6931481805599428, 0.6931481805599428]}","{""kernels.0"": 1.5562526452056785e-05, ""kernels.0.base_kernel.kernels.1"": 0.018924321737259543, ""kernels.1"": 0.3812919445483386}",10,5,30,15,15,archive,7,23
438,122.7686103500854,122.7686103500854,0.4998,global,-6.278268973900636,-14.00657156467716,7.728302590776523,0.9062452980988908,1.4047529414569357,global,,,0.014006522012138783,0.00598605333061379,0.009217653396903315,0.00034525652450647894,0.13341053496185767,0.050003821191634976,0.3333333333333335,2.2980840110346943,"{""kernels.0.base_kernel.kernels.0"": [0.3333258428787694, 0.33334182295007225, 0.33333429334966136, 0.3333209385922536, 0.3334152863727458, 0.3333333333333335, 0.3333344949008482, 0.33330582584263396, 0.3333299533281814, 0.3333277375863839, 0.33323239645904545, 0.3333333333333335, 0.333333324589182, 0.33335685537401333, 0.3333299774804893, 0.3333860435741411, 0.33355952386603105, 0.3333333333333335], ""kernels.0.base_kernel.kernels.1.base_kernel"": [0.6931481805599428, 0.6931481805599428, 0.6931481805599428], ""kernels.1.base_kernel.kernels.0"": [0.1796401193761863, 0.2141846021367577, 0.050003821191634976, 0.16412431378189, 2.2980840110346943, 0.3333333333333335, 0.16104140435466924, 0.197178808646774, 0.05001086269430623, 0.25526870799317014, 0.3683072611678103, 0.3333333333333335, 0.23190074877020672, 0.3119311818029236, 0.07459130848677242, 0.4564846194077298, 0.5902866186474155, 0.3333333333333335], ""kernels.1.base_kernel.kernels.1"": [0.6931481805599428, 0.6931481805599428, 0.6931481805599428]}","{""kernels.0"": 1.5562526465831983e-05, ""kernels.0.base_kernel.kernels.1"": 0.018924321736610388, ""kernels.1"": 0.3812917206224968}",10,5,30,15,15,archive,6,0
439,123.80051541198353,122.7686103500854,0.5,local,-6.256449976190413,-15.701102795841006,9.444652819650592,0.09559008760779263,0.4240248046485577,archive,418,17,0.01770333343918474,0.00769127440519642,0.009184028819715476,0.00034297444346874747,0.13341011921245574,0.05000382119163148,0.3333333333333335,2.2980853012031455,"{""kernels.0.base_kernel.kernels.0"": [0.3333258429359336, 0.33334182318675176, 0.3333342933454808, 0.3333209384907916, 0.33341528250679764, 0.3333333333333335, 0.33333449502214035, 0.33330582604705217, 0.3333299533078337, 0.3333277373773608, 0.3332323955940341, 0.3333333333333335, 0.33333332462026055, 0.33335685536353676, 0.33332997751660876, 0.3333860437093622, 0.333559524656565, 0.3333333333333335], ""kernels.0.base_kernel.kernels.1.base_kernel"": [0.6931481805599428, 0.6931481805599428, 0.6931481805599428], ""kernels.1.base_kernel.kernels.0"": [0.1796405053680083, 0.2141856041994661, 0.05000382119163148, 0.16412384746348574, 2.2980853012031455, 0.3333333333333335, 0.1610413478407135, 0.19717919860716265, 0.050010862695663745, 0.25526851753754765, 0.36830593772254616, 0.3333333333333335, 0.23190139763873321, 0.311931821686259, 0.0745914052724189, 0.45648516398758027, 0.5902869525677752, 0.3333333333333335], ""kernels.1.base_kernel.kernels.1"": [0.6931481805599428, 0.6931481805599428, 0.6931481805599428]}","{""kernels.0"": 1.5562526625133473e-05, ""kernels.0.base_kernel.kernels.1"": 0.018924321730625075, ""kernels.1"": 0.38129047338011707}",10,5,30,15,15,archive,4,1
440,233.19734957013856,122.7686103500854,0.4988,global,-7.88038492031911,-15.402037501468179,7.521652581149069,0.8834295565454852,1.4108746304395876,global,,,0.06310132279193532,0.007199932117193648,0.009145768620584393,0.000340368693181182,0.13340968997473704,0.050003821191627086,0.3333333333333335,2.298086825751302,"{""kernels.0.base_kernel.kernels.0"": [0.3333258430001484, 0.33334182345468394, 0.3333342933400421, 0.33332093837445775, 0.3334152776784556, 0.3333333333333335, 0.33333449518461516, 0.3333058262909752, 0.33332995328427434, 0.3333277371318113, 0.3332323945614604, 0.3333333333333335, 0.3333333246630402, 0.3333568553516335, 0.3333299775559489, 0.33338604385817355, 0.3335595256534619, 0.3333333333333335], ""kernels.0.base_kernel.kernels.1.base_kernel"": [0.6931481805599428, 0.6931481805599428, 0.6931481805599428], ""kernels.1.base_kernel.kernels.0"": [0.17964090258363224, 0.2141869184976727, 0.050003821191627086, 0.16412318915277635, 2.298086825751302, 0.3333333333333335, 0.1610413239297553, 0.19717949988850003, 0.050010862697246895, 0.2552682345180286, 0.3683043100212485, 0.3333333333333335, 0.231902115785485, 0.31193249169325404, 0.07459151536238394, 0.4564857261411284, 0.5902873046179854, 0.3333333333333335], ""kernels.1.base_kernel.kernels.1"": [0.6931481805599428, 0.6931481805599428, 0.6931481805599428]}","{""kernels.0"": 1.5562526824799637e-05, ""kernels.0.base_kernel.kernels.1"": 0.01892432172372814, ""kernels.1"": 0.3812891856736582}",10,5,30,15,15,archive,5,2
441,124.14028922251832,122.7686103500854,0.5,local,-5.883851117226909,-11.027472573165877,5.143621455938968,0.031069635174997924,0.169337060152764,archive,530,5,0.014583586451627004,0.007341069028011058,0.009346703892366985,0.00035600215922243,0.1485834142390032,0.050003821077962966,0.3333333333333335,1.9981613018268125,"{""kernels.0.base_kernel.kernels.0"": [0.33332182922120135, 0.33334455485353226, 0.3333348899070383, 0.33332030425502024, 0.33303051231054176, 0.3333333333333335, 0.3333362132893032, 0.33330709198369296, 0.33333115473069513, 0.33333481612332483, 0.33323800282272503, 0.3333333333333335, 0.3333349750762528, 0.3333601267622033, 0.33333129623486324, 0.33339006345239464, 0.33357343168413345, 0.3333333333333335], ""kernels.0.base_kernel.kernels.1.base_kernel"": [0.6931481805599428, 0.6931481805599428, 0.6931481805599428], ""kernels.1.base_kernel.kernels.0"": [0.09813718762177542, 0.2358929796201109, 0.050003821077962966, 0.17484493029876205, 1.9981613018268125, 0.3333333333333335, 0.17501045377473917, 0.21107906228518916, 0.05001086681964823, 0.28773083015611955, 0.41163627535893854, 0.3333333333333335, 0.2342294041811667, 0.3295836044309491, 0.0766521664549041, 0.4631815565064102, 0.6306191616189682, 0.3333333333333335], ""kernels.1.base_kernel.kernels.1"": [0.6931481805599428, 0.6931481805599428, 0.6931481805599428]}","{""kernels.0"": 1.5577352876022856e-05, ""kernels.0.base_kernel.kernels.1"": 0.018924305567528867, ""kernels.1"": 0.42681035979660475}",10,5,30,15,15,archive,5,3
442,132.56296804831302,122.7686103500854,0.4998,global,-5.929271055212712,-15.610862706783577,9.681591651570866,0.6652224830310399,1.4113213707047159,global,,,0.04265165801246678,0.00691951226198796,0.009222186765055379,0.0003468206704547666,0.14258800326911933,0.050003821034083615,0.3333333333333335,2.031300182812366,"{""kernels.0.base_kernel.kernels.0"": [0.33332172077728894, 0.33334392835125043, 0.33333500001780925, 0.33332076506466457, 0.3330178063556964, 0.3333333333333335, 0.3333361463008164, 0.33330670801581447, 0.33333166518565305, 0.33333577233825556, 0.3332345529601596, 0.3333333333333335, 0.33333505648685297, 0.33336011550390016, 0.33333154541595944, 0.33339076184355715, 0.33356697742577546, 0.3333333333333335], ""kernels.0.base_kernel.kernels.1.base_kernel"": [0.6931481805599428, 0.6931481805599428, 0.6931481805599428], ""kernels.1.base_kernel.kernels.0"": [0.0961245406719041, 0.21922241249193036, 0.050003821034083615, 0.18300406852895817, 2.031300182812366, 0.3333333333333335, 0.17624170762763092, 0.2020588197273467, 0.050010869803414, 0.29145295104378804, 0.36507182238225366, 0.3333333333333335, 0.23353790818007586, 0.3274516555012263, 0.07663626466019116, 0.47074898915607716, 0.6039376996996487, 0.3333333333333335], ""kernels.1.base_kernel.kernels.1"": [0.6931481805599428, 0.6931481805599428, 0.6931481805599428]}","{""kernels.0"": 1.5578305890373943e-05, ""kernels.0.base_kernel.kernels.1"": 0.01892429476306717, ""kernels.1"": 0.40882413673840046}",10,5,30,15,15,archive,4,4
443,125.98825516590233,122.7686103500854,0.4992,local,-6.158185180436949,-11.140506158017978,4.982320977581028,0.05834557813723503,0.26923607894500595,archive,530,5,0.02462453960756008,0.006918209438733663,0.0092223647782781,0.0003472209983260496,0.14258799834036448,0.05000382103408357,0.3333333333333335,2.031300204501104,"{""kernels.0.base_kernel.kernels.0"": [0.33332172077694044, 0.3333439283514344, 0.333335000017946, 0.333320765065003, 0.3330178063363511, 0.3333333333333335, 0.3333361463008564, 0.33330670801562545, 0.33333166518615526, 0.3333357723391226, 0.33323455296035626, 0.3333333333333335, 0.33333505648682427, 0.33336011550384187, 0.3333315454162539, 0.3333907618441043, 0.33356697742077324, 0.3333333333333335], ""kernels.0.base_kernel.kernels.1.base_kernel"": [0.6931481805599428, 0.6931481805599428, 0.6931481805599428], ""kernels.1.base_kernel.kernels.0"": [0.09612453740780642, 0.21922241460057437, 0.05000382103408357, 0.1830040710419598, 2.031300204501104, 0.3333333333333335, 0.17624171298094687, 0.20205881709871226, 0.050010869803417506, 0.29145295183854886, 0.3650718200489767, 0.3333333333333335, 0.2335379056247378, 0.32745165073268173, 0.07663626508436734, 0.4707489912821958, 0.6039376961543683, 0.3333333333333335], ""kernels.1.base_kernel.kernels.1"": [0.6931481805599428, 0.6931481805599428, 0.6931481805599428]}","{""kernels.0"": 1.5578305891433852e-05, ""kernels.0.base_kernel.kernels.1"": 0.01892429476305603, ""kernels.1"": 0.40882412195214596}",10,5,30,15,15,archive,5,5
444,128.30611090515376,122.7686103500854,0.4998,local,-5.750589784263812,-16.962634215248286,11.212044430984474,0.08408915862071469,0.5227212925849588,archive,358,28,0.041974094881352175,0.006640064735814371,0.009241930109377646,0.0003490208872105368,0.14122313846281673,0.05000382102446647,0.3333333333333335,2.0365979629304065,"{""kernels.0.base_kernel.kernels.0"": [0.33332163685957866, 0.33334398293904566, 0.3333350331712729, 0.3333208475241267, 0.3330131556653854, 0.3333333333333335, 0.3333361558869658, 0.33330666178900753, 0.333331786525148, 0.3333359815010061, 0.3332345953967477, 0.3333333333333335, 0.33333505127412544, 0.3333601011121837, 0.33333161612593537, 0.3333908944864883, 0.3335657805726449, 0.3333333333333335], ""kernels.0.base_kernel.kernels.1.base_kernel"": [0.6931481805599428, 0.6931481805599428, 0.6931481805599428], ""kernels.1.base_kernel.kernels.0"": [0.09534492551355661, 0.2201421829673027, 0.05000382102446647, 0.1836354581836162, 2.0365979629304065, 0.3333333333333335, 0.17752521521666584, 0.2014193136426111, 0.05001087064735863, 0.29165964973756586, 0.3645286389147536, 0.3333333333333335, 0.23301780863570543, 0.32637007505685867, 0.0767384114932812, 0.47126311122190073, 0.6033955848499477, 0.3333333333333335], ""kernels.1.base_kernel.kernels.1"": [0.6931481805599428, 0.6931481805599428, 0.6931481805599428]}","{""kernels.0"": 1.557856001576476e-05, ""kernels.0.base_kernel.kernels.1"": 0.01892429201664832, ""kernels.1"": 0.4047295448117861}",10,5,30,15,15,archive,5,6
445,125.2196023137966,122.7686103500854,0.4992,global,-6.210880038193002,-15.8765076996573,9.665627661464297,0.9661910059599809,1.40739492670853,global,,,0.012421072426620121,0.006634515079379678,0.009192347506312181,0.0003455779919492843,0.14191061322560822,0.05000382100063328,0.3333333333333335,2.0461859036925176,"{""kernels.0.base_kernel.kernels.0"": [0.33332145106921873, 0.3333440299297677, 0.3333351083245688, 0.33332100489922695, 0.3330028703990876, 0.3333333333333335, 0.3333361363302398, 0.33330654317083996, 0.3333320762256566, 0.33333645430762804, 0.3332344110339289, 0.3333333333333335, 0.3333350118602993, 0.33336001019565864, 0.333331759839938, 0.3333911850451373, 0.33356302349865075, 0.3333333333333335], ""kernels.0.base_kernel.kernels.1.base_kernel"": [0.6931481805599428, 0.6931481805599428, 0.6931481805599428], ""kernels.1.base_kernel.kernels.0"": [0.09373387591708202, 0.2201876449871878, 0.05000382100063328, 0.18444304343580858, 2.0461859036925176, 0.3333333333333335, 0.17937529645173497, 0.19916559486153063, 0.0500108724819268, 0.29145339725286523, 0.3592685705699682, 0.3333333333333335, 0.23159946013912464, 0.3227379153534311, 0.0768526965952364, 0.4718242885930503, 0.5987374632962842, 0.3333333333333335], ""kernels.1.base_kernel.kernels.1"": [0.6931481805599428, 0.6931481805599428, 0.6931481805599428]}","{""kernels.0"": 1.5579139901982192e-05, ""kernels.0.base_kernel.kernels.1"": 0.01892428478566168, ""kernels.1"": 0.40679197575126097}",10,5,30,15,15,archive,7,7
446,127.83205749584337,122.7686103500854,0.4992,local,-6.554666737238319,-12.271324317036438,5.7166575797981185,0.033384828386842536,0.34466989037343615,archive,488,23,0.019901251465906725,0.006378827651143337,0.00919041899412681,0.0003457183847444142,0.1419105878754318,0.05000382100063317,0.3333333333333335,2.0461859754093163,"{""kernels.0.base_kernel.kernels.0"": [0.33332145106835676, 0.33334402993047296, 0.3333351083249632, 0.3333210049001855, 0.3330028703510986, 0.3333333333333335, 0.33333613633037823, 0.33330654317071196, 0.3333320762271246, 0.3333364543102061, 0.33323441103512985, 0.3333333333333335, 0.3333350118601608, 0.33336001019552797, 0.3333317598406903, 0.33339118504665, 0.33356302348445876, 0.3333333333333335], ""kernels.0.base_kernel.kernels.1.base_kernel"": [0.6931481805599428, 0.6931481805599428, 0.6931481805599428], ""kernels.1.base_kernel.kernels.0"": [0.09373386995373009, 0.2201876563239759, 0.05000382100063317, 0.1844430498433584, 2.0461859754093163, 0.3333333333333335, 0.17937530821304956, 0.1991655951966076, 0.050010872481937196, 0.2914534037258032, 0.35926856655224026, 0.3333333333333335, 0.2315994554167567, 0.3227379051689383, 0.07685269762128331, 0.47182429672270854, 0.5987374634783648, 0.3333333333333335], ""kernels.1.base_kernel.kernels.1"": [0.6931481805599428, 0.6931481805599428, 0.6931481805599428]}","{""kernels.0"": 1.557913990479084e-05, ""kernels.0.base_kernel.kernels.1"": 0.018924284785621904, ""kernels.1"": 0.4067918997007687}",10,5,30,15,15,archive,4,8
447,123.50343442954448,122.7686103500854,0.4992,global,-6.156134930137686,-14.727630985645547,8.571496055507861,1.0386312739402241,1.4134635219093492,global,,,0.013977432599524954,0.006390757160752902,0.009209020005149369,0.00034745614391529104,0.14018387452975845,0.050003820918967795,0.3333333333333335,2.087079702209543,"{""kernels.0.base_kernel.kernels.0"": [0.3333208344637499, 0.33334435063186413, 0.3333353802930339, 0.33332160517708453, 0.33296819018324497, 0.3333333333333335, 0.33333616039453495, 0.3333063197743651, 0.3333330948746913, 0.3333384285019165, 0.33323417060106036, 0.3333333333333335, 0.3333349450297766, 0.33335971013074506, 0.33333224924467525, 0.3333924234300676, 0.33355294964065446, 0.3333333333333335], ""kernels.0.base_kernel.kernels.1.base_kernel"": [0.6931481805599428, 0.6931481805599428, 0.6931481805599428], ""kernels.1.base_kernel.kernels.0"": [0.0898022295828618, 0.22248978683516527, 0.050003820918967795, 0.18703360828868898, 2.087079702209543, 0.3333333333333335, 0.18653236503053552, 0.19576438498385776, 0.05001087942507932, 0.2934670494643721, 0.3450228631712048, 0.3333333333333335, 0.22742084345051625, 0.31293285561649964, 0.07721317773218575, 0.4757969590232626, 0.5883542539576521, 0.3333333333333335], ""kernels.1.base_kernel.kernels.1"": [0.6931481805599428, 0.6931481805599428, 0.6931481805599428]}","{""kernels.0"": 1.5581212888657483e-05, ""kernels.0.base_kernel.kernels.1"": 0.018924257114861388, ""kernels.1"": 0.4016117852615253}",10,5,30,15,15,archive,5,9
448,233.655017314826,122.7686103500854,0.5004,global,-9.405180921593397,-18.757511483268367,9.35233056167497,0.8575037763374781,1.4137418319496513,global,,,0.23307660356437115,0.006139556359565171,0.009198288277282158,0.0003469253848364672,0.13874595790924713,0.050003820912263276,0.3333333333333335,2.0883962915489542,"{""kernels.0.base_kernel.kernels.0"": [0.333320795001313, 0.33334438917123044, 0.33333540374103277, 0.3333216543951092, 0.33296576876948686, 0.3333333333333335, 0.3333361596961224, 0.3333063351611496, 0.3333331800216842, 0.33333860485628625, 0.3332342713421038, 0.3333333333333335, 0.333334937217922, 0.3333597066043635, 0.3333322844353214, 0.33339252209781106, 0.3335521659622032, 0.3333333333333335], ""kernels.0.base_kernel.kernels.1.base_kernel"": [0.6931481805599428, 0.6931481805599428, 0.6931481805599428], ""kernels.1.base_kernel.kernels.0"": [0.08969987601608352, 0.2228296006202425, 0.050003820912263276, 0.18721364955578476, 2.0883962915489542, 0.3333333333333335, 0.18712153475841384, 0.19612943864679877, 0.050010880063000834, 0.29396290455258406, 0.3452432542227163, 0.3333333333333335, 0.2273355833926256, 0.3125669228766944, 0.0772521200863853, 0.47638189219407645, 0.5888312296309677, 0.3333333333333335], ""kernels.1.base_kernel.kernels.1"": [0.6931481805599428, 0.6931481805599428, 0.6931481805599428]}","{""kernels.0"": 1.5581377759536483e-05, ""kernels.0.base_kernel.kernels.1"": 0.0189242546862838, ""kernels.1"": 0.3972980376636981}",10,5,30,15,15,archive,7,10
449,362.96567570517226,122.7686103500854,0.4994,global,-10.304541803547844,-15.426266854743991,5.121725051196147,1.3397228229110256,1.413990760159374,global,,,0.2339179122778757,0.006140626140927955,0.009180745389156128,0.0003460439186930533,0.1394774193962283,0.050003820895338565,0.3333333333333335,2.090569392088328,"{""kernels.0.base_kernel.kernels.0"": [0.3333206736789102, 0.3333444569183752, 0.33333545732455216, 0.333321758495627, 0.33295966856552894, 0.3333333333333335, 0.33333614055917427, 0.3333063190878528, 0.33333336985907885, 0.3333389891311871, 0.3332343436570471, 0.3333333333333335, 0.333334910426301, 0.33335969359044587, 0.33333236404431393, 0.33339275063662827, 0.3335502237025778, 0.3333333333333335], ""kernels.0.base_kernel.kernels.1.base_kernel"": [0.6931481805599428, 0.6931481805599428, 0.6931481805599428], ""kernels.1.base_kernel.kernels.0"": [0.08940819769196495, 0.2226582961804972, 0.050003820895338565, 0.18733049087485362, 2.090569392088328, 0.3333333333333335, 0.187825707988067, 0.1961830306830966, 0.05001088154955113, 0.2942908863254825, 0.3437419296821138, 0.3333333333333335, 0.2267210625669514, 0.311158761999675, 0.07726442072862238, 0.4771345180334996, 0.5877891413719563, 0.3333333333333335], ""kernels.1.base_kernel.kernels.1"": [0.6931481805599428, 0.6931481805599428, 0.6931481805599428]}","{""kernels.0"": 1.558179632562314e-05, ""kernels.0.base_kernel.kernels.1"": 0.01892424853518808, ""kernels.1"": 0.3994924278571712}",10,5,30,15,15,archive,5,11
450,123.62860124694512,122.7686103500854,0.5016,local,-6.388448983637952,-15.783932610740042,9.39548362710209,0.08937843972088078,0.4667686795955378,archive,418,20,0.015487781284651204,0.006140708767668954,0.009175115407264954,0.000344997064293573,0.1394766789332664,0.050003820895332014,0.3333333333333335,2.0905708193518953,"{""kernels.0.base_kernel.kernels.0"": [0.333320673620805, 0.3333444569533215, 0.3333354573479938, 0.33332175854138557, 0.33295966624804496, 0.3333333333333335, 0.3333361405502593, 0.3333063191064705, 0.3333333699431931, 0.3333389893337072, 0.33323434374901134, 0.3333333333333335, 0.3333349104045824, 0.33335969360146955, 0.3333323640773904, 0.33339275074389857, 0.3335502227234794, 0.3333333333333335], ""kernels.0.base_kernel.kernels.1.base_kernel"": [0.6931481805599428, 0.6931481805599428, 0.6931481805599428], ""kernels.1.base_kernel.kernels.0"": [0.08940817996059598, 0.2226584972164968, 0.050003820895332014, 0.18733050438080545, 2.0905708193518953, 0.3333333333333335, 0.187826155679764, 0.19618317964169035, 0.05001088155022029, 0.2942911656675903, 0.34374236395055496, 0.3333333333333335, 0.22672054336617928, 0.31115839110726234, 0.07726442403479553, 0.4771350689030674, 0.5877879580476447, 0.3333333333333335], ""kernels.1.base_kernel.kernels.1"": [0.6931481805599428, 0.6931481805599428, 0.6931481805599428]}","{""kernels.0"": 1.558179649715087e-05, ""kernels.0.base_kernel.kernels.1"": 0.01892424853244077, ""kernels.1"": 0.3994902064708613}",10,5,30,15,15,archive,4,12
451,124.56960535034827,122.7686103500854,0.4996,local,-6.358154333911239,-15.825766471468835,9.467612137557596,0.0912848625609848,0.445828225740266,archive,418,21,0.010537027576570017,0.006116996168815937,0.009134318183629553,0.00034217732883369626,0.13947472504617145,0.050003820895314986,0.3333333333333335,2.090574572942941,"{""kernels.0.base_kernel.kernels.0"": [0.3333206734755437, 0.3333444570413629, 0.33333545740887566, 0.3333217586554828, 0.33295966040418934, 0.3333333333333335, 0.3333361405328633, 0.3333063191479667, 0.3333333701636225, 0.33333898987325833, 0.3332343439732266, 0.3333333333333335, 0.33333491034422424, 0.3333596936433688, 0.3333323641601217, 0.3333927510030304, 0.33355022021596387, 0.3333333333333335], ""kernels.0.base_kernel.kernels.1.base_kernel"": [0.6931481805599428, 0.6931481805599428, 0.6931481805599428], ""kernels.1.base_kernel.kernels.0"": [0.08940817091803133, 0.22265916849203096, 0.050003820895314986, 0.18733041635862416, 2.090574572942941, 0.3333333333333335, 0.18782768004689998, 0.19618330325574462, 0.05001088155196179, 0.29429210646178006, 0.3437433175588271, 0.3333333333333335, 0.2267191973485743, 0.3111575356621976, 0.07726442380746468, 0.47713638123644314, 0.5877851189793357, 0.3333333333333335], ""kernels.1.base_kernel.kernels.1"": [0.6931481805599428, 0.6931481805599428, 0.6931481805599428]}","{""kernels.0"": 1.558179693913421e-05, ""kernels.0.base_kernel.kernels.1"": 0.018924248525275546, ""kernels.1"": 0.3994843448162997}",10,5,30,15,15,archive,6,13
452,127.66207126351333,122.7686103500854,0.4982,global,-6.166898655410204,-15.385029619708522,9.218130964298318,0.8828336889292103,1.4130861538520059,global,,,0.014158233527780348,0.006077170195840008,0.009102971243344736,0.000340091116024561,0.13947346128791993,0.05000382089530242,0.3333333333333335,2.090577178690478,"{""kernels.0.base_kernel.kernels.0"": [0.3333206733636328, 0.33334445711271155, 0.33333545745465043, 0.3333217587412717, 0.33295965598769917, 0.3333333333333335, 0.3333361405210371, 0.3333063191889173, 0.33333337032949156, 0.33333899027021235, 0.33323434409522146, 0.3333333333333335, 0.33333491029833234, 0.33335969366842827, 0.33333236422396845, 0.33339275120742934, 0.33355021834209037, 0.3333333333333335], ""kernels.0.base_kernel.kernels.1.base_kernel"": [0.6931481805599428, 0.6931481805599428, 0.6931481805599428], ""kernels.1.base_kernel.kernels.0"": [0.08940815160093346, 0.22265995468124922, 0.05000382089530242, 0.18733016538623792, 2.090577178690478, 0.3333333333333335, 0.1878288310780285, 0.19618345507610152, 0.05001088155326704, 0.2942927831047272, 0.3437434865463872, 0.3333333333333335, 0.22671826084540006, 0.31115676977560025, 0.07726441226940314, 0.47713741259246517, 0.5877829596596025, 0.3333333333333335], ""kernels.1.base_kernel.kernels.1"": [0.6931481805599428, 0.6931481805599428, 0.6931481805599428]}","{""kernels.0"": 1.5581797271769314e-05, ""kernels.0.base_kernel.kernels.1"": 0.01892424851989905, ""kernels.1"": 0.39948055354658896}",10,5,30,15,15,archive,5,14
453,125.10758435885282,122.7686103500854,0.5008,local,-6.158370611426957,-11.508755990993592,5.350385379566635,0.06949923166734637,0.312565061117676,archive,530,7,0.017040230551494343,0.006076374033554019,0.009272559299818593,0.0003532707926602118,0.13947345969925765,0.050003820895302406,0.3333333333333335,2.0905771803855244,"{""kernels.0.base_kernel.kernels.0"": [0.33332067336348037, 0.3333444571127814, 0.3333354574547152, 0.33332175874142483, 0.3329596559819875, 0.3333333333333335, 0.3333361405209279, 0.3333063191889656, 0.33333337032972776, 0.3333389902708925, 0.3332343440954543, 0.3333333333333335, 0.33333491029825263, 0.33335969366849816, 0.33333236422403795, 0.3333927512076514, 0.33355021833943055, 0.3333333333333335], ""kernels.0.base_kernel.kernels.1.base_kernel"": [0.6931481805599428, 0.6931481805599428, 0.6931481805599428], ""kernels.1.base_kernel.kernels.0"": [0.08940815150578917, 0.22265995543515762, 0.050003820895302406, 0.18733016520724524, 2.0905771803855244, 0.3333333333333335, 0.18782883193402805, 0.19618345533989964, 0.05001088155326889, 0.2942927849203033, 0.3437434855281422, 0.3333333333333335, 0.22671825952172217, 0.311156770028204, 0.07726441221664702, 0.477137413993533, 0.5877829568713145, 0.3333333333333335], ""kernels.1.base_kernel.kernels.1"": [0.6931481805599428, 0.6931481805599428, 0.6931481805599428]}","{""kernels.0"": 1.5581797272217903e-05, ""kernels.0.base_kernel.kernels.1"": 0.01892424851989147, ""kernels.1"": 0.39948054878060923}",10,5,30,15,15,archive,4,15
454,123.54116170879666,122.7686103500854,0.5,local,-6.444184500137232,-15.721730696746654,9.277546196609421,0.10276198111711005,0.5193686683072647,archive,418,22,0.01132906141447043,0.006035102372713883,0.009248565474147217,0.0003517237311482701,0.13947236118890316,0.050003820895293996,0.3333333333333335,2.0905780354262165,"{""kernels.0.base_kernel.kernels.0"": [0.3333206732861144, 0.3333444571503249, 0.3333354574883141, 0.3333217588246216, 0.3329596530211375, 0.3333333333333335, 0.3333361404657041, 0.33330631920829934, 0.333333370451415, 0.3333389906228985, 0.3332343442053581, 0.3333333333333335, 0.3333349102634661, 0.3333596937086146, 0.33333236426130236, 0.3333927513285778, 0.33355021699090165, 0.3333333333333335], ""kernels.0.base_kernel.kernels.1.base_kernel"": [0.6931481805599428, 0.6931481805599428, 0.6931481805599428], ""kernels.1.base_kernel.kernels.0"": [0.08940812167012657, 0.22266033083898243, 0.050003820895293996, 0.1873303382195893, 2.0905780354262165, 0.3333333333333335, 0.1878293228346678, 0.19618365581965064, 0.050010881554213044, 0.2942938525454576, 0.3437429904477272, 0.3333333333333335, 0.2267176916271096, 0.31115694210986705, 0.07726439096018387, 0.47713823650164516, 0.5877817598566784, 0.3333333333333335], ""kernels.1.base_kernel.kernels.1"": [0.6931481805599428, 0.6931481805599428, 0.6931481805599428]}","{""kernels.0"": 1.5581797502406702e-05, ""kernels.0.base_kernel.kernels.1"": 0.018924248516033935, ""kernels.1"": 0.3994772532531731}",10,5,30,15,15,archive,5,16
455,125.7440526610317,122.7686103500854,0.4992,global,-6.746367640404396,-14.867546253205116,8.121178612800719,1.2269951222295403,1.4116895953294564,global,,,0.017109860308184066,0.005817133323580528,0.009213752981827568,0.0003493404275192321,0.1386830728973388,0.05000382088882337,0.3333333333333335,2.091234710912624,"{""kernels.0.base_kernel.kernels.0"": [0.33332061467657287, 0.3333444856238672, 0.33333548294084525, 0.3333218212349596, 0.33295740873109714, 0.3333333333333335, 0.33333609735626796, 0.33330633186446107, 0.3333334631593267, 0.3333392581797227, 0.3332344267474709, 0.3333333333333335, 0.3333348840096888, 0.3333597221665486, 0.33333239232821593, 0.33339284879015657, 0.33354920046470876, 0.3333333333333335], ""kernels.0.base_kernel.kernels.1.base_kernel"": [0.6931481805599428, 0.6931481805599428, 0.6931481805599428], ""kernels.1.base_kernel.kernels.0"": [0.08938123556503444, 0.22298013061306196, 0.05000382088882337, 0.1874295117282297, 2.091234710912624, 0.3333333333333335, 0.1881685654856137, 0.19628852826742868, 0.0500108822710919, 0.295080732706378, 0.34334745165458247, 0.3333333333333335, 0.22632271270224263, 0.3112626113216758, 0.07724752987911715, 0.47790481342005076, 0.5868477963948012, 0.3333333333333335], ""kernels.1.base_kernel.kernels.1"": [0.6931481805599428, 0.6931481805599428, 0.6931481805599428]}","{""kernels.0"": 1.5581971928301735e-05, ""kernels.0.base_kernel.kernels.1"": 0.018924245605658963, ""kernels.1"": 0.39710939111442917}",10,5,30,15,15,archive,6,17
456,132.41572704679405,122.7686103500854,0.5,global,-7.275197186002217,-14.98226837200297,7.7070711860007535,1.2321461149849393,1.4139718006129336,global,,,0.03895749374146155,0.0058033500751811,0.009180981733827706,0.00034714198868856144,0.13868367464682113,0.05000382088881046,0.3333333333333335,2.091235165613982,"{""kernels.0.base_kernel.kernels.0"": [0.33332061456350587, 0.33334448567045716, 0.333335482987151, 0.3333218213398716, 0.33295740439765775, 0.3333333333333335, 0.3333360972646404, 0.3333063318598839, 0.33333346332794217, 0.3333392586547844, 0.3332344268544364, 0.3333333333333335, 0.333334883961052, 0.33335972220979954, 0.3333323923793821, 0.3333928489581588, 0.3335491985371613, 0.3333333333333335], ""kernels.0.base_kernel.kernels.1.base_kernel"": [0.6931481805599428, 0.6931481805599428, 0.6931481805599428], ""kernels.1.base_kernel.kernels.0"": [0.08938114315212298, 0.2229802497035583, 0.05000382088881046, 0.18742943684735075, 2.091235165613982, 0.3333333333333335, 0.18816889758595845, 0.19628827946591262, 0.05001088227241224, 0.29508162151049433, 0.34334584263757906, 0.3333333333333335, 0.22632201561755425, 0.3112623407453752, 0.07724746865575083, 0.4779061702233288, 0.586845479571843, 0.3333333333333335], ""kernels.1.base_kernel.kernels.1"": [0.6931481805599428, 0.6931481805599428, 0.6931481805599428]}","{""kernels.0"": 1.5581972268038312e-05, ""kernels.0.base_kernel.kernels.1"": 0.018924245600222458, ""kernels.1"": 0.3971111963679729}",10,5,30,15,15,archive,5,18
457,132.00350088273564,122.7686103500854,0.4994,local,-6.228828842015477,-10.10156180988489,3.872732967869413,0.16401287711533982,0.7207568225106575,archive,557,26,0.05614055762750274,0.0058015011880083,0.009179773869276247,0.00034743306416397987,0.13868367495948833,0.05000382088881045,0.3333333333333335,2.091235166806172,"{""kernels.0.base_kernel.kernels.0"": [0.33332061456342504, 0.33334448567048036, 0.3333354829871818, 0.33332182133995103, 0.33295740439531674, 0.3333333333333335, 0.3333360972645803, 0.33330633185987, 0.33333346332805813, 0.33333925865509634, 0.33323442685450344, 0.3333333333333335, 0.33333488396101413, 0.3333597222098181, 0.333332392379417, 0.3333928489582628, 0.3335491985358502, 0.3333333333333335], ""kernels.0.base_kernel.kernels.1.base_kernel"": [0.6931481805599428, 0.6931481805599428, 0.6931481805599428], ""kernels.1.base_kernel.kernels.0"": [0.08938114309859341, 0.22298024973429328, 0.05000382088881045, 0.18742943677796514, 2.091235166806172, 0.3333333333333335, 0.18816889781066767, 0.19628827937084833, 0.050010882272413126, 0.2950816221224949, 0.3433458417821297, 0.3333333333333335, 0.22632201518560063, 0.31126234056478447, 0.07724746860904805, 0.47790617114266853, 0.5868454781611774, 0.3333333333333335], ""kernels.1.base_kernel.kernels.1"": [0.6931481805599428, 0.6931481805599428, 0.6931481805599428]}","{""kernels.0"": 1.5581972268235772e-05, ""kernels.0.base_kernel.kernels.1"": 0.018924245600218787, ""kernels.1"": 0.39711119730597794}",10,5,30,15,15,archive,3,19
458,126.75609394263418,122.7686103500854,0.4994,local,-6.501221743081313,-12.564844610284364,6.063622867203051,0.07191819187809839,0.44595870946713245,archive,402,25,0.035369586042516554,0.00579849107074507,0.009175171673790127,0.0003474609506740953,0.1386836750222751,0.050003820888810446,0.3333333333333335,2.0912351676550522,"{""kernels.0.base_kernel.kernels.0"": [0.3333206145633831, 0.3333444856704927, 0.33333548298719795, 0.3333218213399925, 0.33295740439410715, 0.3333333333333335, 0.33333609726454877, 0.3333063318598622, 0.3333334633281191, 0.3333392586552566, 0.3332344268545364, 0.3333333333333335, 0.33333488396099575, 0.3333597222098303, 0.3333323923794351, 0.33339284895832194, 0.3335491985351741, 0.3333333333333335], ""kernels.0.base_kernel.kernels.1.base_kernel"": [0.6931481805599428, 0.6931481805599428, 0.6931481805599428], ""kernels.1.base_kernel.kernels.0"": [0.08938114307409369, 0.22298024974998024, 0.050003820888810446, 0.18742943675856738, 2.0912351676550522, 0.3333333333333335, 0.18816889793683544, 0.19628827931796422, 0.05001088227241359, 0.2950816224781455, 0.34334584132403057, 0.3333333333333335, 0.22632201496340548, 0.31126234046825874, 0.07724746860243396, 0.4779061717595318, 0.58684547739139, 0.3333333333333335], ""kernels.1.base_kernel.kernels.1"": [0.6931481805599428, 0.6931481805599428, 0.6931481805599428]}","{""kernels.0"": 1.558197226833805e-05, ""kernels.0.base_kernel.kernels.1"": 0.018924245600216882, ""kernels.1"": 0.39711119749434004}",10,5,30,15,15,archive,4,20
459,122.46234116197894,122.46234116197894,0.5002,global,-6.743691728689624,-16.74320322221674,9.999511493527114,0.9877091578640443,1.4127422005725414,global,,,0.008527591068612672,0.005787229048628214,0.009157603140246393,0.0003464322864720875,0.13869963337233163,0.050003820879791876,0.3333333333333335,2.0931070748960003,"{""kernels.0.base_kernel.kernels.0"": [0.33332053551231267, 0.333344517476099, 0.33333551534672556, 0.33332189994573624, 0.33295495406222164, 0.3333333333333335, 0.3333360315523262, 0.3333063026475802, 0.33333358559274806, 0.3333395840144791, 0.3332344841566873, 0.3333333333333335, 0.33333484311380124, 0.33335974790097667, 0.33333242918251627, 0.33339295985318984, 0.3335478889510136, 0.3333333333333335], ""kernels.0.base_kernel.kernels.1.base_kernel"": [0.6931481805599428, 0.6931481805599428, 0.6931481805599428], ""kernels.1.base_kernel.kernels.0"": [0.08931238819211118, 0.2232326704584818, 0.050003820879791876, 0.1873174009738194, 2.0931070748960003, 0.3333333333333335, 0.1884915350557447, 0.19614607347376417, 0.05001088320614188, 0.2960576113040868, 0.3423403440277182, 0.3333333333333335, 0.22607480100274954, 0.31108771650723765, 0.07724389646589769, 0.47912542210631054, 0.5855853898737841, 0.3333333333333335], ""kernels.1.base_kernel.kernels.1"": [0.6931481805599428, 0.6931481805599428, 0.6931481805599428]}","{""kernels.0"": 1.5582180198619245e-05, ""kernels.0.base_kernel.kernels.1"": 0.018924241808902953, ""kernels.1"": 0.39715907612789336}",10,5,30,15,15,archive,5,0
460,143.571140199438,122.46234116197894,0.498,local,-6.442714161588156,-18.57000875617635,12.127294594588193,0.11506016856151174,0.6824662437194016,archive,358,35,0.06553687417534046,0.006224800441005008,0.009106569244090501,0.0003428055730171002,0.13869992579038196,0.05000382087977073,0.3333333333333335,2.0931106823927284,"{""kernels.0.base_kernel.kernels.0"": [0.33332053532852335, 0.3333445175842999, 0.3333355154189475, 0.3333219001233734, 0.33295494849882884, 0.3333333333333335, 0.333336031398444, 0.3333063025466947, 0.33333358586454337, 0.33333958475113534, 0.3332344844048469, 0.3333333333333335, 0.3333348430207269, 0.33335974791883743, 0.33333242927303486, 0.3333929600895353, 0.3335478858914467, 0.3333333333333335], ""kernels.0.base_kernel.kernels.1.base_kernel"": [0.6931481805599428, 0.6931481805599428, 0.6931481805599428], ""kernels.1.base_kernel.kernels.0"": [0.08931223382792475, 0.22323335692558008, 0.05000382087977073, 0.1873169954844257, 2.0931106823927284, 0.3333333333333335, 0.18849246794964852, 0.19614583046037032, 0.050010883208328874, 0.29605958114700415, 0.34233897884603176, 0.3333333333333335, 0.22607420551223797, 0.31108718088360787, 0.07724390427030839, 0.47912821204463624, 0.5855827062363429, 0.3333333333333335], ""kernels.1.base_kernel.kernels.1"": [0.6931481805599428, 0.6931481805599428, 0.6931481805599428]}","{""kernels.0"": 1.5582180681652905e-05, ""kernels.0.base_kernel.kernels.1"": 0.01892424179995005, ""kernels.1"": 0.39715995339051413}",10,5,30,15,15,archive,3,1
461,124.7356325176678,122.46234116197894,0.5002,local,-6.860962590337076,-17.43732422110425,10.576361630767176,0.09487304266776009,0.47907049612865515,archive,418,24,0.013540299659056775,0.0062252687412120405,0.009111275670242863,0.0003436479727343598,0.13869999635224334,0.05000382087976929,0.3333333333333335,2.0931107077282842,"{""kernels.0.base_kernel.kernels.0"": [0.33332053531598804, 0.33334451759257605, 0.3333355154243027, 0.33332190013611146, 0.33295494799372777, 0.3333333333333335, 0.3333360313874494, 0.3333063025358228, 0.3333335858842196, 0.33333958480343, 0.3332344844266247, 0.3333333333333335, 0.33333484301691335, 0.3333597479199733, 0.33333242927972867, 0.3333929601069832, 0.33354788569032384, 0.3333333333333335], ""kernels.0.base_kernel.kernels.1.base_kernel"": [0.6931481805599428, 0.6931481805599428, 0.6931481805599428], ""kernels.1.base_kernel.kernels.0"": [0.0893122088402851, 0.22323339907915676, 0.05000382087976929, 0.1873169786994096, 2.0931107077282842, 0.3333333333333335, 0.1884924689928845, 0.19614582204331507, 0.05001088320847947, 0.2960597101785385, 0.34233879112836624, 0.3333333333333335, 0.22607413346144206, 0.3110871370938734, 0.07724390500062164, 0.4791283764504301, 0.5855824627443734, 0.3333333333333335], ""kernels.1.base_kernel.kernels.1"": [0.6931481805599428, 0.6931481805599428, 0.6931481805599428]}","{""kernels.0"": 1.558218071948984e-05, ""kernels.0.base_kernel.kernels.1"": 0.01892424179933791, ""kernels.1"": 0.3971601650766726}",10,5,30,15,15,archive,5,2
462,134.21050497509384,122.46234116197894,0.4996,global,-6.366978871653766,-16.181406382464743,9.814427510810978,0.7789438670873354,1.4126940964801675,global,,,0.06776449111399269,0.005813418112705553,0.0090788667666785,0.00034147200951696377,0.13870049008142507,0.050003820879756466,0.3333333333333335,2.093110905039767,"{""kernels.0.base_kernel.kernels.0"": [0.3333205352044528, 0.3333445176627414, 0.33333551547268997, 0.33332190024971775, 0.332954943448736, 0.3333333333333335, 0.33333603128801986, 0.33330630244227233, 0.3333335860620506, 0.3333395852762827, 0.33323448461788663, 0.3333333333333335, 0.33333484298180355, 0.33335974794100504, 0.3333324293389847, 0.3333929602642249, 0.33354788392300905, 0.3333333333333335], ""kernels.0.base_kernel.kernels.1.base_kernel"": [0.6931481805599428, 0.6931481805599428, 0.6931481805599428], ""kernels.1.base_kernel.kernels.0"": [0.08931199203245634, 0.2232341712827427, 0.050003820879756466, 0.18731684859587674, 2.093110905039767, 0.3333333333333335, 0.18849247685242154, 0.19614570601185385, 0.05001088320982744, 0.29606090568164, 0.34233721802789274, 0.3333333333333335, 0.2260734695255596, 0.31108683989850183, 0.07724391458057608, 0.4791297803703251, 0.585580397934257, 0.3333333333333335], ""kernels.1.base_kernel.kernels.1"": [0.6931481805599428, 0.6931481805599428, 0.6931481805599428]}","{""kernels.0"": 1.5582181057802686e-05, ""kernels.0.base_kernel.kernels.1"": 0.01892424179387288, ""kernels.1"": 0.3971616462693445}",10,5,30,15,15,archive,4,3
463,128.8434484761951,122.46234116197894,0.4992,local,-6.995893041013689,-18.619343025895564,11.623449984881875,0.060633705868929515,0.44908506962099165,archive,358,36,0.053097692039314415,0.005811423952490458,0.009077228131169936,0.0003417445055813181,0.1387004903288024,0.05000382087975646,0.3333333333333335,2.0931109060462516,"{""kernels.0.base_kernel.kernels.0"": [0.3333205352043846, 0.333344517662786, 0.33333551547272167, 0.33332190024978026, 0.33295494344577814, 0.3333333333333335, 0.3333360312879564, 0.3333063024422157, 0.33333358606216584, 0.3333395852766119, 0.3332344846179806, 0.3333333333333335, 0.33333484298178306, 0.3333597479410265, 0.33333242933902635, 0.33339296026432796, 0.33354788392187906, 0.3333333333333335], ""kernels.0.base_kernel.kernels.1.base_kernel"": [0.6931481805599428, 0.6931481805599428, 0.6931481805599428], ""kernels.1.base_kernel.kernels.0"": [0.0893119919370218, 0.22323417176080185, 0.05000382087975646, 0.18731684834306675, 2.0931109060462516, 0.3333333333333335, 0.18849247687030612, 0.19614570594191408, 0.050010883209828313, 0.29606090675008684, 0.34233721677395557, 0.3333333333333335, 0.22607346909668852, 0.3110868397661348, 0.07724391459118639, 0.4791297811650561, 0.5855803965655889, 0.3333333333333335], ""kernels.1.base_kernel.kernels.1"": [0.6931481805599428, 0.6931481805599428, 0.6931481805599428]}","{""kernels.0"": 1.558218105802523e-05, ""kernels.0.base_kernel.kernels.1"": 0.018924241793869354, ""kernels.1"": 0.3971616470114799}",10,5,30,15,15,archive,3,4
464,125.16936342964769,122.46234116197894,0.5002,global,-6.543427967147993,-15.077073669898244,8.53364570275025,1.1917005546625912,1.4131484382948238,global,,,0.029228628688580824,0.005810342841038426,0.00907033358899983,0.0003415489438682138,0.13898223999847076,0.05000382086998123,0.3333333333333335,2.0945456960514295,"{""kernels.0.base_kernel.kernels.0"": [0.3333204552525919, 0.3333445751065661, 0.3333355532857939, 0.3333219594208566, 0.33295129177142224, 0.3333333333333335, 0.33333595854849035, 0.3333062204743809, 0.3333337315402895, 0.3333399397432079, 0.33323463467013387, 0.3333333333333335, 0.33333481556064076, 0.33335976150961566, 0.33333248475926514, 0.3333930838300922, 0.3335464751909378, 0.3333333333333335], ""kernels.0.base_kernel.kernels.1.base_kernel"": [0.6931481805599428, 0.6931481805599428, 0.6931481805599428], ""kernels.1.base_kernel.kernels.0"": [0.08913805036997444, 0.2236625906929977, 0.05000382086998123, 0.18685692080540536, 2.0945456960514295, 0.3333333333333335, 0.18853131138146023, 0.19592625814516068, 0.050010884292009485, 0.29715129002485147, 0.3415665744490003, 0.3333333333333335, 0.22547572681905986, 0.31079637897203355, 0.07729597694730429, 0.47997522357873357, 0.5834818912053397, 0.3333333333333335], ""kernels.1.base_kernel.kernels.1"": [0.6931481805599428, 0.6931481805599428, 0.6931481805599428]}","{""kernels.0"": 1.5582459629949533e-05, ""kernels.0.base_kernel.kernels.1"": 0.018924237519541386, ""kernels.1"": 0.39800690001624095}",10,5,30,15,15,archive,6,5
465,127.21646084042588,122.46234116197894,0.4998,global,-6.707664703134805,-15.032178105431747,8.324513402296942,0.8714324301502745,1.4135947236914341,global,,,0.022319738000755613,0.005733765118377425,0.009069548762065269,0.00034177296309360693,0.13898223945675822,0.05000382086998122,0.3333333333333335,2.0945456974281242,"{""kernels.0.base_kernel.kernels.0"": [0.333320455252527, 0.3333445751066106, 0.33333555328582354, 0.3333219594209033, 0.3329512917685007, 0.3333333333333335, 0.3333359585484366, 0.33330622047432, 0.33333373154040147, 0.3333399397434933, 0.3332346346704376, 0.3333333333333335, 0.33333481556062095, 0.33335976150963315, 0.333332484759311, 0.33339308383019944, 0.33354647518982844, 0.3333333333333335], ""kernels.0.base_kernel.kernels.1.base_kernel"": [0.6931481805599428, 0.6931481805599428, 0.6931481805599428], ""kernels.1.base_kernel.kernels.0"": [0.08913805026640484, 0.22366259110522235, 0.05000382086998122, 0.18685692048494953, 2.0945456974281242, 0.3333333333333335, 0.18853131146386837, 0.19592625815897424, 0.05001088429201038, 0.2971512909962831, 0.3415665755708949, 0.3333333333333335, 0.2254757264483607, 0.31079637879800043, 0.07729597701679376, 0.47997522446987917, 0.5834818900198607, 0.3333333333333335], ""kernels.1.base_kernel.kernels.1"": [0.6931481805599428, 0.6931481805599428, 0.6931481805599428]}","{""kernels.0"": 1.5582459630169365e-05, ""kernels.0.base_kernel.kernels.1"": 0.018924237519537864, ""kernels.1"": 0.39800689839110664}",10,5,30,15,15,archive,5,6
466,134.87522771227998,122.46234116197894,0.5008,global,-6.937492777876182,-15.164287208393747,8.226794430517565,1.359654613729332,1.414156317573221,global,,,0.04929309347134608,0.005727976434293663,0.009086461590584786,0.00034337845654270965,0.13818337976865822,0.05000382086024636,0.3333333333333335,2.0963770445863106,"{""kernels.0.base_kernel.kernels.0"": [0.3333203739458489, 0.33334463374293993, 0.3333355900932366, 0.33332202030729446, 0.3329477715816306, 0.3333333333333335, 0.3333358852551393, 0.333306152675642, 0.33333387294073746, 0.33334029233722745, 0.3332350071418945, 0.3333333333333335, 0.33333478501569924, 0.33335979376641556, 0.33333253965061305, 0.3333932132384702, 0.33354511144263216, 0.3333333333333335], ""kernels.0.base_kernel.kernels.1.base_kernel"": [0.6931481805599428, 0.6931481805599428, 0.6931481805599428], ""kernels.1.base_kernel.kernels.0"": [0.08902908898898047, 0.22423821410264638, 0.05000382086024636, 0.18646404593436675, 2.0963770445863106, 0.3333333333333335, 0.18870905432321194, 0.19584446803523278, 0.05001088541040395, 0.29833192106614526, 0.34312846473918013, 0.3333333333333335, 0.22506975203319915, 0.3105331053297063, 0.07740528094523319, 0.4809035181385566, 0.5823667846872737, 0.3333333333333335], ""kernels.1.base_kernel.kernels.1"": [0.6931481805599428, 0.6931481805599428, 0.6931481805599428]}","{""kernels.0"": 1.5582728661884568e-05, ""kernels.0.base_kernel.kernels.1"": 0.018924233154154792, ""kernels.1"": 0.395610323423158}",10,5,30,15,15,archive,5,7
467,138.29087003998433,122.46234116197894,0.4994,global,-7.184080956176604,-15.078711632702204,7.894630676525599,0.8614525613274553,1.4140426798657584,global,,,0.07939054907677458,0.005726374201534235,0.009086112901249095,0.00034375748345167044,0.13818338769375252,0.05000382086024627,0.3333333333333335,2.0963770602421308,"{""kernels.0.base_kernel.kernels.0"": [0.33332037394490266, 0.3333446337433162, 0.3333355900935801, 0.3333220203078644, 0.332947771548921, 0.3333333333333335, 0.33333588525454194, 0.3333061526749438, 0.3333338729420956, 0.3333402923402929, 0.3332350071449613, 0.3333333333333335, 0.3333347850153283, 0.3333597937665109, 0.3333325396511092, 0.3333932132395885, 0.3335451114294967, 0.3333333333333335], ""kernels.0.base_kernel.kernels.1.base_kernel"": [0.6931481805599428, 0.6931481805599428, 0.6931481805599428], ""kernels.1.base_kernel.kernels.0"": [0.08902908733928964, 0.2242382143923803, 0.05000382086024627, 0.18646404126372368, 2.0963770602421308, 0.3333333333333335, 0.1887090536832702, 0.1958444655459337, 0.05001088541041435, 0.2983319265371778, 0.3431284659562386, 0.3333333333333335, 0.22506974752829662, 0.3105331003428494, 0.07740528156185236, 0.48090352482319343, 0.5823667655480695, 0.3333333333333335], ""kernels.1.base_kernel.kernels.1"": [0.6931481805599428, 0.6931481805599428, 0.6931481805599428]}","{""kernels.0"": 1.558272866434673e-05, ""kernels.0.base_kernel.kernels.1"": 0.018924233154113842, ""kernels.1"": 0.3956103471984793}",10,5,30,15,15,archive,5,8
468,132.5707534901323,122.46234116197894,0.501,local,-6.393346096023043,-17.532280388594785,11.138934292571742,0.11900254368577551,0.8377743853002445,archive,418,25,0.03801756386688136,0.005724572610422017,0.009099235985951741,0.0003451840593526688,0.13828572317276935,0.05000382081486336,0.3333333333333335,2.1130240845537904,"{""kernels.0.base_kernel.kernels.0"": [0.3333199063795579, 0.33334484585803126, 0.3333357799210219, 0.33332225710256713, 0.3329304197375635, 0.3333333333333335, 0.3333355640312901, 0.3333058087143919, 0.33333458890047446, 0.3333419747413787, 0.3332368376337633, 0.3333333333333335, 0.33333463359692983, 0.333359928961859, 0.33333281411241183, 0.33339381891464764, 0.3335382232079401, 0.3333333333333335], ""kernels.0.base_kernel.kernels.1.base_kernel"": [0.6931481805599428, 0.6931481805599428, 0.6931481805599428], ""kernels.1.base_kernel.kernels.0"": [0.08841302050709601, 0.22489336838968316, 0.05000382081486336, 0.18366863778479775, 2.1130240845537904, 0.3333333333333335, 0.18919798961044784, 0.19603368897187595, 0.0500108910916934, 0.30150112126752593, 0.3475485514843356, 0.3333333333333335, 0.22337586846077012, 0.3084510804881486, 0.07781229888935658, 0.4845220752582643, 0.5749263232952233, 0.3333333333333335], ""kernels.1.base_kernel.kernels.1"": [0.6931481805599428, 0.6931481805599428, 0.6931481805599428]}","{""kernels.0"": 1.5584062515242652e-05, ""kernels.0.base_kernel.kernels.1"": 0.01892421105849599, ""kernels.1"": 0.3959173743972968}",10,5,30,15,15,archive,5,9
469,132.60625382635408,122.46234116197894,0.5002,local,-6.696257910782249,-17.536402417851196,10.840144507068947,0.08420505506439215,0.8603947466560354,archive,418,25,0.07380731283649057,0.005722761979142086,0.009098035543106026,0.0003454743134881535,0.1382857237778901,0.050003820814863355,0.3333333333333335,2.113024084045366,"{""kernels.0.base_kernel.kernels.0"": [0.33331990637949255, 0.3333448458580495, 0.333335779921051, 0.33332225710261226, 0.33293041973440923, 0.3333333333333335, 0.333335564031235, 0.3333058087143205, 0.3333345889005851, 0.33334197474162336, 0.3332368376338943, 0.3333333333333335, 0.3333346335969109, 0.33335992896187316, 0.33333281411245913, 0.33339381891474873, 0.33353822320685084, 0.3333333333333335], ""kernels.0.base_kernel.kernels.1.base_kernel"": [0.6931481805599428, 0.6931481805599428, 0.6931481805599428], ""kernels.1.base_kernel.kernels.0"": [0.08841302043776433, 0.22489336799237686, 0.050003820814863355, 0.1836686377328897, 2.113024084045366, 0.3333333333333335, 0.18919798923892653, 0.19603368902811677, 0.05001089109169432, 0.3015011216145086, 0.3475485507305723, 0.3333333333333335, 0.22337586824173963, 0.3084510804724812, 0.07781229893975888, 0.48452207544554404, 0.5749263220964355, 0.3333333333333335], ""kernels.1.base_kernel.kernels.1"": [0.6931481805599428, 0.6931481805599428, 0.6931481805599428]}","{""kernels.0"": 1.5584062515490548e-05, ""kernels.0.base_kernel.kernels.1"": 0.01892421105849242, ""kernels.1"": 0.39591737621266243}",10,5,30,15,15,archive,4,10
470,127.48857337106732,122.46234116197894,0.5,local,-6.443410478351606,-13.939469265350231,7.496058786998625,0.12093539844186736,0.6223111731281962,archive,402,27,0.05074627505465081,0.005722001596406263,0.009099557401381181,0.0003459730580624341,0.13828572579014817,0.05000382081486333,0.3333333333333335,2.1130240792086132,"{""kernels.0.base_kernel.kernels.0"": [0.33331990637929326, 0.33334484585808016, 0.3333357799211537, 0.33332225710276225, 0.33293041972267334, 0.3333333333333335, 0.33333556403099657, 0.3333058087140465, 0.3333345889009877, 0.333341974742536, 0.33323683763429046, 0.3333333333333335, 0.3333346335967739, 0.33335992896185634, 0.3333328141126235, 0.3333938189152946, 0.3335382232031421, 0.3333333333333335], ""kernels.0.base_kernel.kernels.1.base_kernel"": [0.6931481805599428, 0.6931481805599428, 0.6931481805599428], ""kernels.1.base_kernel.kernels.0"": [0.08841302012952004, 0.2248933661259387, 0.05000382081486333, 0.1836686373060285, 2.1130240792086132, 0.3333333333333335, 0.1891979883304532, 0.19603368889355957, 0.05001089109169757, 0.301501124250793, 0.347548547677945, 0.3333333333333335, 0.22337586870085152, 0.3084510804636256, 0.07781229912431224, 0.4845220783985329, 0.5749263189224119, 0.3333333333333335], ""kernels.1.base_kernel.kernels.1"": [0.6931481805599428, 0.6931481805599428, 0.6931481805599428]}","{""kernels.0"": 1.5584062516398815e-05, ""kernels.0.base_kernel.kernels.1"": 0.018924211058479887, ""kernels.1"": 0.39591738224944817}",10,5,30,15,15,archive,4,11
471,128.60678056287037,122.46234116197894,0.4992,local,-6.3175985216774375,-13.376066381073178,7.058467859395741,0.12252539042333767,0.5161701611149049,archive,488,30,0.05075642331604918,0.005706597036083589,0.009100250302459395,0.00034634597220690853,0.13828573176912054,0.050003820814863244,0.3333333333333335,2.1130240603449244,"{""kernels.0.base_kernel.kernels.0"": [0.33331990637858144, 0.3333448458580773, 0.33333577992148644, 0.3333222571032232, 0.3329304196837368, 0.3333333333333335, 0.33333556403031717, 0.3333058087130837, 0.33333458890226136, 0.33334197474566407, 0.333236837635975, 0.3333333333333335, 0.3333346335961822, 0.3333599289620198, 0.3333328141130871, 0.3333938189172941, 0.33353822319316234, 0.3333333333333335], ""kernels.0.base_kernel.kernels.1.base_kernel"": [0.6931481805599428, 0.6931481805599428, 0.6931481805599428], ""kernels.1.base_kernel.kernels.0"": [0.08841301917294977, 0.22489335787375409, 0.050003820814863244, 0.1836686344062116, 2.1130240603449244, 0.3333333333333335, 0.18919798632951068, 0.19603368720334724, 0.05001089109170833, 0.30150113222278524, 0.3475485344349865, 0.3333333333333335, 0.2233758759489245, 0.30845108146581085, 0.07781229966759146, 0.4845220906305423, 0.5749263260437923, 0.3333333333333335], ""kernels.1.base_kernel.kernels.1"": [0.6931481805599428, 0.6931481805599428, 0.6931481805599428]}","{""kernels.0"": 1.5584062519322464e-05, ""kernels.0.base_kernel.kernels.1"": 0.01892421105843855, ""kernels.1"": 0.39591740018640376}",10,5,30,15,15,archive,2,12
472,132.26705761176336,122.46234116197894,0.5008,global,-6.2947277220578295,-16.729866558823986,10.435138836766157,0.8143005200116764,1.4132375885742388,global,,,0.0575767853020804,0.005703776734770077,0.009098014953109867,0.00034650989392502086,0.13828573290524301,0.050003820814863216,0.3333333333333335,2.1130240549697747,"{""kernels.0.base_kernel.kernels.0"": [0.3333199063783979, 0.3333448458580773, 0.33333577992157143, 0.33332225710332963, 0.33293041967328096, 0.3333333333333335, 0.3333355640301551, 0.3333058087127979, 0.3333345889025999, 0.3333419747464569, 0.3332368376364467, 0.3333333333333335, 0.33333463359603505, 0.3333599289620305, 0.33333281411320986, 0.33339381891791553, 0.33353822319070786, 0.3333333333333335], ""kernels.0.base_kernel.kernels.1.base_kernel"": [0.6931481805599428, 0.6931481805599428, 0.6931481805599428], ""kernels.1.base_kernel.kernels.0"": [0.08841301888188449, 0.22489335561545426, 0.050003820814863216, 0.18366863347271253, 2.1130240549697747, 0.3333333333333335, 0.18919798575630517, 0.19603368669311275, 0.05001089109171114, 0.3015011346157544, 0.3475485316263542, 0.3333333333333335, 0.22337587796506453, 0.30845108209018046, 0.077812299825513, 0.4845220949094791, 0.5749263284837224, 0.3333333333333335], ""kernels.1.base_kernel.kernels.1"": [0.6931481805599428, 0.6931481805599428, 0.6931481805599428]}","{""kernels.0"": 1.558406252009503e-05, ""kernels.0.base_kernel.kernels.1"": 0.018924211058427873, ""kernels.1"": 0.39591740359478106}",10,5,30,15,15,archive,5,13
473,127.44966809165959,122.46234116197894,0.4998,global,-6.432725256397495,-18.46270532258837,12.029980066190875,1.1810530315816528,1.4135150092014055,global,,,0.0297409027449293,0.005701884776780656,0.009096373395517058,0.00034676373439235545,0.13828573309472367,0.05000382081486321,0.3333333333333335,2.1130240531431808,"{""kernels.0.base_kernel.kernels.0"": [0.3333199063783366, 0.33334484585809376, 0.3333357799215999, 0.3333222571033668, 0.3329304196697771, 0.3333333333333335, 0.3333355640300992, 0.33330580871269916, 0.33333458890271406, 0.3333419747467227, 0.33323683763659695, 0.3333333333333335, 0.3333346335959845, 0.3333599289620307, 0.33333281411325066, 0.3333938189181243, 0.33353822318988263, 0.3333333333333335], ""kernels.0.base_kernel.kernels.1.base_kernel"": [0.6931481805599428, 0.6931481805599428, 0.6931481805599428], ""kernels.1.base_kernel.kernels.0"": [0.08841301878462718, 0.22489335562292562, 0.05000382081486321, 0.18366863321242435, 2.1130240531431808, 0.3333333333333335, 0.18919798555644612, 0.1960336865085885, 0.050010891091712084, 0.3015011353948831, 0.3475485305522711, 0.3333333333333335, 0.22337587867007344, 0.3084510822501729, 0.07781229987697193, 0.48452209634450605, 0.5749263293188692, 0.3333333333333335], ""kernels.1.base_kernel.kernels.1"": [0.6931481805599428, 0.6931481805599428, 0.6931481805599428]}","{""kernels.0"": 1.5584062520354472e-05, ""kernels.0.base_kernel.kernels.1"": 0.018924211058424293, ""kernels.1"": 0.3959174041632264}",10,5,30,15,15,archive,5,14
474,128.1188203869242,122.46234116197894,0.4984,local,-6.4223963096775964,-7.448028480143405,1.0256321704658085,0.04284384404902849,0.3209393902351413,archive,563,0,0.02952311747998856,0.005694792873329876,0.009081258024385117,0.00034592870975813455,0.1382930690351192,0.05000382080370277,0.3333333333333335,2.110316440318558,"{""kernels.0.base_kernel.kernels.0"": [0.3333198176530771, 0.333344867747371, 0.33333582113036914, 0.3333223106681847, 0.33292533834212845, 0.3333333333333335, 0.3333354861250806, 0.33330567008986056, 0.3333347536371542, 0.3333423683628868, 0.3332370712383733, 0.3333333333333335, 0.33333456400753453, 0.33335993930644503, 0.3333328728920892, 0.3333941262151556, 0.33353708033092017, 0.3333333333333335], ""kernels.0.base_kernel.kernels.1.base_kernel"": [0.6931481805599428, 0.6931481805599428, 0.6931481805599428], ""kernels.1.base_kernel.kernels.0"": [0.08828084285582441, 0.22487618987205552, 0.05000382080370277, 0.18334676351106, 2.110316440318558, 0.3333333333333335, 0.18903478928859532, 0.19571954150234244, 0.05001089245821471, 0.3027452429070762, 0.3461013655600048, 0.3333333333333335, 0.22459737074084488, 0.30883446258757885, 0.07789082162614662, 0.4868062655907638, 0.5766962617962617, 0.3333333333333335], ""kernels.1.base_kernel.kernels.1"": [0.6931481805599428, 0.6931481805599428, 0.6931481805599428]}","{""kernels.0"": 1.558443518702378e-05, ""kernels.0.base_kernel.kernels.1"": 0.01892420594247774, ""kernels.1"": 0.39593941672769284}",10,5,30,15,15,archive,5,15
475,273.13387700305043,122.46234116197894,0.5014,global,-9.974469899367929,-15.005716782371632,5.031246883003703,1.1494515595012076,1.400962191543015,global,,,0.2200445953709972,0.005677416605549818,0.009068839424441658,0.000345306318967507,0.13829301512683764,0.05000382080369949,0.3333333333333335,2.110315804445997,"{""kernels.0.base_kernel.kernels.0"": [0.33331981762744234, 0.333344867756843, 0.33333582114227006, 0.3333223106849725, 0.3329253369101991, 0.3333333333333335, 0.3333354861005518, 0.33330567004676753, 0.3333347536852668, 0.3333423684791185, 0.33323707131747854, 0.3333333333333335, 0.3333345639834541, 0.3333599393057201, 0.33333287290968017, 0.3333941263080205, 0.33353707996865695, 0.3333333333333335], ""kernels.0.base_kernel.kernels.1.base_kernel"": [0.6931481805599428, 0.6931481805599428, 0.6931481805599428], ""kernels.1.base_kernel.kernels.0"": [0.08828081712955699, 0.22487622659905568, 0.05000382080369949, 0.18334667312967914, 2.110315804445997, 0.3333333333333335, 0.1890347717364561, 0.1957194855192468, 0.05001089245863797, 0.30274557536700547, 0.3461011489421645, 0.3333333333333335, 0.22459771197792025, 0.30883460584429606, 0.07789084791294301, 0.4868069405072737, 0.5766968382709959, 0.3333333333333335], ""kernels.1.base_kernel.kernels.1"": [0.6931481805599428, 0.6931481805599428, 0.6931481805599428]}","{""kernels.0"": 1.5584435298364552e-05, ""kernels.0.base_kernel.kernels.1"": 0.018924205940899785, ""kernels.1"": 0.39593925500431476}",10,5,30,15,15,archive,6,16
476,130.81576760713392,122.46234116197894,0.499,global,-6.370966783827422,-15.373080245209561,9.00211346138214,0.8919887654434283,1.4126625241348318,global,,,0.04121537375683209,0.0056775408816131965,0.009070491783958495,0.00034557551004091384,0.13829301476467468,0.050003820803699486,0.3333333333333335,2.1103158031091134,"{""kernels.0.base_kernel.kernels.0"": [0.3333198176273797, 0.33334486775686506, 0.3333358211422976, 0.3333223106850084, 0.3329253369070204, 0.3333333333333335, 0.3333354861004989, 0.3333056700466735, 0.3333347536853756, 0.33334236847938464, 0.3332370713176502, 0.3333333333333335, 0.33333456398340067, 0.33335993930571955, 0.3333328729097199, 0.33339412630823084, 0.3335370799678294, 0.3333333333333335], ""kernels.0.base_kernel.kernels.1.base_kernel"": [0.6931481805599428, 0.6931481805599428, 0.6931481805599428], ""kernels.1.base_kernel.kernels.0"": [0.08828081711953881, 0.2248762266104435, 0.050003820803699486, 0.18334667285489548, 2.1103158031091134, 0.3333333333333335, 0.18903477164697427, 0.195719485277737, 0.05001089245863891, 0.3027455760337848, 0.3461011483918235, 0.3333333333333335, 0.2245977126567825, 0.3088346061304336, 0.0778908479637213, 0.48680694198672475, 0.5766968393016892, 0.3333333333333335], ""kernels.1.base_kernel.kernels.1"": [0.6931481805599428, 0.6931481805599428, 0.6931481805599428]}","{""kernels.0"": 1.5584435298611293e-05, ""kernels.0.base_kernel.kernels.1"": 0.018924205940896246, ""kernels.1"": 0.39593925391782914}",10,5,30,15,15,archive,4,17
477,137.37002278868516,122.46234116197894,0.4996,local,-6.739680713317879,-17.60820369900297,10.868522985685091,0.125409567571226,0.8631486280865778,archive,418,25,0.05908805114777855,0.005674361813074874,0.009066100464213288,0.00034559882778074816,0.13829301215159076,0.05000382080369945,0.3333333333333335,2.110315797237409,"{""kernels.0.base_kernel.kernels.0"": [0.3333198176270724, 0.33334486775697697, 0.33333582114243465, 0.33332231068518375, 0.3329253368913231, 0.3333333333333335, 0.33333548610023883, 0.3333056700462342, 0.3333347536859231, 0.3333423684806819, 0.33323707131845604, 0.3333333333333335, 0.33333456398315586, 0.33335993930572405, 0.33333287290991825, 0.333394126309297, 0.33353707996378174, 0.3333333333333335], ""kernels.0.base_kernel.kernels.1.base_kernel"": [0.6931481805599428, 0.6931481805599428, 0.6931481805599428], ""kernels.1.base_kernel.kernels.0"": [0.08828081709122523, 0.22487622705162205, 0.05000382080369945, 0.18334667140813984, 2.110315797237409, 0.3333333333333335, 0.18903477151182524, 0.1957194842325374, 0.050010892458643624, 0.3027455794104551, 0.3461011466386965, 0.3333333333333335, 0.2245977164479268, 0.30883460774241367, 0.07789084822009759, 0.48680694951940534, 0.5766968453685722, 0.3333333333333335], ""kernels.1.base_kernel.kernels.1"": [0.6931481805599428, 0.6931481805599428, 0.6931481805599428]}","{""kernels.0"": 1.55844352998303e-05, ""kernels.0.base_kernel.kernels.1"": 0.018924205940878715, ""kernels.1"": 0.39593924607859377}",10,5,30,15,15,archive,3,18
478,126.03298604010064,122.46234116197894,0.5002,global,-6.633271054148047,-16.032387034541113,9.399115980393066,1.0970937869518482,1.4119667399699225,global,,,0.022097304411493376,0.005672605227139369,0.009065765843469489,0.00034600259018101743,0.13829300438074763,0.050003820803699375,0.3333333333333335,2.110315791572419,"{""kernels.0.base_kernel.kernels.0"": [0.3333198176263688, 0.33334486775724154, 0.3333358211427675, 0.3333223106855899, 0.3329253368539342, 0.3333333333333335, 0.33333548609961405, 0.3333056700452058, 0.3333347536872078, 0.3333423684839577, 0.3332370713203968, 0.3333333333333335, 0.3333345639825858, 0.3333599393059013, 0.33333287291038466, 0.3333941263118503, 0.33353707995438187, 0.3333333333333335], ""kernels.0.base_kernel.kernels.1.base_kernel"": [0.6931481805599428, 0.6931481805599428, 0.6931481805599428], ""kernels.1.base_kernel.kernels.0"": [0.08828081701012054, 0.2248762292869202, 0.050003820803699375, 0.18334666815318135, 2.110315791572419, 0.3333333333333335, 0.18903477090206988, 0.19571948206138876, 0.05001089245865464, 0.30274558746297514, 0.34610114226299615, 0.3333333333333335, 0.2245977253923737, 0.30883461230704273, 0.07789084879699797, 0.48680696710646765, 0.5766968598537064, 0.3333333333333335], ""kernels.1.base_kernel.kernels.1"": [0.6931481805599428, 0.6931481805599428, 0.6931481805599428]}","{""kernels.0"": 1.5584435302688852e-05, ""kernels.0.base_kernel.kernels.1"": 0.018924205940837754, ""kernels.1"": 0.3959392227661024}",10,5,30,15,15,archive,4,19
479,124.7472463427514,122.46234116197894,0.5,local,-7.098202431157113,-17.640187079274437,10.541984648117324,0.07470697888431238,0.4603662061968376,archive,418,25,0.017597936299545796,0.005660468412241165,0.009044678817714896,0.00034468466106951114,0.13829224973785278,0.050003820803693144,0.3333333333333335,2.1103153311878415,"{""kernels.0.base_kernel.kernels.0"": [0.3333198175705623, 0.3333448677785189, 0.3333358211694942, 0.33332231071849194, 0.3329253338697605, 0.3333333333333335, 0.3333354860501403, 0.3333056699620545, 0.3333347537900137, 0.33334236874845824, 0.33323707147658066, 0.3333333333333335, 0.3333345639399817, 0.33335993932073477, 0.33333287294823843, 0.33339412651644157, 0.33353707921552106, 0.3333333333333335], ""kernels.0.base_kernel.kernels.1.base_kernel"": [0.6931481805599428, 0.6931481805599428, 0.6931481805599428], ""kernels.1.base_kernel.kernels.0"": [0.0882808235413963, 0.22487642651541045, 0.050003820803693144, 0.18334643280070445, 2.1103153311878415, 0.3333333333333335, 0.18903474833339717, 0.195719312578467, 0.050010892459534564, 0.3027463511321211, 0.34610087208752865, 0.3333333333333335, 0.22459848731616344, 0.30883496150888345, 0.07789090205700376, 0.4868083638554753, 0.5766980543806819, 0.3333333333333335], ""kernels.1.base_kernel.kernels.1"": [0.6931481805599428, 0.6931481805599428, 0.6931481805599428]}","{""kernels.0"": 1.5584435530327293e-05, ""kernels.0.base_kernel.kernels.1"": 0.018924205937580735, ""kernels.1"": 0.39593695884044733}",10,5,30,15,15,archive,5,20
480,131.06755552179766,122.46234116197894,0.4992,global,-6.628937201617172,-14.785676033701565,8.156738832084393,1.1926330127370834,1.4126747588909352,global,,,0.044532139468285346,0.005648827535945995,0.009015624984392668,0.0003427415352112661,0.13829107346259872,0.050003820803683915,0.3333333333333335,2.110314312696356,"{""kernels.0.base_kernel.kernels.0"": [0.33331981749053696, 0.3333448678129111, 0.33333582120871574, 0.33332231076531904, 0.332925329525885, 0.3333333333333335, 0.3333354859772784, 0.3333056698339882, 0.3333347539420307, 0.3333423691435454, 0.33323707171433825, 0.3333333333333335, 0.3333345638766739, 0.3333599393425695, 0.33333287300232495, 0.3333941268072676, 0.3335370781631357, 0.3333333333333335], ""kernels.0.base_kernel.kernels.1.base_kernel"": [0.6931481805599428, 0.6931481805599428, 0.6931481805599428], ""kernels.1.base_kernel.kernels.0"": [0.08828085677970751, 0.22487679808290367, 0.050003820803683915, 0.18334607378657572, 2.110314312696356, 0.3333333333333335, 0.18903464422070354, 0.19571900459801753, 0.05001089246083281, 0.3027475402690768, 0.346100621590509, 0.3333333333333335, 0.22459976725057404, 0.30883543996394064, 0.0778909820149207, 0.4868104558870511, 0.5767001241736386, 0.3333333333333335], ""kernels.1.base_kernel.kernels.1"": [0.6931481805599428, 0.6931481805599428, 0.6931481805599428]}","{""kernels.0"": 1.5584435865308993e-05, ""kernels.0.base_kernel.kernels.1"": 0.018924205932789123, ""kernels.1"": 0.3959334300191417}",10,5,30,15,15,archive,6,21
481,133.5252816588509,122.46234116197894,0.4988,global,-6.998390052130378,-15.699342741431543,8.700952689301165,0.9623320867285258,1.4129520423885742,global,,,0.05304826554129033,0.005646353714802435,0.00901257503651665,0.00034286803672395837,0.13829106294167326,0.05000382080368384,0.3333333333333335,2.110314304671711,"{""kernels.0.base_kernel.kernels.0"": [0.33331981748989475, 0.33334486781319833, 0.333335821209029, 0.33332231076573937, 0.3329253294910958, 0.3333333333333335, 0.33333548597668317, 0.33330566983296217, 0.3333347539432524, 0.3333423691467045, 0.3332370717161494, 0.3333333333333335, 0.3333345638761857, 0.3333599393427522, 0.33333287300275316, 0.3333941268096203, 0.3335370781548725, 0.3333333333333335], ""kernels.0.base_kernel.kernels.1.base_kernel"": [0.6931481805599428, 0.6931481805599428, 0.6931481805599428], ""kernels.1.base_kernel.kernels.0"": [0.08828085701874513, 0.224876801778778, 0.05000382080368384, 0.1833460731901548, 2.110314304671711, 0.3333333333333335, 0.18903464301361958, 0.19571900233641606, 0.05001089246084319, 0.3027475497202513, 0.3461006185993603, 0.3333333333333335, 0.22459977804526202, 0.3088354442713504, 0.07789098263630252, 0.4868104725996745, 0.5767001421431237, 0.3333333333333335], ""kernels.1.base_kernel.kernels.1"": [0.6931481805599428, 0.6931481805599428, 0.6931481805599428]}","{""kernels.0"": 1.558443586798057e-05, ""kernels.0.base_kernel.kernels.1"": 0.01892420593275102, ""kernels.1"": 0.3959333984564008}",10,5,30,15,15,archive,5,22
482,132.7302076490794,122.46234116197894,0.4998,global,-7.3619589584259355,-15.196594279757754,7.8346353213318185,1.2179571252029426,1.4142022300446626,global,,,0.07736865737458773,0.0056445916650155505,0.009011363831838249,0.0003431623080794915,0.1382910618052735,0.05000382080368383,0.3333333333333335,2.110314304417833,"{""kernels.0.base_kernel.kernels.0"": [0.3333198174898364, 0.3333448678132332, 0.3333358212090577, 0.3333223107657771, 0.3329253294879287, 0.3333333333333335, 0.3333354859766286, 0.33330566983286636, 0.3333347539433642, 0.3333423691469908, 0.3332370717163454, 0.3333333333333335, 0.33333456387614224, 0.3333599393427678, 0.33333287300279196, 0.3333941268098361, 0.3335370781541287, 0.3333333333333335], ""kernels.0.base_kernel.kernels.1.base_kernel"": [0.6931481805599428, 0.6931481805599428, 0.6931481805599428], ""kernels.1.base_kernel.kernels.0"": [0.08828085704460223, 0.22487680249727673, 0.05000382080368383, 0.18334607312771603, 2.110314304417833, 0.3333333333333335, 0.1890346429246216, 0.19571900211388724, 0.050010892460844135, 0.3027475505872393, 0.346100618694125, 0.3333333333333335, 0.22459977906838985, 0.3088354446401213, 0.07789098269416578, 0.4868104741858897, 0.5767001437677681, 0.3333333333333335], ""kernels.1.base_kernel.kernels.1"": [0.6931481805599428, 0.6931481805599428, 0.6931481805599428]}","{""kernels.0"": 1.5584435868223105e-05, ""kernels.0.base_kernel.kernels.1"": 0.018924205932747563, ""kernels.1"": 0.39593339504720476}",10,5,30,15,15,archive,6,23
483,125.94329674234405,122.46234116197894,0.4984,global,-7.269645082783934,-16.943732134889256,9.674087052105321,1.409085200091595,1.412380758757743,global,,,0.015516830136229278,0.005641822813356249,0.009007464779005716,0.0003432422153527002,0.13829106135427935,0.05000382080368383,0.3333333333333335,2.1103143062027048,"{""kernels.0.base_kernel.kernels.0"": [0.33331981748980233, 0.33334486781324796, 0.33333582120907174, 0.33332231076578, 0.33292532948645537, 0.3333333333333335, 0.33333548597660856, 0.3333056698328298, 0.333334753943421, 0.3333423691471195, 0.333237071716415, 0.3333333333333335, 0.3333345638761458, 0.33335993934277225, 0.3333328730028158, 0.33339412680994307, 0.33353707815372113, 0.3333333333333335], ""kernels.0.base_kernel.kernels.1.base_kernel"": [0.6931481805599428, 0.6931481805599428, 0.6931481805599428], ""kernels.1.base_kernel.kernels.0"": [0.0882808570454928, 0.22487680284931863, 0.05000382080368383, 0.1833460728025002, 2.1103143062027048, 0.3333333333333335, 0.18903464297443875, 0.19571900195611003, 0.050010892460844614, 0.30274755100085377, 0.3461006184799447, 0.3333333333333335, 0.22459977981209045, 0.3088354449515764, 0.0778909827178677, 0.4868104750110912, 0.576700145271137, 0.3333333333333335], ""kernels.1.base_kernel.kernels.1"": [0.6931481805599428, 0.6931481805599428, 0.6931481805599428]}","{""kernels.0"": 1.5584435868336963e-05, ""kernels.0.base_kernel.kernels.1"": 0.018924205932745818, ""kernels.1"": 0.3959333936942239}",10,5,30,15,15,archive,7,24
484,136.3913549270203,122.46234116197894,0.4992,local,-6.614670872303881,-18.95728721157912,12.34261633927524,0.14009526649673462,0.7396028481265605,archive,358,38,0.08103359740193587,0.005625675976597563,0.009013603202896533,0.00034402700985698654,0.13728728269227256,0.05000382079619905,0.3333333333333335,2.1144191040842073,"{""kernels.0.base_kernel.kernels.0"": [0.3333197456546169, 0.3333448998512691, 0.33333585077648165, 0.33332231634304554, 0.3329222139481797, 0.3333333333333335, 0.33333544300791795, 0.33330560362961714, 0.33333487379341076, 0.33334263970027544, 0.3332372331912991, 0.3333333333333335, 0.3333345700560989, 0.3333599496460798, 0.3333329237215525, 0.33339435162356795, 0.33353622114047166, 0.3333333333333335], ""kernels.0.base_kernel.kernels.1.base_kernel"": [0.6931481805599428, 0.6931481805599428, 0.6931481805599428], ""kernels.1.base_kernel.kernels.0"": [0.08829529276270019, 0.225617866970549, 0.05000382079619905, 0.1827298388811732, 2.1144191040842073, 0.3333333333333335, 0.18917173947532812, 0.19526230800974848, 0.05001089346049124, 0.30361096363183576, 0.3457114037722514, 0.3333333333333335, 0.2261572594388567, 0.3095070217634695, 0.07793875415887119, 0.48851882815201186, 0.5798845931866042, 0.3333333333333335], ""kernels.1.base_kernel.kernels.1"": [0.6931481805599428, 0.6931481805599428, 0.6931481805599428]}","{""kernels.0"": 1.5584673186405985e-05, ""kernels.0.base_kernel.kernels.1"": 0.0189242023060751, ""kernels.1"": 0.3929220610975562}",10,5,30,15,15,archive,3,25
485,124.83347759235328,122.46234116197894,0.4986,local,-6.93102919084572,-14.135930538970143,7.204901348124423,0.08219661986006323,0.42495812776737724,archive,402,28,0.008375010449527435,0.005623773248176199,0.009013021403108714,0.0003443991200191135,0.13728728358556275,0.05000382079619904,0.3333333333333335,2.1144191074145913,"{""kernels.0.base_kernel.kernels.0"": [0.33331974565454314, 0.33334489985129134, 0.33333585077650846, 0.33332231634304416, 0.33292221394499627, 0.3333333333333335, 0.33333544300788354, 0.33330560362953204, 0.33333487379352, 0.3333426397004974, 0.33323723319139753, 0.3333333333333335, 0.3333345700560875, 0.33335994964608334, 0.3333329237215989, 0.3333943516237637, 0.3335362211396678, 0.3333333333333335], ""kernels.0.base_kernel.kernels.1.base_kernel"": [0.6931481805599428, 0.6931481805599428, 0.6931481805599428], ""kernels.1.base_kernel.kernels.0"": [0.08829529271252295, 0.22561786714211293, 0.05000382079619904, 0.18272983819056393, 2.1144191074145913, 0.3333333333333335, 0.18917173962965478, 0.19526230742494405, 0.05001089346049219, 0.3036109638389251, 0.34571140260042954, 0.3333333333333335, 0.2261572605775117, 0.30950702201254443, 0.07793875420735995, 0.4885188293124471, 0.5798845947373398, 0.3333333333333335], ""kernels.1.base_kernel.kernels.1"": [0.6931481805599428, 0.6931481805599428, 0.6931481805599428]}","{""kernels.0"": 1.5584673186650428e-05, ""kernels.0.base_kernel.kernels.1"": 0.018924202306071624, ""kernels.1"": 0.39292206377742994}",10,5,30,15,15,archive,4,26
486,125.48437915884048,122.46234116197894,0.5006,local,-7.477679544223536,-18.962025336082505,11.484345791858969,0.08418730157383582,0.29671193207428626,archive,358,39,0.01632297708320773,0.005273397456066029,0.009030689048984268,0.00034604037820496473,0.13728728453932024,0.050003820796199035,0.3333333333333335,2.114419110343817,"{""kernels.0.base_kernel.kernels.0"": [0.3333197456544698, 0.3333448998513141, 0.33333585077653477, 0.33332231634304227, 0.3329222139418072, 0.3333333333333335, 0.33333544300785084, 0.3333056036294449, 0.3333348737936292, 0.3333426397007208, 0.33323723319143417, 0.3333333333333335, 0.3333345700560804, 0.33335994964607585, 0.33333292372164625, 0.3333943516239683, 0.3335362211388723, 0.3333333333333335], ""kernels.0.base_kernel.kernels.1.base_kernel"": [0.6931481805599428, 0.6931481805599428, 0.6931481805599428], ""kernels.1.base_kernel.kernels.0"": [0.08829529266520786, 0.22561786733581013, 0.050003820796199035, 0.1827298375431364, 2.114419110343817, 0.3333333333333335, 0.18917173990104563, 0.19526230683398685, 0.050010893460493124, 0.3036109641407642, 0.34571140072267115, 0.3333333333333335, 0.22615726181462276, 0.30950702220177717, 0.07793875425730235, 0.4885188306519588, 0.5798845962438409, 0.3333333333333335], ""kernels.1.base_kernel.kernels.1"": [0.6931481805599428, 0.6931481805599428, 0.6931481805599428]}","{""kernels.0"": 1.558467318689637e-05, ""kernels.0.base_kernel.kernels.1"": 0.018924202306068175, ""kernels.1"": 0.39292206663870566}",10,5,30,15,15,archive,4,27
487,132.7622106778915,122.46234116197894,0.4992,local,-6.7687700953323,-18.865865857726423,12.097095762394122,0.12555994346126775,0.5824498812652609,archive,358,39,0.061377887602798956,0.005246109043733682,0.008975270001871035,0.000342087032486954,0.13839367265138264,0.05000382072147982,0.3333333333333335,2.143320196911647,"{""kernels.0.base_kernel.kernels.0"": [0.3333190585632847, 0.33334519379898525, 0.3333361073421265, 0.3333223405798113, 0.33289226565109814, 0.3333333333333335, 0.3333351617947911, 0.33330482625946795, 0.3333359373223247, 0.3333448895038382, 0.33323791998676094, 0.3333333333333335, 0.33333450208009563, 0.3333598916699113, 0.3333333873194928, 0.33339639174530594, 0.3335285760363652, 0.3333333333333335], ""kernels.0.base_kernel.kernels.1.base_kernel"": [0.6931481805599428, 0.6931481805599428, 0.6931481805599428], ""kernels.1.base_kernel.kernels.0"": [0.08824566931217219, 0.2301007654892527, 0.05000382072147982, 0.17760274543994461, 2.143320196911647, 0.3333333333333335, 0.19329519657111296, 0.19180892558895915, 0.05001090269889247, 0.3086961637008555, 0.33288680697316547, 0.3333333333333335, 0.2391005124809633, 0.3124892911443134, 0.07864065667389697, 0.5029101846443054, 0.5978392958933152, 0.3333333333333335], ""kernels.1.base_kernel.kernels.1"": [0.6931481805599428, 0.6931481805599428, 0.6931481805599428]}","{""kernels.0"": 1.558702174387659e-05, ""kernels.0.base_kernel.kernels.1"": 0.018924168502618927, ""kernels.1"": 0.39624126242978513}",10,5,30,15,15,archive,3,28
488,129.67729677685634,122.46234116197894,0.499,local,-6.757124404229131,-11.09283616938324,4.335711765154109,0.06932003515293626,0.5073789483558558,archive,583,24,0.04171068256490774,0.005244676958204512,0.008974540645388282,0.0003424085357542545,0.13839367284157436,0.05000382072147981,0.3333333333333335,2.143320197031585,"{""kernels.0.base_kernel.kernels.0"": [0.33331905856323046, 0.33334519379902466, 0.3333361073421488, 0.33332234057983046, 0.3328922656485313, 0.3333333333333335, 0.3333351617947491, 0.33330482625941565, 0.3333359373224161, 0.33334488950401414, 0.333237919986894, 0.3333333333333335, 0.3333345020800321, 0.33335989166989516, 0.3333333873195286, 0.33339639174545976, 0.33352857603560215, 0.3333333333333335], ""kernels.0.base_kernel.kernels.1.base_kernel"": [0.6931481805599428, 0.6931481805599428, 0.6931481805599428], ""kernels.1.base_kernel.kernels.0"": [0.08824566930665076, 0.23010076568775992, 0.05000382072147981, 0.17760274539084894, 2.143320197031585, 0.3333333333333335, 0.1932951969508476, 0.19180892616317832, 0.0500109026988934, 0.3086961639786408, 0.3328868069136875, 0.3333333333333335, 0.2391005124378744, 0.31248929138566095, 0.07864065675609666, 0.5029101854025242, 0.5978392953913065, 0.3333333333333335], ""kernels.1.base_kernel.kernels.1"": [0.6931481805599428, 0.6931481805599428, 0.6931481805599428]}","{""kernels.0"": 1.5587021744113876e-05, ""kernels.0.base_kernel.kernels.1"": 0.018924168502615565, ""kernels.1"": 0.39624126300036344}",10,5,30,15,15,archive,5,29
489,133.19345886839915,122.46234116197894,0.5002,global,-8.26028991404059,-15.398062677969108,7.137772763928519,0.7569656845537257,1.4140166333101813,global,,,0.050568179211549075,0.005241403620226016,0.008968885059063982,0.0003423174495075091,0.1383936737119767,0.05000382072147932,0.3333333333333335,2.143320221441013,"{""kernels.0.base_kernel.kernels.0"": [0.3333190585597267, 0.33334519380152833, 0.33333610734359226, 0.33332234058132265, 0.33289226548152034, 0.3333333333333335, 0.3333351617921529, 0.33330482625587593, 0.3333359373283901, 0.33334488951583063, 0.3332379199952934, 0.3333333333333335, 0.3333345020761523, 0.33335989166864854, 0.3333333873219228, 0.3333963917556472, 0.33352857598664926, 0.3333333333333335], ""kernels.0.base_kernel.kernels.1.base_kernel"": [0.6931481805599428, 0.6931481805599428, 0.6931481805599428], ""kernels.1.base_kernel.kernels.0"": [0.08824566878718901, 0.23010077569204218, 0.05000382072147932, 0.1776027531304731, 2.143320221441013, 0.3333333333333335, 0.1932952255740077, 0.19180896071240613, 0.05001090269895328, 0.30869619254145314, 0.3328868093646763, 0.3333333333333335, 0.23910051022514667, 0.31248930778021755, 0.0786406622898109, 0.5029102356484625, 0.5978392619897003, 0.3333333333333335], ""kernels.1.base_kernel.kernels.1"": [0.6931481805599428, 0.6931481805599428, 0.6931481805599428]}","{""kernels.0"": 1.5587021759467314e-05, ""kernels.0.base_kernel.kernels.1"": 0.018924168502398475, ""kernels.1"": 0.39624126561177214}",10,5,30,15,15,archive,5,30
490,126.41741566062177,122.46234116197894,0.5002,global,-7.215344034597669,-15.503829604254257,8.288485569656588,0.8733012864070686,1.4140794193939465,global,,,0.01484466797791985,0.0052402246000589,0.008968928829953223,0.0003427027740378311,0.1383936730389972,0.05000382072147923,0.3333333333333335,2.1433202285547766,"{""kernels.0.base_kernel.kernels.0"": [0.3333190585591458, 0.3333451938020274, 0.333336107343854, 0.33332234058151367, 0.3328922654506602, 0.3333333333333335, 0.3333351617916345, 0.333304826255243, 0.3333359373294894, 0.3333448895180971, 0.33323791999701363, 0.3333333333333335, 0.33333450207538873, 0.3333598916683375, 0.333333387322351, 0.3333963917573385, 0.3335285759775579, 0.3333333333333335], ""kernels.0.base_kernel.kernels.1.base_kernel"": [0.6931481805599428, 0.6931481805599428, 0.6931481805599428], ""kernels.1.base_kernel.kernels.0"": [0.08824566909835546, 0.23010078003838094, 0.05000382072147923, 0.1776027525158029, 2.1433202285547766, 0.3333333333333335, 0.19329523046252012, 0.1918089686375611, 0.05001090269896416, 0.30869620039237644, 0.332886806250201, 0.3333333333333335, 0.239100507592661, 0.3124893083050336, 0.07864066330697563, 0.5029102411636717, 0.5978392504360907, 0.3333333333333335], ""kernels.1.base_kernel.kernels.1"": [0.6931481805599428, 0.6931481805599428, 0.6931481805599428]}","{""kernels.0"": 1.5587021762325755e-05, ""kernels.0.base_kernel.kernels.1"": 0.01892416850235962, ""kernels.1"": 0.3962412635928696}",10,5,30,15,15,archive,5,31
491,127.94484010960545,122.46234116197894,0.5008,local,-6.824235899885521,-11.16369680931544,4.339460909429919,0.06011363547794377,0.5461616090434332,archive,583,24,0.042796950741131684,0.004998248556062319,0.008950160852084008,0.0003415642958697075,0.1383937130935378,0.050003820721472296,0.3333333333333335,2.1433212277120375,"{""kernels.0.base_kernel.kernels.0"": [0.33331905851735205, 0.3333451938436678, 0.3333361073631626, 0.33332234059313665, 0.3328922631764732, 0.3333333333333335, 0.33333516176128153, 0.3333048262214054, 0.33333593740830525, 0.33334488967926057, 0.3332379201621014, 0.3333333333333335, 0.33333450202026527, 0.3333598916691853, 0.33333338734915147, 0.3333963918589796, 0.33352857535838787, 0.3333333333333335], ""kernels.0.base_kernel.kernels.1.base_kernel"": [0.6931481805599428, 0.6931481805599428, 0.6931481805599428], ""kernels.1.base_kernel.kernels.0"": [0.0882456797821961, 0.23010118542675706, 0.050003820721472296, 0.1776026952290192, 2.1433212277120375, 0.3333333333333335, 0.19329553000443575, 0.1918095320500883, 0.05001090269974268, 0.30869673046047175, 0.3328872693389365, 0.3333333333333335, 0.23910024751607026, 0.31248924788472054, 0.07864072330374382, 0.5029102803229185, 0.5978386326303988, 0.3333333333333335], ""kernels.1.base_kernel.kernels.1"": [0.6931481805599428, 0.6931481805599428, 0.6931481805599428]}","{""kernels.0"": 1.5587021967701064e-05, ""kernels.0.base_kernel.kernels.1"": 0.018924168499587873, ""kernels.1"": 0.39624138375905776}",10,5,30,15,15,archive,6,32
492,154.0634137100201,122.46234116197894,0.4998,global,-6.493076876066481,-18.722146720621385,12.229069844554903,1.165132881614306,1.4134927659408876,global,,,0.06783667961981124,0.004997548541643292,0.008951901331977014,0.0003420190995413863,0.13839371283102914,0.05000382072147221,0.3333333333333335,2.1433212431663007,"{""kernels.0.base_kernel.kernels.0"": [0.33331905851680377, 0.33334519384433325, 0.3333361073634437, 0.3333223405933003, 0.3328922631424697, 0.3333333333333335, 0.33333516176101946, 0.33330482622093904, 0.3333359374094373, 0.33334488968137993, 0.33323792016427994, 0.3333333333333335, 0.33333450201966225, 0.33335989166955077, 0.3333333873495468, 0.33339639186019354, 0.3335285753503438, 0.3333333333333335], ""kernels.0.base_kernel.kernels.1.base_kernel"": [0.6931481805599428, 0.6931481805599428, 0.6931481805599428], ""kernels.1.base_kernel.kernels.0"": [0.08824567966765322, 0.23010119110908414, 0.05000382072147221, 0.1776026957542322, 2.1433212431663007, 0.3333333333333335, 0.1932955362403054, 0.19180954083728818, 0.05001090269975353, 0.30869673387082514, 0.3328872745362713, 0.3333333333333335, 0.23910024193988424, 0.31248924834823766, 0.07864072394454982, 0.5029102802200608, 0.5978386196775611, 0.3333333333333335], ""kernels.1.base_kernel.kernels.1"": [0.6931481805599428, 0.6931481805599428, 0.6931481805599428]}","{""kernels.0"": 1.558702197065592e-05, ""kernels.0.base_kernel.kernels.1"": 0.018924168499549584, ""kernels.1"": 0.3962413829715672}",10,5,30,15,15,archive,4,33
493,148.1848236582307,122.46234116197894,0.5016,local,-6.382230572973574,-11.165410404577436,4.783179831603862,0.154741651913923,0.6531680507476817,archive,583,24,0.07565644021150969,0.004999191908909967,0.008962270011055028,0.00034334836134493313,0.13839371401268147,0.050003820721472206,0.3333333333333335,2.143321244083092,"{""kernels.0.base_kernel.kernels.0"": [0.3333190585167552, 0.3333451938443823, 0.3333361073634685, 0.33332234059331056, 0.3328922631393953, 0.3333333333333335, 0.33333516176099454, 0.3333048262209109, 0.33333593740953277, 0.3333448896815043, 0.33323792016461745, 0.3333333333333335, 0.33333450201959225, 0.3333598916693948, 0.3333333873495684, 0.3333963918600157, 0.3335285753502704, 0.3333333333333335], ""kernels.0.base_kernel.kernels.1.base_kernel"": [0.6931481805599428, 0.6931481805599428, 0.6931481805599428], ""kernels.1.base_kernel.kernels.0"": [0.08824567966050975, 0.2301011915368826, 0.050003820721472206, 0.17760269563695127, 2.143321244083092, 0.3333333333333335, 0.19329553711657405, 0.191809541279988, 0.05001090269975447, 0.3086967338633616, 0.3328872754411861, 0.3333333333333335, 0.23910024121770704, 0.3124892477812536, 0.07864072401491248, 0.5029102767750042, 0.5978386173826299, 0.3333333333333335], ""kernels.1.base_kernel.kernels.1"": [0.6931481805599428, 0.6931481805599428, 0.6931481805599428]}","{""kernels.0"": 1.558702197092023e-05, ""kernels.0.base_kernel.kernels.1"": 0.018924168499546257, ""kernels.1"": 0.39624138651652724}",10,5,30,15,15,archive,4,34
494,141.2739102242363,122.46234116197894,0.4984,local,-6.59882573959368,-11.150614973737255,4.551789234143575,0.07354101911471507,0.5457179344119372,archive,583,24,0.039230820945642085,0.0050133529656055205,0.00901966908033832,0.00034825729882990156,0.13963378466603282,0.05000382068463382,0.3333333333333335,2.154076754440785,"{""kernels.0.base_kernel.kernels.0"": [0.3333188029556202, 0.33334557691714345, 0.33333625168575953, 0.33332243848314985, 0.33287636765244494, 0.3333333333333335, 0.33333500740422295, 0.33330466788280205, 0.33333652128989577, 0.3333453303147699, 0.33323977560300627, 0.3333333333333335, 0.33333406869851084, 0.3333589932629965, 0.33333351747226225, 0.333394604512683, 0.33352689014178766, 0.3333333333333335], ""kernels.0.base_kernel.kernels.1.base_kernel"": [0.6931481805599428, 0.6931481805599428, 0.6931481805599428], ""kernels.1.base_kernel.kernels.0"": [0.08839773051170671, 0.2347054543206275, 0.05000382068463382, 0.17810569546502847, 2.154076754440785, 0.3333333333333335, 0.19898387823469615, 0.19600209590133608, 0.05001090838094123, 0.30929342868336335, 0.3410286689129923, 0.3333333333333335, 0.23444572181153625, 0.3114576831709323, 0.07915322916582733, 0.4774644135390673, 0.5754073417982069, 0.3333333333333335], ""kernels.1.base_kernel.kernels.1"": [0.6931481805599428, 0.6931481805599428, 0.6931481805599428]}","{""kernels.0"": 1.5588553311795653e-05, ""kernels.0.base_kernel.kernels.1"": 0.01892414890816659, ""kernels.1"": 0.3999616165366201}",10,5,30,15,15,archive,4,35
495,135.49035003936447,122.46234116197894,0.4994,local,-5.093019213354692,-18.933674849095304,13.840655635740612,0.0943371549393847,0.5308464781011956,archive,358,39,0.03118478166500414,0.005026109401788723,0.009064724971466624,0.0003522286930096277,0.13963381367362535,0.050003820684633736,0.3333333333333335,2.154076791350946,"{""kernels.0.base_kernel.kernels.0"": [0.33331880295530175, 0.3333455769174452, 0.3333362516860126, 0.3333224384833738, 0.3328763676324234, 0.3333333333333335, 0.33333500740352223, 0.33330466788136554, 0.3333365212908954, 0.3333453303151742, 0.33323977560138535, 0.3333333333333335, 0.3333340686974275, 0.33335899326150004, 0.3333335174723167, 0.33339460451093056, 0.3335268901367374, 0.3333333333333335], ""kernels.0.base_kernel.kernels.1.base_kernel"": [0.6931481805599428, 0.6931481805599428, 0.6931481805599428], ""kernels.1.base_kernel.kernels.0"": [0.08839773085604824, 0.23470544314436606, 0.050003820684633736, 0.17810569493926517, 2.154076791350946, 0.3333333333333335, 0.19898387661223532, 0.1960020662875028, 0.05001090838095216, 0.3092934306876567, 0.3410286196757735, 0.3333333333333335, 0.23444572496895538, 0.3114576794905153, 0.07915322918106261, 0.4774643900106432, 0.5754073267072572, 0.3333333333333335], ""kernels.1.base_kernel.kernels.1"": [0.6931481805599428, 0.6931481805599428, 0.6931481805599428]}","{""kernels.0"": 1.5588553314626966e-05, ""kernels.0.base_kernel.kernels.1"": 0.018924148908129594, ""kernels.1"": 0.39996170355943184}",10,5,30,15,15,archive,3,36
496,133.1002144785446,122.46234116197894,0.499,local,-6.534570016510868,-13.342106344901444,6.807536328390576,0.1289469154496669,0.6348563786556349,archive,488,32,0.06522133663383123,0.00506248128712445,0.009183583251071872,0.0003619993348646501,0.13963382126925683,0.05000382068463372,0.3333333333333335,2.1540767884046192,"{""kernels.0.base_kernel.kernels.0"": [0.3333188029552675, 0.3333455769174395, 0.33333625168605263, 0.33332243848337045, 0.33287636762683903, 0.3333333333333335, 0.33333500740358146, 0.33330466788094315, 0.33333652129102403, 0.3333453303154, 0.3332397756006111, 0.3333333333333335, 0.33333406869731197, 0.333358993261379, 0.3333335174723358, 0.33339460451089487, 0.3335268901364765, 0.3333333333333335], ""kernels.0.base_kernel.kernels.1.base_kernel"": [0.6931481805599428, 0.6931481805599428, 0.6931481805599428], ""kernels.1.base_kernel.kernels.0"": [0.08839773062985934, 0.23470544265389542, 0.05000382068463372, 0.17810569476095597, 2.1540767884046192, 0.3333333333333335, 0.19898387728209724, 0.19600205532396822, 0.050010908380953754, 0.30929343107446433, 0.3410286032476537, 0.3333333333333335, 0.23444572549309786, 0.3114576801893157, 0.0791532292152595, 0.477464388410738, 0.5754073263445416, 0.3333333333333335], ""kernels.1.base_kernel.kernels.1"": [0.6931481805599428, 0.6931481805599428, 0.6931481805599428]}","{""kernels.0"": 1.5588553315151124e-05, ""kernels.0.base_kernel.kernels.1"": 0.01892414890812419, ""kernels.1"": 0.39996172634633115}",10,5,30,15,15,archive,4,37
497,126.4665105153019,122.46234116197894,0.4992,local,-6.496922671750252,-11.045339566179834,4.5484168944295815,0.05309445382288242,0.3807558755618538,archive,583,24,0.02320080510889718,0.005017269141518362,0.008978801850046177,0.00034633996376794623,0.1392448247073634,0.0500038206543321,0.3333333333333335,2.15121049247889,"{""kernels.0.base_kernel.kernels.0"": [0.33331876448331454, 0.33334569095736505, 0.33333636319752347, 0.333322498232168, 0.3328638342771535, 0.3333333333333335, 0.3333352170963954, 0.33330385373616384, 0.33333688828910113, 0.3333460641157385, 0.3332385692558363, 0.3333333333333335, 0.3333338284394452, 0.3333586614844466, 0.33333358475452735, 0.3333944914765216, 0.3335267236660058, 0.3333333333333335], ""kernels.0.base_kernel.kernels.1.base_kernel"": [0.6931481805599428, 0.6931481805599428, 0.6931481805599428], ""kernels.1.base_kernel.kernels.0"": [0.08830113800599657, 0.2387222619481228, 0.0500038206543321, 0.18080832415508008, 2.15121049247889, 0.3333333333333335, 0.2041190661934159, 0.17505701701857174, 0.05001091308898409, 0.3148363224606451, 0.311740590587507, 0.3333333333333335, 0.23801778250567063, 0.31666544609904185, 0.07967503918103581, 0.47538516547568715, 0.5882127928088189, 0.3333333333333335], ""kernels.1.base_kernel.kernels.1"": [0.6931481805599428, 0.6931481805599428, 0.6931481805599428]}","{""kernels.0"": 1.5589843675308044e-05, ""kernels.0.base_kernel.kernels.1"": 0.018924133436476705, ""kernels.1"": 0.3987947508419382}",10,5,30,15,15,archive,3,38
498,153.493302218272,122.46234116197894,0.4998,global,-6.614687309229495,-14.779241433940744,8.164554124711248,0.8659177779887505,1.355917359412788,global,,,0.08361242313318053,0.005007923704595463,0.008975597448806808,0.0003464014523707945,0.1395671280208375,0.05000382064427165,0.3333333333333335,2.1462226071879136,"{""kernels.0.base_kernel.kernels.0"": [0.33331873187579236, 0.3333457669498565, 0.3333364099124913, 0.33332247876157384, 0.3328584193240631, 0.3333333333333335, 0.33333524968713424, 0.33330394797160845, 0.33333702685377076, 0.33334616427265656, 0.3332389390540121, 0.3333333333333335, 0.3333336654261785, 0.3333584180049716, 0.33333359873899193, 0.333394320422514, 0.3335268009938792, 0.3333333333333335], ""kernels.0.base_kernel.kernels.1.base_kernel"": [0.6931481805599428, 0.6931481805599428, 0.6931481805599428], ""kernels.1.base_kernel.kernels.0"": [0.08806701207762375, 0.240256420174688, 0.05000382064427165, 0.18094285533690968, 2.1462226071879136, 0.3333333333333335, 0.20589597370939633, 0.17610465094903147, 0.05001091476744945, 0.3155856830539696, 0.30973571423968344, 0.3333333333333335, 0.23822951710964788, 0.31622622511328086, 0.07991616573099095, 0.4731717466049046, 0.5914634603366669, 0.3333333333333335], ""kernels.1.base_kernel.kernels.1"": [0.6931481805599428, 0.6931481805599428, 0.6931481805599428]}","{""kernels.0"": 1.5590340804972084e-05, ""kernels.0.base_kernel.kernels.1"": 0.018924127799802837, ""kernels.1"": 0.39976166592190476}",10,5,30,15,15,archive,4,39
499,128.25363840933872,122.46234116197894,0.499,global,-6.781975569474586,-15.27798280400201,8.496007234527424,0.8706534536467874,1.3928257015821186,global,,,0.027984769023229578,0.005008526113443307,0.008982637941463626,0.00034748009925970907,0.13956713273971663,0.05000382064427158,0.3333333333333335,2.1462225517135627,"{""kernels.0.base_kernel.kernels.0"": [0.3333187318756985, 0.3333457669502686, 0.3333364099127966, 0.33332247876131527, 0.33285841929050536, 0.3333333333333335, 0.33333524968743394, 0.3333039479719943, 0.3333370268546869, 0.3333461642731629, 0.3332389390558141, 0.3333333333333335, 0.33333366542501164, 0.33335841800354626, 0.33333359873910406, 0.33339432042109113, 0.3335268009933486, 0.3333333333333335], ""kernels.0.base_kernel.kernels.1.base_kernel"": [0.6931481805599428, 0.6931481805599428, 0.6931481805599428], ""kernels.1.base_kernel.kernels.0"": [0.08806701065830595, 0.2402564264845259, 0.05000382064427158, 0.1809428520770197, 2.1462225517135627, 0.3333333333333335, 0.2058959833505677, 0.17610465716231594, 0.05001091476746081, 0.315585686652799, 0.3097357070970823, 0.3333333333333335, 0.23822951962734792, 0.31622622450592125, 0.07991616742187328, 0.4731717324254698, 0.5914634814282134, 0.3333333333333335], ""kernels.1.base_kernel.kernels.1"": [0.6931481805599428, 0.6931481805599428, 0.6931481805599428]}","{""kernels.0"": 1.5590340808409215e-05, ""kernels.0.base_kernel.kernels.1"": 0.018924127799764743, ""kernels.1"": 0.3997616800785767}",10,5,30,15,15,archive,5,40
500,134.8886515621352,122.46234116197894,0.4984,global,-6.812608364205564,-17.765317676788765,10.9527093125832,0.8436899928113386,1.4103517730481845,global,,,0.05385722528345337,0.005007065532124174,0.00898073415312009,0.0003476627127884714,0.14025141930034876,0.050003820629449545,0.3333333333333335,2.1341730020885765,"{""kernels.0.base_kernel.kernels.0"": [0.33331870655146106, 0.3333458578629201, 0.3333364762912304, 0.33332242995513306, 0.33285133881368506, 0.3333333333333335, 0.333335307920344, 0.33330404265074315, 0.33333722405424876, 0.3333462675095487, 0.3332393427476231, 0.3333333333333335, 0.3333334073579303, 0.3333581330550957, 0.3333336217583416, 0.3333940235374005, 0.33352662868317534, 0.3333333333333335], ""kernels.0.base_kernel.kernels.1.base_kernel"": [0.6931481805599428, 0.6931481805599428, 0.6931481805599428], ""kernels.1.base_kernel.kernels.0"": [0.08777283228140081, 0.24163939476547, 0.050003820629449545, 0.18037277101481444, 2.1341730020885765, 0.3333333333333335, 0.20796072940822474, 0.1776490203188538, 0.050010917219824605, 0.3162842997884469, 0.3082402640314055, 0.3333333333333335, 0.23892229405787896, 0.31622706311688015, 0.0802685681836605, 0.47038344186495407, 0.5962530967324227, 0.3333333333333335], ""kernels.1.base_kernel.kernels.1"": [0.6931481805599428, 0.6931481805599428, 0.6931481805599428]}","{""kernels.0"": 1.559107188810096e-05, ""kernels.0.base_kernel.kernels.1"": 0.018924119596375428, ""kernels.1"": 0.4018145472327827}",10,5,30,15,15,archive,5,41
501,134.04424587984698,122.46234116197894,0.4984,global,-6.861759709460479,-14.81408360529333,7.952323895832851,0.8799391890854315,1.4124967942207536,global,,,0.07449052378870649,0.0050057175275380825,0.008980385282640897,0.000348037588255052,0.14025141899111027,0.05000382062944954,0.3333333333333335,2.1341729991535754,"{""kernels.0.base_kernel.kernels.0"": [0.33331870655145657, 0.33334585786295395, 0.3333364762912568, 0.3333224299551258, 0.3328513388113804, 0.3333333333333335, 0.333335307920358, 0.33330404265076846, 0.3333372240543349, 0.3333462675095861, 0.3332393427477924, 0.3333333333333335, 0.3333334073578174, 0.3333581330549626, 0.33333362175834763, 0.33339402353728, 0.3335266286830414, 0.3333333333333335], ""kernels.0.base_kernel.kernels.1.base_kernel"": [0.6931481805599428, 0.6931481805599428, 0.6931481805599428], ""kernels.1.base_kernel.kernels.0"": [0.08777283221305862, 0.24163939518826458, 0.05000382062944954, 0.18037277091351953, 2.1341729991535754, 0.3333333333333335, 0.20796073022089842, 0.17764902053599643, 0.050010917219825646, 0.31628430012540676, 0.3082402634230582, 0.3333333333333335, 0.23892229441150642, 0.3162270629990704, 0.08026856831788463, 0.47038344108662955, 0.5962530980179079, 0.3333333333333335], ""kernels.1.base_kernel.kernels.1"": [0.6931481805599428, 0.6931481805599428, 0.6931481805599428]}","{""kernels.0"": 1.5591071888384643e-05, ""kernels.0.base_kernel.kernels.1"": 0.01892411959637203, ""kernels.1"": 0.4018145463050704}",10,5,30,15,15,archive,4,42
502,131.66851444452348,122.46234116197894,0.5012,local,-7.00975957116181,-11.06521704877813,4.05545747761632,0.10044714517306932,0.6593958034520753,archive,583,24,0.04158825144609787,0.00500612391375348,0.008997956000845974,0.00034981019870612625,0.1399016699993676,0.050003820623649116,0.3333333333333335,2.1320727581992873,"{""kernels.0.base_kernel.kernels.0"": [0.3333187020112418, 0.333345881863296, 0.3333365005070563, 0.33332242476624546, 0.3328492939311199, 0.3333333333333335, 0.3333353092176052, 0.33330407659239947, 0.3333373038369307, 0.3333463161587995, 0.3332395381411186, 0.3333333333333335, 0.3333332931987301, 0.33335800764275936, 0.3333336232718173, 0.3333938970287655, 0.33352648567622656, 0.3333333333333335], ""kernels.0.base_kernel.kernels.1.base_kernel"": [0.6931481805599428, 0.6931481805599428, 0.6931481805599428], ""kernels.1.base_kernel.kernels.0"": [0.08770384134484177, 0.24194769376281902, 0.050003820623649116, 0.18033418924016556, 2.1320727581992873, 0.3333333333333335, 0.20869677672210307, 0.17786940367030948, 0.050010918185755836, 0.31671083234707254, 0.30759136839906726, 0.3333333333333335, 0.23923658431094955, 0.3161315703957112, 0.08038458640868358, 0.4695942828988319, 0.5973639844632849, 0.3333333333333335], ""kernels.1.base_kernel.kernels.1"": [0.6931481805599428, 0.6931481805599428, 0.6931481805599428]}","{""kernels.0"": 1.559133044343307e-05, ""kernels.0.base_kernel.kernels.1"": 0.018924116531293528, ""kernels.1"": 0.4007653021363658}",10,5,30,15,15,archive,5,43
503,130.1033769693283,122.46234116197894,0.5,global,-6.919175925791407,-15.51541305636251,8.596237130571103,1.0235961675344436,1.4124130742305465,global,,,0.05386967321379699,0.005003452659620254,0.008994549645073617,0.00034991422864159117,0.1399016756973861,0.05000382062364884,0.3333333333333335,2.1320726603041105,"{""kernels.0.base_kernel.kernels.0"": [0.33331870201098673, 0.33334588186433656, 0.3333365005081581, 0.3333224247658578, 0.3328492938348649, 0.3333333333333335, 0.33333530921789084, 0.3333040765935215, 0.3333373038405424, 0.3333463161603197, 0.33323953815035867, 0.3333333333333335, 0.33333329319338423, 0.33335800763714785, 0.3333336232718886, 0.33339389702296957, 0.3335264856697645, 0.3333333333333335], ""kernels.0.base_kernel.kernels.1.base_kernel"": [0.6931481805599428, 0.6931481805599428, 0.6931481805599428], ""kernels.1.base_kernel.kernels.0"": [0.0877038383286704, 0.24194770156532447, 0.05000382062364884, 0.18033418655926767, 2.1320726603041105, 0.3333333333333335, 0.20869681153035236, 0.17786941069121281, 0.050010918185801945, 0.3167108508377045, 0.30759133748584533, 0.3333333333333335, 0.2392365972120637, 0.3161315668553545, 0.08038459143853911, 0.4695942496764825, 0.5973640271231496, 0.3333333333333335], ""kernels.1.base_kernel.kernels.1"": [0.6931481805599428, 0.6931481805599428, 0.6931481805599428]}","{""kernels.0"": 1.5591330455840565e-05, ""kernels.0.base_kernel.kernels.1"": 0.018924116531143172, ""kernels.1"": 0.40076531923055925}",10,5,30,15,15,archive,5,44
504,139.52504191098222,122.46234116197894,0.4986,local,-7.100829933514984,-11.10348184652125,4.002651913006266,0.11335697126989204,0.7799982728520478,archive,583,24,0.06867783231200429,0.005000293204267066,0.008993318798440904,0.00035017064023954494,0.139901675775719,0.05000382062364883,0.3333333333333335,2.1320726580241116,"{""kernels.0.base_kernel.kernels.0"": [0.3333187020109795, 0.3333458818643597, 0.333336500508184, 0.3333224247658377, 0.33284929383236017, 0.3333333333333335, 0.3333353092178938, 0.3333040765935742, 0.3333373038406262, 0.33334631616036087, 0.3332395381506529, 0.3333333333333335, 0.3333332931932637, 0.3333580076370601, 0.33333362327189126, 0.3333938970228082, 0.33352648566971094, 0.3333333333333335], ""kernels.0.base_kernel.kernels.1.base_kernel"": [0.6931481805599428, 0.6931481805599428, 0.6931481805599428], ""kernels.1.base_kernel.kernels.0"": [0.0877038382487505, 0.2419477017351435, 0.05000382062364883, 0.18033418644029306, 2.1320726580241116, 0.3333333333333335, 0.20869681227569226, 0.17786941119624827, 0.05001091818580301, 0.3167108510724814, 0.3075913372971159, 0.3333333333333335, 0.23923659746960566, 0.3161315674436363, 0.08038459155135941, 0.4695942487085098, 0.5973640286737549, 0.3333333333333335], ""kernels.1.base_kernel.kernels.1"": [0.6931481805599428, 0.6931481805599428, 0.6931481805599428]}","{""kernels.0"": 1.5591330456137186e-05, ""kernels.0.base_kernel.kernels.1"": 0.018924116531139665, ""kernels.1"": 0.40076531946556115}",10,5,30,15,15,archive,5,45
505,129.95740279256643,122.46234116197894,0.4994,local,-7.146844206876996,-11.105863392171631,3.9590191852946353,0.1184017804711009,0.5785575007169411,archive,583,24,0.016038687837164278,0.004998566467636552,0.00899342847607868,0.0003506251502358601,0.1399016747867962,0.050003820623648755,0.3333333333333335,2.1320726317209155,"{""kernels.0.base_kernel.kernels.0"": [0.3333187020108949, 0.33334588186461583, 0.3333365005084867, 0.33332242476560303, 0.3328492938030331, 0.3333333333333335, 0.3333353092179618, 0.3333040765941766, 0.3333373038416081, 0.33334631616090904, 0.33323953815408824, 0.3333333333333335, 0.33333329319186716, 0.3333580076360369, 0.3333336232719213, 0.3333938970209557, 0.33352648566910204, 0.3333333333333335], ""kernels.0.base_kernel.kernels.1.base_kernel"": [0.6931481805599428, 0.6931481805599428, 0.6931481805599428], ""kernels.1.base_kernel.kernels.0"": [0.08770383728606759, 0.24194770315292327, 0.050003820623648755, 0.18033418493837727, 2.1320726317209155, 0.3333333333333335, 0.2086968221430392, 0.17786941655306132, 0.05001091818581549, 0.3167108557607322, 0.3075913375581914, 0.3333333333333335, 0.23923660033109226, 0.3161315746074486, 0.08038459282189628, 0.46959423733288774, 0.5973640462499619, 0.3333333333333335], ""kernels.1.base_kernel.kernels.1"": [0.6931481805599428, 0.6931481805599428, 0.6931481805599428]}","{""kernels.0"": 1.5591330459576085e-05, ""kernels.0.base_kernel.kernels.1"": 0.018924116531099284, ""kernels.1"": 0.4007653164988297}",10,5,30,15,15,archive,4,46
506,133.0304846445721,122.46234116197894,0.4994,global,-6.952408073712348,-19.70706219857501,12.754654124862661,0.853712872131946,1.413988869964124,global,,,0.05690070779380799,0.0050487734232491956,0.009155834635275596,0.0003638330729410425,0.13990167589125233,0.050003820623648734,0.3333333333333335,2.1320726269706,"{""kernels.0.base_kernel.kernels.0"": [0.33331870201086794, 0.33334588186466085, 0.3333365005085451, 0.33332242476557883, 0.3328492937971246, 0.3333333333333335, 0.33333530921789567, 0.33330407659441597, 0.333337303841786, 0.3333463161610558, 0.3332395381550482, 0.3333333333333335, 0.3333332931915715, 0.333358007635856, 0.3333336232719027, 0.3333938970206105, 0.3335264856684155, 0.3333333333333335], ""kernels.0.base_kernel.kernels.1.base_kernel"": [0.6931481805599428, 0.6931481805599428, 0.6931481805599428], ""kernels.1.base_kernel.kernels.0"": [0.08770383709118273, 0.24194769987664938, 0.050003820623648734, 0.18033418501564025, 2.1320726269706, 0.3333333333333335, 0.20869682146284024, 0.177869418254313, 0.05001091818581778, 0.3167108579128255, 0.30759134048374204, 0.3333333333333335, 0.2392366004700888, 0.31613157503209965, 0.08038459307412689, 0.46959423547293894, 0.597364045336921, 0.3333333333333335], ""kernels.1.base_kernel.kernels.1"": [0.6931481805599428, 0.6931481805599428, 0.6931481805599428]}","{""kernels.0"": 1.5591330460225353e-05, ""kernels.0.base_kernel.kernels.1"": 0.01892411653109192, ""kernels.1"": 0.40076531981220487}",10,5,30,15,15,archive,6,47
507,129.17698334718614,122.46234116197894,0.5016,global,-7.302883333533911,-19.953130135630406,12.650246802096495,0.9784026527754787,1.4140286557707562,global,,,0.03302436038189146,0.005046080524233605,0.009152183037136066,0.0003639408661390361,0.1399016760244463,0.050003820623648734,0.3333333333333335,2.1320726263413166,"{""kernels.0.base_kernel.kernels.0"": [0.33331870201086056, 0.3333458818646751, 0.3333365005085604, 0.3333224247655689, 0.33284929379550976, 0.3333333333333335, 0.33333530921788423, 0.3333040765944887, 0.3333373038418317, 0.3333463161611084, 0.3332395381552945, 0.3333333333333335, 0.3333332931915, 0.33335800763581125, 0.33333362327189886, 0.3333938970205234, 0.33352648566826343, 0.3333333333333335], ""kernels.0.base_kernel.kernels.1.base_kernel"": [0.6931481805599428, 0.6931481805599428, 0.6931481805599428], ""kernels.1.base_kernel.kernels.0"": [0.08770383704294221, 0.2419476990815828, 0.050003820623648734, 0.18033418497894757, 2.1320726263413166, 0.3333333333333335, 0.20869682133254275, 0.17786941875125672, 0.050010918185818355, 0.31671085855934544, 0.3075913414749788, 0.3333333333333335, 0.23923660052255258, 0.3161315751394614, 0.08038459314496763, 0.4695942349678517, 0.5973640452573769, 0.3333333333333335], ""kernels.1.base_kernel.kernels.1"": [0.6931481805599428, 0.6931481805599428, 0.6931481805599428]}","{""kernels.0"": 1.559133046039399e-05, ""kernels.0.base_kernel.kernels.1"": 0.01892411653109007, ""kernels.1"": 0.40076532021178846}",10,5,30,15,15,archive,6,48
508,123.98286697808352,122.46234116197894,0.5016,local,-6.992530607591327,-10.96568918056613,3.9731585729748033,0.09290388954599466,0.536493319835675,archive,583,24,0.03961538172721434,0.005048578669867952,0.009168591116256038,0.00036561216980570083,0.14001302683998476,0.05000382061051375,0.3333333333333335,2.130125172779694,"{""kernels.0.base_kernel.kernels.0"": [0.3333186785849942, 0.33334593056095224, 0.3333365510739507, 0.3333223918929147, 0.3328439737625444, 0.3333333333333335, 0.33333527723306045, 0.3333043137935354, 0.3333374567670966, 0.33334649605037975, 0.33324034778082, 0.3333333333333335, 0.33333306138301166, 0.33335785918672234, 0.33333361191167055, 0.3333936157679735, 0.3335260090002452, 0.3333333333333335], ""kernels.0.base_kernel.kernels.1.base_kernel"": [0.6931481805599428, 0.6931481805599428, 0.6931481805599428], ""kernels.1.base_kernel.kernels.0"": [0.08754827614067488, 0.23932424782243886, 0.05000382061051375, 0.18023399813126284, 2.130125172779694, 0.3333333333333335, 0.20845285198388888, 0.17958960933858448, 0.050010920103770715, 0.31901480419356926, 0.31105317527254445, 0.3333333333333335, 0.23949226730731105, 0.3164938092693954, 0.08063205380321259, 0.46796609955915736, 0.597329593835554, 0.3333333333333335], ""kernels.1.base_kernel.kernels.1"": [0.6931481805599428, 0.6931481805599428, 0.6931481805599428]}","{""kernels.0"": 1.559188515393183e-05, ""kernels.0.base_kernel.kernels.1"": 0.018924110447115467, ""kernels.1"": 0.40109937818768493}",10,5,30,15,15,archive,6,49
509,127.23380591283505,122.46234116197894,0.4994,local,-6.175937518570674,-8.642637790782398,2.4667002722117246,0.025275613406908783,0.1685998827792259,archive,612,11,0.024035253140447885,0.005048206251997097,0.009171494305720616,0.00036613207992365284,0.14001303818445096,0.05000382061051365,0.3333333333333335,2.1301251694743306,"{""kernels.0.base_kernel.kernels.0"": [0.3333186785848251, 0.3333459305613803, 0.33333655107427534, 0.33332239189253826, 0.33284397372664565, 0.3333333333333335, 0.33333527723287765, 0.33330431379467257, 0.333337456768054, 0.33334649605075056, 0.33324034778778083, 0.3333333333333335, 0.3333330613815032, 0.3333578591851321, 0.3333336119115777, 0.33339361576617016, 0.333526008995687, 0.3333333333333335], ""kernels.0.base_kernel.kernels.1.base_kernel"": [0.6931481805599428, 0.6931481805599428, 0.6931481805599428], ""kernels.1.base_kernel.kernels.0"": [0.08754827453299269, 0.23932423208271802, 0.05000382061051365, 0.1802339953707233, 2.1301251694743306, 0.3333333333333335, 0.20845284839119596, 0.17958962130873443, 0.05001092010378412, 0.3190148130770125, 0.31105319161931516, 0.3333333333333335, 0.23949226823996697, 0.3164938049912061, 0.08063205551969091, 0.46796608614030827, 0.5973295888729739, 0.3333333333333335], ""kernels.1.base_kernel.kernels.1"": [0.6931481805599428, 0.6931481805599428, 0.6931481805599428]}","{""kernels.0"": 1.5591885157908223e-05, ""kernels.0.base_kernel.kernels.1"": 0.01892411044707297, ""kernels.1"": 0.401099412221122}",10,5,30,15,15,archive,8,50
510,128.5524697893839,122.46234116197894,0.5006,global,-5.908645053295687,-15.716701104414945,9.808056051119259,1.1401407679645,1.4132257997403874,global,,,0.02422910326297055,0.0050577477849341424,0.009204811619837692,0.00036913781206467534,0.1410256684533632,0.05000382056887448,0.3333333333333335,2.1311749170206515,"{""kernels.0.base_kernel.kernels.0"": [0.3333186231529404, 0.33334614452390054, 0.33333668761504054, 0.33332228466862174, 0.3328302914295081, 0.3333333333333335, 0.33333511200458393, 0.3333047896567852, 0.3333378685922403, 0.3333466721377274, 0.33324338284234034, 0.3333333333333335, 0.3333324299584508, 0.3333571232645754, 0.3333335681230434, 0.3333929191103739, 0.3335239999800316, 0.3333333333333335], ""kernels.0.base_kernel.kernels.1.base_kernel"": [0.6931481805599428, 0.6931481805599428, 0.6931481805599428], ""kernels.1.base_kernel.kernels.0"": [0.08703957402156835, 0.23460767212082445, 0.05000382056887448, 0.17983221540574748, 2.1311749170206515, 0.3333333333333335, 0.2063339234748551, 0.1844132809750533, 0.05001092587842801, 0.32258731457924, 0.32219969859011155, 0.3333333333333335, 0.24010487277031678, 0.315070412807679, 0.08138311211568636, 0.46290203175573397, 0.5955528473599024, 0.3333333333333335], ""kernels.1.base_kernel.kernels.1"": [0.6931481805599428, 0.6931481805599428, 0.6931481805599428]}","{""kernels.0"": 1.5593516602805965e-05, ""kernels.0.base_kernel.kernels.1"": 0.018924092179956754, ""kernels.1"": 0.40413731966353006}",10,5,30,15,15,archive,5,51
511,135.56740649948566,122.46234116197894,0.4986,global,-7.358970861588196,-15.381838676762534,8.022867815174338,1.0824875289100213,1.4141796983177464,global,,,0.036412085331943296,0.0050604837806631974,0.00922303658251917,0.0003709626144997129,0.1410256695912637,0.050003820568874466,0.3333333333333335,2.1311749174711627,"{""kernels.0.base_kernel.kernels.0"": [0.3333186231529326, 0.3333461445239225, 0.3333366876150662, 0.3333222846686047, 0.332830291427148, 0.3333333333333335, 0.3333351120045322, 0.33330478965682125, 0.33333786859232134, 0.3333466721377927, 0.33324338284268495, 0.3333333333333335, 0.33333242995832124, 0.33335712326448097, 0.3333335681230386, 0.3333929191102081, 0.3335239999795769, 0.3333333333333335], ""kernels.0.base_kernel.kernels.1.base_kernel"": [0.6931481805599428, 0.6931481805599428, 0.6931481805599428], ""kernels.1.base_kernel.kernels.0"": [0.0870395740127354, 0.23460767106839014, 0.050003820568874466, 0.1798322153571067, 2.1311749174711627, 0.3333333333333335, 0.2063339224876982, 0.18441328016053427, 0.05001092587842918, 0.3225873147761559, 0.32219969781061886, 0.3333333333333335, 0.24010487278261056, 0.31507041313934225, 0.08138311221450864, 0.4629020307955745, 0.5955528467895458, 0.3333333333333335], ""kernels.1.base_kernel.kernels.1"": [0.6931481805599428, 0.6931481805599428, 0.6931481805599428]}","{""kernels.0"": 1.5593516603134455e-05, ""kernels.0.base_kernel.kernels.1"": 0.018924092179953042, ""kernels.1"": 0.40413732307723493}",10,5,30,15,15,archive,6,52
512,125.27909906996294,122.46234116197894,0.4998,local,-6.015041767510853,-14.473750373583597,8.458708606072744,0.11074954284716756,0.4856783452024411,archive,488,33,0.027838966688125227,0.005064268852963143,0.009239080481502116,0.0003726962365256985,0.14102567093725646,0.05000382056887446,0.3333333333333335,2.1311749205600576,"{""kernels.0.base_kernel.kernels.0"": [0.3333186231529235, 0.3333461445239387, 0.3333366876150906, 0.3333222846686291, 0.33283029142534326, 0.3333333333333335, 0.33333511200447863, 0.3333047896568437, 0.3333378685924026, 0.3333466721378335, 0.33324338284301425, 0.3333333333333335, 0.33333242995818496, 0.3333571232643221, 0.33333356812303483, 0.33339291911004354, 0.3335239999789098, 0.3333333333333335], ""kernels.0.base_kernel.kernels.1.base_kernel"": [0.6931481805599428, 0.6931481805599428, 0.6931481805599428], ""kernels.1.base_kernel.kernels.0"": [0.08703957396792666, 0.23460766986597237, 0.05000382056887446, 0.1798322157464899, 2.1311749205600576, 0.3333333333333335, 0.20633392151982782, 0.18441327913264705, 0.05001092587843036, 0.3225873153065201, 0.3221996961164384, 0.3333333333333335, 0.2401048727926326, 0.31507041298338423, 0.08138311234717138, 0.46290202987862294, 0.5955528453502473, 0.3333333333333335], ""kernels.1.base_kernel.kernels.1"": [0.6931481805599428, 0.6931481805599428, 0.6931481805599428]}","{""kernels.0"": 1.559351660343859e-05, ""kernels.0.base_kernel.kernels.1"": 0.01892409217994932, ""kernels.1"": 0.4041373271152166}",10,5,30,15,15,archive,6,53
513,134.67854422289133,122.46234116197894,0.5006,local,-6.282768226301745,-10.199626289920193,3.916858063618448,0.04250890624247673,0.23846120466857326,archive,612,11,0.03765218126263643,0.005055097811833379,0.00917784070789104,0.00036803753710211207,0.14194127836958786,0.05000382056180463,0.3333333333333335,2.1334471854554082,"{""kernels.0.base_kernel.kernels.0"": [0.33331861573031074, 0.3333461577420232, 0.3333367069362165, 0.33332230340568153, 0.3328288368368307, 0.3333333333333335, 0.3333350709161074, 0.3333048090561258, 0.33333793329698297, 0.3333467076988912, 0.33324365655108534, 0.3333333333333335, 0.3333323249256074, 0.33335699778116795, 0.3333335650856414, 0.33339278788008453, 0.3335234946787052, 0.3333333333333335], ""kernels.0.base_kernel.kernels.1.base_kernel"": [0.6931481805599428, 0.6931481805599428, 0.6931481805599428], ""kernels.1.base_kernel.kernels.0"": [0.08700098013398874, 0.23366496780011428, 0.05000382056180463, 0.18014407645423905, 2.1334471854554082, 0.3333333333333335, 0.20560348624837907, 0.18369461174333065, 0.050010926808876324, 0.3230885424466153, 0.3211572037374872, 0.3333333333333335, 0.24018678835020965, 0.31495728872003503, 0.0814872862668023, 0.4621942448615711, 0.5946920171837395, 0.3333333333333335], ""kernels.1.base_kernel.kernels.1"": [0.6931481805599428, 0.6931481805599428, 0.6931481805599428]}","{""kernels.0"": 1.559375641553098e-05, ""kernels.0.base_kernel.kernels.1"": 0.018924089264715015, ""kernels.1"": 0.40688415208763307}",10,5,30,15,15,archive,3,54
514,126.17000257534559,122.46234116197894,0.5,local,-5.947607487940097,-14.431693124438674,8.484085636498577,0.09542922154480576,0.43813204452614846,archive,488,33,0.022862550816863066,0.005066052389996175,0.009245545850945433,0.00037396495237945716,0.14059863511128276,0.05000382054571291,0.3333333333333335,2.140312382359759,"{""kernels.0.base_kernel.kernels.0"": [0.333318604278305, 0.3333461916014365, 0.3333367552339902, 0.33332234672105115, 0.3328252931632748, 0.3333333333333335, 0.3333350076809125, 0.3333049479585397, 0.33333809810732273, 0.3333468700215368, 0.3332444569477699, 0.3333333333333335, 0.3333320874230312, 0.333356677599706, 0.333333564587589, 0.3333924457479599, 0.33352234029638417, 0.3333333333333335], ""kernels.0.base_kernel.kernels.1.base_kernel"": [0.6931481805599428, 0.6931481805599428, 0.6931481805599428], ""kernels.1.base_kernel.kernels.0"": [0.08695665150533963, 0.2314965969822792, 0.05000382054571291, 0.1810022400927847, 2.140312382359759, 0.3333333333333335, 0.2045299031397865, 0.18344523873103277, 0.050010929278617694, 0.32583933711841984, 0.321075886124601, 0.3333333333333335, 0.24065391488997395, 0.3151254077626682, 0.08186216186288894, 0.46096649979206444, 0.5950961679796622, 0.3333333333333335], ""kernels.1.base_kernel.kernels.1"": [0.6931481805599428, 0.6931481805599428, 0.6931481805599428]}","{""kernels.0"": 1.559436427607195e-05, ""kernels.0.base_kernel.kernels.1"": 0.018924081472381116, ""kernels.1"": 0.4028562294971911}",10,5,30,15,15,archive,4,55
515,127.89131281008206,122.46234116197894,0.4984,local,-6.349592346909724,-11.266815278063932,4.917222931154208,0.02992729480909519,0.17784660208241176,archive,612,11,0.022388137325094214,0.0050617469489281355,0.009204848963967019,0.00037096766429808197,0.14161639127441164,0.05000382054017166,0.3333333333333335,2.141562514810044,"{""kernels.0.base_kernel.kernels.0"": [0.3333185963678124, 0.33334620607442345, 0.33333677080196045, 0.3333223491473502, 0.33282385356338146, 0.3333333333333335, 0.3333349861376047, 0.33330498317626567, 0.33333814995041766, 0.33334690472922934, 0.3332446658270919, 0.3333333333333335, 0.3333320040594229, 0.33335657178161054, 0.33333356470502284, 0.33339232571587424, 0.3335219583037217, 0.3333333333333335], ""kernels.0.base_kernel.kernels.1.base_kernel"": [0.6931481805599428, 0.6931481805599428, 0.6931481805599428], ""kernels.1.base_kernel.kernels.0"": [0.08691205878114355, 0.23076625598987138, 0.05000382054017166, 0.18100897704210944, 2.141562514810044, 0.3333333333333335, 0.20410266585770342, 0.1831404725270762, 0.050010930054112925, 0.3260572551913759, 0.32090508149135444, 0.3333333333333335, 0.24054790863134615, 0.31493434957440386, 0.08195360049831993, 0.46030770033216717, 0.5943371878273113, 0.3333333333333335], ""kernels.1.base_kernel.kernels.1"": [0.6931481805599428, 0.6931481805599428, 0.6931481805599428]}","{""kernels.0"": 1.559457690829668e-05, ""kernels.0.base_kernel.kernels.1"": 0.018924078997999663, ""kernels.1"": 0.40590950024832695}",10,5,30,15,15,archive,3,56
516,167.39736279273885,122.46234116197894,0.4996,global,-8.622628701280235,-18.916123298233064,10.29349459695283,0.628302049169574,1.404012677559492,global,,,0.10710181598853512,0.00506494881341663,0.009218682494849683,0.0003724360862891919,0.14161639077136673,0.050003820540171655,0.3333333333333335,2.1415625176027713,"{""kernels.0.base_kernel.kernels.0"": [0.33331859636780603, 0.3333462060744533, 0.33333677080198365, 0.33332234914736947, 0.33282385356154964, 0.3333333333333335, 0.33333498613758744, 0.33330498317633966, 0.333338149950495, 0.33334690472930184, 0.3332446658274829, 0.3333333333333335, 0.33333200405930785, 0.33335657178145306, 0.3333335647050187, 0.3333923257157114, 0.33352195830316517, 0.3333333333333335], ""kernels.0.base_kernel.kernels.1.base_kernel"": [0.6931481805599428, 0.6931481805599428, 0.6931481805599428], ""kernels.1.base_kernel.kernels.0"": [0.08691205877912159, 0.23076625507700033, 0.050003820540171655, 0.18100897730701676, 2.1415625176027713, 0.3333333333333335, 0.20410266563555415, 0.18314047266165673, 0.05001093005411412, 0.32605725606229874, 0.32090508273579216, 0.3333333333333335, 0.24054790859027705, 0.3149343495454719, 0.08195360065547466, 0.4603076995053748, 0.5943371872404323, 0.3333333333333335], ""kernels.1.base_kernel.kernels.1"": [0.6931481805599428, 0.6931481805599428, 0.6931481805599428]}","{""kernels.0"": 1.559457690859818e-05, ""kernels.0.base_kernel.kernels.1"": 0.018924078997995926, ""kernels.1"": 0.4059094987391957}",10,5,30,15,15,archive,6,57
517,137.4237648864793,122.46234116197894,0.499,global,-7.399764740366187,-20.34846135534367,12.948696614977482,0.8109121533577668,1.4138706643516208,global,,,0.10007516849569723,0.0050732314390288386,0.00922719534350524,0.0003737135804259485,0.14184454693106155,0.05000382047981947,0.3333333333333335,2.1636200578018294,"{""kernels.0.base_kernel.kernels.0"": [0.33331850659580226, 0.33334665792123763, 0.3333369981671103, 0.3333226258497886, 0.33280404785170314, 0.3333333333333335, 0.3333348823121315, 0.33330589462765925, 0.3333388562466403, 0.3333476549823879, 0.33324742685386943, 0.3333333333333335, 0.3333311065394858, 0.3333557055407605, 0.3333335095114333, 0.3333911727624123, 0.3335176384812119, 0.3333333333333335], ""kernels.0.base_kernel.kernels.1.base_kernel"": [0.6931481805599428, 0.6931481805599428, 0.6931481805599428], ""kernels.1.base_kernel.kernels.0"": [0.0868756482575351, 0.22304158809195546, 0.05000382047981947, 0.18218085338789658, 2.1636200578018294, 0.3333333333333335, 0.201507007196022, 0.1837673889307871, 0.050010939502324596, 0.33125761504472423, 0.3301920280418053, 0.3333333333333335, 0.2395178673744854, 0.3136491143901013, 0.08309218842217014, 0.4530202999490271, 0.5860789309991272, 0.3333333333333335], ""kernels.1.base_kernel.kernels.1"": [0.6931481805599428, 0.6931481805599428, 0.6931481805599428]}","{""kernels.0"": 1.5597187459470584e-05, ""kernels.0.base_kernel.kernels.1"": 0.018924049387035954, ""kernels.1"": 0.4065939942186892}",10,5,30,15,15,archive,5,58
518,125.2814053797303,122.46234116197894,0.499,global,-6.462494257054013,-16.971905204357718,10.509410947303705,1.1043018137432632,1.4124041028885967,global,,,0.019597527412106033,0.0050718705570762385,0.009227004991762267,0.00037415063282914267,0.1418445464887864,0.050003820479819466,0.3333333333333335,2.1636200613737753,"{""kernels.0.base_kernel.kernels.0"": [0.333318506595795, 0.33334665792132284, 0.3333369981671356, 0.3333226258498096, 0.3328040478492539, 0.3333333333333335, 0.33333488231213915, 0.33330589462774035, 0.33333885624670534, 0.33334765498250574, 0.3332474268540683, 0.3333333333333335, 0.3333311065394369, 0.33335570554068733, 0.33333350951143936, 0.33339117276228253, 0.33351763848066945, 0.3333333333333335], ""kernels.0.base_kernel.kernels.1.base_kernel"": [0.6931481805599428, 0.6931481805599428, 0.6931481805599428], ""kernels.1.base_kernel.kernels.0"": [0.08687564832083211, 0.22304158826776307, 0.050003820479819466, 0.18218085341665527, 2.1636200613737753, 0.3333333333333335, 0.20150700674478925, 0.18376738872350765, 0.05001093950232582, 0.33125761494566913, 0.33019202773756967, 0.3333333333333335, 0.2395178675809666, 0.3136491146895782, 0.08309218855749778, 0.45302029935043653, 0.5860789328868496, 0.3333333333333335], ""kernels.1.base_kernel.kernels.1"": [0.6931481805599428, 0.6931481805599428, 0.6931481805599428]}","{""kernels.0"": 1.559718745981278e-05, ""kernels.0.base_kernel.kernels.1"": 0.0189240493870322, ""kernels.1"": 0.40659399289186715}",10,5,30,15,15,archive,5,59
519,128.107524534077,122.46234116197894,0.4998,global,-7.023516973966196,-15.268593345634836,8.24507637166864,0.8603216982564975,1.4142062690920287,global,,,0.027535682245881685,0.005062323365370508,0.009208675740572502,0.0003729690979424549,0.1418441533795749,0.05000382047981497,0.3333333333333335,2.163622342316211,"{""kernels.0.base_kernel.kernels.0"": [0.3333185065910963, 0.33334665797563634, 0.33333699818322504, 0.33332262586400097, 0.33280404629793514, 0.3333333333333335, 0.33333488231678876, 0.3333058946775905, 0.33333885628849547, 0.3333476550592651, 0.33324742698460214, 0.3333333333333335, 0.33333110650902126, 0.3333557054958419, 0.3333335095157371, 0.33339117268030805, 0.33351763814921903, 0.3333333333333335], ""kernels.0.base_kernel.kernels.1.base_kernel"": [0.6931481805599428, 0.6931481805599428, 0.6931481805599428], ""kernels.1.base_kernel.kernels.0"": [0.08687569059106397, 0.22304178572695113, 0.05000382047981497, 0.18218089422479597, 2.163622342316211, 0.3333333333333335, 0.20150675251775166, 0.18376725744729636, 0.05001093950309901, 0.3312575852039372, 0.33019198435752234, 0.3333333333333335, 0.23951801099116835, 0.3136493812031812, 0.08309227791373616, 0.4530199391430153, 0.5860802683622603, 0.3333333333333335], ""kernels.1.base_kernel.kernels.1"": [0.6931481805599428, 0.6931481805599428, 0.6931481805599428]}","{""kernels.0"": 1.5597187676222856e-05, ""kernels.0.base_kernel.kernels.1"": 0.018924049384645487, ""kernels.1"": 0.406592813566403}",10,5,30,15,15,archive,5,60
520,148.8562595264346,122.46234116197894,0.4984,global,-6.975245365123118,-16.580289572716634,9.605044207593515,0.7359938615082062,1.4136394501606608,global,,,0.07896083388110477,0.005057549468095685,0.009197033026971129,0.00037237018555210706,0.1418439155262035,0.0500038204798127,0.3333333333333335,2.163623493377983,"{""kernels.0.base_kernel.kernels.0"": [0.33331850658896855, 0.33334665800218466, 0.3333369981916218, 0.3333226258712206, 0.3328040455020333, 0.3333333333333335, 0.3333348823182611, 0.33330589470244304, 0.3333388563104023, 0.3333476551027999, 0.3332474270479341, 0.3333333333333335, 0.3333311064933603, 0.33335570547264776, 0.33333350951780694, 0.33339117263807305, 0.33351763798061035, 0.3333333333333335], ""kernels.0.base_kernel.kernels.1.base_kernel"": [0.6931481805599428, 0.6931481805599428, 0.6931481805599428], ""kernels.1.base_kernel.kernels.0"": [0.08687571686740025, 0.2230418966128622, 0.0500038204798127, 0.18218091915746, 2.163623493377983, 0.3333333333333335, 0.201506611410614, 0.18376721203110793, 0.05001093950350214, 0.3312576290218646, 0.3301919838468774, 0.3333333333333335, 0.2395180864621752, 0.3136495189340053, 0.08309232374433356, 0.4530197447495517, 0.5860809689906189, 0.3333333333333335], ""kernels.1.base_kernel.kernels.1"": [0.6931481805599428, 0.6931481805599428, 0.6931481805599428]}","{""kernels.0"": 1.559718778833841e-05, ""kernels.0.base_kernel.kernels.1"": 0.01892404938340156, ""kernels.1"": 0.40659210000742063}",10,5,30,15,15,archive,5,61
521,144.32284033900984,122.46234116197894,0.5006,global,-6.898183471096583,-17.532035371815258,10.633851900718675,1.1274524831576267,1.4140816644768084,global,,,0.08348876826436799,0.005055370989347721,0.009223066872433495,0.0003750494302363342,0.14088996191476993,0.05000382046910553,0.3333333333333335,2.1713910388499675,"{""kernels.0.base_kernel.kernels.0"": [0.3333185006852313, 0.33334678650499583, 0.33333703604670756, 0.33332266094611757, 0.33280092607903883, 0.3333333333333335, 0.33333486425899417, 0.33330598637856323, 0.3333389556372056, 0.3333478225042405, 0.33324760793338243, 0.3333333333333335, 0.3333310266171306, 0.333355634967398, 0.33333351333797506, 0.33339093956182797, 0.33351687903608834, 0.3333333333333335], ""kernels.0.base_kernel.kernels.1.base_kernel"": [0.6931481805599428, 0.6931481805599428, 0.6931481805599428], ""kernels.1.base_kernel.kernels.0"": [0.08698747237403907, 0.22341987660184592, 0.05000382046910553, 0.182271413103306, 2.1713910388499675, 0.3333333333333335, 0.20064693331140315, 0.18337094811499485, 0.05001094127479406, 0.331134144020385, 0.33013546467104066, 0.3333333333333335, 0.23999827714613758, 0.3139847207609692, 0.0833009964591306, 0.4522270917941237, 0.5895016547481815, 0.3333333333333335], ""kernels.1.base_kernel.kernels.1"": [0.6931481805599428, 0.6931481805599428, 0.6931481805599428]}","{""kernels.0"": 1.559767123587749e-05, ""kernels.0.base_kernel.kernels.1"": 0.01892404392390911, ""kernels.1"": 0.4037302441491648}",10,5,30,15,15,archive,5,62
522,131.50977579235789,122.46234116197894,0.5002,global,-8.66684167135549,-15.526587036592153,6.8597453652366625,0.8621825667156751,1.4112257655120892,global,,,0.037672150901078554,0.005043340296012584,0.009177041150897128,0.0003718142122057858,0.1413322136100256,0.05000382039428232,0.3333333333333335,2.2189187264676087,"{""kernels.0.base_kernel.kernels.0"": [0.33331842985888005, 0.33334765679592854, 0.33333730852434096, 0.3333228413566442, 0.33277582375262316, 0.3333333333333335, 0.3333347516840868, 0.3333067300294972, 0.3333396549964072, 0.33334888064530926, 0.33324850670983497, 0.3333333333333335, 0.3333304374420129, 0.3333551556823068, 0.3333335282714417, 0.33338936693127136, 0.3335116991278104, 0.3333333333333335], ""kernels.0.base_kernel.kernels.1.base_kernel"": [0.6931481805599428, 0.6931481805599428, 0.6931481805599428], ""kernels.1.base_kernel.kernels.0"": [0.08738332299065872, 0.2242023178734705, 0.05000382039428232, 0.1815570568366528, 2.2189187264676087, 0.3333333333333335, 0.19461190711075693, 0.18233336706968492, 0.050010953467263336, 0.32866234770642894, 0.3274639725070978, 0.3333333333333335, 0.2423965268423957, 0.3158558865588422, 0.08452658142817876, 0.44572708089732566, 0.6051272970215534, 0.3333333333333335], ""kernels.1.base_kernel.kernels.1"": [0.6931481805599428, 0.6931481805599428, 0.6931481805599428]}","{""kernels.0"": 1.560120501062193e-05, ""kernels.0.base_kernel.kernels.1"": 0.018924006232550375, ""kernels.1"": 0.40505703339251575}",10,5,30,15,15,archive,6,63
523,128.0984263862885,122.46234116197894,0.4996,global,-6.937542061739368,-16.639849748062204,9.702307686322836,1.010565400369227,1.4047005113089281,global,,,0.019757793578409077,0.005040479368506093,0.009164459514142848,0.0003711709797551702,0.141654097877466,0.05000382038723526,0.3333333333333335,2.2209125236881397,"{""kernels.0.base_kernel.kernels.0"": [0.33331842176731585, 0.33334774018842545, 0.33333733472329935, 0.33332284991786765, 0.3327725879253607, 0.3333333333333335, 0.3333347444854351, 0.33330680975077165, 0.33333972046523763, 0.3333489566774739, 0.33324852116910086, 0.3333333333333335, 0.3333303873602866, 0.3333551236547176, 0.3333335303292755, 0.33338926277641906, 0.3335112364814135, 0.3333333333333335], ""kernels.0.base_kernel.kernels.1.base_kernel"": [0.6931481805599428, 0.6931481805599428, 0.6931481805599428], ""kernels.1.base_kernel.kernels.0"": [0.08736507798342008, 0.22412828675237811, 0.05000382038723526, 0.18148923273589712, 2.2209125236881397, 0.3333333333333335, 0.19428650362158847, 0.18262705175871494, 0.050010954639122536, 0.3285475039856141, 0.32808375936934425, 0.3333333333333335, 0.24222904716146798, 0.31617254723076027, 0.08462693994935941, 0.44529930360043724, 0.6037534906310857, 0.3333333333333335], ""kernels.1.base_kernel.kernels.1"": [0.6931481805599428, 0.6931481805599428, 0.6931481805599428]}","{""kernels.0"": 1.5601603189144315e-05, ""kernels.0.base_kernel.kernels.1"": 0.018924002695638303, ""kernels.1"": 0.40602268933357055}",10,5,30,15,15,archive,4,64
524,132.99124189437805,122.46234116197894,0.4994,global,-7.021025116781388,-15.97057715540446,8.949552038623072,0.9543882598287379,1.4141232534279455,global,,,0.04737508358100779,0.005044709833983223,0.009180972134484357,0.0003728646657760545,0.14165409775391888,0.050003820387235255,0.3333333333333335,2.2209125253056947,"{""kernels.0.base_kernel.kernels.0"": [0.3333184217673105, 0.3333477401885226, 0.33333733472332633, 0.33332284991786804, 0.3327725879215938, 0.3333333333333335, 0.3333347444854321, 0.33330680975084886, 0.3333397204653089, 0.3333489566775703, 0.333248521169267, 0.3333333333333335, 0.3333303873602501, 0.3333551236546715, 0.3333335303292732, 0.33338926277632613, 0.3335112364810505, 0.3333333333333335], ""kernels.0.base_kernel.kernels.1.base_kernel"": [0.6931481805599428, 0.6931481805599428, 0.6931481805599428], ""kernels.1.base_kernel.kernels.0"": [0.08736507792635231, 0.22412828689443565, 0.050003820387235255, 0.1814892327201854, 2.2209125253056947, 0.3333333333333335, 0.19428650357746902, 0.18262705186672756, 0.050010954639123764, 0.3285475039286001, 0.32808376005747475, 0.3333333333333335, 0.2422290471018624, 0.31617254745225487, 0.08462694006668742, 0.4452993032893027, 0.6037534893463861, 0.3333333333333335], ""kernels.1.base_kernel.kernels.1"": [0.6931481805599428, 0.6931481805599428, 0.6931481805599428]}","{""kernels.0"": 1.560160318957335e-05, ""kernels.0.base_kernel.kernels.1"": 0.018924002695634604, ""kernels.1"": 0.4060226889629324}",10,5,30,15,15,archive,6,65
525,126.69022546736798,122.46234116197894,0.5002,local,-7.001229540100342,-9.168353258331798,2.1671237182314567,0.0514137088483827,0.3086551205214032,archive,563,0,0.03339384692272196,0.005042538806054704,0.009177860090659394,0.00037301558941933585,0.14165409389951025,0.05000382038723518,0.3333333333333335,2.2209125458153696,"{""kernels.0.base_kernel.kernels.0"": [0.33331842176727133, 0.3333477401895825, 0.3333373347236292, 0.33332284991786537, 0.3327725878801036, 0.3333333333333335, 0.3333347444854085, 0.33330680975168403, 0.33333972046610777, 0.3333489566788103, 0.3332485211711355, 0.3333333333333335, 0.33333038735985854, 0.3333551236541963, 0.3333335303292524, 0.3333892627753209, 0.3335112364771271, 0.3333333333333335], ""kernels.0.base_kernel.kernels.1.base_kernel"": [0.6931481805599428, 0.6931481805599428, 0.6931481805599428], ""kernels.1.base_kernel.kernels.0"": [0.08736507757732417, 0.22412828843020388, 0.05000382038723518, 0.18148923261758604, 2.2209125458153696, 0.3333333333333335, 0.19428650363371386, 0.18262705305285748, 0.050010954639137344, 0.32854750552494666, 0.3280837680837425, 0.3333333333333335, 0.2422290466247409, 0.31617255107820497, 0.08462694146458172, 0.44529929987464584, 0.60375347576002, 0.3333333333333335], ""kernels.1.base_kernel.kernels.1"": [0.6931481805599428, 0.6931481805599428, 0.6931481805599428]}","{""kernels.0"": 1.5601603194310417e-05, ""kernels.0.base_kernel.kernels.1"": 0.01892400269559394, ""kernels.1"": 0.4060226773997425}",10,5,30,15,15,archive,4,66
