iteration,new_compliance,best_compliance,raster_solid_fraction,winner_source,winner_acquisition,winner_start_acquisition,winner_acquisition_gain,winner_start_distance,winner_kernel_distance,winner_start_method,winner_anchor_index,winner_archive_rank,posterior_score_std,posterior_incumbent_score_std,posterior_fixed_burnin_score_std,noise,outputscale_mean,lengthscale_min,lengthscale_median,lengthscale_max,lengthscales,outputscales,global_restarts,local_restarts,raw_global,raw_local,requested_raw_local,local_start_strategy,optimizer_failures,stagnation
1,201.44235376297192,163.32282033042637,0.502,global,-2.1837898230152435,-6.031015402371688,3.8472255793564445,0.4795302432732441,1.2320358721037676,global,,,0.21886393193488615,0.02796039912952667,0.02796039912952667,0.00623980476473146,0.3215549534502854,0.09714385761410649,0.3339185978616862,0.6931481805599428,"{""kernels.0.base_kernel.kernels.0"": [0.333115605607097, 0.3337382620044235, 0.3333919431207462, 0.3339890419765555, 0.33318946133476557, 0.3335107211188013, 0.333848153746817, 0.3333963545408094, 0.3337773265064045, 0.33364838349102427, 0.33358367626187685, 0.33379904390234777, 0.3341981763590462, 0.3337871713861475, 0.33366550244422627, 0.333778416833768, 0.3332975273644881, 0.3335621982492708], ""kernels.0.base_kernel.kernels.1.base_kernel"": [0.6931481805599428, 0.6931481805599428, 0.6931481805599428], ""kernels.1.base_kernel.kernels.0"": [0.3289627046227596, 0.29046934055096263, 0.3725259375301575, 0.3860744226789577, 0.09714385761410649, 0.26111638134639187, 0.45399787332329866, 0.204568105649521, 0.39533693041060597, 0.4234225579358151, 0.4753050976553107, 0.5029848304006087, 0.536954388549504, 0.6578587900007719, 0.44494101995194374, 0.47128633077385373, 0.3466226908967456, 0.47733894334564964], ""kernels.1.base_kernel.kernels.1"": [0.6931481805599428, 0.6931481805599428, 0.6931481805599428]}","{""kernels.0"": 0.001110239020500467, ""kernels.0.base_kernel.kernels.1"": 0.0033831061492017086, ""kernels.1"": 0.9601715151811541}",8,8,24,24,24,archive,0,1
2,184.73881865844936,163.32282033042637,0.4994,local,-2.7741097961887218,-24.26909013945233,21.49498034326361,0.3980630307999916,1.1159990583605557,archive,0,12,0.20784574325444832,0.028076868835717056,0.028076868835717056,0.006319205050733242,0.31709869585800476,0.08342881088091511,0.3335177087372183,0.6931481805599428,"{""kernels.0.base_kernel.kernels.0"": [0.33335292026907165, 0.33320520321037167, 0.3333770423431118, 0.3333420139089174, 0.33335285676444393, 0.333286433174566, 0.3333150718487685, 0.333219585747947, 0.3333509221862531, 0.33330010543464667, 0.3334964747219863, 0.3335389427524503, 0.3334831574212969, 0.33363506215180067, 0.3334082254734769, 0.3333779255006244, 0.333307970788066, 0.33333610329315205], ""kernels.0.base_kernel.kernels.1.base_kernel"": [0.6931481805599428, 0.6931481805599428, 0.6931481805599428], ""kernels.1.base_kernel.kernels.0"": [0.33160669665040166, 0.29216451012984657, 0.3731428971084891, 0.3732295727176925, 0.08342881088091511, 0.2582975624902333, 0.4410777393929928, 0.20676467996840056, 0.38445528398468665, 0.4186554562970523, 0.4620117647470494, 0.4940389710398791, 0.524090918238387, 0.6483999962975715, 0.44006952987037834, 0.460863374814524, 0.3450017582687463, 0.48318516457802996], ""kernels.1.base_kernel.kernels.1"": [0.6931481805599428, 0.6931481805599428, 0.6931481805599428]}","{""kernels.0"": 0.0010932786574104874, ""kernels.0.base_kernel.kernels.1"": 0.0033825283589444797, ""kernels.1"": 0.9468202805576593}",8,8,24,24,24,archive,0,2
3,199.36872924821276,163.32282033042637,0.4982,local,-3.043855618184141,-127.37039395803326,124.32653833984912,1.5212301908995012,1.411562116800507,archive,31,54,0.17355756037266445,0.028048800183842437,0.028048800183842437,0.006297787998192469,0.31443471598584694,0.08187971596671145,0.3335451226708792,0.6931481805599428,"{""kernels.0.base_kernel.kernels.0"": [0.333338474784371, 0.33324120396532925, 0.3333905765022103, 0.33338169306953397, 0.33334432857695295, 0.3333048888689747, 0.3333520111739966, 0.3332474919779187, 0.33337519299921425, 0.3333249208905275, 0.33350402186697387, 0.33355603937736905, 0.3335342059643893, 0.33364254280393707, 0.3334245606767045, 0.3334027252944993, 0.3333078136998097, 0.33336093893230123], ""kernels.0.base_kernel.kernels.1.base_kernel"": [0.6931481805599428, 0.6931481805599428, 0.6931481805599428], ""kernels.1.base_kernel.kernels.0"": [0.33236359774798235, 0.29506087395605324, 0.37988170960439244, 0.3721434427298007, 0.08187971596671145, 0.2614705381437212, 0.4436972877599239, 0.2095636426883335, 0.3840328967305884, 0.42158801186362876, 0.4633204962096686, 0.4935230771684397, 0.5265675380357313, 0.6478932835393486, 0.4407854734659621, 0.4610790914645727, 0.3478008099661422, 0.4846831174773455], ""kernels.1.base_kernel.kernels.1"": [0.6931481805599428, 0.6931481805599428, 0.6931481805599428]}","{""kernels.0"": 0.0010725790396520116, ""kernels.0.base_kernel.kernels.1"": 0.003381793829743349, ""kernels.1"": 0.9388497750881455}",8,8,24,24,24,archive,0,3
4,178.2756867655027,163.32282033042637,0.4952,local,-3.1545625997052147,-115.56740684033116,112.41284424062594,0.7025756286321428,1.388617140741134,archive,26,50,0.16601319449244475,0.028075617348032447,0.028075617348032447,0.006392097162435356,0.31393339192591313,0.08504846363837817,0.3335535963359565,0.6931481805599428,"{""kernels.0.base_kernel.kernels.0"": [0.3333349289032887, 0.33324172000796315, 0.33337636946546145, 0.33337931521377956, 0.33334073747158854, 0.3333026647480893, 0.33334293311648155, 0.33322743897032037, 0.33336620076029955, 0.3333182610937959, 0.3335093875965289, 0.33355767999467173, 0.3335495126772413, 0.3336116373405294, 0.333425473327306, 0.33336153389611134, 0.33330075606532894, 0.33337231506243875], ""kernels.0.base_kernel.kernels.1.base_kernel"": [0.6931481805599428, 0.6931481805599428, 0.6931481805599428], ""kernels.1.base_kernel.kernels.0"": [0.3334243672285031, 0.2910304673196429, 0.3744319972789203, 0.377703893390882, 0.08504846363837817, 0.2591328254620154, 0.43465049119402505, 0.2028019756164755, 0.3842809579378691, 0.41639896182484687, 0.4637692318569698, 0.494870471035256, 0.5250128762333464, 0.6462512884550967, 0.4409100304103025, 0.45558003204051734, 0.3481700869287494, 0.48625479241601555], ""kernels.1.base_kernel.kernels.1"": [0.6931481805599428, 0.6931481805599428, 0.6931481805599428]}","{""kernels.0"": 0.0010595943264607099, ""kernels.0.base_kernel.kernels.1"": 0.0033813197884981936, ""kernels.1"": 0.9373592616627804}",8,8,24,24,24,archive,0,4
5,204.6987900484733,163.32282033042637,0.5002,global,-3.1739111430631683,-8.289850889939565,5.115939746876396,0.8677366546141965,1.3316527768331379,global,,,0.1989381464217616,0.02772134087335874,0.02772134087335874,0.0063331341015673065,0.31150431492089575,0.08646580036640956,0.3335913003152206,0.6931481805599428,"{""kernels.0.base_kernel.kernels.0"": [0.33334077126865835, 0.3332421535796467, 0.33338051315921274, 0.33338000140691704, 0.33334213401658125, 0.3333017889143524, 0.3333531184691362, 0.33324120929436596, 0.33336721349265314, 0.3333098056448716, 0.33351233173188, 0.33355785606408633, 0.3335350622004184, 0.3336247445663549, 0.3334277581218032, 0.3333877761292617, 0.3333034977152406, 0.33335961226492344], ""kernels.0.base_kernel.kernels.1.base_kernel"": [0.6931481805599428, 0.6931481805599428, 0.6931481805599428], ""kernels.1.base_kernel.kernels.0"": [0.33750060319744446, 0.28766596589663096, 0.3736066201533255, 0.37908598761058865, 0.08646580036640956, 0.25729589106777895, 0.4347215239579183, 0.207963517684751, 0.38526866284599776, 0.4142865493042047, 0.46548135960758497, 0.4961496149308608, 0.5252004415371903, 0.6511515830337731, 0.4426448597673194, 0.46268880320586897, 0.34901728448998065, 0.48846664144897023], ""kernels.1.base_kernel.kernels.1"": [0.6931481805599428, 0.6931481805599428, 0.6931481805599428]}","{""kernels.0"": 0.00104316526410391, ""kernels.0.base_kernel.kernels.1"": 0.003380725385438304, ""kernels.1"": 0.9300890541131451}",8,8,24,24,24,archive,0,5
6,204.86246355526873,163.32282033042637,0.5,global,-3.198642154827561,-4.917326118066354,1.7186839632387931,0.9635663079211106,1.385797948483028,global,,,0.2593294006933738,0.02774329401442287,0.02774329401442287,0.006370463338792049,0.31090122736580056,0.08656052021842398,0.33357787708159997,0.6931481805599428,"{""kernels.0.base_kernel.kernels.0"": [0.3333451219632411, 0.3332559990311125, 0.3333790325940572, 0.3333905246082968, 0.3333427425176042, 0.33330599748649403, 0.33335593928304696, 0.33323914007263444, 0.3333648564810732, 0.33331162713425877, 0.33350322307152613, 0.3335479852192121, 0.33353057415871484, 0.33360776894398786, 0.3334282066085415, 0.33336930087235495, 0.333289838445222, 0.33335344690376073], ""kernels.0.base_kernel.kernels.1.base_kernel"": [0.6931481805599428, 0.6931481805599428, 0.6931481805599428], ""kernels.1.base_kernel.kernels.0"": [0.33912658546219643, 0.28877755484366485, 0.372961580031671, 0.3788437286107171, 0.08656052021842398, 0.2546383679422839, 0.4379604436778387, 0.2108167519497283, 0.38414027060032135, 0.41262737248033776, 0.46346082268366806, 0.49494944784411776, 0.5234452601320194, 0.6487403702248596, 0.4432171220904811, 0.4550470310533997, 0.3374459774953155, 0.4845535233276226], ""kernels.1.base_kernel.kernels.1"": [0.6931481805599428, 0.6931481805599428, 0.6931481805599428]}","{""kernels.0"": 0.0010389732410812666, ""kernels.0.base_kernel.kernels.1"": 0.003380568937038341, ""kernels.1"": 0.928284139919282}",8,8,24,24,24,archive,0,6
7,175.113282815218,163.32282033042637,0.4998,local,-3.2504766562798744,-20.081768498657038,16.831291842377162,0.2577979800588851,0.9171944423073961,archive,43,12,0.20480286007850493,0.027692424374533346,0.027692424374533346,0.006373709097282472,0.30966524728196937,0.08659176458265663,0.3335804213232988,0.6931481805599428,"{""kernels.0.base_kernel.kernels.0"": [0.33334539417543213, 0.33325835255470726, 0.3333786723667161, 0.3333916427147984, 0.3333430290167914, 0.3333068656679425, 0.3333572739547349, 0.33323656881890096, 0.333364297158247, 0.33331244718349107, 0.33350687882947766, 0.3335542446505236, 0.333530552975849, 0.333606597996074, 0.3334286549139897, 0.33336707528570786, 0.333287580197883, 0.33335280071115775], ""kernels.0.base_kernel.kernels.1.base_kernel"": [0.6931481805599428, 0.6931481805599428, 0.6931481805599428], ""kernels.1.base_kernel.kernels.0"": [0.33871181348582236, 0.2896965792539662, 0.3722811806512541, 0.37852397819920236, 0.08659176458265663, 0.25609232176956787, 0.4405806347702062, 0.20900059613318794, 0.3858998381110879, 0.4144382125306266, 0.4679098894785283, 0.5009688492150607, 0.5257743512634457, 0.6503888094583545, 0.44385796991064064, 0.4567530931795119, 0.33671283132083213, 0.4862426693846218], ""kernels.1.base_kernel.kernels.1"": [0.6931481805599428, 0.6931481805599428, 0.6931481805599428]}","{""kernels.0"": 0.0010364318267485184, ""kernels.0.base_kernel.kernels.1"": 0.003380475236582873, ""kernels.1"": 0.9245788347825766}",8,8,24,24,24,archive,0,7
8,249.68189361369156,163.32282033042637,0.4994,local,-3.286997083763841,-116.65863750082846,113.37164041706463,0.9299927072676646,1.3877371005678685,archive,26,54,0.24158503528094208,0.027648118354795713,0.027648118354795713,0.006335318954168266,0.307354456545919,0.08708786746961025,0.3335835813759121,0.6931481805599428,"{""kernels.0.base_kernel.kernels.0"": [0.3333491425818291, 0.3332681403067166, 0.33339253292381293, 0.3333990041698824, 0.33334468624838176, 0.3333098186991205, 0.33336985997140395, 0.33324191287612437, 0.33336078607997977, 0.33331311547603754, 0.3335093002311583, 0.33356204149028895, 0.3335319761694783, 0.33360512126153524, 0.33342942410637694, 0.33336168681880785, 0.33328589204215625, 0.33335130454188877], ""kernels.0.base_kernel.kernels.1.base_kernel"": [0.6931481805599428, 0.6931481805599428, 0.6931481805599428], ""kernels.1.base_kernel.kernels.0"": [0.34034973483206243, 0.2944417838851212, 0.3811059060711129, 0.3814953852252579, 0.08708786746961025, 0.25952301690137713, 0.44422184659722064, 0.2130125850709335, 0.38390765511639724, 0.4153260130690871, 0.46870089732486214, 0.5017663947065977, 0.5266775216073876, 0.6512783716736109, 0.4452282809027041, 0.45508952384256623, 0.33602062134758, 0.4860613302891826], ""kernels.1.base_kernel.kernels.1"": [0.6931481805599428, 0.6931481805599428, 0.6931481805599428]}","{""kernels.0"": 0.0010321215406270635, ""kernels.0.base_kernel.kernels.1"": 0.0033803165660104056, ""kernels.1"": 0.9176509315311194}",8,8,24,24,24,archive,0,8
9,242.12005325216822,163.32282033042637,0.4992,global,-3.1686973681102484,-5.518774126177088,2.3500767580668396,0.836798913793237,1.407579783537249,global,,,0.19912259293013354,0.027595208817897957,0.027595208817897957,0.006357082154864777,0.3081848019752988,0.07909048727033861,0.33356381474346564,0.6931481805599428,"{""kernels.0.base_kernel.kernels.0"": [0.3333598692570566, 0.3332709473631714, 0.33338476505433196, 0.33339825468853423, 0.33334071725348763, 0.3333104156424173, 0.3333578165350168, 0.33326746931016354, 0.33336758002218886, 0.33330912484189323, 0.33348373301529954, 0.33355153853195096, 0.3335421941679807, 0.33357609095498025, 0.33342560091508944, 0.3333724079607123, 0.33329590991752794, 0.333368017917185], ""kernels.0.base_kernel.kernels.1.base_kernel"": [0.6931481805599428, 0.6931481805599428, 0.6931481805599428], ""kernels.1.base_kernel.kernels.0"": [0.35039971848263723, 0.2949791481119217, 0.3853267937600319, 0.37544826403087966, 0.07909048727033861, 0.2613407780879644, 0.446189773034393, 0.2287730793471951, 0.38154019534621386, 0.39273634127612483, 0.4598202843394246, 0.4949747801095637, 0.5197875183272792, 0.6238102268492548, 0.44073774780887776, 0.4427183796455174, 0.3341812970323879, 0.478264803827541], ""kernels.1.base_kernel.kernels.1"": [0.6931481805599428, 0.6931481805599428, 0.6931481805599428]}","{""kernels.0"": 0.0010129971929462482, ""kernels.0.base_kernel.kernels.1"": 0.0033795369925993346, ""kernels.1"": 0.9201618717403508}",8,8,24,24,24,archive,0,9
10,217.8345885090833,163.32282033042637,0.498,global,-2.9460851770546084,-5.960564065489513,3.0144788884349047,1.6798189265494596,1.4109920094503001,global,,,0.17521941467804142,0.027702627651886042,0.027702627651886042,0.006456678763021824,0.3115267026813988,0.08022145663309713,0.3335258940870708,0.6931481805599428,"{""kernels.0.base_kernel.kernels.0"": [0.3333590166622355, 0.3332641783241402, 0.3333631790813276, 0.33339272130308156, 0.33334267091268266, 0.3333100228798012, 0.3333714059980524, 0.3332496130633809, 0.33335976694206193, 0.3332673496054795, 0.33344916523138474, 0.3335430374064255, 0.33351054997894736, 0.33354123819519416, 0.33341671234253056, 0.33330587914804344, 0.33330295170374036, 0.3333329255171664], ""kernels.0.base_kernel.kernels.1.base_kernel"": [0.6931481805599428, 0.6931481805599428, 0.6931481805599428], ""kernels.1.base_kernel.kernels.0"": [0.3512543551122356, 0.2882007112569295, 0.3578244192153063, 0.3761790025116979, 0.08022145663309713, 0.2567784670110721, 0.44248275808683263, 0.22715616885209636, 0.3756620146236258, 0.3651323572956216, 0.4468054897541096, 0.49394073191220356, 0.5130706300855781, 0.6198740484518808, 0.43616826160041267, 0.4278646823247544, 0.3329742146034087, 0.4684695532560485], ""kernels.1.base_kernel.kernels.1"": [0.6931481805599428, 0.6931481805599428, 0.6931481805599428]}","{""kernels.0"": 0.000996814649469521, ""kernels.0.base_kernel.kernels.1"": 0.0033787674637632053, ""kernels.1"": 0.9302045259309637}",8,8,24,24,24,archive,0,10
11,192.21943991299787,163.32282033042637,0.4988,local,-3.3005022282841887,-102.5820322672058,99.28153003892162,1.28500140563352,1.3906314205422516,archive,113,52,0.21375425514758103,0.028007333933264152,0.028007333933264152,0.006646023094167258,0.3136744039404435,0.08324694491662621,0.33341782449981805,0.6931481805599428,"{""kernels.0.base_kernel.kernels.0"": [0.33334992224404875, 0.3332530304263647, 0.3333185818358007, 0.33340062103766965, 0.33333822294841103, 0.3333238497791777, 0.33338060287785826, 0.33326420033235876, 0.333339052602435, 0.333196311372258, 0.33342482780292, 0.3335438860670283, 0.3334765019762092, 0.33359546726380523, 0.3334108211967161, 0.3332726298177991, 0.3333099969060815, 0.33329226415473834], ""kernels.0.base_kernel.kernels.1.base_kernel"": [0.6931481805599428, 0.6931481805599428, 0.6931481805599428], ""kernels.1.base_kernel.kernels.0"": [0.34248621953251573, 0.2802270308808622, 0.30904221261163667, 0.38252472070454613, 0.08324694491662621, 0.2590782332327488, 0.44106013157107715, 0.23827584145680503, 0.36257699559169143, 0.32385014208738305, 0.43343550398882685, 0.4884802368461737, 0.4982781055511504, 0.6156396524599514, 0.42987967720031867, 0.408537005984777, 0.32735671884428413, 0.4550898867636071], ""kernels.1.base_kernel.kernels.1"": [0.6931481805599428, 0.6931481805599428, 0.6931481805599428]}","{""kernels.0"": 0.0009815901510977787, ""kernels.0.base_kernel.kernels.1"": 0.0033779770023096237, ""kernels.1"": 0.9366636446679231}",8,8,24,24,24,archive,0,11
12,220.2068747161706,163.32282033042637,0.5004,global,-3.3471303046167478,-5.202917009981378,1.85578670536463,0.9620059591748343,1.3596701040241257,global,,,0.21774306893034923,0.02792459817795149,0.02792459817795149,0.006622537328731677,0.3122973368412135,0.08589642442915128,0.33341992585879976,0.6931481805599428,"{""kernels.0.base_kernel.kernels.0"": [0.33335610286056294, 0.33325284210827383, 0.3333112843268748, 0.33340639037649117, 0.3333362890733976, 0.333324697838381, 0.3333857465210171, 0.33326423748279604, 0.3333430272660881, 0.3331891901618825, 0.33342421803870576, 0.3335560241669119, 0.3334841228085396, 0.33358763370825417, 0.33341563367889376, 0.33327473082231107, 0.33330850096263337, 0.33327281433860545], ""kernels.0.base_kernel.kernels.1.base_kernel"": [0.6931481805599428, 0.6931481805599428, 0.6931481805599428], ""kernels.1.base_kernel.kernels.0"": [0.3496585903958706, 0.2771280865610452, 0.3045965437551967, 0.38734147612944986, 0.08589642442915128, 0.25810785642264705, 0.44016383592486974, 0.23587609786573424, 0.3668437064129546, 0.321584302380932, 0.434362505238228, 0.4944900052988112, 0.5050402427496287, 0.6176018153710101, 0.43340830856619816, 0.4151958879171857, 0.33057608923584453, 0.4507445126530397], ""kernels.1.base_kernel.kernels.1"": [0.6931481805599428, 0.6931481805599428, 0.6931481805599428]}","{""kernels.0"": 0.0009673355661780767, ""kernels.0.base_kernel.kernels.1"": 0.0033772646052965334, ""kernels.1"": 0.9325474103521659}",8,8,24,24,24,archive,0,12
13,424.54178191483993,163.32282033042637,0.4992,global,-3.4525091937829018,-7.506925526937458,4.054416333154556,0.9181111129630556,1.4039872155615776,global,,,0.20544741193891844,0.02789437639014918,0.02789437639014918,0.006647114257918416,0.3122925829920528,0.08516166241026929,0.3334270035944324,0.6931481805599428,"{""kernels.0.base_kernel.kernels.0"": [0.33335331502675164, 0.333251317620031, 0.3333051127674476, 0.33340475884014775, 0.33333610982781586, 0.3333216623131902, 0.33337404570712753, 0.33325146542945, 0.33333781834716303, 0.3332046546654195, 0.3334346553013127, 0.33355340458433475, 0.3334838086838893, 0.3335732285699642, 0.33341935188755206, 0.3332764619866083, 0.33329862453642917, 0.3332589168309627], ""kernels.0.base_kernel.kernels.1.base_kernel"": [0.6931481805599428, 0.6931481805599428, 0.6931481805599428], ""kernels.1.base_kernel.kernels.0"": [0.34718150386759866, 0.2825475959767154, 0.29996357159775144, 0.3868264705353109, 0.08516166241026929, 0.26069590069681225, 0.44172035414873356, 0.22466036507396664, 0.3649472636918543, 0.3319730904544042, 0.43859940808072223, 0.49816502894903136, 0.5092087967729274, 0.6176752005242783, 0.43575693917458863, 0.4175342980045348, 0.3285037894608666, 0.4499675318720693], ""kernels.1.base_kernel.kernels.1"": [0.6931481805599428, 0.6931481805599428, 0.6931481805599428]}","{""kernels.0"": 0.0009600850082894888, ""kernels.0.base_kernel.kernels.1"": 0.0033769048352229503, ""kernels.1"": 0.932540759132646}",8,8,24,24,24,archive,0,13
14,142.1517270654129,142.1517270654129,0.502,global,-2.7268462826695985,-5.56111874102977,2.834272458360172,1.4272767598985991,1.4095681911203355,global,,,0.18271220370727126,0.027810810919132133,0.027810810919132133,0.006438733016749593,0.31741891338744477,0.08608222021188841,0.3334761671787885,0.6931481805599428,"{""kernels.0.base_kernel.kernels.0"": [0.3332651684628425, 0.33323359438459393, 0.33329229144744094, 0.33340119281911895, 0.33329748653153374, 0.33327919097748965, 0.33325740813093635, 0.3333461056113258, 0.33336104199549166, 0.33326555046410505, 0.33344370770597453, 0.33354750161467744, 0.33350862665160247, 0.3337151649420295, 0.3334240932486296, 0.3334239993411945, 0.3333246435532307, 0.3332726114924076], ""kernels.0.base_kernel.kernels.1.base_kernel"": [0.6931481805599428, 0.6931481805599428, 0.6931481805599428], ""kernels.1.base_kernel.kernels.0"": [0.09254427469738791, 0.30593555315003473, 0.3364081381138448, 0.3989996908239402, 0.08608222021188841, 0.2773228365597785, 0.45317732180494497, 0.26576062934314904, 0.3567992581192611, 0.35382852679801396, 0.45552411363983647, 0.4958476811537777, 0.4871306643065756, 0.6131150402110616, 0.4340941551064515, 0.43231373732438116, 0.3266990339821132, 0.4356357242587121], ""kernels.1.base_kernel.kernels.1"": [0.6931481805599428, 0.6931481805599428, 0.6931481805599428]}","{""kernels.0"": 0.0009352888781953816, ""kernels.0.base_kernel.kernels.1"": 0.0033759971916088303, ""kernels.1"": 0.9479454540925301}",8,8,24,24,24,archive,0,0
15,283.59755709251914,142.1517270654129,0.497,global,-3.451130941371545,-5.166078095345204,1.7149471539736592,0.3851867979196899,1.0811581443219285,global,,,0.16661781312500604,0.027939976710471832,0.027838676238568984,0.006355297842650383,0.3123727000285611,0.09007177647767001,0.33348692925136636,0.6931481805599428,"{""kernels.0.base_kernel.kernels.0"": [0.33326621633603287, 0.33323262285246413, 0.33329849032824355, 0.3334176685031879, 0.3332975585801, 0.33328248335203026, 0.3332980548376535, 0.3333448108761663, 0.3333741315317251, 0.3332685816758653, 0.3334445137458378, 0.33355466545316476, 0.3335293447568949, 0.3337022240997996, 0.3334288070394501, 0.33344081009570314, 0.33332940136120554, 0.3332588496593196], ""kernels.0.base_kernel.kernels.1.base_kernel"": [0.6931481805599428, 0.6931481805599428, 0.6931481805599428], ""kernels.1.base_kernel.kernels.0"": [0.09201262854169337, 0.30100414987472607, 0.346935473733926, 0.41430947402048096, 0.09007177647767001, 0.27561724168087814, 0.4621857326439565, 0.26037277527723324, 0.36163215549173966, 0.3563644381147711, 0.45808871803343854, 0.5002339217950105, 0.489308311479962, 0.6142066098780515, 0.43636568740044873, 0.43395599922085115, 0.33138605734250887, 0.43350959060904753], ""kernels.1.base_kernel.kernels.1"": [0.6931481805599428, 0.6931481805599428, 0.6931481805599428]}","{""kernels.0"": 0.0009252317134541693, ""kernels.0.base_kernel.kernels.1"": 0.003375667739159067, ""kernels.1"": 0.93281720063307}",8,8,24,24,24,archive,0,1
16,141.57476025093,141.57476025093,0.4996,global,-2.734961331587428,-7.2091224509889775,4.47416111940155,0.8679694484177211,1.3592977050016624,global,,,0.13523725515813134,0.02836458289438281,0.028355500927779626,0.006642578644233975,0.3187776551118599,0.0873619883892745,0.3334923213074331,0.6931481805599428,"{""kernels.0.base_kernel.kernels.0"": [0.3332638966960304, 0.33321338015414886, 0.33328836219702, 0.33339074450359724, 0.33326604181088126, 0.33335721990140177, 0.33315279799441005, 0.3333252644765127, 0.3333559538706586, 0.3333008703163117, 0.33343745381011813, 0.33352809260571625, 0.3334565500091499, 0.33367441274737336, 0.33331079066027397, 0.3334231349025833, 0.33334480636565894, 0.333259570619159], ""kernels.0.base_kernel.kernels.1.base_kernel"": [0.6931481805599428, 0.6931481805599428, 0.6931481805599428], ""kernels.1.base_kernel.kernels.0"": [0.10135064696280319, 0.32004968178576404, 0.35746927130348544, 0.39000474477386843, 0.0873619883892745, 0.35784988202879153, 0.18447150792951392, 0.2572986610301546, 0.3470591686531483, 0.37055122915492117, 0.4162394012324184, 0.4895507103301931, 0.4633529304669276, 0.6443917004806713, 0.39078131734213395, 0.43737736260290616, 0.35383961495999766, 0.4655508582823827], ""kernels.1.base_kernel.kernels.1"": [0.6931481805599428, 0.6931481805599428, 0.6931481805599428]}","{""kernels.0"": 0.0009005606667627339, ""kernels.0.base_kernel.kernels.1"": 0.0033747575502618985, ""kernels.1"": 0.952057647118555}",8,8,24,24,24,archive,0,0
17,152.71338394253485,141.57476025093,0.4994,local,-3.2933049816061586,-4.444521435261324,1.1512164536551652,0.08659050530626336,0.35429934913131156,archive,120,0,0.09540938578834375,0.028144557348599962,0.028346268102256003,0.0065340134892208565,0.31220200787365504,0.08889844847687188,0.3334984665126561,0.6931481805599428,"{""kernels.0.base_kernel.kernels.0"": [0.3332624944194359, 0.3332097092580023, 0.33328388529882613, 0.33339204930381083, 0.33326663534681267, 0.3333529629663681, 0.33314152595451085, 0.33332579434827886, 0.33335411169843737, 0.3333005200522428, 0.33343323095839544, 0.33353362938973213, 0.33346330363558, 0.3336847558204922, 0.33332013228761476, 0.3334201541307388, 0.3333430158608282, 0.33325084467655386], ""kernels.0.base_kernel.kernels.1.base_kernel"": [0.6931481805599428, 0.6931481805599428, 0.6931481805599428], ""kernels.1.base_kernel.kernels.0"": [0.10145192794372343, 0.31581671417556906, 0.3533602384205248, 0.38923794670871, 0.08889844847687188, 0.3511409349509668, 0.19091208537570087, 0.25463083993899205, 0.34719871853192874, 0.3719304014072048, 0.41722699213132286, 0.49237456134562096, 0.469431244829047, 0.6466676901500292, 0.3984912094758181, 0.4395141777785269, 0.3523418614914222, 0.46414805056831965], ""kernels.1.base_kernel.kernels.1"": [0.6931481805599428, 0.6931481805599428, 0.6931481805599428]}","{""kernels.0"": 0.0008843683924198064, ""kernels.0.base_kernel.kernels.1"": 0.0033741922791584522, ""kernels.1"": 0.9323474629493869}",8,8,24,24,24,archive,0,1
18,144.86572599248015,141.57476025093,0.4982,local,-3.0770602536936917,-4.577559007789825,1.500498754096133,0.07878923920688055,0.36757552037945024,archive,120,0,0.09698063619062126,0.028120409845875712,0.028528745217932,0.006565838863932635,0.30823215665085396,0.09083718184402187,0.33350857923652116,0.6931481805599428,"{""kernels.0.base_kernel.kernels.0"": [0.333262229522803, 0.3332178156658587, 0.3332824653757081, 0.3333795805357227, 0.3332682773129194, 0.33336046998783464, 0.3331552969883772, 0.33332417952654325, 0.3333541509345656, 0.3333014871004101, 0.33343513502058736, 0.33353897743677324, 0.3334781810362691, 0.3336976083747745, 0.33331778522585886, 0.33341858667446167, 0.3333397992169204, 0.33326875989689136], ""kernels.0.base_kernel.kernels.1.base_kernel"": [0.6931481805599428, 0.6931481805599428, 0.6931481805599428], ""kernels.1.base_kernel.kernels.0"": [0.10413498541251592, 0.3160049415408818, 0.35099720954575847, 0.39317445846464516, 0.09083718184402187, 0.3587913549821602, 0.1863188865068495, 0.25267235096047225, 0.3462045033070577, 0.37439147047828897, 0.4172301757149304, 0.49617311264924135, 0.47120887366625247, 0.6588262132692433, 0.40328413623707, 0.44475440994620624, 0.35547472123301105, 0.47016943423704477], ""kernels.1.base_kernel.kernels.1"": [0.6931481805599428, 0.6931481805599428, 0.6931481805599428]}","{""kernels.0"": 0.0008748698830698917, ""kernels.0.base_kernel.kernels.1"": 0.0033738609787283243, ""kernels.1"": 0.9204477390907637}",8,8,24,24,24,archive,0,2
19,145.6903500110028,141.57476025093,0.4986,local,-3.3358443457219202,-4.737668371139443,1.4018240254175227,0.09558160663355413,0.3706833409825407,archive,120,0,0.11130578967957383,0.027161786323207815,0.02836196181344042,0.006408638086939571,0.3029742960930354,0.09333190450962224,0.33351170247125184,0.6931481805599428,"{""kernels.0.base_kernel.kernels.0"": [0.33325913099023896, 0.33321388273543573, 0.333271821570796, 0.3334130155890999, 0.33326213493753853, 0.3333556928500007, 0.3331405337534339, 0.33332270941044834, 0.33335216305875914, 0.3332977484510694, 0.33343156499337195, 0.3335478714713754, 0.3334755334711283, 0.3337066774042399, 0.333353522907816, 0.3334181252432937, 0.3333482803598441, 0.33326820297557475], ""kernels.0.base_kernel.kernels.1.base_kernel"": [0.6931481805599428, 0.6931481805599428, 0.6931481805599428], ""kernels.1.base_kernel.kernels.0"": [0.10412178462854277, 0.31257602683285124, 0.3462242810007477, 0.4000509367781248, 0.09333190450962224, 0.3570859050107053, 0.18769061130048761, 0.24879861321096813, 0.3496479060437384, 0.37641783576061827, 0.41768182593682984, 0.5005760455289889, 0.47458260793030754, 0.6636011959265493, 0.41605851426576534, 0.4478719728085845, 0.35811965105875265, 0.46997011599909266], ""kernels.1.base_kernel.kernels.1"": [0.6931481805599428, 0.6931481805599428, 0.6931481805599428]}","{""kernels.0"": 0.0008638469846866193, ""kernels.0.base_kernel.kernels.1"": 0.003373489939993287, ""kernels.1"": 0.9046855513544263}",8,8,24,24,24,archive,0,3
20,193.27318695888135,141.57476025093,0.4972,local,-3.4419369843335446,-4.8128920371384085,1.370955052804864,0.08118726859061225,0.3781027323234032,archive,120,0,0.1117405867331017,0.026294455088608087,0.0280044002001515,0.0061672765317557,0.29735927642087023,0.09287512008351673,0.3335192846062207,0.6931481805599428,"{""kernels.0.base_kernel.kernels.0"": [0.3332581448953539, 0.33321417986647167, 0.3332714487725501, 0.3334177812357221, 0.33326087776890656, 0.33336457507712486, 0.33313981565759415, 0.3333233632293194, 0.3333669938063093, 0.3332952076967035, 0.3334386762107958, 0.3335501601119354, 0.333488409100506, 0.3337068399197703, 0.3333642727478368, 0.3334190455219507, 0.3333475643548105, 0.3333126463604338], ""kernels.0.base_kernel.kernels.1.base_kernel"": [0.6931481805599428, 0.6931481805599428, 0.6931481805599428], ""kernels.1.base_kernel.kernels.0"": [0.10366375963541266, 0.3136128780449806, 0.3459753185291349, 0.4030110868425158, 0.09287512008351673, 0.36190212090927704, 0.18680657320083968, 0.247341053222301, 0.36183592171806045, 0.3757256555959418, 0.42195195476437614, 0.5048070940395267, 0.4829765181187787, 0.6703339126858148, 0.43009035964397413, 0.4492342592909451, 0.3583940726755428, 0.4952232009542046], ""kernels.1.base_kernel.kernels.1"": [0.6931481805599428, 0.6931481805599428, 0.6931481805599428]}","{""kernels.0"": 0.0008584260337180417, ""kernels.0.base_kernel.kernels.1"": 0.0033733162126575503, ""kernels.1"": 0.8878460870162351}",8,8,24,24,24,archive,0,4
21,156.2294371457794,141.57476025093,0.501,local,-2.293698849155994,-5.126523611467309,2.8328247623113154,0.1035941571981588,0.4346607911491299,archive,120,0,0.1069521019369797,0.028283461907639477,0.030706060863872887,0.0074746816572736395,0.3043324936559217,0.09263726936994358,0.33338812781131,0.6931481805599428,"{""kernels.0.base_kernel.kernels.0"": [0.33327456848360515, 0.3331728681299131, 0.3332820619832363, 0.33335461956814, 0.3332724839071586, 0.33332837506875546, 0.33315058417270393, 0.33331899889204925, 0.33333369804044827, 0.3333288323958351, 0.33343536265705204, 0.33334716085737526, 0.33342153492125315, 0.3337570136437389, 0.33335472070136685, 0.3333132672725813, 0.3333384983543814, 0.3333041685671234], ""kernels.0.base_kernel.kernels.1.base_kernel"": [0.6931481805599428, 0.6931481805599428, 0.6931481805599428], ""kernels.1.base_kernel.kernels.0"": [0.10682390734152633, 0.2886457436241716, 0.345289519322225, 0.37947270446090076, 0.09263726936994358, 0.34460142627389634, 0.20680994774802727, 0.26702120490515346, 0.35049593813734037, 0.3820952614851468, 0.41198929725134126, 0.3838626393106853, 0.45638310612501365, 0.6185935587826543, 0.413902786432585, 0.30296291964408534, 0.3504841918745698, 0.47487047366772905], ""kernels.1.base_kernel.kernels.1"": [0.6931481805599428, 0.6931481805599428, 0.6931481805599428]}","{""kernels.0"": 0.0008422911586145792, ""kernels.0.base_kernel.kernels.1"": 0.0033726316548098457, ""kernels.1"": 0.9087825581543407}",8,8,24,24,24,archive,0,5
22,133.99300186922707,133.99300186922707,0.4972,local,-3.3717401894029893,-5.026154350967962,1.654414161564973,0.061131759129290586,0.3257974083688445,archive,120,0,0.07544153567725538,0.027530037303927314,0.029857218952058222,0.006982613747077678,0.29840247047124596,0.08980385530286007,0.33344023310359927,0.6931481805599428,"{""kernels.0.base_kernel.kernels.0"": [0.3332748359946248, 0.33311614979728793, 0.33330191563264516, 0.3334201363097701, 0.3332780836371677, 0.33331078285677046, 0.33314576150653835, 0.33332874698897946, 0.3333570240091683, 0.33336537077536665, 0.33345730590605444, 0.33340038730388133, 0.33342316030114405, 0.333833095390366, 0.333368781857042, 0.3333323437206075, 0.33333462976004885, 0.333376491012017], ""kernels.0.base_kernel.kernels.1.base_kernel"": [0.6931481805599428, 0.6931481805599428, 0.6931481805599428], ""kernels.1.base_kernel.kernels.0"": [0.1222798521672562, 0.3346000327435977, 0.3756646736558566, 0.40157822770801505, 0.08980385530286007, 0.38947415755977943, 0.22377231158620675, 0.3107706827205447, 0.3501787175941027, 0.3679473417789021, 0.41193830654494556, 0.3977306410425847, 0.4233888660049667, 0.5735593096304531, 0.40521139794110145, 0.1588312909354213, 0.3544686041755021, 0.46876366124079405], ""kernels.1.base_kernel.kernels.1"": [0.6931481805599428, 0.6931481805599428, 0.6931481805599428]}","{""kernels.0"": 0.0008229151448337172, ""kernels.0.base_kernel.kernels.1"": 0.003371728584553899, ""kernels.1"": 0.8910127676843502}",8,8,24,24,24,archive,0,0
23,186.80390110622693,133.99300186922707,0.501,local,-3.9089330272345872,-49.56873048667002,45.65979745943543,0.552228057358117,1.327201156504457,archive,92,9,0.13141487307313351,0.02707630345851694,0.028583375707572016,0.006275365215388881,0.2934241706980576,0.09477801057497368,0.33343913021227534,0.6931481805599428,"{""kernels.0.base_kernel.kernels.0"": [0.3332739386565746, 0.33311774247201714, 0.3332969129831095, 0.3334115925826413, 0.33327458979160257, 0.33331044334400417, 0.333148171391452, 0.33333072335029335, 0.33339739078648223, 0.3333735213108894, 0.3334666678419094, 0.33340581740859293, 0.3334061636932196, 0.333840664886464, 0.3333525288758193, 0.33333148291319237, 0.33334521370162246, 0.3333562392328336], ""kernels.0.base_kernel.kernels.1.base_kernel"": [0.6931481805599428, 0.6931481805599428, 0.6931481805599428], ""kernels.1.base_kernel.kernels.0"": [0.1215898748398197, 0.3372257287320285, 0.3754049453643512, 0.3920727180276924, 0.09477801057497368, 0.3912239500464867, 0.23073987519531158, 0.30720628194358723, 0.36928714889164793, 0.371350778606564, 0.41611043162404127, 0.4048451896220845, 0.41258844055600286, 0.5713045106894131, 0.39530663509106495, 0.15230294073005204, 0.36562150177788927, 0.45947053240884494], ""kernels.1.base_kernel.kernels.1"": [0.6931481805599428, 0.6931481805599428, 0.6931481805599428]}","{""kernels.0"": 0.0008105979561941493, ""kernels.0.base_kernel.kernels.1"": 0.003371112261101278, ""kernels.1"": 0.8760908018768774}",8,8,24,24,24,archive,0,1
24,124.53723815556322,124.53723815556322,0.5014,global,-3.2034522795098774,-11.335208105239651,8.131755825729774,0.6931230962097235,1.4094020192864143,global,,,0.09735444138568698,0.02788750007847602,0.029595149385872075,0.006768889012254174,0.29429776735153274,0.08389905921326855,0.33337910633370704,0.6931481805599428,"{""kernels.0.base_kernel.kernels.0"": [0.33327704630915883, 0.33315351318039177, 0.3332708788723109, 0.33336705677709494, 0.3332844170819544, 0.33332852530798723, 0.3331979870138165, 0.33332263065152573, 0.3333706108763684, 0.33334996604429534, 0.3334258064119637, 0.3333132482418993, 0.3334646883251585, 0.3337185794382043, 0.33338760179104576, 0.33331825541368176, 0.3333557973762349, 0.33331777288296444], ""kernels.0.base_kernel.kernels.1.base_kernel"": [0.6931481805599428, 0.6931481805599428, 0.6931481805599428], ""kernels.1.base_kernel.kernels.0"": [0.11176361164259713, 0.295822020567127, 0.3097618723907007, 0.3649668490861901, 0.08389905921326855, 0.3517569073357435, 0.21260914167098585, 0.32824906988693786, 0.3606137196647726, 0.38352786864713234, 0.40051416167486087, 0.194066677089726, 0.4327232728648203, 0.5607688295185754, 0.40843676656880845, 0.34949336210470955, 0.35698801723342627, 0.4474233705831723], ""kernels.1.base_kernel.kernels.1"": [0.6931481805599428, 0.6931481805599428, 0.6931481805599428]}","{""kernels.0"": 0.0007739973256824686, ""kernels.0.base_kernel.kernels.1"": 0.003369024258103654, ""kernels.1"": 0.878750280470812}",8,8,24,24,24,archive,0,0
25,155.5554041133899,124.53723815556322,0.497,local,-3.963090011274888,-4.756339758554326,0.7932497472794378,0.09261855127654625,0.35562681935174384,archive,128,0,0.12081830710299205,0.02814490261678596,0.0289250518785628,0.00631737461689244,0.28855404161788883,0.0847986704342158,0.3333771336934206,0.6931481805599428,"{""kernels.0.base_kernel.kernels.0"": [0.33327603678478107, 0.3331606125593833, 0.33327411694931414, 0.33336136433162084, 0.33328055988578464, 0.33332579894596737, 0.33319314103082603, 0.3333292236809722, 0.3333767345356122, 0.33334311107174097, 0.3334395644605506, 0.3332949906373159, 0.33351846491422743, 0.33372606684848516, 0.333377532851229, 0.33330789291045837, 0.33336212790317465, 0.33330242769071217], ""kernels.0.base_kernel.kernels.1.base_kernel"": [0.6931481805599428, 0.6931481805599428, 0.6931481805599428], ""kernels.1.base_kernel.kernels.0"": [0.11106054996287418, 0.3009023399748279, 0.3259838576334667, 0.3491052016764343, 0.0847986704342158, 0.34747882480762626, 0.21446067010177747, 0.32145610559787274, 0.36806394132801223, 0.38099575043329276, 0.4092667361392716, 0.2028333355996358, 0.4500237334079822, 0.5668925564231722, 0.40612601078632365, 0.33819379713943243, 0.36314115872650893, 0.44629512920363096], ""kernels.1.base_kernel.kernels.1"": [0.6931481805599428, 0.6931481805599428, 0.6931481805599428]}","{""kernels.0"": 0.0007689344118024467, ""kernels.0.base_kernel.kernels.1"": 0.003368754660021505, ""kernels.1"": 0.8615244357818426}",8,8,24,24,24,archive,0,1
26,125.75475491591764,124.53723815556322,0.502,local,-3.481114638727017,-5.150852126634938,1.6697374879079208,0.06784782116543776,0.3145014967945659,archive,128,0,0.09434110430827408,0.027584297728569712,0.029123362233178775,0.006372273191861576,0.2867654758736184,0.08667941885980487,0.33335707490255556,0.6931481805599428,"{""kernels.0.base_kernel.kernels.0"": [0.33327366109533746, 0.33316280141762933, 0.3332743677610397, 0.3333776112955173, 0.3332812391914592, 0.33330709243964246, 0.3331905022998989, 0.33333019296142796, 0.33335063038265744, 0.3333552575083621, 0.33341783193527624, 0.33328638264121546, 0.3334672969635583, 0.3336621546823309, 0.33335889229674903, 0.33327546945779246, 0.333349517510633, 0.3333362326724011], ""kernels.0.base_kernel.kernels.1.base_kernel"": [0.6931481805599428, 0.6931481805599428, 0.6931481805599428], ""kernels.1.base_kernel.kernels.0"": [0.11375794124136118, 0.30303092567483836, 0.330148856682737, 0.36049258309016263, 0.08667941885980487, 0.3406790739356683, 0.21999490701491126, 0.32261504617793346, 0.3609944933435633, 0.381076013379697, 0.3832903262751807, 0.2059062784439139, 0.4265592295026973, 0.5477385133233935, 0.3924762100624733, 0.2911766761539564, 0.3526205175343423, 0.4463902010558428], ""kernels.1.base_kernel.kernels.1"": [0.6931481805599428, 0.6931481805599428, 0.6931481805599428]}","{""kernels.0"": 0.0007568694816179424, ""kernels.0.base_kernel.kernels.1"": 0.003368042486926354, ""kernels.1"": 0.8561715156523109}",8,8,24,24,24,archive,0,2
27,128.88945879879822,124.53723815556322,0.4964,local,-3.8481896602455326,-5.3244845688312115,1.476294908585679,0.058956506568126905,0.2688466052563734,archive,128,0,0.07317379639483956,0.024868330498726693,0.028217746275123953,0.0058581532731247134,0.28067207067322353,0.08727760607295443,0.33336516290726775,0.6931481805599428,"{""kernels.0.base_kernel.kernels.0"": [0.3332711718687341, 0.3331605074882149, 0.33327254404938744, 0.33337507825912704, 0.33328059126486753, 0.3333088824308142, 0.33319336121829396, 0.3333379431807217, 0.33336554591348594, 0.33334908551371567, 0.3334375010773254, 0.333284995674245, 0.3334753103497753, 0.33366179378117794, 0.33336477990104957, 0.3332885865346254, 0.3333543919213199, 0.3333338513881775], ""kernels.0.base_kernel.kernels.1.base_kernel"": [0.6931481805599428, 0.6931481805599428, 0.6931481805599428], ""kernels.1.base_kernel.kernels.0"": [0.11288741324299988, 0.29615600637311923, 0.32633742110294517, 0.35685699111681735, 0.08727760607295443, 0.33518464354789756, 0.21785604745601544, 0.32831477306442947, 0.37266198927532485, 0.37800685489779384, 0.39241925943085393, 0.20293209134077547, 0.43076272819913747, 0.5509350722888297, 0.39654778990170686, 0.32310089986720597, 0.3551544801456093, 0.44514710607992664], ""kernels.1.base_kernel.kernels.1"": [0.6931481805599428, 0.6931481805599428, 0.6931481805599428]}","{""kernels.0"": 0.0007482529823381203, ""kernels.0.base_kernel.kernels.1"": 0.0033675419562424324, ""kernels.1"": 0.83790041708109}",8,8,24,24,24,archive,0,3
28,140.52817872554306,124.53723815556322,0.5024,local,-3.8297182506552883,-5.483516566831125,1.6537983161758367,0.06765619208535424,0.2711363369478024,archive,128,0,0.07227246004636687,0.02404727796422373,0.02789899404796244,0.0056303008916675605,0.2744938190828851,0.08701278521968811,0.3333642434887792,0.6931481805599428,"{""kernels.0.base_kernel.kernels.0"": [0.33327060180965806, 0.33315621594919165, 0.33326937543419516, 0.33337626489252303, 0.33327835310714715, 0.3333450053587332, 0.3331905363417275, 0.3333384959950839, 0.3333612738867674, 0.3333483978656594, 0.33347301139590535, 0.33328338545102926, 0.3334745754451421, 0.3336649646783576, 0.333367213090791, 0.3332821606903583, 0.33335581770813166, 0.33332604814694716], ""kernels.0.base_kernel.kernels.1.base_kernel"": [0.6931481805599428, 0.6931481805599428, 0.6931481805599428], ""kernels.1.base_kernel.kernels.0"": [0.11280715278556325, 0.3036155965092203, 0.32427211929879396, 0.36074849103067536, 0.08701278521968811, 0.36716886964694856, 0.21330456616900448, 0.3297021464272685, 0.3733176411781438, 0.3773761796721745, 0.41054846127190103, 0.20387404465968753, 0.43205916275358175, 0.5472473470849726, 0.39973493911451724, 0.316065830219249, 0.35723706846141107, 0.4435587720216884], ""kernels.1.base_kernel.kernels.1"": [0.6931481805599428, 0.6931481805599428, 0.6931481805599428]}","{""kernels.0"": 0.0007433231670442259, ""kernels.0.base_kernel.kernels.1"": 0.0033672607177303664, ""kernels.1"": 0.8193708733638807}",8,8,24,24,24,archive,0,4
29,121.02583058333288,121.02583058333288,0.5032,local,-3.461289632477404,-5.704659156421327,2.243369523943923,0.07153165608201831,0.3081522056236955,archive,128,0,0.07318466383239311,0.02479753771105339,0.029250452749116623,0.006157256776417044,0.27252365253151684,0.09074335718921782,0.33337160883798067,0.6931481805599428,"{""kernels.0.base_kernel.kernels.0"": [0.333271360889495, 0.33316373416979667, 0.3332866450098494, 0.3334077796640146, 0.3332807451645072, 0.333331253650897, 0.33320171576801605, 0.33334951754786396, 0.3333861294494566, 0.333352947155905, 0.3333540705587045, 0.33327595566756624, 0.3334521240787299, 0.3337021386883583, 0.3333803408978786, 0.33329215479218494, 0.33336287677808274, 0.3333075638357696], ""kernels.0.base_kernel.kernels.1.base_kernel"": [0.6931481805599428, 0.6931481805599428, 0.6931481805599428], ""kernels.1.base_kernel.kernels.0"": [0.1134592114917349, 0.292258225446939, 0.32539352896938967, 0.3818791295811855, 0.09074335718921782, 0.3445412218629575, 0.2175767714095953, 0.3337012892132325, 0.3798835936987687, 0.3801230861574938, 0.31939365434500644, 0.20980673195473243, 0.42232555376663705, 0.566279765232243, 0.4062538056150095, 0.32669669080675967, 0.3572715761020777, 0.4419751627901547], ""kernels.1.base_kernel.kernels.1"": [0.6931481805599428, 0.6931481805599428, 0.6931481805599428]}","{""kernels.0"": 0.0007276307439656759, ""kernels.0.base_kernel.kernels.1"": 0.003366334694265283, ""kernels.1"": 0.8134769921563196}",8,8,24,24,24,archive,0,0
30,122.48643685471092,121.02583058333288,0.502,global,-4.0860393997437185,-7.808374932771553,3.7223355330278345,1.1258898811655282,1.4008849317348835,global,,,0.083381160263302,0.02621596383181019,0.027734033727495534,0.00540820154161481,0.26730672419646756,0.09058322603320901,0.33337987586283324,0.6931481805599428,"{""kernels.0.base_kernel.kernels.0"": [0.33327220930116397, 0.33315513467614, 0.3332831089196512, 0.3334019070780393, 0.3332815818498662, 0.3333562440437235, 0.3331926918543989, 0.3333590030287196, 0.3333817272239925, 0.3333565979465052, 0.33336889639965234, 0.33327345107327283, 0.33346772418751697, 0.3337048952836614, 0.33337802450167403, 0.33327925956412485, 0.33336165561544556, 0.33329702864278776], ""kernels.0.base_kernel.kernels.1.base_kernel"": [0.6931481805599428, 0.6931481805599428, 0.6931481805599428], ""kernels.1.base_kernel.kernels.0"": [0.11309067978336323, 0.2977142738905726, 0.32320862560893926, 0.3780158434685287, 0.09058322603320901, 0.36613316268648555, 0.21698389904312498, 0.3374912016101485, 0.3761107554864436, 0.3784606646189397, 0.34231236083636335, 0.20816452981344324, 0.43086308687352853, 0.5615293545570258, 0.40810689978317977, 0.3143433377918167, 0.35529914164335935, 0.4362061727607197], ""kernels.1.base_kernel.kernels.1"": [0.6931481805599428, 0.6931481805599428, 0.6931481805599428]}","{""kernels.0"": 0.0007229698687488058, ""kernels.0.base_kernel.kernels.1"": 0.00336606262090438, ""kernels.1"": 0.7978311400997495}",8,8,24,24,24,archive,0,1
31,134.22688327907474,121.02583058333288,0.4964,local,-4.069256320174981,-4.653836555707697,0.5845802355327159,0.05077194036047442,0.240552491995196,archive,133,0,0.07079861412423344,0.02480066445341756,0.02685450085313047,0.004970321904286179,0.26191265751653947,0.08671220986057057,0.33340569018460386,0.6931481805599428,"{""kernels.0.base_kernel.kernels.0"": [0.3332705123015154, 0.3331490128986604, 0.3332886274537207, 0.33339730681306706, 0.33328377470989234, 0.33336532308032474, 0.3332012713289754, 0.33340387950763395, 0.3333929059403074, 0.3334075008615737, 0.33337634628951707, 0.33328691622676543, 0.3334776288369732, 0.3337103951639234, 0.3334097342140303, 0.33327957227151794, 0.3333596431146335, 0.33330962719369156], ""kernels.0.base_kernel.kernels.1.base_kernel"": [0.6931481805599428, 0.6931481805599428, 0.6931481805599428], ""kernels.1.base_kernel.kernels.0"": [0.11460991906151176, 0.31210604779263373, 0.32940244615575903, 0.37409256576785926, 0.08671220986057057, 0.3831944803829555, 0.21579752989010495, 0.38989662051103097, 0.3838278931338587, 0.3979930842818538, 0.3369123225700051, 0.20428926840960349, 0.4300387446204799, 0.55513261358539, 0.41767973083272697, 0.2928604043610643, 0.35116892039068676, 0.4400243679976406], ""kernels.1.base_kernel.kernels.1"": [0.6931481805599428, 0.6931481805599428, 0.6931481805599428]}","{""kernels.0"": 0.000710917105219713, ""kernels.0.base_kernel.kernels.1"": 0.0033653759760982997, ""kernels.1"": 0.7816616794683005}",8,8,24,24,24,archive,1,2
32,110.51249246857174,110.51249246857174,0.5014,local,-3.648552378242833,-4.905821196852476,1.257268818609643,0.04485424176451425,0.23442777156859554,archive,133,0,0.057028664125947384,0.024859425462020766,0.027360544908191103,0.005115220750871571,0.25854152659408236,0.08754267394553764,0.3333825855487451,0.6931481805599428,"{""kernels.0.base_kernel.kernels.0"": [0.3332703238109645, 0.333149018488848, 0.33328787333802956, 0.33339548603744124, 0.333286656688598, 0.33336968506004905, 0.33319786217305947, 0.3333406154228267, 0.33339865853111256, 0.33341298488763677, 0.33336207338355595, 0.33326889000495985, 0.33348057545875304, 0.33369138747082744, 0.3333987245080986, 0.33328305831101557, 0.3333626787660134, 0.3332980145271257], ""kernels.0.base_kernel.kernels.1.base_kernel"": [0.6931481805599428, 0.6931481805599428, 0.6931481805599428], ""kernels.1.base_kernel.kernels.0"": [0.11455383474349884, 0.29152426106241314, 0.32318451399233045, 0.37147060594055414, 0.08754267394553764, 0.3680891967174021, 0.22032431426903998, 0.32884370183420764, 0.3912681277059937, 0.4054556585582359, 0.3297922913681824, 0.21106463042592818, 0.4446696497209744, 0.564217671501956, 0.4209584850136446, 0.3159729726144273, 0.3590295443354607, 0.4361491220546372], ""kernels.1.base_kernel.kernels.1"": [0.6931481805599428, 0.6931481805599428, 0.6931481805599428]}","{""kernels.0"": 0.0006913090476383581, ""kernels.0.base_kernel.kernels.1"": 0.00336421894948342, ""kernels.1"": 0.7715690517851252}",8,8,24,24,24,archive,0,0
33,124.92120472894469,110.51249246857174,0.495,local,-4.066832631868296,-5.547288913589376,1.4804562817210796,0.07169846374211247,0.3345391355412885,archive,136,0,0.09868844652056465,0.023979720544461253,0.0262295567742393,0.0045805650760862935,0.2547111515091575,0.08764140800392278,0.33338494669141444,0.6931481805599428,"{""kernels.0.base_kernel.kernels.0"": [0.3332673512954977, 0.33315355599286234, 0.33330282351940765, 0.33337681407055586, 0.33329007400250316, 0.3333658899219859, 0.3332106868484441, 0.33337576828004956, 0.333393079312273, 0.3333942582682515, 0.33336167597274957, 0.33326392479235245, 0.33346602833770933, 0.3336586935793213, 0.3334228574542498, 0.33330720559288934, 0.3333745951679316, 0.3332630908692478], ""kernels.0.base_kernel.kernels.1.base_kernel"": [0.6931481805599428, 0.6931481805599428, 0.6931481805599428], ""kernels.1.base_kernel.kernels.0"": [0.11319611525806417, 0.29910008948855044, 0.3278486178994477, 0.35226070225497275, 0.08764140800392278, 0.3585526979820491, 0.22322093721871586, 0.3808228337455319, 0.3840405319326419, 0.3907688574344636, 0.3279141537538642, 0.2004048664169796, 0.4246102867488963, 0.5468182148335493, 0.43132744770736825, 0.3256061226930989, 0.36487208484382666, 0.41156861774292014], ""kernels.1.base_kernel.kernels.1"": [0.6931481805599428, 0.6931481805599428, 0.6931481805599428]}","{""kernels.0"": 0.0006877540052695092, ""kernels.0.base_kernel.kernels.1"": 0.003363997478543735, ""kernels.1"": 0.7600817030436594}",8,8,24,24,24,archive,0,1
34,121.08077776958655,110.51249246857174,0.4976,local,-4.638957658794489,-6.169132103258919,1.5301744444644303,0.05771093238471899,0.2607395434477799,archive,136,0,0.08214546913558278,0.022386543132591592,0.02669437211792216,0.004686340738989603,0.24967878024260712,0.08703231772873377,0.3333811715484336,0.6931481805599428,"{""kernels.0.base_kernel.kernels.0"": [0.3332686237459758, 0.3331449103323008, 0.33330078363722165, 0.33337458878324244, 0.33328981829195026, 0.3333565936256992, 0.33320561083594086, 0.33336238991405165, 0.33339368083088206, 0.33338775431362483, 0.33336621257452914, 0.3332665036770729, 0.3334674541366827, 0.33368948381485536, 0.3334212664800859, 0.3333014934811572, 0.3333740108477003, 0.33326884923444666], ""kernels.0.base_kernel.kernels.1.base_kernel"": [0.6931481805599428, 0.6931481805599428, 0.6931481805599428], ""kernels.1.base_kernel.kernels.0"": [0.11417445843778447, 0.2956393748384027, 0.32880553940560153, 0.35336845305184195, 0.08703231772873377, 0.35375554636095435, 0.22300911723030947, 0.36673257527629566, 0.3803480040414407, 0.3846659142762263, 0.33006546539284964, 0.20768890732932047, 0.4272436682926818, 0.5598903243285026, 0.42950852450197446, 0.316914221656225, 0.36338736885449935, 0.4237055910815288], ""kernels.1.base_kernel.kernels.1"": [0.6931481805599428, 0.6931481805599428, 0.6931481805599428]}","{""kernels.0"": 0.0006842697595816409, ""kernels.0.base_kernel.kernels.1"": 0.0033637761744890627, ""kernels.1"": 0.7449882947937506}",8,8,24,24,24,archive,0,2
35,115.33120656365281,110.51249246857174,0.4972,local,-4.973866498297253,-6.517528154960704,1.543661656663451,0.055653786977615166,0.25564278207880925,archive,136,0,0.0785984155073672,0.02131868453655716,0.026644136063352027,0.004603410928559912,0.24487730491817702,0.08683395358496676,0.3333866324626845,0.6931481805599428,"{""kernels.0.base_kernel.kernels.0"": [0.33326675313520043, 0.33314356581990556, 0.3333001587137614, 0.3333759660632439, 0.3332891771014864, 0.33336130772087935, 0.33320379622227153, 0.333356017094627, 0.33339139906310933, 0.33342884821374347, 0.33336396289215, 0.33326095089060187, 0.3334635916572481, 0.33369519726824637, 0.3334263469715199, 0.33330125919042847, 0.33338186586225976, 0.3332772541941249], ""kernels.0.base_kernel.kernels.1.base_kernel"": [0.6931481805599428, 0.6931481805599428, 0.6931481805599428], ""kernels.1.base_kernel.kernels.0"": [0.11399400199449979, 0.2987335843965334, 0.3299347484605296, 0.35680522795972264, 0.08683395358496676, 0.35623191259643516, 0.22249559500756422, 0.357209262076994, 0.3792629393911315, 0.41349696555401766, 0.32805896633248266, 0.20708602990300742, 0.42719446554190404, 0.5616998400885004, 0.43309859847755167, 0.3184727205058821, 0.3699133208221724, 0.42829803980882397], ""kernels.1.base_kernel.kernels.1"": [0.6931481805599428, 0.6931481805599428, 0.6931481805599428]}","{""kernels.0"": 0.0006809654375666761, ""kernels.0.base_kernel.kernels.1"": 0.0033635726720565215, ""kernels.1"": 0.7305873766449078}",8,8,24,24,24,archive,0,3
36,122.13533810946616,110.51249246857174,0.501,local,-4.991726649361386,-6.470104922176304,1.4783782728149184,0.0405445366576235,0.2037294269431795,archive,136,0,0.05543869077274741,0.020291057184478028,0.025885752560268534,0.004263459961504506,0.24029383216480696,0.08469422421981745,0.33338483410944536,0.6931481805599428,"{""kernels.0.base_kernel.kernels.0"": [0.33326647040464474, 0.3331683465221494, 0.3333023115116103, 0.33337503816170855, 0.3332933611965029, 0.3333528187345511, 0.3332090157234926, 0.3333693622534609, 0.3333847362749803, 0.3334298195732012, 0.3333611443861958, 0.33327260233361256, 0.33350059323576764, 0.33368476313154893, 0.3334649517562137, 0.3332983812693004, 0.33338493194391045, 0.33329372499628046], ""kernels.0.base_kernel.kernels.1.base_kernel"": [0.6931481805599428, 0.6931481805599428, 0.6931481805599428], ""kernels.1.base_kernel.kernels.0"": [0.11484516089514173, 0.32881959538820194, 0.32620230474806355, 0.36318087951362993, 0.08469422421981745, 0.36092605878301465, 0.220995687766196, 0.3741156734486688, 0.37251641387180734, 0.40992456364710345, 0.31946518979570654, 0.2044183739053472, 0.4458691808935563, 0.5537100975683744, 0.4507153608434026, 0.30687042729747493, 0.3724752444349133, 0.4322783285784897], ""kernels.1.base_kernel.kernels.1"": [0.6931481805599428, 0.6931481805599428, 0.6931481805599428]}","{""kernels.0"": 0.0006658479896198881, ""kernels.0.base_kernel.kernels.1"": 0.0033626452010156586, ""kernels.1"": 0.7168530033037853}",8,8,24,24,24,archive,0,4
37,108.65556154918865,108.65556154918865,0.5022,local,-4.917727886568201,-7.390392322948028,2.4726644363798265,0.04858189513638415,0.2786643692147678,archive,136,0,0.06721599552444585,0.019433922504985303,0.027049026469149546,0.004624170806572061,0.237734472441727,0.09172800856946811,0.3334022877763374,0.6931481805599428,"{""kernels.0.base_kernel.kernels.0"": [0.3332654306487078, 0.3331654107710741, 0.3332906260946667, 0.33340147994688685, 0.3332904814602674, 0.3333672792740933, 0.33320342306944656, 0.33335274932749726, 0.333403095605788, 0.33337436028000256, 0.3333604667314104, 0.3332591550217829, 0.33347464620828776, 0.3336803292625643, 0.3334361938063893, 0.3333475971330327, 0.3333831710669216, 0.3332711541948999], ""kernels.0.base_kernel.kernels.1.base_kernel"": [0.6931481805599428, 0.6931481805599428, 0.6931481805599428], ""kernels.1.base_kernel.kernels.0"": [0.11523388449576588, 0.2982620008599578, 0.3037705932837203, 0.3789843575423427, 0.09172800856946811, 0.35184318364584943, 0.22520556500366956, 0.34728726341923105, 0.3907918882513002, 0.3858941331428882, 0.3231547418622004, 0.20731855721649436, 0.4388655406217563, 0.564021729810067, 0.44477972752229755, 0.3616098581719368, 0.37055426251832163, 0.420413257291529], ""kernels.1.base_kernel.kernels.1"": [0.6931481805599428, 0.6931481805599428, 0.6931481805599428]}","{""kernels.0"": 0.0006520061117831155, ""kernels.0.base_kernel.kernels.1"": 0.0033617666125567484, ""kernels.1"": 0.7091896446008411}",8,8,24,24,24,archive,0,0
38,106.06887188276069,106.06887188276069,0.5002,global,-4.6807776841746005,-8.561816542670456,3.881038858495856,0.9925413191973196,1.3957671884656158,global,,,0.06331431629582401,0.0239402241083012,0.025505588630649445,0.00402808835760426,0.2360697144668121,0.10014780633953596,0.33338872489696214,0.6931481805599428,"{""kernels.0.base_kernel.kernels.0"": [0.33324764205304425, 0.3331703901973603, 0.3332947060217765, 0.33339465428133924, 0.3332903684670264, 0.33335212669318565, 0.33322635779781057, 0.333347645366198, 0.3334080331228688, 0.3333548834438139, 0.33336260984626587, 0.3332653414480225, 0.33348852082555425, 0.3336597217371513, 0.33346671521645604, 0.33336982416044014, 0.333382795512585, 0.33324239618503665], ""kernels.0.base_kernel.kernels.1.base_kernel"": [0.6931481805599428, 0.6931481805599428, 0.6931481805599428], ""kernels.1.base_kernel.kernels.0"": [0.13582080216102915, 0.2589429055354413, 0.274832894528553, 0.37773160195329236, 0.10014780633953596, 0.3327001987815772, 0.2313364778485339, 0.34449382973330817, 0.39823172030130527, 0.3758289237066136, 0.305066254320035, 0.2041902445877125, 0.44319402979273587, 0.5742289467762713, 0.454084510519158, 0.3925461904324202, 0.37590002556486746, 0.4009595969842518], ""kernels.1.base_kernel.kernels.1"": [0.6931481805599428, 0.6931481805599428, 0.6931481805599428]}","{""kernels.0"": 0.0006284387062848814, ""kernels.0.base_kernel.kernels.1"": 0.003360228077216069, ""kernels.1"": 0.7042204766169353}",8,8,24,24,24,archive,1,0
39,119.99598224013428,106.06887188276069,0.4972,local,-4.616732548093573,-5.2396413882071124,0.6229088401135394,0.055615733914947424,0.235688231856148,archive,142,0,0.06765864244314511,0.022553743100062203,0.02435944334691785,0.003587811064229948,0.2308482674546014,0.09936993468514115,0.3334222726066496,0.6931481805599428,"{""kernels.0.base_kernel.kernels.0"": [0.33324662105870945, 0.3331616869524011, 0.333366282697794, 0.3333817702362302, 0.33329293743476573, 0.3333222673628525, 0.3332159333240769, 0.3333478000489595, 0.3334568464613257, 0.33334105828046473, 0.3333536018693393, 0.33327307134175316, 0.3334714770595047, 0.3336541912286191, 0.33345852692668043, 0.3333876987519735, 0.33337052282066537, 0.3332105286055918], ""kernels.0.base_kernel.kernels.1.base_kernel"": [0.6931481805599428, 0.6931481805599428, 0.6931481805599428], ""kernels.1.base_kernel.kernels.0"": [0.1354339066990243, 0.23274623861717197, 0.3813250674983592, 0.36301545189663803, 0.09936993468514115, 0.2959927427236582, 0.23635376757664076, 0.3405697620299649, 0.43406582501611135, 0.37366360376626595, 0.31437765229204084, 0.20129273535054493, 0.4292353320312329, 0.5745701846065941, 0.4434605576868376, 0.41418681541888375, 0.3663858117642903, 0.3828510489013081], ""kernels.1.base_kernel.kernels.1"": [0.6931481805599428, 0.6931481805599428, 0.6931481805599428]}","{""kernels.0"": 0.0006219546998417248, ""kernels.0.base_kernel.kernels.1"": 0.003359795872633162, ""kernels.1"": 0.6885630517913294}",8,8,24,24,24,archive,0,1
40,110.6852921358996,106.06887188276069,0.4996,local,-4.471938292823791,-5.684671730885919,1.212733438062128,0.040054016164303693,0.1825904424074812,archive,142,0,0.05511637286389884,0.022128488294086143,0.024661981038258615,0.0036330767173434115,0.2264939721687431,0.0905873097468162,0.3334446380339373,0.6931481805599428,"{""kernels.0.base_kernel.kernels.0"": [0.3332534475473412, 0.3331524394193718, 0.3333508968669771, 0.33336926900258984, 0.33329128716858686, 0.3333365660060371, 0.33322187870054915, 0.3333422591548673, 0.33341259016713704, 0.3333270778470488, 0.33334913405308764, 0.3332836545850598, 0.33347668590073765, 0.3336636547451562, 0.3334857648830022, 0.3333524078917437, 0.3333538166178572, 0.3332554059879348], ""kernels.0.base_kernel.kernels.1.base_kernel"": [0.6931481805599428, 0.6931481805599428, 0.6931481805599428], ""kernels.1.base_kernel.kernels.0"": [0.13439603575891926, 0.2745674603247462, 0.36735375034558243, 0.35029531348795845, 0.0905873097468162, 0.3372559555071737, 0.22523972342562965, 0.3641672749358231, 0.3952950740943523, 0.3718226863428632, 0.2931510592069071, 0.1979361080742415, 0.43521814285610927, 0.564264296106439, 0.45608731535617675, 0.3666597686820325, 0.361755577250321, 0.4063988025703102], ""kernels.1.base_kernel.kernels.1"": [0.6931481805599428, 0.6931481805599428, 0.6931481805599428]}","{""kernels.0"": 0.0006084608227239437, ""kernels.0.base_kernel.kernels.1"": 0.003358849103718919, ""kernels.1"": 0.6755146065797863}",8,8,24,24,24,archive,0,2
41,105.20608805190173,105.20608805190173,0.5004,local,-5.0580401195439,-6.438950916710214,1.3809107971663135,0.03444910370861591,0.17216944477841528,archive,142,0,0.045276572255031386,0.01848754146421477,0.024177698331083894,0.0034337868663795123,0.22221516728930824,0.09068666830974326,0.33343991099136805,0.6931481805599428,"{""kernels.0.base_kernel.kernels.0"": [0.3332525574665055, 0.33315250838228916, 0.33337660575407074, 0.3333679195020045, 0.33329157625525296, 0.3333427100405535, 0.3332128770816931, 0.333339847910593, 0.33340763202270185, 0.33332808733086833, 0.3333444336418592, 0.3332749540739948, 0.33347218996003425, 0.3336800182898404, 0.33348189285865654, 0.3333607543706107, 0.33335912284900604, 0.3332503489656113], ""kernels.0.base_kernel.kernels.1.base_kernel"": [0.6931481805599428, 0.6931481805599428, 0.6931481805599428], ""kernels.1.base_kernel.kernels.0"": [0.13510807807676792, 0.2729582092816103, 0.39175976619827213, 0.3479821176966231, 0.09068666830974326, 0.3353232343694654, 0.22306291300887757, 0.357875824132949, 0.3946055242038032, 0.3728571713904068, 0.2921732330276774, 0.19899744661923222, 0.436501491433399, 0.5698516158082139, 0.45537809427058257, 0.37427959426576446, 0.3658346700432782, 0.40678085422715926], ""kernels.1.base_kernel.kernels.1"": [0.6931481805599428, 0.6931481805599428, 0.6931481805599428]}","{""kernels.0"": 0.0006061643063722457, ""kernels.0.base_kernel.kernels.1"": 0.0033586898289486634, ""kernels.1"": 0.6626806477326038}",8,8,24,24,24,archive,0,0
42,113.03974952861732,105.20608805190173,0.4974,local,-4.410370499372965,-341.4941061288769,337.08373562950396,0.564798142072838,1.1959207172890336,archive,11,37,0.05501948616464981,0.018921751584190356,0.02196983690131604,0.0027837833169774787,0.2204916710197663,0.13949918035567857,0.3334098469688347,0.6931481805599428,"{""kernels.0.base_kernel.kernels.0"": [0.33326652516167593, 0.333189997005856, 0.3333120066646541, 0.33346437888228037, 0.3333089241289589, 0.33332976706958906, 0.33319423336958365, 0.3333376576845747, 0.33339812305763195, 0.3333317556997396, 0.3333343914726114, 0.3332722654928678, 0.3334341865038149, 0.3335511209833646, 0.3334215708800375, 0.33339314079752674, 0.3333676895393636, 0.333252784836206], ""kernels.0.base_kernel.kernels.1.base_kernel"": [0.6931481805599428, 0.6931481805599428, 0.6931481805599428], ""kernels.1.base_kernel.kernels.0"": [0.13949918035567857, 0.24368904547175516, 0.3477734475454365, 0.43738471388406164, 0.35268001555810335, 0.37743220334786903, 0.2014816867098315, 0.32373942314738796, 0.39638857621219353, 0.3706899430395755, 0.30057901143456, 0.1954684712024045, 0.4137193348185607, 0.5599481630655866, 0.41636817748052857, 0.38426439879037205, 0.39144120543351557, 0.204229094774543], ""kernels.1.base_kernel.kernels.1"": [0.6931481805599428, 0.6931481805599428, 0.6931481805599428]}","{""kernels.0"": 0.0005206091269297987, ""kernels.0.base_kernel.kernels.1"": 0.003352078647544942, ""kernels.1"": 0.6576023252848242}",8,8,24,24,24,archive,0,1
43,110.79671641082024,105.20608805190173,0.5002,local,-4.581748241395813,-337.9804241994578,333.398675958062,0.5689526754873918,1.1966295636003594,archive,11,38,0.05112939730416704,0.01799071725351874,0.022082850616128306,0.002778204002008057,0.21760591165786303,0.14046963576254404,0.3333924783395614,0.6931481805599428,"{""kernels.0.base_kernel.kernels.0"": [0.3332672640882626, 0.3331906950677643, 0.3333196856880801, 0.33347041098174024, 0.33327902284412125, 0.3333145643539221, 0.33320145593493505, 0.3333307687163168, 0.3333976952419922, 0.33332891091640765, 0.3333366958621183, 0.33327436359600515, 0.3334621178884088, 0.3335645049167057, 0.33339363237717506, 0.33339132430194773, 0.33336722214698333, 0.3332599983906956], ""kernels.0.base_kernel.kernels.1.base_kernel"": [0.6931481805599428, 0.6931481805599428, 0.6931481805599428], ""kernels.1.base_kernel.kernels.0"": [0.14046963576254404, 0.249862096994085, 0.35537970581667144, 0.4389043310629963, 0.3221431327424899, 0.36050468471559827, 0.208924913408263, 0.31552956305790464, 0.3981716902482625, 0.37172943916262374, 0.30452219102774136, 0.1937509061452047, 0.4341266612412341, 0.5628630151682207, 0.3919812771410225, 0.3799102888224734, 0.3897131834914703, 0.20880711853838513], ""kernels.1.base_kernel.kernels.1"": [0.6931481805599428, 0.6931481805599428, 0.6931481805599428]}","{""kernels.0"": 0.0005196097625074717, ""kernels.0.base_kernel.kernels.1"": 0.0033519840979266274, ""kernels.1"": 0.648946141113155}",8,8,24,24,24,archive,0,2
44,118.80503844423643,105.20608805190173,0.4996,global,-5.223759923176686,-9.40654223820594,4.182782315029255,0.5561554429083336,1.227505576969203,global,,,0.034900480131030955,0.017478056626400465,0.02202431393492505,0.0027294284491050135,0.21422370696240933,0.13993015531863312,0.333387910625429,0.6931481805599428,"{""kernels.0.base_kernel.kernels.0"": [0.3332658303502324, 0.33318674281002614, 0.3333263855084166, 0.33347688898382055, 0.33327276558317864, 0.33331208695726217, 0.33319425272647096, 0.3333323292022449, 0.3333955840295102, 0.3333179968587288, 0.3333342633629199, 0.33326816250378055, 0.33347476580501795, 0.33356795393440203, 0.3333802372213478, 0.3334112365240595, 0.33336921139131037, 0.33325909974625295], ""kernels.0.base_kernel.kernels.1.base_kernel"": [0.6931481805599428, 0.6931481805599428, 0.6931481805599428], ""kernels.1.base_kernel.kernels.0"": [0.13993015531863312, 0.2423847693813892, 0.3647691847847801, 0.4408083527566716, 0.3103766546299712, 0.35524338224524993, 0.21385214944329556, 0.3134018934462287, 0.3940938211018137, 0.3634037091266883, 0.30343804876810604, 0.19639287626372018, 0.437027053943402, 0.5661223664880113, 0.3902572719015661, 0.3942749691176872, 0.389984607332224, 0.21539339461217383], ""kernels.1.base_kernel.kernels.1"": [0.6931481805599428, 0.6931481805599428, 0.6931481805599428]}","{""kernels.0"": 0.0005182846605731062, ""kernels.0.base_kernel.kernels.1"": 0.003351862191979122, ""kernels.1"": 0.6388009740346757}",8,8,24,24,24,archive,0,3
45,107.16922092187502,105.20608805190173,0.4978,global,-4.392088066176054,-9.910433366785925,5.518345300609871,0.927595727822532,1.394931539330592,global,,,0.05173651385614044,0.018584589947417608,0.027912286678042977,0.004433578947731412,0.21172388294500225,0.1387719943298953,0.3334032525624862,0.6931481805599428,"{""kernels.0.base_kernel.kernels.0"": [0.3332656439032801, 0.333163159350528, 0.3334145127439427, 0.33351261529012516, 0.333266729848445, 0.3333732966230212, 0.3331939043350691, 0.3333395059683168, 0.3334666487560072, 0.33338554489782035, 0.33334335526270537, 0.3332705667088135, 0.33335797244836796, 0.33354076628755835, 0.33339199238102973, 0.33333777238024276, 0.33336510650410833, 0.33324946882684375], ""kernels.0.base_kernel.kernels.1.base_kernel"": [0.6931481805599428, 0.6931481805599428, 0.6931481805599428], ""kernels.1.base_kernel.kernels.0"": [0.1387719943298953, 0.233101479292888, 0.4270930918894237, 0.47201985085532183, 0.30519635822181534, 0.3911692192489174, 0.2078956712534598, 0.33702545121982214, 0.4341720325121756, 0.39787020239381904, 0.3215247806067309, 0.21372093168320971, 0.3382797676412692, 0.5577453626046386, 0.3871369500718853, 0.34823625887079795, 0.3779365487850227, 0.21000643541521213], ""kernels.1.base_kernel.kernels.1"": [0.6931481805599428, 0.6931481805599428, 0.6931481805599428]}","{""kernels.0"": 0.0005150763178784644, ""kernels.0.base_kernel.kernels.1"": 0.0033515764241822867, ""kernels.1"": 0.631304996092946}",8,8,24,24,24,archive,0,4
46,105.91530178369207,105.20608805190173,0.4998,global,-4.89779785097402,-9.283650221441839,4.385852370467819,0.33491975339496916,1.1299164328299685,global,,,0.03613255598316429,0.01800908340830274,0.02720474810722288,0.004143478218022476,0.20880300330634335,0.13986568465466107,0.3334069721055276,0.6931481805599428,"{""kernels.0.base_kernel.kernels.0"": [0.33326811917318494, 0.3331588411660875, 0.3334135509832217, 0.3335089960388446, 0.33326444919387727, 0.33337341363202105, 0.33319009184976267, 0.3333348739109003, 0.3334713712375112, 0.3333849817585082, 0.33334151944872914, 0.3332723151400717, 0.3333658181213491, 0.33354471185633344, 0.33340039322783355, 0.33334635827606174, 0.3333690682446502, 0.33325406901829036], ""kernels.0.base_kernel.kernels.1.base_kernel"": [0.6931481805599428, 0.6931481805599428, 0.6931481805599428], ""kernels.1.base_kernel.kernels.0"": [0.13986568465466107, 0.2334418944767985, 0.42624552761124174, 0.4697151182441267, 0.3017818779478297, 0.39636032608582905, 0.20726681408149855, 0.3370887368609927, 0.43781925255375825, 0.3947496094191521, 0.32058370191213803, 0.21849582663819625, 0.3389782472803792, 0.5575937178945524, 0.3957570517921132, 0.3511502792997234, 0.3810939888455835, 0.21225546925563568], ""kernels.1.base_kernel.kernels.1"": [0.6931481805599428, 0.6931481805599428, 0.6931481805599428]}","{""kernels.0"": 0.0005138907202524434, ""kernels.0.base_kernel.kernels.1"": 0.0033514724438326354, ""kernels.1"": 0.622543646754945}",8,8,24,24,24,archive,0,5
47,108.39515310852362,105.20608805190173,0.4998,global,-4.906219681700219,-11.702760423716967,6.796540742016748,0.35482360734730894,1.103892071183831,global,,,0.02850882961389578,0.017501317742524614,0.025953121120979396,0.0037029537242227926,0.20582394266422985,0.14101927733400552,0.3334027274218986,0.6931481805599428,"{""kernels.0.base_kernel.kernels.0"": [0.3332668541183868, 0.3331544892520584, 0.3334043335828224, 0.3335696664086963, 0.33325481376448635, 0.33338614599386884, 0.33318946957974005, 0.33333335224898947, 0.3334922840926738, 0.33338249813893955, 0.3333368022938696, 0.3332710106764107, 0.33336951302384027, 0.33355048392381953, 0.3334011212609748, 0.3333448979683622, 0.33337234882057587, 0.3332511349209417], ""kernels.0.base_kernel.kernels.1.base_kernel"": [0.6931481805599428, 0.6931481805599428, 0.6931481805599428], ""kernels.1.base_kernel.kernels.0"": [0.14101927733400552, 0.23177819213966636, 0.4191383168481787, 0.49087537169707124, 0.28494149933427815, 0.39879048593135397, 0.209663424174355, 0.3374849095765714, 0.4446487402171697, 0.3926884452199165, 0.31344165909076793, 0.21916008309119145, 0.33988729316287836, 0.5578836864050203, 0.39044998904118583, 0.3487784331373789, 0.3815397519063133, 0.2144059076264362], ""kernels.1.base_kernel.kernels.1"": [0.6931481805599428, 0.6931481805599428, 0.6931481805599428]}","{""kernels.0"": 0.0005111166095710817, ""kernels.0.base_kernel.kernels.1"": 0.0033512391753876, ""kernels.1"": 0.6136094722077309}",8,8,24,24,24,archive,0,6
48,105.50844097809951,105.20608805190173,0.4998,local,-4.816787872751908,-396.6435452237342,391.8267573509823,0.4085174234695172,1.2316272393790644,archive,41,69,0.031274037399743236,0.017358229342395382,0.025777279965139437,0.0036081018380795227,0.20335247493357841,0.14354987379965484,0.33340063403002984,0.6931481805599428,"{""kernels.0.base_kernel.kernels.0"": [0.3332662305568194, 0.3331515887739152, 0.3334179753225749, 0.33358921960193555, 0.33327191480320806, 0.3333832927374848, 0.3331838861916713, 0.3333395665327595, 0.3334960322976817, 0.33338319128544264, 0.3333406140165485, 0.33326975032378364, 0.3333724542370009, 0.3335446531630864, 0.33338128331313305, 0.3333344574882846, 0.3333748840502025, 0.33325369042091235], ""kernels.0.base_kernel.kernels.1.base_kernel"": [0.6931481805599428, 0.6931481805599428, 0.6931481805599428], ""kernels.1.base_kernel.kernels.0"": [0.14354987379965484, 0.23045433190634998, 0.4297366942994266, 0.5004689325024008, 0.31069852544723653, 0.3950201348966346, 0.21170801586434584, 0.34566292307370416, 0.4461422628792026, 0.39003479683975756, 0.321985060781752, 0.223737268089469, 0.3412596562285252, 0.5544026057367805, 0.3759031219138033, 0.34090653339316757, 0.3822345841928736, 0.20837763998296566], ""kernels.1.base_kernel.kernels.1"": [0.6931481805599428, 0.6931481805599428, 0.6931481805599428]}","{""kernels.0"": 0.0005085183324719643, ""kernels.0.base_kernel.kernels.1"": 0.0033510193848734857, ""kernels.1"": 0.6061978870833897}",8,8,24,24,24,archive,0,7
49,103.02068743483291,103.02068743483291,0.4996,global,-4.967926571421669,-9.120057208771279,4.152130637349609,0.7215564290559567,1.363070762639504,global,,,0.02927982204489521,0.016801894517010005,0.024741301766885136,0.003268805680792088,0.2008223636808271,0.1444538359370643,0.3334005842575922,0.6931481805599428,"{""kernels.0.base_kernel.kernels.0"": [0.3332667448703384, 0.33315035076725796, 0.3334176412771769, 0.33359542055090496, 0.33326888439735713, 0.3333835272380076, 0.33318267625932335, 0.33334243325942386, 0.3334973638071125, 0.333382290710309, 0.33334146805553255, 0.3332715495748939, 0.33337099841535506, 0.3335453696404317, 0.33337815859124786, 0.333332775912, 0.33337564141539056, 0.333254617578685], ""kernels.0.base_kernel.kernels.1.base_kernel"": [0.6931481805599428, 0.6931481805599428, 0.6931481805599428], ""kernels.1.base_kernel.kernels.0"": [0.1444538359370643, 0.23005042575496515, 0.4288010550634052, 0.5033662285542884, 0.3079386929122624, 0.3941047767426758, 0.2116563842009585, 0.3498825823632269, 0.44624585439938386, 0.389157769314544, 0.3237151821077266, 0.22835257902651743, 0.3390706797145287, 0.5549238250632598, 0.37278354729696556, 0.33792494590096983, 0.3825813377252908, 0.2080785845906554], ""kernels.1.base_kernel.kernels.1"": [0.6931481805599428, 0.6931481805599428, 0.6931481805599428]}","{""kernels.0"": 0.0005080669720927239, ""kernels.0.base_kernel.kernels.1"": 0.0033509816992955857, ""kernels.1"": 0.598608042371093}",8,8,24,24,24,archive,0,0
50,104.92970807000759,103.02068743483291,0.4982,local,-5.238939056356834,-5.7434253483117965,0.5044862919549624,0.039230726828345615,0.17469483113217782,archive,153,0,0.05200400544009935,0.01846574344785202,0.02358899038716109,0.00291918594160504,0.19848996564974655,0.14557492160705832,0.33339035547085893,0.6931481805599428,"{""kernels.0.base_kernel.kernels.0"": [0.3332635447430405, 0.3331472094573788, 0.3334018146523276, 0.3336443654595403, 0.3332589051892828, 0.33339613107892746, 0.3331809360967734, 0.33332118913800207, 0.33351071759402323, 0.33338457986279046, 0.33333046027305335, 0.33326929751885426, 0.33340107432105937, 0.3335478623240324, 0.33334246743295276, 0.3333154647027159, 0.3333839547034127, 0.33325279802804814], ""kernels.0.base_kernel.kernels.1.base_kernel"": [0.6931481805599428, 0.6931481805599428, 0.6931481805599428], ""kernels.1.base_kernel.kernels.0"": [0.14557492160705832, 0.22524232013646114, 0.41717454317605057, 0.5163720129906922, 0.29165977856118896, 0.39839101826522255, 0.21242352416305815, 0.31490841551306065, 0.4526050073325619, 0.3939132726969284, 0.3095043780078989, 0.23872834748924793, 0.3743292868441451, 0.5605865749524716, 0.34425712667108593, 0.33193194966814354, 0.3880516749618713, 0.21577755507114255], ""kernels.1.base_kernel.kernels.1"": [0.6931481805599428, 0.6931481805599428, 0.6931481805599428]}","{""kernels.0"": 0.0005058195589175389, ""kernels.0.base_kernel.kernels.1"": 0.00335079508758039, ""kernels.1"": 0.5916132823027418}",8,8,24,24,24,archive,0,1
51,106.51793400408332,103.02068743483291,0.4996,local,-5.11873635353435,-5.551828568598847,0.43309221506449624,0.024261875936125953,0.1313197804865559,archive,153,0,0.03461134693731601,0.01658605112529087,0.02271916829835836,0.0026722529055862045,0.1967087211771922,0.14813820018764837,0.33339113716514157,0.6931481805599428,"{""kernels.0.base_kernel.kernels.0"": [0.33326156051744715, 0.3331503092787649, 0.3333908343989746, 0.33366662150420917, 0.33325169997143045, 0.3334249873051349, 0.3331857671306719, 0.3333264150593061, 0.3335006389173617, 0.33339143993130854, 0.3333296642331683, 0.3332599536530888, 0.3333897061548069, 0.3336720885399663, 0.33333073953002723, 0.3332979588093161, 0.3333809338259866, 0.33323079921650106], ""kernels.0.base_kernel.kernels.1.base_kernel"": [0.6931481805599428, 0.6931481805599428, 0.6931481805599428], ""kernels.1.base_kernel.kernels.0"": [0.14813820018764837, 0.2145919325420694, 0.4114595237686533, 0.5229025968689966, 0.276581656811155, 0.40413396980321087, 0.21597783241818877, 0.29565452117377133, 0.44721735302842, 0.4009660043962859, 0.30253380345541375, 0.2463434345389663, 0.3702970561364789, 0.6092979623164678, 0.3355547126146051, 0.33585128746390314, 0.3831855421502064, 0.24230398219802857], ""kernels.1.base_kernel.kernels.1"": [0.6931481805599428, 0.6931481805599428, 0.6931481805599428]}","{""kernels.0"": 0.0005034134168801935, ""kernels.0.base_kernel.kernels.1"": 0.00335061663140711, ""kernels.1"": 0.5862721334832893}",8,8,24,24,24,archive,0,2
52,100.84626480523178,100.84626480523178,0.4978,local,-5.200171749837303,-5.874396256530858,0.6742245066935553,0.033592198876618094,0.14968170775339884,archive,153,0,0.040950150255192934,0.015167434898113428,0.022105162396029256,0.002499123567128981,0.19482724029816803,0.14857394397702903,0.33338746885138126,0.6931481805599428,"{""kernels.0.base_kernel.kernels.0"": [0.3332586549921908, 0.3331529307155824, 0.3333967946934036, 0.3336821722050141, 0.333252723306725, 0.3334347633990908, 0.33318851155752377, 0.3333488072177646, 0.33349525276010783, 0.3333906752605459, 0.333327818650734, 0.3332528513180183, 0.3333842624422167, 0.33370518857990583, 0.33332599456789935, 0.3332967790875173, 0.3333806792559543, 0.3332186234386473], ""kernels.0.base_kernel.kernels.1.base_kernel"": [0.6931481805599428, 0.6931481805599428, 0.6931481805599428], ""kernels.1.base_kernel.kernels.0"": [0.14857394397702903, 0.21323829303325462, 0.41645114257781707, 0.5287251557661473, 0.2741329585976835, 0.40676273993633605, 0.21776153196047654, 0.31814101300105907, 0.44544001296061064, 0.3966159453650092, 0.29524118623689855, 0.24399633876288937, 0.3657587820554985, 0.6176937994908603, 0.32994623940290146, 0.33935368276883726, 0.38168065105118887, 0.24646431737097646], ""kernels.1.base_kernel.kernels.1"": [0.6931481805599428, 0.6931481805599428, 0.6931481805599428]}","{""kernels.0"": 0.0005020165505558069, ""kernels.0.base_kernel.kernels.1"": 0.003350519058526769, ""kernels.1"": 0.5806291852854215}",8,8,24,24,24,archive,1,0
53,105.76402985250722,100.84626480523178,0.498,local,-5.052107292255394,-5.5868842632805,0.5347769710251065,0.047410263605063,0.19219065539456434,archive,156,0,0.05484856490318918,0.018954919839233607,0.021120319081489196,0.0022442073757327264,0.19266117670357696,0.1465762871114149,0.3334236435493799,0.6931481805599428,"{""kernels.0.base_kernel.kernels.0"": [0.3332519654129903, 0.33315110243029294, 0.33340844690345933, 0.3337407582586733, 0.33326108301075485, 0.33349781692710545, 0.33321716529115214, 0.3333772148530632, 0.33351983980854094, 0.33340218704366686, 0.33332636545063077, 0.33326360376826364, 0.33343884019530046, 0.33369271745556317, 0.3332920487926294, 0.3333041512780339, 0.3333937773752025, 0.3332148050729052], ""kernels.0.base_kernel.kernels.1.base_kernel"": [0.6931481805599428, 0.6931481805599428, 0.6931481805599428], ""kernels.1.base_kernel.kernels.0"": [0.1465762871114149, 0.2043498813614422, 0.4158544846431563, 0.553021246356302, 0.27381004298351763, 0.4331414386579232, 0.22186548108655557, 0.34856269346554486, 0.4647964573560858, 0.3954874283068939, 0.27462267017319264, 0.24345206587395404, 0.39298366967689613, 0.6045522318332175, 0.28174060320021455, 0.33752688337468284, 0.38647130195436324, 0.24233771520061], ""kernels.1.base_kernel.kernels.1"": [0.6931481805599428, 0.6931481805599428, 0.6931481805599428]}","{""kernels.0"": 0.0004994742637879436, ""kernels.0.base_kernel.kernels.1"": 0.0033503556921161996, ""kernels.1"": 0.5741337001548268}",8,8,24,24,24,archive,0,1
54,99.92138062793,99.92138062793,0.499,local,-5.281804074830454,-5.812710800217548,0.5309067253870943,0.026024306488751574,0.1298839299561525,archive,156,0,0.03542308894155592,0.01693585226910786,0.020708748589311956,0.002133222333716453,0.18979411454439196,0.14673239485763334,0.33342412724370163,0.6931481805599428,"{""kernels.0.base_kernel.kernels.0"": [0.33325201835298013, 0.33315133427601135, 0.33340871997951554, 0.3337419219232992, 0.33326125502890064, 0.3335015759773492, 0.33321768464459245, 0.33337776383083423, 0.33352053008834653, 0.3334028354668288, 0.3333267932924556, 0.33326386271609043, 0.33343953450788766, 0.33369299384006884, 0.3332923850156696, 0.33330452505849417, 0.333394023802384, 0.33321502620516763], ""kernels.0.base_kernel.kernels.1.base_kernel"": [0.6931481805599428, 0.6931481805599428, 0.6931481805599428], ""kernels.1.base_kernel.kernels.0"": [0.14673239485763334, 0.20449345493087293, 0.41598329222879066, 0.5533028371322615, 0.27395599024197925, 0.43577848248426226, 0.22219014819272026, 0.3490662223540827, 0.46518472945730593, 0.3960281205447911, 0.27485056417065523, 0.24374698569785466, 0.39332472172394917, 0.6047418548440296, 0.2821549783273137, 0.3378203423729179, 0.38657461430354867, 0.24252655071924217], ""kernels.1.base_kernel.kernels.1"": [0.6931481805599428, 0.6931481805599428, 0.6931481805599428]}","{""kernels.0"": 0.0004994069528695338, ""kernels.0.base_kernel.kernels.1"": 0.0033503522309676096, ""kernels.1"": 0.5655325844493387}",8,8,24,24,24,archive,0,0
55,100.18190801744788,99.92138062793,0.4978,local,-5.193772324751387,-5.524556823381733,0.3307844986303463,0.027167993490671047,0.11167162832845842,archive,158,0,0.029575680171190454,0.017098854089213942,0.019416001422801785,0.0018456719130463557,0.18853403306762498,0.1465061773695688,0.3334328163202499,0.6931481805599428,"{""kernels.0.base_kernel.kernels.0"": [0.3332499761332026, 0.3331438533328696, 0.333396951920815, 0.3337793276215048, 0.33326221233314135, 0.3335684161922729, 0.3332389388799002, 0.3334045400196881, 0.33357529664236785, 0.33340083769063483, 0.333332872729613, 0.33326356053643724, 0.333457236056488, 0.33371660686312654, 0.3332707107839152, 0.3333053329314311, 0.33340839658401183, 0.33321655423795277], ""kernels.0.base_kernel.kernels.1.base_kernel"": [0.6931481805599428, 0.6931481805599428, 0.6931481805599428], ""kernels.1.base_kernel.kernels.0"": [0.1465061773695688, 0.19404278419884005, 0.40371791244903604, 0.5609892964921427, 0.276647702420057, 0.43982234801798303, 0.2352592942458162, 0.37277385539521163, 0.4877576846872244, 0.3868940607637348, 0.25748234576373463, 0.2539708898858194, 0.3941003704924226, 0.6086213173369193, 0.25814449809655, 0.3370975812353978, 0.38666018416334474, 0.2505162309294691], ""kernels.1.base_kernel.kernels.1"": [0.6931481805599428, 0.6931481805599428, 0.6931481805599428]}","{""kernels.0"": 0.0004970267388363251, ""kernels.0.base_kernel.kernels.1"": 0.0033502109346702303, ""kernels.1"": 0.5617548615293684}",8,8,24,24,24,archive,0,1
56,100.20080764435654,99.92138062793,0.5006,local,-5.136921216333764,-5.4501347783258,0.3132135619920353,0.025572851053237297,0.09776132893948847,archive,158,0,0.022016895821088907,0.015005546158040523,0.018471692449216065,0.0016468383680609865,0.1867398554070764,0.1478311450182869,0.33344880160027907,0.6931481805599428,"{""kernels.0.base_kernel.kernels.0"": [0.333247914408459, 0.33314414806369474, 0.33338428126200065, 0.3338308442417845, 0.33326596007323345, 0.33359198185823674, 0.33325021801990956, 0.3334300193637048, 0.3335919743514125, 0.3334033767662139, 0.33334079141840844, 0.33325904228477915, 0.3334675838368533, 0.3337351120030655, 0.33326436582996105, 0.3333050773684755, 0.3334172037318149, 0.33321338928013333], ""kernels.0.base_kernel.kernels.1.base_kernel"": [0.6931481805599428, 0.6931481805599428, 0.6931481805599428], ""kernels.1.base_kernel.kernels.0"": [0.1478311450182869, 0.19076874502488814, 0.3928735982247049, 0.5707437807444264, 0.2844451093449214, 0.4380117321946352, 0.24256631067215806, 0.3940715833550802, 0.48639918470283333, 0.3848076517717312, 0.2543814713055515, 0.25815577645024157, 0.39483671297863787, 0.6091014978220667, 0.2497423148216917, 0.33351167327670783, 0.3847917392866869, 0.2503774684476612], ""kernels.1.base_kernel.kernels.1"": [0.6931481805599428, 0.6931481805599428, 0.6931481805599428]}","{""kernels.0"": 0.0004946754200903374, ""kernels.0.base_kernel.kernels.1"": 0.003350076920936252, ""kernels.1"": 0.5563748138802027}",8,8,24,24,24,archive,0,2
57,100.3510213662137,99.92138062793,0.4994,local,-5.186113312022106,-5.482623899037644,0.296510587015538,0.019301548479837356,0.08812400252597942,archive,158,0,0.018113114653234813,0.013796349691681005,0.017702625603904495,0.0014923733272452886,0.18442167682085217,0.14794037097318413,0.33344918050179617,0.6931481805599428,"{""kernels.0.base_kernel.kernels.0"": [0.3332479664691912, 0.3331443565739388, 0.3333842598107123, 0.33383188021992194, 0.3332660945376914, 0.33359291328393625, 0.33325049565588166, 0.3334303797940571, 0.33359239813598235, 0.3334040703522944, 0.33334139063210744, 0.33325920208730797, 0.3334679812095352, 0.3337356023290985, 0.33326441937723245, 0.3333055423382392, 0.33341737917298764, 0.33321365191971297], ""kernels.0.base_kernel.kernels.1.base_kernel"": [0.6931481805599428, 0.6931481805599428, 0.6931481805599428], ""kernels.1.base_kernel.kernels.0"": [0.14794037097318413, 0.19084796135407955, 0.3929080178673376, 0.5709861696391625, 0.28462448281815855, 0.4387022291197369, 0.24281565166954236, 0.3943309838080841, 0.4866269489941757, 0.38556307428746517, 0.2550321123039798, 0.2584077050516122, 0.3951549850557235, 0.6092787087913558, 0.24975621409588133, 0.3339913747693193, 0.38488840832298327, 0.25063329019262137], ""kernels.1.base_kernel.kernels.1"": [0.6931481805599428, 0.6931481805599428, 0.6931481805599428]}","{""kernels.0"": 0.0004946114186827611, ""kernels.0.base_kernel.kernels.1"": 0.0033500738269850163, ""kernels.1"": 0.5494203452168888}",8,8,24,24,24,archive,0,3
58,102.86279583213113,99.92138062793,0.4998,local,-5.057518561475036,-5.625034279821088,0.5675157183460522,0.033277230593292614,0.1376248390881106,archive,158,0,0.036699192785803095,0.012405234968563527,0.016619591860953496,0.0012976203197566163,0.18272493412461663,0.15012380432427158,0.3334259260430562,0.6931481805599428,"{""kernels.0.base_kernel.kernels.0"": [0.33324725751718065, 0.33314294016871565, 0.33337880016571175, 0.33387220440452486, 0.33326022445988956, 0.3336184344189981, 0.33325297289157574, 0.333430673483697, 0.333605542365385, 0.33341777724219734, 0.3333456401124637, 0.33325542716436507, 0.3334710943804469, 0.33375743637940725, 0.3332561929055081, 0.3333042728060541, 0.33342117860241544, 0.33321512370293477], ""kernels.0.base_kernel.kernels.1.base_kernel"": [0.6931481805599428, 0.6931481805599428, 0.6931481805599428], ""kernels.1.base_kernel.kernels.0"": [0.15012380432427158, 0.19152659870157906, 0.38892383148100484, 0.5798553973033491, 0.27904487194121086, 0.4446216476680053, 0.24523904182885062, 0.38879203097915854, 0.49052290130177467, 0.3966641369137497, 0.25601915438773115, 0.2592090773212703, 0.3936027357098082, 0.6155581182237462, 0.2413012801315205, 0.3293152479105744, 0.38460677228660817, 0.2551781561356816], ""kernels.1.base_kernel.kernels.1"": [0.6931481805599428, 0.6931481805599428, 0.6931481805599428]}","{""kernels.0"": 0.0004931309040381312, ""kernels.0.base_kernel.kernels.1"": 0.0033499932841411515, ""kernels.1"": 0.5443316781856705}",8,8,24,24,24,archive,0,4
59,98.67460290860774,98.67460290860774,0.5012,local,-5.213844596366882,-5.677187622463097,0.463343026096215,0.024780386843532287,0.11109494036998803,archive,158,0,0.023466819298972545,0.012197534482057246,0.016426337282727684,0.0012555327261191893,0.18015693916566666,0.15019027367538046,0.3334269837867824,0.6931481805599428,"{""kernels.0.base_kernel.kernels.0"": [0.33324726759135587, 0.3331432205876859, 0.3333787298834083, 0.333873830090456, 0.33326029055808176, 0.33361956354221606, 0.33325320881189857, 0.3334310809890223, 0.33360623903104897, 0.33341834201945664, 0.3333459034776965, 0.3332556949746532, 0.3334718281692197, 0.3337580829447245, 0.333256557294144, 0.3333048743698763, 0.33342288658454255, 0.3332151951335548], ""kernels.0.base_kernel.kernels.1.base_kernel"": [0.6931481805599428, 0.6931481805599428, 0.6931481805599428], ""kernels.1.base_kernel.kernels.0"": [0.15019027367538046, 0.19180385983722129, 0.3889181393765425, 0.5802488084530179, 0.2790902656596129, 0.44512689186668486, 0.24549752727569443, 0.3891395445976889, 0.49067548250907217, 0.39704313833834776, 0.25629119396539124, 0.2597265740569688, 0.39427682136246134, 0.6155990525969393, 0.24178209000402476, 0.3299579062503215, 0.3862359609396669, 0.25539888585948384], ""kernels.1.base_kernel.kernels.1"": [0.6931481805599428, 0.6931481805599428, 0.6931481805599428]}","{""kernels.0"": 0.0004930595567409123, ""kernels.0.base_kernel.kernels.1"": 0.0033499900145157876, ""kernels.1"": 0.5366277679257433}",8,8,24,24,24,archive,0,0
60,107.35938921612681,98.67460290860774,0.4984,local,-5.432709538967458,-1033.6197597694204,1028.187050230453,0.35280582846797504,1.0718809318072062,archive,54,66,0.04363067774713113,0.013030979970702818,0.015733084290356254,0.001137617226902559,0.17819326211279898,0.15589291516574683,0.33344953376769304,0.6931481805599428,"{""kernels.0.base_kernel.kernels.0"": [0.3332497926862015, 0.33314315422370777, 0.33336917526344984, 0.33388946843260753, 0.3332603709358591, 0.33361426137673983, 0.333252877067687, 0.33342070232021154, 0.33365042354175667, 0.33345490416565216, 0.3333424672674972, 0.33325260453410493, 0.33347998909957105, 0.33376163083683597, 0.3332497770151314, 0.33330308023169314, 0.33344416336973387, 0.3332102921502571], ""kernels.0.base_kernel.kernels.1.base_kernel"": [0.6931481805599428, 0.6931481805599428, 0.6931481805599428], ""kernels.1.base_kernel.kernels.0"": [0.15589291516574683, 0.19440470436667545, 0.383001087596448, 0.5776546277513235, 0.2800084906219588, 0.43069749180357, 0.24739952100422058, 0.3764262136610541, 0.5196185106539668, 0.4285385711262714, 0.24792809602752683, 0.25864080833203795, 0.3985145269317798, 0.6137285241350742, 0.23464889760045834, 0.3279206846059061, 0.4042389001379334, 0.25232021712378183], ""kernels.1.base_kernel.kernels.1"": [0.6931481805599428, 0.6931481805599428, 0.6931481805599428]}","{""kernels.0"": 0.0004922649656040139, ""kernels.0.base_kernel.kernels.1"": 0.003349948561311876, ""kernels.1"": 0.530737572811481}",8,8,24,24,24,archive,0,1
61,101.42510808412557,98.67460290860774,0.4928,local,-5.341135185644864,-6.635358184973851,1.294222999328987,0.026740524394027895,0.1126628134868453,archive,163,0,0.023938225773787822,0.012073972192523251,0.015643514767006907,0.0011167123210888005,0.1772338202336133,0.15418115688956174,0.3334813209899899,0.6931481805599428,"{""kernels.0.base_kernel.kernels.0"": [0.33324399710229524, 0.33313696284026634, 0.3334042373566145, 0.3339283283404903, 0.33324882877637946, 0.3336643190862295, 0.3332498238739994, 0.33341726828170726, 0.33360811266163215, 0.3334738038108489, 0.33334395819605583, 0.3332401896153325, 0.33346830595782034, 0.33377829239784873, 0.33323748964283, 0.3333116861049641, 0.3334888381691309, 0.3332093830824456], ""kernels.0.base_kernel.kernels.1.base_kernel"": [0.6931481805599428, 0.6931481805599428, 0.6931481805599428], ""kernels.1.base_kernel.kernels.0"": [0.15418115688956174, 0.19785080644448752, 0.40251606058941386, 0.5775891577828519, 0.2653938001113292, 0.44975024367440897, 0.2458858463204364, 0.37454423703199824, 0.4678939720782443, 0.4180782043523539, 0.2485020617137825, 0.2572920473702666, 0.39010508625855905, 0.6154444204775522, 0.23283133249090238, 0.3345292980363202, 0.42287026259975685, 0.25898089745952635], ""kernels.1.base_kernel.kernels.1"": [0.6931481805599428, 0.6931481805599428, 0.6931481805599428]}","{""kernels.0"": 0.00048767067038209543, ""kernels.0.base_kernel.kernels.1"": 0.0033497037374836973, ""kernels.1"": 0.5278640862929741}",8,8,24,24,24,archive,0,2
62,100.17903962515658,98.67460290860774,0.5028,local,-5.983701818707084,-7.365367753267386,1.381665934560302,0.022261598675767786,0.11709558324471374,archive,163,0,0.0219683918874265,0.011020074463868717,0.015673617298150203,0.0011116046510596372,0.17468802143934034,0.1543234232076786,0.33348149380820313,0.6931481805599428,"{""kernels.0.base_kernel.kernels.0"": [0.3332441090672914, 0.33313711747212377, 0.3334025046718042, 0.3339284035670227, 0.3332496010851635, 0.3336651524303845, 0.33324971327332764, 0.3334182743288365, 0.3336088310115261, 0.3334740125802906, 0.3333443362967828, 0.33324066595550117, 0.33346909667420005, 0.33377874123401113, 0.3332384803451852, 0.3333116502160125, 0.33348897503611563, 0.33320952564027695], ""kernels.0.base_kernel.kernels.1.base_kernel"": [0.6931481805599428, 0.6931481805599428, 0.6931481805599428], ""kernels.1.base_kernel.kernels.0"": [0.1543234232076786, 0.1979538846569705, 0.40083227136077043, 0.5777929684840721, 0.2662785628332034, 0.45056006275280497, 0.24573176754544596, 0.37555118747328553, 0.46866241986159823, 0.418260581184966, 0.249084954906972, 0.25789452566181714, 0.39095335315538154, 0.6155950286065561, 0.23403742635460068, 0.3344252810077308, 0.4229730885462002, 0.2592408965540376], ""kernels.1.base_kernel.kernels.1"": [0.6931481805599428, 0.6931481805599428, 0.6931481805599428]}","{""kernels.0"": 0.00048759292579964486, ""kernels.0.base_kernel.kernels.1"": 0.003349700088273429, ""kernels.1"": 0.5202267713039479}",8,8,24,24,24,archive,1,3
63,100.56695440373534,98.67460290860774,0.4978,local,-6.050833295971194,-7.385094365040608,1.3342610690694139,0.024508339014707767,0.114387096967526,archive,163,0,0.022522719902409442,0.01041654795714448,0.015082804701905095,0.0010189655916311635,0.17434764390830057,0.15647285834714342,0.3334868291005024,0.6931481805599428,"{""kernels.0.base_kernel.kernels.0"": [0.3332435315462486, 0.33313434089327076, 0.3333712643884827, 0.3339442938200589, 0.333255865476795, 0.333685578971806, 0.33324694568164864, 0.3334309813923699, 0.333618118287519, 0.33348289240113205, 0.33334686656744167, 0.33324180954160343, 0.33349076579987275, 0.33379677274726416, 0.33324086034110156, 0.33330374129189866, 0.33349331621523864, 0.3332057265375272], ""kernels.0.base_kernel.kernels.1.base_kernel"": [0.6931481805599428, 0.6931481805599428, 0.6931481805599428], ""kernels.1.base_kernel.kernels.0"": [0.15647285834714342, 0.19898694625003252, 0.37604766247123983, 0.5842187504728135, 0.2744185727396791, 0.46075299887065563, 0.24528554445687512, 0.38100832058347756, 0.4732832351123073, 0.4189835329339363, 0.2509461199729486, 0.2598670505733003, 0.4071334410063104, 0.6216685029895173, 0.23735199415493125, 0.33051522836933844, 0.423218499010495, 0.25911677169178926], ""kernels.1.base_kernel.kernels.1"": [0.6931481805599428, 0.6931481805599428, 0.6931481805599428]}","{""kernels.0"": 0.0004860032052243655, ""kernels.0.base_kernel.kernels.1"": 0.0033496170184973847, ""kernels.1"": 0.5192073115011799}",8,8,24,24,24,archive,0,4
64,100.84678440800826,98.67460290860774,0.4944,local,-6.109739977675487,-7.480665245375587,1.3709252677001,0.027655342094733373,0.1019692891846425,archive,163,0,0.018238231705737313,0.009943771458205386,0.014661450073386244,0.0009539183938506852,0.17243524056696932,0.1566453863921338,0.3334873538113272,0.6931481805599428,"{""kernels.0.base_kernel.kernels.0"": [0.3332435781825699, 0.33313468986752515, 0.3333714003112217, 0.3339451268784603, 0.3332558982718914, 0.33368611015768523, 0.3332472217298963, 0.33343179980347004, 0.3336187192791008, 0.33348326220976093, 0.3333469417612186, 0.3332421305534454, 0.33349144541289355, 0.3337972972762432, 0.33324100123457967, 0.3333038072705172, 0.33349344867542347, 0.333205911360247], ""kernels.0.base_kernel.kernels.1.base_kernel"": [0.6931481805599428, 0.6931481805599428, 0.6931481805599428], ""kernels.1.base_kernel.kernels.0"": [0.1566453863921338, 0.19947014028028923, 0.3763617680246761, 0.5844347618350711, 0.2744889543490726, 0.46073012437924077, 0.2456665354732305, 0.381641323130835, 0.4736367452546429, 0.4192175921216854, 0.25103834411550174, 0.2602371831260586, 0.40752447544177656, 0.6216680348483216, 0.23756814483181257, 0.33066922052277453, 0.4232590920906903, 0.25928374181860303], ""kernels.1.base_kernel.kernels.1"": [0.6931481805599428, 0.6931481805599428, 0.6931481805599428]}","{""kernels.0"": 0.0004859367835396309, ""kernels.0.base_kernel.kernels.1"": 0.0033496140226677296, ""kernels.1"": 0.5134701708947006}",8,8,24,24,24,archive,1,5
65,99.84075563065102,98.67460290860774,0.4988,local,-6.277896665801135,-7.8262666511329835,1.5483699853318482,0.0241178339138518,0.11588429587448354,archive,163,0,0.020179515949256384,0.009430969758792344,0.01435333116829523,0.0009064729308427137,0.1705135786727271,0.15685102755298688,0.33348820178655336,0.6931481805599428,"{""kernels.0.base_kernel.kernels.0"": [0.33324364705716714, 0.33313490260751333, 0.3333724569247742, 0.3339466168794589, 0.33325578380440357, 0.33368677478026404, 0.333247517750427, 0.3334332224857719, 0.33361987404065907, 0.3334843287162517, 0.3333469332646203, 0.3332427709164107, 0.33349207485685506, 0.3337982023186219, 0.3332410957683028, 0.3333036721495744, 0.3334936691325572, 0.3332060386425485], ""kernels.0.base_kernel.kernels.1.base_kernel"": [0.6931481805599428, 0.6931481805599428, 0.6931481805599428], ""kernels.1.base_kernel.kernels.0"": [0.15685102755298688, 0.1998673073480739, 0.3774906485818858, 0.5849256415894021, 0.2744066594469086, 0.4606431103978717, 0.24605971953185674, 0.3827968023804543, 0.47435813797475107, 0.41999638376176884, 0.250922813982969, 0.2609897956386478, 0.4077914310332367, 0.6217927608421772, 0.23784526041147705, 0.3305848567023015, 0.4233067229606489, 0.2594490289526641], ""kernels.1.base_kernel.kernels.1"": [0.6931481805599428, 0.6931481805599428, 0.6931481805599428]}","{""kernels.0"": 0.00048586324658566986, ""kernels.0.base_kernel.kernels.1"": 0.0033496107416384874, ""kernels.1"": 0.5077052620299571}",8,8,24,24,24,archive,1,6
66,101.03782846592104,98.67460290860774,0.4974,local,-6.289156779981499,-7.808993515383423,1.519836735401924,0.022535877582764163,0.10530501284329792,archive,163,0,0.0170450767596107,0.009074269596833086,0.01390777302046763,0.0008435277205440202,0.16851134214879815,0.15711530970465876,0.3334898341915401,0.6931481805599428,"{""kernels.0.base_kernel.kernels.0"": [0.3332437056941882, 0.33313494097796514, 0.33337456479990013, 0.3339486982893277, 0.33325677168861817, 0.33368815979846145, 0.3332476633553803, 0.33343452418125913, 0.33362073171867646, 0.33348710962421924, 0.33334668583311056, 0.3332438787081937, 0.333492558758861, 0.33379959368299406, 0.3332407961312211, 0.3333030414292515, 0.33349388313540124, 0.33320606771114764], ""kernels.0.base_kernel.kernels.1.base_kernel"": [0.6931481805599428, 0.6931481805599428, 0.6931481805599428], ""kernels.1.base_kernel.kernels.0"": [0.15711530970465876, 0.20018300047172394, 0.37946424336721696, 0.5854742114929347, 0.27577127496043996, 0.4607856596949691, 0.2463313207548122, 0.3836233868909876, 0.4744612067543099, 0.4222143527606366, 0.25045127359831865, 0.2624083817834535, 0.40778673853546166, 0.6220058283920342, 0.23771970970385942, 0.3300905589060823, 0.423253498429742, 0.25958216612789653], ""kernels.1.base_kernel.kernels.1"": [0.6931481805599428, 0.6931481805599428, 0.6931481805599428]}","{""kernels.0"": 0.00048576992718440395, ""kernels.0.base_kernel.kernels.1"": 0.0033496065186633555, ""kernels.1"": 0.5016986500005467}",8,8,24,24,24,archive,0,7
67,99.75321370317472,98.67460290860774,0.4988,local,-6.167970912609116,-8.197533602546894,2.0295626899377783,0.02254426833687479,0.11264227689685531,archive,163,0,0.017197451557274795,0.008647248137776488,0.013522041689486319,0.0007909588764519426,0.16861752948309872,0.1580290761214218,0.3334973823403733,0.6931481805599428,"{""kernels.0.base_kernel.kernels.0"": [0.3332427032392743, 0.33313075077187393, 0.3333991301229058, 0.33399978526660945, 0.3332670884100382, 0.3337226682801359, 0.3332441865125426, 0.33343520530515447, 0.3336354183021809, 0.3335248404716403, 0.33334956158505746, 0.3332466271066052, 0.3334945313157046, 0.33382110636138324, 0.3332346211585296, 0.33328993747159796, 0.33350023336504203, 0.33320355756508596], ""kernels.0.base_kernel.kernels.1.base_kernel"": [0.6931481805599428, 0.6931481805599428, 0.6931481805599428], ""kernels.1.base_kernel.kernels.0"": [0.1580290761214218, 0.20565985709725232, 0.3997543003050806, 0.5977946962242483, 0.29342869048513714, 0.46858921632595224, 0.24557927659137768, 0.37425536854246066, 0.47417732540197904, 0.4432595434274441, 0.25192679648423366, 0.2690214036906244, 0.40335374501488996, 0.6232096197209753, 0.23390738431078906, 0.32115052594540033, 0.423976840635036, 0.25771471507041366], ""kernels.1.base_kernel.kernels.1"": [0.6931481805599428, 0.6931481805599428, 0.6931481805599428]}","{""kernels.0"": 0.000484247438373006, ""kernels.0.base_kernel.kernels.1"": 0.0033495322728458675, ""kernels.1"": 0.5020188087380772}",8,8,24,24,24,archive,0,8
68,98.6111178575014,98.6111178575014,0.503,local,-6.436382716172908,-8.224624324752615,1.7882416085797068,0.020144332352891228,0.10391204630540839,archive,163,0,0.014797141830652144,0.008421034151822616,0.01309430651774486,0.0007355832249461645,0.16697618977357534,0.15803371487968038,0.3334974810694836,0.6931481805599428,"{""kernels.0.base_kernel.kernels.0"": [0.333242745314153, 0.3331307859488711, 0.3334011131429693, 0.33400149401337215, 0.3332673787007423, 0.33372314838382533, 0.3332441696313476, 0.3334356342387392, 0.33363646559643967, 0.33352575391704636, 0.3333496927668372, 0.333246712747069, 0.33349447771466567, 0.33382164107083495, 0.3332347814758094, 0.33329005085448243, 0.33350048442430164, 0.3332037515816914], ""kernels.0.base_kernel.kernels.1.base_kernel"": [0.6931481805599428, 0.6931481805599428, 0.6931481805599428], ""kernels.1.base_kernel.kernels.0"": [0.15803371487968038, 0.20599566348107928, 0.40104490605820314, 0.597837289704248, 0.2939067553090824, 0.46831714189182766, 0.24567813812972697, 0.3745003328457793, 0.47486928152101227, 0.4434175286355156, 0.2521855383065005, 0.2691786463892125, 0.40333081775121543, 0.6232215498706003, 0.23412818839325356, 0.32153952234144734, 0.42415574453598087, 0.25771665231439167], ""kernels.1.base_kernel.kernels.1"": [0.6931481805599428, 0.6931481805599428, 0.6931481805599428]}","{""kernels.0"": 0.00048417370480142096, ""kernels.0.base_kernel.kernels.1"": 0.0033495291086811977, ""kernels.1"": 0.49709486650724344}",8,8,24,24,24,archive,0,0
69,98.97070517307266,98.6111178575014,0.5026,global,-6.239477351511832,-9.712603445544477,3.4731260940326454,1.0955442958568578,1.4041083192132657,global,,,0.011149525184972033,0.009613931367785183,0.012663855964187168,0.0006821172022647368,0.1658453162723803,0.15805528347977718,0.33350277826981056,0.6931481805599428,"{""kernels.0.base_kernel.kernels.0"": [0.3332430123937093, 0.33313039529603167, 0.3334221860756362, 0.33404298657111775, 0.33327861839278883, 0.3337255651175875, 0.3332378859103432, 0.3334393390376949, 0.3336431222433735, 0.33352609889875895, 0.33335200306117746, 0.3332446256831215, 0.3334983375762922, 0.33382563972527546, 0.333232472787079, 0.3332702379225982, 0.33350721896332886, 0.33320246372265505], ""kernels.0.base_kernel.kernels.1.base_kernel"": [0.6931481805599428, 0.6931481805599428, 0.6931481805599428], ""kernels.1.base_kernel.kernels.0"": [0.15805528347977718, 0.21408131409513045, 0.41215237940310523, 0.6046359190498606, 0.3092603444400228, 0.46164540259387593, 0.2401602513216515, 0.37539647890592426, 0.47780696732885897, 0.4357838302760552, 0.25284225690842355, 0.26897196605714035, 0.4041815874810955, 0.6197455036021763, 0.23282128868925367, 0.30557045176159026, 0.42771685832220036, 0.2530761515858081], ""kernels.1.base_kernel.kernels.1"": [0.6931481805599428, 0.6931481805599428, 0.6931481805599428]}","{""kernels.0"": 0.00048305581794139585, ""kernels.0.base_kernel.kernels.1"": 0.003349475928660417, ""kernels.1"": 0.4937034170705391}",8,8,24,24,24,archive,0,1
70,99.55828980267424,98.6111178575014,0.4974,global,-6.230319604303716,-10.010742757910386,3.7804231536066695,0.7229167035726052,1.3446793929013356,global,,,0.010941104876302841,0.008265997980168761,0.01205112379037818,0.0006125916908456799,0.16416147333931813,0.15821726323699856,0.3335031438653852,0.6931481805599428,"{""kernels.0.base_kernel.kernels.0"": [0.3332431755200806, 0.33313036810209223, 0.33342332605200314, 0.3340447458239938, 0.3332786935111332, 0.33372617537666865, 0.33323803611883746, 0.3334397976373659, 0.3336433825717807, 0.33352600944024957, 0.3333523214927478, 0.3332447426854359, 0.3334987143843681, 0.3338256740832973, 0.33323294513427343, 0.3332705416422828, 0.3335075733464023, 0.3332027159014462], ""kernels.0.base_kernel.kernels.1.base_kernel"": [0.6931481805599428, 0.6931481805599428, 0.6931481805599428], ""kernels.1.base_kernel.kernels.0"": [0.15821726323699856, 0.21439046929729305, 0.4127216384789099, 0.6047655026252406, 0.309408478274188, 0.46230103686403584, 0.2404110396080095, 0.37600092048102135, 0.47787812712958055, 0.4356685887039257, 0.2532793514782433, 0.2690061853357951, 0.40435536124876625, 0.6195810050973514, 0.23316528120219457, 0.3061675942043946, 0.42794421684776773, 0.2529803778420152], ""kernels.1.base_kernel.kernels.1"": [0.6931481805599428, 0.6931481805599428, 0.6931481805599428]}","{""kernels.0"": 0.00048298757204133107, ""kernels.0.base_kernel.kernels.1"": 0.0033494729881320194, ""kernels.1"": 0.48865195945778106}",8,8,24,24,24,archive,1,2
71,99.10191245642781,98.6111178575014,0.5036,local,-6.318819202691914,-796.6821464946206,790.3633272919287,0.16782403867199108,0.6577241071356321,archive,125,53,0.010529040149440772,0.007318521605320821,0.011589459217861755,0.0005623192534642786,0.16286056887897324,0.15847400842787335,0.33350343734343757,0.6931481805599428,"{""kernels.0.base_kernel.kernels.0"": [0.3332433928057679, 0.3331302595027257, 0.33342454487093504, 0.334046777247486, 0.3332785768774775, 0.3337271604086444, 0.33323815447629834, 0.3334403691497816, 0.3336435998460151, 0.3335265899578413, 0.3333526932361836, 0.33324468960017095, 0.3334989517077319, 0.33382601606098466, 0.33323310876510365, 0.3332706539534494, 0.3335079229791432, 0.3332029617993349], ""kernels.0.base_kernel.kernels.1.base_kernel"": [0.6931481805599428, 0.6931481805599428, 0.6931481805599428], ""kernels.1.base_kernel.kernels.0"": [0.15847400842787335, 0.2146678988793867, 0.4132516143009845, 0.6049594136492991, 0.3093800272891589, 0.4630791405091162, 0.2407054164505154, 0.3766342695388994, 0.4779163732385686, 0.43604921448218603, 0.2537876444710041, 0.26894661802571096, 0.40432446725359894, 0.6195349372550794, 0.23312057981253387, 0.30651201387685034, 0.4281120505011344, 0.25291331324423205], ""kernels.1.base_kernel.kernels.1"": [0.6931481805599428, 0.6931481805599428, 0.6931481805599428]}","{""kernels.0"": 0.0004829174273226641, ""kernels.0.base_kernel.kernels.1"": 0.0033494699180235017, ""kernels.1"": 0.4847493192915735}",8,8,24,24,24,archive,0,3
72,100.36119071295731,98.6111178575014,0.4972,global,-6.47039307902607,-11.90682599525332,5.43643291622725,0.4499307739837485,1.117891906071296,global,,,0.01012052854917418,0.006610664811412252,0.011037851780477888,0.0005062292030655701,0.1616433543897341,0.15882835692307118,0.33350370068392204,0.6931481805599428,"{""kernels.0.base_kernel.kernels.0"": [0.333243680338359, 0.33313015904763277, 0.3334256678054132, 0.3340492706845743, 0.3332784424752831, 0.33372847979668196, 0.33323824197502505, 0.3334410151301259, 0.3336437112500533, 0.3335273879326645, 0.3333530876480192, 0.3332446484231675, 0.3334990895846137, 0.3338265878723536, 0.3332330508496579, 0.33327068450745656, 0.33350831178323037, 0.333203213387007], ""kernels.0.base_kernel.kernels.1.base_kernel"": [0.6931481805599428, 0.6931481805599428, 0.6931481805599428], ""kernels.1.base_kernel.kernels.0"": [0.15882835692307118, 0.21507232112278984, 0.41361541885756253, 0.6052646667778612, 0.30935285674968543, 0.463966096338883, 0.2410122772821309, 0.3772788345362657, 0.47788530692482495, 0.4366111540492094, 0.2543144020106901, 0.26897868424275895, 0.40413338658515735, 0.6195461071866101, 0.23284506639500238, 0.3067392050705134, 0.4282577225587002, 0.2528625926577195], ""kernels.1.base_kernel.kernels.1"": [0.6931481805599428, 0.6931481805599428, 0.6931481805599428]}","{""kernels.0"": 0.0004828416648871526, ""kernels.0.base_kernel.kernels.1"": 0.003349466567879128, ""kernels.1"": 0.48109775493643603}",8,8,24,24,24,archive,1,4
73,99.67108021290865,98.6111178575014,0.4982,local,-6.22516841261981,-892.1423012115506,885.9171327989308,0.16909274001536403,0.6520992021658757,archive,125,55,0.010317883086411302,0.006543250537754083,0.010946781004526965,0.0004949588677450326,0.16028974172092816,0.15941707661699023,0.33350378783939183,0.6931481805599428,"{""kernels.0.base_kernel.kernels.0"": [0.3332441167346425, 0.33312997897388114, 0.33342741940820236, 0.3340531968346458, 0.3332781737279283, 0.3337283576581015, 0.33323842666896086, 0.3334426354911184, 0.3336437456087915, 0.33352907871000287, 0.33335390922081565, 0.3332443842498781, 0.33349892172535006, 0.33382764232561707, 0.33323266229797877, 0.3332704571787983, 0.33350865395343365, 0.3332034796129468], ""kernels.0.base_kernel.kernels.1.base_kernel"": [0.6931481805599428, 0.6931481805599428, 0.6931481805599428], ""kernels.1.base_kernel.kernels.0"": [0.15941707661699023, 0.21565127910829274, 0.41411267505935817, 0.6058991979091862, 0.30924740243198867, 0.46308507974706103, 0.24156823097973695, 0.3787572985513918, 0.4780979329011284, 0.43808036725905336, 0.2553422219929905, 0.2689754618727001, 0.4033039832480493, 0.6196887917129367, 0.23237605071378042, 0.30666638213291386, 0.4283142438539987, 0.2527711742176169], ""kernels.1.base_kernel.kernels.1"": [0.6931481805599428, 0.6931481805599428, 0.6931481805599428]}","{""kernels.0"": 0.00048274543121801407, ""kernels.0.base_kernel.kernels.1"": 0.003349462251887596, ""kernels.1"": 0.4770370174796789}",8,8,24,24,24,archive,1,5
74,100.63913142783917,98.6111178575014,0.499,global,-6.719492329848328,-10.104178750704628,3.3846864208563003,0.9561076123344301,1.39888847496016,global,,,0.012280280938399217,0.005997548017408563,0.010619250498030584,0.0004628068219316313,0.1592995053321799,0.15992863769734475,0.33350385401528776,0.6931481805599428,"{""kernels.0.base_kernel.kernels.0"": [0.3332445122776157, 0.3331296240638176, 0.3334290510365377, 0.3340579511210282, 0.33327802754136865, 0.3337299878941926, 0.33323849247697224, 0.3334437328759702, 0.33364371157070044, 0.3335302840410699, 0.333354617838272, 0.33324412267528036, 0.33349865640689624, 0.3338286634127191, 0.3332325614305666, 0.3332708155374008, 0.3335090516236793, 0.33320367492762215], ""kernels.0.base_kernel.kernels.1.base_kernel"": [0.6931481805599428, 0.6931481805599428, 0.6931481805599428], ""kernels.1.base_kernel.kernels.0"": [0.15992863769734475, 0.21613300181561432, 0.41445973587729373, 0.6068238027836685, 0.30930404967054603, 0.4633344134936365, 0.24200140062821207, 0.37963492818586264, 0.47807511996537605, 0.4389792539265083, 0.2563155975650266, 0.2690243078309127, 0.4023921812112478, 0.6197561972027061, 0.23234863525226968, 0.30720313424974605, 0.42833557238766135, 0.2525959857257305], ""kernels.1.base_kernel.kernels.1"": [0.6931481805599428, 0.6931481805599428, 0.6931481805599428]}","{""kernels.0"": 0.00048264838235039046, ""kernels.0.base_kernel.kernels.1"": 0.003349457845135858, ""kernels.1"": 0.47406640976905345}",8,8,24,24,24,archive,1,6
75,98.86868949756531,98.6111178575014,0.5028,global,-6.592279519695684,-9.507714402779637,2.915434883083953,0.8946805382649451,1.3625603683251777,global,,,0.010834499107964449,0.0056252611878254526,0.010408618712393626,0.00044212127722516293,0.15842657033136667,0.16054716370608485,0.3335042275591502,0.6931481805599428,"{""kernels.0.base_kernel.kernels.0"": [0.3332449576922311, 0.3331289861648944, 0.33342985376472517, 0.33406193122807, 0.33327786654639924, 0.33373279531021144, 0.3332386296535356, 0.3334450068651832, 0.333644858644952, 0.3335312526247577, 0.33335519819098686, 0.33324394955231096, 0.33349897320697114, 0.3338302197344609, 0.3332326546406448, 0.33327022537442846, 0.33350948191132934, 0.33320392625605216], ""kernels.0.base_kernel.kernels.1.base_kernel"": [0.6931481805599428, 0.6931481805599428, 0.6931481805599428], ""kernels.1.base_kernel.kernels.0"": [0.16054716370608485, 0.2162548695636182, 0.4143143567511431, 0.6069873856676213, 0.309199681922043, 0.464584248479358, 0.24251298878476435, 0.38061610569678345, 0.4788342246889099, 0.4395297604907034, 0.25706886278385505, 0.269073583711206, 0.40201495354355465, 0.6200771680112686, 0.2327854025880756, 0.3068675086090842, 0.42835586911180695, 0.25252103585721275], ""kernels.1.base_kernel.kernels.1"": [0.6931481805599428, 0.6931481805599428, 0.6931481805599428]}","{""kernels.0"": 0.0004825513663652777, ""kernels.0.base_kernel.kernels.1"": 0.003349453453685083, ""kernels.1"": 0.47144770617404963}",8,8,24,24,24,archive,2,7
76,100.0319522730795,98.6111178575014,0.4968,global,-6.635274627468943,-10.4631139680101,3.827839340541157,1.3896978085084966,1.408213942240269,global,,,0.0073144847135006835,0.005387132964789164,0.010019945529644327,0.000407124681130458,0.1586600518769698,0.16362185196170698,0.3335069663431667,0.6931481805599428,"{""kernels.0.base_kernel.kernels.0"": [0.333247025951626, 0.333124017788982, 0.3334317403681836, 0.33408293974544484, 0.3332764023982506, 0.33374249700737824, 0.3332374992882564, 0.3334511921725684, 0.3336452190060863, 0.33353669531917024, 0.3333578863914357, 0.33324134092430996, 0.33350260235449003, 0.33383887506561805, 0.3332364827083054, 0.3332630630262725, 0.3335113303318434, 0.33320454709676267], ""kernels.0.base_kernel.kernels.1.base_kernel"": [0.6931481805599428, 0.6931481805599428, 0.6931481805599428], ""kernels.1.base_kernel.kernels.0"": [0.16362185196170698, 0.21578612431154046, 0.4118246281515531, 0.6061419845765873, 0.30824484953219006, 0.46530682548854607, 0.2431113901607229, 0.3848183021041758, 0.47855572773650207, 0.44299700495457456, 0.260673741112484, 0.26712534674075983, 0.4012349470453206, 0.6216728345253865, 0.24099886294633763, 0.30262345784291855, 0.42795302404229935, 0.2514533221265675], ""kernels.1.base_kernel.kernels.1"": [0.6931481805599428, 0.6931481805599428, 0.6931481805599428]}","{""kernels.0"": 0.00048203612326072116, ""kernels.0.base_kernel.kernels.1"": 0.0033494286754084837, ""kernels.1"": 0.4721486908322402}",8,8,24,24,24,archive,1,8
77,99.65863736820012,98.6111178575014,0.4992,global,-6.662578785381051,-9.114667861882761,2.4520890765017107,0.973174695290397,1.3678703040134528,global,,,0.010703102939986027,0.005359366922269136,0.010024890467973977,0.00040549328911403527,0.15728538471928125,0.16408409931244167,0.3335075937241141,0.6931481805599428,"{""kernels.0.base_kernel.kernels.0"": [0.3332473270078312, 0.3331237822815734, 0.33343241239883953, 0.3340843326675004, 0.33327653211415953, 0.33374451195080224, 0.33323754733592, 0.33345205905989134, 0.33364431496939456, 0.3335385316593864, 0.3333582443286691, 0.333241897646412, 0.3335034948068221, 0.33383939278092456, 0.333235446755516, 0.33326337574945186, 0.33351169264140607, 0.3332047166279121], ""kernels.0.base_kernel.kernels.1.base_kernel"": [0.6931481805599428, 0.6931481805599428, 0.6931481805599428], ""kernels.1.base_kernel.kernels.0"": [0.16408409931244167, 0.21611821137039797, 0.41186936126010515, 0.6055719047196516, 0.3085065347911431, 0.46609718948823026, 0.24350717044543052, 0.385376085987783, 0.4777249106493472, 0.44407146282952936, 0.2612781661616041, 0.26798774499818623, 0.40164845494869966, 0.6215762328104038, 0.24015516101587359, 0.3033726193761956, 0.4280516002290984, 0.2513227922469386], ""kernels.1.base_kernel.kernels.1"": [0.6931481805599428, 0.6931481805599428, 0.6931481805599428]}","{""kernels.0"": 0.0004819536512646677, ""kernels.0.base_kernel.kernels.1"": 0.0033494250408658234, ""kernels.1"": 0.46802477546571325}",8,8,24,24,24,archive,2,9
78,99.92897325873352,98.6111178575014,0.4964,local,-7.073361636620273,-238.77368076360696,231.7003191269867,0.08538384636557289,0.38337612838984,archive,138,44,0.011652900516055777,0.005177340265025089,0.009688765174600145,0.00037666660817426594,0.1562544036011328,0.16463549294645358,0.3335084074692133,0.6931481805599428,"{""kernels.0.base_kernel.kernels.0"": [0.33324766676355305, 0.333123310744919, 0.3334333412399691, 0.3340869237335224, 0.33327667899519237, 0.3337472740654199, 0.3332375272731803, 0.3334530798331882, 0.3336437998985667, 0.3335410338945585, 0.33335854600803305, 0.33324239273138007, 0.3335046013702545, 0.3338403915576112, 0.333234305146112, 0.33326364442306583, 0.3335122135681721, 0.3332049027161197], ""kernels.0.base_kernel.kernels.1.base_kernel"": [0.6931481805599428, 0.6931481805599428, 0.6931481805599428], ""kernels.1.base_kernel.kernels.0"": [0.16463549294645358, 0.21639420231378886, 0.41195818911535553, 0.6052909158758293, 0.30878947784054483, 0.46701487255197033, 0.24388183647397818, 0.38590008930678354, 0.47707650507752514, 0.44559588215297385, 0.26179799536137394, 0.2688506105702865, 0.40209805913055263, 0.621616040442489, 0.23931744010763756, 0.3041090819181554, 0.4281731108845541, 0.2511822426734842], ""kernels.1.base_kernel.kernels.1"": [0.6931481805599428, 0.6931481805599428, 0.6931481805599428]}","{""kernels.0"": 0.000481852719636941, ""kernels.0.base_kernel.kernels.1"": 0.0033494205149497617, ""kernels.1"": 0.4649319375688117}",8,8,24,24,24,archive,0,10
79,98.67441749121846,98.6111178575014,0.501,global,-7.188873074039021,-10.944039041508425,3.755165967469404,1.0228348581741342,1.4037199751780798,global,,,0.008729259876814605,0.005029723015233062,0.009401352371639856,0.00035282403443941953,0.15533150452169758,0.1654176184221235,0.3335092671969328,0.6931481805599428,"{""kernels.0.base_kernel.kernels.0"": [0.33324816565604676, 0.3331228999571433, 0.33343436254881453, 0.3340902736030651, 0.3332767803055774, 0.33375051336754674, 0.33323743572078657, 0.33345430113214514, 0.3336431167238955, 0.3335439422533259, 0.3333589055164552, 0.3332428367087354, 0.333505707438179, 0.3338415868890822, 0.33323304382867636, 0.33326375899486566, 0.3335128269556866, 0.3332050847389421], ""kernels.0.base_kernel.kernels.1.base_kernel"": [0.6931481805599428, 0.6931481805599428, 0.6931481805599428], ""kernels.1.base_kernel.kernels.0"": [0.1654176184221235, 0.21696152616456207, 0.4120848691034706, 0.605135558023861, 0.30908056744391255, 0.4679196990269815, 0.244268791400969, 0.3865276725798417, 0.47634800651076126, 0.44730030765667317, 0.26239807683246696, 0.2698538988033753, 0.40239305502703515, 0.6216621525860745, 0.23855038860668556, 0.30462396079654297, 0.42826251323199543, 0.2510148016401771], ""kernels.1.base_kernel.kernels.1"": [0.6931481805599428, 0.6931481805599428, 0.6931481805599428]}","{""kernels.0"": 0.00048173897735393195, ""kernels.0.base_kernel.kernels.1"": 0.0033494153426520427, ""kernels.1"": 0.4621633592450868}",8,8,24,24,24,archive,2,11
80,100.3625517595352,98.6111178575014,0.5006,global,-6.990041267394814,-9.36713270136251,2.3770914339676956,0.7558825912451049,1.2961578685230104,global,,,0.009192171866580926,0.004878718398707745,0.009109779750165308,0.0003295048223822861,0.15489223782409442,0.16645365110494625,0.33350986665711824,0.6931481805599428,"{""kernels.0.base_kernel.kernels.0"": [0.3332487591580867, 0.3331217281089172, 0.3334352023313229, 0.33409686990083726, 0.33327668064703, 0.3337589706596077, 0.3332366540873061, 0.3334578709050616, 0.3336388573615964, 0.33354682466062674, 0.33336116586997133, 0.33324283170420743, 0.3335058462852947, 0.33384298905221665, 0.3332300190300409, 0.333265274242162, 0.3335138870289417, 0.3332051263204636], ""kernels.0.base_kernel.kernels.1.base_kernel"": [0.6931481805599428, 0.6931481805599428, 0.6931481805599428], ""kernels.1.base_kernel.kernels.0"": [0.16645365110494625, 0.21765805793229726, 0.41177091069527405, 0.6052236485584663, 0.30925140112431193, 0.47121466448253024, 0.24452943580555217, 0.38825016448821287, 0.47324490061930324, 0.44867080085319044, 0.26483360222794083, 0.2710433325398709, 0.401319382322158, 0.6212019060754578, 0.23637790890730576, 0.30636916755240434, 0.4283324289497779, 0.25051386086169214], ""kernels.1.base_kernel.kernels.1"": [0.6931481805599428, 0.6931481805599428, 0.6931481805599428]}","{""kernels.0"": 0.0004815287566692302, ""kernels.0.base_kernel.kernels.1"": 0.0033494054678560215, ""kernels.1"": 0.46084577924775805}",8,8,24,24,24,archive,1,12
81,7282.904309031878,98.6111178575014,0.4988,local,-7.813353287603976,-2040.772664473793,2032.9593111861889,0.3462300685978235,1.0458967927711165,archive,111,67,0.2709523973610292,0.004751986546487949,0.009009337152803795,0.000320877656128222,0.154123731174057,0.1678261696791738,0.3335106345157809,0.6931481805599428,"{""kernels.0.base_kernel.kernels.0"": [0.3332495559943718, 0.33312099244525833, 0.3334361880161369, 0.3340941466885445, 0.33327729621986885, 0.3337635625340812, 0.33323621180078705, 0.33345873988528146, 0.33363752432944516, 0.3335513667897977, 0.33336078911032313, 0.33324357802834836, 0.33350620018411076, 0.3338418164814891, 0.33322814042933313, 0.3332671606589954, 0.3335150688474511, 0.33320491985413614], ""kernels.0.base_kernel.kernels.1.base_kernel"": [0.6931481805599428, 0.6931481805599428, 0.6931481805599428], ""kernels.1.base_kernel.kernels.0"": [0.1678261696791738, 0.2192531810142761, 0.41164723944361437, 0.599930967028688, 0.3104975717938757, 0.47145923805202355, 0.2452361083866621, 0.38766113930972, 0.4722010384588027, 0.4507973288602664, 0.26468618795181925, 0.2737999135209874, 0.40079550108976997, 0.6196618955136116, 0.23593116126666366, 0.3084238655031565, 0.42856468803032105, 0.2495131624999855], ""kernels.1.base_kernel.kernels.1"": [0.6931481805599428, 0.6931481805599428, 0.6931481805599428]}","{""kernels.0"": 0.00048131465417786676, ""kernels.0.base_kernel.kernels.1"": 0.0033493949484740167, ""kernels.1"": 0.4585404839195192}",8,8,24,24,24,archive,0,13
82,339.57804659230817,98.6111178575014,0.5004,local,-4.599210248657026,-1743.1190674730562,1738.5198572243992,0.24497132018369783,0.8362434683639894,archive,111,67,0.3021963557056884,0.005519089450659904,0.00975959332740409,0.00029542512982132924,0.2320470890980194,0.16346088268098585,0.3335289451710254,0.6931481805599428,"{""kernels.0.base_kernel.kernels.0"": [0.33331834901280166, 0.33319772106844175, 0.33322271194369335, 0.3331556447603231, 0.33328371763153886, 0.3337339358493204, 0.33323814177588845, 0.33337545480303865, 0.3336435116793346, 0.3335049995651343, 0.3332528291069072, 0.33329983619622267, 0.33363189849157315, 0.33386089454306883, 0.33321042209801066, 0.3332556321999674, 0.3335528907769165, 0.33331671151955444], ""kernels.0.base_kernel.kernels.1.base_kernel"": [0.6931481805599428, 0.6931481805599428, 0.6931481805599428], ""kernels.1.base_kernel.kernels.0"": [0.18563005604301125, 0.5107582235638797, 0.2641251964623752, 0.16346088268098585, 0.3231855180332579, 0.5669366889936456, 0.28268611984416225, 0.43371252125145265, 0.5070029982020179, 0.4272767283487018, 0.2876336724866515, 0.33187930657423076, 0.6181372301941682, 0.5793096805233331, 0.32508249898581015, 0.3638505323922843, 0.5129295406581917, 0.36086190012042946], ""kernels.1.base_kernel.kernels.1"": [0.6931481805599428, 0.6931481805599428, 0.6931481805599428]}","{""kernels.0"": 0.0004800068201227956, ""kernels.0.base_kernel.kernels.1"": 0.003349301600779476, ""kernels.1"": 0.692311958873156}",8,8,24,24,24,archive,1,14
83,100.18267256309247,98.6111178575014,0.4964,local,-4.510868668178351,-84.38196641203716,79.87109774385881,0.09636660920006684,0.4887385370938922,archive,144,40,0.03573240559893617,0.0056516404746416,0.009738553677999199,0.000294189237365225,0.22165162114395176,0.1184879693114812,0.3335248117655757,0.6931481805599428,"{""kernels.0.base_kernel.kernels.0"": [0.3334176952610254, 0.3332121752208925, 0.3332947188261996, 0.3332785311722075, 0.33319071892193514, 0.33373479838229086, 0.33313423701390793, 0.3333050788678774, 0.33359856832171225, 0.33333749101896987, 0.3331846634111849, 0.3331846078364682, 0.3335219704619292, 0.33367968172068757, 0.3331112646057982, 0.3331940238501974, 0.33352765306922216, 0.3333245373547615], ""kernels.0.base_kernel.kernels.1.base_kernel"": [0.6931481805599428, 0.6931481805599428, 0.6931481805599428], ""kernels.1.base_kernel.kernels.0"": [0.3058241904293577, 0.5330417251656179, 0.3940866064259875, 0.1184879693114812, 0.2682738626298932, 0.6474157204935332, 0.19408034852043834, 0.5941466301896553, 0.48196493376608013, 0.5173797043495931, 0.3020035505025326, 0.35335308567440754, 0.5615687398727817, 0.537866645951706, 0.28997672334209745, 0.32151882614237925, 0.49827776754449726, 0.3980031967438955], ""kernels.1.base_kernel.kernels.1"": [0.6931481805599428, 0.6931481805599428, 0.6931481805599428]}","{""kernels.0"": 0.00047805361022546785, ""kernels.0.base_kernel.kernels.1"": 0.0033492251758690614, ""kernels.1"": 0.6611275846457607}",8,8,24,24,24,archive,0,15
84,189.49583755055397,98.6111178575014,0.4982,local,-5.166508330947528,-694.2575445651901,689.0910362342426,0.27958480135467895,1.0659425680302752,archive,132,57,0.2931387512932713,0.005580872346265487,0.009634137310576283,0.00028717188900294013,0.21955303633896875,0.11810102988374159,0.3335237933502335,0.6931481805599428,"{""kernels.0.base_kernel.kernels.0"": [0.33341964200898505, 0.33321467099464464, 0.3332927249938696, 0.3332796877345203, 0.333193466454719, 0.3337425712245159, 0.3331372456862883, 0.33329017881887735, 0.33359135313984045, 0.333342553727455, 0.3331841012826458, 0.33318134400407345, 0.333519091950501, 0.33368001244193374, 0.33311660030446144, 0.3331969690027752, 0.333528494749966, 0.3333191952371848], ""kernels.0.base_kernel.kernels.1.base_kernel"": [0.6931481805599428, 0.6931481805599428, 0.6931481805599428], ""kernels.1.base_kernel.kernels.0"": [0.30992933862188726, 0.5348727848867998, 0.4033234281254953, 0.11810102988374159, 0.2699526394316753, 0.6492134561149221, 0.1983183613303797, 0.5865676233763113, 0.47997361407644396, 0.5204693558564387, 0.3021379648497099, 0.35123713620150226, 0.5625981257964516, 0.5408497165179749, 0.29604308257039397, 0.32766808617676557, 0.49963519028720244, 0.39555520205297096], ""kernels.1.base_kernel.kernels.1"": [0.6931481805599428, 0.6931481805599428, 0.6931481805599428]}","{""kernels.0"": 0.00047792380670474326, ""kernels.0.base_kernel.kernels.1"": 0.0033492208687140924, ""kernels.1"": 0.6548319643414875}",8,8,24,24,24,archive,2,16
85,539.1814017870881,98.6111178575014,0.5006,global,-5.691882364815785,-7.700414723185,2.008532358369215,0.6412919546481661,1.3390072576885232,global,,,0.40003511046479434,0.005567441674508736,0.009614213431752578,0.00028750263475395423,0.21955304272847365,0.11810102897573724,0.33352379334827054,0.6931481805599428,"{""kernels.0.base_kernel.kernels.0"": [0.3334196420107114, 0.333214670995238, 0.33329272499062024, 0.33327968773492817, 0.3331934664571408, 0.33374257123390266, 0.3331372456885047, 0.33329017880271605, 0.33359135313037863, 0.3333425537310695, 0.33318410127969794, 0.3331813440007565, 0.3335190919462517, 0.3336800124424465, 0.3331166003069439, 0.33319696900250223, 0.33352849475028934, 0.333319195231436], ""kernels.0.base_kernel.kernels.1.base_kernel"": [0.6931481805599428, 0.6931481805599428, 0.6931481805599428], ""kernels.1.base_kernel.kernels.0"": [0.30992934164002045, 0.5348727859000599, 0.4033234356406836, 0.11810102897573724, 0.2699526405395066, 0.6492134568836255, 0.1983183634445717, 0.5865676162040433, 0.47997361065892674, 0.5204693573484702, 0.3021379635294867, 0.35123713406406665, 0.5625981261688789, 0.5408497194515187, 0.29604308686782044, 0.3276680894548452, 0.4996351910640333, 0.39555519918188203], ""kernels.1.base_kernel.kernels.1"": [0.6931481805599428, 0.6931481805599428, 0.6931481805599428]}","{""kernels.0"": 0.00047792380658055647, ""kernels.0.base_kernel.kernels.1"": 0.0033492208687091038, ""kernels.1"": 0.6548319835101313}",8,8,24,24,24,archive,1,17
86,105.09891131714751,98.6111178575014,0.4984,local,-4.871511887513399,-146.08213343485235,141.21062154733895,0.1013331258168574,0.36215912320057553,archive,139,44,0.041272070964088255,0.00562185112858682,0.009633349843046271,0.0002855181793770526,0.22777982886366702,0.11721340386867893,0.33352231683853284,0.6931481805599428,"{""kernels.0.base_kernel.kernels.0"": [0.33342123076215957, 0.3332150784545017, 0.3332908065439321, 0.33328013028080034, 0.33319509979033396, 0.3337497187559559, 0.3331383239096826, 0.33327380558491576, 0.33358506059362464, 0.3333435151969439, 0.33318207146881523, 0.3331791356829816, 0.333515553950451, 0.3336776268776341, 0.33311801136549923, 0.333196980012532, 0.3335290797266146, 0.33331425974656154], ""kernels.0.base_kernel.kernels.1.base_kernel"": [0.6931481805599428, 0.6931481805599428, 0.6931481805599428], ""kernels.1.base_kernel.kernels.0"": [0.3114998865465285, 0.5344867198324057, 0.4084487262809897, 0.11721340386867893, 0.27101634414356435, 0.6499888698383679, 0.20043341201126863, 0.5707930762345998, 0.4772928389102312, 0.5189945369790692, 0.3012127417418357, 0.3476387062946858, 0.5610848205999752, 0.5382084308572181, 0.29896226437623485, 0.3287624558184458, 0.4998721730211888, 0.3916059120560362], ""kernels.1.base_kernel.kernels.1"": [0.6931481805599428, 0.6931481805599428, 0.6931481805599428]}","{""kernels.0"": 0.0004778645654104959, ""kernels.0.base_kernel.kernels.1"": 0.0033492175529727213, ""kernels.1"": 0.6795124044726178}",8,8,24,24,24,archive,0,18
87,10903.057979478108,98.6111178575014,0.4982,local,-5.615507484817037,-1849.705551162359,1844.0900436775419,0.4827286345401602,1.1083333658822245,archive,24,70,0.4190831906821161,0.005513897076100732,0.009533020113373493,0.00027920974808434847,0.22795675300060722,0.12208737071857244,0.3335310584382406,0.6931481805599428,"{""kernels.0.base_kernel.kernels.0"": [0.33343004156692435, 0.3331343691066173, 0.3332798146520798, 0.33330873172433256, 0.33321451689282305, 0.3337998456447388, 0.33314457739939174, 0.3331239975736984, 0.3335387944503248, 0.33336635823057437, 0.33318361248743006, 0.33317623827166126, 0.33345447659741684, 0.33365283803651313, 0.33311416779690733, 0.33320795344145737, 0.33352332242615645, 0.3332839763022505], ""kernels.0.base_kernel.kernels.1.base_kernel"": [0.6931481805599428, 0.6931481805599428, 0.6931481805599428], ""kernels.1.base_kernel.kernels.0"": [0.316097805395408, 0.4990233417806066, 0.44720507341697696, 0.12208737071857244, 0.29020435059870425, 0.6467291914712304, 0.2110023138161961, 0.4640065317342567, 0.4631501112793869, 0.5234968014266612, 0.3186898999533472, 0.3381766841749658, 0.5485525332904173, 0.5294833208762071, 0.31548411905744844, 0.3511729021211704, 0.5009706097920319, 0.36940549645363413], ""kernels.1.base_kernel.kernels.1"": [0.6931481805599428, 0.6931481805599428, 0.6931481805599428]}","{""kernels.0"": 0.00047730382819480814, ""kernels.0.base_kernel.kernels.1"": 0.003349188061957984, ""kernels.1"": 0.6800437671116688}",8,8,24,24,24,archive,1,19
88,420.81801295005596,98.6111178575014,0.4888,global,-3.7931346161955415,-5.851698545531094,2.0585639293355524,0.9073313069614984,1.368055624975651,global,,,0.45204728113250514,0.005895501133166842,0.010156436037390361,0.0002535685522572709,0.27942955877726755,0.1379025228281166,0.3419405642906653,0.6931481805599428,"{""kernels.0.base_kernel.kernels.0"": [0.33346116654582814, 0.33314476545679617, 0.3333376956964255, 0.3333482820959926, 0.3332705897934803, 0.33375943388076046, 0.33318022218171783, 0.3332777362175056, 0.33362710072947604, 0.33338974981193176, 0.3332210832016651, 0.33319193193151103, 0.33350686863100315, 0.33353898136905946, 0.33315975542603143, 0.3332276497238523, 0.3335302900858344, 0.3333245242260836], ""kernels.0.base_kernel.kernels.1.base_kernel"": [0.6931481805599428, 0.6931481805599428, 0.6931481805599428], ""kernels.1.base_kernel.kernels.0"": [0.399795792181777, 0.5077556995330362, 0.4923991448595163, 0.1379025228281166, 0.3817440208925144, 0.6179086499144388, 0.23845296357798687, 0.5833239179511569, 0.5587459690260057, 0.5654242621181556, 0.39356802989185935, 0.21508662962540046, 0.6310101914276435, 0.48892371011658664, 0.4059441834259406, 0.3501216947005702, 0.5186958866261615, 0.43761056795980297], ""kernels.1.base_kernel.kernels.1"": [0.6931481805599428, 0.6931481805599428, 0.6931481805599428]}","{""kernels.0"": 0.00047654721935966023, ""kernels.0.base_kernel.kernels.1"": 0.0033491508456647986, ""kernels.1"": 0.8344629782667783}",8,8,24,24,24,archive,1,20
89,288.5829545949751,98.6111178575014,0.499,local,-4.448186072558696,-1626.7636247646294,1622.3154386920708,0.3317308068408055,0.9542662369559244,archive,24,70,0.4365462348943307,0.005955475322001894,0.010173047571319014,0.0002539970998559331,0.2748706344919141,0.12851969790405504,0.33751550573283884,0.6931481805599428,"{""kernels.0.base_kernel.kernels.0"": [0.3334706752082493, 0.3331436784070247, 0.3333578905216471, 0.3333640746787103, 0.3332691360269613, 0.33373418139445865, 0.33318715151494693, 0.3332957881559375, 0.333616954236061, 0.33337340936642496, 0.3332053469157353, 0.3332163543628357, 0.3334957090317695, 0.3335125113696248, 0.3331230914499994, 0.33323240567457524, 0.33352752730649465, 0.33332142206764004], ""kernels.0.base_kernel.kernels.1.base_kernel"": [0.6931481805599428, 0.6931481805599428, 0.6931481805599428], ""kernels.1.base_kernel.kernels.0"": [0.41515974345902146, 0.5152983297597264, 0.5037200801064116, 0.12851969790405504, 0.3852838677389119, 0.6151280133674935, 0.23509404023414454, 0.5856988719774137, 0.5352155228232203, 0.5508383516785501, 0.39427496300286763, 0.21233844318028633, 0.6180687677597074, 0.5009498624983673, 0.3882682013751087, 0.341296830071219, 0.5177234553323828, 0.43678282870976826], ""kernels.1.base_kernel.kernels.1"": [0.6931481805599428, 0.6931481805599428, 0.6931481805599428]}","{""kernels.0"": 0.00047621513367394625, ""kernels.0.base_kernel.kernels.1"": 0.0033491373428254107, ""kernels.1"": 0.8207865509992429}",8,8,24,24,24,archive,1,21
90,99.73106608765603,98.6111178575014,0.5,local,-4.501028372870254,-78.23815537175824,73.73712699888799,0.08568455262062144,0.3725635598536008,archive,144,42,0.0404713133350515,0.005924711449502422,0.010117224139258071,0.0002521583984472561,0.2734822861947608,0.1309720639544717,0.33810137055418765,0.6931481805599428,"{""kernels.0.base_kernel.kernels.0"": [0.3334802079488956, 0.333145316929866, 0.3333720958842661, 0.3333746374021723, 0.3332688067463242, 0.33371298332607174, 0.3331897106172518, 0.3333028877642602, 0.33361328282674246, 0.3333649234882136, 0.33318830149789275, 0.33322980834929794, 0.33348641934403517, 0.3334901046776729, 0.33310205853473407, 0.3332361748291106, 0.33352543061055345, 0.3333181279445669], ""kernels.0.base_kernel.kernels.1.base_kernel"": [0.6931481805599428, 0.6931481805599428, 0.6931481805599428], ""kernels.1.base_kernel.kernels.0"": [0.4270797360686771, 0.5267459575371074, 0.5109712789375285, 0.1309720639544717, 0.3883813731158261, 0.6126881104124964, 0.2308726537880685, 0.57902116427263, 0.5292394647609588, 0.5470594867449793, 0.3925571455241835, 0.20158383029379132, 0.613830648340866, 0.5053904286069839, 0.3820201608325829, 0.34248975778230356, 0.5160186570352889, 0.4358596411062319], ""kernels.1.base_kernel.kernels.1"": [0.6931481805599428, 0.6931481805599428, 0.6931481805599428]}","{""kernels.0"": 0.00047591043593731117, ""kernels.0.base_kernel.kernels.1"": 0.0033491243102205938, ""kernels.1"": 0.8166218238381244}",8,8,24,24,24,archive,0,22
91,812.2997702258423,98.6111178575014,0.4986,local,-4.674151385245395,-1619.0796768976486,1614.4055255124033,0.585452162628505,1.3098336531574915,archive,16,68,0.45942381337679844,0.005856623516512228,0.009952284353338638,0.00024363371236980414,0.2727844176636611,0.13081711441541005,0.3378221637021911,0.6931481805599428,"{""kernels.0.base_kernel.kernels.0"": [0.33348297427434465, 0.3331490338982362, 0.33337495330846584, 0.3333764439447273, 0.33326890999683323, 0.3337094710757911, 0.3331900545443878, 0.3333048315533529, 0.33361338575731414, 0.33336432900809143, 0.333185816185396, 0.3332335703671802, 0.3334849385758663, 0.33348632521701227, 0.33309964221992133, 0.33323689738193696, 0.333525172093807, 0.3333168564310952], ""kernels.0.base_kernel.kernels.1.base_kernel"": [0.6931481805599428, 0.6931481805599428, 0.6931481805599428], ""kernels.1.base_kernel.kernels.0"": [0.4299409586876163, 0.5308365530288778, 0.5122249206990285, 0.13081711441541005, 0.38926510357272787, 0.613387339642732, 0.23024526318612992, 0.5778965166678048, 0.5290308836043325, 0.5476741412423087, 0.3933939464555988, 0.20078862481379137, 0.6131388612165612, 0.5075534480966182, 0.38264800800200766, 0.34193485632859105, 0.5156506762265094, 0.43504342983369837], ""kernels.1.base_kernel.kernels.1"": [0.6931481805599428, 0.6931481805599428, 0.6931481805599428]}","{""kernels.0"": 0.0004758234435131071, ""kernels.0.base_kernel.kernels.1"": 0.003349120929545595, ""kernels.1"": 0.8145283086179247}",8,8,24,24,24,archive,0,23
92,441.20879410780026,98.6111178575014,0.4966,global,-4.566435305292262,-5.481822505528603,0.9153872002363412,0.6012627856247034,1.18706386513095,global,,,0.5178318889014791,0.005950703040441679,0.010037343600291855,0.00024324620945565103,0.2805659765468009,0.13061763039569424,0.33523546863893716,0.6931481805599428,"{""kernels.0.base_kernel.kernels.0"": [0.33348502027358756, 0.3331505130909882, 0.33337718755828505, 0.3333771130004358, 0.33326785605440284, 0.33370615412978794, 0.3331893842024623, 0.33330644818142463, 0.3336134084815604, 0.33336457824046417, 0.33318411151708116, 0.3332346639378549, 0.3334842202581067, 0.33348243496216207, 0.3330981033777443, 0.3332350392212274, 0.33352504863213395, 0.3333143405803825], ""kernels.0.base_kernel.kernels.1.base_kernel"": [0.6931481805599428, 0.6931481805599428, 0.6931481805599428], ""kernels.1.base_kernel.kernels.0"": [0.43191815900566116, 0.5307440904199643, 0.5127166014643075, 0.13061763039569424, 0.3869867253045158, 0.6111904913835586, 0.22304471333126202, 0.5770815642861019, 0.5285202073787914, 0.548650824921654, 0.39306413379551614, 0.19801987219053152, 0.6135395044774415, 0.5093489801929695, 0.3835811074447357, 0.33676478314808633, 0.5153445042265583, 0.43323021787934674], ""kernels.1.base_kernel.kernels.1"": [0.6931481805599428, 0.6931481805599428, 0.6931481805599428]}","{""kernels.0"": 0.00047577721994632253, ""kernels.0.base_kernel.kernels.1"": 0.003349118535231832, ""kernels.1"": 0.8378730338852245}",8,8,24,24,24,archive,0,24
93,435.1635879243665,98.6111178575014,0.5044,global,-4.693839220731823,-6.0792347341632285,1.3853955134314058,0.3996738783853413,1.160092455239087,global,,,0.4739239734889724,0.005958307060119474,0.010064141525496319,0.0002440661307120748,0.2675011231505076,0.13514103952456336,0.333643163872855,0.6931481805599428,"{""kernels.0.base_kernel.kernels.0"": [0.3335065622174108, 0.3331747571843071, 0.33340144725331466, 0.33338779321692846, 0.33326503458230516, 0.3336729302967951, 0.33319756607735423, 0.33333532490148515, 0.3336133974489149, 0.33338825244020726, 0.3331728375924474, 0.3332532641783595, 0.33348927896582725, 0.3334351507284402, 0.33309047170266987, 0.33323661879406197, 0.3335252602768381, 0.3332860196978787], ""kernels.0.base_kernel.kernels.1.base_kernel"": [0.6931481805599428, 0.6931481805599428, 0.6931481805599428], ""kernels.1.base_kernel.kernels.0"": [0.45550546741891906, 0.5384865545843346, 0.5293379933179039, 0.13514103952456336, 0.37437660472116563, 0.6034715962098437, 0.19742378697578353, 0.5834971245168158, 0.5272373742982341, 0.5739422923958042, 0.400180475894431, 0.1766501138635797, 0.6191257371305239, 0.525759097233683, 0.4011442286963302, 0.3103115023329932, 0.514244220541451, 0.41434520950159615], ""kernels.1.base_kernel.kernels.1"": [0.6931481805599428, 0.6931481805599428, 0.6931481805599428]}","{""kernels.0"": 0.00047499666537711706, ""kernels.0.base_kernel.kernels.1"": 0.0033490899966812037, ""kernels.1"": 0.7986792827894644}",8,8,24,24,24,archive,0,25
94,284.8040781817765,98.6111178575014,0.4976,local,-4.479349858042804,-1658.4757578356312,1653.9964079775884,0.8343402002813808,1.3885222138188174,archive,24,71,0.4720505094003747,0.005976081144543652,0.010074683427567267,0.00024417202837299245,0.2693582636364104,0.13481928590401548,0.333637915988661,0.6931481805599428,"{""kernels.0.base_kernel.kernels.0"": [0.3335078873936703, 0.3331758133168475, 0.3334022338059724, 0.33338834594772465, 0.33326527065942924, 0.3336630554889698, 0.33319873014125223, 0.3333372965529449, 0.33361277648835214, 0.33338911290552925, 0.33317148537947444, 0.33325651057111916, 0.33348800153726377, 0.33343461842934574, 0.3330886372357944, 0.33323820287197403, 0.3335248564814512, 0.33328444456812667], ""kernels.0.base_kernel.kernels.1.base_kernel"": [0.6931481805599428, 0.6931481805599428, 0.6931481805599428], ""kernels.1.base_kernel.kernels.0"": [0.4563980946669219, 0.5389764243126551, 0.5300095508500915, 0.13481928590401548, 0.3738966254087493, 0.5969143118295658, 0.19735124513219468, 0.5835852699826113, 0.5260184558010007, 0.5743343629879023, 0.4009052101648272, 0.17640136420390926, 0.6158190541049574, 0.5273185189701215, 0.40150570372771444, 0.3093847022749014, 0.5134285046442486, 0.4123335096567856], ""kernels.1.base_kernel.kernels.1"": [0.6931481805599428, 0.6931481805599428, 0.6931481805599428]}","{""kernels.0"": 0.000474930596275523, ""kernels.0.base_kernel.kernels.1"": 0.003349086969156687, ""kernels.1"": 0.804250773343799}",8,8,24,24,24,archive,0,26
95,99.67956237175744,98.6111178575014,0.5018,local,-4.623283743632529,-10.966786857979788,6.343503114347259,0.04681423764499857,0.194401599726417,archive,168,25,0.045550221272399036,0.00597404476130012,0.010038506524151017,0.0002433573953725797,0.2658338487617667,0.13439565943850823,0.333587956175036,0.6931481805599428,"{""kernels.0.base_kernel.kernels.0"": [0.33351952147124286, 0.3331863957373237, 0.3334084406663249, 0.3333922585185634, 0.3332686684085589, 0.33356872620789313, 0.3332116166437687, 0.33335755204410056, 0.3336071861421789, 0.33339607175871827, 0.3331611575271675, 0.33328709009999213, 0.33347082570785747, 0.3334298805870665, 0.33307564729585526, 0.3332535326093772, 0.33351954505358306, 0.33327196154518807], ""kernels.0.base_kernel.kernels.1.base_kernel"": [0.6931481805599428, 0.6931481805599428, 0.6931481805599428], ""kernels.1.base_kernel.kernels.0"": [0.4642883862294396, 0.5449275134364135, 0.5347608411633566, 0.13439565943850823, 0.3700609452123459, 0.5389830658670194, 0.1994890383632936, 0.5862094331070274, 0.5156691299414349, 0.5772588953609314, 0.4093787029306379, 0.1714850725391764, 0.5849597073477779, 0.5452709295294113, 0.4056783288956512, 0.3069420762571306, 0.505060155655584, 0.39853402361353185], ""kernels.1.base_kernel.kernels.1"": [0.6931481805599428, 0.6931481805599428, 0.6931481805599428]}","{""kernels.0"": 0.00047427587823558774, ""kernels.0.base_kernel.kernels.1"": 0.0033490577831572985, ""kernels.1"": 0.7936782126239073}",8,8,24,24,24,archive,0,27
96,100.69038427506393,98.6111178575014,0.4986,local,-4.705664729066863,-513.6493092378782,508.94364450881136,0.13190317967166248,0.5840641687830733,archive,135,59,0.052575879154574366,0.0058986774828107946,0.009892931861080926,0.00023599038268144835,0.26239218322252533,0.1349923979977719,0.33358453895237306,0.6931481805599428,"{""kernels.0.base_kernel.kernels.0"": [0.33353407433644483, 0.3331878274257894, 0.33340868268873686, 0.33339195293442736, 0.33326974100306966, 0.33355980361002696, 0.3332119825870137, 0.3333597892575453, 0.3336092742947192, 0.33339842126441216, 0.3331607870969715, 0.33328996399926547, 0.3334687615405843, 0.33342936865788836, 0.3330760695812068, 0.3332548196468711, 0.33351930768778565, 0.33327094223212755], ""kernels.0.base_kernel.kernels.1.base_kernel"": [0.6931481805599428, 0.6931481805599428, 0.6931481805599428], ""kernels.1.base_kernel.kernels.0"": [0.476400428773529, 0.5452844014587195, 0.5346757035739721, 0.1349923979977719, 0.3707163577218321, 0.5399966582040227, 0.19938926108278096, 0.5858505305117319, 0.5174965894643664, 0.5786003459656561, 0.4106484287604696, 0.17158825121551913, 0.5850773403204017, 0.5468633517974655, 0.40724656485477767, 0.30694698309884316, 0.5049211791091015, 0.3981694517438377], ""kernels.1.base_kernel.kernels.1"": [0.6931481805599428, 0.6931481805599428, 0.6931481805599428]}","{""kernels.0"": 0.0004741525051818183, ""kernels.0.base_kernel.kernels.1"": 0.0033490529588947053, ""kernels.1"": 0.7833533442034994}",8,8,24,24,24,archive,0,28
97,98.5513090718249,98.5513090718249,0.4968,local,-4.726595711967521,-11.173562976937887,6.446967264970366,0.037282172183347416,0.2884317650067363,archive,168,27,0.019656568328359342,0.005883578687073693,0.009792664229905,0.00023091834439729536,0.26867471016894334,0.13598310745965023,0.3335978342351298,0.6931481805599428,"{""kernels.0.base_kernel.kernels.0"": [0.3335845093310564, 0.33319480866695184, 0.3334072396636487, 0.33339287858676026, 0.3332710890357774, 0.33353452641032133, 0.3332113383306883, 0.33336550276966953, 0.33361115913920314, 0.3334017703097784, 0.3331563193275731, 0.3332961210531896, 0.33346173754403885, 0.33342762744582927, 0.3330715384340885, 0.333256176501821, 0.3335188788564482, 0.33326734863940505], ""kernels.0.base_kernel.kernels.1.base_kernel"": [0.6931481805599428, 0.6931481805599428, 0.6931481805599428], ""kernels.1.base_kernel.kernels.0"": [0.5242033586796091, 0.5515314118741347, 0.5332114665051706, 0.13598310745965023, 0.37103373037919374, 0.5380362648055266, 0.19661187578219427, 0.5853251061218325, 0.51770708006332, 0.5799020199918848, 0.4107142905636143, 0.16993129247181243, 0.5831859541649228, 0.5485999569086275, 0.4067893177156738, 0.3041093836765967, 0.5043130575006954, 0.3956771182948886], ""kernels.1.base_kernel.kernels.1"": [0.6931481805599428, 0.6931481805599428, 0.6931481805599428]}","{""kernels.0"": 0.0004738828162628795, ""kernels.0.base_kernel.kernels.1"": 0.0033490412423823105, ""kernels.1"": 0.8022012064481849}",8,8,24,24,24,archive,0,0
98,291.9219022709091,98.5513090718249,0.4974,local,-4.820490185590848,-1770.758324613136,1765.937834427545,0.4374569816589752,1.228247865751875,archive,16,71,0.449087551728406,0.008546075209425751,0.0095235465617501,0.00021805417229225286,0.26212858386903715,0.1369096544459769,0.33360172420351314,0.6931481805599428,"{""kernels.0.base_kernel.kernels.0"": [0.3335917908735216, 0.3331976333819195, 0.3334078869487854, 0.33339343440919256, 0.33327185071622834, 0.33353408383512445, 0.33321186058273466, 0.33336789027341474, 0.3336116575335047, 0.33340325165220047, 0.3331567493875974, 0.3332975034451603, 0.33346146184938974, 0.3334282003986484, 0.33307175629212593, 0.33325743287874077, 0.33351885957775096, 0.3332673418895684], ""kernels.0.base_kernel.kernels.1.base_kernel"": [0.6931481805599428, 0.6931481805599428, 0.6931481805599428], ""kernels.1.base_kernel.kernels.0"": [0.5293151687455777, 0.5535284117846752, 0.5340586993270742, 0.1369096544459769, 0.3717759855232476, 0.5405394092078344, 0.19744762734668836, 0.5867726435209497, 0.5182783203694178, 0.5810457972875661, 0.4118616003165225, 0.17069933258713477, 0.5838064119856933, 0.5497537684069659, 0.4074903955168001, 0.3054602760430911, 0.5045395061341327, 0.39600230040498513], ""kernels.1.base_kernel.kernels.1"": [0.6931481805599428, 0.6931481805599428, 0.6931481805599428]}","{""kernels.0"": 0.0004738175930815944, ""kernels.0.base_kernel.kernels.1"": 0.0033490393498993593, ""kernels.1"": 0.7825628946641305}",8,8,24,24,24,archive,0,1
99,219.04204559868833,98.5513090718249,0.4986,local,-4.8163555878496815,-1073.0320748917632,1068.2157193039134,0.37991445967116716,0.982922888646723,archive,121,67,0.33706176096238033,0.008544194545605958,0.00952049797558176,0.00021867344577598287,0.2648163325260576,0.1359201282519884,0.3336115965411207,0.6931481805599428,"{""kernels.0.base_kernel.kernels.0"": [0.3336119553132189, 0.33320364217188947, 0.33340847436501025, 0.33339406027067214, 0.3332725936581351, 0.3335303983339572, 0.3332110519764509, 0.3333715762870269, 0.3336112377690226, 0.3334042412435561, 0.33315495317164767, 0.33330023351388716, 0.3334573778753793, 0.3334272569961982, 0.33306848008598633, 0.33325766996956235, 0.33351783164197574, 0.33326505887706837], ""kernels.0.base_kernel.kernels.1.base_kernel"": [0.6931481805599428, 0.6931481805599428, 0.6931481805599428], ""kernels.1.base_kernel.kernels.0"": [0.5416686407290694, 0.5570209143678497, 0.5349749461086551, 0.1359201282519884, 0.3718682591093486, 0.5417460966368046, 0.1974473146109137, 0.5878761434685684, 0.5170575839914602, 0.5813271141457179, 0.41228948111314195, 0.16963668912405172, 0.5824192243250468, 0.5505046189263495, 0.40606033610461195, 0.3045052549522201, 0.5038413717391891, 0.3944390639286375], ""kernels.1.base_kernel.kernels.1"": [0.6931481805599428, 0.6931481805599428, 0.6931481805599428]}","{""kernels.0"": 0.0004736838197608383, ""kernels.0.base_kernel.kernels.1"": 0.003349034004160141, ""kernels.1"": 0.7906262797542517}",8,8,24,24,24,archive,0,2
100,98.89552640730659,98.5513090718249,0.499,local,-4.9014385403714975,-5.671257674849179,0.7698191344776815,0.037532907091360396,0.2116424139054,archive,201,0,0.025835598995785494,0.008450379712000158,0.009436424482718482,0.0002158749207199803,0.26347133884165835,0.13552356523876954,0.33365034430969337,0.6931481805599428,"{""kernels.0.base_kernel.kernels.0"": [0.3336972469502993, 0.33323095108937184, 0.3334134777957898, 0.3334019431007803, 0.3332739104674782, 0.3335082909397234, 0.33320978527912476, 0.3333893545709847, 0.33360344166908745, 0.3334129539951484, 0.3331412097770552, 0.333315127334909, 0.3334416289591259, 0.3334270989287836, 0.3330508243462348, 0.3332611092482476, 0.33351352761445574, 0.3332533942429099], ""kernels.0.base_kernel.kernels.1.base_kernel"": [0.6931481805599428, 0.6931481805599428, 0.6931481805599428], ""kernels.1.base_kernel.kernels.0"": [0.5860280453858558, 0.5718907460640279, 0.5408009218407095, 0.13552356523876954, 0.36940689749590333, 0.5395208792800403, 0.19683833972535902, 0.5972303102614367, 0.5106111713937579, 0.5888967921886837, 0.4046718292174672, 0.17349261499055488, 0.5834539538826312, 0.5521097174751355, 0.39517259246648895, 0.30190379689458796, 0.501482121833654, 0.38913572196183704], ""kernels.1.base_kernel.kernels.1"": [0.6931481805599428, 0.6931481805599428, 0.6931481805599428]}","{""kernels.0"": 0.00047303653578748613, ""kernels.0.base_kernel.kernels.1"": 0.0033490085108181717, ""kernels.1"": 0.7865919714783695}",8,8,24,24,24,archive,1,3
101,307.63157432300204,98.5513090718249,0.5002,global,-4.928820785256437,-5.732367862920886,0.8035470776644491,0.5963775966820976,1.2353529275757054,global,,,0.5025799549514315,0.008303548235012696,0.009280878155678955,0.00020849880321638646,0.2617888919365899,0.13586206270312426,0.33365300103193224,0.6931481805599428,"{""kernels.0.base_kernel.kernels.0"": [0.3337027438380687, 0.33323389800397063, 0.3334141963009644, 0.33340267875535123, 0.33327457343739236, 0.33350829620059386, 0.33320983038707624, 0.33339063876010633, 0.3336032582257958, 0.3334149812531192, 0.3331412968940887, 0.33331582101380924, 0.33344165009998783, 0.333427021352572, 0.3330509542033435, 0.33326173983831153, 0.33351334411095934, 0.33325288735193975], ""kernels.0.base_kernel.kernels.1.base_kernel"": [0.6931481805599428, 0.6931481805599428, 0.6931481805599428], ""kernels.1.base_kernel.kernels.0"": [0.5864324493590034, 0.5732994230088893, 0.5412446741721791, 0.13586206270312426, 0.3699024089310983, 0.5407477395216761, 0.19705817206999543, 0.5978505327335768, 0.5109681753463415, 0.5899990282323431, 0.40527798603638787, 0.17365386573322508, 0.5844342699124773, 0.5515220920918239, 0.3954405697135726, 0.3025012918010573, 0.5016772735710227, 0.3889822503072206], ""kernels.1.base_kernel.kernels.1"": [0.6931481805599428, 0.6931481805599428, 0.6931481805599428]}","{""kernels.0"": 0.0004729691025140667, ""kernels.0.base_kernel.kernels.1"": 0.003349006234356669, ""kernels.1"": 0.7815447004728988}",8,8,24,24,24,archive,1,4
102,3274.7896924942206,98.5513090718249,0.4998,global,-4.90163447265044,-5.478402381307334,0.576767908656894,0.560084583981273,1.2505050081437796,global,,,0.48918838407812,0.008287538651356396,0.009270768689821463,0.00020866361790865707,0.2612183805917955,0.13543947792288208,0.3336711912587494,0.6931481805599428,"{""kernels.0.base_kernel.kernels.0"": [0.3337423317714522, 0.3332524433958788, 0.33341745489556335, 0.33340737969510864, 0.3332782959007247, 0.3335052781138193, 0.3332088074376777, 0.333396464263996, 0.3336000507460466, 0.33342537810658446, 0.3331387854717781, 0.3333202411375781, 0.3334394682340725, 0.3334241166266102, 0.3330480035891761, 0.33326363568788936, 0.3335118585446229, 0.3332479820405825], ""kernels.0.base_kernel.kernels.1.base_kernel"": [0.6931481805599428, 0.6931481805599428, 0.6931481805599428], ""kernels.1.base_kernel.kernels.0"": [0.5884744527793014, 0.5813038133624494, 0.5429281039294778, 0.13543947792288208, 0.3721550816556344, 0.5452347201914061, 0.19647643505022297, 0.5986345004418197, 0.510708437003285, 0.5943523017932928, 0.40719499585977004, 0.1720672146559648, 0.5894279429866583, 0.5468200055256383, 0.39442708886681, 0.30353123961676615, 0.5024661973576493, 0.387007648204127], ""kernels.1.base_kernel.kernels.1"": [0.6931481805599428, 0.6931481805599428, 0.6931481805599428]}","{""kernels.0"": 0.000472491694084799, ""kernels.0.base_kernel.kernels.1"": 0.003348988951026293, ""kernels.1"": 0.7798336611302753}",8,8,24,24,24,archive,0,5
103,224.34457317589104,98.5513090718249,0.4996,global,-4.630442447095721,-5.558754766659266,0.9283123195635454,0.6736341328334539,1.3652908910455002,global,,,0.4919386355487514,0.008717187726575574,0.009760630267625761,0.00021316236427640174,0.26457119028447684,0.12859160710120965,0.3336884989693586,0.6931481805599428,"{""kernels.0.base_kernel.kernels.0"": [0.33376501128320407, 0.3332669466658967, 0.3334224391557444, 0.33338201192065375, 0.33328538809763725, 0.3335268304442803, 0.3331610732317743, 0.3334194226091532, 0.33361198665551317, 0.3334520784200098, 0.3331551581529072, 0.33332972079133233, 0.3334603525899736, 0.3334406058395248, 0.33306564601786826, 0.3332643426608386, 0.3335150205660009, 0.3332471214725002], ""kernels.0.base_kernel.kernels.1.base_kernel"": [0.6931481805599428, 0.6931481805599428, 0.6931481805599428], ""kernels.1.base_kernel.kernels.0"": [0.5959800455358844, 0.5844796303176927, 0.5519546436831776, 0.12859160710120965, 0.3834786344352767, 0.5743228729963645, 0.14376454788460907, 0.6150809535533476, 0.5297557806101023, 0.6161690123385287, 0.43170329557948645, 0.19608254000212927, 0.6064249934015622, 0.5644989072801916, 0.4152027435157276, 0.3232207013046205, 0.5082019729163126, 0.38838954359200883], ""kernels.1.base_kernel.kernels.1"": [0.6931481805599428, 0.6931481805599428, 0.6931481805599428]}","{""kernels.0"": 0.00047191258137727516, ""kernels.0.base_kernel.kernels.1"": 0.0033489756798024445, ""kernels.1"": 0.7898926825922508}",8,8,24,24,24,archive,1,6
104,265.2202963943761,98.5513090718249,0.5,global,-4.655435972444529,-6.94538149251962,2.289945520075091,1.067821059710014,1.4026484990893566,global,,,0.5106971849447594,0.008670128090319437,0.009715295833381352,0.000212202023552363,0.26974561885832365,0.13340821235722083,0.3336904061804461,0.6931481805599428,"{""kernels.0.base_kernel.kernels.0"": [0.33377587241996204, 0.33326917339609463, 0.3334269173981476, 0.3333795646074717, 0.3332814856964666, 0.33353063140362366, 0.33315493464830637, 0.3334119579873133, 0.33360493994093016, 0.33346553458558154, 0.3331457150341725, 0.33332947061523405, 0.3334607094939601, 0.3334421750589973, 0.33305475886932207, 0.3332614225106371, 0.3335160556961174, 0.333245120555306], ""kernels.0.base_kernel.kernels.1.base_kernel"": [0.6931481805599428, 0.6931481805599428, 0.6931481805599428], ""kernels.1.base_kernel.kernels.0"": [0.5989221770094946, 0.5869278341067155, 0.5606669599050524, 0.13340821235722083, 0.3840588077845874, 0.5841816786615923, 0.14296588610887925, 0.6132033128601524, 0.5280150439946694, 0.6209731880676292, 0.42890509055622833, 0.19511074759688274, 0.6058345884468795, 0.561828540431162, 0.41102416820521975, 0.33003407155137726, 0.5090435699984639, 0.39048100046324713], ""kernels.1.base_kernel.kernels.1"": [0.6931481805599428, 0.6931481805599428, 0.6931481805599428]}","{""kernels.0"": 0.00047166994116182705, ""kernels.0.base_kernel.kernels.1"": 0.0033489683232877186, ""kernels.1"": 0.8054162183105213}",8,8,24,24,24,archive,0,7
105,1192.08769807332,98.5513090718249,0.4992,local,-4.748995358289964,-145.05545054788288,140.30645518959292,0.5666562924054883,1.2831409405736225,archive,139,50,0.5098925614197357,0.008635314040303916,0.009688216530134942,0.0002119137171561892,0.26777427474996446,0.13457679767068315,0.333691597770028,0.6931481805599428,"{""kernels.0.base_kernel.kernels.0"": [0.33378013781567967, 0.3332706985498222, 0.3334283040945649, 0.33337909103927055, 0.33328018475941046, 0.33353234166829104, 0.33315296959634316, 0.33340936552543765, 0.3336030577243764, 0.3334713949207123, 0.3331426428934967, 0.33332955162708006, 0.33346077005782654, 0.33344359810826985, 0.33305146237992206, 0.333260346505915, 0.33351646100153626, 0.3332443782114902], ""kernels.0.base_kernel.kernels.1.base_kernel"": [0.6931481805599428, 0.6931481805599428, 0.6931481805599428], ""kernels.1.base_kernel.kernels.0"": [0.6002957785534008, 0.5878181496313557, 0.5631341945038354, 0.13457679767068315, 0.384355031041379, 0.5878095726067509, 0.14232108253509343, 0.6124982616424718, 0.5283241991004533, 0.6229279718142987, 0.42798726904719586, 0.19487820127439556, 0.6053730633086258, 0.5612931860497943, 0.4098084897469811, 0.3319192587984942, 0.5095226365342187, 0.39093365837585825], ""kernels.1.base_kernel.kernels.1"": [0.6931481805599428, 0.6931481805599428, 0.6931481805599428]}","{""kernels.0"": 0.0004715536725360255, ""kernels.0.base_kernel.kernels.1"": 0.003348965292300577, ""kernels.1"": 0.7995023052850568}",8,8,24,24,24,archive,1,8
106,113.04796608717356,98.5513090718249,0.4996,local,-4.577627408944463,-779.7418454204185,775.1642180114741,0.22239533689710264,0.6320091611098568,archive,122,66,0.16333651950060765,0.008829223881265766,0.009850975008449475,0.00021315715264849002,0.27127399695289256,0.12269502430745664,0.34474884645256887,0.6931481805599428,"{""kernels.0.base_kernel.kernels.0"": [0.33385528543997356, 0.33312955114397913, 0.33345454634747734, 0.33337309823036004, 0.33321563688116446, 0.3335327702134268, 0.3331900722230174, 0.33326876624086693, 0.33357734918547627, 0.33354828369466644, 0.33307821856236774, 0.33333840396875397, 0.33343197047495954, 0.33347571301129625, 0.33299870394455117, 0.3332292212008025, 0.333518839722131, 0.33320818319321505], ""kernels.0.base_kernel.kernels.1.base_kernel"": [0.6931481805599428, 0.6931481805599428, 0.6931481805599428], ""kernels.1.base_kernel.kernels.0"": [0.621883844939242, 0.4917442881277569, 0.592919111221608, 0.12269502430745664, 0.3556424074651641, 0.6043215319518994, 0.1447365256348065, 0.5591512521108508, 0.5372554097004902, 0.6573348801435505, 0.4125280828480979, 0.2027248259147808, 0.589702230941103, 0.6369768569366427, 0.39305509492316715, 0.4110620728902306, 0.5101156367169524, 0.3852804668809312], ""kernels.1.base_kernel.kernels.1"": [0.6931481805599428, 0.6931481805599428, 0.6931481805599428]}","{""kernels.0"": 0.0004698787139594045, ""kernels.0.base_kernel.kernels.1"": 0.0033489095100674203, ""kernels.1"": 0.8100032026346509}",8,8,24,24,24,archive,0,9
107,267.6322996547849,98.5513090718249,0.4996,global,-4.685515220275102,-6.507783514308242,1.8222682940331403,0.8290666519075397,1.33097901387281,global,,,0.518606300446581,0.008796152539943435,0.009818631839105503,0.0002119186589888327,0.26925498973057926,0.123038662409328,0.34491878347223054,0.6931481805599428,"{""kernels.0.base_kernel.kernels.0"": [0.33385800488984263, 0.33312393816884506, 0.333462978069046, 0.3333727893457682, 0.33321418104864176, 0.3335348519296246, 0.33318958943846083, 0.3332696673416927, 0.3335768283672254, 0.3335518653059272, 0.33307622181142926, 0.3333381540230806, 0.33342959859351196, 0.3334774635466995, 0.3329984326941917, 0.3332226947880869, 0.33351910491860176, 0.33320761984887154], ""kernels.0.base_kernel.kernels.1.base_kernel"": [0.6931481805599428, 0.6931481805599428, 0.6931481805599428], ""kernels.1.base_kernel.kernels.0"": [0.6212215615768808, 0.49092401875687713, 0.597539229618813, 0.123038662409328, 0.35597956205461845, 0.6049726906035033, 0.14464521497703087, 0.5634218516398776, 0.5382870037249303, 0.6562670524158848, 0.41165166882868165, 0.202921215920881, 0.5892361329232474, 0.6375492485923182, 0.3923880355051843, 0.4111493555801285, 0.5101060546392393, 0.38792386978348975], ""kernels.1.base_kernel.kernels.1"": [0.6931481805599428, 0.6931481805599428, 0.6931481805599428]}","{""kernels.0"": 0.0004697385755177836, ""kernels.0.base_kernel.kernels.1"": 0.0033489054153774812, ""kernels.1"": 0.8039463252008425}",8,8,24,24,24,archive,0,10
108,276.9761487728856,98.5513090718249,0.5,global,-4.681400641361524,-5.616324851016275,0.934924209654751,0.5510451321914853,1.2777365723126382,global,,,0.5028944899231138,0.008795374315424546,0.009818533543740881,0.0002127985073306937,0.26972949372620775,0.12245223810958124,0.34446516122319104,0.6931481805599428,"{""kernels.0.base_kernel.kernels.0"": [0.3338774384380969, 0.33307767283173867, 0.33352109982958866, 0.3333697108808834, 0.3332012836341687, 0.3335459286659574, 0.33318633081699495, 0.3332676308780818, 0.3335702218602322, 0.33357537124296127, 0.33305997070355375, 0.33333522962461903, 0.3334117539854394, 0.3334884779489664, 0.33299629981091344, 0.33317273391584773, 0.33352100586555794, 0.33320123574002475], ""kernels.0.base_kernel.kernels.1.base_kernel"": [0.6931481805599428, 0.6931481805599428, 0.6931481805599428], ""kernels.1.base_kernel.kernels.0"": [0.6167927919078429, 0.48169226272307586, 0.6219867160318374, 0.12245223810958124, 0.3550528840082851, 0.6063294343164441, 0.14351539115990597, 0.5854241268735467, 0.5430687616217517, 0.6497843956995129, 0.40402884705122505, 0.20125155199838474, 0.5850743855301535, 0.643199439640095, 0.3873678001968272, 0.40889748481799865, 0.5091046330084464, 0.4068676470263781], ""kernels.1.base_kernel.kernels.1"": [0.6931481805599428, 0.6931481805599428, 0.6931481805599428]}","{""kernels.0"": 0.0004686491888782886, ""kernels.0.base_kernel.kernels.1"": 0.003348872341510778, ""kernels.1"": 0.8053709596482342}",8,8,24,24,24,archive,1,11
109,97.95343568019696,97.95343568019696,0.4954,local,-4.6867580601056265,-108.93672976405595,104.24997170395032,0.12114640403830984,0.5013375903940637,archive,210,50,0.023113304148636472,0.00879509713716489,0.009817758209471275,0.00021360641498639936,0.2695983068099243,0.12156202530848526,0.34314600629862935,0.6931481805599428,"{""kernels.0.base_kernel.kernels.0"": [0.3338865717004709, 0.33305126065338814, 0.3335466334495207, 0.3333672716633303, 0.3331938816091152, 0.3335509010220031, 0.33318562509067456, 0.3332556903592699, 0.3335635724779767, 0.33358543200030993, 0.3330560370562882, 0.33333435600735245, 0.3334045598566804, 0.3334974557692636, 0.33300164325286624, 0.3331476265981586, 0.33352156149339063, 0.3331921614662439], ""kernels.0.base_kernel.kernels.1.base_kernel"": [0.6931481805599428, 0.6931481805599428, 0.6931481805599428], ""kernels.1.base_kernel.kernels.0"": [0.6172332343532845, 0.4788145863035574, 0.6177956361041411, 0.12156202530848526, 0.3524054408967878, 0.6090799063984779, 0.14430204496317328, 0.5840938090600123, 0.5417417469498255, 0.6508681527178186, 0.40446367751215806, 0.20179889592370726, 0.5833054096324343, 0.6473111076588317, 0.3891472423467747, 0.41050271440523, 0.5091547551176573, 0.4093657945506867], ""kernels.1.base_kernel.kernels.1"": [0.6931481805599428, 0.6931481805599428, 0.6931481805599428]}","{""kernels.0"": 0.0004677913479395973, ""kernels.0.base_kernel.kernels.1"": 0.0033488463988434933, ""kernels.1"": 0.8049782826829899}",8,8,24,24,24,archive,1,0
110,133.57639290806532,97.95343568019696,0.4966,local,-4.7143116725346275,-5.772608207604234,1.0582965350696067,0.11132026841988779,0.4883203410900895,archive,213,0,0.16405789184380434,0.008891156982324424,0.009633504462877553,0.00020537264110992803,0.2681392163400203,0.12186653458958753,0.34323897232796047,0.6931481805599428,"{""kernels.0.base_kernel.kernels.0"": [0.3338889148649718, 0.33304892926735874, 0.3335490263900811, 0.3333673042397253, 0.3331937466063655, 0.3335520695704287, 0.33318542088020375, 0.33325503029205417, 0.3335638062828016, 0.33358598756167734, 0.3330556642010575, 0.3333343450926132, 0.33340463259281017, 0.3334981206184842, 0.3330033875912741, 0.33314609039320064, 0.3335217411115888, 0.3331916239146348], ""kernels.0.base_kernel.kernels.1.base_kernel"": [0.6931481805599428, 0.6931481805599428, 0.6931481805599428], ""kernels.1.base_kernel.kernels.0"": [0.6185140253820388, 0.4783918357127584, 0.6184479065227281, 0.12186653458958753, 0.35258902979094914, 0.6095173223424686, 0.1444378045542033, 0.5841923147548486, 0.5421973465337364, 0.6510005015776207, 0.40448696201842865, 0.20197502319839747, 0.5835395609916801, 0.6473637193617291, 0.39054614739881943, 0.4108358880970369, 0.5092846624536094, 0.40963079403626684], ""kernels.1.base_kernel.kernels.1"": [0.6931481805599428, 0.6931481805599428, 0.6931481805599428]}","{""kernels.0"": 0.00046770647286548567, ""kernels.0.base_kernel.kernels.1"": 0.0033488439967795497, ""kernels.1"": 0.8006010985504158}",8,8,24,24,24,archive,0,1
111,526.1854084217401,97.95343568019696,0.4996,local,-4.732381723167584,-531.4170617115492,526.6846799883816,0.24673784987089142,0.7423931736851032,archive,214,63,0.23287480723541135,0.008877789732483444,0.00962361074600068,0.00020548126176521972,0.26813921669531776,0.12186653480047162,0.34323897222230615,0.6931481805599428,"{""kernels.0.base_kernel.kernels.0"": [0.33388891486674244, 0.3330489292662652, 0.33354902639165257, 0.33336730423987443, 0.3331937466058837, 0.33355206957190975, 0.3331854208800949, 0.3332550302921506, 0.33356380628334975, 0.33358598756204877, 0.33305566420069804, 0.33333434509251086, 0.33340463259123254, 0.33349812061857076, 0.33300338759071657, 0.3331460903924512, 0.3335217411113238, 0.33319162391400725], ""kernels.0.base_kernel.kernels.1.base_kernel"": [0.6931481805599428, 0.6931481805599428, 0.6931481805599428], ""kernels.1.base_kernel.kernels.0"": [0.6185140262070671, 0.47839183549589176, 0.6184479070586739, 0.12186653480047162, 0.3525890295778699, 0.6095173227524158, 0.14443780456687993, 0.5841923147408818, 0.5421973469920096, 0.6510005014888263, 0.404486961824594, 0.20197502297978912, 0.5835395606883444, 0.647363719187821, 0.3905461473370418, 0.4108358881893967, 0.5092846623576699, 0.40963079384159534], ""kernels.1.base_kernel.kernels.1"": [0.6931481805599428, 0.6931481805599428, 0.6931481805599428]}","{""kernels.0"": 0.00046770647282570646, ""kernels.0.base_kernel.kernels.1"": 0.0033488439967783497, ""kernels.1"": 0.8006010996163493}",8,8,24,24,24,archive,1,2
112,117.13762234148581,97.95343568019696,0.5012,local,-3.6554740492710183,-5.645579984627519,1.9901059353565005,0.08721881311348753,0.36720445537266216,archive,213,0,0.09551711926376986,0.009587462489599657,0.010359499964086648,0.0002371933827776533,0.27251374104214726,0.125109360545824,0.33382861408877723,0.6931481805599428,"{""kernels.0.base_kernel.kernels.0"": [0.33385871506998255, 0.3332127101074452, 0.33356021432913374, 0.3332723618439966, 0.3332838011197631, 0.3335461945982528, 0.3331142302946337, 0.3331613482888515, 0.3337985131075719, 0.33317454378692374, 0.3330856949646532, 0.33330897007667176, 0.3334119714989431, 0.33348245300341056, 0.3330817715056713, 0.3331034586916429, 0.33348795995498115, 0.33336905698067254], ""kernels.0.base_kernel.kernels.1.base_kernel"": [0.6931481805599428, 0.6931481805599428, 0.6931481805599428], ""kernels.1.base_kernel.kernels.0"": [0.5936739873091497, 0.5327440115586518, 0.6040355817013847, 0.125109360545824, 0.1348738109037022, 0.5958694007908123, 0.14571693017746729, 0.45153599894067104, 0.594376171315191, 0.3564020723342673, 0.4053414247935865, 0.21200239240263596, 0.613067120740635, 0.6451583949825372, 0.4780965386763262, 0.4295011219872898, 0.5196535709944585, 0.5903574668865713], ""kernels.1.base_kernel.kernels.1"": [0.6931481805599428, 0.6931481805599428, 0.6931481805599428]}","{""kernels.0"": 0.00046382306760869797, ""kernels.0.base_kernel.kernels.1"": 0.0033487172089586175, ""kernels.1"": 0.8137286828498744}",8,8,24,24,24,archive,0,3
113,372.57416115808957,97.95343568019696,0.4994,local,-4.24352078015819,-459.21940255890473,454.97588177874655,0.222424842657291,0.6945835644003232,archive,214,64,0.277976731067745,0.00959896438018096,0.010363803743622137,0.00023765308049255402,0.2787836628019997,0.1263320708492005,0.3338218136910529,0.6931481805599428,"{""kernels.0.base_kernel.kernels.0"": [0.33385259524290856, 0.3332069167019946, 0.3335198127976343, 0.333276465810947, 0.3332871872397409, 0.33353025409665604, 0.33311477327080175, 0.3331608109542424, 0.3337910321391972, 0.3331669484253735, 0.33308245582641416, 0.33331058202507824, 0.3334102529783587, 0.3334813078518227, 0.3330758678208354, 0.33309981189729193, 0.33348858276039445, 0.3333746905596148], ""kernels.0.base_kernel.kernels.1.base_kernel"": [0.6931481805599428, 0.6931481805599428, 0.6931481805599428], ""kernels.1.base_kernel.kernels.0"": [0.5902002968040765, 0.5328747840607245, 0.5819908452334406, 0.1263320708492005, 0.13187453189405213, 0.5911739666039804, 0.14567056461314745, 0.4512943215458554, 0.5900936625144101, 0.3501168209733276, 0.4055647214281439, 0.21191636166336816, 0.6129795976030293, 0.6451066872765704, 0.4773801656971438, 0.43140457735229554, 0.519890194639559, 0.5899461144437284], ""kernels.1.base_kernel.kernels.1"": [0.6931481805599428, 0.6931481805599428, 0.6931481805599428]}","{""kernels.0"": 0.0004636894032429102, ""kernels.0.base_kernel.kernels.1"": 0.003348711499463, ""kernels.1"": 0.8325385875032931}",8,8,24,24,24,archive,1,4
114,129.79033843138444,97.95343568019696,0.5004,local,-3.796332243288925,-437.8468014710622,434.05046922777325,0.14245985833787259,0.5802924534023707,archive,214,64,0.1525775089785917,0.009904386948844173,0.010631712688174873,0.00025039229706987206,0.27057812469551706,0.0847022010323323,0.3336434223886757,0.6931481805599428,"{""kernels.0.base_kernel.kernels.0"": [0.33373111371160763, 0.3331850004782461, 0.3330478087162363, 0.33326423297253754, 0.33338716857615247, 0.33335833065506026, 0.33308497714178803, 0.3330189055874163, 0.33387167575725685, 0.33299831331753593, 0.33307225070942215, 0.3332882177333766, 0.3335152894238586, 0.3335031320032514, 0.33311469786715936, 0.33305825923171317, 0.33350745727007414, 0.33355573106574377], ""kernels.0.base_kernel.kernels.1.base_kernel"": [0.6931481805599428, 0.6931481805599428, 0.6931481805599428], ""kernels.1.base_kernel.kernels.0"": [0.5791094831409358, 0.5241917005215306, 0.49775670353374296, 0.13517716831864662, 0.0847022010323323, 0.6059443631833258, 0.14619624343407317, 0.5151231394537048, 0.606555947293078, 0.31595663775653615, 0.3986890282657969, 0.22069816664284056, 0.6292498867839641, 0.6041875432621927, 0.556919737400563, 0.4260441140757106, 0.5252088673467215, 0.6055226359627185], ""kernels.1.base_kernel.kernels.1"": [0.6931481805599428, 0.6931481805599428, 0.6931481805599428]}","{""kernels.0"": 0.0004596878074882699, ""kernels.0.base_kernel.kernels.1"": 0.003348572912264853, ""kernels.1"": 0.807926113366798}",8,8,24,24,24,archive,0,5
115,115.41974434413828,97.95343568019696,0.4982,local,-4.2248033426047655,-130.86921668132007,126.64441333871531,0.11735246755010859,0.5574093709617535,archive,139,52,0.11464212358628821,0.009902707786501779,0.010624531266114259,0.0002506074476637864,0.27453886645908804,0.08474406861403586,0.33363102829216373,0.6931481805599428,"{""kernels.0.base_kernel.kernels.0"": [0.3337330854858096, 0.3331812950906492, 0.3330444825252887, 0.3332677851948439, 0.3333893219110698, 0.33334717003895914, 0.33308686823698275, 0.33301206015215923, 0.33385899936040103, 0.33299256813449013, 0.3330689056821795, 0.3332887060850747, 0.3335187512208664, 0.333488089996133, 0.33311005689394163, 0.33305912909039737, 0.3335096805260841, 0.33352897109851787], ""kernels.0.base_kernel.kernels.1.base_kernel"": [0.6931481805599428, 0.6931481805599428, 0.6931481805599428], ""kernels.1.base_kernel.kernels.0"": [0.5819115600641128, 0.525369760385167, 0.5006990968853013, 0.13490019094315947, 0.08474406861403586, 0.60279897831289, 0.14661212753432962, 0.5136982168415553, 0.6039301103090808, 0.3144448254558878, 0.39950779280561166, 0.2198781795198582, 0.6304914511112624, 0.5940898762411906, 0.5530100675734815, 0.42917000000870037, 0.5266448414303886, 0.5826839180245535], ""kernels.1.base_kernel.kernels.1"": [0.6931481805599428, 0.6931481805599428, 0.6931481805599428]}","{""kernels.0"": 0.0004595333481428664, ""kernels.0.base_kernel.kernels.1"": 0.003348564999629873, ""kernels.1"": 0.8198085010294913}",8,8,24,24,24,archive,0,6
116,869.0182003942919,97.95343568019696,0.5004,local,-4.40014319568798,-444.27297606962657,439.8728328739386,0.30126941282508557,1.049060943431238,archive,214,66,0.3830062765267765,0.00983224543843581,0.010556852718894344,0.0002476695856066877,0.2705642212595714,0.08485071656567492,0.3336289251159623,0.6931481805599428,"{""kernels.0.base_kernel.kernels.0"": [0.33373465773506034, 0.3331809775031363, 0.3330438549504393, 0.3332692606636815, 0.33339019811463666, 0.33334393413636354, 0.33308767934008404, 0.333008194694498, 0.3338566360968539, 0.33299212821733265, 0.333066576290754, 0.33328936296980627, 0.33351913781050974, 0.3334851402776576, 0.33310971891207664, 0.3330596999564758, 0.33351004282653607, 0.3335231924968643], ""kernels.0.base_kernel.kernels.1.base_kernel"": [0.6931481805599428, 0.6931481805599428, 0.6931481805599428], ""kernels.1.base_kernel.kernels.0"": [0.5833851081140352, 0.5261878856593025, 0.5018733418911261, 0.1355619797644958, 0.08485071656567492, 0.6024186386403882, 0.1472474435370598, 0.5138295079706111, 0.6041448285414632, 0.3143985717298647, 0.39943163754658856, 0.22063786882865297, 0.6308921883702505, 0.5931027721325611, 0.5522526949626476, 0.4299820544453032, 0.5268663777488436, 0.5790753486201239], ""kernels.1.base_kernel.kernels.1"": [0.6931481805599428, 0.6931481805599428, 0.6931481805599428]}","{""kernels.0"": 0.0004594818971976327, ""kernels.0.base_kernel.kernels.1"": 0.003348562723222074, ""kernels.1"": 0.8078846191582946}",8,8,24,24,24,archive,0,7
117,2123.2344671451665,97.95343568019696,0.4982,local,-4.100976356543393,-102.74855933412827,98.64758297758488,0.1443306053425066,0.44986729998794867,archive,210,51,0.17037369374156888,0.00996561473771244,0.010702615913795545,0.0002506040854477383,0.2733387557221295,0.09081843321430322,0.33363113144029966,0.6931481805599428,"{""kernels.0.base_kernel.kernels.0"": [0.3337501105527133, 0.3332296131089434, 0.3330513529229168, 0.3332967899511776, 0.33339775162754487, 0.3333297099547537, 0.33310682937377645, 0.332723406881103, 0.3336829521645489, 0.33299170751306945, 0.3330975454699885, 0.33328638894747126, 0.33357931071605046, 0.3335115542772998, 0.3331746422288419, 0.33307058111954035, 0.33350584417172174, 0.3334305358862008], ""kernels.0.base_kernel.kernels.1.base_kernel"": [0.6931481805599428, 0.6931481805599428, 0.6931481805599428], ""kernels.1.base_kernel.kernels.0"": [0.5849886180001828, 0.5587109808593207, 0.4807422481015427, 0.14788193351068224, 0.09081843321430322, 0.5692320793384739, 0.13677461113981643, 0.24119480919320782, 0.5915405455475017, 0.3438004596121248, 0.43724849520211073, 0.22120191544057585, 0.6397232067816252, 0.630134277631466, 0.5422499626578984, 0.45636402074515475, 0.5228628545128805, 0.5383094704213283], ""kernels.1.base_kernel.kernels.1"": [0.6931481805599428, 0.6931481805599428, 0.6931481805599428]}","{""kernels.0"": 0.00045831242855824764, ""kernels.0.base_kernel.kernels.1"": 0.003348499118041044, ""kernels.1"": 0.8162094556197892}",8,8,24,24,24,archive,1,8
118,123.18734812504528,97.95343568019696,0.5,local,-2.5203561992071064,-5.656567619105868,3.1362114198987614,0.08982497881457817,0.45401784140755885,archive,213,0,0.16008547650398522,0.010548767101541802,0.011405001370754654,0.00027140234406359995,0.285794983128229,0.07984459953078415,0.3335726501668332,0.6931481805599428,"{""kernels.0.base_kernel.kernels.0"": [0.3337084639994155, 0.3332802421090292, 0.33311176736517784, 0.33322018099630096, 0.3333248684977994, 0.3335446079895329, 0.3332533254409092, 0.33296781163442096, 0.33369381709399343, 0.3331717842629836, 0.33366694217208054, 0.33324073712239716, 0.3336006923441335, 0.3332557496171241, 0.33305451388650764, 0.3333182611038306, 0.3334709165626037, 0.3333572555066266], ""kernels.0.base_kernel.kernels.1.base_kernel"": [0.6931481805599428, 0.6931481805599428, 0.6931481805599428], ""kernels.1.base_kernel.kernels.0"": [0.5227995411032151, 0.5708474525766901, 0.48948331417759494, 0.17738187759729282, 0.20975584252840818, 0.4528643914081024, 0.1402266334902026, 0.24803274297625283, 0.5779205621379393, 0.438462222496605, 0.5477464850788397, 0.400876091817918, 0.5604665857504383, 0.07984459953078415, 0.30991067352100793, 0.44852984270103097, 0.46832902933009574, 0.15504824611782425], ""kernels.1.base_kernel.kernels.1"": [0.6931481805599428, 0.6931481805599428, 0.6931481805599428]}","{""kernels.0"": 0.00045293389629964093, ""kernels.0.base_kernel.kernels.1"": 0.003348160739788187, ""kernels.1"": 0.8535838547485992}",8,8,24,24,24,archive,1,9
119,276.46008313411187,97.95343568019696,0.499,local,-2.5764678876454807,-380.89866671414285,378.32219882649736,0.3551916824706418,1.320505761827953,archive,214,67,0.4641566650363422,0.010584858305344948,0.011433133860577597,0.0002732024047457886,0.29082062711216194,0.07982068912041607,0.33357031248887936,0.6931481805599428,"{""kernels.0.base_kernel.kernels.0"": [0.33370928096464975, 0.3332800484156613, 0.3331123267390446, 0.33322133592915076, 0.3333224005687104, 0.33354162774840995, 0.33325236571756467, 0.33296863621194667, 0.33369538737154236, 0.333167410028421, 0.3336626846846132, 0.3332405674066141, 0.3335989972293488, 0.33325328157640083, 0.3330565297033708, 0.33331832197177774, 0.33347103632088354, 0.3333601764167424], ""kernels.0.base_kernel.kernels.1.base_kernel"": [0.6931481805599428, 0.6931481805599428, 0.6931481805599428], ""kernels.1.base_kernel.kernels.0"": [0.5229822352317485, 0.5696704766072143, 0.49006047227562044, 0.17672793379065144, 0.20981148565130564, 0.4510080545247244, 0.13944140584488346, 0.24840725997416582, 0.5784072682902149, 0.4351930376152336, 0.5468888046293648, 0.4000742940526835, 0.5596870429850888, 0.07982068912041607, 0.3096890489279137, 0.4482090899313568, 0.467855632332468, 0.1524876868473542], ""kernels.1.base_kernel.kernels.1"": [0.6931481805599428, 0.6931481805599428, 0.6931481805599428]}","{""kernels.0"": 0.0004528547564213449, ""kernels.0.base_kernel.kernels.1"": 0.003348156307656274, ""kernels.1"": 0.8686608702724082}",8,8,24,24,24,archive,0,10
120,135.2328812360533,97.95343568019696,0.5004,local,-2.4462625894446193,-409.6176758567986,407.17141326735396,0.11816705121194743,0.563644460304607,archive,214,67,0.1523337268473465,0.010142929678605896,0.011010270440511097,0.0002542117097335332,0.28367834340174586,0.050793295411591145,0.3334451970686598,0.6931481805599428,"{""kernels.0.base_kernel.kernels.0"": [0.33393124081716163, 0.3334024223945204, 0.33316165051418845, 0.33320047276895776, 0.33313392374827233, 0.33337582312023, 0.3332046358219806, 0.3329776998524301, 0.3339642059596068, 0.33297695606199335, 0.33340681201170297, 0.33329421231711953, 0.3336104600539414, 0.33312379517145585, 0.3332051407612846, 0.3333097698384036, 0.3334326997697265, 0.3334576943675931], ""kernels.0.base_kernel.kernels.1.base_kernel"": [0.6931481805599428, 0.6931481805599428, 0.6931481805599428], ""kernels.1.base_kernel.kernels.0"": [0.5856389971667725, 0.549322338939922, 0.5026071904660342, 0.15217390846734635, 0.37634149242097, 0.5628712470793485, 0.2672063603059698, 0.252660852218341, 0.6296125808020178, 0.2628290025753953, 0.5084519339438249, 0.417962334075795, 0.5430884971237075, 0.17522900543302142, 0.26230540710293715, 0.38313751469997354, 0.4572146541555742, 0.050793295411591145], ""kernels.1.base_kernel.kernels.1"": [0.6931481805599428, 0.6931481805599428, 0.6931481805599428]}","{""kernels.0"": 0.0004337178482334412, ""kernels.0.base_kernel.kernels.1"": 0.0033471145790079006, ""kernels.1"": 0.8472541977779962}",8,8,24,24,24,archive,0,11
121,145.83673479399567,97.95343568019696,0.5012,local,-2.9905841873916135,-421.63846434655756,418.64788015916594,0.30344214003405384,1.236212279937811,archive,135,69,0.4215007074030989,0.01023295477409838,0.011080293104166932,0.0002581081238980926,0.29591163357909345,0.05079299781506909,0.333443513824098,0.6931481805599428,"{""kernels.0.base_kernel.kernels.0"": [0.3339296320122289, 0.3333999307037334, 0.3331550221290702, 0.33320269043893214, 0.33313889669297675, 0.3333798742787953, 0.3332075032709449, 0.33297824139072374, 0.33396418761742824, 0.3329858769260146, 0.33341190830125106, 0.3332947717847095, 0.33360929837809633, 0.3331173674233479, 0.3332033681941888, 0.33330754864746975, 0.33343458998625586, 0.33345243766194016], ""kernels.0.base_kernel.kernels.1.base_kernel"": [0.6931481805599428, 0.6931481805599428, 0.6931481805599428], ""kernels.1.base_kernel.kernels.0"": [0.58295625946147, 0.5475408869925027, 0.5002776207849249, 0.1524268956133778, 0.37705879188901825, 0.5540255914735416, 0.2663476747390302, 0.24911227205312667, 0.6295675545608755, 0.26354604454421515, 0.5057833371115066, 0.41527535975667024, 0.5396468551186471, 0.1672945585069387, 0.26114419306269215, 0.3845752984280432, 0.4570593858995648, 0.05079299781506909], ""kernels.1.base_kernel.kernels.1"": [0.6931481805599428, 0.6931481805599428, 0.6931481805599428]}","{""kernels.0"": 0.00043362359899689506, ""kernels.0.base_kernel.kernels.1"": 0.0033471088413700913, ""kernels.1"": 0.8839541682969133}",8,8,24,24,24,archive,0,12
122,131.17288570133402,97.95343568019696,0.5002,local,-2.9928658752137904,-222.17865076661582,219.18578489140202,0.05960449333751318,0.6983121383122027,archive,222,61,0.10271797405233996,0.01026909295493644,0.011193802838649864,0.0002642620215760774,0.2794745463034895,0.050828234685965194,0.3335663958805649,0.6931481805599428,"{""kernels.0.base_kernel.kernels.0"": [0.3338739555462962, 0.33330819753851654, 0.3330327808667565, 0.33322265245752636, 0.33322159857506994, 0.3335566895491969, 0.33327830951326687, 0.33303322309959615, 0.3339365294827774, 0.33316960394271183, 0.3336003719843313, 0.33332399707401433, 0.33357610221193296, 0.3331769924073048, 0.3331715592963239, 0.33325315477941403, 0.3334928042209912, 0.3333427914917706], ""kernels.0.base_kernel.kernels.1.base_kernel"": [0.6931481805599428, 0.6931481805599428, 0.6931481805599428], ""kernels.1.base_kernel.kernels.0"": [0.5622865503949664, 0.5602926500740073, 0.5061487324840515, 0.17462962585093628, 0.3320553590896698, 0.48377567840286323, 0.45157135921277186, 0.22822763347845673, 0.6217785888484643, 0.28217966425269914, 0.49781964968335946, 0.4214066485728985, 0.461228285649163, 0.09245566185593959, 0.287093993504385, 0.3734686023308873, 0.42936368870561586, 0.050828234685965194], ""kernels.1.base_kernel.kernels.1"": [0.6931481805599428, 0.6931481805599428, 0.6931481805599428]}","{""kernels.0"": 0.0004285781911187156, ""kernels.0.base_kernel.kernels.1"": 0.003346819852842175, ""kernels.1"": 0.8346482408665077}",8,8,24,24,24,archive,0,13
123,1703.8855573268997,97.95343568019696,0.4966,local,-3.3305244554862306,-386.7410482585435,383.4105238030573,0.3909764866146137,1.310647039563292,archive,214,68,0.44630787310974857,0.010528516703184897,0.011342327752276282,0.00027195990968201375,0.2719616956483422,0.050837681394723444,0.33344924718403035,0.6931481805599428,"{""kernels.0.base_kernel.kernels.0"": [0.3338401209363621, 0.3333308678035028, 0.3330315045290159, 0.33322755156505135, 0.3331976635263326, 0.3334289633721002, 0.33318137678524307, 0.33303108709548734, 0.33390400208731147, 0.3331550076649727, 0.3336038412735696, 0.33330814369330597, 0.33349657286052803, 0.3332197839000118, 0.33310240775906486, 0.3332805970582954, 0.33346953099596044, 0.33335315694829226], ""kernels.0.base_kernel.kernels.1.base_kernel"": [0.6931481805599428, 0.6931481805599428, 0.6931481805599428], ""kernels.1.base_kernel.kernels.0"": [0.5387815669174141, 0.5341479620269532, 0.5121629914403532, 0.17925072030333947, 0.3003829744053992, 0.3812532560619489, 0.3067945870731056, 0.22738392176717295, 0.6168484867001539, 0.25980965615167273, 0.5080691853674197, 0.40111664748127296, 0.420618343608926, 0.10634403848084689, 0.21798564241707563, 0.42211179625985645, 0.428371089690125, 0.050837681394723444], ""kernels.1.base_kernel.kernels.1"": [0.6931481805599428, 0.6931481805599428, 0.6931481805599428]}","{""kernels.0"": 0.00042786872738134545, ""kernels.0.base_kernel.kernels.1"": 0.003346760468898958, ""kernels.1"": 0.8121104577487464}",8,8,24,24,24,archive,0,14
124,3373.595839397493,97.95343568019696,0.5014,local,-3.421946156726287,-158.8227521507764,155.40080599405013,0.25453926317478354,1.2216408722060574,archive,138,58,0.39075623731466935,0.011584613799068392,0.012360324637999656,0.00031177202428420186,0.26234716762351784,0.050847353212601525,0.3333641228809247,0.6931481805599428,"{""kernels.0.base_kernel.kernels.0"": [0.3336878654890347, 0.3333008820355977, 0.3330784990125264, 0.3331567965856315, 0.33323030029738027, 0.3333557996742707, 0.33315298651745984, 0.333049642108284, 0.33384177323992864, 0.3332126351009934, 0.3335704176915061, 0.33333815163957514, 0.33350634756371, 0.33323830569433044, 0.333114912310138, 0.33332004018018907, 0.3333704004850941, 0.3333578452767553], ""kernels.0.base_kernel.kernels.1.base_kernel"": [0.6931481805599428, 0.6931481805599428, 0.6931481805599428], ""kernels.1.base_kernel.kernels.0"": [0.4323832778887444, 0.49726956978890313, 0.5246637196081803, 0.11381566078596833, 0.3297780444122411, 0.3375040675662393, 0.2065988315328609, 0.197690969801144, 0.5715102532405231, 0.3331650443337136, 0.5241063905385082, 0.4408419420935663, 0.5010142314839305, 0.12126715250217786, 0.20229598629873355, 0.4282749692623026, 0.37805270719139017, 0.050847353212601525], ""kernels.1.base_kernel.kernels.1"": [0.6931481805599428, 0.6931481805599428, 0.6931481805599428]}","{""kernels.0"": 0.0004270922052238428, ""kernels.0.base_kernel.kernels.1"": 0.0033467034836493783, ""kernels.1"": 0.7832677071816803}",8,8,24,24,24,archive,0,15
125,146.38517616127058,97.95343568019696,0.5004,local,-1.9476400874133002,-304.360953779569,302.4133136921557,0.16185886995774487,1.2386086776744463,archive,214,68,0.46113238579585364,0.011999546222035822,0.012831711082777386,0.00031592961150669647,0.28383772036832605,0.05092315419620521,0.3333428715866218,0.6931481805599428,"{""kernels.0.base_kernel.kernels.0"": [0.3332571131662702, 0.33324281413153817, 0.3331619730022241, 0.3331258123596016, 0.3332704407940583, 0.33327671724770963, 0.3332399050546514, 0.33315870303997197, 0.3333613925618153, 0.33337798168529936, 0.33337530442966046, 0.33300686574558747, 0.33359719208881417, 0.33315618650311424, 0.3332524945266689, 0.33341474220988293, 0.33332435061142834, 0.3333238485415012], ""kernels.0.base_kernel.kernels.1.base_kernel"": [0.6931481805599428, 0.6931481805599428, 0.6931481805599428], ""kernels.1.base_kernel.kernels.0"": [0.4897852789738014, 0.500975515761577, 0.38840881192277055, 0.2158329575028058, 0.266800046629839, 0.16263086670471144, 0.11596729058429872, 0.22488480786654902, 0.5529348801516734, 0.5496519729895071, 0.5200228889346005, 0.14480720456493543, 0.5797215562145409, 0.1458327035312188, 0.3597972249363819, 0.5425942630973759, 0.42685125583680644, 0.05092315419620521], ""kernels.1.base_kernel.kernels.1"": [0.6931481805599428, 0.6931481805599428, 0.6931481805599428]}","{""kernels.0"": 0.0004240252438027291, ""kernels.0.base_kernel.kernels.1"": 0.00334639811221266, ""kernels.1"": 0.8477427377489627}",8,8,24,24,24,archive,0,16
126,158.28112504499404,97.95343568019696,0.499,local,-2.7353968455039706,-305.5467420387684,302.8113451932644,0.17791198896635393,1.2971451168480472,archive,214,68,0.3782977107715017,0.011978483408050907,0.012805571945302135,0.0003156262761684919,0.2833239388618915,0.050926149294773765,0.3333439766308811,0.6931481805599428,"{""kernels.0.base_kernel.kernels.0"": [0.3332568808407654, 0.33324247643107463, 0.3331600111721919, 0.3331258957673543, 0.33327075715680793, 0.33327653479680625, 0.33323990625747957, 0.33315774761151257, 0.33336262533864364, 0.3333787860622925, 0.33337486810046746, 0.3330073547919979, 0.3336001854953121, 0.3331543280193433, 0.33325082844771636, 0.33341655790141217, 0.3333246029461195, 0.3333253279231186], ""kernels.0.base_kernel.kernels.1.base_kernel"": [0.6931481805599428, 0.6931481805599428, 0.6931481805599428], ""kernels.1.base_kernel.kernels.0"": [0.48943977520760695, 0.5017863721917597, 0.3868506927524367, 0.21638475865918122, 0.2659439560757947, 0.16170783699309565, 0.11591058726507819, 0.22482201804962515, 0.5483637086561189, 0.5459681514030186, 0.5168095439960538, 0.14409414564759648, 0.5777468239517656, 0.1466383894603136, 0.3594482297303375, 0.5398651581655336, 0.4279222491449591, 0.050926149294773765], ""kernels.1.base_kernel.kernels.1"": [0.6931481805599428, 0.6931481805599428, 0.6931481805599428]}","{""kernels.0"": 0.0004239241539551145, ""kernels.0.base_kernel.kernels.1"": 0.0033463898313164583, ""kernels.1"": 0.8462015026004029}",8,8,24,24,24,archive,0,17
127,167.33212542058243,97.95343568019696,0.4984,local,-2.7566706002835426,-172.91391430422814,170.1572437039446,0.28035885814393224,1.2217443254674534,archive,222,61,0.44586987567320346,0.011960104592821047,0.012786092532285688,0.0003158019281784231,0.28332393902861014,0.0509261492976582,0.33334397663237103,0.6931481805599428,"{""kernels.0.base_kernel.kernels.0"": [0.3332568808409046, 0.3332424764309658, 0.3331600111704875, 0.33312589576742746, 0.33327075715720117, 0.33327653479674657, 0.33323990625731204, 0.3331577476110946, 0.33336262534002825, 0.3333787860632951, 0.3333748680995392, 0.33300735479091187, 0.3336001854988143, 0.33315432801760186, 0.33325082844611664, 0.33341655790264113, 0.3333246029464609, 0.3333253279247138], ""kernels.0.base_kernel.kernels.1.base_kernel"": [0.6931481805599428, 0.6931481805599428, 0.6931481805599428], ""kernels.1.base_kernel.kernels.0"": [0.4894397748915204, 0.5017863727850719, 0.38685069122693744, 0.21638475915116323, 0.26594395542143096, 0.1617078370774469, 0.11591058727736278, 0.22482201793931367, 0.5483637048960469, 0.5459681483345465, 0.5168095408311816, 0.14409414351420502, 0.5777468226151657, 0.1466383903354102, 0.3594482294145523, 0.5398651558819583, 0.42792225016199087, 0.0509261492976582], ""kernels.1.base_kernel.kernels.1"": [0.6931481805599428, 0.6931481805599428, 0.6931481805599428]}","{""kernels.0"": 0.00042392415386281507, ""kernels.0.base_kernel.kernels.1"": 0.003346389831308803, ""kernels.1"": 0.8462015031006589}",8,8,24,24,24,archive,0,18
128,131.10341845876147,97.95343568019696,0.5026,local,-2.9208086411488203,-304.68484749301825,301.76403885186943,0.16763423222046253,0.7919890652907213,archive,214,68,0.3148526739376496,0.012001428210125956,0.012824165921172553,0.00031890037276514953,0.284203332932586,0.050932499685420185,0.33334680755997537,0.6931481805599428,"{""kernels.0.base_kernel.kernels.0"": [0.33325653265574134, 0.3332409800545017, 0.3331559659709977, 0.33312577939329924, 0.33327155889676424, 0.33327639549902455, 0.33323953549241003, 0.3331563487334672, 0.3333649210680734, 0.3333808424232051, 0.33337304993693934, 0.3330055595199283, 0.3336078690162944, 0.33314996414162945, 0.3332471076477191, 0.33341867875237086, 0.333325358294051, 0.3333286940518773], ""kernels.0.base_kernel.kernels.1.base_kernel"": [0.6931481805599428, 0.6931481805599428, 0.6931481805599428], ""kernels.1.base_kernel.kernels.0"": [0.4881483527970058, 0.5024381358109302, 0.3831761694004913, 0.21712360980552933, 0.26407808424178103, 0.15980614520141223, 0.11583686162833255, 0.22416267711747434, 0.5395904300458997, 0.5389487150188942, 0.5097713023665392, 0.14015073015573884, 0.574215589522896, 0.14830051498694058, 0.3583727229039424, 0.5344504794207078, 0.4299856831104188, 0.050932499685420185], ""kernels.1.base_kernel.kernels.1"": [0.6931481805599428, 0.6931481805599428, 0.6931481805599428]}","{""kernels.0"": 0.0004237188506759641, ""kernels.0.base_kernel.kernels.1"": 0.0033463726859962396, ""kernels.1"": 0.8488399072610858}",8,8,24,24,24,archive,0,19
129,244.6439520325558,97.95343568019696,0.4996,local,-3.2746598236265076,-245.28227625205562,242.00761642842912,0.2195441099148353,1.1569353596619498,archive,131,65,0.4990240517346806,0.011927544743120844,0.012751486449592064,0.0003160197427801032,0.27922972016101333,0.05093800690534312,0.33334868737269513,0.6931481805599428,"{""kernels.0.base_kernel.kernels.0"": [0.3332561031035769, 0.3332396872642703, 0.3331531445972636, 0.3331251612425797, 0.33327223823224345, 0.3332769594197253, 0.33323920900136456, 0.3331554484020102, 0.33336633935578114, 0.33338208359877686, 0.33337356296870607, 0.3330051829444641, 0.3336141510364119, 0.3331457775322123, 0.3332441233987694, 0.33342053128296706, 0.3333259186199408, 0.3333310353896091], ""kernels.0.base_kernel.kernels.1.base_kernel"": [0.6931481805599428, 0.6931481805599428, 0.6931481805599428], ""kernels.1.base_kernel.kernels.0"": [0.4873384393090828, 0.5030984018323483, 0.38037065162612893, 0.21778443933257083, 0.26297490414291796, 0.16000909490861084, 0.11603105956032347, 0.22453676576342685, 0.5345844396544988, 0.5346653541235917, 0.5075121318927216, 0.13888359563959177, 0.573184063659032, 0.14948122048091386, 0.3581279244533204, 0.5316365188335237, 0.43170379313401364, 0.05093800690534312], ""kernels.1.base_kernel.kernels.1"": [0.6931481805599428, 0.6931481805599428, 0.6931481805599428]}","{""kernels.0"": 0.00042354189779854643, ""kernels.0.base_kernel.kernels.1"": 0.003346358454337655, ""kernels.1"": 0.8339192601309038}",8,8,24,24,24,archive,1,20
130,154.70045910805695,97.95343568019696,0.5004,local,-3.368271877630418,-308.9352916126544,305.56701973502396,0.17223916639219095,1.1632969475008903,archive,214,69,0.40941269203995895,0.011909995238181316,0.012733729351254249,0.00031645333026994867,0.27922972921485756,0.050938006910719154,0.33334868737431644,0.6931481805599428,"{""kernels.0.base_kernel.kernels.0"": [0.3332561031030999, 0.3332396872629686, 0.3331531445933518, 0.33312516124069486, 0.33327223823235486, 0.3332769594199477, 0.3332392089999571, 0.3331554483998801, 0.3333663393568111, 0.3333820835992698, 0.3333735629678658, 0.3330051829432768, 0.3336141510420114, 0.33314577752731744, 0.33324412339295334, 0.33342053128311705, 0.33332591862041505, 0.33333103539182174], ""kernels.0.base_kernel.kernels.1.base_kernel"": [0.6931481805599428, 0.6931481805599428, 0.6931481805599428], ""kernels.1.base_kernel.kernels.0"": [0.4873384368673505, 0.5030984021889966, 0.38037064735402454, 0.2177844371748886, 0.262974902149685, 0.16000909290449428, 0.11603105891581163, 0.22453676435885325, 0.5345844340965924, 0.5346653490758777, 0.5075121285017372, 0.13888359405348638, 0.5731840619233473, 0.14948122142671455, 0.3581279236934326, 0.5316365150933265, 0.43170379374476126, 0.050938006910719154], ""kernels.1.base_kernel.kernels.1"": [0.6931481805599428, 0.6931481805599428, 0.6931481805599428]}","{""kernels.0"": 0.0004235418976263944, ""kernels.0.base_kernel.kernels.1"": 0.0033463584543225104, ""kernels.1"": 0.8339192872926238}",8,8,24,24,24,archive,0,21
131,148.83913324007403,97.95343568019696,0.4994,local,-3.3728400264702976,-75.63128242457779,72.25844239810749,0.18863198067032103,1.3517038670503871,archive,210,51,0.45626702610438646,0.011891211706615269,0.012713901352781595,0.00031654104383557774,0.27922973448957594,0.050938006914274185,0.33334868737528917,0.6931481805599428,"{""kernels.0.base_kernel.kernels.0"": [0.3332561031028014, 0.3332396872628482, 0.3331531445907867, 0.3331251612395272, 0.3332722382324059, 0.33327695942019125, 0.3332392089990762, 0.33315544839836114, 0.333366339357353, 0.3333820835995255, 0.3333735629673348, 0.3330051829423359, 0.33361415104555214, 0.3331457775240049, 0.3332441233890708, 0.33342053128317706, 0.33332591862066774, 0.33333103539322534], ""kernels.0.base_kernel.kernels.1.base_kernel"": [0.6931481805599428, 0.6931481805599428, 0.6931481805599428], ""kernels.1.base_kernel.kernels.0"": [0.48733843529103243, 0.5030984033677111, 0.38037064445768864, 0.21778443575929943, 0.26297490080211555, 0.160009091769929, 0.11603105871717175, 0.22453676326785532, 0.534584430487987, 0.5346653458290966, 0.5075121263316693, 0.13888359304169318, 0.5731840608468098, 0.14948122198105604, 0.3581279231329778, 0.531636512653337, 0.43170379412410675, 0.050938006914274185], ""kernels.1.base_kernel.kernels.1"": [0.6931481805599428, 0.6931481805599428, 0.6931481805599428]}","{""kernels.0"": 0.0004235418975155066, ""kernels.0.base_kernel.kernels.1"": 0.0033463584543128315, ""kernels.1"": 0.8339193031168994}",8,8,24,24,24,archive,0,22
132,117.70387306582316,97.95343568019696,0.4996,local,-3.4133415558964586,-5.52898448803348,2.115642932137021,0.09801611532012654,0.36133307360906103,archive,213,0,0.1213011577205603,0.011874322493621806,0.012695894519453538,0.00031665448457184156,0.2792297387097547,0.05093800691776645,0.3333486873760739,0.6931481805599428,"{""kernels.0.base_kernel.kernels.0"": [0.33325610310235465, 0.3332396872627953, 0.33315314458832945, 0.3331251612384313, 0.33327223823239494, 0.3332769594206815, 0.33323920899827464, 0.3331554483968009, 0.33336633935764126, 0.3333820835997046, 0.3333735629668667, 0.33300518294142634, 0.33361415104878045, 0.333145777520748, 0.3332441233854039, 0.33342053128311444, 0.3333259186208834, 0.3333310353945066], ""kernels.0.base_kernel.kernels.1.base_kernel"": [0.6931481805599428, 0.6931481805599428, 0.6931481805599428], ""kernels.1.base_kernel.kernels.0"": [0.4873384338074373, 0.5030984044836221, 0.3803706416776586, 0.2177844343763055, 0.26297489948622843, 0.16000909101266209, 0.11603105853903727, 0.22453676215996846, 0.5345844271273799, 0.5346653428262411, 0.5075121243464014, 0.1388835922123981, 0.5731840598804713, 0.1494812224185913, 0.3581279225088049, 0.5316365104022863, 0.4317037944572131, 0.05093800691776645], ""kernels.1.base_kernel.kernels.1"": [0.6931481805599428, 0.6931481805599428, 0.6931481805599428]}","{""kernels.0"": 0.0004235418974151079, ""kernels.0.base_kernel.kernels.1"": 0.0033463584543040248, ""kernels.1"": 0.8339193157775451}",8,8,24,24,24,archive,0,23
133,293.8567219955631,97.95343568019696,0.4994,local,-3.377008178558599,-5.524657361392042,2.147649182833443,0.16235355412933283,0.6614384669782979,archive,213,0,0.21462915182534867,0.011908671879378455,0.01272700012868788,0.00031861470931354697,0.2817195066817222,0.0509394782590979,0.3333485037784059,0.6931481805599428,"{""kernels.0.base_kernel.kernels.0"": [0.33325511666081425, 0.3332395647748388, 0.3331519038803822, 0.3331247005141242, 0.3332718376925706, 0.3332779013738709, 0.3332389978708572, 0.3331548380362128, 0.33336522397236157, 0.33338155010377807, 0.333369189719516, 0.3330045725557258, 0.3336161565054399, 0.333144050305315, 0.333241033790858, 0.333418581932764, 0.3333259937918197, 0.33333178358445026], ""kernels.0.base_kernel.kernels.1.base_kernel"": [0.6931481805599428, 0.6931481805599428, 0.6931481805599428], ""kernels.1.base_kernel.kernels.0"": [0.48610400191911174, 0.503414994414641, 0.3787654096243887, 0.21725203299944562, 0.2620661413711629, 0.1598259661347357, 0.11610950439289702, 0.22426716879272326, 0.5324976119109088, 0.5330100617045896, 0.5042488283685048, 0.13854881313088996, 0.5730890292793583, 0.14967140485800481, 0.35696103718087385, 0.5291932845144549, 0.43187450965769314, 0.0509394782590979], ""kernels.1.base_kernel.kernels.1"": [0.6931481805599428, 0.6931481805599428, 0.6931481805599428]}","{""kernels.0"": 0.00042350832139388, ""kernels.0.base_kernel.kernels.1"": 0.0033463549240139467, ""kernels.1"": 0.8413886567997587}",8,8,24,24,24,archive,0,24
134,147.20417018263268,97.95343568019696,0.499,local,-2.8210030404245456,-267.2393590049848,264.41835596456025,0.15928752225923742,0.6477356874417437,archive,232,68,0.2876611382971879,0.012214471806782892,0.01290735078449761,0.00032883198127112655,0.29181310892404616,0.05107552370405197,0.33326316274620216,0.6931481805599428,"{""kernels.0.base_kernel.kernels.0"": [0.3332721972274624, 0.3332071669193932, 0.33319326113896186, 0.3331081314337919, 0.3332928323836035, 0.33328956173816, 0.3332576753162428, 0.333203901492686, 0.3333602737938247, 0.33327543719642655, 0.3332844679687372, 0.3329951805709697, 0.3333755754511563, 0.3331016980529063, 0.33324837765510695, 0.33324989435364377, 0.33326865017616153, 0.3333410885696951], ""kernels.0.base_kernel.kernels.1.base_kernel"": [0.6931481805599428, 0.6931481805599428, 0.6931481805599428], ""kernels.1.base_kernel.kernels.0"": [0.45060947850738353, 0.4776063912213881, 0.3749481061752323, 0.23244298462401863, 0.265428225894635, 0.1978594015288235, 0.14006867594689765, 0.2824385983250689, 0.4947867219552097, 0.45180120997904943, 0.475075178474797, 0.1445109034415465, 0.29210681684477047, 0.14221263244750915, 0.22309372172177003, 0.25757656081458213, 0.31171153157165105, 0.05107552370405197], ""kernels.1.base_kernel.kernels.1"": [0.6931481805599428, 0.6931481805599428, 0.6931481805599428]}","{""kernels.0"": 0.0004213334485841403, ""kernels.0.base_kernel.kernels.1"": 0.0033460373882376686, ""kernels.1"": 0.8716719559353168}",8,8,24,24,24,archive,0,25
135,119.14122873060495,97.95343568019696,0.4988,local,-3.294864221554617,-5.407031640449672,2.112167418895055,0.08521130167869087,0.45413157683668104,archive,213,0,0.11961412657265665,0.012215613465494803,0.01290587964635918,0.00032976379250853813,0.2930412484059775,0.05107877756925593,0.33326333670193325,0.6931481805599428,"{""kernels.0.base_kernel.kernels.0"": [0.3332722500841001, 0.3332068212558739, 0.3331940675080827, 0.3331079794312664, 0.3332929933560576, 0.3332893041668835, 0.33325784401885844, 0.3332034352383971, 0.3333605578291991, 0.33327476596953426, 0.33328717692368315, 0.3329953131468838, 0.3333762299567421, 0.33310265420010887, 0.33324725147179174, 0.3332497010542102, 0.33326882938500807, 0.33334111071512673], ""kernels.0.base_kernel.kernels.1.base_kernel"": [0.6931481805599428, 0.6931481805599428, 0.6931481805599428], ""kernels.1.base_kernel.kernels.0"": [0.4503128794494352, 0.4770372612063179, 0.37641573995760697, 0.23245790256444113, 0.26550338792648737, 0.1984007803528421, 0.13977663004679716, 0.28204625164855834, 0.49293291246590676, 0.44981567779147824, 0.47520923534413184, 0.14475497623335934, 0.29121637450357385, 0.14196779378169155, 0.2215194566987712, 0.2567825261102983, 0.3109696428592978, 0.05107877756925593], ""kernels.1.base_kernel.kernels.1"": [0.6931481805599428, 0.6931481805599428, 0.6931481805599428]}","{""kernels.0"": 0.00042127668506894173, ""kernels.0.base_kernel.kernels.1"": 0.0033460307962658734, ""kernels.1"": 0.8753564377365977}",8,8,24,24,24,archive,1,26
136,844.4087342648315,97.95343568019696,0.5012,local,-3.361998553511551,-266.345143440197,262.9831448866854,0.15587133320095595,1.2326417299829193,archive,232,69,0.4067573247190116,0.012239248192259702,0.012937578329354226,0.00033184818996501484,0.2930412591556051,0.05107877759362823,0.33326333670243913,0.6931481805599428,"{""kernels.0.base_kernel.kernels.0"": [0.33327225007734573, 0.33320682125265483, 0.3331940675223656, 0.33310797942875053, 0.3332929933552147, 0.33328930416282554, 0.3332578440199324, 0.33320343523930657, 0.33336055783596996, 0.3332747659521933, 0.3332871769525764, 0.3329953131501276, 0.3333762299531153, 0.3331026542117515, 0.3332472514557249, 0.3332497010500887, 0.3332688293849458, 0.3333411107156688], ""kernels.0.base_kernel.kernels.1.base_kernel"": [0.6931481805599428, 0.6931481805599428, 0.6931481805599428], ""kernels.1.base_kernel.kernels.0"": [0.4503128745156654, 0.47703725158467325, 0.3764157584577148, 0.23245790366431904, 0.26550338545014196, 0.19840077761760094, 0.13977663098359072, 0.28204624316712096, 0.492932901171298, 0.4498156453057808, 0.4752092500546888, 0.14475497753807332, 0.2912163485087381, 0.14196779737287465, 0.22151943784229677, 0.25678251589555723, 0.31096963302879893, 0.05107877759362823], ""kernels.1.base_kernel.kernels.1"": [0.6931481805599428, 0.6931481805599428, 0.6931481805599428]}","{""kernels.0"": 0.0004212766846814006, ""kernels.0.base_kernel.kernels.1"": 0.003346030796219836, ""kernels.1"": 0.875356469985914}",8,8,24,24,24,archive,0,27
137,157.01046163774294,97.95343568019696,0.4996,local,-2.127930698761478,-248.2419550993489,246.11402440058743,0.19779451592023461,1.2298836235155735,archive,232,69,0.3510962553902047,0.01286651865742517,0.013418335357470739,0.0003529849048993745,0.29603010644918687,0.05122956181056769,0.3333028491877674,0.6931481805599428,"{""kernels.0.base_kernel.kernels.0"": [0.3333908872946185, 0.3330291238724212, 0.33328203995151834, 0.3329782775052174, 0.33329504697515716, 0.3332684078430046, 0.3332711783682491, 0.33320077275838456, 0.3334231126672699, 0.33324153844308385, 0.3334467972123617, 0.33297267733439034, 0.3333340781747011, 0.33319606494686144, 0.33313597981711973, 0.3333106514003777, 0.3332812458510066, 0.33338477560397684], ""kernels.0.base_kernel.kernels.1.base_kernel"": [0.6931481805599428, 0.6931481805599428, 0.6931481805599428], ""kernels.1.base_kernel.kernels.0"": [0.4644829942832996, 0.4474222370137742, 0.5520463764677945, 0.11862869520761767, 0.3229885800942436, 0.3863113072499713, 0.3572941192328016, 0.2620783710935864, 0.48644668978048694, 0.38458994971160826, 0.5405241542783898, 0.13868232897856048, 0.17096083917434224, 0.23452079944486706, 0.1272874089682412, 0.523258637999567, 0.318755869974864, 0.05122956181056769], ""kernels.1.base_kernel.kernels.1"": [0.6931481805599428, 0.6931481805599428, 0.6931481805599428]}","{""kernels.0"": 0.0004180134740054022, ""kernels.0.base_kernel.kernels.1"": 0.003345715188268729, ""kernels.1"": 0.8843265906852865}",8,8,24,24,24,archive,1,28
138,158.08985352290983,97.95343568019696,0.4998,local,-3.0674615349852705,-280.1816660066079,277.1142044716226,0.2167575628914965,1.2948056137583075,archive,214,71,0.42225306482151725,0.01285535353339234,0.013407539057281537,0.0003536126157013352,0.29603011973900234,0.05122956181460044,0.333302849188431,0.6931481805599428,"{""kernels.0.base_kernel.kernels.0"": [0.3333908872992801, 0.3330291238816544, 0.3332820399364243, 0.33297827751229875, 0.3332950469761578, 0.3332684078472521, 0.33327117837363973, 0.33320077275605603, 0.3334231126694234, 0.33324153845075255, 0.3334467972044701, 0.33297267733921687, 0.3333340781790533, 0.3331960649365931, 0.3331359798290024, 0.33331065140070426, 0.3332812458563772, 0.333384775601953], ""kernels.0.base_kernel.kernels.1.base_kernel"": [0.6931481805599428, 0.6931481805599428, 0.6931481805599428], ""kernels.1.base_kernel.kernels.0"": [0.4644829960113548, 0.44742224010715115, 0.5520463585161436, 0.11862868893203708, 0.32298858325151725, 0.38631130949166265, 0.35729412233053354, 0.26207836066039836, 0.48644669283215486, 0.3845899446149667, 0.5405241461723378, 0.13868233017989187, 0.1709608413495875, 0.23452080194593844, 0.12728741018467638, 0.5232586279395466, 0.3187558765455745, 0.05122956181460044], ""kernels.1.base_kernel.kernels.1"": [0.6931481805599428, 0.6931481805599428, 0.6931481805599428]}","{""kernels.0"": 0.0004180134737963645, ""kernels.0.base_kernel.kernels.1"": 0.0033457151882518607, ""kernels.1"": 0.8843266305549589}",8,8,24,24,24,archive,1,29
139,120.91047351365518,97.95343568019696,0.4996,local,-3.1490401558261203,-249.2842507314795,246.13521057565336,0.18585784846738782,0.7172585073101193,archive,232,69,0.2580774426980983,0.01283650733912266,0.013388130483219256,0.0003537915202163797,0.29603012764834347,0.05122956181712119,0.333302849188818,0.6931481805599428,"{""kernels.0.base_kernel.kernels.0"": [0.33339088730212224, 0.33302912388813966, 0.3332820399269434, 0.33297827751682935, 0.33329504697673923, 0.33326840784967104, 0.3332711783770476, 0.33320077275446547, 0.333423112670555, 0.33324153845550764, 0.3334467971996607, 0.33297267734229385, 0.3333340781815025, 0.33319606493014037, 0.33313597983625326, 0.3333106514008967, 0.3332812458596173, 0.3333847756007033], ""kernels.0.base_kernel.kernels.1.base_kernel"": [0.6931481805599428, 0.6931481805599428, 0.6931481805599428], ""kernels.1.base_kernel.kernels.0"": [0.4644829969506552, 0.44742224246713524, 0.5520463472168107, 0.1186286851208125, 0.32298858509304956, 0.3863113103578505, 0.3572941242107687, 0.26207835388690165, 0.48644669460057965, 0.38458994123873663, 0.5405241411257676, 0.13868233105392777, 0.17096084294926361, 0.23452080345671092, 0.1272874108442375, 0.5232586216766438, 0.3187558806623872, 0.05122956181712119], ""kernels.1.base_kernel.kernels.1"": [0.6931481805599428, 0.6931481805599428, 0.6931481805599428]}","{""kernels.0"": 0.0004180134736664258, ""kernels.0.base_kernel.kernels.1"": 0.0033457151882413947, ""kernels.1"": 0.8843266542831226}",8,8,24,24,24,archive,0,30
140,114.93735741449953,97.95343568019696,0.498,local,-3.225729332628747,-133.14068353954644,129.91495420691768,0.2023753637613514,0.9391201741820777,archive,243,59,0.14905827635693655,0.012907324295241721,0.013457687745933766,0.0003580080663964294,0.30098914485140227,0.051231643547835486,0.3333033770856774,0.6931481805599428,"{""kernels.0.base_kernel.kernels.0"": [0.33339334174131163, 0.333034311687628, 0.333274319283763, 0.3329821137447192, 0.3332955238352573, 0.3332705880518989, 0.3332741281188926, 0.33319971268095944, 0.33342422065887933, 0.3332452466851665, 0.33344299321301646, 0.3329752562786826, 0.33333615377587583, 0.3331904732489878, 0.3331423843097891, 0.33331123033609755, 0.333284151358153, 0.3333836797896614], ""kernels.0.base_kernel.kernels.1.base_kernel"": [0.6931481805599428, 0.6931481805599428, 0.6931481805599428], ""kernels.1.base_kernel.kernels.0"": [0.4653696569148027, 0.4494590972969838, 0.542764018326982, 0.1156053430291031, 0.32450974217297074, 0.38727087737259697, 0.35963577074600767, 0.2568278478633417, 0.48860249501447955, 0.38242321340912017, 0.5365243808646496, 0.13949602245136172, 0.1726414803326484, 0.23559803122432396, 0.128221406633935, 0.5187052828359081, 0.3224171931110532, 0.051231643547835486], ""kernels.1.base_kernel.kernels.1"": [0.6931481805599428, 0.6931481805599428, 0.6931481805599428]}","{""kernels.0"": 0.000417904678680999, ""kernels.0.base_kernel.kernels.1"": 0.0033457065694889815, ""kernels.1"": 0.8992038233060369}",8,8,24,24,24,archive,0,31
141,159.08246196069717,97.95343568019696,0.4994,local,-3.245519464965886,-251.22657529882724,247.98105583386135,0.13029466753698998,0.7585069082551346,archive,232,71,0.3424534484093835,0.012773378641795488,0.013338669492425487,0.00035205207109632896,0.29698730881423246,0.05126891992683789,0.33336234450207214,0.6931481805599428,"{""kernels.0.base_kernel.kernels.0"": [0.3334211217008523, 0.3331357006625383, 0.3332046976565131, 0.3330596327326688, 0.33330137228457174, 0.33329446402884394, 0.33328189725237195, 0.3332072385883128, 0.3334088465870891, 0.33330271153083596, 0.3333602646419354, 0.33299088935690047, 0.33336442436220887, 0.3331073792924866, 0.3332335923712916, 0.3333042245581705, 0.33333065936779666, 0.3333740262327119], ""kernels.0.base_kernel.kernels.1.base_kernel"": [0.6931481805599428, 0.6931481805599428, 0.6931481805599428], ""kernels.1.base_kernel.kernels.0"": [0.45669168179310304, 0.5009356095920472, 0.4730409091427275, 0.10389460506119731, 0.36231203796922423, 0.3830105042516442, 0.3893653524418591, 0.23354332369593583, 0.5104816114682234, 0.3783314625449403, 0.4810072326432169, 0.14251666281715802, 0.17259455364184745, 0.26097186187281707, 0.15275633568353636, 0.4759384439866742, 0.38379951739501045, 0.05126891992683789], ""kernels.1.base_kernel.kernels.1"": [0.6931481805599428, 0.6931481805599428, 0.6931481805599428]}","{""kernels.0"": 0.0004159918583981993, ""kernels.0.base_kernel.kernels.1"": 0.003345558612130625, ""kernels.1"": 0.8872003759721685}",8,8,24,24,24,archive,0,32
142,293.41225252035264,97.95343568019696,0.5014,local,-3.5906532821268966,-225.69546244241675,222.10480916028985,0.33810005736483556,1.229585761437565,archive,131,69,0.5195738768676068,0.012754553027722295,0.013319318764429239,0.0003522324157498584,0.29698730948745616,0.05126891992843527,0.33336234450157254,0.6931481805599428,"{""kernels.0.base_kernel.kernels.0"": [0.33342112170007177, 0.3331357006659096, 0.3332046976575743, 0.333059632734271, 0.3333013722839814, 0.3332944640297018, 0.3332818972531763, 0.33320723858893003, 0.3334088465871381, 0.33330271153115804, 0.3333602646402337, 0.33299088935673965, 0.3333644243629114, 0.3331073792897818, 0.33323359237143146, 0.33330422455768527, 0.333330659369221, 0.3333740262323889], ""kernels.0.base_kernel.kernels.1.base_kernel"": [0.6931481805599428, 0.6931481805599428, 0.6931481805599428], ""kernels.1.base_kernel.kernels.0"": [0.4566916807324839, 0.5009356101858897, 0.47304091138762033, 0.10389460518968521, 0.3623120382710292, 0.3830105064271514, 0.3893653522270838, 0.2335433225252693, 0.5104816122796407, 0.3783314631051949, 0.48100723319857763, 0.14251666283526898, 0.1725945543894047, 0.26097186250034365, 0.1527563352871718, 0.47593844474756397, 0.3837995189049378, 0.05126891992843527], ""kernels.1.base_kernel.kernels.1"": [0.6931481805599428, 0.6931481805599428, 0.6931481805599428]}","{""kernels.0"": 0.0004159918582873422, ""kernels.0.base_kernel.kernels.1"": 0.00334555861212228, ""kernels.1"": 0.8872003779919588}",8,8,24,24,24,archive,1,33
143,157.61190318621752,97.95343568019696,0.4984,local,-3.6305163706820176,-252.01649408207626,248.38597771139425,0.1825017002006269,0.7546755028804151,archive,232,71,0.24453479898997735,0.01275942846895761,0.013323008907374145,0.00035356641022951614,0.298414762521981,0.05126977277909052,0.3333619093854592,0.6931481805599428,"{""kernels.0.base_kernel.kernels.0"": [0.3334197429227825, 0.33313744102425247, 0.33320523246370226, 0.33306112622064377, 0.3333006782392909, 0.33329463715719754, 0.33328239216067884, 0.3332070497553994, 0.33340893604801775, 0.333302793679354, 0.3333588949503604, 0.33299148449932775, 0.333364923820558, 0.33310563927479764, 0.333233945949876, 0.3333038146692946, 0.3333315650079722, 0.33337381245133435], ""kernels.0.base_kernel.kernels.1.base_kernel"": [0.6931481805599428, 0.6931481805599428, 0.6931481805599428], ""kernels.1.base_kernel.kernels.0"": [0.45561625964596586, 0.5012405135335186, 0.47447056544363436, 0.10384579203519728, 0.3622904082034625, 0.38395415849567055, 0.3889708409571009, 0.23239908250608357, 0.5110234617499434, 0.3786510378765477, 0.4813440568436099, 0.1425010291051859, 0.17260842051221598, 0.2611522002629264, 0.15254602047576776, 0.4763871885107399, 0.38473993962039776, 0.05126977277909052], ""kernels.1.base_kernel.kernels.1"": [0.6931481805599428, 0.6931481805599428, 0.6931481805599428]}","{""kernels.0"": 0.00041592063792252293, ""kernels.0.base_kernel.kernels.1"": 0.0033455531091743386, ""kernels.1"": 0.8914828138188462}",8,8,24,24,24,archive,0,34
144,162.1192536717699,97.95343568019696,0.4986,local,-3.3811972165249955,-136.37748729434054,132.99629007781556,0.18333888913753793,0.5571455901990444,archive,243,60,0.24561797128017404,0.012740486088661266,0.013303891076133778,0.0003537312016824088,0.2984147639686497,0.051269772780049246,0.33336190938573307,0.6931481805599428,"{""kernels.0.base_kernel.kernels.0"": [0.33341974292015636, 0.3331374410202163, 0.33320523246688966, 0.33306112622259676, 0.33330067823731946, 0.33329463715877794, 0.33328239216200245, 0.33320704975606374, 0.3334089360485718, 0.3333027936806949, 0.3333588949496242, 0.3329914845004533, 0.33336492382184196, 0.33310563927164855, 0.3332339459506787, 0.3333038146685149, 0.33333156500939776, 0.33337381245122866], ""kernels.0.base_kernel.kernels.1.base_kernel"": [0.6931481805599428, 0.6931481805599428, 0.6931481805599428], ""kernels.1.base_kernel.kernels.0"": [0.45561625758222285, 0.501240511174497, 0.4744705692955477, 0.10384579194266724, 0.362290408021666, 0.38395415974700575, 0.3889708405282372, 0.232399081282278, 0.5110234624175687, 0.37865103860851984, 0.481344058044181, 0.14250102877850868, 0.17260842116260083, 0.2611521993340168, 0.15254602067610462, 0.4763871884826607, 0.38473994123872607, 0.051269772780049246], ""kernels.1.base_kernel.kernels.1"": [0.6931481805599428, 0.6931481805599428, 0.6931481805599428]}","{""kernels.0"": 0.0004159206378148404, ""kernels.0.base_kernel.kernels.1"": 0.003345553109165908, ""kernels.1"": 0.8914828181589682}",8,8,24,24,24,archive,0,35
145,211.62802218724272,97.95343568019696,0.5026,local,-3.57357935197688,-71.03340272666121,67.45982337468433,0.22032162855611198,1.1794457674374292,archive,210,51,0.3813047039432385,0.012732229464792372,0.013296610481846386,0.00035456844455704963,0.29841480540815263,0.05126977278681272,0.3333619093831801,0.6931481805599428,"{""kernels.0.base_kernel.kernels.0"": [0.33341974290439075, 0.3331374409477887, 0.3332052324843837, 0.3330611262389536, 0.3333006782167618, 0.333294637173938, 0.3332823921658853, 0.33320704976063364, 0.33340893604975963, 0.3333027936711661, 0.3333588949342691, 0.3329914845017081, 0.33336492383209104, 0.33310563923961295, 0.333233945965199, 0.33330381459493785, 0.33333156501517763, 0.3333738124498336], ""kernels.0.base_kernel.kernels.1.base_kernel"": [0.6931481805599428, 0.6931481805599428, 0.6931481805599428], ""kernels.1.base_kernel.kernels.0"": [0.4556162450589021, 0.501240446598656, 0.47447059358223276, 0.10384579046443809, 0.36229040119219497, 0.38395416627005574, 0.38897082488881995, 0.23239907200196483, 0.5110234619919529, 0.37865103686696605, 0.4813440522413855, 0.1425010246887885, 0.172608425326627, 0.26115219098809733, 0.1525460285580892, 0.47638711625560504, 0.3847399515815998, 0.05126977278681272], ""kernels.1.base_kernel.kernels.1"": [0.6931481805599428, 0.6931481805599428, 0.6931481805599428]}","{""kernels.0"": 0.00041592063715501946, ""kernels.0.base_kernel.kernels.1"": 0.0033455531091055343, ""kernels.1"": 0.8914829424781973}",8,8,24,24,24,archive,0,36
146,311.29827066460365,97.95343568019696,0.4994,local,-3.625567941470527,-251.79596106122406,248.17039311975353,0.4006772168578784,1.2733823188252662,archive,232,71,0.487652371412893,0.012749569364053071,0.013335629114766495,0.00035808564534320716,0.30193290700233194,0.05128656740304679,0.33334672109951924,0.6931481805599428,"{""kernels.0.base_kernel.kernels.0"": [0.3333933561171085, 0.33301510783777843, 0.33324160880194353, 0.33310125957286696, 0.3332690616118993, 0.333340583120466, 0.3332873455572851, 0.33323703541055966, 0.3333526317911553, 0.3332910215387773, 0.33334081040788316, 0.333008034704255, 0.3333844736151035, 0.3330592122742978, 0.33325532034760835, 0.33317386293395335, 0.33332342665058234, 0.3333780405185061], ""kernels.0.base_kernel.kernels.1.base_kernel"": [0.6931481805599428, 0.6931481805599428, 0.6931481805599428], ""kernels.1.base_kernel.kernels.0"": [0.4300570923985799, 0.41408245550277306, 0.5131565573733086, 0.10436154077216528, 0.3543132391796236, 0.40519296630033713, 0.37090247862476666, 0.22568107490233913, 0.4967788474819274, 0.3821549640095941, 0.48206975142670616, 0.14614236670909417, 0.17313396872060535, 0.252584462758102, 0.17001107479757865, 0.3800244402443065, 0.37956971102502784, 0.05128656740304679], ""kernels.1.base_kernel.kernels.1"": [0.6931481805599428, 0.6931481805599428, 0.6931481805599428]}","{""kernels.0"": 0.0004146570712996386, ""kernels.0.base_kernel.kernels.1"": 0.0033454344562393904, ""kernels.1"": 0.9020386294794569}",8,8,24,24,24,archive,2,37
147,253.8539557537378,97.95343568019696,0.4996,local,-3.395162607284229,-236.41807325382652,233.0229106465423,0.3787573287909646,1.1044851033582548,archive,218,70,0.4651888607326887,0.012734349672264896,0.013319960864088305,0.0003582547490607227,0.30193290980380333,0.05128656740475752,0.3333467210969494,0.6931481805599428,"{""kernels.0.base_kernel.kernels.0"": [0.3333933561151061, 0.33301510783638844, 0.33324160880346965, 0.33310125957353737, 0.3332690616104415, 0.3333405831216384, 0.33328734555797873, 0.3332370354112591, 0.33335263179051233, 0.3332910215390174, 0.33334081040338653, 0.33300803470513457, 0.33338447361601026, 0.3330592122734595, 0.33325532034692684, 0.33317386293202145, 0.3333234266503656, 0.33337804051857617], ""kernels.0.base_kernel.kernels.1.base_kernel"": [0.6931481805599428, 0.6931481805599428, 0.6931481805599428], ""kernels.1.base_kernel.kernels.0"": [0.4300570904841105, 0.4140824562981487, 0.5131565568279688, 0.10436154088440805, 0.354313237030532, 0.4051929665121339, 0.37090247893664435, 0.2256810745360605, 0.49677884823761814, 0.38215496446737107, 0.4820697440266629, 0.14614236678006987, 0.17313396697534125, 0.2525844622837857, 0.1700110749930996, 0.38002443851111256, 0.3795697107894513, 0.05128656740475752], ""kernels.1.base_kernel.kernels.1"": [0.6931481805599428, 0.6931481805599428, 0.6931481805599428]}","{""kernels.0"": 0.00041465707121205207, ""kernels.0.base_kernel.kernels.1"": 0.00334543445623066, ""kernels.1"": 0.9020386378839673}",8,8,24,24,24,archive,0,38
148,135.70538283922772,97.95343568019696,0.5004,local,-3.5895027253204104,-70.22519694612012,66.6356942207997,0.21973881196298659,1.3288422743532005,archive,210,51,0.3858648527567476,0.012804542583291856,0.013398165949244987,0.0003638357243386424,0.30106287316056013,0.05132059757539513,0.33333058808471305,0.6931481805599428,"{""kernels.0.base_kernel.kernels.0"": [0.3333578977787481, 0.3329950874877899, 0.33326693507313937, 0.3331078781299818, 0.33323903959972345, 0.3333456259732837, 0.33329476440006334, 0.33323461928630704, 0.3333363906500232, 0.3332925536596933, 0.3332720786109557, 0.3330344895155982, 0.33341538099219425, 0.33305035885963397, 0.33324374309848115, 0.333137236355968, 0.3333247855194029, 0.33337483837249116], ""kernels.0.base_kernel.kernels.1.base_kernel"": [0.6931481805599428, 0.6931481805599428, 0.6931481805599428], ""kernels.1.base_kernel.kernels.0"": [0.4077922994510494, 0.4278549085461183, 0.5118218330561666, 0.10591237696061251, 0.3044079389323531, 0.4067396832699541, 0.37617114892768194, 0.21670072949518132, 0.5063490096127901, 0.4014456689562967, 0.38699170310611336, 0.14523851232100066, 0.1713579816747882, 0.24847213470583093, 0.17960150071322736, 0.34671020144615583, 0.37710989480453033, 0.05132059757539513], ""kernels.1.base_kernel.kernels.1"": [0.6931481805599428, 0.6931481805599428, 0.6931481805599428]}","{""kernels.0"": 0.00041321528513426324, ""kernels.0.base_kernel.kernels.1"": 0.00334528990060976, ""kernels.1"": 0.8994301142959363}",8,8,24,24,24,archive,2,39
149,235.7406280892025,97.95343568019696,0.4988,global,-3.5906206878626907,-8.523028037088602,4.932407349225912,0.48741056900546526,1.3353831407107382,global,,,0.47092168662963285,0.012729019127679644,0.013318085129579488,0.000360357280229845,0.2987282250739863,0.05132506020542294,0.33333128880396257,0.6931481805599428,"{""kernels.0.base_kernel.kernels.0"": [0.3333558020876561, 0.33299858931869675, 0.3332692773870106, 0.33310659701264056, 0.3332385797806224, 0.333348467457193, 0.3332963760379683, 0.3332348637671135, 0.33333746302810896, 0.3332965676223276, 0.33327424259568467, 0.33303576055483425, 0.33341593035502554, 0.33305154729883907, 0.3332420791091874, 0.3331413337081472, 0.33332511457981623, 0.3333744494834392], ""kernels.0.base_kernel.kernels.1.base_kernel"": [0.6931481805599428, 0.6931481805599428, 0.6931481805599428], ""kernels.1.base_kernel.kernels.0"": [0.406006045434753, 0.43175347822637156, 0.5123684255463881, 0.10537678382145388, 0.30149052481474575, 0.4112846021777922, 0.3798949904989455, 0.2173212181554759, 0.5061455519104023, 0.4081004888643345, 0.3918681742879217, 0.14712267357825976, 0.17053304602747757, 0.24900491343995618, 0.18041772453725433, 0.35089103111984626, 0.376856518026093, 0.05132506020542294], ""kernels.1.base_kernel.kernels.1"": [0.6931481805599428, 0.6931481805599428, 0.6931481805599428]}","{""kernels.0"": 0.00041300474817739874, ""kernels.0.base_kernel.kernels.1"": 0.0033452708098184974, ""kernels.1"": 0.8924263996639629}",8,8,24,24,24,archive,1,40
150,111.01844874379643,97.95343568019696,0.4996,local,-3.6546501503120092,-5.44095652272723,1.786306372415221,0.05051293247522192,0.2726453719859899,archive,213,0,0.09300125462678467,0.012757445262624586,0.013344063685435014,0.00036316528047524186,0.3020037997374648,0.05132580646195525,0.3333312588146161,0.6931481805599428,"{""kernels.0.base_kernel.kernels.0"": [0.33335516107928387, 0.33299873164545496, 0.3332698288659824, 0.33310621532573814, 0.3332383177252757, 0.33334869365705716, 0.3332962757659838, 0.33323474774229284, 0.33333743384557396, 0.3332972997723661, 0.3332741526317772, 0.3330356280453272, 0.3334160329898931, 0.3330516831048649, 0.3332416602219072, 0.3331413543663695, 0.3333250837836583, 0.33337449119155876], ""kernels.0.base_kernel.kernels.1.base_kernel"": [0.6931481805599428, 0.6931481805599428, 0.6931481805599428], ""kernels.1.base_kernel.kernels.0"": [0.40534635615585973, 0.43202225390268306, 0.5121002577929201, 0.10502825229183323, 0.3006417958667003, 0.4115930893088635, 0.37996992717864825, 0.21710838861174944, 0.5058486402946464, 0.40891887090048806, 0.39217335465790243, 0.14697215379110307, 0.170198941751871, 0.24911372129921183, 0.1803503077717738, 0.35096075618970596, 0.37674739856768014, 0.05132580646195525], ""kernels.1.base_kernel.kernels.1"": [0.6931481805599428, 0.6931481805599428, 0.6931481805599428]}","{""kernels.0"": 0.0004129668945541868, ""kernels.0.base_kernel.kernels.1"": 0.00334526701519948, ""kernels.1"": 0.9022531653026407}",8,8,24,24,24,archive,0,41
151,175.73376635827432,97.95343568019696,0.5004,global,-3.6891066792058185,-4.572635816225935,0.8835291370201164,1.166854833113194,1.4122453181894064,global,,,0.5772843495234148,0.012700928043294342,0.013331138312397451,0.00036267256215620356,0.3019840810707805,0.051326886113748874,0.3333317547143724,0.6931481805599428,"{""kernels.0.base_kernel.kernels.0"": [0.33335407448358867, 0.33299999295411864, 0.3332700826258055, 0.3331060909162534, 0.33323770475112435, 0.33334935964220264, 0.3332944875075504, 0.3332354089946548, 0.3333384798459448, 0.33329799918181197, 0.33327410383042344, 0.3330356121472339, 0.3334163209588916, 0.33305145171470324, 0.333241439503609, 0.3331408953533073, 0.3333250295828, 0.33337449140524494], ""kernels.0.base_kernel.kernels.1.base_kernel"": [0.6931481805599428, 0.6931481805599428, 0.6931481805599428], ""kernels.1.base_kernel.kernels.0"": [0.4046167642398021, 0.43287117718517065, 0.5114366127517979, 0.10471121527561189, 0.29912903693379644, 0.41258122319455415, 0.37802512020542856, 0.2181632072482871, 0.5062480214879415, 0.40977217582791414, 0.3927852502880928, 0.147141967731882, 0.17019055451462445, 0.24887172273127717, 0.18062481778268608, 0.3514191168457935, 0.37663552156189567, 0.051326886113748874], ""kernels.1.base_kernel.kernels.1"": [0.6931481805599428, 0.6931481805599428, 0.6931481805599428]}","{""kernels.0"": 0.0004129124898251822, ""kernels.0.base_kernel.kernels.1"": 0.0033452619822199217, ""kernels.1"": 0.9021940687402965}",8,8,24,24,24,archive,0,42
152,184.91892414061027,97.95343568019696,0.5002,local,-3.6983030156550187,-236.71431129947243,233.0160082838174,0.20605945442044624,0.8019238161368699,archive,218,71,0.35541053470738165,0.012680612132135812,0.013310095130683187,0.00036285159595391016,0.3019840811069163,0.05132688611606413,0.33333175471520293,0.6931481805599428,"{""kernels.0.base_kernel.kernels.0"": [0.3333540744815927, 0.33299999295606914, 0.33327008262616814, 0.33310609091599463, 0.3332377047499925, 0.3333493596432397, 0.33329448750448365, 0.3332354089957951, 0.333338479847729, 0.3332979991830445, 0.3332741038302202, 0.33303561214728183, 0.3334163209597586, 0.3330514517150258, 0.33324143950336854, 0.33314089535255165, 0.3333250295826768, 0.3333744914056567], ""kernels.0.base_kernel.kernels.1.base_kernel"": [0.6931481805599428, 0.6931481805599428, 0.6931481805599428], ""kernels.1.base_kernel.kernels.0"": [0.4046167628573066, 0.43287117866771835, 0.5114366116200646, 0.10471121482030214, 0.29912903414718545, 0.4125812248438061, 0.37802511711349446, 0.21816320889798166, 0.5062480220830188, 0.40977217719611353, 0.39278525136331, 0.14714196796685017, 0.17019055464604763, 0.24887172271882047, 0.1806248183122977, 0.3514191174986855, 0.3766355213458611, 0.05132688611606413], ""kernels.1.base_kernel.kernels.1"": [0.6931481805599428, 0.6931481805599428, 0.6931481805599428]}","{""kernels.0"": 0.0004129124897330978, ""kernels.0.base_kernel.kernels.1"": 0.0033452619822110464, ""kernels.1"": 0.9021940688488048}",8,8,24,24,24,archive,0,43
153,176.56499076680979,97.95343568019696,0.5008,local,-3.5255242205354316,-71.24441520957912,67.71889098904369,0.21341729760797645,1.3332135210166614,archive,210,52,0.3743058942002108,0.012660095105350716,0.013288789540050716,0.00036306276350067115,0.3019840823558174,0.051326886118220776,0.33333175471581644,0.6931481805599428,"{""kernels.0.base_kernel.kernels.0"": [0.3333540744796118, 0.3329999929549436, 0.3332700826266702, 0.33310609091654014, 0.3332377047473978, 0.3333493596443007, 0.3332944875011658, 0.33323540899647464, 0.33333847984947634, 0.3332979991836324, 0.33327410382977435, 0.33303561214716504, 0.3334163209607444, 0.3330514517154027, 0.3332414395035854, 0.3331408953514461, 0.3333250295821565, 0.3333744914059048], ""kernels.0.base_kernel.kernels.1.base_kernel"": [0.6931481805599428, 0.6931481805599428, 0.6931481805599428], ""kernels.1.base_kernel.kernels.0"": [0.40461676149571313, 0.43287117925469304, 0.5114366104983015, 0.10471121450380907, 0.2991290306857718, 0.4125812262040007, 0.378025113650298, 0.21816321028953378, 0.5062480223830845, 0.4097721782868134, 0.3927852525078843, 0.14714196834522372, 0.17019055475284117, 0.24887172262303314, 0.18062481889105902, 0.3514191177463176, 0.3766355209798269, 0.051326886118220776], ""kernels.1.base_kernel.kernels.1"": [0.6931481805599428, 0.6931481805599428, 0.6931481805599428]}","{""kernels.0"": 0.00041291248964530844, ""kernels.0.base_kernel.kernels.1"": 0.003345261982202237, ""kernels.1"": 0.9021940725956047}",8,8,24,24,24,archive,0,44
154,225.90481493947607,97.95343568019696,0.5044,local,-3.694314414411309,-238.19036165007242,234.4960472356611,0.1874115704005866,0.8200137605616862,archive,218,71,0.39406201194975216,0.012640383562479053,0.013268423929719142,0.0003632707379931769,0.3019840842102035,0.05132688612042925,0.33333175471537435,0.6931481805599428,"{""kernels.0.base_kernel.kernels.0"": [0.3333540744775691, 0.332999992953332, 0.33327008262668806, 0.333106090916863, 0.3332377047438881, 0.33334935964545365, 0.3332944874977332, 0.3332354089969114, 0.3333384798493444, 0.33329799918430286, 0.33327410382935413, 0.33303561214711147, 0.3334163209618612, 0.3330514517158429, 0.33324143950331975, 0.33314089535012714, 0.33332502958140436, 0.3333744914066172], ""kernels.0.base_kernel.kernels.1.base_kernel"": [0.6931481805599428, 0.6931481805599428, 0.6931481805599428], ""kernels.1.base_kernel.kernels.0"": [0.4046167601858469, 0.4328711793672455, 0.5114366091517102, 0.10471121418593546, 0.29912902648519835, 0.4125812278704233, 0.3780251099060771, 0.21816321144873577, 0.5062480216079246, 0.40977217926493065, 0.3927852537237534, 0.14714196893852605, 0.1701905549070769, 0.2488717224570147, 0.18062481922561766, 0.3514191180880745, 0.3766355205010679, 0.05132688612042925], ""kernels.1.base_kernel.kernels.1"": [0.6931481805599428, 0.6931481805599428, 0.6931481805599428]}","{""kernels.0"": 0.0004129124895600425, ""kernels.0.base_kernel.kernels.1"": 0.003345261982193401, ""kernels.1"": 0.9021940781588571}",8,8,24,24,24,archive,0,45
155,175.9956143603356,97.95343568019696,0.4972,local,-3.6272711135576285,-71.06454980829253,67.4372786947349,0.20280579403009383,1.292854046156037,archive,210,52,0.3910482457767693,0.012680336419503642,0.013304822002984225,0.0003666726744691916,0.3066445192747502,0.05132920472153045,0.3333293776634998,0.6931481805599428,"{""kernels.0.base_kernel.kernels.0"": [0.3333522075532647, 0.33299794333457255, 0.33326975717096496, 0.33310638407262927, 0.3332332173338816, 0.3333527185808469, 0.3332889155920155, 0.3332357977535883, 0.3333348745025237, 0.3332948428349498, 0.33327372995986954, 0.33303590535720023, 0.3334174452159786, 0.33305326317862893, 0.333240908469859, 0.33313999378659465, 0.3333238808244759, 0.33337528377281417], ""kernels.0.base_kernel.kernels.1.base_kernel"": [0.6931481805599428, 0.6931481805599428, 0.6931481805599428], ""kernels.1.base_kernel.kernels.0"": [0.4032435526097927, 0.4324808905749162, 0.5098057700880536, 0.1044716443685128, 0.29369124952202735, 0.4158537133860749, 0.372450940227176, 0.21871758145906073, 0.503398532242752, 0.4090021030267702, 0.39397413470657183, 0.14763972514618193, 0.16991929254951918, 0.24804894374224754, 0.18072368387248036, 0.3513883546758796, 0.37560905421028323, 0.05132920472153045], ""kernels.1.base_kernel.kernels.1"": [0.6931481805599428, 0.6931481805599428, 0.6931481805599428]}","{""kernels.0"": 0.0004128313339317334, ""kernels.0.base_kernel.kernels.1"": 0.003345252913416837, ""kernels.1"": 0.9161754735769021}",8,8,24,24,24,archive,0,46
156,102.22965680277453,97.95343568019696,0.499,local,-3.714280336285052,-82.2856111078976,78.57133077161254,0.092867929053063,0.38839745088051414,archive,244,53,0.057323524512209525,0.012660858869875181,0.013284675456289235,0.0003668841038489448,0.30664451143290655,0.051329204724425016,0.3333293776617159,0.6931481805599428,"{""kernels.0.base_kernel.kernels.0"": [0.33335220755182843, 0.3329979433336841, 0.33326975717143686, 0.3331063840734273, 0.3332332173301354, 0.33335271858503096, 0.3332889155872587, 0.3332357977541252, 0.3333348744997317, 0.33329484283240823, 0.33327372996033056, 0.33303590535825034, 0.3334174452174171, 0.33305326317949296, 0.3332409084699571, 0.3331399937861354, 0.3333238808237, 0.3333752837741677], ""kernels.0.base_kernel.kernels.1.base_kernel"": [0.6931481805599428, 0.6931481805599428, 0.6931481805599428], ""kernels.1.base_kernel.kernels.0"": [0.4032435519636423, 0.4324808908080128, 0.5098057694123568, 0.10447164463889715, 0.29369124445028927, 0.41585371829766615, 0.3724509355726212, 0.21871758324075444, 0.5033985300010917, 0.4090021033329872, 0.393974136789455, 0.14763972601733713, 0.1699192936770896, 0.2480489441735735, 0.18072368484686172, 0.35138835522999456, 0.3756090536415737, 0.051329204724425016], ""kernels.1.base_kernel.kernels.1"": [0.6931481805599428, 0.6931481805599428, 0.6931481805599428]}","{""kernels.0"": 0.0004128313338381901, ""kernels.0.base_kernel.kernels.1"": 0.003345252913407517, ""kernels.1"": 0.916175450051474}",8,8,24,24,24,archive,0,47
157,147.5517777233266,97.95343568019696,0.4988,global,-3.775596223844477,-4.924661176568226,1.1490649527237493,1.0442416417046092,1.4126928299944816,global,,,0.5655742237544954,0.012523150895439759,0.013159556976123277,0.00035988437913430727,0.30090295300239106,0.05133090847536041,0.3333282852571502,0.6931481805599428,"{""kernels.0.base_kernel.kernels.0"": [0.333351536788686, 0.33299761900798597, 0.3332689976818493, 0.3331073044420333, 0.3332305886371366, 0.333355816784009, 0.333282230682106, 0.3332366192359666, 0.33333295127637536, 0.3332936558912736, 0.3332745918676189, 0.3330367153525821, 0.33341864594600507, 0.33305366973212513, 0.3332406848795467, 0.3331396462039119, 0.3333236192379251, 0.3333762409597145], ""kernels.0.base_kernel.kernels.1.base_kernel"": [0.6931481805599428, 0.6931481805599428, 0.6931481805599428], ""kernels.1.base_kernel.kernels.0"": [0.4030621720304938, 0.4333366297860442, 0.5096750323043682, 0.10493396856042862, 0.2903967816472488, 0.41935420012783187, 0.367104480176821, 0.22011469304354245, 0.5019300758460374, 0.40985807115521994, 0.3962711386264142, 0.14835721383663297, 0.17093434995796863, 0.24822101949813588, 0.1809834825141205, 0.35223693730866784, 0.3754311527818414, 0.05133090847536041], ""kernels.1.base_kernel.kernels.1"": [0.6931481805599428, 0.6931481805599428, 0.6931481805599428]}","{""kernels.0"": 0.0004127744033422377, ""kernels.0.base_kernel.kernels.1"": 0.0033452470779514304, ""kernels.1"": 0.8989508375258795}",8,8,24,24,24,archive,1,48
158,198.0032591978047,97.95343568019696,0.5008,global,-3.5956200858657965,-4.457427949991009,0.8618078641252129,0.9213810755987494,1.401315428873621,global,,,0.5134102236522096,0.012507969554358943,0.013143861226831345,0.0003600451215629743,0.30090296112623216,0.05133090847809359,0.3333282852546686,0.6931481805599428,"{""kernels.0.base_kernel.kernels.0"": [0.33335153678694984, 0.33299761900561897, 0.3332689976801656, 0.3331073044424854, 0.3332305886323278, 0.3333558167894502, 0.3332822306700273, 0.3332366192365114, 0.3333329512722609, 0.33329365588914805, 0.33327459186790015, 0.333036715352412, 0.33341864594799747, 0.3330536697310764, 0.33324068487875697, 0.3331396462023287, 0.33332361923707626, 0.3333762409616343], ""kernels.0.base_kernel.kernels.1.base_kernel"": [0.6931481805599428, 0.6931481805599428, 0.6931481805599428], ""kernels.1.base_kernel.kernels.0"": [0.4030621705441766, 0.4333366301502678, 0.5096750314677161, 0.10493396853829876, 0.2903967752330001, 0.419354203745364, 0.36710447032419086, 0.22011469379170998, 0.5019300725621141, 0.4098580716202045, 0.3962711411610385, 0.1483572139681823, 0.1709343501542388, 0.24822101970482002, 0.1809834818260059, 0.35223693709958204, 0.3754311518962209, 0.05133090847809359], ""kernels.1.base_kernel.kernels.1"": [0.6931481805599428, 0.6931481805599428, 0.6931481805599428]}","{""kernels.0"": 0.000412774403267042, ""kernels.0.base_kernel.kernels.1"": 0.0033452470779415737, ""kernels.1"": 0.8989508618974879}",8,8,24,24,24,archive,1,49
159,161.0301383393425,97.95343568019696,0.4998,global,-3.6103960670092876,-5.0043964068068085,1.394000339797521,0.7597690214200933,1.4133014188958755,global,,,0.5231096021090504,0.01248752420873147,0.013122706792147469,0.0003602520156319051,0.300902968767807,0.05133090848066187,0.3333282852522823,0.6931481805599428,"{""kernels.0.base_kernel.kernels.0"": [0.33335153678524265, 0.33299761900349223, 0.3332689976784853, 0.33310730444291164, 0.3332305886277397, 0.3333558167946674, 0.33328223065859314, 0.33323661923698233, 0.3333329512683355, 0.33329365588703436, 0.33327459186852104, 0.33303671535201057, 0.333418645949835, 0.3330536697299394, 0.333240684877966, 0.33313964620079495, 0.33332361923622905, 0.33337624096334945], ""kernels.0.base_kernel.kernels.1.base_kernel"": [0.6931481805599428, 0.6931481805599428, 0.6931481805599428], ""kernels.1.base_kernel.kernels.0"": [0.40306216899197284, 0.4333366306581605, 0.509675030568649, 0.10493396851933673, 0.2903967690707829, 0.4193542070811774, 0.36710446090013793, 0.22011469429631667, 0.5019300694055522, 0.40985807192365026, 0.3962711437645502, 0.14835721394113988, 0.17093435020947967, 0.2482210204786752, 0.18098348107206455, 0.3522369368276655, 0.3754311509969297, 0.05133090848066187], ""kernels.1.base_kernel.kernels.1"": [0.6931481805599428, 0.6931481805599428, 0.6931481805599428]}","{""kernels.0"": 0.00041277440319570493, ""kernels.0.base_kernel.kernels.1"": 0.003345247077932307, ""kernels.1"": 0.8989508848222929}",8,8,24,24,24,archive,1,50
160,167.61246553378592,97.95343568019696,0.4996,global,-3.584661422893982,-4.845865169872063,1.2612037469780808,1.259593941626351,1.4137062110826322,global,,,0.5070798273973068,0.012469983122525154,0.01310454652808715,0.00036042329574355954,0.30090297657638454,0.05133090848348448,0.333328285249764,0.6931481805599428,"{""kernels.0.base_kernel.kernels.0"": [0.3333515367834074, 0.3329976190019732, 0.33326899767677787, 0.3331073044434978, 0.333230588622842, 0.33335581680074755, 0.33328223064655066, 0.3332366192373479, 0.33333295126419327, 0.3332936558848355, 0.33327459186934294, 0.33303671535125434, 0.33341864595179366, 0.3330536697281242, 0.3332406848770664, 0.33313964619916364, 0.3333236192353347, 0.33337624096510693], ""kernels.0.base_kernel.kernels.1.base_kernel"": [0.6931481805599428, 0.6931481805599428, 0.6931481805599428], ""kernels.1.base_kernel.kernels.0"": [0.40306216722392385, 0.4333366319501552, 0.5096750295592374, 0.10493396869567309, 0.2903967624701975, 0.419354210829245, 0.3671044508948793, 0.2201146946485563, 0.5019300660493133, 0.4098580721780846, 0.3962711465489338, 0.1483572137491479, 0.17093435019794062, 0.2482210220271543, 0.18098348018321647, 0.3522369365083271, 0.37543115005924216, 0.05133090848348448], ""kernels.1.base_kernel.kernels.1"": [0.6931481805599428, 0.6931481805599428, 0.6931481805599428]}","{""kernels.0"": 0.00041277440312057276, ""kernels.0.base_kernel.kernels.1"": 0.0033452470779225603, ""kernels.1"": 0.8989509082481105}",8,8,24,24,24,archive,1,51
161,260.47855430413017,97.95343568019696,0.4984,global,-3.597345346447388,-4.7102859951551475,1.1129406487077596,0.7656719063377257,1.4004244367982794,global,,,0.5069886297520346,0.01245169606084034,0.013085615897634387,0.00036060360720102907,0.30090298398170007,0.05133090848617657,0.33332828524744273,0.6931481805599428,"{""kernels.0.base_kernel.kernels.0"": [0.33335153678152796, 0.3329976190005437, 0.33326899767497475, 0.333107304444038, 0.3332305886179284, 0.3333558168066287, 0.33328223063555223, 0.333236619237586, 0.3333329512605023, 0.33329365588256227, 0.33327459187080816, 0.3330367153503277, 0.33341864595364906, 0.3330536697260202, 0.333240684876116, 0.3331396461974467, 0.33332361923438325, 0.33337624096673146], ""kernels.0.base_kernel.kernels.1.base_kernel"": [0.6931481805599428, 0.6931481805599428, 0.6931481805599428], ""kernels.1.base_kernel.kernels.0"": [0.4030621653383358, 0.4333366333693807, 0.5096750284418357, 0.10493396890170874, 0.29039675583049307, 0.419354214287979, 0.36710444214524135, 0.22011469484270776, 0.5019300632483302, 0.4098580722827265, 0.39627115007825525, 0.14835721345793326, 0.17093435008182628, 0.24822102377621966, 0.1809834793884027, 0.3522369360268441, 0.3754311490612711, 0.05133090848617657], ""kernels.1.base_kernel.kernels.1"": [0.6931481805599428, 0.6931481805599428, 0.6931481805599428]}","{""kernels.0"": 0.00041277440304466527, ""kernels.0.base_kernel.kernels.1"": 0.0033452470779129703, ""kernels.1"": 0.8989509304641425}",8,8,24,24,24,archive,1,52
162,197.6187817223749,97.95343568019696,0.4992,global,-3.3951919642236112,-4.811430215138348,1.4162382509147364,0.9345404648316407,1.4139995861941914,global,,,0.48291106864273786,0.012433931461851845,0.013067296182424745,0.00036082337668323167,0.3009029924564554,0.05133090848877891,0.3333282852446242,0.6931481805599428,"{""kernels.0.base_kernel.kernels.0"": [0.3333515367796252, 0.3329976189994295, 0.3332689976730528, 0.33310730444439235, 0.33323058861275223, 0.3333558168131572, 0.33328223062536994, 0.3332366192377359, 0.33333295125578516, 0.3332936558793726, 0.33327459187239444, 0.33303671534832213, 0.3334186459555375, 0.33305366972266187, 0.33324068487516034, 0.33313964619562697, 0.33332361923346326, 0.33337624096810614], ""kernels.0.base_kernel.kernels.1.base_kernel"": [0.6931481805599428, 0.6931481805599428, 0.6931481805599428], ""kernels.1.base_kernel.kernels.0"": [0.40306216334165457, 0.43333663462485567, 0.5096750269825648, 0.10493396903636759, 0.29039674905145774, 0.4193542170192807, 0.36710443276512833, 0.22011469479346749, 0.5019300601232387, 0.4098580715628189, 0.39627115351414877, 0.14835721294941268, 0.17093434979216227, 0.24822102556318634, 0.18098347854857044, 0.3522369353551306, 0.37543114802592736, 0.05133090848877891], ""kernels.1.base_kernel.kernels.1"": [0.6931481805599428, 0.6931481805599428, 0.6931481805599428]}","{""kernels.0"": 0.0004127744029696389, ""kernels.0.base_kernel.kernels.1"": 0.0033452470779035642, ""kernels.1"": 0.8989509558884929}",8,8,24,24,24,archive,1,53
163,138.98021594339127,97.95343568019696,0.5014,local,-3.549775602915176,-82.78242211723858,79.2326465143234,0.10838492167480984,0.6091491409389945,archive,244,54,0.10257696011788517,0.012593284251997747,0.01325883473505566,0.00037286567552336105,0.29877312791740324,0.05159425118919923,0.33340711140796986,0.6931481805599428,"{""kernels.0.base_kernel.kernels.0"": [0.3333239483256528, 0.33319138377790136, 0.333297126654882, 0.333115626970439, 0.3332789593714123, 0.3334855106818508, 0.33320867692597783, 0.3332192775857969, 0.3332924639306334, 0.33351684674494975, 0.3333650367689021, 0.333007942346021, 0.3334185090271518, 0.33291772081243776, 0.33326567219077524, 0.3331195272061287, 0.3333010282912678, 0.3333957137887879], ""kernels.0.base_kernel.kernels.1.base_kernel"": [0.6931481805599428, 0.6931481805599428, 0.6931481805599428], ""kernels.1.base_kernel.kernels.0"": [0.3558686615606525, 0.5455622946634318, 0.5588213357489578, 0.09547601582615639, 0.10368450679909404, 0.5200593443766546, 0.3863211499693075, 0.3362438123834869, 0.42279736237727944, 0.5983475017264368, 0.49944032009208345, 0.13432879373722395, 0.15499345298179562, 0.34793121474347255, 0.4367770774422678, 0.2876089132314275, 0.36698572394108664, 0.05159425118919923], ""kernels.1.base_kernel.kernels.1"": [0.6931481805599428, 0.6931481805599428, 0.6931481805599428]}","{""kernels.0"": 0.00040474407951231997, ""kernels.0.base_kernel.kernels.1"": 0.00334447728674792, ""kernels.1"": 0.8925701623859494}",8,8,24,24,24,archive,0,54
164,275.1012452610705,97.95343568019696,0.5006,global,-3.6523142119174437,-4.746744830406156,1.0944306184887123,0.8974627640891207,1.4118001876593858,global,,,0.5190221520289632,0.012519668333126975,0.013097262451993044,0.00036470874554049863,0.3054235418913675,0.05165783158345578,0.33332475885569723,0.6931481805599428,"{""kernels.0.base_kernel.kernels.0"": [0.33335076879871195, 0.3330819445919736, 0.3332356692781698, 0.3331287363479823, 0.33329335481871525, 0.3334125713106323, 0.3332042312370004, 0.33324478909852734, 0.3333116166834956, 0.33350415396211236, 0.3333277974734736, 0.3330105643773247, 0.3334267956054284, 0.33294681737387977, 0.3331332195714138, 0.333138642307396, 0.3333217202379209, 0.33339604115391913], ""kernels.0.base_kernel.kernels.1.base_kernel"": [0.6931481805599428, 0.6931481805599428, 0.6931481805599428], ""kernels.1.base_kernel.kernels.0"": [0.2952778834310029, 0.48205693286573875, 0.543621703773997, 0.10093303580032881, 0.13786776710822585, 0.44299365646036826, 0.3664778168100043, 0.335832196357677, 0.4219846320189967, 0.5355762655083529, 0.46832086233873826, 0.1479954898056166, 0.19067944609236084, 0.3223923395575134, 0.19122075729129906, 0.32977488350316664, 0.37842407192937794, 0.05165783158345578], ""kernels.1.base_kernel.kernels.1"": [0.6931481805599428, 0.6931481805599428, 0.6931481805599428]}","{""kernels.0"": 0.00040237101026641684, ""kernels.0.base_kernel.kernels.1"": 0.003344254003590999, ""kernels.1"": 0.9125240006602452}",8,8,24,24,24,archive,2,55
165,137.6724961834587,97.95343568019696,0.4966,local,-3.7011037927630506,-84.90980004306084,81.20869625029779,0.14311126855619663,0.8294631252792504,archive,244,54,0.20014997529188358,0.01250366307728811,0.013080860452321012,0.0003649453913843597,0.30542360524043066,0.051657831866764564,0.3333247588930112,0.6931481805599428,"{""kernels.0.base_kernel.kernels.0"": [0.3333507687946526, 0.3330819445301085, 0.33323566932887744, 0.3331287363457193, 0.33329335476890476, 0.3334125711075771, 0.3332042312514806, 0.33324478913783556, 0.3333116167212516, 0.33350415364378777, 0.33332779755434494, 0.33301056442734367, 0.3334267955533507, 0.33294681756810457, 0.33313321990590494, 0.33313864233833984, 0.3333217202316775, 0.3333960411751851], ""kernels.0.base_kernel.kernels.1.base_kernel"": [0.6931481805599428, 0.6931481805599428, 0.6931481805599428], ""kernels.1.base_kernel.kernels.0"": [0.29527780036006024, 0.48205693405239614, 0.5436216865582568, 0.1009330459923018, 0.13786776310427, 0.4429934776647007, 0.36647774799497757, 0.33583218980162965, 0.4219846972579403, 0.535576232562277, 0.4683208376796961, 0.14799544749592985, 0.19067937330047194, 0.3223922999822069, 0.19122075287460125, 0.32977489979289293, 0.378424031524872, 0.051657831866764564], ""kernels.1.base_kernel.kernels.1"": [0.6931481805599428, 0.6931481805599428, 0.6931481805599428]}","{""kernels.0"": 0.00040237100278782634, ""kernels.0.base_kernel.kernels.1"": 0.003344254002911588, ""kernels.1"": 0.9125241907155925}",8,8,24,24,24,archive,0,56
166,387.9711019930563,97.95343568019696,0.3562,global,-3.705945797347289,-4.755640122552495,1.049694325205206,0.4965076982167188,1.4043230374030158,global,,,0.49264172343607715,0.012511626329877686,0.013087170179993229,0.00036614505798519093,0.3064802053280605,0.05165965585392714,0.33332510049610375,0.6931481805599428,"{""kernels.0.base_kernel.kernels.0"": [0.33335076486541254, 0.3330801476343654, 0.33323590366359135, 0.3331289967856781, 0.3332930800682323, 0.33341180194313974, 0.3332040708048352, 0.33324514097476815, 0.33331230241909693, 0.33350151958436974, 0.33332832432686205, 0.333010843317492, 0.33342644806232774, 0.3329479090360623, 0.33313512476933327, 0.3331390645231947, 0.3333218766653455, 0.3333962632242283], ""kernels.0.base_kernel.kernels.1.base_kernel"": [0.6931481805599428, 0.6931481805599428, 0.6931481805599428], ""kernels.1.base_kernel.kernels.0"": [0.2944304365019761, 0.48190489851237944, 0.5432994041003588, 0.10107524382835173, 0.13804473312271048, 0.4424424758593671, 0.3654950231715618, 0.33550847152671814, 0.42270040284435845, 0.5349568326162795, 0.46813090865772966, 0.14763556469867817, 0.18977424128128353, 0.321774615986241, 0.1909002677003425, 0.3302548957308034, 0.3783069186527749, 0.05165965585392714], ""kernels.1.base_kernel.kernels.1"": [0.6931481805599428, 0.6931481805599428, 0.6931481805599428]}","{""kernels.0"": 0.00040232668647341527, ""kernels.0.base_kernel.kernels.1"": 0.0033442498124720966, ""kernels.1"": 0.9156940394852359}",8,8,24,24,24,archive,1,57
167,312.6553421839968,97.95343568019696,0.4966,global,-3.2505504010763526,-4.681672300957079,1.431121899880726,0.8384143181464726,1.399533723686823,global,,,0.45672705903111843,0.012508907650287024,0.013084487057603934,0.0003662568829562261,0.3064802089416333,0.051659655858025094,0.33332510049625036,0.6931481805599428,"{""kernels.0.base_kernel.kernels.0"": [0.33335076486518717, 0.333080147630206, 0.3332359036644863, 0.3331289967860195, 0.333293080067845, 0.3334118019412245, 0.3332040708047688, 0.3332451409753695, 0.33331230242126486, 0.3335015195744138, 0.3333283243268158, 0.3330108433166749, 0.33342644806156246, 0.33294790903760696, 0.3331351247737041, 0.33313906452383807, 0.3333218766656849, 0.33339626322479116], ""kernels.0.base_kernel.kernels.1.base_kernel"": [0.6931481805599428, 0.6931481805599428, 0.6931481805599428], ""kernels.1.base_kernel.kernels.0"": [0.2944304347960253, 0.48190489576870954, 0.5432994039406625, 0.10107524413792182, 0.13804473376958565, 0.44244246896953054, 0.36549502169279047, 0.3355084712069063, 0.42270040412229837, 0.5349568281425094, 0.46813090856149964, 0.14763556408628464, 0.18977423896370538, 0.32177461322268003, 0.19090026724495662, 0.33025489667293795, 0.3783069181940139, 0.051659655858025094], ""kernels.1.base_kernel.kernels.1"": [0.6931481805599428, 0.6931481805599428, 0.6931481805599428]}","{""kernels.0"": 0.000402326686380689, ""kernels.0.base_kernel.kernels.1"": 0.003344249812462967, ""kernels.1"": 0.9156940503260562}",8,8,24,24,24,archive,1,58
168,164.35984426572222,97.95343568019696,0.5002,local,-3.7874487176136618,-72.36789514453862,68.58044642692496,0.225188895120812,1.307542845123206,archive,210,53,0.30179016631861677,0.01258474442893226,0.0131563058474371,0.0003711941639779915,0.31174911951918227,0.05166149125832791,0.33332483910041033,0.6931481805599428,"{""kernels.0.base_kernel.kernels.0"": [0.33335061544589545, 0.33307496093097555, 0.3332359642304768, 0.33312936454893555, 0.3332928092698642, 0.33340803430658716, 0.3332049923666768, 0.33324538196376746, 0.33331322693263, 0.3334960379444545, 0.3333277655112152, 0.33301165547506445, 0.33342596597705915, 0.33294827307053476, 0.333137006310927, 0.3331394083294154, 0.3333219126896055, 0.3333968550862267], ""kernels.0.base_kernel.kernels.1.base_kernel"": [0.6931481805599428, 0.6931481805599428, 0.6931481805599428], ""kernels.1.base_kernel.kernels.0"": [0.29338947952716565, 0.4769978563181875, 0.5426149573114752, 0.10107629809513005, 0.13826512344439662, 0.43627016145333053, 0.36481094002014336, 0.33504965560336863, 0.4228145024037741, 0.531753196095912, 0.46757918822170735, 0.14732310514248495, 0.18787788612173212, 0.31928248228802303, 0.19012061532685298, 0.33041892941151985, 0.37790090555255745, 0.05166149125832791], ""kernels.1.base_kernel.kernels.1"": [0.6931481805599428, 0.6931481805599428, 0.6931481805599428]}","{""kernels.0"": 0.0004022879052032151, ""kernels.0.base_kernel.kernels.1"": 0.003344245171195559, ""kernels.1"": 0.931500825481148}",8,8,24,24,24,archive,1,59
169,149.726439609532,97.95343568019696,0.504,local,-3.754050830728197,-72.98965346901456,69.23560263828637,0.21019238171218346,1.3213355428903413,archive,210,53,0.3286215051666049,0.01252269354913595,0.01309486547693313,0.0003689216098159617,0.30661032283583184,0.051665177955799974,0.33332468093560463,0.6931481805599428,"{""kernels.0.base_kernel.kernels.0"": [0.3333503878417132, 0.3330694573949736, 0.33323670238342656, 0.33313006635394427, 0.3332926620921745, 0.3334040411066129, 0.3332065962890297, 0.3332456655453194, 0.3333160551371247, 0.3334881414115954, 0.3333277000908234, 0.33301394156708436, 0.3334249884343337, 0.3329501010414201, 0.3331400240868281, 0.33314016204233554, 0.3333216617803858, 0.33339711764596336], ""kernels.0.base_kernel.kernels.1.base_kernel"": [0.6931481805599428, 0.6931481805599428, 0.6931481805599428], ""kernels.1.base_kernel.kernels.0"": [0.2928435061871123, 0.47089370280252146, 0.5419833507804064, 0.1016432676830913, 0.13943233908371233, 0.4286945496549311, 0.3644828600799496, 0.3345415401946886, 0.42489159986965436, 0.5279744694504116, 0.46753833604305806, 0.14754957777192113, 0.18599441657572263, 0.3152678304920768, 0.1901731547297601, 0.33165156891277586, 0.37755017305426863, 0.051665177955799974], ""kernels.1.base_kernel.kernels.1"": [0.6931481805599428, 0.6931481805599428, 0.6931481805599428]}","{""kernels.0"": 0.0004022143378981177, ""kernels.0.base_kernel.kernels.1"": 0.003344238124423588, ""kernels.1"": 0.9160845160451737}",8,8,24,24,24,archive,0,60
170,109.59709001882456,97.95343568019696,0.4984,local,-3.84004199597187,-5.579388740922889,1.739346744951019,0.052429235566525303,0.3013956109573584,archive,213,0,0.07656317085942994,0.012507542377400944,0.013079136094722488,0.0003690599348156157,0.30661033090018325,0.05166517796141874,0.3333246809349475,0.6931481805599428,"{""kernels.0.base_kernel.kernels.0"": [0.3333503878407527, 0.3330694573836683, 0.33323670238333336, 0.3331300663542656, 0.3332926620917338, 0.3334040411001085, 0.3332065962904915, 0.3332456655444429, 0.3333160551410082, 0.33348814139788696, 0.33332770008999685, 0.33301394156980246, 0.3334249884335819, 0.3329501010447428, 0.3331400240906291, 0.3331401620423914, 0.3333216617798981, 0.3333971176471699], ""kernels.0.base_kernel.kernels.1.base_kernel"": [0.6931481805599428, 0.6931481805599428, 0.6931481805599428], ""kernels.1.base_kernel.kernels.0"": [0.29284350447171104, 0.47089369336559167, 0.5419833490173787, 0.10164326779089379, 0.13943234057770026, 0.42869453749267866, 0.3644828600855925, 0.3345415369073308, 0.4248916024646741, 0.5279744625979602, 0.4675383360132187, 0.1475495771700624, 0.1859944139356996, 0.31526782343284404, 0.1901731538333055, 0.33165156952347763, 0.3775501723200353, 0.05166517796141874], ""kernels.1.base_kernel.kernels.1"": [0.6931481805599428, 0.6931481805599428, 0.6931481805599428]}","{""kernels.0"": 0.0004022143377962839, ""kernels.0.base_kernel.kernels.1"": 0.003344238124411999, ""kernels.1"": 0.9160845402383414}",8,8,24,24,24,archive,0,61
171,141.01266321577805,97.95343568019696,0.5024,local,-3.7971310547864814,-88.99172195631314,85.19459090152667,0.09672829041312142,0.5244719552595156,archive,139,56,0.15884973741101327,0.012504151228870499,0.013080237452905498,0.0003692485641026298,0.3066103392469799,0.05166517796671782,0.3333246809314792,0.6931481805599428,"{""kernels.0.base_kernel.kernels.0"": [0.33335038784342663, 0.3330694573723554, 0.3332367023811664, 0.33313006635522, 0.3332926620910396, 0.3334040410953364, 0.3332065962893147, 0.33324566554209084, 0.3333160551434251, 0.33348814138500893, 0.33332770008326024, 0.3330139415711711, 0.3334249884337988, 0.3329501010454991, 0.33314002409329585, 0.3331401620400853, 0.3333216617796982, 0.33339711764831803], ""kernels.0.base_kernel.kernels.1.base_kernel"": [0.6931481805599428, 0.6931481805599428, 0.6931481805599428], ""kernels.1.base_kernel.kernels.0"": [0.29284350559499067, 0.4708936821533168, 0.5419833449616124, 0.10164326807993748, 0.13943234148265965, 0.4286945272971577, 0.3644828572633436, 0.3345415337635811, 0.42489160348059374, 0.527974454220903, 0.4675383323123911, 0.147549576239215, 0.18599441312677162, 0.3152678154407888, 0.19017315349555358, 0.3316515684426961, 0.3775501713793278, 0.05166517796671782], ""kernels.1.base_kernel.kernels.1"": [0.6931481805599428, 0.6931481805599428, 0.6931481805599428]}","{""kernels.0"": 0.0004022143377208365, ""kernels.0.base_kernel.kernels.1"": 0.003344238124402377, ""kernels.1"": 0.9160845652788164}",8,8,24,24,24,archive,1,62
172,164.35802085490127,97.95343568019696,0.5,local,-3.4207617334799876,-169.12584388774795,165.70508215426796,0.1618851699145902,1.1883128407729597,archive,222,68,0.2711600089098735,0.012300459993515285,0.012962605440409607,0.00036357253701180855,0.30423511730878117,0.0523950133267905,0.33325645496484235,0.6931481805599428,"{""kernels.0.base_kernel.kernels.0"": [0.3332944930931303, 0.33295853165699885, 0.33320019015518015, 0.33308356512639636, 0.33325985433490296, 0.3332876637762676, 0.3332032192789789, 0.3332405990271506, 0.3333979273273801, 0.33313954721631617, 0.3332804670145653, 0.3330656704325779, 0.3333773781183109, 0.33308974637250666, 0.3331909320924496, 0.33316496826539355, 0.33325305559478174, 0.33345020912147183], ""kernels.0.base_kernel.kernels.1.base_kernel"": [0.6931481805599428, 0.6931481805599428, 0.6931481805599428], ""kernels.1.base_kernel.kernels.0"": [0.45624729369107403, 0.30010486487328264, 0.4404547043059654, 0.13352418886691775, 0.2585695428410957, 0.18745098072085706, 0.40313469181278094, 0.2490469658585019, 0.5181669943850964, 0.39361164716326047, 0.45848073518950694, 0.1409395921303673, 0.2777157255880597, 0.25807275817599795, 0.15666125495294125, 0.39665995439966434, 0.3529607419539869, 0.0523950133267905], ""kernels.1.base_kernel.kernels.1"": [0.6931481805599428, 0.6931481805599428, 0.6931481805599428]}","{""kernels.0"": 0.00039758542681536294, ""kernels.0.base_kernel.kernels.1"": 0.003343619730831379, ""kernels.1"": 0.9089641467686967}",8,8,24,24,24,archive,0,63
173,108.77895562783968,97.95343568019696,0.5002,local,-3.441613294355572,-86.89963285078028,83.4580195564247,0.18698268676942512,0.8270007165390234,archive,244,55,0.16562974168373998,0.012287602430961529,0.012949765833414487,0.00036400805156262296,0.3042351370911454,0.05239501343329104,0.33325645496824663,0.6931481805599428,"{""kernels.0.base_kernel.kernels.0"": [0.3332944931044196, 0.3329585316696766, 0.3332001901542121, 0.33308356512078324, 0.3332598543325905, 0.33328766378641855, 0.33320321927691243, 0.3332405990205428, 0.3333979273128242, 0.333139547228783, 0.3332804670141879, 0.3330656704360112, 0.33337737812434665, 0.3330897463642595, 0.33319093209523276, 0.33316496825893954, 0.33325305560390284, 0.3334502091167787], ""kernels.0.base_kernel.kernels.1.base_kernel"": [0.6931481805599428, 0.6931481805599428, 0.6931481805599428], ""kernels.1.base_kernel.kernels.0"": [0.45624728860731145, 0.300104866533032, 0.440454706751011, 0.1335241698863985, 0.2585695441834814, 0.187450991618051, 0.4031346843238286, 0.24904696184751277, 0.5181669923110157, 0.3936116440579676, 0.4584807298820465, 0.14093960071983758, 0.2777157147369461, 0.2580727587569732, 0.15666125424764976, 0.39665995479297267, 0.35296074436310937, 0.05239501343329104], ""kernels.1.base_kernel.kernels.1"": [0.6931481805599428, 0.6931481805599428, 0.6931481805599428]}","{""kernels.0"": 0.0003975854264521517, ""kernels.0.base_kernel.kernels.1"": 0.0033436197307827034, ""kernels.1"": 0.9089642061162014}",8,8,24,24,24,archive,1,64
174,217.19115502540626,97.95343568019696,0.4996,global,-3.743046050380661,-4.923604017412844,1.1805579670321826,0.9355728476221102,1.4141982303599745,global,,,0.4753430037083305,0.012306613105285583,0.012968556113734061,0.00036516432728513076,0.30552407184914887,0.05242589047395697,0.3332574419776287,0.6931481805599428,"{""kernels.0.base_kernel.kernels.0"": [0.33329784578347166, 0.33296236646194055, 0.3332008274950073, 0.33308211370276397, 0.33325932996887153, 0.3332911974106855, 0.3332026884343833, 0.3332390286117408, 0.3333941490647425, 0.33314342506867717, 0.3332806870531972, 0.33306678897553865, 0.3333789380236619, 0.3330874456675727, 0.3331919167376247, 0.33316361185677495, 0.33325555398638584, 0.33344880010938716], ""kernels.0.base_kernel.kernels.1.base_kernel"": [0.6931481805599428, 0.6931481805599428, 0.6931481805599428], ""kernels.1.base_kernel.kernels.0"": [0.4550538020446848, 0.30162982824195006, 0.4421155708352844, 0.12847822770674555, 0.2590208742398198, 0.19211192205465133, 0.40132852989289336, 0.2487173369175992, 0.5181880653557239, 0.3944454411636211, 0.45749315938693913, 0.14378881823409517, 0.2746863611672514, 0.25865070587209316, 0.15689496373545153, 0.3982288258488799, 0.35354116523648405, 0.05242589047395697], ""kernels.1.base_kernel.kernels.1"": [0.6931481805599428, 0.6931481805599428, 0.6931481805599428]}","{""kernels.0"": 0.0003974792864321044, ""kernels.0.base_kernel.kernels.1"": 0.0033436060444714984, ""kernels.1"": 0.912831130216543}",8,8,24,24,24,archive,1,65
175,120.43913735205749,97.95343568019696,0.4972,local,-3.7680770824745284,-5.654440569021739,1.8863634865472108,0.06102650523083794,0.36639223198146254,archive,213,0,0.0861242762369108,0.012275529206668266,0.012937792512442644,0.00036474169877991406,0.30465810360707996,0.052432040212239336,0.333257635059504,0.6931481805599428,"{""kernels.0.base_kernel.kernels.0"": [0.33329836491699605, 0.33296314659187787, 0.3332010730213173, 0.3330821267360799, 0.3332592464730543, 0.33329188901602447, 0.33320284777417847, 0.33323893226379003, 0.3333934612542455, 0.33314403042918944, 0.3332806954484806, 0.33306674413507836, 0.3333794106416019, 0.3330872448429278, 0.3331922258500951, 0.3331633323576004, 0.3332560236459537, 0.33344869405484895], ""kernels.0.base_kernel.kernels.1.base_kernel"": [0.6931481805599428, 0.6931481805599428, 0.6931481805599428], ""kernels.1.base_kernel.kernels.0"": [0.4547634156406966, 0.30233463511630126, 0.4426366378712651, 0.12796049786499214, 0.25913004728605527, 0.1931608295734966, 0.4011416652160366, 0.24898140304002503, 0.518161495023403, 0.39458469189769313, 0.4572976532151318, 0.14405810827491675, 0.2741440837326037, 0.2590049731039993, 0.15714724505892697, 0.3987158724383901, 0.35367027827891434, 0.052432040212239336], ""kernels.1.base_kernel.kernels.1"": [0.6931481805599428, 0.6931481805599428, 0.6931481805599428]}","{""kernels.0"": 0.00039745882090041866, ""kernels.0.base_kernel.kernels.1"": 0.003343603537914126, ""kernels.1"": 0.9102332484624254}",8,8,24,24,24,archive,0,66
176,158.3844175015479,97.95343568019696,0.5,local,-3.3991619776739324,-142.51212899253304,139.1129670148591,0.1105458301775999,0.5701580555705383,archive,243,65,0.20333820047766854,0.012360544909947231,0.013045603798820133,0.0003713183033230977,0.30465813600462527,0.05243204027302991,0.3332576350591788,0.6931481805599428,"{""kernels.0.base_kernel.kernels.0"": [0.33329836493117554, 0.33296314658925247, 0.3332010730201387, 0.3330821267347706, 0.33325924647239813, 0.33329188902628337, 0.3332028477680104, 0.33323893226658147, 0.33339346124623365, 0.3331440304112262, 0.33328069539723093, 0.333066744135049, 0.33337941063760806, 0.3330872448396157, 0.33319222585138003, 0.3331633323255792, 0.33325602364595946, 0.3334486940550686], ""kernels.0.base_kernel.kernels.1.base_kernel"": [0.6931481805599428, 0.6931481805599428, 0.6931481805599428], ""kernels.1.base_kernel.kernels.0"": [0.4547634088737025, 0.302334626851363, 0.4426366443305019, 0.12796049082624916, 0.25913004965247904, 0.19316083124139874, 0.4011416519166971, 0.24898140420272527, 0.5181614937812438, 0.39458467652044965, 0.45729759711999796, 0.14405811033393232, 0.27414405679552534, 0.25900497959689106, 0.15714724645436212, 0.3987158476318492, 0.35367027190207345, 0.05243204027302991], ""kernels.1.base_kernel.kernels.1"": [0.6931481805599428, 0.6931481805599428, 0.6931481805599428]}","{""kernels.0"": 0.00039745882077755313, ""kernels.0.base_kernel.kernels.1"": 0.00334360353788833, ""kernels.1"": 0.91023334565521}",8,8,24,24,24,archive,0,67
177,117.90037606885764,97.95343568019696,0.501,local,-3.802831559970362,-170.4079547704216,166.60512321045124,0.12296477848455918,0.680437376881178,archive,222,70,0.15256939339120063,0.012284063980613038,0.012932251132449874,0.0003659475990400889,0.3133285407392073,0.052888822069093726,0.33327424204326767,0.6931481805599428,"{""kernels.0.base_kernel.kernels.0"": [0.3334060675760777, 0.3330439579505649, 0.3332520374722498, 0.3330989765095145, 0.33325930512375596, 0.3332891789627794, 0.33319192172239204, 0.3332011918490405, 0.33332972477038936, 0.3331955844928313, 0.3331306772129434, 0.3330764273548503, 0.3334219450523333, 0.333077159527426, 0.33319408616795093, 0.3331531281278854, 0.3333011197290473, 0.3334152011658475], ""kernels.0.base_kernel.kernels.1.base_kernel"": [0.6931481805599428, 0.6931481805599428, 0.6931481805599428], ""kernels.1.base_kernel.kernels.0"": [0.42750977545913327, 0.37140780334834106, 0.5497199729187586, 0.10989206737359405, 0.25721210152811347, 0.3144478405986606, 0.35228689304942323, 0.23525976738412455, 0.4913798681068407, 0.37947064372470274, 0.2504927115596113, 0.15816625802401382, 0.20546231262821996, 0.3402260153254507, 0.17512321877773832, 0.43900209254380523, 0.33741010855028936, 0.052888822069093726], ""kernels.1.base_kernel.kernels.1"": [0.6931481805599428, 0.6931481805599428, 0.6931481805599428]}","{""kernels.0"": 0.00039555035144255626, ""kernels.0.base_kernel.kernels.1"": 0.0033433561587497265, ""kernels.1"": 0.9362467157074297}",8,8,24,24,24,archive,1,68
178,351.9594113242007,97.95343568019696,0.4996,global,-3.9706557504740476,-4.848221223035187,0.8775654725611397,0.7506685641151309,1.3958797937216503,global,,,0.5058047560756783,0.012299449269889549,0.01295194599031464,0.0003674632326074605,0.30832424485690074,0.05294448593653938,0.3332779622956975,0.6931481805599428,"{""kernels.0.base_kernel.kernels.0"": [0.33340221218898614, 0.3330314893245039, 0.33325670926504763, 0.33310900209226496, 0.3332481383929426, 0.33329921532634743, 0.3331918867610587, 0.3332107382549405, 0.3333260969727695, 0.3331916998865917, 0.33315899578365216, 0.3330691890994681, 0.333427407130768, 0.3330652503050347, 0.333198133462748, 0.33317020849348905, 0.33330519650610707, 0.33341334700530145], ""kernels.0.base_kernel.kernels.1.base_kernel"": [0.6931481805599428, 0.6931481805599428, 0.6931481805599428], ""kernels.1.base_kernel.kernels.0"": [0.42646544931595565, 0.3828570003473161, 0.5380592569352356, 0.1091253326189234, 0.251221606733126, 0.31540657814535805, 0.35099000638315436, 0.22942489501019345, 0.48126980174935313, 0.3582693842246352, 0.259191668547961, 0.15113337626308415, 0.20511995760925514, 0.33669920377238355, 0.1747211731815075, 0.45896344939583994, 0.3365236921780665, 0.05294448593653938], ""kernels.1.base_kernel.kernels.1"": [0.6931481805599428, 0.6931481805599428, 0.6931481805599428]}","{""kernels.0"": 0.0003951624352194133, ""kernels.0.base_kernel.kernels.1"": 0.003343311646945867, ""kernels.1"": 0.921234260488537}",8,8,24,24,24,archive,1,69
179,277.97240871245424,97.95343568019696,0.4912,global,-3.8836381401348543,-4.975736008793971,1.092097868659117,1.1409110286400561,1.4118267173685488,global,,,0.5146525198559655,0.012293669696306877,0.012946149604665832,0.00036764391746151964,0.30832425129467,0.05294448594472586,0.3332779622956763,0.6931481805599428,"{""kernels.0.base_kernel.kernels.0"": [0.3334022121884882, 0.33303148932190646, 0.33325670926379897, 0.3331090020932057, 0.3332481383914459, 0.3332992153275536, 0.33319188675791217, 0.33321073825607095, 0.3333260969722652, 0.33319169988627845, 0.33315899578668945, 0.33306918909926736, 0.3334274071314221, 0.33306525030369627, 0.3331981334627831, 0.3331702084944757, 0.3333051965066166, 0.3334133470048481], ""kernels.0.base_kernel.kernels.1.base_kernel"": [0.6931481805599428, 0.6931481805599428, 0.6931481805599428], ""kernels.1.base_kernel.kernels.0"": [0.4264654490310907, 0.38285700105874754, 0.5380592543610127, 0.10912533238936638, 0.2512216053759117, 0.31540657766842917, 0.3509900043688711, 0.22942489520861895, 0.4812698008018906, 0.3582693808432139, 0.25919166810557814, 0.1511333767515574, 0.20511995633966626, 0.33669920319662777, 0.17472117230109008, 0.45896345015815404, 0.33652369165867657, 0.05294448594472586], ""kernels.1.base_kernel.kernels.1"": [0.6931481805599428, 0.6931481805599428, 0.6931481805599428]}","{""kernels.0"": 0.00039516243515057547, ""kernels.0.base_kernel.kernels.1"": 0.0033433116469372376, ""kernels.1"": 0.9212342798019222}",8,8,24,24,24,archive,0,70
180,190.79000866404456,97.95343568019696,0.5,global,-3.902028656314557,-4.805301792470119,0.9032731361555619,0.576814262217454,1.4141492808600589,global,,,0.5093964719413118,0.012315072025284242,0.012964898152176963,0.0003697727849259414,0.31083636918902807,0.05294651041639941,0.33327794860833415,0.6931481805599428,"{""kernels.0.base_kernel.kernels.0"": [0.3334020586552201, 0.33303053574317, 0.33325630032714376, 0.33310940777523984, 0.33324759769952056, 0.33329959688952454, 0.33319101768335085, 0.33321111260197767, 0.3333258824707375, 0.33319156506182307, 0.33316002565580743, 0.3330690965816803, 0.33342761786790337, 0.33306475248588646, 0.3331981373779125, 0.3331706017154344, 0.3333053556953482, 0.3334131988573037], ""kernels.0.base_kernel.kernels.1.base_kernel"": [0.6931481805599428, 0.6931481805599428, 0.6931481805599428], ""kernels.1.base_kernel.kernels.0"": [0.4263083325580571, 0.3830443022125013, 0.5370918947789214, 0.10890095146152387, 0.2507067154251034, 0.31513511570457914, 0.34999307390628115, 0.22945474712131705, 0.4808874906037671, 0.3569887782782001, 0.2589657184521014, 0.15125494421278166, 0.20463079540383902, 0.33645790254916896, 0.17435780341193308, 0.4591186156379805, 0.3363156654534948, 0.05294651041639941], ""kernels.1.base_kernel.kernels.1"": [0.6931481805599428, 0.6931481805599428, 0.6931481805599428]}","{""kernels.0"": 0.00039513837979576554, ""kernels.0.base_kernel.kernels.1"": 0.003343308638017102, ""kernels.1"": 0.9287706605492714}",8,8,24,24,24,archive,2,71
181,97.85348436839446,97.85348436839446,0.5002,local,-3.974004784656151,-5.693150570101217,1.719145785445066,0.03675685059920088,0.19860862208223082,archive,213,0,0.04888044723646006,0.012296583467866534,0.012945734308112439,0.0003699620617768638,0.31083636819832955,0.05294651042408461,0.33327794860873383,0.6931481805599428,"{""kernels.0.base_kernel.kernels.0"": [0.3334020586549422, 0.3330305357412139, 0.33325630032645576, 0.33310940777659953, 0.3332475976983306, 0.3332995968910119, 0.33319101768161313, 0.3332111126033399, 0.33332588247051614, 0.33319156506206243, 0.3331600256589631, 0.33306909658166056, 0.3334276178689135, 0.3330647524853146, 0.3331981373784192, 0.33317060171697577, 0.3333053556959315, 0.33341319885698156], ""kernels.0.base_kernel.kernels.1.base_kernel"": [0.6931481805599428, 0.6931481805599428, 0.6931481805599428], ""kernels.1.base_kernel.kernels.0"": [0.4263083325330538, 0.38304430353736635, 0.5370918926140866, 0.10890095119616819, 0.25070671446021364, 0.3151351161316512, 0.34999307201396485, 0.22945474790743325, 0.4808874900438719, 0.35698877564576964, 0.2589657184444485, 0.15125494470849166, 0.20463079517442434, 0.3364579023822065, 0.1743578033551051, 0.45911861650472213, 0.33631566515628286, 0.05294651042408461], ""kernels.1.base_kernel.kernels.1"": [0.6931481805599428, 0.6931481805599428, 0.6931481805599428]}","{""kernels.0"": 0.000395138379722829, ""kernels.0.base_kernel.kernels.1"": 0.003343308638008733, ""kernels.1"": 0.9287706575772571}",8,8,24,24,24,archive,3,0
182,216.01361891432578,97.85348436839446,0.4998,global,-4.065027461503801,-4.993470493470511,0.9284430319667099,0.8776205560053275,1.4088508619193256,global,,,0.5539983375591897,0.012365661091565,0.012778048229154307,0.0003601165084464103,0.30846725984584816,0.05295111135946933,0.3332782902813114,0.6931481805599428,"{""kernels.0.base_kernel.kernels.0"": [0.33340234740948455, 0.3330299548552733, 0.3332560877803202, 0.333110222520026, 0.3332469577925554, 0.33330049278230267, 0.3331901536915322, 0.3332119522160921, 0.33332588920473516, 0.33319179344301075, 0.33316183134109656, 0.33306917548075055, 0.33342815470553794, 0.3330643860688606, 0.3331984502891159, 0.3331721929486394, 0.3333056990529685, 0.333412984001659], ""kernels.0.base_kernel.kernels.1.base_kernel"": [0.6931481805599428, 0.6931481805599428, 0.6931481805599428], ""kernels.1.base_kernel.kernels.0"": [0.4273437891454454, 0.3846959031243924, 0.5360778193219184, 0.1088904201044886, 0.2502296030572824, 0.3155483854995167, 0.3491357179827814, 0.23012682860732406, 0.480841790172807, 0.3557668175220513, 0.2591003079062088, 0.1518043734031151, 0.20460509421264836, 0.3363958653955858, 0.17448377439943322, 0.46079218482161344, 0.336193484599541, 0.05295111135946933], ""kernels.1.base_kernel.kernels.1"": [0.6931481805599428, 0.6931481805599428, 0.6931481805599428]}","{""kernels.0"": 0.0003950957058585614, ""kernels.0.base_kernel.kernels.1"": 0.0033433039891361204, ""kernels.1"": 0.9216633798425499}",8,8,24,24,24,archive,1,1
183,1089.1183915592842,97.85348436839446,0.5,global,-4.056105769629236,-7.628574085157375,3.5724683155281385,0.8024488310292495,1.4018596221845632,global,,,0.5704514876178122,0.012346151469068718,0.012758020585867676,0.00036024374529741,0.30846726225439686,0.05295111136659134,0.3332782902814905,0.6931481805599428,"{""kernels.0.base_kernel.kernels.0"": [0.333402347409795, 0.3330299548534629, 0.33325608777951593, 0.33311022252104444, 0.3332469577912441, 0.3333004927834651, 0.333190153689716, 0.33321195221717576, 0.3333258892045444, 0.33319179344285405, 0.33316183134369415, 0.333069175480708, 0.3334281547066242, 0.33306438606800604, 0.3331984502894609, 0.3331721929509381, 0.3333056990534185, 0.3334129840014762], ""kernels.0.base_kernel.kernels.1.base_kernel"": [0.6931481805599428, 0.6931481805599428, 0.6931481805599428], ""kernels.1.base_kernel.kernels.0"": [0.427343790475621, 0.3846959052681748, 0.5360778173747442, 0.1088904197162067, 0.2502296019084387, 0.3155483853198682, 0.3491357161844508, 0.23012682911752225, 0.4808417897209416, 0.3557668145838098, 0.2591003073355561, 0.15180437431912613, 0.2046050937772844, 0.3363958650041963, 0.17448377416626892, 0.46079218716397463, 0.3361934841218481, 0.05295111136659134], ""kernels.1.base_kernel.kernels.1"": [0.6931481805599428, 0.6931481805599428, 0.6931481805599428]}","{""kernels.0"": 0.0003950957057903864, ""kernels.0.base_kernel.kernels.1"": 0.0033433039891279472, ""kernels.1"": 0.9216633870682722}",8,8,24,24,24,archive,0,2
184,308.7791714993158,97.85348436839446,0.4996,global,-3.8904503080101587,-5.261226825648191,1.3707765176380327,0.7165157423652377,1.3328354171568042,global,,,0.5618057931678245,0.012469222139734736,0.012882976501365311,0.0003609712067234584,0.31125795625367897,0.052950489902644705,0.3332787723791042,0.6931481805599428,"{""kernels.0.base_kernel.kernels.0"": [0.3334027359648311, 0.33303000984937736, 0.33325685646513264, 0.33311126254748114, 0.33324643953160044, 0.3333006882930757, 0.3331892307018343, 0.33321212780674964, 0.3333255881581366, 0.3331905780754558, 0.3331631507087734, 0.3330691762571145, 0.3334285011496313, 0.333063316243541, 0.33319863728793714, 0.3331732696855948, 0.33330539158229777, 0.33341286136615295], ""kernels.0.base_kernel.kernels.1.base_kernel"": [0.6931481805599428, 0.6931481805599428, 0.6931481805599428], ""kernels.1.base_kernel.kernels.0"": [0.4281246127663976, 0.38585588362417456, 0.5354791226891625, 0.10879964441176664, 0.2498377563308983, 0.31545119271510547, 0.34818408057168315, 0.23000883177997417, 0.48073472471092227, 0.35349906007852894, 0.25924491786934345, 0.15197181979912366, 0.20415965017288598, 0.3343863031869252, 0.1745806708461365, 0.4618769617625595, 0.33569278878861325, 0.052950489902644705], ""kernels.1.base_kernel.kernels.1"": [0.6931481805599428, 0.6931481805599428, 0.6931481805599428]}","{""kernels.0"": 0.0003950686441348148, ""kernels.0.base_kernel.kernels.1"": 0.003343300673960676, ""kernels.1"": 0.9300354994429415}",8,8,24,24,24,archive,1,3
185,292.33133958163626,97.85348436839446,0.4988,global,-4.003628269993677,-4.719232969429183,0.7156046994355059,0.8173796527498768,1.3836716377367992,global,,,0.5438685944910826,0.012457633151323196,0.012871187669077726,0.00036114803864713865,0.31125795507760434,0.05295048990123834,0.33327877238095227,0.6931481805599428,"{""kernels.0.base_kernel.kernels.0"": [0.333402735966659, 0.3330300098506226, 0.3332568564676573, 0.333111262550409, 0.33324643953059957, 0.33330068829424725, 0.33318923070038614, 0.33321212780797116, 0.33332558815781577, 0.3331905780731576, 0.33316315071259456, 0.3330691762565198, 0.3334285011497555, 0.33306331624001184, 0.3331986372886099, 0.3331732696886341, 0.33330539158172706, 0.3334128613656711], ""kernels.0.base_kernel.kernels.1.base_kernel"": [0.6931481805599428, 0.6931481805599428, 0.6931481805599428], ""kernels.1.base_kernel.kernels.0"": [0.42812461501669036, 0.38585588671908067, 0.5354791216292911, 0.10879964441552234, 0.24983775566424077, 0.3154511932703528, 0.3481840783157091, 0.23000883202787042, 0.4807347247301455, 0.3534990546284843, 0.25924491852570347, 0.15197182010648608, 0.20415964932570763, 0.3343862975345783, 0.1745806712630181, 0.46187696448350146, 0.3356927876984649, 0.05295048990123834], ""kernels.1.base_kernel.kernels.1"": [0.6931481805599428, 0.6931481805599428, 0.6931481805599428]}","{""kernels.0"": 0.00039506864405842226, ""kernels.0.base_kernel.kernels.1"": 0.003343300673952396, ""kernels.1"": 0.9300354959148022}",8,8,24,24,24,archive,1,4
186,244.34858135980483,97.85348436839446,0.4994,global,-3.997340824646325,-4.7437081048503575,0.7463672802040326,0.5449319608298007,1.4042506979325924,global,,,0.4842937345139891,0.012444134662540372,0.012857420776773883,0.00036132032501068936,0.3112579540866844,0.05295048989932715,0.33327877238262776,0.6931481805599428,"{""kernels.0.base_kernel.kernels.0"": [0.33340273596847136, 0.333030009851804, 0.33325685646983794, 0.3331112625533783, 0.33324643952951344, 0.3333006882954176, 0.33318923069792156, 0.33321212780928217, 0.33332558815726493, 0.33319057807080843, 0.333163150716466, 0.3330691762561063, 0.3334285011499346, 0.33306331623652846, 0.33319863728941895, 0.3331732696917272, 0.3333053915811154, 0.33341286136512494], ""kernels.0.base_kernel.kernels.1.base_kernel"": [0.6931481805599428, 0.6931481805599428, 0.6931481805599428], ""kernels.1.base_kernel.kernels.0"": [0.42812461718624256, 0.3858558896652005, 0.5354791202046916, 0.10879964433155336, 0.24983775481840262, 0.3154511935976713, 0.3481840756156574, 0.2300088321840402, 0.48073472454662497, 0.35349904892186057, 0.2592449190097116, 0.15197182035460144, 0.20415964831672698, 0.3343862919351959, 0.17458067150694595, 0.46187696714018905, 0.33569278652331525, 0.05295048989932715], ""kernels.1.base_kernel.kernels.1"": [0.6931481805599428, 0.6931481805599428, 0.6931481805599428]}","{""kernels.0"": 0.00039506864398150977, ""kernels.0.base_kernel.kernels.1"": 0.003343300673944015, ""kernels.1"": 0.9300354929421277}",8,8,24,24,24,archive,2,5
187,113.04457471373448,97.85348436839446,0.4966,local,-4.052983210146485,-25.125013430605645,21.07203022045916,0.07521523704661845,0.3598101707490126,archive,190,38,0.08710784372783523,0.012427445504816132,0.012840412958709873,0.0003615465323338074,0.31125795365864306,0.05295048989726989,0.3332787723841959,0.6931481805599428,"{""kernels.0.base_kernel.kernels.0"": [0.33340273597011005, 0.33303000985277037, 0.33325685647163883, 0.33311126255624474, 0.33324643952824146, 0.33330068829675297, 0.33318923069585243, 0.3332121278104756, 0.3333255881567061, 0.33319057806782554, 0.3331631507199779, 0.33306917625566596, 0.3334285011500795, 0.33306331623257146, 0.3331986372901261, 0.3331732696947046, 0.3333053915804855, 0.33341286136468756], ""kernels.0.base_kernel.kernels.1.base_kernel"": [0.6931481805599428, 0.6931481805599428, 0.6931481805599428], ""kernels.1.base_kernel.kernels.0"": [0.42812461913963357, 0.3858558927164735, 0.5354791196175807, 0.1087996441713134, 0.24983775375226833, 0.3154511942180064, 0.3481840725689249, 0.2300088320694451, 0.4807347242027383, 0.3534990427763026, 0.259244919106863, 0.15197182052527242, 0.20415964710365284, 0.3343862864333301, 0.17458067158252077, 0.4618769695886535, 0.3356927853548243, 0.05295048989726989], ""kernels.1.base_kernel.kernels.1"": [0.6931481805599428, 0.6931481805599428, 0.6931481805599428]}","{""kernels.0"": 0.0003950686439066604, ""kernels.0.base_kernel.kernels.1"": 0.0033433006739358216, ""kernels.1"": 0.9300354916580867}",8,8,24,24,24,archive,2,6
188,198.16208122705132,97.85348436839446,0.501,global,-3.8386471996127436,-5.041884536510892,1.2032373368981486,0.6845158034752603,1.4044385163008388,global,,,0.44707369965553684,0.012453323391413345,0.012888418682624365,0.00036447468903628066,0.3112579591361027,0.05295048987994157,0.33327877238833836,0.6931481805599428,"{""kernels.0.base_kernel.kernels.0"": [0.33340273598252573, 0.33303000986309583, 0.3332568564752109, 0.3331112625729512, 0.3332464395195469, 0.33330068830146575, 0.3331892306843693, 0.33321212781642606, 0.3333255881485623, 0.33319057804631186, 0.333163150741348, 0.3330691762506952, 0.3334285011508202, 0.3330633162064109, 0.3331986372938248, 0.3331732697200638, 0.33330539157259365, 0.33341286136227627], ""kernels.0.base_kernel.kernels.1.base_kernel"": [0.6931481805599428, 0.6931481805599428, 0.6931481805599428], ""kernels.1.base_kernel.kernels.0"": [0.4281246178787072, 0.38585590772941936, 0.5354791114146358, 0.10879964316557597, 0.2498377458703579, 0.315451198302246, 0.3481840515639409, 0.23000883199549355, 0.4807347210942797, 0.3534990026239085, 0.25924492287828116, 0.1519718189323005, 0.20415963884029661, 0.33438625304554237, 0.17458067299726346, 0.4618769890777447, 0.3356927765396375, 0.05295048987994157], ""kernels.1.base_kernel.kernels.1"": [0.6931481805599428, 0.6931481805599428, 0.6931481805599428]}","{""kernels.0"": 0.0003950686434803133, ""kernels.0.base_kernel.kernels.1"": 0.003343300673888855, ""kernels.1"": 0.9300355080909389}",8,8,24,24,24,archive,2,7
189,165.82398400369527,97.85348436839446,0.4996,local,-4.050230424313598,-149.13976015446622,145.0895297301526,0.29797077592871024,1.1932765168980337,archive,133,69,0.4185615943018596,0.012445052369541154,0.012879269126442962,0.0003652331341512866,0.3117173845475899,0.052949527218652016,0.3332514693896741,0.6931481805599428,"{""kernels.0.base_kernel.kernels.0"": [0.33340359193777247, 0.33303066996564307, 0.33325707287696954, 0.33311245483962176, 0.33324586590237865, 0.33330102167530057, 0.3331884691643097, 0.3332126016888649, 0.3333250162182441, 0.33318915379255915, 0.3331646046970809, 0.3330687683009211, 0.33342849289184967, 0.3330613839567979, 0.33319887507200396, 0.33317489036175957, 0.33330487865863334, 0.3334128046473789], ""kernels.0.base_kernel.kernels.1.base_kernel"": [0.6931481805599428, 0.6931481805599428, 0.6931481805599428], ""kernels.1.base_kernel.kernels.0"": [0.42797660194394427, 0.3869215684322783, 0.5348598368266497, 0.10872901451137199, 0.2492497279654238, 0.3156848108843665, 0.3467106208096964, 0.22986656863836763, 0.4804526908194257, 0.3507111575181584, 0.2594902615960699, 0.15182575847915986, 0.2035966680259294, 0.33207285715119866, 0.1746220570235066, 0.4631610053866549, 0.3351060767441872, 0.052949527218652016], ""kernels.1.base_kernel.kernels.1"": [0.6931481805599428, 0.6931481805599428, 0.6931481805599428]}","{""kernels.0"": 0.00039504018921862914, ""kernels.0.base_kernel.kernels.1"": 0.003343297508711561, ""kernels.1"": 0.9314138159448395}",8,8,24,24,24,archive,1,8
190,98.65565717104178,97.85348436839446,0.5,local,-4.057782490298213,-25.15448617427734,21.09670368397913,0.06881835150759462,0.4060341510535348,archive,190,38,0.032807506666606534,0.012428338091877168,0.012862120447652768,0.00036536322044031396,0.31171738279216193,0.05294952721920227,0.3332514693892128,0.6931481805599428,"{""kernels.0.base_kernel.kernels.0"": [0.3334035919399788, 0.3330306699671357, 0.33325707287754647, 0.3331124548428243, 0.3332458659008791, 0.3333010216762881, 0.3331884691623403, 0.3332126016903584, 0.33332501621795113, 0.3331891537888318, 0.3331646047012023, 0.3330687683000713, 0.33342849289252996, 0.3330613839522421, 0.3331988750729447, 0.33317489036666237, 0.3333048786573158, 0.33341280464752837], ""kernels.0.base_kernel.kernels.1.base_kernel"": [0.6931481805599428, 0.6931481805599428, 0.6931481805599428], ""kernels.1.base_kernel.kernels.0"": [0.427976601590617, 0.3869215714842975, 0.5348598353686225, 0.10872901435773044, 0.24924972660719602, 0.31568481206377025, 0.3467106172197541, 0.22986656860512, 0.4804526912996984, 0.3507111500962408, 0.25949026264598285, 0.1518257587377695, 0.20359666733422122, 0.33207285095558087, 0.17462205748198456, 0.463161009433005, 0.3351060753061397, 0.05294952721920227], ""kernels.1.base_kernel.kernels.1"": [0.6931481805599428, 0.6931481805599428, 0.6931481805599428]}","{""kernels.0"": 0.00039504018913720117, ""kernels.0.base_kernel.kernels.1"": 0.0033432975087024095, ""kernels.1"": 0.9314138106786463}",8,8,24,24,24,archive,0,9
191,642.9272579339615,97.85348436839446,0.4996,local,-3.5066684462216324,-94.20205036444503,90.69538191822339,0.19031215240456847,0.8857627681178717,archive,244,59,0.1660244793868527,0.012019726553099042,0.012469329712196775,0.0003430912213445685,0.30516217693146924,0.053192337964002356,0.3332574122479593,0.6931481805599428,"{""kernels.0.base_kernel.kernels.0"": [0.33347607871407997, 0.33308698102044365, 0.3333157728066437, 0.33315862146936986, 0.33324258303439785, 0.3333234549224641, 0.33318155356952867, 0.33324904598428945, 0.33335689690930753, 0.33315156284540826, 0.3332394079255009, 0.3330303965575683, 0.3334493538893764, 0.33302845209792276, 0.3332334524318837, 0.3332827814505049, 0.33326577851162914, 0.33340517117182705], ""kernels.0.base_kernel.kernels.1.base_kernel"": [0.6931481805599428, 0.6931481805599428, 0.6931481805599428], ""kernels.1.base_kernel.kernels.0"": [0.44475659868663225, 0.513940420602445, 0.6158994035593115, 0.10388913464940921, 0.31811384732053255, 0.44739586963006484, 0.3079294403309868, 0.34114968428696013, 0.45936620573881204, 0.19747732132027776, 0.2859597532024981, 0.15575756549678724, 0.199272094870449, 0.2465081820170594, 0.15441921699745015, 0.4753833773927341, 0.28954966045855457, 0.053192337964002356], ""kernels.1.base_kernel.kernels.1"": [0.6931481805599428, 0.6931481805599428, 0.6931481805599428]}","{""kernels.0"": 0.0003912820959517883, ""kernels.0.base_kernel.kernels.1"": 0.0033428876686128844, ""kernels.1"": 0.911752361029843}",8,8,24,24,24,archive,1,10
192,104.0720416584573,97.85348436839446,0.5012,local,-1.9459910409562486,-73.31888638732632,71.37289534637007,0.10178034999726894,0.5430694683461337,archive,244,59,0.1748905549792174,0.01416624336533824,0.014379040452088139,0.00045331049475005197,0.310250469335521,0.05403252914596407,0.3333230254435081,0.6931481805599428,"{""kernels.0.base_kernel.kernels.0"": [0.3333024089806917, 0.33312532736101685, 0.3332219937858124, 0.33314374020996484, 0.33317779542867204, 0.33347482493029906, 0.33336440672311557, 0.3331129670991465, 0.3332601698217539, 0.33313579401108084, 0.3333436419063245, 0.33304457676284643, 0.33340517214908355, 0.33300638464210275, 0.3331648713314817, 0.33313451376675873, 0.3332859551300643, 0.333467010908301], ""kernels.0.base_kernel.kernels.1.base_kernel"": [0.6931481805599428, 0.6931481805599428, 0.6931481805599428], ""kernels.1.base_kernel.kernels.0"": [0.05937593044946181, 0.6192949843808159, 0.11499675412540541, 0.10385731196553702, 0.3384469443556128, 0.3820608100496577, 0.5367278147157548, 0.3478497090532428, 0.42510189988724706, 0.39792560168414143, 0.5519472225541495, 0.19593170490344045, 0.441956160574609, 0.24252998751265314, 0.3033691760890567, 0.30240150380661635, 0.4114477149446107, 0.05403252914596407], ""kernels.1.base_kernel.kernels.1"": [0.6931481805599428, 0.6931481805599428, 0.6931481805599428]}","{""kernels.0"": 0.00038740910115762765, ""kernels.0.base_kernel.kernels.1"": 0.0033425320525444636, ""kernels.1"": 0.9270214668528609}",8,8,24,24,24,archive,1,11
193,133.79680068090053,97.85348436839446,0.4954,local,-2.3054072218448356,-119.4767261060879,117.17131888424306,0.17323416844495354,0.9415974517504898,archive,243,70,0.18041432490741513,0.014226939116605495,0.014434666850374759,0.00045674077309068177,0.29989764232504285,0.05445320367302704,0.33329745737136995,0.6931481805599428,"{""kernels.0.base_kernel.kernels.0"": [0.3333165630157304, 0.33317312501728563, 0.3332539245320343, 0.3331609144933675, 0.3331100262599593, 0.33346700182016653, 0.3333898089098237, 0.33311521907501485, 0.33325802125097614, 0.33311406788743575, 0.3333930518221081, 0.33305844474341645, 0.333346773160991, 0.33299460768383204, 0.333052695952116, 0.33311654278673836, 0.33327835172700954, 0.33347236231839944], ""kernels.0.base_kernel.kernels.1.base_kernel"": [0.6931481805599428, 0.6931481805599428, 0.6931481805599428], ""kernels.1.base_kernel.kernels.0"": [0.05974098866410776, 0.582514375221422, 0.12119249584629463, 0.09610360447464139, 0.2818272019656982, 0.3762741270454531, 0.5322671258490488, 0.33357599983915914, 0.4240086505406232, 0.3885891651302603, 0.5401958148823689, 0.20211578533337765, 0.44077269656298473, 0.20655003848458764, 0.2787968770393111, 0.2786362390180951, 0.4070927610649014, 0.05445320367302704], ""kernels.1.base_kernel.kernels.1"": [0.6931481805599428, 0.6931481805599428, 0.6931481805599428]}","{""kernels.0"": 0.00038661937227409793, ""kernels.0.base_kernel.kernels.1"": 0.0033424460377861802, ""kernels.1"": 0.8959638615650684}",8,8,24,24,24,archive,1,12
194,109.76105081425797,97.85348436839446,0.5008,local,-2.7030017275322473,-36.81086829787,34.107866570337755,0.10416556627889097,0.5775377559023156,archive,277,51,0.10455518622731307,0.014328005840416347,0.014534188537638621,0.0004639491678799889,0.30738217368562865,0.054483600594982536,0.33329659013959423,0.6931481805599428,"{""kernels.0.base_kernel.kernels.0"": [0.333315957631543, 0.33317276902955695, 0.3332564427198362, 0.3331612597396483, 0.333109772799917, 0.3334640659841514, 0.33339232440492417, 0.33311679524071985, 0.33325923900262516, 0.33311220355439203, 0.33339513831289164, 0.33305735260611025, 0.33334141121877037, 0.33299472079013465, 0.3330499961890071, 0.33311399684649046, 0.3332772226476454, 0.33347195163506826], ""kernels.0.base_kernel.kernels.1.base_kernel"": [0.6931481805599428, 0.6931481805599428, 0.6931481805599428], ""kernels.1.base_kernel.kernels.0"": [0.0597230755512329, 0.5837492236317142, 0.12200215791239215, 0.09703925307657843, 0.2790808375789382, 0.3779111990703792, 0.531492305123231, 0.33371196952491833, 0.4221171194546364, 0.3838499918956662, 0.5419798940605387, 0.2017372079848211, 0.43384038375093054, 0.20517735408578622, 0.27672976619217005, 0.27471189600084606, 0.405177125777185, 0.054483600594982536], ""kernels.1.base_kernel.kernels.1"": [0.6931481805599428, 0.6931481805599428, 0.6931481805599428]}","{""kernels.0"": 0.000386574515230046, ""kernels.0.base_kernel.kernels.1"": 0.0033424405534933973, ""kernels.1"": 0.9184175059881625}",8,8,24,24,24,archive,0,13
195,101.67074246087587,97.85348436839446,0.4984,local,-2.615952491286919,-125.95703307498208,123.34108058369516,0.15029153042498114,0.7203990344647291,archive,243,71,0.08725355351344552,0.013828555271247451,0.014019338779950824,0.00043180618033267335,0.30192074319837525,0.05686978574742441,0.33328964697551755,0.6931481805599428,"{""kernels.0.base_kernel.kernels.0"": [0.333309110893556, 0.33320994407099147, 0.33327633997437317, 0.33314333241083216, 0.33316938839827126, 0.3332545446239273, 0.3334784190815568, 0.33322046043277054, 0.333304663301173, 0.33317070005963195, 0.3335536447758184, 0.333064476814474, 0.3333388563212991, 0.33312953341815155, 0.33305512207768073, 0.3332034130144845, 0.333302953976662, 0.33343903861692903], ""kernels.0.base_kernel.kernels.1.base_kernel"": [0.6931481805599428, 0.6931481805599428, 0.6931481805599428], ""kernels.1.base_kernel.kernels.0"": [0.060466041176574906, 0.5913544376821968, 0.1807051155429065, 0.10762545272592627, 0.2083200300944878, 0.47243407155629963, 0.4935330429986159, 0.39499423081143675, 0.3902075792939492, 0.23927731712473313, 0.6045264382026688, 0.19080277635971973, 0.4637524689004947, 0.19385909218537886, 0.17178182791168467, 0.27821612945571866, 0.4116417516274658, 0.05686978574742441], ""kernels.1.base_kernel.kernels.1"": [0.6931481805599428, 0.6931481805599428, 0.6931481805599428]}","{""kernels.0"": 0.0003838152231582596, ""kernels.0.base_kernel.kernels.1"": 0.0033421806158793286, ""kernels.1"": 0.9020362337560882}",8,8,24,24,24,archive,0,14
196,125.54439204515847,97.85348436839446,0.4946,local,-2.7080097706968314,-76.0987975502472,73.39078777955037,0.11426964594383364,0.6026638248156465,archive,244,62,0.14700357606193562,0.013858718968346073,0.014088295770290303,0.00043588405443555534,0.3094970123333104,0.05599030813868507,0.33330774207871705,0.6931481805599428,"{""kernels.0.base_kernel.kernels.0"": [0.3334117626077068, 0.33310882095243605, 0.3330052828130676, 0.33319073168602265, 0.3332116869210563, 0.33311388995356556, 0.3332471260815921, 0.3331169466642742, 0.33343659890954985, 0.33334924703227564, 0.33309293320311784, 0.333077853770261, 0.3332662371251585, 0.3330051945395683, 0.3331696689188491, 0.3329960117472946, 0.33322974150884493, 0.3334369929966301], ""kernels.0.base_kernel.kernels.1.base_kernel"": [0.6931481805599428, 0.6931481805599428, 0.6931481805599428], ""kernels.1.base_kernel.kernels.0"": [0.05599030813868507, 0.514774769565835, 0.3618317493490278, 0.0954168841141076, 0.44367535218402215, 0.5465996158607793, 0.38492708265150777, 0.3445867411654977, 0.4928378112338903, 0.14082765969867098, 0.4158556009872639, 0.21141490655916242, 0.525362220251144, 0.1822881832951519, 0.18165370606380327, 0.43644126608094524, 0.4089893256527609, 0.07304031251306142], ""kernels.1.base_kernel.kernels.1"": [0.6931481805599428, 0.6931481805599428, 0.6931481805599428]}","{""kernels.0"": 0.0003766841804475856, ""kernels.0.base_kernel.kernels.1"": 0.0033414044525748735, ""kernels.1"": 0.9247729483669087}",8,8,24,24,24,archive,0,15
197,106.72856307776985,97.85348436839446,0.493,local,-2.8789196915520954,-18.239975612731655,15.36105592117956,0.08128652454418381,0.5081174923183215,archive,296,39,0.14049372469322946,0.013965141799113625,0.014202722862473123,0.0004436690641991578,0.30949702190431844,0.055990308245437916,0.3333077420592248,0.6931481805599428,"{""kernels.0.base_kernel.kernels.0"": [0.3334117626157197, 0.3331088209547839, 0.33300528283162, 0.33319073169451807, 0.3332116869297546, 0.3331138899530345, 0.333247126054019, 0.33311694665863284, 0.3334365988311439, 0.33334924703636654, 0.3330929332056511, 0.3330778537602819, 0.3332662370820831, 0.3330051945488428, 0.33316966892362215, 0.3329960117376735, 0.3332297414898548, 0.3334369930014928], ""kernels.0.base_kernel.kernels.1.base_kernel"": [0.6931481805599428, 0.6931481805599428, 0.6931481805599428], ""kernels.1.base_kernel.kernels.0"": [0.055990308245437916, 0.5147747795352952, 0.3618317711656879, 0.09541689011623464, 0.4436753280144491, 0.5465996026046934, 0.3849270534262282, 0.34458674451066856, 0.4928377672447616, 0.140827669969028, 0.41585559516654125, 0.21141490594514625, 0.5253621743771921, 0.18228816429955083, 0.18165371252611243, 0.4364412470661694, 0.40898931542107186, 0.07304031069287921], ""kernels.1.base_kernel.kernels.1"": [0.6931481805599428, 0.6931481805599428, 0.6931481805599428]}","{""kernels.0"": 0.00037668418037737576, ""kernels.0.base_kernel.kernels.1"": 0.0033414044525404488, ""kernels.1"": 0.9247729770800375}",8,8,24,24,24,archive,1,16
198,106.93770380507904,97.85348436839446,0.4984,local,-2.942386201076151,-75.51577404234882,72.57338784127268,0.14425520309956547,0.8694869820722627,archive,244,63,0.10926575271382373,0.013903756178363902,0.014148294272076194,0.00044033689784554595,0.3056586240358913,0.05634727954890367,0.33319688427452154,0.6931481805599428,"{""kernels.0.base_kernel.kernels.0"": [0.33342755693493914, 0.3331100389508643, 0.33304429587801043, 0.3331998978049627, 0.33321340464947846, 0.3331116681718075, 0.3331855646414106, 0.33310151996641585, 0.3332365541756179, 0.3333493566906273, 0.33311079814994643, 0.33306621893000127, 0.3331804155391204, 0.3330613388275875, 0.33318178643062196, 0.33299546524320556, 0.33319387074408036, 0.33344989256708213], ""kernels.0.base_kernel.kernels.1.base_kernel"": [0.6931481805599428, 0.6931481805599428, 0.6931481805599428], ""kernels.1.base_kernel.kernels.0"": [0.05634727954890367, 0.5408840752557706, 0.40280650619244374, 0.10025561933554591, 0.376318179556059, 0.5177263990630186, 0.31852089052133314, 0.33309059549135617, 0.3922247792794474, 0.1571495898412217, 0.42003378992882756, 0.23187642842215248, 0.4484291032409943, 0.1485262323490198, 0.18757914288337865, 0.38401535079981897, 0.3902089959850396, 0.07169523150822141], ""kernels.1.base_kernel.kernels.1"": [0.6931481805599428, 0.6931481805599428, 0.6931481805599428]}","{""kernels.0"": 0.00037639151009531766, ""kernels.0.base_kernel.kernels.1"": 0.0033412980105364375, ""kernels.1"": 0.9132581825870421}",8,8,24,24,24,archive,0,17
199,114.99313929238568,97.85348436839446,0.4936,local,-3.0986142463757895,-75.29118110433117,72.19256685795538,0.08581335803392669,0.9888686885285725,archive,244,64,0.16251995472329397,0.013921939267441225,0.014169890072962115,0.0004417617149566259,0.30565862448006825,0.05634727978060463,0.33319688427452254,0.6931481805599428,"{""kernels.0.base_kernel.kernels.0"": [0.3334275569320853, 0.33311003895105784, 0.33304429583478135, 0.33319989778926484, 0.33321340464568105, 0.3331116682392282, 0.33318556461809545, 0.33310151999177534, 0.33323655418487375, 0.3333493566801337, 0.3331107981932564, 0.33306621890486826, 0.33318041555521577, 0.3330613388777312, 0.33318178643836593, 0.3329954652760037, 0.33319387075978024, 0.3334498925682423], ""kernels.0.base_kernel.kernels.1.base_kernel"": [0.6931481805599428, 0.6931481805599428, 0.6931481805599428], ""kernels.1.base_kernel.kernels.0"": [0.05634727978060463, 0.5408840854112932, 0.40280651182555177, 0.10025561636249342, 0.37631815885306436, 0.5177264362219545, 0.3185208841019371, 0.33309061184852173, 0.3922247809000548, 0.15714961418378792, 0.4200338259787538, 0.2318764200783432, 0.44842912708234745, 0.14852623292105444, 0.18757913499468246, 0.38401532635901586, 0.3902090055585541, 0.07169523481916856], ""kernels.1.base_kernel.kernels.1"": [0.6931481805599428, 0.6931481805599428, 0.6931481805599428]}","{""kernels.0"": 0.0003763915096899665, ""kernels.0.base_kernel.kernels.1"": 0.003341298010450501, ""kernels.1"": 0.9132581839200642}",8,8,24,24,24,archive,0,18
200,102.5832267839983,97.85348436839446,0.4982,local,-3.092027293877077,-8.66669284086198,5.574665546984903,0.059176228370246414,0.8968768896327955,archive,160,24,0.10179304719017386,0.013700460227628854,0.013920263860355173,0.0004267008418485478,0.31397225800052214,0.058193756749718405,0.33322785157956425,0.6931481805599428,"{""kernels.0.base_kernel.kernels.0"": [0.3334353097803787, 0.33315712127747354, 0.33289521755225093, 0.3331833111537414, 0.33317102454905206, 0.33314525985979954, 0.3330432184358806, 0.3331385758381512, 0.3332921271785717, 0.33330487058742625, 0.3332633854711331, 0.33298099686876154, 0.33321237037437024, 0.33322141441377007, 0.3332559244353611, 0.3331336459363475, 0.3332342887453584, 0.33345363201122435], ""kernels.0.base_kernel.kernels.1.base_kernel"": [0.6931481805599428, 0.6931481805599428, 0.6931481805599428], ""kernels.1.base_kernel.kernels.0"": [0.058193756749718405, 0.6114530962825531, 0.36758387660165653, 0.10144364780479476, 0.2787097695073979, 0.5331087147974312, 0.24945226897978545, 0.37941933401241507, 0.37141761708375065, 0.18871735344910867, 0.5793946686082315, 0.22687427021561468, 0.49488728560951994, 0.1214534193289067, 0.20527269419918612, 0.2836111364261566, 0.40799614933885486, 0.09985274632250579], ""kernels.1.base_kernel.kernels.1"": [0.6931481805599428, 0.6931481805599428, 0.6931481805599428]}","{""kernels.0"": 0.00037468470350521336, ""kernels.0.base_kernel.kernels.1"": 0.003340860081434337, ""kernels.1"": 0.9382012292166269}",8,8,24,24,24,archive,0,19
201,98.97576642137236,97.85348436839446,0.5026,local,-3.296769397656785,-7.497633960458687,4.200864562801902,0.060736426917853796,0.3325797887823155,archive,194,15,0.09721187163179204,0.013654505722176068,0.013874413972612623,0.0004238140957649983,0.31140194238383234,0.05820078345157863,0.33322754447603387,0.6931481805599428,"{""kernels.0.base_kernel.kernels.0"": [0.3334339492338968, 0.33316018339570114, 0.3328998731915431, 0.3331836117076411, 0.3331726322847646, 0.33314930439660956, 0.3330496567946016, 0.3331369383916688, 0.3332948425059868, 0.3333044277011282, 0.3332661972091445, 0.3329831881826359, 0.33321436055002984, 0.33322069340118166, 0.333252962438584, 0.3331343996440118, 0.3332343955508861, 0.33345314279995886], ""kernels.0.base_kernel.kernels.1.base_kernel"": [0.6931481805599428, 0.6931481805599428, 0.6931481805599428], ""kernels.1.base_kernel.kernels.0"": [0.05820078345157863, 0.6105028571089418, 0.36638125407383687, 0.10122942021564008, 0.2793343285954437, 0.5346255519948452, 0.2514979960208497, 0.37722284054490396, 0.37301700290890377, 0.18924867224413738, 0.576681716579891, 0.22774381602667718, 0.49404028248915793, 0.1220429248344374, 0.20410838817922722, 0.28473252404193794, 0.4070197026900862, 0.10063916299568365], ""kernels.1.base_kernel.kernels.1"": [0.6931481805599428, 0.6931481805599428, 0.6931481805599428]}","{""kernels.0"": 0.0003746409126934988, ""kernels.0.base_kernel.kernels.1"": 0.003340855252291719, ""kernels.1"": 0.9304903309865118}",8,8,24,24,24,archive,2,20
202,137.1846138489383,97.85348436839446,0.5004,local,-3.2575894954585713,-50.690683516143835,47.43309402068526,0.12241525168589684,0.8328829013629676,archive,136,59,0.17868935885281448,0.013598824063818106,0.013823653522870296,0.000420490984188745,0.31607742802451927,0.05836109893284143,0.33322808891333444,0.6931481805599428,"{""kernels.0.base_kernel.kernels.0"": [0.3334219384782458, 0.33318688359566845, 0.3329442331756853, 0.333186649051439, 0.3331878194321109, 0.33318710366437265, 0.33311045719444377, 0.33311886347349773, 0.3333197729429594, 0.33330029262983824, 0.33329141736950385, 0.3330017503463925, 0.33323262450390173, 0.33321290787578006, 0.33322355332276715, 0.3331393418086037, 0.3332343622175674, 0.33344911163105995], ""kernels.0.base_kernel.kernels.1.base_kernel"": [0.6931481805599428, 0.6931481805599428, 0.6931481805599428], ""kernels.1.base_kernel.kernels.0"": [0.05836109893284143, 0.6017719465929217, 0.3567973576469825, 0.09978771787299956, 0.28846972241499, 0.555170304753177, 0.270180050668267, 0.3526514352124246, 0.38539269282935495, 0.19185668802879183, 0.5516133449221852, 0.23555068673145257, 0.48613685279655944, 0.12582791657103448, 0.1927684712761563, 0.2931161675190602, 0.39757818204466766, 0.10817915048705559], ""kernels.1.base_kernel.kernels.1"": [0.6931481805599428, 0.6931481805599428, 0.6931481805599428]}","{""kernels.0"": 0.0003742180720628718, ""kernels.0.base_kernel.kernels.1"": 0.003340804250396136, ""kernels.1"": 0.9445172617510987}",8,8,24,24,24,archive,0,21
203,108.64781893492145,97.85348436839446,0.5006,local,-2.051447627529262,-47.79139608821876,45.7399484606895,0.06656466535831598,0.42776997233379144,archive,254,62,0.11283467691193533,0.014193843193205673,0.014438829650344162,0.00046012822255204664,0.32345608453404956,0.057872600891549754,0.3334766674349817,0.6931481805599428,"{""kernels.0.base_kernel.kernels.0"": [0.3333502459978512, 0.33276289591470654, 0.3334986356739962, 0.33326962724440073, 0.3330994050669792, 0.3333727818850841, 0.33350464315050526, 0.33321901487445615, 0.3330386617969649, 0.33291341490215387, 0.33364071999138345, 0.3331364512276318, 0.3334137274194808, 0.3331940610746241, 0.3329425580977706, 0.3332375315457104, 0.3333048605965203, 0.3334546991959673], ""kernels.0.base_kernel.kernels.1.base_kernel"": [0.6931481805599428, 0.6931481805599428, 0.6931481805599428], ""kernels.1.base_kernel.kernels.0"": [0.0682024201086827, 0.37156718064895006, 0.057872600891549754, 0.13171728667001498, 0.39230888435579586, 0.6017230444593077, 0.6442045286780242, 0.3345105905760576, 0.3698794655802478, 0.548961295008882, 0.6273471587139927, 0.18000695019470297, 0.5941460104382364, 0.09876635773611152, 0.5804906456771417, 0.2946105671169023, 0.5040805937385187, 0.44155884480367635], ""kernels.1.base_kernel.kernels.1"": [0.6931481805599428, 0.6931481805599428, 0.6931481805599428]}","{""kernels.0"": 0.0003557098163574727, ""kernels.0.base_kernel.kernels.1"": 0.0033386647934859474, ""kernels.1"": 0.9666738789923053}",8,8,24,24,24,archive,3,22
204,108.02182369044155,97.85348436839446,0.4976,local,-2.2416574465177512,-36.24644857218124,34.00479112566349,0.14269369943255156,0.5043832843909295,archive,277,57,0.14681605424618588,0.014298843155341212,0.014550469185949667,0.000467474672803467,0.32345612526035206,0.057872601173092564,0.33347666743097387,0.6931481805599428,"{""kernels.0.base_kernel.kernels.0"": [0.3333502460124403, 0.33276289594925124, 0.3334986356584283, 0.3332696272428738, 0.333099405070043, 0.333372781916245, 0.3335046431249292, 0.3332190147941585, 0.3330386618083768, 0.33291341488573967, 0.3336407199358761, 0.3331364511889718, 0.33341372741734093, 0.33319406108110794, 0.33294255802574746, 0.33323753151760754, 0.3333048605896214, 0.33345469920351944], ""kernels.0.base_kernel.kernels.1.base_kernel"": [0.6931481805599428, 0.6931481805599428, 0.6931481805599428], ""kernels.1.base_kernel.kernels.0"": [0.06820242022836592, 0.37156714779638345, 0.057872601173092564, 0.1317172708734452, 0.3923088928024147, 0.6017230624022857, 0.6442045214795447, 0.3345105873483565, 0.3698794626962083, 0.5489612681347364, 0.627347158332911, 0.1800069323081014, 0.5941459880279023, 0.0987663574041878, 0.5804905924193576, 0.2946105434215923, 0.5040805833789809, 0.44155884126675204], ""kernels.1.base_kernel.kernels.1"": [0.6931481805599428, 0.6931481805599428, 0.6931481805599428]}","{""kernels.0"": 0.0003557098161733325, ""kernels.0.base_kernel.kernels.1"": 0.0033386647934550416, ""kernels.1"": 0.9666740011714278}",8,8,24,24,24,archive,3,23
205,100.5372623025928,97.85348436839446,0.499,local,-2.63233456585672,-11.814684558865181,9.182349993008462,0.054343809803100766,0.4236802769057639,archive,260,37,0.10162199164210896,0.014320036077975003,0.014560415071693047,0.00046825590398088656,0.32195191274893736,0.06116031564154127,0.3334540800738439,0.6931481805599428,"{""kernels.0.base_kernel.kernels.0"": [0.3333796467128139, 0.33292895316521764, 0.33344061568605493, 0.3332670989806582, 0.33312492437941266, 0.3335189126522372, 0.33342757032106796, 0.3329763234378009, 0.33307658263574996, 0.332913782755398, 0.3335230685810025, 0.3330480840062122, 0.33331039834539194, 0.33318564225542857, 0.3327881677586314, 0.33313816639968946, 0.3332440085795484, 0.3334675444616329], ""kernels.0.base_kernel.kernels.1.base_kernel"": [0.6931481805599428, 0.6931481805599428, 0.6931481805599428], ""kernels.1.base_kernel.kernels.0"": [0.06661469578482793, 0.35295162080889736, 0.06116031564154127, 0.12557119405775824, 0.42363751597850374, 0.6318925327684166, 0.6251262706324556, 0.36204247188834543, 0.40022521256204335, 0.47421102235717516, 0.653002015968337, 0.17105047043413807, 0.5518038883046564, 0.10026022172085788, 0.48585233734532224, 0.261699919196403, 0.47305081632181323, 0.4321661104456047], ""kernels.1.base_kernel.kernels.1"": [0.6931481805599428, 0.6931481805599428, 0.6931481805599428]}","{""kernels.0"": 0.0003546068115263309, ""kernels.0.base_kernel.kernels.1"": 0.003338512614779059, ""kernels.1"": 0.9621626188205068}",8,8,24,24,24,archive,3,24
206,146.51159641711706,97.85348436839446,0.497,local,-2.806126895224407,-61.15030823760536,58.34418134238095,0.08835129098614047,0.45987660351246196,archive,210,68,0.21699780809209981,0.014263829319131885,0.014507357152312385,0.000464713233364613,0.3198356267596079,0.06198334476381798,0.3334541858088448,0.6931481805599428,"{""kernels.0.base_kernel.kernels.0"": [0.3333833690464605, 0.332929581381366, 0.33344117911998267, 0.33327392710241505, 0.33311241406858527, 0.33351233743200714, 0.3333946588056053, 0.33295762067250045, 0.33306144560953116, 0.332899320983312, 0.33352698864292013, 0.3330447926760022, 0.3333063011872783, 0.3331874779689995, 0.33277679137115657, 0.3331434379801178, 0.33323790014457455, 0.33346719249770695], ""kernels.0.base_kernel.kernels.1.base_kernel"": [0.6931481805599428, 0.6931481805599428, 0.6931481805599428], ""kernels.1.base_kernel.kernels.0"": [0.06755218657104825, 0.36248146063172176, 0.06198334476381798, 0.12696758979694073, 0.4173570132006373, 0.6257425209355557, 0.6240756245856931, 0.34143934262475584, 0.37795996613671584, 0.46729909405782655, 0.6481108769784641, 0.16266466337791768, 0.5540750978558565, 0.10070448170971617, 0.49151754953626825, 0.260442878611572, 0.47417587818144186, 0.4226993536450573], ""kernels.1.base_kernel.kernels.1"": [0.6931481805599428, 0.6931481805599428, 0.6931481805599428]}","{""kernels.0"": 0.00035440818225090904, ""kernels.0.base_kernel.kernels.1"": 0.003338476933510855, ""kernels.1"": 0.955813995163062}",8,8,24,24,24,archive,0,25
207,183.61525531079596,97.85348436839446,0.501,local,-2.9520997881531983,-74.8428562581565,71.89075647000331,0.26009409661156146,1.2211845858420358,archive,139,71,0.41921306663402824,0.014283709710332283,0.014528864517990249,0.00046725203033115445,0.31983570077823337,0.061983346951615365,0.33345418582223685,0.6931481805599428,"{""kernels.0.base_kernel.kernels.0"": [0.3333833690424176, 0.3329295813418092, 0.3334411791439535, 0.3332739270964905, 0.33311241405939923, 0.3335123374419607, 0.3333946587748104, 0.33295762069228707, 0.33306144557916767, 0.33289932093511987, 0.33352698865749963, 0.33304479269337267, 0.33330630116849824, 0.33318747796867165, 0.3327767912325646, 0.33314343798640966, 0.33323790013850013, 0.33346719250052026], ""kernels.0.base_kernel.kernels.1.base_kernel"": [0.6931481805599428, 0.6931481805599428, 0.6931481805599428], ""kernels.1.base_kernel.kernels.0"": [0.06755218402228956, 0.36248142433749875, 0.061983346951615365, 0.12696757479545248, 0.41735697479576206, 0.625742448441544, 0.6240756301709317, 0.34143930830908886, 0.37795996984879865, 0.46729899961029053, 0.6481108702375021, 0.1626646762158524, 0.5540750577240559, 0.10070448695891648, 0.49151747976632254, 0.26044290570294937, 0.4741758670941527, 0.42269933825068684], ""kernels.1.base_kernel.kernels.1"": [0.6931481805599428, 0.6931481805599428, 0.6931481805599428]}","{""kernels.0"": 0.00035440818193795674, ""kernels.0.base_kernel.kernels.1"": 0.0033384769334400288, ""kernels.1"": 0.955814217219322}",8,8,24,24,24,archive,3,26
208,100.87041595173014,97.85348436839446,0.4982,local,-3.0011355611984296,-74.9505230248283,71.94938746362988,0.13325857474065397,0.6793080773750841,archive,244,69,0.10209165831567608,0.014034769295756044,0.014292887376806146,0.00045356476519231413,0.3256655290230231,0.06503194602223013,0.3333900071719743,0.6931481805599428,"{""kernels.0.base_kernel.kernels.0"": [0.3333780447509995, 0.3329198397931123, 0.33342395657677854, 0.3332568267243505, 0.33318648927101197, 0.3334364310804937, 0.33340196959294904, 0.33317750071742347, 0.3331110592122706, 0.3329936505335878, 0.3334953873524204, 0.3331466331846415, 0.3333224275997589, 0.3331711957660109, 0.3326975488328403, 0.33313007571572373, 0.33325896400567423, 0.33340259429470276], ""kernels.0.base_kernel.kernels.1.base_kernel"": [0.6931481805599428, 0.6931481805599428, 0.6931481805599428], ""kernels.1.base_kernel.kernels.0"": [0.06503194602223013, 0.4839897827493795, 0.07869408107023211, 0.12235744258068011, 0.4310543413596946, 0.6197948962544708, 0.6201795850919362, 0.27238337619920533, 0.41223523616599406, 0.24655202866061962, 0.5985767857599718, 0.16856522772990296, 0.536605578304133, 0.11355216634500799, 0.375140737252719, 0.31079763168606006, 0.4414774133153462, 0.3582914706573339], ""kernels.1.base_kernel.kernels.1"": [0.6931481805599428, 0.6931481805599428, 0.6931481805599428]}","{""kernels.0"": 0.0003520191846130827, ""kernels.0.base_kernel.kernels.1"": 0.00333810612840634, ""kernels.1"": 0.97330646175605}",8,8,24,24,24,archive,0,27
209,111.89974481699771,97.85348436839446,0.503,local,-3.0877008402632717,-6.548356129655778,3.460655289392506,0.08031225404631032,0.5339565090739826,archive,204,8,0.12391313527293771,0.013963601883850686,0.014226302714401645,0.0004492350901202234,0.3234891947092095,0.06510120536116651,0.3333881077310552,0.6931481805599428,"{""kernels.0.base_kernel.kernels.0"": [0.3333785503151032, 0.3329178797332117, 0.3334232717480303, 0.33325755560459047, 0.3331865318063768, 0.3334344854985913, 0.33339766514700725, 0.3331779338814851, 0.33311028825295114, 0.33299803697993163, 0.3334942420664254, 0.3331470472719614, 0.3333232802567503, 0.33317155567322004, 0.3326989639797574, 0.33313083602690063, 0.33325833365193347, 0.333402391688371], ""kernels.0.base_kernel.kernels.1.base_kernel"": [0.6931481805599428, 0.6931481805599428, 0.6931481805599428], ""kernels.1.base_kernel.kernels.0"": [0.06510120536116651, 0.4842548717100613, 0.07873004390802854, 0.1221366162338471, 0.4311477237355223, 0.6195956746650987, 0.6208661995165211, 0.27244032208311963, 0.4108366289966585, 0.24792406490874316, 0.5998716032758913, 0.16819843931526085, 0.5366658262321646, 0.11365855267106469, 0.3736356094083726, 0.3108248269122247, 0.4413070238804577, 0.35698259155820844], ""kernels.1.base_kernel.kernels.1"": [0.6931481805599428, 0.6931481805599428, 0.6931481805599428]}","{""kernels.0"": 0.0003519864233625491, ""kernels.0.base_kernel.kernels.1"": 0.003338101981658089, ""kernels.1"": 0.9667774957226078}",8,8,24,24,24,archive,2,28
210,108.54055515495415,97.85348436839446,0.4962,local,-3.1675559380474505,-28.008377011241464,24.840821073194014,0.07568883153281687,0.3920803062644202,archive,301,52,0.07784069391175415,0.01395629460089516,0.014212397063400542,0.0004486433828792957,0.32401984322387284,0.06653808512762653,0.33330366539592415,0.6931481805599428,"{""kernels.0.base_kernel.kernels.0"": [0.33339414918673566, 0.3328895008682532, 0.3334110235330609, 0.3332811452236161, 0.3331771565026893, 0.33335502680366025, 0.33332618556823224, 0.33318416122306704, 0.3331111274857865, 0.33311597640521284, 0.33339210895845606, 0.33315654881265927, 0.333350886120388, 0.33317833866117136, 0.33273447359180264, 0.33311206545771066, 0.33324474591076303, 0.3333988986373298], ""kernels.0.base_kernel.kernels.1.base_kernel"": [0.6931481805599428, 0.6931481805599428, 0.6931481805599428], ""kernels.1.base_kernel.kernels.0"": [0.06653808512762653, 0.5174992227940804, 0.0802615115746631, 0.11965900322088195, 0.4205431345009143, 0.6083134447600712, 0.6398657960293067, 0.27010426837960133, 0.3817762636244013, 0.3050374536974848, 0.6074012117227382, 0.17089448280732447, 0.5320709468004903, 0.11085014484945332, 0.312215393469364, 0.2883030063326075, 0.4420417782428952, 0.3167700131436247], ""kernels.1.base_kernel.kernels.1"": [0.6931481805599428, 0.6931481805599428, 0.6931481805599428]}","{""kernels.0"": 0.0003509070546570368, ""kernels.0.base_kernel.kernels.1"": 0.0033379599219935515, ""kernels.1"": 0.968370662694968}",8,8,24,24,24,archive,2,29
211,114.85256556676902,97.85348436839446,0.5,local,-3.265992046098093,-37.674463844991664,34.40847179889357,0.14945340323909168,0.7088870568699833,archive,277,61,0.09218607760763461,0.01402311849630862,0.014304273915682668,0.0004546882185534095,0.3240198572013831,0.06653808480497399,0.33330366539737466,0.6931481805599428,"{""kernels.0.base_kernel.kernels.0"": [0.3333941491869013, 0.3328895008835201, 0.3334110235340317, 0.33328114522374147, 0.33317715649483215, 0.33335502680176926, 0.3333261855710078, 0.3331841612239164, 0.3331111274903431, 0.33311597639687096, 0.33339210891758625, 0.33315654880821444, 0.3333508861172805, 0.3331783386594344, 0.3327344736124875, 0.3331120654652637, 0.3332447459113366, 0.3333988986420609], ""kernels.0.base_kernel.kernels.1.base_kernel"": [0.6931481805599428, 0.6931481805599428, 0.6931481805599428], ""kernels.1.base_kernel.kernels.0"": [0.06653808480497399, 0.517499230434325, 0.08026151168583755, 0.11965900261618388, 0.42054312761945, 0.6083134356916639, 0.6398657886362307, 0.27010427525446223, 0.38177626074077486, 0.3050374506649599, 0.6074011965767758, 0.1708944784636029, 0.5320709442662859, 0.11085014328269088, 0.3122154055469377, 0.288303005635829, 0.4420417789668478, 0.31677000583770965], ""kernels.1.base_kernel.kernels.1"": [0.6931481805599428, 0.6931481805599428, 0.6931481805599428]}","{""kernels.0"": 0.0003509070545338152, ""kernels.0.base_kernel.kernels.1"": 0.0033379599219756865, ""kernels.1"": 0.9683707046276397}",8,8,24,24,24,archive,0,30
212,108.7819304711933,97.85348436839446,0.5046,local,-2.919082501324938,-35.35310416078696,32.434021659462026,0.10236830573329747,0.5675407137945359,archive,307,59,0.08288568313212362,0.014122394609386836,0.014415774171013494,0.0004622594138371864,0.32401991447435946,0.06653808444585514,0.333303665408893,0.6931481805599428,"{""kernels.0.base_kernel.kernels.0"": [0.33339414919014415, 0.3328895009094027, 0.3334110235357326, 0.33328114522754687, 0.3331771564796922, 0.33335502668154765, 0.33332618559023913, 0.3331841612191703, 0.3331111275085194, 0.3331159763758697, 0.3333921087656389, 0.33315654880348455, 0.33335088611425673, 0.333178338652808, 0.33273447362771735, 0.33311206547451594, 0.33324474591077347, 0.333398898650878], ""kernels.0.base_kernel.kernels.1.base_kernel"": [0.6931481805599428, 0.6931481805599428, 0.6931481805599428], ""kernels.1.base_kernel.kernels.0"": [0.06653808444585514, 0.5174992445162683, 0.08026151095401, 0.11965900154719182, 0.4205431112675769, 0.6083133429779581, 0.6398657852260875, 0.27010427748787996, 0.38177625166358226, 0.3050374454696373, 0.607401116846823, 0.17089447219370757, 0.5320709136041121, 0.11085014199921518, 0.3122154135168969, 0.28830299892306904, 0.44204177129059846, 0.31676998883734486], ""kernels.1.base_kernel.kernels.1"": [0.6931481805599428, 0.6931481805599428, 0.6931481805599428]}","{""kernels.0"": 0.0003509070544651549, ""kernels.0.base_kernel.kernels.1"": 0.0033379599219460977, ""kernels.1"": 0.9683708764466672}",8,8,24,24,24,archive,0,31
213,117.33788128929086,97.85348436839446,0.4988,local,-3.022441197073059,-28.57521913453757,25.552777937464512,0.13292431244166072,0.9152972296510788,archive,302,53,0.11358476221998096,0.014101524106917488,0.014384296576628505,0.0004604828371560245,0.32534250307151774,0.06685373299762119,0.33320622830396357,0.6931481805599428,"{""kernels.0.base_kernel.kernels.0"": [0.3334013108947377, 0.3329050747051483, 0.3334191425978443, 0.333291688284754, 0.3331690514957398, 0.3331110503207011, 0.33339288843219306, 0.33318921081368735, 0.3331015081757693, 0.3331097677691468, 0.3331700370074965, 0.33315450183525813, 0.33326415498201556, 0.33317744379119135, 0.3327296122923392, 0.3331169659393449, 0.3332232457942398, 0.3334084751076737], ""kernels.0.base_kernel.kernels.1.base_kernel"": [0.6931481805599428, 0.6931481805599428, 0.6931481805599428], ""kernels.1.base_kernel.kernels.0"": [0.06685373299762119, 0.5283057327654803, 0.08065838103557496, 0.12432800745610689, 0.4166628647863907, 0.45532259664755664, 0.6568846260479122, 0.29093221920153256, 0.36481702770158386, 0.3169495980204785, 0.5077868507978056, 0.17309322660725973, 0.4702194910628789, 0.11262899164897514, 0.3013888268873124, 0.2811643908816238, 0.4246857745626243, 0.3060690215470391], ""kernels.1.base_kernel.kernels.1"": [0.6931481805599428, 0.6931481805599428, 0.6931481805599428]}","{""kernels.0"": 0.00035099303520741095, ""kernels.0.base_kernel.kernels.1"": 0.003337930445445843, ""kernels.1"": 0.9723385857339}",8,8,24,24,24,archive,0,32
214,107.97258534827,97.85348436839446,0.499,local,-3.183741780467025,-36.76299008405306,33.579248303586034,0.11218776949877449,0.8261179546006476,archive,277,61,0.10064180471389993,0.01425396524623245,0.01454653402013931,0.00047148569505456664,0.3253425340022732,0.06685373359938684,0.3332062282933773,0.6931481805599428,"{""kernels.0.base_kernel.kernels.0"": [0.33340131089186675, 0.3329050747006772, 0.3334191425978363, 0.33329168828144484, 0.33316905149701337, 0.3331110503270083, 0.33339288848195653, 0.33318921080832087, 0.33310150819959605, 0.3331097677786895, 0.33317003691652414, 0.3331545018333507, 0.3332641548869304, 0.33317744379114544, 0.3327296123136062, 0.3331169659605128, 0.3332232457784338, 0.3334084751005749], ""kernels.0.base_kernel.kernels.1.base_kernel"": [0.6931481805599428, 0.6931481805599428, 0.6931481805599428], ""kernels.1.base_kernel.kernels.0"": [0.06685373359938684, 0.5283057265009281, 0.08065838343517051, 0.12432800062315762, 0.4166628659323456, 0.45532257493181194, 0.6568846085554698, 0.29093222131729735, 0.36481702361952156, 0.31694960582127296, 0.5077868280753504, 0.17309321746070974, 0.47021946669735365, 0.11262898857755269, 0.3013888206892256, 0.2811644066850869, 0.42468577198298085, 0.30606897859834975], ""kernels.1.base_kernel.kernels.1"": [0.6931481805599428, 0.6931481805599428, 0.6931481805599428]}","{""kernels.0"": 0.0003509930351484037, ""kernels.0.base_kernel.kernels.1"": 0.0033379304454162874, ""kernels.1"": 0.9723386785262549}",8,8,24,24,24,archive,2,33
215,109.47417773524445,97.85348436839446,0.5,local,-3.2163718454245824,-35.2028321434397,31.986460298015118,0.08215122421756023,0.6872635631006048,archive,307,60,0.1084592128514518,0.01420930376325346,0.014519818772718419,0.000469901118016684,0.31888163534533326,0.06990190245656243,0.3331869798719336,0.6931481805599428,"{""kernels.0.base_kernel.kernels.0"": [0.33339562028822944, 0.33289315516802215, 0.3334218892184476, 0.3332850577545552, 0.333159839574075, 0.3331308883167853, 0.3334825853155207, 0.3331738929689337, 0.3331247404836554, 0.33313900557963927, 0.33297617329357515, 0.33315753344626897, 0.33306950085315434, 0.33318509247684713, 0.3328085268974617, 0.33315798797329205, 0.3331888672670201, 0.33339316033104327], ""kernels.0.base_kernel.kernels.1.base_kernel"": [0.6931481805599428, 0.6931481805599428, 0.6931481805599428], ""kernels.1.base_kernel.kernels.0"": [0.06990190245656243, 0.5141034553286943, 0.08867996847429854, 0.10762452396034089, 0.41044275503763084, 0.4313337994716258, 0.6189042794981993, 0.2863436193188744, 0.3615321101926258, 0.3403291099405892, 0.45216422231560627, 0.1654847027060394, 0.42257849842352946, 0.10838611525587966, 0.3128254125509789, 0.3277716241176255, 0.4181714491727386, 0.2316975667124716], ""kernels.1.base_kernel.kernels.1"": [0.6931481805599428, 0.6931481805599428, 0.6931481805599428]}","{""kernels.0"": 0.0003508671622767593, ""kernels.0.base_kernel.kernels.1"": 0.0033378704984401695, ""kernels.1"": 0.9529561683752827}",8,8,24,24,24,archive,1,34
216,108.04955084937042,97.85348436839446,0.498,local,-3.330757841324683,-6.522222567905052,3.191464726580369,0.057357349363429184,0.46980075436942514,archive,204,8,0.09281854810781513,0.013898626480999786,0.014189323093839397,0.0004490045947131391,0.3278693743564856,0.07015471202866028,0.3331812449913806,0.6931481805599428,"{""kernels.0.base_kernel.kernels.0"": [0.33339389538205055, 0.33289124383320234, 0.33343036481164323, 0.33328274703033006, 0.3331527438497335, 0.333139961186453, 0.33345326211975035, 0.33318194415766844, 0.333151033637611, 0.3331373408234938, 0.33294588582789664, 0.3331542514375504, 0.3330130700590265, 0.3331854118811695, 0.33280851842738596, 0.3331400390106149, 0.33318054582509266, 0.33339396961195794], ""kernels.0.base_kernel.kernels.1.base_kernel"": [0.6931481805599428, 0.6931481805599428, 0.6931481805599428], ""kernels.1.base_kernel.kernels.0"": [0.07015471202866028, 0.540438622637047, 0.0927857214351531, 0.1254231517877117, 0.404072035286946, 0.43365999560660967, 0.6192722191650311, 0.28149563026436936, 0.3677783787980428, 0.32226124066747663, 0.44519434365378474, 0.1784476502489369, 0.3878880263013977, 0.11378220522622598, 0.29749587817238576, 0.2976222737232267, 0.4121510052002873, 0.20943480789923505], ""kernels.1.base_kernel.kernels.1"": [0.6931481805599428, 0.6931481805599428, 0.6931481805599428]}","{""kernels.0"": 0.0003508281982456395, ""kernels.0.base_kernel.kernels.1"": 0.0033378336442682946, ""kernels.1"": 0.979919461226943}",8,8,24,24,24,archive,1,35
217,98.47595699508436,97.85348436839446,0.501,local,-2.8986783043665767,-8.958941603647908,6.060263299281331,0.07722197163291615,0.8233169995299671,archive,160,25,0.08104391722307148,0.0130395726849436,0.013296489445847099,0.00039428320877229437,0.32239088720790027,0.06521599716758525,0.33324727687590494,0.6931481805599428,"{""kernels.0.base_kernel.kernels.0"": [0.3333825426998542, 0.3330586919283449, 0.33326576195474006, 0.33323197089897916, 0.3332107666785564, 0.3331239503683723, 0.3331296168916334, 0.3333160935164075, 0.33334839435289554, 0.33326972825308937, 0.3329829309221636, 0.33314511247423156, 0.3331040156844009, 0.3332470083926013, 0.33324754535920864, 0.33320791807439565, 0.33322701347879585, 0.33343670525844327], ""kernels.0.base_kernel.kernels.1.base_kernel"": [0.6931481805599428, 0.6931481805599428, 0.6931481805599428], ""kernels.1.base_kernel.kernels.0"": [0.06521599716758525, 0.6321267108139659, 0.26489205148722905, 0.10956108819579427, 0.3751662957977159, 0.38090865989664174, 0.4116726978436945, 0.3030436682517304, 0.4542590508596799, 0.20702327973826085, 0.4953268279705341, 0.21129455834249294, 0.39951797746607054, 0.14034050476351045, 0.21132046374034544, 0.3251308136586491, 0.39793607237147155, 0.09247639710578691], ""kernels.1.base_kernel.kernels.1"": [0.6931481805599428, 0.6931481805599428, 0.6931481805599428]}","{""kernels.0"": 0.0003492481972696867, ""kernels.0.base_kernel.kernels.1"": 0.0033374263976946863, ""kernels.1"": 0.9634859870287364}",8,8,24,24,24,archive,1,36
218,100.32261154731245,97.85348436839446,0.494,local,-3.260779291474998,-8.951046900712473,5.690267609237475,0.04332887453287187,0.549517953221195,archive,160,26,0.05538620875020562,0.013044120450543673,0.013310891613772267,0.00039501146736129606,0.3223908817663929,0.06521599713300111,0.333247276870445,0.6931481805599428,"{""kernels.0.base_kernel.kernels.0"": [0.33338254270229967, 0.3330586919342281, 0.3332657619418739, 0.3332319708986117, 0.3332107666734247, 0.33312395036889475, 0.33312961691365933, 0.3333160935051374, 0.3333483943485248, 0.3332697282561132, 0.3329829309253703, 0.3331451124691834, 0.3331040156856463, 0.33324700838722665, 0.3332475453536633, 0.3332079180659797, 0.3332270134751553, 0.3334367052610659], ""kernels.0.base_kernel.kernels.1.base_kernel"": [0.6931481805599428, 0.6931481805599428, 0.6931481805599428], ""kernels.1.base_kernel.kernels.0"": [0.06521599713300111, 0.6321267050269936, 0.2648920520161725, 0.10956108836760267, 0.37516629304772914, 0.3809086735736511, 0.4116727117812807, 0.30304367211623084, 0.4542590457771532, 0.20702328040981172, 0.49532682262081495, 0.2112945590076235, 0.3995179859885621, 0.14034050361742023, 0.21132046606740595, 0.3251308113561596, 0.39793607342654047, 0.0924763965092053], ""kernels.1.base_kernel.kernels.1"": [0.6931481805599428, 0.6931481805599428, 0.6931481805599428]}","{""kernels.0"": 0.0003492481971946327, ""kernels.0.base_kernel.kernels.1"": 0.0033374263976804256, ""kernels.1"": 0.9634859707043036}",8,8,24,24,24,archive,1,37
219,100.66084478810677,97.85348436839446,0.502,local,-3.402755305302473,-19.828321789853998,16.425566484551524,0.06048933528545128,0.3237669257304537,archive,296,45,0.060519166454462696,0.013102715233801557,0.01337458810482112,0.0003987568191345411,0.3223908605209413,0.0652159973215041,0.3332472768559197,0.6931481805599428,"{""kernels.0.base_kernel.kernels.0"": [0.3333825427075667, 0.33305869196934346, 0.3332657619051877, 0.33323197089487133, 0.33321076665054483, 0.3331239503805801, 0.3331296169990104, 0.33331609347165925, 0.3333483943445944, 0.3332697282622709, 0.3329829309244015, 0.33314511244883893, 0.3331040156995899, 0.3332470083704181, 0.3332475453414213, 0.33320791803751104, 0.33322701346656647, 0.33343670526739494], ""kernels.0.base_kernel.kernels.1.base_kernel"": [0.6931481805599428, 0.6931481805599428, 0.6931481805599428], ""kernels.1.base_kernel.kernels.0"": [0.0652159973215041, 0.632126692828204, 0.2648920547216636, 0.10956108843068349, 0.37516628502741706, 0.38090872004679277, 0.4116727589641954, 0.30304368163967077, 0.4542590344300961, 0.2070232764374929, 0.49532679105312705, 0.21129455561882693, 0.399518018458992, 0.14034049966322729, 0.2113204776497891, 0.3251307952772275, 0.3979360771032497, 0.09247639592613417], ""kernels.1.base_kernel.kernels.1"": [0.6931481805599428, 0.6931481805599428, 0.6931481805599428]}","{""kernels.0"": 0.000349248196942013, ""kernels.0.base_kernel.kernels.1"": 0.003337426397637546, ""kernels.1"": 0.9634859069682442}",8,8,24,24,24,archive,2,38
220,163.65114819631543,97.85348436839446,0.5016,local,-3.4900228899508194,-53.3261049475958,49.83608205764498,0.2425015250122269,1.0722330566492932,archive,136,71,0.39893285233957165,0.013130422513889826,0.013404315714934147,0.0004005057559531154,0.3223908221887682,0.06521599795492533,0.33324727683695365,0.6931481805599428,"{""kernels.0.base_kernel.kernels.0"": [0.33338254271228557, 0.33305869201941923, 0.3332657618553944, 0.3332319708927378, 0.33321076663425525, 0.33312395040370124, 0.33312961709123445, 0.333316093428103, 0.33334839434496105, 0.3332697282678898, 0.3329829309313434, 0.33314511242442624, 0.3331040157174679, 0.3332470083492224, 0.3332475453246849, 0.3332079180053273, 0.33322701345775385, 0.3334367052754317], ""kernels.0.base_kernel.kernels.1.base_kernel"": [0.6931481805599428, 0.6931481805599428, 0.6931481805599428], ""kernels.1.base_kernel.kernels.0"": [0.06521599795492533, 0.6321266806171216, 0.2648920641676219, 0.10956109006896494, 0.37516628508322414, 0.38090879656537907, 0.41167281766266467, 0.30304368322276737, 0.45425902376277866, 0.20702326567848955, 0.49532676230144385, 0.21129455287335341, 0.39951806244603755, 0.14034049116194205, 0.21132048970396616, 0.32513077869172957, 0.3979360842587054, 0.09247639559799502], ""kernels.1.base_kernel.kernels.1"": [0.6931481805599428, 0.6931481805599428, 0.6931481805599428]}","{""kernels.0"": 0.00034924819662533226, ""kernels.0.base_kernel.kernels.1"": 0.0033374263975861516, ""kernels.1"": 0.9634857919720932}",8,8,24,24,24,archive,0,39
221,107.52858339924575,97.85348436839446,0.4976,local,-3.475741102393583,-19.898632620767156,16.42289151837357,0.06565924640401363,0.3133558839799616,archive,296,46,0.07282727908130847,0.013094735912068252,0.013370686636265679,0.000399635644907424,0.3197326799098347,0.0652576430637631,0.3332459569915937,0.6931481805599428,"{""kernels.0.base_kernel.kernels.0"": [0.33338292152793025, 0.3330623072566062, 0.3332623942129642, 0.33323180712764805, 0.3332096206528915, 0.33312554366023195, 0.3331358658433788, 0.3333131084484149, 0.3333484066583405, 0.33327008095723165, 0.33298299629740835, 0.3331433648608425, 0.33310525686551384, 0.33324561356122295, 0.33324630042196446, 0.3332057563671353, 0.3332264377604942, 0.3334372871224586], ""kernels.0.base_kernel.kernels.1.base_kernel"": [0.6931481805599428, 0.6931481805599428, 0.6931481805599428], ""kernels.1.base_kernel.kernels.0"": [0.0652576430637631, 0.6313047739094083, 0.26554799552614233, 0.10965418305140917, 0.3751130535569788, 0.3865563347426762, 0.4159089508713394, 0.3031505084523046, 0.4534823771105568, 0.20622437024691936, 0.49340194473069143, 0.2110357448054007, 0.4025070455503956, 0.13978453623127407, 0.21206286846431463, 0.3239519671626103, 0.3983596489159015, 0.09246222802611394], ""kernels.1.base_kernel.kernels.1"": [0.6931481805599428, 0.6931481805599428, 0.6931481805599428]}","{""kernels.0"": 0.0003492267870434948, ""kernels.0.base_kernel.kernels.1"": 0.0033374229181565977, ""kernels.1"": 0.9555113900243042}",8,8,24,24,24,archive,1,40
222,255.65095374136672,97.85348436839446,0.5,global,-3.5922893753055742,-4.877836471010253,1.285547095704679,0.3902888062241868,1.2779430769039324,global,,,0.48354886717522816,0.01329353963857343,0.013580269148533696,0.00041248882129648614,0.3235488772331746,0.06525550583285142,0.3332444118466512,0.6931481805599428,"{""kernels.0.base_kernel.kernels.0"": [0.3333839337939337, 0.3330667139661183, 0.3332587405088671, 0.3332313090353378, 0.333207415305338, 0.3331260811464899, 0.333137126420901, 0.3333101606087705, 0.3333476756571019, 0.33327032053791933, 0.3329817706577099, 0.33314188564497055, 0.33310548273736423, 0.3332442230463566, 0.3332446006469458, 0.3332025504288664, 0.33322508057624367, 0.3334380161267494], ""kernels.0.base_kernel.kernels.1.base_kernel"": [0.6931481805599428, 0.6931481805599428, 0.6931481805599428], ""kernels.1.base_kernel.kernels.0"": [0.06525550583285142, 0.6301664823303945, 0.2640105966227827, 0.10953982483772365, 0.37462343408561166, 0.3908166453914064, 0.4170687598787814, 0.3036174686383258, 0.4516425093462619, 0.2048786298150724, 0.49038213354114757, 0.21121877016790316, 0.4032416998088437, 0.13933181824964963, 0.21214899907279303, 0.32171459843502054, 0.39777929370467424, 0.0924948637018141], ""kernels.1.base_kernel.kernels.1"": [0.6931481805599428, 0.6931481805599428, 0.6931481805599428]}","{""kernels.0"": 0.0003492137994365503, ""kernels.0.base_kernel.kernels.1"": 0.0033374194625725305, ""kernels.1"": 0.9669599984375147}",8,8,24,24,24,archive,3,41
223,98.66711184499621,97.85348436839446,0.4986,local,-3.6195493173985342,-10.28962261422454,6.670073296826005,0.06262007193000584,0.3190924092316637,archive,312,38,0.05895313932251272,0.013296758716578184,0.01357893155348953,0.0004134926296633254,0.32040442900556115,0.06543523463799299,0.3332228244892276,0.6931481805599428,"{""kernels.0.base_kernel.kernels.0"": [0.3333983523526845, 0.3331259232309138, 0.3332132810499964, 0.33322497933813017, 0.33317843146490256, 0.3331352788294294, 0.3331515776581829, 0.3332715018044022, 0.3333416962713937, 0.3332801133153704, 0.3329614356708656, 0.33312245807624136, 0.3331085960096252, 0.3332260097119242, 0.33322066964032493, 0.3331643413663209, 0.3332081056987418, 0.3334467296124741], ""kernels.0.base_kernel.kernels.1.base_kernel"": [0.6931481805599428, 0.6931481805599428, 0.6931481805599428], ""kernels.1.base_kernel.kernels.0"": [0.06543523463799299, 0.6167361872999851, 0.2529991086784584, 0.10952018430832838, 0.3682945490913603, 0.4368916534653356, 0.4368320223663155, 0.3150718562707434, 0.4334010024151405, 0.19607023526777034, 0.4518696331035182, 0.2158937392285007, 0.41626313602710296, 0.13509119848909762, 0.21367058361283336, 0.3009919749085297, 0.3904887098257957, 0.09355526300462803], ""kernels.1.base_kernel.kernels.1"": [0.6931481805599428, 0.6931481805599428, 0.6931481805599428]}","{""kernels.0"": 0.00034899500149616577, ""kernels.0.base_kernel.kernels.1"": 0.003337369648174628, ""kernels.1"": 0.9575269223670128}",8,8,24,24,24,archive,1,42
224,858.0698491283626,97.85348436839446,0.4992,global,-3.819321075939824,-5.05326088089868,1.233939804958856,1.1594203487015742,1.4104845211264783,global,,,0.5202447648895624,0.013206315314382011,0.013483315803775538,0.0004075869047567542,0.320112448699454,0.06547182917120255,0.33322208653881025,0.6931481805599428,"{""kernels.0.base_kernel.kernels.0"": [0.33339907265172025, 0.3331274466358385, 0.3332121762486762, 0.3332248126248509, 0.33317715506567386, 0.3331339440534478, 0.33315185457203644, 0.3332699211076094, 0.33334141581146504, 0.33328099817969326, 0.3329602705326286, 0.33312137881191806, 0.3331079850592252, 0.33322532488397705, 0.3332193604527697, 0.33316362492930557, 0.3332073063204998, 0.33344703417499844], ""kernels.0.base_kernel.kernels.1.base_kernel"": [0.6931481805599428, 0.6931481805599428, 0.6931481805599428], ""kernels.1.base_kernel.kernels.0"": [0.06547182917120255, 0.6169954703953506, 0.25304119872291886, 0.10954549645451073, 0.36859150901667614, 0.4360535566290399, 0.4380563847535602, 0.31594378480323826, 0.4338578932535049, 0.19653358926913128, 0.4504585770001832, 0.21595777345237485, 0.41665298459921857, 0.1350515703079008, 0.21325010539198747, 0.3014841896819251, 0.39006469431160395, 0.09363084574041518], ""kernels.1.base_kernel.kernels.1"": [0.6931481805599428, 0.6931481805599428, 0.6931481805599428]}","{""kernels.0"": 0.00034898335203858554, ""kernels.0.base_kernel.kernels.1"": 0.0033373665556197768, ""kernels.1"": 0.9566509961907036}",8,8,24,24,24,archive,3,43
225,98.53064843232295,97.85348436839446,0.4952,local,-3.3388554161251602,-6.150745260408505,2.811889844283345,0.03276187351835404,0.21805456537524381,archive,321,2,0.057691159281361246,0.013006029458952595,0.01326641921107131,0.0003900185507528146,0.3256099574900151,0.06674016114419815,0.3332172038947374,0.6931481805599428,"{""kernels.0.base_kernel.kernels.0"": [0.33340955810224976, 0.33316208437556954, 0.3332013506743251, 0.3332273788174968, 0.33304831587582623, 0.33312700517736776, 0.33316488315497306, 0.3332538724731511, 0.33331379028499464, 0.3333036836338283, 0.33294465769899184, 0.33310327493773234, 0.33311372307891196, 0.3332268159696176, 0.33320759181985715, 0.3331642187732138, 0.3332001822805304, 0.3334577382470705], ""kernels.0.base_kernel.kernels.1.base_kernel"": [0.6931481805599428, 0.6931481805599428, 0.6931481805599428], ""kernels.1.base_kernel.kernels.0"": [0.06674016114419815, 0.6199887506723412, 0.2634578385133046, 0.11598192237943221, 0.1969798439310586, 0.44144349831545826, 0.4630618791430505, 0.3398377638890178, 0.3661094596480038, 0.2268938789292784, 0.43031007480195976, 0.22439271577106995, 0.43756049607216946, 0.14056179069090446, 0.21321602810653176, 0.3208870701559629, 0.3889684141983131, 0.09629249123364522], ""kernels.1.base_kernel.kernels.1"": [0.6931481805599428, 0.6931481805599428, 0.6931481805599428]}","{""kernels.0"": 0.0003489161528342526, ""kernels.0.base_kernel.kernels.1"": 0.0033373222769024556, ""kernels.1"": 0.9731436340403086}",8,8,24,24,24,archive,2,44
226,98.69909779313747,97.85348436839446,0.5,local,-3.6307684760132926,-35.35435695449023,31.723588478476934,0.08715813884809662,0.7508066700396885,archive,164,60,0.060804904413001695,0.012932834756192103,0.013239053456044076,0.00038831807270694226,0.3245329849693289,0.06678071460710522,0.33321649792228236,0.6931481805599428,"{""kernels.0.base_kernel.kernels.0"": [0.3334098473375588, 0.3331715733227772, 0.33319779767457625, 0.333226035982461, 0.33305550136326106, 0.33312447302741516, 0.33316785650702874, 0.3332528787087017, 0.3333229514104594, 0.33330515302823516, 0.3329467061451744, 0.333103112063274, 0.3331115980497443, 0.33322636399501404, 0.3332069598621037, 0.3331606040680958, 0.3331999918376288, 0.33345634232524707], ""kernels.0.base_kernel.kernels.1.base_kernel"": [0.6931481805599428, 0.6931481805599428, 0.6931481805599428], ""kernels.1.base_kernel.kernels.0"": [0.06678071460710522, 0.6214334981747544, 0.2634656991359582, 0.1141220699033077, 0.19828655472904277, 0.4365190120762838, 0.4636449451810043, 0.34520940611455814, 0.3721904680639693, 0.23021821378476012, 0.4361031687994743, 0.2256008132668626, 0.4336490507368121, 0.13981713166985296, 0.21567568264430892, 0.3175285121539159, 0.3863344248438822, 0.09582500390300244], ""kernels.1.base_kernel.kernels.1"": [0.6931481805599428, 0.6931481805599428, 0.6931481805599428]}","{""kernels.0"": 0.00034887237291162494, ""kernels.0.base_kernel.kernels.1"": 0.003337314520795703, ""kernels.1"": 0.9699127680142794}",8,8,24,24,24,archive,2,45
227,233.05895608082812,97.85348436839446,0.4956,global,-3.5030716412962684,-4.904402157443883,1.4013305161476146,0.7007263869806736,1.3740760420254567,global,,,0.49102575442595947,0.01284963763683706,0.013184719850281862,0.0003850585232626009,0.3241361534036798,0.06681320982054444,0.3332161344449368,0.6931481805599428,"{""kernels.0.base_kernel.kernels.0"": [0.3334099782550317, 0.3331743639558282, 0.33319666805927933, 0.3332257043201424, 0.33305755266650616, 0.333123741681003, 0.33316883214229703, 0.3332525285405054, 0.33332562506151625, 0.33330551973030337, 0.3329472877686196, 0.33310292810698333, 0.3331112005707657, 0.3332264058239376, 0.33320656456973113, 0.33315976865738656, 0.33319991383207104, 0.3334560940699527], ""kernels.0.base_kernel.kernels.1.base_kernel"": [0.6931481805599428, 0.6931481805599428, 0.6931481805599428], ""kernels.1.base_kernel.kernels.0"": [0.06681320982054444, 0.6224090171011267, 0.2633268333471508, 0.11388285211551251, 0.19852342572466933, 0.43529873998936763, 0.46384800594560693, 0.3469412638572898, 0.3737531506931909, 0.2314957610314002, 0.4382993042512734, 0.22594454080098245, 0.432670296701475, 0.13974129903279925, 0.2164016120149183, 0.31691575516170245, 0.38562512729354254, 0.09571556160101621], ""kernels.1.base_kernel.kernels.1"": [0.6931481805599428, 0.6931481805599428, 0.6931481805599428]}","{""kernels.0"": 0.0003488586031349777, ""kernels.0.base_kernel.kernels.1"": 0.0033373119698500158, ""kernels.1"": 0.9687222896380543}",8,8,24,24,24,archive,1,46
228,98.24461081595278,97.85348436839446,0.4984,local,-3.7761152083485614,-23.593133576902055,19.817018368553494,0.06604374915122091,0.3636826926608448,archive,190,51,0.05473234214908041,0.01285460430977145,0.013188714644300357,0.0003863862676009586,0.3256573149978205,0.06686143169173747,0.3332149979603343,0.6931481805599428,"{""kernels.0.base_kernel.kernels.0"": [0.3334102030283013, 0.3331791501213153, 0.3331945330857084, 0.333224491054462, 0.3330615778865968, 0.3331224670210831, 0.3331715443134245, 0.33325122313453415, 0.33333051672807534, 0.33330585194493206, 0.3329480063997326, 0.3331023622885178, 0.33310977979629636, 0.33322588055353874, 0.33320550486620665, 0.333157807844757, 0.3331995524830632, 0.3334553835521261], ""kernels.0.base_kernel.kernels.1.base_kernel"": [0.6931481805599428, 0.6931481805599428, 0.6931481805599428], ""kernels.1.base_kernel.kernels.0"": [0.06686143169173747, 0.6239172712278449, 0.2623332259810343, 0.11304583977301051, 0.19854457289486857, 0.4324163358764792, 0.46370676819276474, 0.349485053313089, 0.37609632761221273, 0.23309772294705858, 0.44220652453240483, 0.22621004325583102, 0.430280951369821, 0.13930412242080847, 0.21726191231859845, 0.31521332098839033, 0.3841362843186085, 0.09535573810105177], ""kernels.1.base_kernel.kernels.1"": [0.6931481805599428, 0.6931481805599428, 0.6931481805599428]}","{""kernels.0"": 0.00034883097543604824, ""kernels.0.base_kernel.kernels.1"": 0.0033373069588396825, ""kernels.1"": 0.9732858070591858}",8,8,24,24,24,archive,2,47
229,119.39419263292848,97.85348436839446,0.4988,local,-3.779801301346695,-42.92378789583246,39.14398659448577,0.1487291813735895,0.8524940977089351,archive,307,69,0.1335112992237347,0.012704826665832777,0.013024491029060689,0.0003767327561337362,0.3241543140568835,0.0690916749818366,0.3332116418463634,0.6931481805599428,"{""kernels.0.base_kernel.kernels.0"": [0.3334135819633948, 0.3333262852310814, 0.3331502758997299, 0.3332033962173699, 0.33315649645202916, 0.33311854004029806, 0.33324602331050096, 0.3332029890089969, 0.3334517598110538, 0.33329333637747144, 0.3329809017867833, 0.3330769693511373, 0.33309964877598314, 0.333219887475357, 0.33315069074977516, 0.33312644405409686, 0.3331944702477552, 0.33344357546956327], ""kernels.0.base_kernel.kernels.1.base_kernel"": [0.6931481805599428, 0.6931481805599428, 0.6931481805599428], ""kernels.1.base_kernel.kernels.0"": [0.0690916749818366, 0.6746232037251332, 0.21539029263840484, 0.11546153890393175, 0.17998179905238257, 0.3927405384749311, 0.5127249530738094, 0.41112991066896204, 0.4162930607745792, 0.2704581103696446, 0.5870713867362148, 0.22295098209237982, 0.4018759154779916, 0.1443597899771064, 0.23328881426674722, 0.2721714890825978, 0.3635556902569504, 0.08736408029202583], ""kernels.1.base_kernel.kernels.1"": [0.6931481805599428, 0.6931481805599428, 0.6931481805599428]}","{""kernels.0"": 0.00034783807577099093, ""kernels.0.base_kernel.kernels.1"": 0.0033371377812680338, ""kernels.1"": 0.9687779663136116}",8,8,24,24,24,archive,1,48
230,268.00140584753524,97.85348436839446,0.4996,local,-3.432654828792062,-36.22162700932481,32.78897218053275,0.32559623475067573,1.2162296782771675,archive,164,62,0.41712381428602036,0.012691475464236213,0.01301602114213543,0.00037674672101292527,0.3235101563244273,0.06925320366333665,0.3332124830156839,0.6931481805599428,"{""kernels.0.base_kernel.kernels.0"": [0.3334117675022146, 0.3332641445048767, 0.33316709807414546, 0.33320561782279157, 0.3331553294856531, 0.3331435407963987, 0.3332392452522214, 0.33319212774619744, 0.3334446203652276, 0.33328538410529085, 0.33299407343477555, 0.33307661307600744, 0.33311866921841105, 0.33321934820857624, 0.3331401968415615, 0.333143304831305, 0.33319867951991605, 0.33344598628050065], ""kernels.0.base_kernel.kernels.1.base_kernel"": [0.6931481805599428, 0.6931481805599428, 0.6931481805599428], ""kernels.1.base_kernel.kernels.0"": [0.06925320366333665, 0.6266681737337113, 0.21170077520232464, 0.11351188646822137, 0.18607370013496993, 0.4089851764168379, 0.5128214753813144, 0.39902036316857487, 0.4137726910652821, 0.27646241337223765, 0.5732781553435079, 0.21434567034055207, 0.42766789196115296, 0.1459632083734148, 0.22617740336397862, 0.28082587339349974, 0.37168062075998914, 0.08612672243932562], ""kernels.1.base_kernel.kernels.1"": [0.6931481805599428, 0.6931481805599428, 0.6931481805599428]}","{""kernels.0"": 0.0003476595226477033, ""kernels.0.base_kernel.kernels.1"": 0.0033371114698579362, ""kernels.1"": 0.9668456979807762}",8,8,24,24,24,archive,1,49
231,98.11824480572645,97.85348436839446,0.4984,local,-3.7286577039089535,-36.132308296051775,32.403650592142824,0.06291870487287643,0.6655444060210135,archive,164,62,0.04916311726886055,0.012711652359384599,0.01303400912756667,0.00037872379392727887,0.3261055932718811,0.06926126447867723,0.33321284526743644,0.6931481805599428,"{""kernels.0.base_kernel.kernels.0"": [0.3334119621402014, 0.3332578706340852, 0.33316831427846083, 0.3332064443703729, 0.33315508917223374, 0.3331438906684292, 0.3332386699328613, 0.3331914456276257, 0.3334428000777426, 0.33328450413634353, 0.332993129066645, 0.3330758569465024, 0.33311801599185153, 0.3332192461645, 0.33313962151749393, 0.3331439944238808, 0.333198122607361, 0.3334465056421911], ""kernels.0.base_kernel.kernels.1.base_kernel"": [0.6931481805599428, 0.6931481805599428, 0.6931481805599428], ""kernels.1.base_kernel.kernels.0"": [0.06926126447867723, 0.624939385023645, 0.2112522810267619, 0.11341021504343705, 0.18594906170117761, 0.40791549341488853, 0.5129486056928008, 0.3981637869303409, 0.41228765087346064, 0.2758104537321687, 0.5717490684685651, 0.213118513721351, 0.4268080973068041, 0.14601142272419887, 0.2257093749743613, 0.2801775075365969, 0.37119415785477106, 0.08600133000286084], ""kernels.1.base_kernel.kernels.1"": [0.6931481805599428, 0.6931481805599428, 0.6931481805599428]}","{""kernels.0"": 0.0003476502014498879, ""kernels.0.base_kernel.kernels.1"": 0.0033371090812066594, ""kernels.1"": 0.9746320205329868}",8,8,24,24,24,archive,0,50
232,103.97019393357533,97.85348436839446,0.4978,local,-3.7653649128545013,-39.646395265225266,35.881030352370765,0.10265924763222459,0.48680095265108964,archive,308,66,0.06229538341221387,0.012561056787531489,0.012931608426061697,0.0003727086109752073,0.32316859925252955,0.06934978951960956,0.3332133432455229,0.6931481805599428,"{""kernels.0.base_kernel.kernels.0"": [0.3334121412678129, 0.33325177597700295, 0.33316976215529925, 0.3332074240469669, 0.3331550260486607, 0.33314489961352, 0.3332387753735305, 0.33319095421680417, 0.3334409945225066, 0.33328371153154907, 0.3329926737103015, 0.33307530848644307, 0.33311774118792653, 0.33321926244407885, 0.33313930554976745, 0.33314514598722933, 0.3331976989572764, 0.33344700923079473], ""kernels.0.base_kernel.kernels.1.base_kernel"": [0.6931481805599428, 0.6931481805599428, 0.6931481805599428], ""kernels.1.base_kernel.kernels.0"": [0.06934978951960956, 0.6236950335455625, 0.21136914564090703, 0.11360425645814859, 0.186207647551654, 0.4076882289659301, 0.5136461787706288, 0.39773950418548054, 0.41126510913471204, 0.2757235874937389, 0.5704994436453633, 0.2123460792561858, 0.4264170499975537, 0.14636685723789444, 0.2258455415346892, 0.2803553663977858, 0.3708929233735937, 0.08596268007777208], ""kernels.1.base_kernel.kernels.1"": [0.6931481805599428, 0.6931481805599428, 0.6931481805599428]}","{""kernels.0"": 0.0003476358967483532, ""kernels.0.base_kernel.kernels.1"": 0.003337106438019438, ""kernels.1"": 0.9658210554228208}",8,8,24,24,24,archive,1,51
233,97.51610251646787,97.51610251646787,0.4968,local,-3.7675405095660044,-9.35194109994038,5.584400590374376,0.05935240256770243,0.2580664181351842,archive,187,30,0.03939433936425092,0.012545998452049307,0.01291496693975296,0.00037186459193879346,0.3212747686368831,0.07024601249108091,0.33320561251774605,0.6931481805599428,"{""kernels.0.base_kernel.kernels.0"": [0.3334233148655647, 0.33310874612579966, 0.3331911878666409, 0.333226143108808, 0.33315390711215465, 0.33315858252197733, 0.3332320062382983, 0.33316989751064074, 0.33342679964325633, 0.3332760279238301, 0.3329082730296929, 0.33306564607189787, 0.3331018474232674, 0.3332200371688512, 0.33313180546346766, 0.3331513312476579, 0.33318720149388364, 0.33345705263322495], ""kernels.0.base_kernel.kernels.1.base_kernel"": [0.6931481805599428, 0.6931481805599428, 0.6931481805599428], ""kernels.1.base_kernel.kernels.0"": [0.07024601249108091, 0.5919517533792515, 0.20582143626398267, 0.11543605502683142, 0.19065601822239303, 0.40672217916112985, 0.5220671669207237, 0.3858644053536603, 0.40614692034350447, 0.2698043783470663, 0.5242571950600534, 0.19932575710293937, 0.41254978082514615, 0.14964587985920488, 0.2333707923137366, 0.2735369639636206, 0.3642526896423207, 0.08523469425373092], ""kernels.1.base_kernel.kernels.1"": [0.6931481805599428, 0.6931481805599428, 0.6931481805599428]}","{""kernels.0"": 0.00034750649002583835, ""kernels.0.base_kernel.kernels.1"": 0.003337063517648529, ""kernels.1"": 0.9601397359029749}",8,8,24,24,24,archive,2,0
234,131.96553801623284,97.51610251646787,0.5022,local,-3.745655845520849,-22.52311969468108,18.777463849160227,0.21802521433776098,0.999227282684341,archive,296,53,0.2629945890579925,0.012182624722372842,0.012803573320938287,0.0003653796161597483,0.321272766617693,0.07024638368297309,0.333205613684167,0.6931481805599428,"{""kernels.0.base_kernel.kernels.0"": [0.33342331506446393, 0.3331087307122166, 0.33319119086717713, 0.3332261440384055, 0.3331539066560143, 0.33315858736891035, 0.33323200935117997, 0.33316989703993477, 0.3334267989080969, 0.33327602790664984, 0.33290826806198953, 0.3330656480831533, 0.3331018505056591, 0.33322003650115684, 0.33313180300249284, 0.33315133489675736, 0.3331872017956924, 0.3334570532403379], ""kernels.0.base_kernel.kernels.1.base_kernel"": [0.6931481805599428, 0.6931481805599428, 0.6931481805599428], ""kernels.1.base_kernel.kernels.0"": [0.07024638368297309, 0.5919535531526847, 0.205819293720479, 0.11543595403532395, 0.19065656656127553, 0.40672431487863014, 0.5220688586751214, 0.385863230592814, 0.4061513773628189, 0.2698041689894092, 0.5242561641297945, 0.19932753908978929, 0.4125511455416312, 0.1496464748353944, 0.23336998410881105, 0.2735409807557001, 0.36425266968997316, 0.08523460675910514], ""kernels.1.base_kernel.kernels.1"": [0.6931481805599428, 0.6931481805599428, 0.6931481805599428]}","{""kernels.0"": 0.0003475064441732341, ""kernels.0.base_kernel.kernels.1"": 0.0033370635077821023, ""kernels.1"": 0.9601337299011237}",8,8,24,24,24,archive,2,1
235,111.3003832538573,97.51610251646787,0.5036,local,-3.805761089728989,-34.81976522727199,31.014004137543004,0.08743360814896521,0.4981186955917291,archive,301,62,0.13546475435044894,0.012144877558116505,0.01276842993007135,0.00036408562645770477,0.3191613454595483,0.07045945808175624,0.33320623374296887,0.6931481805599428,"{""kernels.0.base_kernel.kernels.0"": [0.33342346357043956, 0.33309977391832574, 0.3331928047185141, 0.3332266298000469, 0.3331536609842938, 0.33316188629059196, 0.3332336349887782, 0.3331696928182846, 0.33342646676309123, 0.33327618675598, 0.3329054575595922, 0.33306675976092637, 0.3331038427623144, 0.3332196627674236, 0.3331303392135023, 0.33315320564340556, 0.3331873421764436, 0.3334575420480514], ""kernels.0.base_kernel.kernels.1.base_kernel"": [0.6931481805599428, 0.6931481805599428, 0.6931481805599428], ""kernels.1.base_kernel.kernels.0"": [0.07045945808175624, 0.5937376748912145, 0.20449223617472415, 0.1154281467729575, 0.19105175182428064, 0.4082426270651548, 0.5240436304285627, 0.3851853269414868, 0.40893315864669066, 0.269982323939671, 0.5236937957201052, 0.20073279903972396, 0.41340770308634245, 0.15022546295823175, 0.2328495757659849, 0.27563882521574856, 0.36413802708667753, 0.08527724295403871], ""kernels.1.base_kernel.kernels.1"": [0.6931481805599428, 0.6931481805599428, 0.6931481805599428]}","{""kernels.0"": 0.00034748025373504735, ""kernels.0.base_kernel.kernels.1"": 0.00333705793133651, ""kernels.1"": 0.9537994981935733}",8,8,24,24,24,archive,2,2
236,259.74050194941253,97.51610251646787,0.4992,local,-3.964455877800158,-36.48610136984978,32.52164549204962,0.3415949095412514,1.3034797063821852,archive,302,63,0.5254895315990487,0.01215213028690849,0.01277456705741432,0.0003647507092499501,0.3216048926036057,0.07053474646444363,0.33320647170890755,0.6931481805599428,"{""kernels.0.base_kernel.kernels.0"": [0.333423707224404, 0.3330941292546407, 0.3331936276173749, 0.3332268833321953, 0.3331536507298935, 0.3331632850871846, 0.33323321265755185, 0.33316915295745164, 0.33342627990925683, 0.3332761035150888, 0.33290331783731525, 0.3330670086760912, 0.3331044080790832, 0.3332193158004402, 0.33312952768062326, 0.3331538657134282, 0.33318718276656945, 0.3334579134430752], ""kernels.0.base_kernel.kernels.1.base_kernel"": [0.6931481805599428, 0.6931481805599428, 0.6931481805599428], ""kernels.1.base_kernel.kernels.0"": [0.07053474646444363, 0.594352233106071, 0.20384848340229492, 0.11523527490773515, 0.1915343286122956, 0.40819907107954007, 0.5250636345828201, 0.38433510648438757, 0.4099582907573537, 0.2697519808947018, 0.523041835526801, 0.20102260062963764, 0.41338446672724677, 0.15032316982091212, 0.23257166552878267, 0.2761636608765413, 0.36390820731873424, 0.08527252149124316], ""kernels.1.base_kernel.kernels.1"": [0.6931481805599428, 0.6931481805599428, 0.6931481805599428]}","{""kernels.0"": 0.00034746980560218705, ""kernels.0.base_kernel.kernels.1"": 0.003337054858670234, ""kernels.1"": 0.9611301531465447}",8,8,24,24,24,archive,1,3
237,146.3766048594294,97.51610251646787,0.4988,local,-4.006644503860832,-26.348078596362146,22.341434092501316,0.08035244625142075,0.4419182949709346,archive,190,55,0.11372089856899394,0.012119447919156664,0.012744154705374428,0.0003638940026174676,0.31979727051934004,0.07066301811494514,0.3332068157944298,0.6931481805599428,"{""kernels.0.base_kernel.kernels.0"": [0.33342426094198385, 0.3330876581747044, 0.33319491981130844, 0.3332271900650436, 0.33315376770307736, 0.33316547607108143, 0.33323312072546085, 0.3331690848896051, 0.33342597122735873, 0.33327611483867897, 0.3329010275409531, 0.3330674960513427, 0.33310531475862093, 0.3332187117775511, 0.33312875273694215, 0.3331549252505731, 0.33318700942329416, 0.3334582956257099], ""kernels.0.base_kernel.kernels.1.base_kernel"": [0.6931481805599428, 0.6931481805599428, 0.6931481805599428], ""kernels.1.base_kernel.kernels.0"": [0.07066301811494514, 0.5951750916557459, 0.2033800305887022, 0.11524188311713408, 0.19227594580914167, 0.40869148525433063, 0.5265811415087321, 0.3836165737882887, 0.4113672807982516, 0.2698386025186339, 0.5224403227200178, 0.20135972471759478, 0.41352949150649315, 0.1508271766978705, 0.2325703394721149, 0.2770158351066079, 0.36376076954224623, 0.08527725072229739], ""kernels.1.base_kernel.kernels.1"": [0.6931481805599428, 0.6931481805599428, 0.6931481805599428]}","{""kernels.0"": 0.00034745412195930054, ""kernels.0.base_kernel.kernels.1"": 0.003337051100387551, ""kernels.1"": 0.9557073063356732}",8,8,24,24,24,archive,1,4
238,102.13432028015362,97.51610251646787,0.4922,local,-3.6440775238440315,-36.20273489956295,32.558657375718916,0.1055284071784488,0.6843030758080385,archive,302,63,0.0733656540024008,0.012245862300453172,0.012838237173666518,0.0003701914949248774,0.3173904026903614,0.07206320016260136,0.3332056526774539,0.6931481805599428,"{""kernels.0.base_kernel.kernels.0"": [0.3334490432391201, 0.33246827372146764, 0.33321979386326384, 0.3332539920059621, 0.33316507005965296, 0.33319151149164394, 0.33324050288688206, 0.33314336584324594, 0.33341998697681513, 0.3332765945471869, 0.3327712604790145, 0.3330746944061953, 0.33308151449554574, 0.3332220876147391, 0.33310409055520446, 0.33316849434833373, 0.3331738755605451, 0.3334770963297411], ""kernels.0.base_kernel.kernels.1.base_kernel"": [0.6931481805599428, 0.6931481805599428, 0.6931481805599428], ""kernels.1.base_kernel.kernels.0"": [0.07206320016260136, 0.3282917916628817, 0.20195930096051498, 0.11390159289053313, 0.2089434299980687, 0.42567857507429924, 0.5318386676143014, 0.37206346325098955, 0.3979533059442885, 0.24533530613053695, 0.44820497206549237, 0.20959285098714753, 0.40165217521373714, 0.1553123012514272, 0.2263581653159922, 0.29661234517599305, 0.3627187896888548, 0.08702893506017881], ""kernels.1.base_kernel.kernels.1"": [0.6931481805599428, 0.6931481805599428, 0.6931481805599428]}","{""kernels.0"": 0.0003477635103720854, ""kernels.0.base_kernel.kernels.1"": 0.0033370168183828094, ""kernels.1"": 0.9484864277423293}",8,8,24,24,24,archive,3,5
239,101.88720219288683,97.51610251646787,0.4972,local,-3.7734799408632136,-36.94652557702308,33.17304563615987,0.09860101960986323,0.6265286967419443,archive,302,64,0.0859826111696474,0.012070602393144565,0.012674025477964554,0.00036085656187018916,0.32417400358283527,0.07574445511201601,0.3332168873944134,0.6931481805599428,"{""kernels.0.base_kernel.kernels.0"": [0.33343924799223335, 0.3326148435230585, 0.33322924805656945, 0.33324579928274956, 0.3331671718716974, 0.3331978644418135, 0.3332966369437357, 0.3331768910470794, 0.33340659649587645, 0.33329940924545737, 0.3328043698764718, 0.33307611872095755, 0.3330897306393489, 0.33320452673225737, 0.33312056974967125, 0.3331777334091972, 0.33318049405632344, 0.3334719405010643], ""kernels.0.base_kernel.kernels.1.base_kernel"": [0.6931481805599428, 0.6931481805599428, 0.6931481805599428], ""kernels.1.base_kernel.kernels.0"": [0.07574445511201601, 0.3255299108055382, 0.19875820722356435, 0.12111151972833355, 0.22020580087657737, 0.44847727946750315, 0.5716255752255005, 0.38496894831660755, 0.422196037950041, 0.2341340574158983, 0.4508240902273803, 0.20309376076125552, 0.39106285508508654, 0.15295906762825393, 0.23556097906653192, 0.3558001301956298, 0.37027811908246244, 0.08728126982937677], ""kernels.1.base_kernel.kernels.1"": [0.6931481805599428, 0.6931481805599428, 0.6931481805599428]}","{""kernels.0"": 0.000347616262077514, ""kernels.0.base_kernel.kernels.1"": 0.0033369612521203323, ""kernels.1"": 0.968837433234308}",8,8,24,24,24,archive,5,6
240,149.07468222401047,97.51610251646787,0.5004,global,-3.82576087726394,-5.007280634019053,1.181519756755113,1.1467331020085239,1.4117718169926887,global,,,0.48750228228227777,0.012074187697298955,0.01267144481579242,0.00036076794449825685,0.32782437489660693,0.07576292694423625,0.33321680438315615,0.6931481805599428,"{""kernels.0.base_kernel.kernels.0"": [0.33343922202079995, 0.3326179552274056, 0.3332295024481707, 0.333245626241563, 0.3331670628496203, 0.333197566141847, 0.3332975004292581, 0.3331770756694092, 0.3334062615959499, 0.33329994295418097, 0.33280385640899984, 0.3330762964998927, 0.33308896010964933, 0.3332041063181416, 0.33312045895026676, 0.33317664074705644, 0.333180388942681, 0.3334718428554468], ""kernels.0.base_kernel.kernels.1.base_kernel"": [0.6931481805599428, 0.6931481805599428, 0.6931481805599428], ""kernels.1.base_kernel.kernels.0"": [0.07576292694423625, 0.32484599910930056, 0.19810935064976226, 0.12079439639735617, 0.22019698533075496, 0.4477623600252951, 0.5720566558073, 0.38425416066581053, 0.4222016738177281, 0.2335707204136987, 0.4498349450031976, 0.202744957887968, 0.3897322484140414, 0.1529651966505664, 0.23509710161025416, 0.3557143780793754, 0.37021260643704546, 0.0872515423634703], ""kernels.1.base_kernel.kernels.1"": [0.6931481805599428, 0.6931481805599428, 0.6931481805599428]}","{""kernels.0"": 0.00034761472035758163, ""kernels.0.base_kernel.kernels.1"": 0.0033369594542126515, ""kernels.1"": 0.9797885505152505}",8,8,24,24,24,archive,2,7
241,133.31343595693812,97.51610251646787,0.4996,global,-3.8286664587905945,-5.0347293905813695,1.206062931790775,0.7221599288701754,1.3849041766269645,global,,,0.5076953599245676,0.012040365726190135,0.012640467164230408,0.0003598911658877252,0.3254542774708607,0.07608205005374402,0.33321730743127675,0.6931481805599428,"{""kernels.0.base_kernel.kernels.0"": [0.333438936923597, 0.3326359342895867, 0.3332313509656204, 0.3332450073670503, 0.33316789483689946, 0.33319789749944895, 0.3333027867789186, 0.33317916928850294, 0.3334053956713973, 0.33330337201199184, 0.33280354122726025, 0.3330785465675727, 0.33308912069112945, 0.33320326389693306, 0.3331209327671452, 0.333172251910307, 0.3331810084410635, 0.33347142100873833], ""kernels.0.base_kernel.kernels.1.base_kernel"": [0.6931481805599428, 0.6931481805599428, 0.6931481805599428], ""kernels.1.base_kernel.kernels.0"": [0.07608205005374402, 0.3241194663476967, 0.1959544538970579, 0.12042518999907618, 0.22340956403071296, 0.44839223472266604, 0.57657797026891, 0.3825393409644851, 0.4241989332149729, 0.2326123135423251, 0.4466273547255641, 0.202255972869447, 0.38999356049497946, 0.15378401423538288, 0.23474238161835478, 0.35714354308875274, 0.37167815201217097, 0.08744488678238799], ""kernels.1.base_kernel.kernels.1"": [0.6931481805599428, 0.6931481805599428, 0.6931481805599428]}","{""kernels.0"": 0.00034759207597892354, ""kernels.0.base_kernel.kernels.1"": 0.003336950143696792, ""kernels.1"": 0.9726782901929063}",8,8,24,24,24,archive,2,8
242,184.30955654333226,97.51610251646787,0.4998,global,-3.5712724998126832,-4.98358793572685,1.4123154359141665,0.6694674212258831,1.4009181055087097,global,,,0.44914868549757825,0.012031590733793516,0.012631577701056983,0.0003600973747311773,0.32545428380590286,0.07608205015723196,0.3332173074316297,0.6931481805599428,"{""kernels.0.base_kernel.kernels.0"": [0.3334389369235387, 0.3326359342988337, 0.33323135096664475, 0.333245007366592, 0.3331678948372953, 0.3331978974991397, 0.33330278678101116, 0.33317916928943625, 0.33340539567040134, 0.3333033720139259, 0.33280354122626044, 0.3330785465687091, 0.33308912069122487, 0.3332032638966146, 0.33312093276715865, 0.3331722519075435, 0.333181008441168, 0.333471421008816], ""kernels.0.base_kernel.kernels.1.base_kernel"": [0.6931481805599428, 0.6931481805599428, 0.6931481805599428], ""kernels.1.base_kernel.kernels.0"": [0.07608205015723196, 0.32411946551977, 0.19595445193559058, 0.12042518963573597, 0.22340956589159597, 0.44839223439037673, 0.5765779722596561, 0.3825393393857405, 0.42419893345507687, 0.23261231264364055, 0.4466273521988155, 0.20225597207893167, 0.3899935606576476, 0.15378401454890578, 0.2347423809051494, 0.35714354335253207, 0.3716781526109771, 0.08744488683692106], ""kernels.1.base_kernel.kernels.1"": [0.6931481805599428, 0.6931481805599428, 0.6931481805599428]}","{""kernels.0"": 0.00034759207597231245, ""kernels.0.base_kernel.kernels.1"": 0.0033369501436911904, ""kernels.1"": 0.9726783091980451}",8,8,24,24,24,archive,4,9
243,206.58202438870188,97.51610251646787,0.4962,global,-3.4143150715646478,-5.047582701491489,1.6332676299268414,1.5302175405602585,1.4141183208177424,global,,,0.4363999755202583,0.01197809387998269,0.012579840153643001,0.00035819054999337716,0.3292266479598222,0.07839629204592936,0.3332209618223867,0.6931481805599428,"{""kernels.0.base_kernel.kernels.0"": [0.33343742471786364, 0.3327715386561507, 0.333247811102472, 0.33324135836689683, 0.3331747712201884, 0.3332005652778765, 0.33334291687728856, 0.3331957267912775, 0.33339269771081154, 0.3333302805170785, 0.332798223510824, 0.3330966202561973, 0.33309622604471995, 0.333198350283831, 0.3331249091968369, 0.3331377952695865, 0.3331852569340953, 0.33347016328724033], ""kernels.0.base_kernel.kernels.1.base_kernel"": [0.6931481805599428, 0.6931481805599428, 0.6931481805599428], ""kernels.1.base_kernel.kernels.0"": [0.07839629204592936, 0.32267808535094544, 0.17630984275783843, 0.12185221375366176, 0.2529459672188997, 0.45290352755506597, 0.6153591559215995, 0.3684663414048715, 0.43287897548408283, 0.2262366190483035, 0.4185067533291494, 0.19652449682621365, 0.4023203927732093, 0.16183245303999258, 0.2307087799486893, 0.365789880162971, 0.3830592854091812, 0.08889018200096402], ""kernels.1.base_kernel.kernels.1"": [0.6931481805599428, 0.6931481805599428, 0.6931481805599428]}","{""kernels.0"": 0.0003474301712109854, ""kernels.0.base_kernel.kernels.1"": 0.003336871620416866, ""kernels.1"": 0.9839956420878389}",8,8,24,24,24,archive,2,10
244,180.05447612401946,97.51610251646787,0.4986,global,-3.5340577132994553,-4.725716664400134,1.191658951100679,0.6099757910020782,1.3481649470657628,global,,,0.4727169537497415,0.011988065492979635,0.012586269654098505,0.0003595821538446276,0.3321729934839305,0.07867862973248277,0.33322349426178355,0.6931481805599428,"{""kernels.0.base_kernel.kernels.0"": [0.3334367991678969, 0.3327792517822076, 0.3332528273532254, 0.3332420045722161, 0.3331696352414069, 0.33320498395135106, 0.33334859915814447, 0.3331986686454843, 0.3333869467181708, 0.33333247277438743, 0.3328043272054225, 0.33309820399031925, 0.3330947088345394, 0.33319458118343886, 0.333126641518144, 0.3331359581856727, 0.3331849042616582, 0.3334699467030418], ""kernels.0.base_kernel.kernels.1.base_kernel"": [0.6931481805599428, 0.6931481805599428, 0.6931481805599428], ""kernels.1.base_kernel.kernels.0"": [0.07867862973248277, 0.32310172039675644, 0.1757928172514045, 0.12308233245567943, 0.24800449881274741, 0.45485725361836665, 0.6161951227782503, 0.36702503870845726, 0.4304854939104679, 0.22794521379316193, 0.416316409838824, 0.19596749594904564, 0.4010900938700737, 0.15931116317103564, 0.23291603625430132, 0.36650217483137587, 0.3825110285420243, 0.08877693486322176], ""kernels.1.base_kernel.kernels.1"": [0.6931481805599428, 0.6931481805599428, 0.6931481805599428]}","{""kernels.0"": 0.0003474012699358135, ""kernels.0.base_kernel.kernels.1"": 0.0033368594521186886, ""kernels.1"": 0.9928347197297369}",8,8,24,24,24,archive,3,11
245,144.99989778564037,97.51610251646787,0.4992,global,-3.6364052113511596,-4.732784092451851,1.0963788811006916,1.1566411406310981,1.412011257979461,global,,,0.4703389475896118,0.011954768492606776,0.012554746982011493,0.00035880387109908944,0.3298702788001013,0.07873405442453241,0.33322387407387866,0.6931481805599428,"{""kernels.0.base_kernel.kernels.0"": [0.33343667722669373, 0.3327804595692795, 0.33325354669822793, 0.333242082922992, 0.333169167840598, 0.3332056652247653, 0.33334968773130064, 0.3331991760489613, 0.3333864443306026, 0.33333278921759946, 0.33280541886769255, 0.3330985253267472, 0.3330946711594222, 0.33319428404154683, 0.33312679358290903, 0.33313581142270765, 0.3331849502860044, 0.333469883554426], ""kernels.0.base_kernel.kernels.1.base_kernel"": [0.6931481805599428, 0.6931481805599428, 0.6931481805599428], ""kernels.1.base_kernel.kernels.0"": [0.07873405442453241, 0.323267820672201, 0.1757941336589427, 0.12322238923946134, 0.24771621665343213, 0.4552280219006258, 0.6166866522931296, 0.3669712462939527, 0.4306377341812152, 0.22839202273600162, 0.4162756269249874, 0.19608587079976086, 0.4010372777253885, 0.1593476892769916, 0.233186317413579, 0.3666475250560578, 0.382484311919901, 0.08885327191294365], ""kernels.1.base_kernel.kernels.1"": [0.6931481805599428, 0.6931481805599428, 0.6931481805599428]}","{""kernels.0"": 0.0003473946459771188, ""kernels.0.base_kernel.kernels.1"": 0.0033368576317081107, ""kernels.1"": 0.9859265841226186}",8,8,24,24,24,archive,2,12
246,198.70758174949785,97.51610251646787,0.498,global,-3.8059511845935248,-5.074868198348119,1.268917013754594,1.6523468378419115,1.4141300671398238,global,,,0.5032287499519159,0.011943531686268388,0.01254321636779467,0.00035897624314049586,0.3298702791750958,0.0787340544468112,0.33322387407449616,0.6931481805599428,"{""kernels.0.base_kernel.kernels.0"": [0.33343667722637677, 0.33278045957190483, 0.33325354670007107, 0.33324208292302204, 0.3331691678390823, 0.3332056652259703, 0.3333496877342976, 0.33319917605005717, 0.3333864443292533, 0.3333327892182581, 0.33280541887021703, 0.33309852532723166, 0.33309467115895874, 0.33319428404042134, 0.3331267935831217, 0.3331358114217857, 0.33318495028588574, 0.33346988355437573], ""kernels.0.base_kernel.kernels.1.base_kernel"": [0.6931481805599428, 0.6931481805599428, 0.6931481805599428], ""kernels.1.base_kernel.kernels.0"": [0.0787340544468112, 0.3232678203732392, 0.17579413311428196, 0.12322238913921538, 0.2477162155848231, 0.4552280216777785, 0.6166866533580564, 0.3669712454206663, 0.4306377345212597, 0.22839202310783532, 0.41627562632369414, 0.19608587055132967, 0.40103727726897437, 0.1593476891478936, 0.2331863179756681, 0.3666475246547012, 0.38248431162491603, 0.08885327214403506], ""kernels.1.base_kernel.kernels.1"": [0.6931481805599428, 0.6931481805599428, 0.6931481805599428]}","{""kernels.0"": 0.0003473946459626587, ""kernels.0.base_kernel.kernels.1"": 0.0033368576317028735, ""kernels.1"": 0.9859265852476219}",8,8,24,24,24,archive,1,13
247,159.28969894263642,97.51610251646787,0.5034,global,-3.6208278258794127,-5.087715517662189,1.4668876917827762,1.1943229971850762,1.4130012959419977,global,,,0.4318188672484433,0.011939971332761564,0.012538588480401305,0.00035973792659311474,0.3302192679935612,0.07872056840892341,0.33322437590209114,0.6931481805599428,"{""kernels.0.base_kernel.kernels.0"": [0.3334363652340644, 0.3327830297872829, 0.33325534773069204, 0.3332420680109334, 0.3331675888842446, 0.33320668379324886, 0.3333526257660469, 0.3332001657043774, 0.3333852487972853, 0.33333337476456765, 0.3328077331076811, 0.33309892385239503, 0.3330941699379388, 0.3331931237551376, 0.33312697271188063, 0.3331348003304917, 0.333185235459989, 0.3334698450777452], ""kernels.0.base_kernel.kernels.1.base_kernel"": [0.6931481805599428, 0.6931481805599428, 0.6931481805599428], ""kernels.1.base_kernel.kernels.0"": [0.07872056840892341, 0.32315196956248043, 0.17519244289817468, 0.12300254085352968, 0.2465221758774709, 0.4547517070303084, 0.6177470200640045, 0.3659142948774435, 0.43137462552378536, 0.22858219767386795, 0.4154892604914442, 0.1956876063534384, 0.40062228110709447, 0.15923651830697827, 0.23383028656759589, 0.36604780241889956, 0.3831849976057307, 0.08907390761694892], ""kernels.1.base_kernel.kernels.1"": [0.6931481805599428, 0.6931481805599428, 0.6931481805599428]}","{""kernels.0"": 0.0003473798639774009, ""kernels.0.base_kernel.kernels.1"": 0.0033368525036567773, ""kernels.1"": 0.9869735716130494}",8,8,24,24,24,archive,2,14
248,150.52777875768302,97.51610251646787,0.498,global,-3.6939852575771353,-4.708742032038776,1.0147567744616408,0.7004759736517279,1.4002352748848914,global,,,0.4684749675835903,0.011919689511520183,0.012518985409457782,0.0003595500326245367,0.32891038435077286,0.07871950194437229,0.3332247785879763,0.6931481805599428,"{""kernels.0.base_kernel.kernels.0"": [0.33343612927305705, 0.3327849177780574, 0.3332566630398702, 0.3332420630888231, 0.33316654198471185, 0.3332074940871294, 0.33335488490950743, 0.3332010279396012, 0.33338444068404555, 0.33333384695158513, 0.3328096010837707, 0.33309925384044786, 0.33309400643434456, 0.3331924806383775, 0.33312722437737213, 0.3331341645879448, 0.3331854795893603, 0.3334698634742172], ""kernels.0.base_kernel.kernels.1.base_kernel"": [0.6931481805599428, 0.6931481805599428, 0.6931481805599428], ""kernels.1.base_kernel.kernels.0"": [0.07871950194437229, 0.3231818537264685, 0.17480063717096944, 0.12293977672227778, 0.24588772879848902, 0.45456555518414715, 0.618636947473011, 0.3653492799171471, 0.432045582359379, 0.22890531012314605, 0.4152406251070175, 0.19546071073566243, 0.40057893763445923, 0.1594589910106402, 0.23491717303439955, 0.3657024907382602, 0.3837472976763426, 0.08929603288859483], ""kernels.1.base_kernel.kernels.1"": [0.6931481805599428, 0.6931481805599428, 0.6931481805599428]}","{""kernels.0"": 0.0003473678968798293, ""kernels.0.base_kernel.kernels.1"": 0.0033368486746394926, ""kernels.1"": 0.9830469364807992}",8,8,24,24,24,archive,2,15
249,216.33751916998358,97.51610251646787,0.4956,global,-3.6967930556587847,-4.827365225546108,1.1305721698873237,0.5558846287493028,1.365385049559874,global,,,0.41146248401674723,0.011908934243268453,0.01250807564552176,0.0003597973082902272,0.3289103864252245,0.07871950185348171,0.3332247785883329,0.6931481805599428,"{""kernels.0.base_kernel.kernels.0"": [0.3334361292727382, 0.33278491778011354, 0.3332566630417203, 0.33324206308884147, 0.33316654198301454, 0.33320749408782424, 0.3333548849123679, 0.33320102794108775, 0.3333844406827555, 0.3333338469520081, 0.3328096010860014, 0.3330992538406611, 0.3330940064335408, 0.3331924806372607, 0.3331272243773886, 0.3331341645867923, 0.33318547958948974, 0.33346986347423846], ""kernels.0.base_kernel.kernels.1.base_kernel"": [0.6931481805599428, 0.6931481805599428, 0.6931481805599428], ""kernels.1.base_kernel.kernels.0"": [0.07871950185348171, 0.3231818531164951, 0.1748006364584861, 0.12293977655873652, 0.24588772752151025, 0.45456555417066985, 0.6186369482428186, 0.3653492796684473, 0.43204558281925004, 0.22890530991498215, 0.4152406244814921, 0.19546071043521954, 0.4005789367313667, 0.15945899093300647, 0.23491717417574212, 0.3657024897101988, 0.3837472981691887, 0.08929603312600895], ""kernels.1.base_kernel.kernels.1"": [0.6931481805599428, 0.6931481805599428, 0.6931481805599428]}","{""kernels.0"": 0.0003473678968657356, ""kernels.0.base_kernel.kernels.1"": 0.0033368486746342017, ""kernels.1"": 0.9830469427041736}",8,8,24,24,24,archive,4,16
250,150.62349397963817,97.51610251646787,0.5026,global,-3.427782324418265,-4.980327734377204,1.5525454099589395,0.49267411230713326,1.3817046483613562,global,,,0.43429265588438637,0.011914630821158942,0.01251152659447199,0.00036098844417105217,0.33061895998926544,0.0786671326851181,0.33322504716931534,0.6931481805599428,"{""kernels.0.base_kernel.kernels.0"": [0.333435951632907, 0.3327857288350446, 0.3332575688900797, 0.33324211915301544, 0.33316576770262024, 0.3332079751856153, 0.3333564177609293, 0.33320171612012345, 0.33338373730391424, 0.33333408669644143, 0.33281044424158246, 0.333099493457006, 0.3330933558447036, 0.33319202346211657, 0.33312727986222046, 0.33313356257105636, 0.3331853496623982, 0.33346988487844864], ""kernels.0.base_kernel.kernels.1.base_kernel"": [0.6931481805599428, 0.6931481805599428, 0.6931481805599428], ""kernels.1.base_kernel.kernels.0"": [0.0786671326851181, 0.3224712671758751, 0.17455367875571037, 0.12283927550436807, 0.24508764686059986, 0.4538625136701762, 0.6190843429962056, 0.3652301428239607, 0.4321202529383268, 0.22872424510930775, 0.41484434544227655, 0.19534787975082857, 0.3993490766034725, 0.15951403671172776, 0.23552012636662914, 0.36511272722858135, 0.3836340861980064, 0.08940983935479196], ""kernels.1.base_kernel.kernels.1"": [0.6931481805599428, 0.6931481805599428, 0.6931481805599428]}","{""kernels.0"": 0.0003473621510046331, ""kernels.0.base_kernel.kernels.1"": 0.0033368461664982623, ""kernels.1"": 0.9881726716502933}",8,8,24,24,24,archive,2,17
251,123.29421908774313,97.51610251646787,0.501,global,-3.5668696631881525,-4.9661148901113705,1.399245226923218,0.7133688729403387,1.3991304736868855,global,,,0.4158386755082784,0.011903774715981683,0.012500492701777634,0.0003612246286646439,0.3306189573221437,0.0786671326953268,0.33322504717012424,0.6931481805599428,"{""kernels.0.base_kernel.kernels.0"": [0.3334359516325076, 0.33278572883748686, 0.33325756889203106, 0.33324211915317126, 0.3331657677012189, 0.3332079751870773, 0.33335641776534797, 0.3332017161218732, 0.33338373730261733, 0.3333340866971356, 0.33281044424403255, 0.3330994934577267, 0.33309335584492444, 0.33319202346129784, 0.3331272798624822, 0.3331335625701595, 0.33318534966256086, 0.33346988487844964], ""kernels.0.base_kernel.kernels.1.base_kernel"": [0.6931481805599428, 0.6931481805599428, 0.6931481805599428], ""kernels.1.base_kernel.kernels.0"": [0.0786671326953268, 0.3224712667332967, 0.17455367863983204, 0.12283927556302755, 0.2450876454940996, 0.45386251306701636, 0.6190843455660392, 0.36523014328694253, 0.43212025359265405, 0.22872424546967113, 0.4148443454641922, 0.19534787983788557, 0.399349076564214, 0.1595140370271496, 0.23552012802788538, 0.365112726486476, 0.3836340866226901, 0.08940983966375106], ""kernels.1.base_kernel.kernels.1"": [0.6931481805599428, 0.6931481805599428, 0.6931481805599428]}","{""kernels.0"": 0.0003473621509868494, ""kernels.0.base_kernel.kernels.1"": 0.0033368461664929454, ""kernels.1"": 0.9881726636489512}",8,8,24,24,24,archive,1,18
252,134.1385991284667,97.51610251646787,0.4996,global,-3.474012040558306,-4.64542630735849,1.1714142668001841,0.5209199964456042,1.3885584968118616,global,,,0.4083732116418466,0.011896774676807912,0.012493340696047446,0.00036135305660709826,0.3306189540378653,0.07866713268483858,0.3332250471710626,0.6931481805599428,"{""kernels.0.base_kernel.kernels.0"": [0.33343595163209205, 0.33278572884100927, 0.3332575688939666, 0.3332421191533284, 0.3331657676995811, 0.33320797518879686, 0.333356417771149, 0.3332017161235638, 0.33338373730123255, 0.33333408669770664, 0.332810444246979, 0.33309949345821027, 0.3330933558454135, 0.3331920234600266, 0.33312727986253315, 0.33313356256907367, 0.33318534966275626, 0.3334698848782452], ""kernels.0.base_kernel.kernels.1.base_kernel"": [0.6931481805599428, 0.6931481805599428, 0.6931481805599428], ""kernels.1.base_kernel.kernels.0"": [0.07866713268483858, 0.3224712682581623, 0.1745536782982522, 0.12283927557588788, 0.24508764387621632, 0.4538625127455531, 0.6190843497944643, 0.36523014373252827, 0.43212025436110924, 0.22872424567932556, 0.41484434622930455, 0.19534787987963584, 0.3993490775502506, 0.15951403740163528, 0.23552012947154977, 0.3651127255794188, 0.3836340872121738, 0.08940983996576414], ""kernels.1.base_kernel.kernels.1"": [0.6931481805599428, 0.6931481805599428, 0.6931481805599428]}","{""kernels.0"": 0.0003473621509657784, ""kernels.0.base_kernel.kernels.1"": 0.003336846166487451, ""kernels.1"": 0.9881726537961426}",8,8,24,24,24,archive,1,19
253,163.66497863105909,97.51610251646787,0.499,global,-3.4463240302484124,-4.925015824287293,1.4786917940388804,0.8600195655115533,1.3866551879783053,global,,,0.4016271955811875,0.011887769802940724,0.012484150174534293,0.0003615248573114517,0.33061895006528,0.07866713266250622,0.333225047172293,0.6931481805599428,"{""kernels.0.base_kernel.kernels.0"": [0.3334359516316842, 0.3327857288445546, 0.3332575688958933, 0.3332421191535484, 0.3331657676979697, 0.3332079751910376, 0.33335641777685887, 0.33320171612512717, 0.33338373730047793, 0.33333408669819936, 0.33281044424979933, 0.3330994934586358, 0.3330933558465978, 0.333192023458726, 0.33312727986251706, 0.33313356256790955, 0.33318534966309177, 0.33346988487802726], ""kernels.0.base_kernel.kernels.1.base_kernel"": [0.6931481805599428, 0.6931481805599428, 0.6931481805599428], ""kernels.1.base_kernel.kernels.0"": [0.07866713266250622, 0.3224712699045077, 0.17455367792580695, 0.12283927578425022, 0.24508764214602982, 0.45386251356379914, 0.6190843538511058, 0.36523014407496773, 0.43212025648294466, 0.2287242456472814, 0.41484434688033217, 0.19534787984770796, 0.3993490800652053, 0.15951403787675125, 0.23552013086555312, 0.365112724537596, 0.38363408815196315, 0.08940984023913201], ""kernels.1.base_kernel.kernels.1"": [0.6931481805599428, 0.6931481805599428, 0.6931481805599428]}","{""kernels.0"": 0.00034736215094365616, ""kernels.0.base_kernel.kernels.1"": 0.0033368461664819923, ""kernels.1"": 0.9881726418784144}",8,8,24,24,24,archive,2,20
254,132.52048724485968,97.51610251646787,0.4988,global,-3.3829948795736757,-5.218825807425566,1.8358309278518905,1.0885223423435888,1.4141703301987425,global,,,0.3956296961851751,0.011860091801356599,0.0124580565417242,0.00036096458146843603,0.32862924014933714,0.07864362427883809,0.333225702582127,0.6931481805599428,"{""kernels.0.base_kernel.kernels.0"": [0.3334357456323436, 0.332787497709479, 0.33325851874581236, 0.3332422129503264, 0.3331649296316654, 0.33320919221392764, 0.3333593356320027, 0.333202462069079, 0.3333833564607194, 0.3333343673186984, 0.3328117990053384, 0.3330996931404378, 0.33309399876145873, 0.3331913375395943, 0.3331272536210889, 0.3331329166831304, 0.33318549777481987, 0.33346977389911536], ""kernels.0.base_kernel.kernels.1.base_kernel"": [0.6931481805599428, 0.6931481805599428, 0.6931481805599428], ""kernels.1.base_kernel.kernels.0"": [0.07864362427883809, 0.3233507735559628, 0.17430386824105817, 0.12290729576913517, 0.24414898617500566, 0.45470369051108855, 0.6211745762469958, 0.3653232957106707, 0.4331897433577619, 0.22893075401494062, 0.41510154229338353, 0.19528381967136735, 0.40076924905572114, 0.1597405796780988, 0.23615853122825745, 0.36448045529821627, 0.38411032869004264, 0.08953514013110517], ""kernels.1.base_kernel.kernels.1"": [0.6931481805599428, 0.6931481805599428, 0.6931481805599428]}","{""kernels.0"": 0.00034735082956864307, ""kernels.0.base_kernel.kernels.1"": 0.0033368434512873343, ""kernels.1"": 0.9822035261671554}",8,8,24,24,24,archive,3,21
255,200.4949174924539,97.51610251646787,0.5002,global,-3.4062971633062307,-5.215394762007812,1.8090975987015816,1.2943251241084077,1.4135425643470634,global,,,0.3772980046264977,0.01185133301341307,0.01244910471101243,0.0003611246810288764,0.32862924221754736,0.07864362411655679,0.33322570258302975,0.6931481805599428,"{""kernels.0.base_kernel.kernels.0"": [0.3334357456320187, 0.33278749771176835, 0.33325851874752044, 0.3332422129503543, 0.33316492962972805, 0.33320919221570516, 0.33335933563721976, 0.33320246207013926, 0.33338335645959305, 0.33333436731910565, 0.3328117990071244, 0.33309969314045235, 0.3330939987618854, 0.3331913375380004, 0.33312725362050183, 0.33313291668376444, 0.3331854977746906, 0.3334697738990232], ""kernels.0.base_kernel.kernels.1.base_kernel"": [0.6931481805599428, 0.6931481805599428, 0.6931481805599428], ""kernels.1.base_kernel.kernels.0"": [0.07864362411655679, 0.3233507739975998, 0.1743038671874952, 0.12290729542096623, 0.2441489839205189, 0.45470369124473803, 0.6211745795336348, 0.36532329517133183, 0.43318974469085575, 0.22893075379882669, 0.4151015420037804, 0.19528381898419675, 0.40076925070793107, 0.15974057975615302, 0.23615853166221887, 0.36448045952371394, 0.3841103291543683, 0.08953514025712805], ""kernels.1.base_kernel.kernels.1"": [0.6931481805599428, 0.6931481805599428, 0.6931481805599428]}","{""kernels.0"": 0.00034735082954945497, ""kernels.0.base_kernel.kernels.1"": 0.0033368434512818785, ""kernels.1"": 0.9822035323718108}",8,8,24,24,24,archive,1,22
256,122.3577299911007,97.51610251646787,0.5026,global,-3.2266026689928213,-5.982342578779646,2.7557399097868243,1.5506973309417371,1.4140075053244774,global,,,0.33779521201131646,0.011868647526741029,0.012463695007621735,0.00036297711691902785,0.33114953352307125,0.07852643419621635,0.3332260708300665,0.6931481805599428,"{""kernels.0.base_kernel.kernels.0"": [0.33343555832897576, 0.33278884426783095, 0.33325947373424203, 0.33324219188499377, 0.33316399214636244, 0.3332099497751392, 0.3333617182553098, 0.3332029925047587, 0.33338210216155734, 0.33333448948846656, 0.3328124971924557, 0.33309966696072957, 0.3330941243500214, 0.3331905317152052, 0.33312693960167516, 0.33313344866911815, 0.33318532266520123, 0.3334698514649017], ""kernels.0.base_kernel.kernels.1.base_kernel"": [0.6931481805599428, 0.6931481805599428, 0.6931481805599428], ""kernels.1.base_kernel.kernels.0"": [0.07852643419621635, 0.3236516840163264, 0.17361702428945525, 0.12252538997903893, 0.2429915100083487, 0.45458894861762106, 0.6227472545201598, 0.3648460444647654, 0.4327954194190681, 0.22831104733686852, 0.4146268890787499, 0.1948213317948604, 0.401296071874691, 0.15980216748687548, 0.2363034241116739, 0.36712400545867263, 0.38415566081674984, 0.08958051111274626], ""kernels.1.base_kernel.kernels.1"": [0.6931481805599428, 0.6931481805599428, 0.6931481805599428]}","{""kernels.0"": 0.0003473416383883392, ""kernels.0.base_kernel.kernels.1"": 0.0033368404063006786, ""kernels.1"": 0.9897644185245247}",8,8,24,24,24,archive,2,23
257,149.6734698977896,97.51610251646787,0.5026,global,-3.269643268309401,-4.555643369249146,1.2860001009397446,0.7569198242705998,1.3975386450760507,global,,,0.3473290079192623,0.011861345927648363,0.012456156766000981,0.00036306130431262645,0.3311495253761528,0.07852643417379022,0.33322607083180167,0.6931481805599428,"{""kernels.0.base_kernel.kernels.0"": [0.33343555832859717, 0.33278884427198097, 0.33325947373683446, 0.33324219188534054, 0.33316399214469455, 0.33320994977826274, 0.3333617182625776, 0.3332029925065756, 0.3333821021594448, 0.33333448948917205, 0.3328124971953251, 0.3330996669611159, 0.3330941243509559, 0.3331905317136231, 0.3331269396013593, 0.333133448670808, 0.33318532266509204, 0.33346985146500313], ""kernels.0.base_kernel.kernels.1.base_kernel"": [0.6931481805599428, 0.6931481805599428, 0.6931481805599428], ""kernels.1.base_kernel.kernels.0"": [0.07852643417379022, 0.3236516860957877, 0.1736170236499091, 0.12252539010783685, 0.2429915082908065, 0.4545889508952221, 0.6227472601997364, 0.3648460444159392, 0.4327954210743587, 0.22831104738121924, 0.4146268900194796, 0.19482133150957864, 0.4012960746440363, 0.15980216841964304, 0.23630342574861252, 0.367124012677654, 0.38415566146011054, 0.08958051143135311], ""kernels.1.base_kernel.kernels.1"": [0.6931481805599428, 0.6931481805599428, 0.6931481805599428]}","{""kernels.0"": 0.0003473416383564553, ""kernels.0.base_kernel.kernels.1"": 0.003336840406293234, ""kernels.1"": 0.9897643940838086}",8,8,24,24,24,archive,2,24
258,202.28582930303702,97.51610251646787,0.4998,global,-3.270294377703883,-5.184660635613751,1.914366257909868,1.2312258565008103,1.4135041894981295,global,,,0.34504940704724435,0.011850806871962034,0.012445448082489005,0.00036329497199881906,0.3311495192817843,0.0785264341447025,0.33322607083319955,0.6931481805599428,"{""kernels.0.base_kernel.kernels.0"": [0.33343555832833005, 0.3327888442747007, 0.3332594737387735, 0.33324219188560306, 0.33316399214355014, 0.3332099497807961, 0.3333617182682463, 0.33320299250791474, 0.3333821021579435, 0.333334489489609, 0.3328124971971349, 0.3330996669615667, 0.33309412435188657, 0.33319053171247975, 0.33312693960108947, 0.3331334486720665, 0.333185322665128, 0.33346985146505653], ""kernels.0.base_kernel.kernels.1.base_kernel"": [0.6931481805599428, 0.6931481805599428, 0.6931481805599428], ""kernels.1.base_kernel.kernels.0"": [0.0785264341447025, 0.3236516879893353, 0.17361702324025458, 0.12252539017707088, 0.2429915069057202, 0.4545889528331213, 0.6227472646108053, 0.36484604431327256, 0.4327954222353126, 0.22831104717405465, 0.4146268905098009, 0.1948213312594235, 0.4012960768845999, 0.15980216924129392, 0.23630342697548443, 0.3671240181854652, 0.3841556620485183, 0.08958051164396119], ""kernels.1.base_kernel.kernels.1"": [0.6931481805599428, 0.6931481805599428, 0.6931481805599428]}","{""kernels.0"": 0.0003473416383325938, ""kernels.0.base_kernel.kernels.1"": 0.003336840406287728, ""kernels.1"": 0.9897643758007327}",8,8,24,24,24,archive,2,25
259,129.089383949431,97.51610251646787,0.499,global,-2.958121068974232,-5.030435229255373,2.072314160281141,1.3155772728381594,1.4138963648488405,global,,,0.315806392030938,0.011841995635439027,0.012436969528524666,0.00036379990831989173,0.33114951012034904,0.07852643326815387,0.3332260708396668,0.6931481805599428,"{""kernels.0.base_kernel.kernels.0"": [0.3334355583264005, 0.33278884428821864, 0.3332594737479802, 0.33324219188417414, 0.3331639921379948, 0.3332099497951595, 0.3333617183024164, 0.33320299251325264, 0.33338210214767394, 0.33333448949205363, 0.33281249720515893, 0.33309966696228144, 0.3330941243508128, 0.3331905317027323, 0.3331269395968331, 0.3331334486794154, 0.33318532266418566, 0.33346985146314867], ""kernels.0.base_kernel.kernels.1.base_kernel"": [0.6931481805599428, 0.6931481805599428, 0.6931481805599428], ""kernels.1.base_kernel.kernels.0"": [0.07852643326815387, 0.32365169388402826, 0.1736170128232593, 0.12252538669964626, 0.2429915010671678, 0.45458896263479526, 0.6227472745322568, 0.3648460403422071, 0.43279542659206666, 0.22831104572661895, 0.4146268894673987, 0.1948213280927195, 0.40129609225093377, 0.1598021715906542, 0.23630343149279132, 0.36712405447084157, 0.38415566599349926, 0.08958051230637223], ""kernels.1.base_kernel.kernels.1"": [0.6931481805599428, 0.6931481805599428, 0.6931481805599428]}","{""kernels.0"": 0.00034734163819529656, ""kernels.0.base_kernel.kernels.1"": 0.003336840406255729, ""kernels.1"": 0.9897643483165962}",8,8,24,24,24,archive,2,26
260,167.41456804629706,97.51610251646787,0.4974,global,-3.342167214815172,-6.2336853196258595,2.8915181048106873,1.6067478701039757,1.413943914608234,global,,,0.33297031918800235,0.01183449607744167,0.01242937534319442,0.0003639839333264227,0.33114950760144174,0.07852643310998311,0.33322607084079475,0.6931481805599428,"{""kernels.0.base_kernel.kernels.0"": [0.3334355583260712, 0.3327888442906611, 0.3332594737496888, 0.3332421918839136, 0.33316399213690734, 0.33320994979767593, 0.3333617183084243, 0.333202992514141, 0.33338210214641123, 0.3333344894924424, 0.3328124972068033, 0.33309966696230836, 0.3330941243508689, 0.33319053170098273, 0.333126939596074, 0.33313344868080225, 0.3331853226640376, 0.33346985146283115], ""kernels.0.base_kernel.kernels.1.base_kernel"": [0.6931481805599428, 0.6931481805599428, 0.6931481805599428], ""kernels.1.base_kernel.kernels.0"": [0.07852643310998311, 0.32365169529333726, 0.17361701126726586, 0.12252538617842446, 0.24299149992758243, 0.4545889644439464, 0.6227472759715197, 0.3648460395834217, 0.4327954281263947, 0.2283110453649452, 0.41462688968904365, 0.1948213274765758, 0.4012960955732494, 0.15980217199453955, 0.23630343240281088, 0.3671240610793897, 0.38415566681468183, 0.08958051240777966], ""kernels.1.base_kernel.kernels.1"": [0.6931481805599428, 0.6931481805599428, 0.6931481805599428]}","{""kernels.0"": 0.00034734163817019104, ""kernels.0.base_kernel.kernels.1"": 0.003336840406250119, ""kernels.1"": 0.9897643407599049}",8,8,24,24,24,archive,2,27
261,116.03687705581362,97.51610251646787,0.4992,global,-3.454248418572705,-4.8090300461130795,1.3547816275403743,0.7776662121213516,1.4111949409080602,global,,,0.32082755430114046,0.011872799283528539,0.01246389257587766,0.00036697232399485896,0.32974362547661024,0.07758889100967965,0.33323080880414324,0.6931481805599428,"{""kernels.0.base_kernel.kernels.0"": [0.3334343067574372, 0.3327981079609391, 0.3332682629964857, 0.33324106759538136, 0.3331579840275116, 0.3332205500129052, 0.3333860531054627, 0.33320712106735, 0.33337444984554365, 0.333335357277993, 0.33282066764091417, 0.3330991739344107, 0.33309496469662064, 0.3331820535681676, 0.33312262305923684, 0.33313834208892745, 0.33318485828744954, 0.3334688026431161], ""kernels.0.base_kernel.kernels.1.base_kernel"": [0.6931481805599428, 0.6931481805599428, 0.6931481805599428], ""kernels.1.base_kernel.kernels.0"": [0.07758889100967965, 0.32728700584645465, 0.16515662734342282, 0.12023432534044139, 0.2370612911056844, 0.4598870636201764, 0.6217848666234501, 0.35995384055257096, 0.43919752692110914, 0.22479221538215388, 0.415372415854212, 0.19062328476802, 0.41989721088572524, 0.16313252699250153, 0.2404786574019316, 0.39998439978779243, 0.38951377764447204, 0.08978478202043721], ""kernels.1.base_kernel.kernels.1"": [0.6931481805599428, 0.6931481805599428, 0.6931481805599428]}","{""kernels.0"": 0.00034722874059652474, ""kernels.0.base_kernel.kernels.1"": 0.0033368120240594434, ""kernels.1"": 0.9855468356651746}",8,8,24,24,24,archive,1,28
262,150.90140833457616,97.51610251646787,0.5006,global,-3.3551607317104795,-5.2188750482935475,1.863714316583068,0.3946684222674172,1.3187701892568016,global,,,0.3398338641485861,0.011866960410891617,0.012457833455169218,0.0003670189139810661,0.3297436203675853,0.07758889099027733,0.33323080880450473,0.6931481805599428,"{""kernels.0.base_kernel.kernels.0"": [0.33343430675866087, 0.3327981079586033, 0.33326826300138535, 0.33324106759712274, 0.3331579840270852, 0.33322055001188666, 0.33338605311549907, 0.3332071210681994, 0.33337444984128906, 0.3333353572789539, 0.3328206676365262, 0.3330991739342402, 0.33309496468639455, 0.3331820535636936, 0.333122623054617, 0.3331383420828834, 0.3331848582839115, 0.3334688026429659], ""kernels.0.base_kernel.kernels.1.base_kernel"": [0.6931481805599428, 0.6931481805599428, 0.6931481805599428], ""kernels.1.base_kernel.kernels.0"": [0.07758889099027733, 0.32728700542289, 0.1651566276950376, 0.12023432657703925, 0.23706129280374302, 0.4598870616683101, 0.6217848730629049, 0.3599538392257595, 0.4391975289457721, 0.22479221499122393, 0.4153724128084757, 0.19062328481034577, 0.4198972065052764, 0.16313252843818937, 0.240478658422766, 0.3999844044141548, 0.38951377617323735, 0.08978478209903265], ""kernels.1.base_kernel.kernels.1"": [0.6931481805599428, 0.6931481805599428, 0.6931481805599428]}","{""kernels.0"": 0.0003472287405691466, ""kernels.0.base_kernel.kernels.1"": 0.003336812024048404, ""kernels.1"": 0.9855468203381383}",8,8,24,24,24,archive,1,29
263,132.58146638264793,97.51610251646787,0.4986,global,-3.4904616025700204,-5.308092370636274,1.8176307680662536,0.3561346925676993,1.1796801578156852,global,,,0.2780576839069956,0.011856442958490894,0.012447151720701462,0.0003672568687823487,0.32974361779629713,0.0775888909548364,0.33323080880463485,0.6931481805599428,"{""kernels.0.base_kernel.kernels.0"": [0.33343430675929026, 0.3327981079574569, 0.33326826300388446, 0.3332410675980065, 0.3331579840268835, 0.33322055001126316, 0.3333860531205113, 0.33320712106868716, 0.3333744498394844, 0.3333353572793678, 0.33282066763414614, 0.33309917393413707, 0.3330949646812344, 0.3331820535615877, 0.3331226230522391, 0.3331383420797455, 0.3331848582821066, 0.33346880264293527], ""kernels.0.base_kernel.kernels.1.base_kernel"": [0.6931481805599428, 0.6931481805599428, 0.6931481805599428], ""kernels.1.base_kernel.kernels.0"": [0.0775888909548364, 0.32728700531500204, 0.16515662787377, 0.1202343271817254, 0.23706129368391957, 0.4598870604711817, 0.6217848763804369, 0.3599538391783462, 0.43919753043434245, 0.22479221451009102, 0.41537241113008555, 0.19062328513223414, 0.4198972042635795, 0.16313252925776722, 0.2404786588217523, 0.3999844066683625, 0.3895137754101148, 0.08978478211130583], ""kernels.1.base_kernel.kernels.1"": [0.6931481805599428, 0.6931481805599428, 0.6931481805599428]}","{""kernels.0"": 0.00034722874055542665, ""kernels.0.base_kernel.kernels.1"": 0.003336812024042824, ""kernels.1"": 0.9855468126242931}",8,8,24,24,24,archive,1,30
264,117.4571128096583,97.51610251646787,0.4984,global,-3.498232485980429,-4.79645029179422,1.298217805813791,0.756167158823272,1.400856379749656,global,,,0.38006935416548726,0.011847658163421653,0.012438152936333997,0.00036740508476618817,0.3297436142763407,0.0775888909143795,0.3332308088047252,0.6931481805599428,"{""kernels.0.base_kernel.kernels.0"": [0.33343430675996244, 0.3327981079562994, 0.3332682630065193, 0.3332410675989193, 0.3331579840274381, 0.3332205500105312, 0.3333860531263793, 0.3332071210692596, 0.3333744498378944, 0.3333353572797451, 0.3328206676314844, 0.33309917393395577, 0.3330949646757995, 0.33318205355932357, 0.33312262304965784, 0.3331383420763483, 0.3331848582802084, 0.33346880264287265], ""kernels.0.base_kernel.kernels.1.base_kernel"": [0.6931481805599428, 0.6931481805599428, 0.6931481805599428], ""kernels.1.base_kernel.kernels.0"": [0.0775888909143795, 0.32728700548302087, 0.16515662811580795, 0.12023432779761418, 0.23706129700784248, 0.45988705900410237, 0.6217848804311307, 0.35995383927080826, 0.4391975325597659, 0.22479221389488402, 0.4153724092448984, 0.1906232853763324, 0.4198972021975749, 0.16313253010288553, 0.24047865916561464, 0.39998440888446596, 0.3895137746779584, 0.08978478209439875], ""kernels.1.base_kernel.kernels.1"": [0.6931481805599428, 0.6931481805599428, 0.6931481805599428]}","{""kernels.0"": 0.0003472287405401995, ""kernels.0.base_kernel.kernels.1"": 0.0033368120240369597, ""kernels.1"": 0.9855468020644449}",8,8,24,24,24,archive,3,31
265,133.2382985870307,97.51610251646787,0.4986,global,-3.3383324239574117,-5.006795732090367,1.6684633081329556,0.6424309128753307,1.4105919560487454,global,,,0.3217767930395934,0.011841882726266347,0.012432213759078384,0.00036748735801580006,0.32974360792064955,0.07758889092541983,0.33323080880498573,0.6931481805599428,"{""kernels.0.base_kernel.kernels.0"": [0.33343430676100705, 0.3327981079543083, 0.33326826301039214, 0.33324106760045885, 0.33315798402819463, 0.3332205500095126, 0.3333860531359902, 0.3332071210698114, 0.333374449835134, 0.3333353572802513, 0.33282066762838447, 0.333099173933489, 0.3330949646682719, 0.33318205355573266, 0.3331226230458789, 0.3331383420718902, 0.3331848582775691, 0.33346880264281437], ""kernels.0.base_kernel.kernels.1.base_kernel"": [0.6931481805599428, 0.6931481805599428, 0.6931481805599428], ""kernels.1.base_kernel.kernels.0"": [0.07758889092541983, 0.32728700508470804, 0.16515662841020795, 0.1202343290863416, 0.23706130187864505, 0.4598870572324505, 0.6217848871087654, 0.35995383886097343, 0.43919753519735977, 0.22479221281758704, 0.41537240862147257, 0.1906232856309452, 0.4198972007839081, 0.163132531276072, 0.24047866000829413, 0.39998441269710966, 0.38951377412386756, 0.08978478216591146], ""kernels.1.base_kernel.kernels.1"": [0.6931481805599428, 0.6931481805599428, 0.6931481805599428]}","{""kernels.0"": 0.00034722874051759764, ""kernels.0.base_kernel.kernels.1"": 0.003336812024028474, ""kernels.1"": 0.9855467829974026}",8,8,24,24,24,archive,3,32
266,132.13386951818694,97.51610251646787,0.5014,global,-3.3559699246793286,-5.769931968824859,2.4139620441455305,0.5656518939309142,1.3275456467962627,global,,,0.34842526712456556,0.011832813545720812,0.012422898715779814,0.0003676241960864444,0.3297436021672822,0.07758889094378593,0.3332308088055187,0.6931481805599428,"{""kernels.0.base_kernel.kernels.0"": [0.33343430676180164, 0.33279810795285075, 0.33326826301330453, 0.33324106760160227, 0.33315798402873065, 0.3332205500094352, 0.3333860531432598, 0.3332071210702809, 0.33337444983309716, 0.3333353572805874, 0.33282066762598367, 0.3330991739332085, 0.33309496466288857, 0.3331820535530903, 0.33312262304303536, 0.3331383420686447, 0.33318485827565747, 0.33346880264275597], ""kernels.0.base_kernel.kernels.1.base_kernel"": [0.6931481805599428, 0.6931481805599428, 0.6931481805599428], ""kernels.1.base_kernel.kernels.0"": [0.07758889094378593, 0.3272870048882759, 0.16515662876645198, 0.12023433011823821, 0.23706130538359715, 0.4598870577201654, 0.6217848922257153, 0.3599538387011546, 0.4391975372889269, 0.22479221185618603, 0.4153724081716057, 0.19062328599665063, 0.41989720037521977, 0.16313253237785552, 0.24047866060395637, 0.3999844158397589, 0.38951377388363445, 0.08978478221471375], ""kernels.1.base_kernel.kernels.1"": [0.6931481805599428, 0.6931481805599428, 0.6931481805599428]}","{""kernels.0"": 0.0003472287404996422, ""kernels.0.base_kernel.kernels.1"": 0.003336812024022157, ""kernels.1"": 0.9855467657373249}",8,8,24,24,24,archive,2,33
267,440.07354647076073,97.51610251646787,0.5022,global,-3.388126127391619,-4.967554178402274,1.5794280510106553,0.8929056995204286,1.4080984967222057,global,,,0.3077187082237271,0.01182419133225097,0.012414072962916106,0.0003677745461581888,0.32974359511935764,0.07758889094440358,0.3332308088060322,0.6931481805599428,"{""kernels.0.base_kernel.kernels.0"": [0.33343430676261665, 0.3327981079512514, 0.33326826301631124, 0.3332410676028336, 0.33315798402928437, 0.33322055000923073, 0.33338605315162284, 0.3332071210709208, 0.3333744498316051, 0.33333535728091324, 0.33282066762370976, 0.3330991739329154, 0.33309496465718885, 0.3331820535503728, 0.3331226230401584, 0.3331383420651831, 0.3331848582736375, 0.33346880264269213], ""kernels.0.base_kernel.kernels.1.base_kernel"": [0.6931481805599428, 0.6931481805599428, 0.6931481805599428], ""kernels.1.base_kernel.kernels.0"": [0.07758889094440358, 0.32728700453756926, 0.1651566291528359, 0.12023433134466777, 0.23706130892028687, 0.459887058177951, 0.6217848989588062, 0.3599538388887202, 0.4391975406442455, 0.22479221080548145, 0.4153724084535671, 0.19062328642875037, 0.4198971999083513, 0.16313253366935782, 0.24047866143454022, 0.3999844190272825, 0.38951377358775946, 0.08978478229409421], ""kernels.1.base_kernel.kernels.1"": [0.6931481805599428, 0.6931481805599428, 0.6931481805599428]}","{""kernels.0"": 0.0003472287404797258, ""kernels.0.base_kernel.kernels.1"": 0.0033368120240156746, ""kernels.1"": 0.9855467445935775}",8,8,24,24,24,archive,2,34
268,125.78171718089801,97.51610251646787,0.5016,global,-2.004349056284834,-4.923823788202578,2.9194747319177443,0.9399018247486602,1.4082806026682706,global,,,0.24885968771491204,0.011992049142939321,0.012590080616847138,0.0003775662609293084,0.33028955190273024,0.057351064807229166,0.3331879253503019,0.6931481805599428,"{""kernels.0.base_kernel.kernels.0"": [0.33345915089406736, 0.33278748904184613, 0.3332759155285538, 0.3332644879047947, 0.33310832554762254, 0.33309517213147677, 0.333166438691758, 0.33321665586015814, 0.33328034778240684, 0.33332418677045195, 0.33280138485692995, 0.33313211779730834, 0.333132531319986, 0.3329974026029751, 0.33308635118920715, 0.3330327721115249, 0.3332094120088458, 0.3334957893700116], ""kernels.0.base_kernel.kernels.1.base_kernel"": [0.6931481805599428, 0.6931481805599428, 0.6931481805599428], ""kernels.1.base_kernel.kernels.0"": [0.07632523738809445, 0.3124551560553363, 0.1793727956942502, 0.12555601496346946, 0.2443474409270205, 0.5327137836673386, 0.5680105840917278, 0.3320687496948759, 0.4378467614160307, 0.19519128263659657, 0.43448015844952526, 0.19222759837819794, 0.3194165453707119, 0.3977115217495205, 0.2667656348387468, 0.5313364239273713, 0.4128151299711914, 0.057351064807229166], ""kernels.1.base_kernel.kernels.1"": [0.6931481805599428, 0.6931481805599428, 0.6931481805599428]}","{""kernels.0"": 0.00034746038620980286, ""kernels.0.base_kernel.kernels.1"": 0.0033364473408089394, ""kernels.1"": 0.987184747981172}",8,8,24,24,24,archive,2,35
269,128.79857763858993,97.51610251646787,0.4976,global,-2.8914013614183585,-4.918505371935104,2.0271040105167453,0.6717498264446359,1.4080360602055757,global,,,0.23554065373998817,0.011999815160077566,0.012600004994222246,0.00037875545421952786,0.33028956808879656,0.057351064625345304,0.3331879253524681,0.6931481805599428,"{""kernels.0.base_kernel.kernels.0"": [0.3334591508965368, 0.3327874890413551, 0.33327591552752717, 0.3332644879033159, 0.33310832554616815, 0.33309517212462847, 0.3331664386971472, 0.33321665585477217, 0.3332803477754726, 0.3333241867736248, 0.33280138484910116, 0.3331321177962305, 0.33313253131552745, 0.3329974026006385, 0.33308635118119684, 0.33303277210928206, 0.333209412007789, 0.3334957893710548], ""kernels.0.base_kernel.kernels.1.base_kernel"": [0.6931481805599428, 0.6931481805599428, 0.6931481805599428], ""kernels.1.base_kernel.kernels.0"": [0.07632523754535163, 0.31245515255168543, 0.17937279427100877, 0.12555601511081155, 0.2443474395150212, 0.5327137844147294, 0.5680105847597202, 0.33206874110320894, 0.4378467577068993, 0.19519128338921687, 0.4344801578843712, 0.1922275931215006, 0.3194165453528971, 0.39771151904834684, 0.26676563435562883, 0.5313364237252219, 0.4128151303463756, 0.057351064625345304], ""kernels.1.base_kernel.kernels.1"": [0.6931481805599428, 0.6931481805599428, 0.6931481805599428]}","{""kernels.0"": 0.00034746038624979534, ""kernels.0.base_kernel.kernels.1"": 0.0033364473407964815, ""kernels.1"": 0.9871847965393434}",8,8,24,24,24,archive,3,36
270,152.93549632264615,97.51610251646787,0.4972,global,-2.938360342370088,-5.45523533710165,2.5168749947315616,0.8933872372644267,1.391754742581072,global,,,0.34478263316768903,0.012024595608937011,0.012621936712986982,0.00038071484603596344,0.3335860193448688,0.0573202252357421,0.333187982271272,0.6931481805599428,"{""kernels.0.base_kernel.kernels.0"": [0.3334596007791503, 0.3327875362161372, 0.3332756751087914, 0.33326425630673845, 0.3331080269081139, 0.3330938618510157, 0.3331667616980598, 0.3332153297144941, 0.3332792145617827, 0.3333246858690018, 0.33279991469515713, 0.3331318906135258, 0.33313171317512796, 0.3329969473036761, 0.3330849589057715, 0.33303230940029727, 0.33320920284448424, 0.3334959959141955], ""kernels.0.base_kernel.kernels.1.base_kernel"": [0.6931481805599428, 0.6931481805599428, 0.6931481805599428], ""kernels.1.base_kernel.kernels.0"": [0.07633887540855594, 0.3119245791625943, 0.179145916051512, 0.12559156581951478, 0.24411027158759474, 0.5328880529689484, 0.5672936563909873, 0.32982238838991124, 0.43712497032308945, 0.19503152809926644, 0.43460505590673404, 0.19105131370022052, 0.3193778452636962, 0.39730012978133644, 0.26679196826441776, 0.5312033278019503, 0.4128565337244435, 0.0573202252357421], ""kernels.1.base_kernel.kernels.1"": [0.6931481805599428, 0.6931481805599428, 0.6931481805599428]}","{""kernels.0"": 0.00034746838625824807, ""kernels.0.base_kernel.kernels.1"": 0.003336445031308942, ""kernels.1"": 0.9970741446170392}",8,8,24,24,24,archive,3,37
271,154.04668240742978,97.51610251646787,0.4992,global,-3.324084693460234,-4.721205461665786,1.3971207682055518,1.1110200468584204,1.408930688733266,global,,,0.28417034368682037,0.011998132594560673,0.012599703542633456,0.00038027593945655434,0.3306857363421838,0.057240495693603274,0.3331888392871446,0.6931481805599428,"{""kernels.0.base_kernel.kernels.0"": [0.33346055608070985, 0.33278874846084966, 0.33327531847040576, 0.33326394039750257, 0.33310769445404087, 0.33309136447480486, 0.33316863160433874, 0.33321321268093357, 0.3332778490464157, 0.3333260696723087, 0.3327971253637648, 0.33313233523761543, 0.33313044270614733, 0.3329960131176294, 0.3330823368003603, 0.33303166864894207, 0.33320904696995046, 0.33349623279249385], ""kernels.0.base_kernel.kernels.1.base_kernel"": [0.6931481805599428, 0.6931481805599428, 0.6931481805599428], ""kernels.1.base_kernel.kernels.0"": [0.0765153524656429, 0.3124663858442184, 0.17928481347227349, 0.12629151956374207, 0.2441005082053184, 0.5344604674778815, 0.5662234762620757, 0.3253868652241276, 0.43648889727746903, 0.1955360224983932, 0.43575358009196835, 0.18916054127408874, 0.3203114789868375, 0.3970826384870025, 0.26779021773207423, 0.5320715875387176, 0.4132075115896137, 0.057240495693603274], ""kernels.1.base_kernel.kernels.1"": [0.6931481805599428, 0.6931481805599428, 0.6931481805599428]}","{""kernels.0"": 0.0003474788567976907, ""kernels.0.base_kernel.kernels.1"": 0.0033364394146308835, ""kernels.1"": 0.9883732907551228}",8,8,24,24,24,archive,2,38
272,129.11154640562253,97.51610251646787,0.4976,global,-3.1603431098197525,-4.763363380701443,1.6030202708816903,0.4421145585269312,1.2373302527283943,global,,,0.25977599116148486,0.012015927507276595,0.012614744510212574,0.00038208937221421307,0.3336249973909256,0.05720986265075226,0.3331893388401346,0.6931481805599428,"{""kernels.0.base_kernel.kernels.0"": [0.33346091835963204, 0.3327887895055904, 0.33327513676545173, 0.3332635935430021, 0.3331074539831069, 0.333089545002413, 0.33316967162287664, 0.33321254423858154, 0.3332771175451396, 0.33332644243918985, 0.33279565498278646, 0.3331324003777357, 0.3331299053860469, 0.3329952974297284, 0.3330810599806892, 0.3330310269632756, 0.33320900605739256, 0.33349632001750384], ""kernels.0.base_kernel.kernels.1.base_kernel"": [0.6931481805599428, 0.6931481805599428, 0.6931481805599428], ""kernels.1.base_kernel.kernels.0"": [0.07652647546323549, 0.3123327021119804, 0.17908676993545647, 0.12625793972302096, 0.24388769774190866, 0.5339317904525648, 0.5654468749662881, 0.3238706717889667, 0.43576606958869113, 0.1951700772323442, 0.4356179061894974, 0.18844756212707048, 0.31974275944256647, 0.3962893411806084, 0.2676693957980527, 0.5320766964364474, 0.4131905406627493, 0.05720986265075226], ""kernels.1.base_kernel.kernels.1"": [0.6931481805599428, 0.6931481805599428, 0.6931481805599428]}","{""kernels.0"": 0.0003474850500943914, ""kernels.0.base_kernel.kernels.1"": 0.00333643738799103, ""kernels.1"": 0.9971910697346915}",8,8,24,24,24,archive,4,39
273,153.49898112350465,97.51610251646787,0.5004,global,-3.508041931835357,-4.942760193486503,1.4347182616511462,0.49249026073553354,1.397247396526371,global,,,0.27134207408550626,0.012008799447182566,0.012607573550471336,0.00038230151308649764,0.33362499393409345,0.05720986256653582,0.333189338842246,0.6931481805599428,"{""kernels.0.base_kernel.kernels.0"": [0.3334609183606231, 0.33278878950737495, 0.333275136765039, 0.3332635935421226, 0.33310745398275887, 0.3330895449989206, 0.33316967162664984, 0.3332125442370526, 0.3332771175443874, 0.33332644244063303, 0.3327956549799498, 0.33313240037850333, 0.3331299053855382, 0.3329952974278334, 0.3330810599773165, 0.3330310269623313, 0.3332090060578421, 0.33349632001751517], ""kernels.0.base_kernel.kernels.1.base_kernel"": [0.6931481805599428, 0.6931481805599428, 0.6931481805599428], ""kernels.1.base_kernel.kernels.0"": [0.07652647562500117, 0.31233270373680877, 0.17908676996506895, 0.12625794026528123, 0.24388769767584154, 0.53393179164655, 0.5654468730648268, 0.3238706683260973, 0.4357660697778334, 0.1951700776651624, 0.4356179072581506, 0.1884475608759265, 0.3197427591474785, 0.39628933931258764, 0.26766939639026677, 0.5320766975034638, 0.4131905410920193, 0.05720986256653582], ""kernels.1.base_kernel.kernels.1"": [0.6931481805599428, 0.6931481805599428, 0.6931481805599428]}","{""kernels.0"": 0.00034748505010304966, ""kernels.0.base_kernel.kernels.1"": 0.0033364373879845636, ""kernels.1"": 0.9971910593641928}",8,8,24,24,24,archive,5,40
274,100.07562978629278,97.51610251646787,0.4986,local,-3.429636920059323,-41.8066886128029,38.37705169274358,0.08248578623608968,0.3590306760093804,archive,318,69,0.06790069037801222,0.01202192355008798,0.01262684391569613,0.00038438294732829107,0.32686406355745307,0.05641930619189211,0.3332030566070654,0.6931481805599428,"{""kernels.0.base_kernel.kernels.0"": [0.3334708313825176, 0.33279405772777476, 0.3332683093771609, 0.3332487987471997, 0.333101623371508, 0.33304376834626553, 0.33322782998568806, 0.3331906616766896, 0.33326373273115734, 0.3333428394383166, 0.3327635855959259, 0.33314515691388064, 0.3331309623905796, 0.33297326892484724, 0.3330338710840323, 0.3330255069688074, 0.3332154515374412, 0.3334956845062068], ""kernels.0.base_kernel.kernels.1.base_kernel"": [0.6931481805599428, 0.6931481805599428, 0.6931481805599428], ""kernels.1.base_kernel.kernels.0"": [0.07749706935596337, 0.3181119235231418, 0.16987631365706363, 0.12915352590614104, 0.24033169345000538, 0.5405257465076343, 0.5465736151684107, 0.2684053160039009, 0.44886649675974066, 0.20312866262223706, 0.44420872392240723, 0.18187523038733344, 0.30212761452054493, 0.3737420354100943, 0.26472255049643045, 0.5351013040381414, 0.4129212168572877, 0.05641930619189211], ""kernels.1.base_kernel.kernels.1"": [0.6931481805599428, 0.6931481805599428, 0.6931481805599428]}","{""kernels.0"": 0.00034761550374830784, ""kernels.0.base_kernel.kernels.1"": 0.003336345273269754, ""kernels.1"": 0.9769082298953411}",8,8,24,24,24,archive,2,41
275,121.8393242317704,97.51610251646787,0.4998,global,-3.4532609609940694,-4.68801148225193,1.234750521257861,0.9535406463277253,1.4076345636482,global,,,0.26612016542395456,0.011984734772675334,0.01259142927959554,0.0003822352572278591,0.3255907854780961,0.05639869576384655,0.3332045833773638,0.6931481805599428,"{""kernels.0.base_kernel.kernels.0"": [0.3334708675950069, 0.3327934308976815, 0.3332690101207705, 0.33324811848222463, 0.33310148588681193, 0.3330433181639124, 0.333227606215307, 0.3331929440026048, 0.3332634934011385, 0.3333427301515151, 0.33276099232312645, 0.3331455340486984, 0.33313334892129887, 0.3329730912940837, 0.3330334646156322, 0.3330254998611733, 0.3332162227521228, 0.3334958240354401], ""kernels.0.base_kernel.kernels.1.base_kernel"": [0.6931481805599428, 0.6931481805599428, 0.6931481805599428], ""kernels.1.base_kernel.kernels.0"": [0.07755585006855768, 0.31872343405711984, 0.17009536942725217, 0.12930815962256945, 0.24031819726653886, 0.5401046806467746, 0.5502975363717063, 0.26983362190227944, 0.4505675639257032, 0.20429818437819058, 0.4433401008783415, 0.18194869482931675, 0.30482600590010395, 0.3732239616884187, 0.2646971795805656, 0.5359501862911973, 0.41346646269627446, 0.05639869576384655], ""kernels.1.base_kernel.kernels.1"": [0.6931481805599428, 0.6931481805599428, 0.6931481805599428]}","{""kernels.0"": 0.0003476196171966416, ""kernels.0.base_kernel.kernels.1"": 0.0033363403844287143, ""kernels.1"": 0.9730883964326629}",8,8,24,24,24,archive,2,42
276,121.23936402907964,97.51610251646787,0.4962,global,-3.582234243843877,-5.3826878852519595,1.8004536414080827,0.5846645861003351,1.3100758731876962,global,,,0.23857676486317445,0.011977224880306832,0.012583621232915032,0.0003822903175729998,0.3255907940899084,0.056398695699648664,0.33320458338062126,0.6931481805599428,"{""kernels.0.base_kernel.kernels.0"": [0.3334708675954132, 0.3327934308942618, 0.33326901012260945, 0.3332481184803604, 0.3331014858857219, 0.3330433181607239, 0.33322760621360786, 0.33319294400797606, 0.3332634933996781, 0.33334273015094634, 0.332760992314087, 0.33314553404934066, 0.33313334892582325, 0.33297309129365504, 0.3330334646136107, 0.3330254998599294, 0.33321622275326646, 0.33349582403626415], ""kernels.0.base_kernel.kernels.1.base_kernel"": [0.6931481805599428, 0.6931481805599428, 0.6931481805599428], ""kernels.1.base_kernel.kernels.0"": [0.07755585007702107, 0.31872343442920553, 0.17009536925455132, 0.12930815957086778, 0.24031819631300416, 0.5401046776483949, 0.5502975447785088, 0.2698336240265667, 0.45056756724101354, 0.20429818610638636, 0.4433400973296171, 0.1819486943260416, 0.30482601043367746, 0.37322396131618585, 0.2646971787420097, 0.5359501881853261, 0.4134664632977457, 0.056398695699648664], ""kernels.1.base_kernel.kernels.1"": [0.6931481805599428, 0.6931481805599428, 0.6931481805599428]}","{""kernels.0"": 0.00034761961721990135, ""kernels.0.base_kernel.kernels.1"": 0.0033363403844151596, ""kernels.1"": 0.97308842226809}",8,8,24,24,24,archive,2,43
277,183.81201508265332,97.51610251646787,0.5,global,-3.595787278921884,-5.042586122235889,1.446798843314005,0.6625133577070947,1.3166168564057334,global,,,0.3756708561816998,0.011967000918667417,0.012572660180146909,0.00038214294515658947,0.32559087393221225,0.05639869481271162,0.3332045834283909,0.6931481805599428,"{""kernels.0.base_kernel.kernels.0"": [0.33347086760188505, 0.33279343084560126, 0.333269010150104, 0.3332481184562026, 0.33310148587081206, 0.333043318121631, 0.333227606204194, 0.3331929440853518, 0.3332634933856207, 0.33334273014227517, 0.3327609921859235, 0.33314553405713965, 0.33313334899248276, 0.33297309129746977, 0.33303346458666216, 0.33302549984189556, 0.33321622277142987, 0.33349582404766975], ""kernels.0.base_kernel.kernels.1.base_kernel"": [0.6931481805599428, 0.6931481805599428, 0.6931481805599428], ""kernels.1.base_kernel.kernels.0"": [0.0775558507291902, 0.3187234420315655, 0.17009536939546793, 0.12930816554613236, 0.24031818166243668, 0.5401046444573836, 0.5502976901975059, 0.2698336551951702, 0.4505676431269647, 0.20429821141268212, 0.4433400555331261, 0.18194868533898065, 0.30482608911601305, 0.37322401058462673, 0.2646971749502591, 0.5359502193275621, 0.4134664763573507, 0.05639869481271162], ""kernels.1.base_kernel.kernels.1"": [0.6931481805599428, 0.6931481805599428, 0.6931481805599428]}","{""kernels.0"": 0.0003476196175109155, ""kernels.0.base_kernel.kernels.1"": 0.0033363403842208415, ""kernels.1"": 0.973088661794905}",8,8,24,24,24,archive,2,44
278,147.09468508264203,97.51610251646787,0.5012,local,-3.762797813326494,-21.484258381493696,17.721460568167203,0.09127222476487769,0.48925065966913145,archive,336,55,0.07893107776061736,0.011958107026754447,0.01256402660863205,0.0003826207109434417,0.3255909589709071,0.05639869420205086,0.33320458346395043,0.6931481805599428,"{""kernels.0.base_kernel.kernels.0"": [0.3334708676072601, 0.33279343080614066, 0.33326901017111366, 0.33324811843237384, 0.33310148585255406, 0.3330433180951264, 0.3332276062117323, 0.3331929441458214, 0.33326349336768846, 0.3333427301295717, 0.33276099207623006, 0.33314553406616704, 0.3331333490365392, 0.3329730912938463, 0.33303346456330407, 0.3330254998212954, 0.3332162227820794, 0.3334958240549652], ""kernels.0.base_kernel.kernels.1.base_kernel"": [0.6931481805599428, 0.6931481805599428, 0.6931481805599428], ""kernels.1.base_kernel.kernels.0"": [0.07755585029406156, 0.3187234403588092, 0.1700953785020844, 0.12930816354146274, 0.24031813073478614, 0.5401046057350967, 0.5502977931611801, 0.2698336763080261, 0.45056769041480105, 0.20429822674894743, 0.443340021645402, 0.18194867388890068, 0.30482614281404036, 0.37322403758443756, 0.26469716738979365, 0.5359502376921865, 0.4134664836743554, 0.05639869420205086], ""kernels.1.base_kernel.kernels.1"": [0.6931481805599428, 0.6931481805599428, 0.6931481805599428]}","{""kernels.0"": 0.0003476196177455339, ""kernels.0.base_kernel.kernels.1"": 0.0033363403840747687, ""kernels.1"": 0.9730889169109012}",8,8,24,24,24,archive,3,45
279,122.45512661389267,97.51610251646787,0.4988,local,-2.845814298861673,-33.73979983042387,30.893985531562198,0.12444480287192727,0.6514692243913168,archive,302,66,0.15038464454789457,0.012732337530744497,0.0133448828322592,0.00043266017163298736,0.32060441257628125,0.05608138958753106,0.33321261732210183,0.6931481805599428,"{""kernels.0.base_kernel.kernels.0"": [0.3334810456725265, 0.3327596113138818, 0.3332926664394041, 0.33325244599616893, 0.3331206615716867, 0.3329384280814995, 0.3330061151366571, 0.3332043977882971, 0.3332491937440211, 0.3333634428725174, 0.33275628873436014, 0.3331534188895191, 0.33314436815259246, 0.3329617707494236, 0.33304330812686134, 0.33289851325114167, 0.33322083685590664, 0.33349493989234075], ""kernels.0.base_kernel.kernels.1.base_kernel"": [0.6931481805599428, 0.6931481805599428, 0.6931481805599428], ""kernels.1.base_kernel.kernels.0"": [0.07407065785823724, 0.2714675302368661, 0.1414668909514656, 0.13238346738247303, 0.25259026733177825, 0.44579109955636137, 0.3528814752387083, 0.3015295314390172, 0.44084272556371745, 0.18412307407629824, 0.4456521457327038, 0.1867356682375169, 0.3503492939577899, 0.36925313411295213, 0.2773459454747984, 0.4214910632877413, 0.42212770766903523, 0.05608138958753106], ""kernels.1.base_kernel.kernels.1"": [0.6931481805599428, 0.6931481805599428, 0.6931481805599428]}","{""kernels.0"": 0.00034785289190949174, ""kernels.0.base_kernel.kernels.1"": 0.0033363124278907156, ""kernels.1"": 0.9581290724090435}",8,8,24,24,24,archive,1,46
280,100.02756194140304,97.51610251646787,0.4992,local,-3.213823955294134,-33.34799250744113,30.134168552146992,0.07589117473524103,0.5953736398732358,archive,302,66,0.05422860355937725,0.012812481316521589,0.013437811861012693,0.00043933278245684786,0.3206044362313745,0.056081389355041915,0.33321261732065466,0.6931481805599428,"{""kernels.0.base_kernel.kernels.0"": [0.3334810456670252, 0.332759611346703, 0.33329266645200745, 0.3332524459912369, 0.33312066157969533, 0.3329384280983335, 0.3330061151051236, 0.33320439778460165, 0.3332491937216699, 0.33336344287835656, 0.33275628876072666, 0.33315341888006145, 0.3331443681610341, 0.3329617707379673, 0.333043308120753, 0.33289851325949316, 0.33322083685670767, 0.3334949398924071], ""kernels.0.base_kernel.kernels.1.base_kernel"": [0.6931481805599428, 0.6931481805599428, 0.6931481805599428], ""kernels.1.base_kernel.kernels.0"": [0.07407065821184167, 0.27146756198019173, 0.1414669018444742, 0.13238346220993572, 0.25259027064150624, 0.4457910956858223, 0.3528814197827189, 0.3015295467264956, 0.4408427052287408, 0.18412308694352406, 0.4456521530649711, 0.18673565717362337, 0.350349314026268, 0.36925312467378396, 0.2773459518458261, 0.4214910574621527, 0.42212770640381314, 0.056081389355041915], ""kernels.1.base_kernel.kernels.1"": [0.6931481805599428, 0.6931481805599428, 0.6931481805599428]}","{""kernels.0"": 0.0003478528919627865, ""kernels.0.base_kernel.kernels.1"": 0.0033363124278717408, ""kernels.1"": 0.958129143374289}",8,8,24,24,24,archive,2,47
281,97.0960586029999,97.0960586029999,0.5022,local,-2.8926857731079143,-36.72866832805031,33.8359825549424,0.08917458276224012,0.4288660873333937,archive,302,67,0.07373806606287592,0.0119171303879264,0.012423087039240627,0.0003754075156907092,0.3240200921101715,0.05767633962252546,0.3331272002026043,0.6931481805599428,"{""kernels.0.base_kernel.kernels.0"": [0.3335144988151061, 0.3325364747154712, 0.3329797123142596, 0.3332636077216196, 0.3331233937611189, 0.3328192488239046, 0.3332284608714641, 0.33297318225950984, 0.3334117246882668, 0.33337036915488827, 0.3329188010447089, 0.33290841427626, 0.33304938882614044, 0.33303273033029895, 0.33319178109258046, 0.33299900545066474, 0.3331310066440897, 0.33353706643655606], ""kernels.0.base_kernel.kernels.1.base_kernel"": [0.6931481805599428, 0.6931481805599428, 0.6931481805599428], ""kernels.1.base_kernel.kernels.0"": [0.06581803796258891, 0.5325216591154078, 0.5229179389627207, 0.10977457814799332, 0.33133645441123694, 0.611180067813494, 0.20963306412835825, 0.4355317461508293, 0.26932977461039587, 0.17706360813002472, 0.26483630122104274, 0.2950865475889216, 0.5261705942615662, 0.26371443910382675, 0.20140035710863058, 0.5629853391066408, 0.40042646743540655, 0.05767633962252546], ""kernels.1.base_kernel.kernels.1"": [0.6931481805599428, 0.6931481805599428, 0.6931481805599428]}","{""kernels.0"": 0.0003502758415465246, ""kernels.0.base_kernel.kernels.1"": 0.00333579719706746, ""kernels.1"": 0.9683742032919005}",8,8,24,24,24,archive,3,0
282,109.8964960805987,97.0960586029999,0.4986,local,-3.288497168173795,-6.556118294528716,3.267621126354921,0.10404053657997653,0.6140072412046605,archive,213,3,0.15598716446005095,0.012240379246249844,0.012406097785163547,0.00037430695386812113,0.32402018308854896,0.05767635564735797,0.33312720021785414,0.6931481805599428,"{""kernels.0.base_kernel.kernels.0"": [0.33351449888528634, 0.33253647403245185, 0.33297971222088535, 0.3332636077802567, 0.333123393714202, 0.3328192486792584, 0.33322846122312605, 0.3329731815655715, 0.33341172486972726, 0.3333703692716021, 0.33291880165112187, 0.33290841428935913, 0.3330493886207141, 0.33303273009251627, 0.3331917810047422, 0.3329990048237502, 0.33313100672150625, 0.3335370664097188], ""kernels.0.base_kernel.kernels.1.base_kernel"": [0.6931481805599428, 0.6931481805599428, 0.6931481805599428], ""kernels.1.base_kernel.kernels.0"": [0.06581803845085225, 0.5325209510668499, 0.5229180097413865, 0.10977437104804595, 0.3313365656651723, 0.6111797320844742, 0.20963347372768015, 0.4355316907703981, 0.2693296192241671, 0.17706349041931263, 0.2648365341720869, 0.29508655257388533, 0.5261707352918099, 0.26371424180024705, 0.20140011619496082, 0.5629848218093392, 0.4004264017676796, 0.05767635564735797], ""kernels.1.base_kernel.kernels.1"": [0.6931481805599428, 0.6931481805599428, 0.6931481805599428]}","{""kernels.0"": 0.0003502758532044704, ""kernels.0.base_kernel.kernels.1"": 0.0033357971953942977, ""kernels.1"": 0.9683744762170481}",8,8,24,24,24,archive,2,1
283,112.28782670434322,97.0960586029999,0.5022,global,-3.0254717581291306,-5.242525423123152,2.2170536649940216,1.1113360717512029,1.4126012666724514,global,,,0.3233445388860832,0.012238307108849062,0.012405755919992646,0.0003745709091703124,0.3229759957975523,0.05773461013173816,0.3331271268774597,0.6931481805599428,"{""kernels.0.base_kernel.kernels.0"": [0.3335149171028999, 0.33253457032557926, 0.3329793880383922, 0.33326378730215933, 0.3331231616059676, 0.33281831150280605, 0.33322999052182023, 0.33297082656344995, 0.3334121877804409, 0.333370946555268, 0.332921266425239, 0.3329078689167655, 0.3330481503559281, 0.33303175731426504, 0.3331917273806102, 0.3329946870887107, 0.33313109214895176, 0.3335370285601376], ""kernels.0.base_kernel.kernels.1.base_kernel"": [0.6931481805599428, 0.6931481805599428, 0.6931481805599428], ""kernels.1.base_kernel.kernels.0"": [0.06581965625647306, 0.530352950583622, 0.5233267017841623, 0.10902604734859081, 0.33184876342282166, 0.6103070379038245, 0.21220689388993935, 0.43518760274680224, 0.2693785732709878, 0.17691452530152002, 0.26589555418705113, 0.2953650266181525, 0.5261421397486888, 0.262652186815243, 0.20099871743032613, 0.5610138397488327, 0.4001800833078012, 0.05773461013173816], ""kernels.1.base_kernel.kernels.1"": [0.6931481805599428, 0.6931481805599428, 0.6931481805599428]}","{""kernels.0"": 0.00035031525997638246, ""kernels.0.base_kernel.kernels.1"": 0.0033357917555664825, ""kernels.1"": 0.9652418803771141}",8,8,24,24,24,archive,3,2
284,101.77842330891342,97.0960586029999,0.4982,local,-3.356633514101272,-43.72128346819547,40.364649954094205,0.057413320343018104,0.3713325031541828,archive,149,69,0.09237318963776876,0.012229129159108704,0.012396353576808789,0.0003743418621765451,0.32297602899912026,0.05773461329041753,0.3331271268636623,0.6931481805599428,"{""kernels.0.base_kernel.kernels.0"": [0.33351491713398385, 0.33253457018642446, 0.33297938812838435, 0.3332637873153852, 0.33312316157724864, 0.3328183113847674, 0.33322999056134095, 0.33297082645055004, 0.33341218780858295, 0.3333709465956395, 0.33292126652774734, 0.3329078688783019, 0.33304815029809387, 0.3330317572620584, 0.33319172738615416, 0.33299468684680417, 0.3331310921500759, 0.33353702856929757], ""kernels.0.base_kernel.kernels.1.base_kernel"": [0.6931481805599428, 0.6931481805599428, 0.6931481805599428], ""kernels.1.base_kernel.kernels.0"": [0.06581965509844112, 0.5303528394891702, 0.5233269026843426, 0.10902601463088563, 0.331848771387636, 0.61030697029385, 0.2122069678583518, 0.43518760884812613, 0.26937858677053295, 0.17691452058469923, 0.26589560556428404, 0.2953650461667646, 0.5261421628687039, 0.26265212443613506, 0.20099871125953203, 0.5610137604464319, 0.4001800774275843, 0.05773461329041753], ""kernels.1.base_kernel.kernels.1"": [0.6931481805599428, 0.6931481805599428, 0.6931481805599428]}","{""kernels.0"": 0.0003503152622861197, ""kernels.0.base_kernel.kernels.1"": 0.0033357917552560303, ""kernels.1"": 0.9652419799798186}",8,8,24,24,24,archive,3,3
285,256.7678765335802,97.0960586029999,0.498,global,-3.183447918413486,-5.034736436649843,1.8512885182363572,1.3657655454348203,1.4136611509584898,global,,,0.2886374724242332,0.012200246203798882,0.012366933866389374,0.00037264532581264,0.32297550716759166,0.05773464212718786,0.3331271267128406,0.6931481805599428,"{""kernels.0.base_kernel.kernels.0"": [0.3335149173878073, 0.332534568450255, 0.3329793886633419, 0.3332637875255153, 0.33312316139783027, 0.3328183118873106, 0.3332299908337316, 0.33297082558742913, 0.33341218822064855, 0.33337094686827495, 0.3329212673162347, 0.33290786850293874, 0.3330481495232165, 0.3330317567513525, 0.33319172767122013, 0.3329946844611678, 0.3331310920278509, 0.333537028654613], ""kernels.0.base_kernel.kernels.1.base_kernel"": [0.6931481805599428, 0.6931481805599428, 0.6931481805599428], ""kernels.1.base_kernel.kernels.0"": [0.06581964598806805, 0.5303512869847742, 0.523328440843372, 0.10902582688847373, 0.3318488855556059, 0.6103073001411531, 0.21220780512909182, 0.43518774942964555, 0.2693789432115429, 0.17691459190446646, 0.26589613285465064, 0.29536517097597065, 0.5261426264851092, 0.26265171574666973, 0.2009988921793754, 0.5610130244665248, 0.40018007985631737, 0.05773464212718786], ""kernels.1.base_kernel.kernels.1"": [0.6931481805599428, 0.6931481805599428, 0.6931481805599428]}","{""kernels.0"": 0.0003503152809829249, ""kernels.0.base_kernel.kernels.1"": 0.0033357917526974376, ""kernels.1"": 0.9652404144690947}",8,8,24,24,24,archive,2,4
286,150.05586041989255,97.0960586029999,0.4994,global,-3.1483395968848322,-5.375423267277998,2.2270836703931653,1.0842049807416276,1.4109464223972514,global,,,0.2917047330001479,0.012366014627219847,0.0125367688586204,0.00038372242807758745,0.32833477170988173,0.061458132817824904,0.3331414338637954,0.6931481805599428,"{""kernels.0.base_kernel.kernels.0"": [0.33349669738954263, 0.33282921951856836, 0.3329479038060369, 0.3332539627453679, 0.3331170606659786, 0.3327657621370806, 0.3331753018542134, 0.33302615665369173, 0.3334619961968448, 0.33339259395841025, 0.33294106471701856, 0.33292331364289335, 0.3330615753777904, 0.3330522746243594, 0.33320388217186825, 0.33287006457740365, 0.3331658070616122, 0.33352119033331185], ""kernels.0.base_kernel.kernels.1.base_kernel"": [0.6931481805599428, 0.6931481805599428, 0.6931481805599428], ""kernels.1.base_kernel.kernels.0"": [0.06707759648025985, 0.3783061311477654, 0.3501167945810117, 0.11203501468918398, 0.312899347502995, 0.494554657943454, 0.22629077677374004, 0.4862062637016042, 0.2570307947784206, 0.19361414275530658, 0.32108694890549866, 0.2757670672880902, 0.5318501775695539, 0.22637683865280125, 0.2177454210343358, 0.4939493460282862, 0.4210986155333531, 0.061458132817824904], ""kernels.1.base_kernel.kernels.1"": [0.6931481805599428, 0.6931481805599428, 0.6931481805599428]}","{""kernels.0"": 0.00035267627037228333, ""kernels.0.base_kernel.kernels.1"": 0.0033354495409447286, ""kernels.1"": 0.9813161893183282}",8,8,24,24,24,archive,0,5
287,97.33378382904235,97.0960586029999,0.5016,local,-3.4907684316591507,-29.49215533097768,26.00138689931853,0.0695067121361829,0.4789567215471977,archive,190,61,0.03907822955199881,0.012355094911385426,0.012521442337353157,0.000383649670854558,0.3290080486770824,0.062145146252912384,0.3331010400729932,0.6931481805599428,"{""kernels.0.base_kernel.kernels.0"": [0.33349052618074343, 0.33274661939447303, 0.33297946041308074, 0.33325691086226633, 0.3331316176259809, 0.33283431384775025, 0.333191873563258, 0.3329999754599609, 0.3334629156256637, 0.33337856965348833, 0.33292165562743864, 0.3329235490931628, 0.33307046252000544, 0.33306707247006484, 0.3331850751786841, 0.3328970036701998, 0.33316244939765194, 0.33352324228693403], ""kernels.0.base_kernel.kernels.1.base_kernel"": [0.6931481805599428, 0.6931481805599428, 0.6931481805599428], ""kernels.1.base_kernel.kernels.0"": [0.0676334193675307, 0.3603225254645549, 0.32455220890089226, 0.11198865970563834, 0.32678666203092116, 0.50934941815836, 0.22404234091307523, 0.44965511972217764, 0.2649527797974094, 0.20276621688786026, 0.3142699071376575, 0.2708747402444729, 0.5296781980394771, 0.22958522806426526, 0.21417915622001418, 0.4892437865856837, 0.4139256123061809, 0.062145146252912384], ""kernels.1.base_kernel.kernels.1"": [0.6931481805599428, 0.6931481805599428, 0.6931481805599428]}","{""kernels.0"": 0.000352967216210633, ""kernels.0.base_kernel.kernels.1"": 0.003335396827840762, ""kernels.1"": 0.9833357819871957}",8,8,24,24,24,archive,2,6
288,164.12376940554796,97.0960586029999,0.501,global,-2.524404692222258,-6.198751089541694,3.674346397319436,1.5697593318424627,1.4141020950075016,global,,,0.2445543942754398,0.01226363711415108,0.012482665791857087,0.0003812233789349595,0.3275101155543694,0.062169803015738725,0.3331014536724868,0.6931481805599428,"{""kernels.0.base_kernel.kernels.0"": [0.3334900478893197, 0.33274725797110793, 0.3329820260686321, 0.3332571028368768, 0.3331318291651314, 0.33283616466359445, 0.3331927431624208, 0.33300024086624286, 0.3334622789247357, 0.3333775795845737, 0.332921750224919, 0.3329239079442444, 0.3330710781798421, 0.3330672402189247, 0.33318484176514995, 0.3328983937033629, 0.3331624292949183, 0.33352309990434625], ""kernels.0.base_kernel.kernels.1.base_kernel"": [0.6931481805599428, 0.6931481805599428, 0.6931481805599428], ""kernels.1.base_kernel.kernels.0"": [0.06773623639029076, 0.36256208339707896, 0.3246388735088162, 0.11235184100485315, 0.32667489392710125, 0.5092234015054435, 0.22459191172927812, 0.44908145456206383, 0.26460276103119695, 0.2021014091607839, 0.3146735287233046, 0.27082546477303876, 0.5296467119179069, 0.22941491391211363, 0.21432070910086998, 0.48927181556996385, 0.4138869295751926, 0.062169803015738725], ""kernels.1.base_kernel.kernels.1"": [0.6931481805599428, 0.6931481805599428, 0.6931481805599428]}","{""kernels.0"": 0.00035297964851697684, ""kernels.0.base_kernel.kernels.1"": 0.0033353938917026, ""kernels.1"": 0.9788419731228886}",8,8,24,24,24,archive,1,7
289,147.74026984831704,97.0960586029999,0.502,global,-3.4581351923006687,-5.314824688371708,1.8566894960710392,0.672707317316843,1.3738678714544814,global,,,0.3968246207804136,0.012312602309297038,0.012530650639096504,0.0003851055843235574,0.3279219229415405,0.06230921840476205,0.33307581868194774,0.6931481805599428,"{""kernels.0.base_kernel.kernels.0"": [0.3334862167676779, 0.3327162283185993, 0.3330017561687776, 0.33325885704825586, 0.33313303520078474, 0.3328495704188815, 0.33319671838342946, 0.3330007675438229, 0.33345894705666385, 0.33337141744387655, 0.3329261649294965, 0.3329256722352112, 0.33307825146237413, 0.33307338590152136, 0.33318407197676647, 0.332908586066294, 0.3331630332469019, 0.3335221155736866], ""kernels.0.base_kernel.kernels.1.base_kernel"": [0.6931481805599428, 0.6931481805599428, 0.6931481805599428], ""kernels.1.base_kernel.kernels.0"": [0.06863391442065161, 0.3022319849767159, 0.3207637013342168, 0.11457785291540433, 0.326646025237034, 0.5069930517832998, 0.22770196392478223, 0.4408388135936315, 0.25305226417906845, 0.20062262389774435, 0.31923288300868136, 0.26851797084490947, 0.5285097796050372, 0.23597906816212208, 0.21552685275137526, 0.48472508498645184, 0.4132484904466602, 0.06230921840476205], ""kernels.1.base_kernel.kernels.1"": [0.6931481805599428, 0.6931481805599428, 0.6931481805599428]}","{""kernels.0"": 0.0003530962494839762, ""kernels.0.base_kernel.kernels.1"": 0.0033353707114884773, ""kernels.1"": 0.9800773018636489}",8,8,24,24,24,archive,2,8
290,108.6147865243529,97.0960586029999,0.5032,local,-3.4500052369769416,-29.481957579045073,26.03195234206813,0.09046135021243683,0.7296230612825303,archive,190,62,0.07154951196389313,0.012308726096290861,0.012534965074283987,0.0003862190843357045,0.3342064949796782,0.06176962002910493,0.3331553709465277,0.6931481805599428,"{""kernels.0.base_kernel.kernels.0"": [0.33346470288434976, 0.3328515208596594, 0.3330824202989118, 0.3332454560836865, 0.33313947403497085, 0.3328810503662358, 0.33319547605382666, 0.3330420505840289, 0.33345496027268423, 0.3333542933141345, 0.33295063218245124, 0.3329422936989204, 0.3331068976873145, 0.33308185208202856, 0.3331830875912241, 0.3329591732543324, 0.3331712678580846, 0.3335115893245578], ""kernels.0.base_kernel.kernels.1.base_kernel"": [0.6931481805599428, 0.6931481805599428, 0.6931481805599428], ""kernels.1.base_kernel.kernels.0"": [0.07099777901748952, 0.28809966279792226, 0.3354027562696963, 0.11636383985858095, 0.31747522101744463, 0.4739328524412859, 0.23426339797245446, 0.44423956863746605, 0.27549132360698236, 0.19197813773965766, 0.3681354858190972, 0.24829028793347377, 0.528940999115365, 0.26257354194131166, 0.2166070555546852, 0.48908234784354504, 0.4192170178327782, 0.06176962002910493], ""kernels.1.base_kernel.kernels.1"": [0.6931481805599428, 0.6931481805599428, 0.6931481805599428]}","{""kernels.0"": 0.00035345867327469063, ""kernels.0.base_kernel.kernels.1"": 0.0033352519111857597, ""kernels.1"": 0.9989307743545741}",8,8,24,24,24,archive,2,9
291,109.12306284922883,97.0960586029999,0.4988,global,-3.0093235682847475,-4.789417504129253,1.7800939358445058,0.2940607993296942,1.3404127391111762,global,,,0.22260535110745497,0.012437815467941928,0.012671686579423263,0.00039497185099255126,0.3342065082555623,0.06176961978163379,0.3331553709399502,0.6931481805599428,"{""kernels.0.base_kernel.kernels.0"": [0.333464702888323, 0.33285152086547914, 0.3330824202820212, 0.3332454560854668, 0.33313947403999883, 0.3328810503586274, 0.3331954760620297, 0.3330420505740322, 0.33345496027167204, 0.33335429332041466, 0.3329506321583159, 0.3329422937059692, 0.3331068976161005, 0.333081852072862, 0.33318308758971255, 0.33295917324715674, 0.3331712678399015, 0.3335115893260851], ""kernels.0.base_kernel.kernels.1.base_kernel"": [0.6931481805599428, 0.6931481805599428, 0.6931481805599428], ""kernels.1.base_kernel.kernels.0"": [0.07099777880899766, 0.2880996699464158, 0.3354027437353825, 0.11636384025416772, 0.3174752155640543, 0.47393282974585055, 0.23426341115588398, 0.4442395569832524, 0.2754913241432595, 0.191978139135858, 0.36813547602086377, 0.24829028592130373, 0.5289409461884249, 0.2625735382867791, 0.2166070527025985, 0.4890823414935569, 0.41921700301417625, 0.06176961978163379], ""kernels.1.base_kernel.kernels.1"": [0.6931481805599428, 0.6931481805599428, 0.6931481805599428]}","{""kernels.0"": 0.00035345867341849926, ""kernels.0.base_kernel.kernels.1"": 0.0033352519111646975, ""kernels.1"": 0.9989308141821038}",8,8,24,24,24,archive,3,10
292,130.1323082638228,97.0960586029999,0.5016,local,-3.3058550682704766,-24.49895004280578,21.193094974535306,0.09599103152732362,0.7084865293203154,archive,296,60,0.22334967943154457,0.01245855856569692,0.01269032889050711,0.0003964200046651456,0.3370954193975418,0.06166283275774206,0.3331098299096197,0.6931481805599428,"{""kernels.0.base_kernel.kernels.0"": [0.3334665669032246, 0.3328546667355753, 0.33307484580191, 0.33324631423952855, 0.333141866349698, 0.33287762452431435, 0.33319966918661315, 0.33303739435978863, 0.33345475769398897, 0.3333572275586179, 0.3329394031213387, 0.3329455866642435, 0.3330740955510833, 0.3330777934695414, 0.333182428139582, 0.33295644021488086, 0.33316289921011544, 0.3335122543738447], ""kernels.0.base_kernel.kernels.1.base_kernel"": [0.6931481805599428, 0.6931481805599428, 0.6931481805599428], ""kernels.1.base_kernel.kernels.0"": [0.07091804673227058, 0.29230458717263974, 0.3306045476992345, 0.11688882310106123, 0.31491370015608794, 0.4636618033479132, 0.24139254388311968, 0.4390377150753367, 0.27629563691905007, 0.19268168715050324, 0.3638272431282984, 0.24737276802775723, 0.5053919305223823, 0.2621956133850965, 0.21543277034827996, 0.4880277821843621, 0.41255686856663687, 0.06166283275774206], ""kernels.1.base_kernel.kernels.1"": [0.6931481805599428, 0.6931481805599428, 0.6931481805599428]}","{""kernels.0"": 0.0003535232688637959, ""kernels.0.base_kernel.kernels.1"": 0.003335242094914629, ""kernels.1"": 1.007597492828847}",8,8,24,24,24,archive,3,11
293,107.94202776052468,97.0960586029999,0.5008,local,-3.4221208186521705,-24.526152889229667,21.104032070577496,0.08555421536605076,0.5617568539841821,archive,296,60,0.14279008385836853,0.01246789744906773,0.012700581601075655,0.0003977437460501746,0.3370953995320525,0.06166283276938707,0.33310982991038807,0.6931481805599428,"{""kernels.0.base_kernel.kernels.0"": [0.33346656690378434, 0.33285466674023834, 0.33307484579615376, 0.3332463142401993, 0.3331418663539729, 0.3328776245302645, 0.3331996691904597, 0.33303739435602664, 0.33345475769453864, 0.3333572275632136, 0.3329394031162231, 0.3329455866719158, 0.3330740955250487, 0.3330777934668033, 0.33318242814015453, 0.33295644021070786, 0.3331628992044038, 0.3335122543745529], ""kernels.0.base_kernel.kernels.1.base_kernel"": [0.6931481805599428, 0.6931481805599428, 0.6931481805599428], ""kernels.1.base_kernel.kernels.0"": [0.07091804686180506, 0.29230459346442916, 0.330604543119326, 0.11688882452955145, 0.31491369771990735, 0.4636617994363494, 0.2413925492456188, 0.43903770827766864, 0.2762956417293425, 0.19268169109570446, 0.363827242904768, 0.24737276824275573, 0.5053919096939112, 0.26219561620363724, 0.21543277191443003, 0.48802778192051827, 0.4125568632161812, 0.06166283276938707], ""kernels.1.base_kernel.kernels.1"": [0.6931481805599428, 0.6931481805599428, 0.6931481805599428]}","{""kernels.0"": 0.0003535232689265546, ""kernels.0.base_kernel.kernels.1"": 0.0033352420949008536, ""kernels.1"": 1.00759743323233}",8,8,24,24,24,archive,5,12
294,102.18451575521576,97.0960586029999,0.4988,global,-3.672359644117151,-5.169855927040692,1.4974962829235414,0.987081591238941,1.409501847670991,global,,,0.10297907892816238,0.012443205083153537,0.012677428595933299,0.000396560531757448,0.33351528099265493,0.06166389915521049,0.33310993680379153,0.6931481805599428,"{""kernels.0.base_kernel.kernels.0"": [0.3334666311366518, 0.3328554974331152, 0.33307396470232825, 0.3332464272960278, 0.3331425136159974, 0.33287854121453536, 0.33320051247237154, 0.3330367869974159, 0.33345493356934147, 0.3333578874546498, 0.3329385898268256, 0.332946709635394, 0.33307002327452373, 0.3330773599915857, 0.33318248750840895, 0.3329560115537276, 0.3331619798228617, 0.3335123643597869], ""kernels.0.base_kernel.kernels.1.base_kernel"": [0.6931481805599428, 0.6931481805599428, 0.6931481805599428], ""kernels.1.base_kernel.kernels.0"": [0.07094720796713883, 0.29348547550042003, 0.3297703069280115, 0.117116849813839, 0.3146761762489546, 0.463217447775403, 0.2429584635771836, 0.43822963447487656, 0.27719872406386425, 0.19323553800044546, 0.3640445400283292, 0.24754684440709057, 0.5021812045739305, 0.2626137345929973, 0.21565063052579359, 0.4881293315579562, 0.41171216301323676, 0.06166389915521049], ""kernels.1.base_kernel.kernels.1"": [0.6931481805599428, 0.6931481805599428, 0.6931481805599428]}","{""kernels.0"": 0.0003535324103914393, ""kernels.0.base_kernel.kernels.1"": 0.0033352400386889736, ""kernels.1"": 0.9968570705288843}",8,8,24,24,24,archive,3,13
295,114.4108021309425,97.0960586029999,0.4968,local,-3.6565606052867734,-37.78791200332087,34.1313513980341,0.09575434350842137,0.4625317292871848,archive,301,70,0.13665252039224163,0.012418120896650967,0.012661286068873696,0.0003956563869712482,0.33593399022570924,0.06160429675386082,0.3331094869228039,0.6931481805599428,"{""kernels.0.base_kernel.kernels.0"": [0.3334670791080572, 0.3328577011605709, 0.3330690843930205, 0.3332466698019167, 0.3331454762673408, 0.3328801782562913, 0.3332032938026543, 0.3330318695224014, 0.3334550802220196, 0.3333605745554398, 0.33293284820051, 0.33295090198290417, 0.3330484974863576, 0.333073497578267, 0.33318190379332463, 0.3329520403152196, 0.33315686496814906, 0.33351273854310604], ""kernels.0.base_kernel.kernels.1.base_kernel"": [0.6931481805599428, 0.6931481805599428, 0.6931481805599428], ""kernels.1.base_kernel.kernels.0"": [0.07090549232432548, 0.29756459323708595, 0.3238690431715727, 0.11719374069247962, 0.31258497795767964, 0.45883894932660113, 0.24803071256347575, 0.43229334616283355, 0.2786970174075919, 0.1942810178131726, 0.36388932418618825, 0.24682404017203172, 0.4852142316538957, 0.26315300925014257, 0.21494200698845772, 0.48675472053979807, 0.40693357274916475, 0.06160429675386082], ""kernels.1.base_kernel.kernels.1"": [0.6931481805599428, 0.6931481805599428, 0.6931481805599428]}","{""kernels.0"": 0.0003535893034767629, ""kernels.0.base_kernel.kernels.1"": 0.0033352297422370495, ""kernels.1"": 1.004113151631414}",8,8,24,24,24,archive,2,14
296,97.29180473917206,97.0960586029999,0.5026,local,-3.6915279673252597,-38.77845825525005,35.086930287924794,0.11283390423964983,0.5930970919226835,archive,302,71,0.081851023475852,0.012415842352599491,0.012659216740473909,0.00039594082869879243,0.33593398089112414,0.0616042967348255,0.333109486922717,0.6931481805599428,"{""kernels.0.base_kernel.kernels.0"": [0.33346707910900625, 0.3328577011606235, 0.3330690843914481, 0.33324666980241163, 0.3331454762687377, 0.3328801782592999, 0.33320329380370034, 0.33303186951943653, 0.3334550802230758, 0.3333605745579699, 0.3329328481984597, 0.3329509019866776, 0.3330484974714405, 0.33307349757669635, 0.3331819037940436, 0.33295204031350334, 0.3331568649662066, 0.3335127385435095], ""kernels.0.base_kernel.kernels.1.base_kernel"": [0.6931481805599428, 0.6931481805599428, 0.6931481805599428], ""kernels.1.base_kernel.kernels.0"": [0.07090549249406516, 0.2975645942471764, 0.3238690408318834, 0.11719374113683213, 0.31258497740839375, 0.458838949278312, 0.24803071542584315, 0.4322933426852335, 0.278697020988905, 0.19428102072970896, 0.36388932661631546, 0.24682403989290244, 0.48521422403056347, 0.2631530099098409, 0.21494200864905796, 0.4867547200767475, 0.4069335722097045, 0.0616042967348255], ""kernels.1.base_kernel.kernels.1"": [0.6931481805599428, 0.6931481805599428, 0.6931481805599428]}","{""kernels.0"": 0.00035358930351450635, ""kernels.0.base_kernel.kernels.1"": 0.0033352297422295407, ""kernels.1"": 1.0041131236276284}",8,8,24,24,24,archive,1,15
297,107.63458125853262,97.0960586029999,0.4982,local,-3.7472531539662954,-29.341911920700507,25.594658766734213,0.08305025571585377,0.47065862223636057,archive,190,64,0.1248476902255798,0.012315585565719265,0.012591589224797587,0.0003916892181649874,0.33265200005955586,0.06160634786951595,0.3331094796639323,0.6931481805599428,"{""kernels.0.base_kernel.kernels.0"": [0.33346730703600685, 0.33285774805307644, 0.3330687617106372, 0.3332468158161822, 0.33314582722503, 0.33288142158970413, 0.3332036637231915, 0.3330311856928475, 0.3334554373998984, 0.33336120512126627, 0.3329323661104551, 0.33295188523264274, 0.33304458165299994, 0.33307313210283457, 0.33318210368287776, 0.3329516646424616, 0.33315635463155596, 0.33351283519600916], ""kernels.0.base_kernel.kernels.1.base_kernel"": [0.6931481805599428, 0.6931481805599428, 0.6931481805599428], ""kernels.1.base_kernel.kernels.0"": [0.07095630749168128, 0.2979941338436939, 0.3233839709284882, 0.11740539880132858, 0.31246138119344474, 0.4596184762586514, 0.24916239149366792, 0.4315639877962215, 0.27976592242086423, 0.19501922634568156, 0.36464428018350176, 0.24679968634731367, 0.4832158361519723, 0.26343672950214225, 0.2154374600304811, 0.48686239784485813, 0.40679308948312404, 0.06160634786951595], ""kernels.1.base_kernel.kernels.1"": [0.6931481805599428, 0.6931481805599428, 0.6931481805599428]}","{""kernels.0"": 0.0003535983524713486, ""kernels.0.base_kernel.kernels.1"": 0.0033352278117138403, ""kernels.1"": 0.9942671740144824}",8,8,24,24,24,archive,1,16
298,97.13114607284791,97.0960586029999,0.498,local,-3.7517448592348543,-23.455288975295048,19.703544116060193,0.0813624001322872,0.5095415181970551,archive,336,61,0.03544416221043412,0.012293355188211365,0.012549171122883934,0.0003893100432112553,0.3383792400344779,0.06128258250705953,0.3330946821663582,0.6931481805599428,"{""kernels.0.base_kernel.kernels.0"": [0.33347707206349425, 0.3328518257361906, 0.33305268537535987, 0.3332504325864186, 0.3331516534766698, 0.3329094856274083, 0.3332058428010675, 0.3329951362338169, 0.3334610647143483, 0.3333795560905363, 0.3329059032788364, 0.3329833788511656, 0.33289929610996644, 0.3330510129936297, 0.3331831464191689, 0.33292416495978394, 0.3331366789573565, 0.33351655864539126], ""kernels.0.base_kernel.kernels.1.base_kernel"": [0.6931481805599428, 0.6931481805599428, 0.6931481805599428], ""kernels.1.base_kernel.kernels.0"": [0.07188957970657096, 0.2976988067129338, 0.29014211568077586, 0.1215280879892144, 0.30573842655858435, 0.4742436871570016, 0.2587363125504277, 0.3906209160595628, 0.3071317491304585, 0.21232316573020765, 0.38036874883101035, 0.23523877854273975, 0.40832722883645406, 0.26614391947048616, 0.22113150918181576, 0.48473570124914606, 0.4005117050022725, 0.06128258250705953], ""kernels.1.base_kernel.kernels.1"": [0.6931481805599428, 0.6931481805599428, 0.6931481805599428]}","{""kernels.0"": 0.0003540387347702577, ""kernels.0.base_kernel.kernels.1"": 0.0033351520251822596, ""kernels.1"": 1.0114485293434812}",8,8,24,24,24,archive,0,17
299,97.90292087994982,97.0960586029999,0.503,local,-3.8062838526349765,-15.435051847172192,11.628767994537215,0.06108722834072425,0.6580308721815638,archive,388,54,0.04558454504112368,0.012137878185005422,0.012464710377629914,0.0003840557730321143,0.33564406255965057,0.061157553395335164,0.3331030304654228,0.6931481805599428,"{""kernels.0.base_kernel.kernels.0"": [0.33347531065628866, 0.3328539106540018, 0.33306304401310244, 0.3332496480230677, 0.3331528976810336, 0.33291398063174665, 0.3332004929954316, 0.33299982096353725, 0.3334554697427982, 0.3333772365560457, 0.33290720996611883, 0.3329912490283997, 0.33291342448921446, 0.33304955119721924, 0.33318266548067377, 0.3329269686886591, 0.3331430169177431, 0.33351523563740676], ""kernels.0.base_kernel.kernels.1.base_kernel"": [0.6931481805599428, 0.6931481805599428, 0.6931481805599428], ""kernels.1.base_kernel.kernels.0"": [0.07241391588914961, 0.2976862821811958, 0.2884040573970841, 0.12038043065202435, 0.3025361391001019, 0.47426283839413225, 0.25083866676082034, 0.3814800002872117, 0.3048331209818423, 0.21105235017115317, 0.3838233262970053, 0.2338173003745374, 0.4150907552729903, 0.2669783261668932, 0.22357276819542354, 0.48376410500853984, 0.4078597904741347, 0.061157553395335164], ""kernels.1.base_kernel.kernels.1"": [0.6931481805599428, 0.6931481805599428, 0.6931481805599428]}","{""kernels.0"": 0.00035409844929717966, ""kernels.0.base_kernel.kernels.1"": 0.0033351363190077584, ""kernels.1"": 1.0032429529106468}",8,8,24,24,24,archive,2,18
300,121.28694289792139,97.0960586029999,0.4974,global,-3.3410471881416584,-5.3347392708167884,1.99369208267513,0.5041340433032218,1.3068013824696234,global,,,0.30698513100386826,0.01206039474685277,0.012384170504714303,0.00037910661317843065,0.33359613252778786,0.06115327748110128,0.33310376404112396,0.6931481805599428,"{""kernels.0.base_kernel.kernels.0"": [0.33347515453343585, 0.33285437237832444, 0.33306403183357824, 0.3332496197698566, 0.3331530541940361, 0.3329144129036002, 0.3332007754049408, 0.3330004867673134, 0.33345506291285587, 0.33337709738631055, 0.33290714198910165, 0.3329921597035787, 0.33291427272850027, 0.333049458225335, 0.33318245710410227, 0.3329272398440114, 0.33314349624866973, 0.3335151621638498], ""kernels.0.base_kernel.kernels.1.base_kernel"": [0.6931481805599428, 0.6931481805599428, 0.6931481805599428], ""kernels.1.base_kernel.kernels.0"": [0.07249514499745151, 0.2982837922250362, 0.28836778908865646, 0.12049094723865417, 0.30240806097524003, 0.4742690240601594, 0.2517642499404799, 0.38096958949994475, 0.30513643506555294, 0.21131373570883002, 0.38426683049180776, 0.23407303905648422, 0.4151139507687097, 0.2672217588558261, 0.2237894222686461, 0.48408497018220575, 0.40835174048306283, 0.06115327748110128], ""kernels.1.base_kernel.kernels.1"": [0.6931481805599428, 0.6931481805599428, 0.6931481805599428]}","{""kernels.0"": 0.0003541051996184079, ""kernels.0.base_kernel.kernels.1"": 0.003335134450869259, ""kernels.1"": 0.997099157932876}",8,8,24,24,24,archive,2,19
301,119.58793515372358,97.0960586029999,0.4984,global,-3.830157938375342,-5.1926317992355315,1.3624738608601894,0.8760659280051042,1.4125018233223297,global,,,0.37371780312758346,0.012053541120230648,0.012377214695456261,0.00037920922598667873,0.33359613333091725,0.06115327744468406,0.3331037640433876,0.6931481805599428,"{""kernels.0.base_kernel.kernels.0"": [0.3334751545329923, 0.3328543723790084, 0.3330640318368623, 0.3332496197696956, 0.3331530541943519, 0.33291441290434315, 0.33320077540520576, 0.33300048676888766, 0.33345506291136434, 0.3333770973855161, 0.33290714198793997, 0.33299215970623053, 0.33291427273022095, 0.33304945822423276, 0.33318245710292604, 0.3329272398452629, 0.3331434962499129, 0.3335151621636011], ""kernels.0.base_kernel.kernels.1.base_kernel"": [0.6931481805599428, 0.6931481805599428, 0.6931481805599428], ""kernels.1.base_kernel.kernels.0"": [0.07249514519199139, 0.2982837929202929, 0.2883677889098779, 0.12049094735773845, 0.30240805996448367, 0.47426902356726514, 0.25176425125806356, 0.380969586572489, 0.30513643570513355, 0.21131373549900892, 0.3842668309066943, 0.2340730391782266, 0.41511394941822755, 0.26722175893500466, 0.2237894221101891, 0.48408497291567804, 0.40835174170758876, 0.06115327744468406], ""kernels.1.base_kernel.kernels.1"": [0.6931481805599428, 0.6931481805599428, 0.6931481805599428]}","{""kernels.0"": 0.0003541051996467766, ""kernels.0.base_kernel.kernels.1"": 0.003335134450862697, ""kernels.1"": 0.9970991603422423}",8,8,24,24,24,archive,2,20
302,134.21346879898863,97.0960586029999,0.495,global,-3.6251411126370687,-6.17522634445622,2.5500852318191516,1.8052202380807643,1.414210646282465,global,,,0.2722251773833863,0.012048102482612828,0.012371763073789807,0.0003793761992969571,0.3335961338680555,0.06115327741543252,0.33310376404572983,0.6931481805599428,"{""kernels.0.base_kernel.kernels.0"": [0.333475154532548, 0.3328543723795436, 0.3330640318403543, 0.33324961976970213, 0.33315305419461866, 0.33291441290479823, 0.33320077540595855, 0.3330004867699855, 0.3334550629098295, 0.33337709738458354, 0.33290714198682303, 0.3329921597086049, 0.33291427273210356, 0.33304945822322685, 0.3331824571016575, 0.3329272398465385, 0.33314349625110534, 0.33351516216341526], ""kernels.0.base_kernel.kernels.1.base_kernel"": [0.6931481805599428, 0.6931481805599428, 0.6931481805599428], ""kernels.1.base_kernel.kernels.0"": [0.0724951453669066, 0.298283794459529, 0.288367788992781, 0.12049094810164203, 0.3024080589068888, 0.4742690230421767, 0.2517642533011142, 0.3809695830653093, 0.30513643620919106, 0.21131373504599568, 0.38426683119138794, 0.23407303879878932, 0.41511394797335016, 0.2672217592890149, 0.22378942158694806, 0.4840849755265954, 0.40835174277150116, 0.06115327741543252], ""kernels.1.base_kernel.kernels.1"": [0.6931481805599428, 0.6931481805599428, 0.6931481805599428]}","{""kernels.0"": 0.0003541051996759081, ""kernels.0.base_kernel.kernels.1"": 0.0033351344508562, ""kernels.1"": 0.9970991619536342}",8,8,24,24,24,archive,0,21
303,120.69891283522361,97.0960586029999,0.4976,global,-3.6410671571840956,-5.345146327958071,1.7040791707739755,0.546916318645794,1.374345967283588,global,,,0.26241063643863055,0.012040531209452383,0.01236414237546753,0.0003796135612283309,0.3335961338240228,0.06115327738633872,0.3331037640479545,0.6931481805599428,"{""kernels.0.base_kernel.kernels.0"": [0.3334751545320455, 0.3328543723806506, 0.33306403184369127, 0.33324961976956147, 0.33315305419494257, 0.33291441290517726, 0.333200775406948, 0.33300048677057237, 0.3334550629086583, 0.33337709738370264, 0.3329071419855411, 0.3329921597108845, 0.3329142727340642, 0.33304945822269294, 0.333182457100312, 0.33292723984634554, 0.3331434962522178, 0.3335151621633959], ""kernels.0.base_kernel.kernels.1.base_kernel"": [0.6931481805599428, 0.6931481805599428, 0.6931481805599428], ""kernels.1.base_kernel.kernels.0"": [0.07249514554009838, 0.2982837965446026, 0.2883677889546346, 0.1204909486595746, 0.30240805805755594, 0.47426902256747133, 0.251764256016184, 0.3809695797337461, 0.3051364371441723, 0.2113137348950799, 0.38426683112748855, 0.23407303830015053, 0.41511394692163095, 0.26722175963909933, 0.22378942101134267, 0.484084978362255, 0.4083517439680716, 0.06115327738633872], ""kernels.1.base_kernel.kernels.1"": [0.6931481805599428, 0.6931481805599428, 0.6931481805599428]}","{""kernels.0"": 0.0003541051997044328, ""kernels.0.base_kernel.kernels.1"": 0.003335134450849762, ""kernels.1"": 0.9970991618215144}",8,8,24,24,24,archive,2,22
304,183.42792272905623,97.0960586029999,0.5018,global,-3.697739733307551,-5.2518397088871644,1.5540999755796134,1.2564420311322568,1.4105218934967059,global,,,0.38759602705835206,0.012033876597492001,0.012357392543576646,0.0003797186578124426,0.3335961320895156,0.061153277355590265,0.33310376405074926,0.6931481805599428,"{""kernels.0.base_kernel.kernels.0"": [0.3334751545314401, 0.3328543723820639, 0.3330640318479584, 0.3332496197694576, 0.3331530541953204, 0.33291441290638285, 0.3332007754085239, 0.3330004867712497, 0.3334550629073132, 0.3333770973826087, 0.3329071419840441, 0.3329921597135698, 0.33291427273638197, 0.33304945822202026, 0.33318245709866623, 0.33292723984629713, 0.33314349625354006, 0.3335151621633528], ""kernels.0.base_kernel.kernels.1.base_kernel"": [0.6931481805599428, 0.6931481805599428, 0.6931481805599428], ""kernels.1.base_kernel.kernels.0"": [0.07249514574493462, 0.29828379938839367, 0.2883677895326874, 0.12049094968520926, 0.3024080569723926, 0.4742690239831168, 0.25176426044894595, 0.3809695757756097, 0.3051364384573743, 0.21131373470627007, 0.38426683126039224, 0.23407303761767292, 0.41511394561148973, 0.26722176047596835, 0.2237894203648506, 0.4840849821318258, 0.40835174539472213, 0.061153277355590265], ""kernels.1.base_kernel.kernels.1"": [0.6931481805599428, 0.6931481805599428, 0.6931481805599428]}","{""kernels.0"": 0.0003541051997377679, ""kernels.0.base_kernel.kernels.1"": 0.003335134450841964, ""kernels.1"": 0.9970991566179672}",8,8,24,24,24,archive,0,23
305,154.71691349860822,97.0960586029999,0.4974,global,-3.609451337171719,-5.071052373820099,1.4616010366483803,0.48620953971399633,1.3041882622456105,global,,,0.27737244988777454,0.012025696510560534,0.012350818185406901,0.0003802483680679133,0.33323613908271615,0.06113568781086338,0.3331049654085282,0.6931481805599428,"{""kernels.0.base_kernel.kernels.0"": [0.333474901373241, 0.3328548862469632, 0.33306579837945083, 0.3332495819488913, 0.3331530533025195, 0.33291482213393836, 0.33320168401975164, 0.3330006354434995, 0.33345453920362544, 0.3333765670172493, 0.3329064729723729, 0.3329932255400433, 0.33291544512493065, 0.3330490514396913, 0.33318174377485354, 0.33292707021289003, 0.3331441324376056, 0.33351508913385114], ""kernels.0.base_kernel.kernels.1.base_kernel"": [0.6931481805599428, 0.6931481805599428, 0.6931481805599428], ""kernels.1.base_kernel.kernels.0"": [0.07257386491353815, 0.29937043139076613, 0.2884842140166384, 0.12089178180235483, 0.3016434339845677, 0.47467519385647017, 0.25420879077983755, 0.3790357840589936, 0.3056690067868746, 0.21107505753076009, 0.38454237991597473, 0.23368794678333035, 0.4147141940750678, 0.2674617723041498, 0.22341980684179344, 0.485514174777529, 0.40902280558399406, 0.06113568781086338], ""kernels.1.base_kernel.kernels.1"": [0.6931481805599428, 0.6931481805599428, 0.6931481805599428]}","{""kernels.0"": 0.0003541196528458941, ""kernels.0.base_kernel.kernels.1"": 0.0033351310671709987, ""kernels.1"": 0.9960191665281315}",8,8,24,24,24,archive,2,24
306,128.37254067415344,97.0960586029999,0.5016,global,-3.502284307393843,-4.742753318252626,1.2404690108587824,0.7108897090100263,1.3566054050354204,global,,,0.33962614437282096,0.012033340406247754,0.012357922602149258,0.0003815472137786436,0.335725451998883,0.06111301731221258,0.3331062471858258,0.6931481805599428,"{""kernels.0.base_kernel.kernels.0"": [0.3334746879592941, 0.3328545972895072, 0.3330677459477852, 0.3332493840786177, 0.33315288734209403, 0.3329147220456227, 0.3332024799830572, 0.33300098339140183, 0.33345414653245625, 0.33337590533182054, 0.3329054313634942, 0.33299436076511385, 0.33291645850336704, 0.33304886974869224, 0.3331810567703115, 0.33292655047317304, 0.33314474842386643, 0.3335151588769288], ""kernels.0.base_kernel.kernels.1.base_kernel"": [0.6931481805599428, 0.6931481805599428, 0.6931481805599428], ""kernels.1.base_kernel.kernels.0"": [0.07262173725375554, 0.29947035853696846, 0.2886333153238109, 0.12107565236098462, 0.30086187990458574, 0.4747000490128545, 0.2564832885875128, 0.37712482600768654, 0.30642415407676465, 0.21034488940347815, 0.38450765786231794, 0.23334815128150332, 0.4136974250186637, 0.26762390243893347, 0.22304256183663249, 0.4867488242960482, 0.4095839633427473, 0.06111301731221258], ""kernels.1.base_kernel.kernels.1"": [0.6931481805599428, 0.6931481805599428, 0.6931481805599428]}","{""kernels.0"": 0.00035413794326264163, ""kernels.0.base_kernel.kernels.1"": 0.0033351273731342646, ""kernels.1"": 1.003487090680252}",8,8,24,24,24,archive,2,25
307,136.80661433360427,97.0960586029999,0.5024,global,-3.534690474026708,-5.213691404819396,1.6790009307926876,1.1031516904336052,1.4117583293606886,global,,,0.31114939910390077,0.012026187890091205,0.012350724988445059,0.00038173345866825386,0.33572544631166007,0.061113017288852683,0.3331062471886515,0.6931481805599428,"{""kernels.0.base_kernel.kernels.0"": [0.33347468795885893, 0.33285459728989525, 0.3330677459519361, 0.33324938407852256, 0.333152887342455, 0.332914722046679, 0.33320247998447505, 0.3330009833926985, 0.33345414653195427, 0.3333759053308743, 0.33290543136232126, 0.33299436076770544, 0.3329164585060639, 0.33304886974933984, 0.3331810567694679, 0.33292655047279823, 0.3331447484253669, 0.33351515887670385], ""kernels.0.base_kernel.kernels.1.base_kernel"": [0.6931481805599428, 0.6931481805599428, 0.6931481805599428], ""kernels.1.base_kernel.kernels.0"": [0.07262173739040644, 0.29947035987871734, 0.28863331657545105, 0.12107565319090015, 0.30086187946314596, 0.47470005080905875, 0.2564832934155717, 0.3771248231183663, 0.3064241567708098, 0.2103448888506705, 0.3845076586880927, 0.2333481510996154, 0.41369742483915645, 0.2676239052097477, 0.22304256177237058, 0.4867488270820063, 0.40958396477777176, 0.061113017288852683], ""kernels.1.base_kernel.kernels.1"": [0.6931481805599428, 0.6931481805599428, 0.6931481805599428]}","{""kernels.0"": 0.0003541379432882049, ""kernels.0.base_kernel.kernels.1"": 0.0033351273731274276, ""kernels.1"": 1.0034870736185646}",8,8,24,24,24,archive,2,26
308,114.14389034977131,97.0960586029999,0.4974,global,-3.426836840294672,-5.233482729846165,1.8066458895514934,0.4725820268309948,1.3162624649118098,global,,,0.24148910829825687,0.01201851495353184,0.012343045265717731,0.0003819859558064744,0.3357254400592278,0.061113017265719057,0.3331062471916312,0.6931481805599428,"{""kernels.0.base_kernel.kernels.0"": [0.33347468795843616, 0.3328545972902479, 0.33306774595640787, 0.333249384078423, 0.3331528873428096, 0.3329147220474901, 0.33320247998589986, 0.3330009833939963, 0.33345414653145833, 0.3333759053299233, 0.3329054313610132, 0.3329943607702492, 0.33291645850882284, 0.33304886974992426, 0.3331810567686012, 0.3329265504724976, 0.3331447484268545, 0.33351515887645233], ""kernels.0.base_kernel.kernels.1.base_kernel"": [0.6931481805599428, 0.6931481805599428, 0.6931481805599428], ""kernels.1.base_kernel.kernels.0"": [0.07262173751031145, 0.2994703613800254, 0.2886333187207748, 0.12107565441395375, 0.30086187889416804, 0.4747000522133172, 0.2564832983916672, 0.37712482009023257, 0.3064241592222598, 0.21034488817195934, 0.3845076593907151, 0.2333481507612549, 0.41369742475827925, 0.2676239080934895, 0.22304256169131498, 0.48674883014117326, 0.4095839661907841, 0.061113017265719057], ""kernels.1.base_kernel.kernels.1"": [0.6931481805599428, 0.6931481805599428, 0.6931481805599428]}","{""kernels.0"": 0.00035413794331295306, ""kernels.0.base_kernel.kernels.1"": 0.003335127373120738, ""kernels.1"": 1.0034870548612496}",8,8,24,24,24,archive,1,27
309,114.8398959075286,97.0960586029999,0.498,global,-3.518260705496286,-4.836237632135119,1.317976926638833,0.7035264083468065,1.4070645587084984,global,,,0.2379931951025624,0.012034195638967406,0.01236413237798132,0.0003836973837718434,0.33813701662916684,0.06102392860197432,0.33311339308217863,0.6931481805599428,"{""kernels.0.base_kernel.kernels.0"": [0.3334739346258706, 0.33285294299129964, 0.3330789058007048, 0.33324867321015594, 0.3331528145734852, 0.3329142250912257, 0.3332052011104976, 0.33300286589578654, 0.3334527036900111, 0.3333737101796817, 0.3329001209018237, 0.332999997542291, 0.33292243047337583, 0.33304951220399226, 0.3331781795065045, 0.33292346768705006, 0.33314788036365245, 0.3335150969781651], ""kernels.0.base_kernel.kernels.1.base_kernel"": [0.6931481805599428, 0.6931481805599428, 0.6931481805599428], ""kernels.1.base_kernel.kernels.0"": [0.07269770605026936, 0.299971155616404, 0.2948610718147612, 0.12320872715456518, 0.29789540799416353, 0.4767518182894947, 0.2689724010357625, 0.36735847395656096, 0.3111975760957436, 0.2079948556603844, 0.38465106885560724, 0.23100285721502065, 0.4129120921971681, 0.2742699492142633, 0.22120070437881428, 0.4927534410244792, 0.41277360030323473, 0.06102392860197432], ""kernels.1.base_kernel.kernels.1"": [0.6931481805599428, 0.6931481805599428, 0.6931481805599428]}","{""kernels.0"": 0.0003542177701235625, ""kernels.0.base_kernel.kernels.1"": 0.003335110011617442, ""kernels.1"": 1.0107217221057596}",8,8,24,24,24,archive,1,28
310,131.5429439598763,97.0960586029999,0.4976,global,-3.7137707795624957,-4.623314501126619,0.9095437215641233,0.6906164272060881,1.3748470745903802,global,,,0.2551845357272916,0.012017558996411467,0.012349845098680258,0.0003832321821292785,0.3355504965999722,0.06101796899837453,0.33311426578707665,0.6931481805599428,"{""kernels.0.base_kernel.kernels.0"": [0.3334739281625662, 0.33285288801638246, 0.33308018715299914, 0.3332485971941316, 0.33315295747855633, 0.3329141457780842, 0.33320484475052686, 0.3330034461762581, 0.3334526111578202, 0.33337376182538847, 0.33289979385691615, 0.3330009449439871, 0.33292350490502076, 0.33304982896624624, 0.3331783962688813, 0.3329231362231899, 0.33314834442115415, 0.3335151126474781], ""kernels.0.base_kernel.kernels.1.base_kernel"": [0.6931481805599428, 0.6931481805599428, 0.6931481805599428], ""kernels.1.base_kernel.kernels.0"": [0.07271776453123002, 0.2998710664529496, 0.29595618926815215, 0.12340412288622649, 0.2978492093508799, 0.4771182017699725, 0.26928039634257894, 0.3666569466855311, 0.31229513812115633, 0.2079676857859154, 0.38504963197640224, 0.23100423833678108, 0.41340290173924205, 0.2754806726637975, 0.22206282981853898, 0.4933765859894573, 0.4132593176568203, 0.06101796899837453], ""kernels.1.base_kernel.kernels.1"": [0.6931481805599428, 0.6931481805599428, 0.6931481805599428]}","{""kernels.0"": 0.00035422555065348907, ""kernels.0.base_kernel.kernels.1"": 0.0033351080270228005, ""kernels.1"": 1.0029621562222404}",8,8,24,24,24,archive,3,29
311,101.72227134658111,97.0960586029999,0.4988,local,-3.8270793094605797,-35.6028337148131,31.775754405352522,0.04548608802864496,0.34482975437032826,archive,150,70,0.05525201242051011,0.012010561710315405,0.01234284546573265,0.00038346892785414246,0.33555049949002447,0.061017968949475435,0.33311426578937076,0.6931481805599428,"{""kernels.0.base_kernel.kernels.0"": [0.33347392816265015, 0.3328528880157429, 0.3330801871565597, 0.3332485971936815, 0.3331529574786408, 0.3329141457766189, 0.33320484474853024, 0.33300344617721483, 0.3334526111572472, 0.3333737618251964, 0.3328997938546541, 0.33300094494649773, 0.33292350490718137, 0.33304982896660484, 0.33317839626886725, 0.33292313622074987, 0.33314834442218183, 0.33351511264749995], ""kernels.0.base_kernel.kernels.1.base_kernel"": [0.6931481805599428, 0.6931481805599428, 0.6931481805599428], ""kernels.1.base_kernel.kernels.0"": [0.0727177644604712, 0.29987106512253353, 0.2959561915692203, 0.12340412285123822, 0.29784920825455047, 0.47711820200328336, 0.269280395525639, 0.3666569430643038, 0.3122951406776835, 0.20796768417603562, 0.38504963201662934, 0.2310042374695911, 0.4134029023882272, 0.27548067624096145, 0.22206283141794544, 0.4933765866307253, 0.4132593188353311, 0.061017968949475435], ""kernels.1.base_kernel.kernels.1"": [0.6931481805599428, 0.6931481805599428, 0.6931481805599428]}","{""kernels.0"": 0.00035422555068603654, ""kernels.0.base_kernel.kernels.1"": 0.0033351080270162684, ""kernels.1"": 1.002962164892371}",8,8,24,24,24,archive,0,30
312,147.45893297554505,97.0960586029999,0.4986,global,-3.804787022935539,-5.094938593399564,1.2901515704640252,1.1775003362976337,1.4121448939111292,global,,,0.42051315039499065,0.012035145204942721,0.012370079310197098,0.0003852878475687596,0.3355505143953305,0.061017968704984514,0.33311426580960385,0.6931481805599428,"{""kernels.0.base_kernel.kernels.0"": [0.3334739281631608, 0.3328528880260971, 0.3330801871881944, 0.3332485971935533, 0.3331529574768558, 0.3329141457716192, 0.3332048447165445, 0.33300344619597366, 0.3334526111496149, 0.3333737618236968, 0.3328997938384504, 0.3330009449657905, 0.3329235049266968, 0.3330498289699695, 0.3331783962668747, 0.33292313618087827, 0.3331483444310133, 0.33351511264757255], ""kernels.0.base_kernel.kernels.1.base_kernel"": [0.6931481805599428, 0.6931481805599428, 0.6931481805599428], ""kernels.1.base_kernel.kernels.0"": [0.07271776362709562, 0.29987108717840383, 0.29595620702230124, 0.12340412337952647, 0.29784919991730113, 0.47711821495260825, 0.26928036916355325, 0.3666569286338587, 0.3122951546578621, 0.207967671470867, 0.3850496422020928, 0.23100423131752207, 0.413402914139661, 0.2754807036354152, 0.2220628406101953, 0.4933765755496088, 0.41325932887915556, 0.061017968704984514], ""kernels.1.base_kernel.kernels.1"": [0.6931481805599428, 0.6931481805599428, 0.6931481805599428]}","{""kernels.0"": 0.0003542255509110924, ""kernels.0.base_kernel.kernels.1"": 0.003335108026970801, ""kernels.1"": 1.0029622096081097}",8,8,24,24,24,archive,2,31
313,146.80026794594275,97.0960586029999,0.4978,global,-3.6430425811764495,-5.149665105568,1.5066225243915508,1.3208789016824103,1.4129668706503127,global,,,0.3561092989142395,0.012026379107393435,0.012358659338590795,0.00038539254909813174,0.3375480069906802,0.06098465495939954,0.3331173086131738,0.6931481805599428,"{""kernels.0.base_kernel.kernels.0"": [0.33347401168220203, 0.3328549492198012, 0.3330848747216563, 0.3332487023815125, 0.3331525899753069, 0.3329131835633876, 0.33320012659639603, 0.3330061284365298, 0.33345135174789353, 0.3333736107561861, 0.3328972444505519, 0.33300372941456313, 0.3329267953966591, 0.33305020961628073, 0.33317813335311386, 0.33291691469450696, 0.3331497425046912, 0.3335151207761233], ""kernels.0.base_kernel.kernels.1.base_kernel"": [0.6931481805599428, 0.6931481805599428, 0.6931481805599428], ""kernels.1.base_kernel.kernels.0"": [0.07257518793903575, 0.3040923711855781, 0.2982272731419512, 0.12376388076421141, 0.29641804256958315, 0.47884564570621796, 0.265934246380953, 0.36421269948734947, 0.31408264628898325, 0.20622661352455832, 0.3864916126471019, 0.22988412399135702, 0.41559547189880214, 0.2795517266827038, 0.2234681433495384, 0.49144485024542145, 0.4148407475957998, 0.06098465495939954], ""kernels.1.base_kernel.kernels.1"": [0.6931481805599428, 0.6931481805599428, 0.6931481805599428]}","{""kernels.0"": 0.00035425980400690283, ""kernels.0.base_kernel.kernels.1"": 0.0033351011844781216, ""kernels.1"": 1.0089546599835557}",8,8,24,24,24,archive,1,32
314,138.10062957985036,97.0960586029999,0.499,global,-3.8500814978895193,-5.630737329418901,1.7806558315293817,0.7941855402283714,1.4004231679523649,global,,,0.3595031856533301,0.01201168028543029,0.012346161089359382,0.00038542870799745477,0.3356329299086634,0.06098326946808794,0.3331182988792929,0.6931481805599428,"{""kernels.0.base_kernel.kernels.0"": [0.33347408243729737, 0.3328553390299995, 0.3330864048196613, 0.3332487920440479, 0.3331524828452904, 0.332912968067731, 0.3331991098470419, 0.3330071037585286, 0.3334510588847941, 0.3333737339922744, 0.33289637950312795, 0.3330047735346593, 0.33292798144026237, 0.33305051854527484, 0.333178023688698, 0.3329155663988302, 0.33315019293892445, 0.33351522908134196], ""kernels.0.base_kernel.kernels.1.base_kernel"": [0.6931481805599428, 0.6931481805599428, 0.6931481805599428], ""kernels.1.base_kernel.kernels.0"": [0.0725512855908233, 0.3052990344821823, 0.2993146559220258, 0.12398762852468043, 0.29605120186516765, 0.47966019678407473, 0.26591147768769696, 0.3636488348351945, 0.3150501713685457, 0.206006420604776, 0.38700379599109613, 0.22970026054328035, 0.4165406700660277, 0.2812121876341733, 0.22408842555203742, 0.49230516374484956, 0.4153484581551061, 0.06098326946808794], ""kernels.1.base_kernel.kernels.1"": [0.6931481805599428, 0.6931481805599428, 0.6931481805599428]}","{""kernels.0"": 0.00035427054695567526, ""kernels.0.base_kernel.kernels.1"": 0.0033350988564556016, ""kernels.1"": 1.003209420322579}",8,8,24,24,24,archive,2,33
315,149.1386020242157,97.0960586029999,0.502,global,-3.8863738318769427,-4.809292822099341,0.922918990222398,0.534116531101733,1.4072147063877158,global,,,0.38939627466834104,0.012016530438759214,0.012348828521846222,0.0003863335828914958,0.33857503430585734,0.06095089180391889,0.33312003672738083,0.6931481805599428,"{""kernels.0.base_kernel.kernels.0"": [0.33347432733090376, 0.3328552708807811, 0.3330893247742084, 0.33324891356911246, 0.33315207274743236, 0.3329111809533184, 0.33319651989392124, 0.33300888155345904, 0.3334500932184184, 0.33337373093445427, 0.3328935756634678, 0.33300677326826883, 0.33292924638749766, 0.3330504757013316, 0.33317790872470743, 0.3329115524076076, 0.3331507486805533, 0.33351542155221026], ""kernels.0.base_kernel.kernels.1.base_kernel"": [0.6931481805599428, 0.6931481805599428, 0.6931481805599428], ""kernels.1.base_kernel.kernels.0"": [0.07239780379893142, 0.3063000342610508, 0.3008819290304578, 0.12395918741486316, 0.294742621301036, 0.4798485599965066, 0.2647463702725682, 0.3621065692136621, 0.31610497518849046, 0.20445976251017692, 0.3870556007462828, 0.22897904738544061, 0.4173098136615768, 0.28435781487263956, 0.22630173705505682, 0.4931408920642819, 0.4160166130682231, 0.06095089180391889], ""kernels.1.base_kernel.kernels.1"": [0.6931481805599428, 0.6931481805599428, 0.6931481805599428]}","{""kernels.0"": 0.0003542993787870041, ""kernels.0.base_kernel.kernels.1"": 0.0033350936937455804, ""kernels.1"": 1.0120357098450394}",8,8,24,24,24,archive,0,34
316,122.16837014952635,97.0960586029999,0.4982,global,-3.6155108565502694,-5.978771186208716,2.3632603296584467,1.1345054851037613,1.4103023676288946,global,,,0.3020015223158737,0.012000454548298182,0.012335628309409598,0.0003863385930701264,0.3359308246452892,0.060952378642398525,0.3331208039885465,0.6931481805599428,"{""kernels.0.base_kernel.kernels.0"": [0.33347443781737807, 0.33285541285871517, 0.3330905580774453, 0.33324904405866373, 0.33315200106780885, 0.3329107918208448, 0.33319585814684644, 0.3330097858114205, 0.33344982772929177, 0.3333739488819806, 0.33289270823939476, 0.3330077083758144, 0.33293003427837803, 0.33305068838730606, 0.3331778151530537, 0.33291024245016687, 0.3331510498996477, 0.33351551959737474], ""kernels.0.base_kernel.kernels.1.base_kernel"": [0.6931481805599428, 0.6931481805599428, 0.6931481805599428], ""kernels.1.base_kernel.kernels.0"": [0.07238072289347199, 0.30697728237319394, 0.30187310857411587, 0.12419197938582106, 0.29440213267968846, 0.4803368412139459, 0.26496074756155863, 0.36186276583031635, 0.31697721795494244, 0.2044738900430654, 0.38733562638806607, 0.22890446883618434, 0.4180417733033217, 0.2859948797906267, 0.22729932718181015, 0.4937408666774712, 0.4163860374700266, 0.060952378642398525], ""kernels.1.base_kernel.kernels.1"": [0.6931481805599428, 0.6931481805599428, 0.6931481805599428]}","{""kernels.0"": 0.00035430903906053353, ""kernels.0.base_kernel.kernels.1"": 0.003335091631780077, ""kernels.1"": 1.0041030732650271}",8,8,24,24,24,archive,2,35
317,112.82322699041762,97.0960586029999,0.4992,global,-3.6122867563284484,-4.932915324820167,1.3206285684917183,0.40212379925934877,1.2695710342133877,global,,,0.24758748965389243,0.011994318509100998,0.012329448625605102,0.00038649683549622327,0.335930828013457,0.06095237861261947,0.3331208039905709,0.6931481805599428,"{""kernels.0.base_kernel.kernels.0"": [0.33347443781790675, 0.33285541285875225, 0.33309055808085053, 0.3332490440588069, 0.33315200106720616, 0.33291079181754357, 0.33319585814378483, 0.3330097858133726, 0.33344982772806264, 0.3333739488823555, 0.3328927082351239, 0.3330077083783683, 0.3329300342791141, 0.33305068838696, 0.3331778151519639, 0.3329102424467356, 0.3331510499002913, 0.3335155195977897], ""kernels.0.base_kernel.kernels.1.base_kernel"": [0.6931481805599428, 0.6931481805599428, 0.6931481805599428], ""kernels.1.base_kernel.kernels.0"": [0.0723807226931211, 0.3069772843326238, 0.30187311088536595, 0.12419197920403043, 0.29440213065448995, 0.48033684028512147, 0.2649607460895404, 0.3618627635355902, 0.3169772195960904, 0.20447388844767247, 0.38733562576770825, 0.22890446768692857, 0.4180417736116149, 0.2859948843352404, 0.22729932914974862, 0.49374087315763304, 0.4163860386282331, 0.06095237861261947], ""kernels.1.base_kernel.kernels.1"": [0.6931481805599428, 0.6931481805599428, 0.6931481805599428]}","{""kernels.0"": 0.00035430903910047446, ""kernels.0.base_kernel.kernels.1"": 0.003335091631773125, ""kernels.1"": 1.0041030833694973}",8,8,24,24,24,archive,1,36
318,142.99339643635184,97.0960586029999,0.4998,global,-3.935226730325471,-5.091758461146704,1.1565317308212335,0.6000804127871644,1.3983016777469706,global,,,0.3990527745738699,0.01199497525619009,0.012329473840297847,0.0003868778182455321,0.3381438363703439,0.060925117996873196,0.33312350975370747,0.6931481805599428,"{""kernels.0.base_kernel.kernels.0"": [0.33347520313242507, 0.33285502958804386, 0.3330958636686024, 0.3332493110030186, 0.33315115583881255, 0.3329059858863632, 0.3331916495214609, 0.333012428688631, 0.3334479536407754, 0.33337508320494674, 0.33288676834033054, 0.3330111933183769, 0.33293113035298216, 0.33305018250843565, 0.33317662262700826, 0.33290542073748164, 0.3331519052958968, 0.33351608193214677], ""kernels.0.base_kernel.kernels.1.base_kernel"": [0.6931481805599428, 0.6931481805599428, 0.6931481805599428], ""kernels.1.base_kernel.kernels.0"": [0.07210518425790945, 0.3096053315545909, 0.30626423324800445, 0.1240597790762574, 0.2915998885075921, 0.4787102238424781, 0.2631019167343919, 0.3584147573039582, 0.3194617275213278, 0.2048288124003736, 0.3866381982615987, 0.22712756488078145, 0.4187047059719135, 0.2924929151561515, 0.23094654663078446, 0.5026788895989291, 0.41807781787249054, 0.060925117996873196], ""kernels.1.base_kernel.kernels.1"": [0.6931481805599428, 0.6931481805599428, 0.6931481805599428]}","{""kernels.0"": 0.00035436478824003593, ""kernels.0.base_kernel.kernels.1"": 0.003335081839348791, ""kernels.1"": 1.010742062483443}",8,8,24,24,24,archive,1,37
319,147.00840450087503,97.0960586029999,0.4982,global,-3.662571954150714,-4.833597646847632,1.1710256926969178,0.6143127786795269,1.3392679926537832,global,,,0.2587929450332671,0.011983362464338683,0.012320120304037641,0.0003870749572262162,0.33640045159737636,0.06092993592446338,0.3331239221497028,0.6931481805599428,"{""kernels.0.base_kernel.kernels.0"": [0.3334754300314349, 0.33285471482926254, 0.3330968504877391, 0.3332494596553224, 0.3331509938116665, 0.3329050239613564, 0.33319109187713897, 0.33301341287980174, 0.3334476033917042, 0.3333754057362239, 0.3328855458961603, 0.3330122126989027, 0.33293134283802983, 0.33305049213656623, 0.3331761442181215, 0.33290436054114886, 0.3331520335448199, 0.33351632480329774], ""kernels.0.base_kernel.kernels.1.base_kernel"": [0.6931481805599428, 0.6931481805599428, 0.6931481805599428], ""kernels.1.base_kernel.kernels.0"": [0.07208327444542012, 0.30992241697274064, 0.3072249712729603, 0.1241889473887251, 0.2910720758575539, 0.4784894414926237, 0.2633177343126254, 0.3582746685707805, 0.3202362645586202, 0.2049483104016364, 0.38661542488739725, 0.22718928062092347, 0.4188338704637397, 0.2946047078043834, 0.23170814509916116, 0.5047037970049538, 0.41842115711019184, 0.06092993592446338], ""kernels.1.base_kernel.kernels.1"": [0.6931481805599428, 0.6931481805599428, 0.6931481805599428]}","{""kernels.0"": 0.00035437759734782513, ""kernels.0.base_kernel.kernels.1"": 0.0033350796223341394, ""kernels.1"": 1.005511897572447}",8,8,24,24,24,archive,2,38
320,158.46367332618422,97.0960586029999,0.4998,global,-3.902271821829426,-6.064999388017729,2.162727566188303,1.2910640129956972,1.4127110922884571,global,,,0.41236211220791374,0.011988591652909037,0.012323439083570732,0.00038809152157539726,0.33916476720769984,0.06091315733620039,0.3331243297486058,0.6931481805599428,"{""kernels.0.base_kernel.kernels.0"": [0.3334758247154079, 0.33285376323350924, 0.33309794564858686, 0.3332495553399187, 0.3331507138486247, 0.33290290523156313, 0.33318982001332625, 0.33301462909990803, 0.333446803321787, 0.333375743402637, 0.33288303187535545, 0.3330136690229942, 0.332930630382695, 0.3330503702822652, 0.3331750480749209, 0.3329023132886114, 0.333151962117638, 0.3335166737200404], ""kernels.0.base_kernel.kernels.1.base_kernel"": [0.6931481805599428, 0.6931481805599428, 0.6931481805599428], ""kernels.1.base_kernel.kernels.0"": [0.07196173429618899, 0.30903237770811043, 0.3083074202584298, 0.12397298756512119, 0.28983708162527544, 0.477253666916558, 0.26271609119107603, 0.3574270573905945, 0.32127129258605625, 0.20438184035039034, 0.3859538616952433, 0.22690592883868224, 0.41836977934912833, 0.29750122206327667, 0.23246780340965378, 0.5080237724240256, 0.4187666456525379, 0.06091315733620039], ""kernels.1.base_kernel.kernels.1"": [0.6931481805599428, 0.6931481805599428, 0.6931481805599428]}","{""kernels.0"": 0.00035440193797304186, ""kernels.0.base_kernel.kernels.1"": 0.003335075905320473, ""kernels.1"": 1.013804823779806}",8,8,24,24,24,archive,2,39
321,96.44480661265321,96.44480661265321,0.5034,local,-3.9696643547910515,-16.948482284764463,12.978817929973411,0.03771151006682652,0.33834133462005395,archive,398,59,0.04703789751707269,0.011970857253128008,0.012308702465002274,0.0003880385665904371,0.33642374817226695,0.060914557473904826,0.3331247165524145,0.6931481805599428,"{""kernels.0.base_kernel.kernels.0"": [0.33347605567043853, 0.33285363547586094, 0.3330987849910839, 0.33324973038556827, 0.333150648113745, 0.33290210173886425, 0.3331892973186234, 0.33301566745721006, 0.33344639315649444, 0.33337616086048105, 0.3328818175780164, 0.3330147343824867, 0.33293055901458446, 0.33305054794780536, 0.3331744682975996, 0.33290136105317397, 0.3331520378533812, 0.3335168895556992], ""kernels.0.base_kernel.kernels.1.base_kernel"": [0.6931481805599428, 0.6931481805599428, 0.6931481805599428], ""kernels.1.base_kernel.kernels.0"": [0.07192888293054651, 0.3091791789758547, 0.3094336347619886, 0.12424339716456084, 0.28928344606354667, 0.47715614929211275, 0.2629696390254499, 0.35732078299203296, 0.3223755651184291, 0.20462754916155307, 0.38592665255133285, 0.2269418593565201, 0.41853459768639956, 0.2997344502748781, 0.23325660090186753, 0.5104027598618175, 0.41913084912253046, 0.060914557473904826], ""kernels.1.base_kernel.kernels.1"": [0.6931481805599428, 0.6931481805599428, 0.6931481805599428]}","{""kernels.0"": 0.00035441484149214154, ""kernels.0.base_kernel.kernels.1"": 0.003335073526642928, ""kernels.1"": 1.0055817561486657}",8,8,24,24,24,archive,2,0
322,103.45377179190479,96.44480661265321,0.4994,local,-3.9380114950040648,-14.488727785965605,10.550716290961539,0.0916320537072973,0.6147452326752486,archive,309,45,0.14012079353433443,0.011942486488803614,0.01235551905738146,0.00039096206685357754,0.33763298819697357,0.06012313412810896,0.33314511961199766,0.6931481805599428,"{""kernels.0.base_kernel.kernels.0"": [0.3334959116822967, 0.33285356752524414, 0.33311518329412393, 0.3332550644844838, 0.33315092043827493, 0.3328279344435558, 0.3331532555890043, 0.33305735130517833, 0.33341230378177433, 0.33340014683685504, 0.3328094900273227, 0.33307617671454254, 0.3328818837853314, 0.3330308253757939, 0.33310855651408894, 0.3327989406892075, 0.3331393187857204, 0.333533751194395], ""kernels.0.base_kernel.kernels.1.base_kernel"": [0.6931481805599428, 0.6931481805599428, 0.6931481805599428], ""kernels.1.base_kernel.kernels.0"": [0.06896962585826916, 0.30014255659642053, 0.3802883551436947, 0.12230928835271702, 0.2554103867422517, 0.4478263758322227, 0.26789498791563504, 0.3314036627251798, 0.3777681528974556, 0.18417102571728625, 0.3925601163601334, 0.2159677940385799, 0.4069817361020694, 0.4457808070279569, 0.2523685937589165, 0.6202483754860427, 0.4343812577584899, 0.06012313412810896], ""kernels.1.base_kernel.kernels.1"": [0.6931481805599428, 0.6931481805599428, 0.6931481805599428]}","{""kernels.0"": 0.00035548491608429006, ""kernels.0.base_kernel.kernels.1"": 0.003334913541225131, ""kernels.1"": 1.0092085661336114}",8,8,24,24,24,archive,1,1
323,176.7300039199567,96.44480661265321,0.496,global,-3.993445214768464,-4.958740994085175,0.965295779316711,1.1432127598069264,1.4119523551870274,global,,,0.3547471044280626,0.01190965342232431,0.012326708619954985,0.0003893168724594091,0.33583287354602676,0.06000773550357251,0.333144548114877,0.6931481805599428,"{""kernels.0.base_kernel.kernels.0"": [0.33349773799732, 0.3328558412432921, 0.33311281523333874, 0.3332553515981102, 0.3331522568035883, 0.3328285976611663, 0.33315118475790517, 0.3330573984142151, 0.3334083973747706, 0.3334026981403649, 0.3328065628458537, 0.3330764072610873, 0.3328781767489776, 0.33302517987986446, 0.3331057225820471, 0.3327931203122037, 0.3331379114718488, 0.333534195455483], ""kernels.0.base_kernel.kernels.1.base_kernel"": [0.6931481805599428, 0.6931481805599428, 0.6931481805599428], ""kernels.1.base_kernel.kernels.0"": [0.06887960265312165, 0.3009284526841263, 0.38680378247414754, 0.12328864314426705, 0.25610422406402633, 0.4525244094873095, 0.2698700598200845, 0.3325671809245085, 0.3807921075016617, 0.1849097920814808, 0.3946528715968389, 0.21397682616834013, 0.40705716488602456, 0.4435677717970065, 0.2529141453998991, 0.6142411262604168, 0.4345461874339396, 0.06000773550357251], ""kernels.1.base_kernel.kernels.1"": [0.6931481805599428, 0.6931481805599428, 0.6931481805599428]}","{""kernels.0"": 0.00035554236607127505, ""kernels.0.base_kernel.kernels.1"": 0.003334906321495947, ""kernels.1"": 1.003808171950513}",8,8,24,24,24,archive,1,2
324,108.4986013951054,96.44480661265321,0.4992,global,-3.578431594302228,-7.636741671474881,4.058310077172653,1.4406657510406895,1.4137283901021562,global,,,0.16135483804956144,0.011911347499721267,0.012325167173084104,0.00039012804807946435,0.33885725092572816,0.05997799735706274,0.3331438906773694,0.6931481805599428,"{""kernels.0.base_kernel.kernels.0"": [0.3334982268762722, 0.3328560036068764, 0.33311187158080324, 0.33325537342335554, 0.3331523566273943, 0.33282787088197235, 0.333150325824481, 0.33305711547543165, 0.33340741725143846, 0.33340325567230983, 0.332805428025599, 0.3330764698496582, 0.3328770931006349, 0.3330237308498216, 0.33310483241022054, 0.3327912485524034, 0.3331374555302578, 0.3335343982175243], ""kernels.0.base_kernel.kernels.1.base_kernel"": [0.6931481805599428, 0.6931481805599428, 0.6931481805599428], ""kernels.1.base_kernel.kernels.0"": [0.06883416332718612, 0.3005577671624911, 0.38759853425760304, 0.12321845293998683, 0.2559225526499379, 0.4525820856685476, 0.26959986682817855, 0.3323552167265348, 0.3811266966873335, 0.1846022591989407, 0.394694202956442, 0.2134407171979642, 0.40683501538716205, 0.44292863600267773, 0.2526511820180367, 0.6126881912610637, 0.43446780084096603, 0.05997799735706274], ""kernels.1.base_kernel.kernels.1"": [0.6931481805599428, 0.6931481805599428, 0.6931481805599428]}","{""kernels.0"": 0.0003555593168205653, ""kernels.0.base_kernel.kernels.1"": 0.0033349046416495318, ""kernels.1"": 1.0128812888187144}",8,8,24,24,24,archive,1,3
325,167.26658714140325,96.44480661265321,0.4998,global,-3.9343549131777666,-5.805867777490494,1.8715128643127277,1.0297152237063676,1.4129530164312516,global,,,0.3793960790193314,0.011897964588761346,0.012315099338883504,0.0003897886998977271,0.3369390808874022,0.05993826912339135,0.33314311272021035,0.6931481805599428,"{""kernels.0.base_kernel.kernels.0"": [0.33349904570538236, 0.3328569039223063, 0.3331107294349109, 0.33325555610666574, 0.3331527603100838, 0.3328275046757377, 0.3331492955115366, 0.3330570539107182, 0.3334060170232888, 0.3334043677217013, 0.33280398050330334, 0.3330768590041437, 0.33287597268045754, 0.3330215075105985, 0.3331035493056224, 0.33278894903299816, 0.3331369299288841, 0.33353463712671977], ""kernels.0.base_kernel.kernels.1.base_kernel"": [0.6931481805599428, 0.6931481805599428, 0.6931481805599428], ""kernels.1.base_kernel.kernels.0"": [0.06880845759332224, 0.30097374957527445, 0.39014544174465204, 0.12352751218112652, 0.2559503013887765, 0.4540126845022765, 0.27030380531524667, 0.3327963011280929, 0.3829169222405821, 0.18470299110459282, 0.39545072499044137, 0.2129805480108511, 0.40788522507460684, 0.44228252710169713, 0.25279056475534034, 0.6111199047352149, 0.43470160507004046, 0.05993826912339135], ""kernels.1.base_kernel.kernels.1"": [0.6931481805599428, 0.6931481805599428, 0.6931481805599428]}","{""kernels.0"": 0.0003555843786919798, ""kernels.0.base_kernel.kernels.1"": 0.0033349015417337585, ""kernels.1"": 1.007126756741781}",8,8,24,24,24,archive,3,4
326,141.32209807650622,96.44480661265321,0.4974,global,-4.035342867199662,-5.853377077349872,1.81803421015021,1.2355079873020358,1.4120811501131243,global,,,0.3746494382163629,0.011896987727850552,0.012312163991354982,0.00039049581010116907,0.3391453735230517,0.05990061103143134,0.3331422772386844,0.6931481805599428,"{""kernels.0.base_kernel.kernels.0"": [0.33349975313989827, 0.33285718686383403, 0.33310956212390097, 0.3332555949391194, 0.3331529858027318, 0.33282658060944703, 0.33314823594594234, 0.3330566917951738, 0.33340475211686005, 0.3334052010776884, 0.3328023670621562, 0.33307710864253726, 0.3328746581829388, 0.3330196774585036, 0.33310238542494996, 0.33278652970070255, 0.3331363185314264, 0.33353490374926364], ""kernels.0.base_kernel.kernels.1.base_kernel"": [0.6931481805599428, 0.6931481805599428, 0.6931481805599428], ""kernels.1.base_kernel.kernels.0"": [0.06875899322502621, 0.3006933997332108, 0.391627630183545, 0.12351519032932558, 0.25578669799234033, 0.45463781839219264, 0.27026512969183614, 0.33272277542394807, 0.38375179585060165, 0.1843483958190113, 0.3955682663229615, 0.21248119270087223, 0.4080966075907269, 0.44171295169549224, 0.2525288047486408, 0.6095554360983659, 0.43467040802660545, 0.05990061103143134], ""kernels.1.base_kernel.kernels.1"": [0.6931481805599428, 0.6931481805599428, 0.6931481805599428]}","{""kernels.0"": 0.0003556073091728205, ""kernels.0.base_kernel.kernels.1"": 0.0033348991243414027, ""kernels.1"": 1.013745614135641}",8,8,24,24,24,archive,1,5
327,110.6220125081037,96.44480661265321,0.5014,global,-3.8039440900618517,-5.077791277186878,1.2738471871250265,0.4040610600910475,1.3073251857953345,global,,,0.16286398563343207,0.011883512568601226,0.012302810411556031,0.00039067089161278764,0.33690334240161907,0.05985530037146505,0.333141246414406,0.6931481805599428,"{""kernels.0.base_kernel.kernels.0"": [0.33350075123073586, 0.3328580755307405, 0.33310866193903627, 0.33325577333828116, 0.3331534893066078, 0.3328259889417489, 0.3331469116834421, 0.3330564093829473, 0.33340306253897, 0.3334064577065383, 0.33280035697336346, 0.3330776375401719, 0.33287313077826214, 0.33301787004820477, 0.3331008313879447, 0.3327836166856842, 0.3331355811453699, 0.3335352146681815], ""kernels.0.base_kernel.kernels.1.base_kernel"": [0.6931481805599428, 0.6931481805599428, 0.6931481805599428], ""kernels.1.base_kernel.kernels.0"": [0.06874866300226311, 0.30118366853014616, 0.39545464686125686, 0.12373803798346839, 0.2557703277556401, 0.45655154755370064, 0.2707248879693348, 0.3330945110596429, 0.3854261794309613, 0.18415185338996673, 0.39607895599060283, 0.21205216716608444, 0.40910018609020826, 0.44238354445050593, 0.2523801724933903, 0.6078517554692758, 0.4348067405822083, 0.05985530037146505], ""kernels.1.base_kernel.kernels.1"": [0.6931481805599428, 0.6931481805599428, 0.6931481805599428]}","{""kernels.0"": 0.00035563655745275246, ""kernels.0.base_kernel.kernels.1"": 0.0033348955598210776, ""kernels.1"": 1.0070194950875835}",8,8,24,24,24,archive,3,6
328,138.70095968932793,96.44480661265321,0.5008,global,-4.001684064635562,-4.899937180198643,0.8982531155630813,1.2463426700163651,1.4118469565393494,global,,,0.35596797114032774,0.011882114697856466,0.012298475960898387,0.0003907328864273332,0.3395515333715305,0.059800816983471755,0.33313996878398294,0.6931481805599428,"{""kernels.0.base_kernel.kernels.0"": [0.333501847998068, 0.332858345395584, 0.33310737123911205, 0.3332558455635882, 0.3331537743890728, 0.33282451419071907, 0.3331453119078179, 0.3330557221580024, 0.3334013104360907, 0.3334076633993543, 0.33279771491442284, 0.3330779818735892, 0.3328710525081982, 0.33301627369343667, 0.33309906636888276, 0.332780201809699, 0.333134625660148, 0.3335356359157238], ""kernels.0.base_kernel.kernels.1.base_kernel"": [0.6931481805599428, 0.6931481805599428, 0.6931481805599428], ""kernels.1.base_kernel.kernels.0"": [0.0687010981069981, 0.30085589137256874, 0.39885684796234644, 0.12365850092278824, 0.2553340885284851, 0.457543216561439, 0.2706435066848865, 0.3329123627010019, 0.3868756025116824, 0.18351472121657575, 0.3959637159772251, 0.2113788394612885, 0.4097936068039056, 0.44372115087201147, 0.25173923611681936, 0.6061135919981931, 0.43485552839173186, 0.059800816983471755], ""kernels.1.base_kernel.kernels.1"": [0.6931481805599428, 0.6931481805599428, 0.6931481805599428]}","{""kernels.0"": 0.0003556697194367474, ""kernels.0.base_kernel.kernels.1"": 0.003334892023324785, ""kernels.1"": 1.01496403837183}",8,8,24,24,24,archive,0,7
329,168.27950072937426,96.44480661265321,0.4978,global,-4.024936758418619,-5.216102042449236,1.1911652840306175,0.7860224129248459,1.4003515849226973,global,,,0.29554427565771546,0.01186923333273495,0.012290193685118175,0.0003909520821688479,0.33683980558761734,0.05977291437472591,0.3331408124815455,0.6931481805599428,"{""kernels.0.base_kernel.kernels.0"": [0.33350256241242315, 0.33285901569125304, 0.33310660111284046, 0.3332559680969295, 0.3331540968666803, 0.33282389387026085, 0.3331444756155185, 0.3330554537928481, 0.3334002500065066, 0.3334085490378683, 0.3327962340116361, 0.33307836102096333, 0.33287002658286524, 0.3330162799708473, 0.33309809340197105, 0.33277844693130915, 0.3331341244334963, 0.3335358631009443], ""kernels.0.base_kernel.kernels.1.base_kernel"": [0.6931481805599428, 0.6931481805599428, 0.6931481805599428], ""kernels.1.base_kernel.kernels.0"": [0.06870458254635398, 0.3017094442400518, 0.4014738610378671, 0.12387011137149648, 0.25524429238415325, 0.45878931164870496, 0.27125151368103967, 0.3331371493475725, 0.3882845186220598, 0.1833965013633686, 0.39622246354882296, 0.21115414316732792, 0.41084443541884647, 0.44636629264738614, 0.25163666833028975, 0.605568165245994, 0.4350567666462131, 0.05977291437472591], ""kernels.1.base_kernel.kernels.1"": [0.6931481805599428, 0.6931481805599428, 0.6931481805599428]}","{""kernels.0"": 0.00035568880918544315, ""kernels.0.base_kernel.kernels.1"": 0.0033348896040715746, ""kernels.1"": 1.006828838349595}",8,8,24,24,24,archive,2,8
330,166.13836973646153,96.44480661265321,0.498,global,-3.859770933211561,-5.845514293904652,1.9857433606930912,0.8361616004850699,1.399142554770989,global,,,0.3322082828758357,0.011871893448314736,0.012290217697285636,0.0003918435167220675,0.3396911737898196,0.059734205614896244,0.33313841656728116,0.6931481805599428,"{""kernels.0.base_kernel.kernels.0"": [0.33350339170541626, 0.33285842555096434, 0.3331055483882163, 0.33325599410890694, 0.3331542687023763, 0.33282255141189265, 0.33314345081778923, 0.3330549102428309, 0.33339886492475834, 0.3334093383923579, 0.3327942669723916, 0.3330786462944012, 0.33286851449065086, 0.33301552185369226, 0.3330968910417606, 0.33277585419101724, 0.33313338231677314, 0.333536230981352], ""kernels.0.base_kernel.kernels.1.base_kernel"": [0.6931481805599428, 0.6931481805599428, 0.6931481805599428], ""kernels.1.base_kernel.kernels.0"": [0.06866281162403136, 0.30117805964940364, 0.40383351115851257, 0.12377097559126543, 0.2549042518784955, 0.4590014870656265, 0.27141346381599546, 0.3330682880559943, 0.38894144986881146, 0.1825077692968037, 0.3961691125554982, 0.21073348984925402, 0.4114233812895168, 0.4480161873229129, 0.2511472835452866, 0.6044971091252509, 0.43505572671687964, 0.059734205614896244], ""kernels.1.base_kernel.kernels.1"": [0.6931481805599428, 0.6931481805599428, 0.6931481805599428]}","{""kernels.0"": 0.00035571369345640104, ""kernels.0.base_kernel.kernels.1"": 0.003334887103141699, ""kernels.1"": 1.0153829205728608}",8,8,24,24,24,archive,3,9
331,218.83950267680376,96.44480661265321,0.5014,global,-3.781349941013735,-5.146158835290187,1.364808894276452,0.33814268854303947,1.375356619453335,global,,,0.15733876311162942,0.01186311534375949,0.012286304401470789,0.00039248592483984477,0.3373481034979849,0.05969724280592961,0.33314859010906683,0.6931481805599428,"{""kernels.0.base_kernel.kernels.0"": [0.3335043699462365, 0.3328583847528168, 0.3331040186658871, 0.33325619870045664, 0.333154623071097, 0.3328213505076787, 0.33314255714703667, 0.3330545108686393, 0.3333974051703881, 0.3334104764136745, 0.3327923033895074, 0.3330791918242022, 0.33286725455336647, 0.333015055709833, 0.33309579577471815, 0.33277328100544673, 0.33313268696145837, 0.33353664158807167], ""kernels.0.base_kernel.kernels.1.base_kernel"": [0.6931481805599428, 0.6931481805599428, 0.6931481805599428], ""kernels.1.base_kernel.kernels.0"": [0.06865015519396617, 0.30155115526457754, 0.40660920482537505, 0.12407380847735484, 0.2548025804916568, 0.46019515317854176, 0.2726098439778688, 0.33351704730451764, 0.3905204615480458, 0.18198344837653083, 0.39663832926162834, 0.21055220030732782, 0.41302530472843374, 0.450577302711737, 0.2511788235481017, 0.6037292821210517, 0.43529524851721835, 0.05969724280592961], ""kernels.1.base_kernel.kernels.1"": [0.6931481805599428, 0.6931481805599428, 0.6931481805599428]}","{""kernels.0"": 0.0003557411234120077, ""kernels.0.base_kernel.kernels.1"": 0.003334883944901525, ""kernels.1"": 1.0083536854256412}",8,8,24,24,24,archive,3,10
332,172.54209780833105,96.44480661265321,0.501,global,-3.1734705155634995,-4.998805453248448,1.8253349376849481,0.3598125616745186,1.3061209937564526,global,,,0.2991119449696464,0.011869334137788182,0.012244857238548958,0.00039064727927217205,0.332479427286929,0.05910943837597722,0.3331182183949747,0.6931481805599428,"{""kernels.0.base_kernel.kernels.0"": [0.3335094403560547, 0.33285795939574175, 0.3330787284521593, 0.33325640759070896, 0.333161493581214, 0.33282246607295407, 0.33314300827756393, 0.3330704994280651, 0.33336502857155187, 0.33342142893095184, 0.3327839084998618, 0.3330934285123855, 0.33287059717993694, 0.3330090907674921, 0.33309286842963, 0.33276987670710295, 0.33303039239768784, 0.33353492094222525], ""kernels.0.base_kernel.kernels.1.base_kernel"": [0.6931481805599428, 0.6931481805599428, 0.6931481805599428], ""kernels.1.base_kernel.kernels.0"": [0.06835420912492081, 0.28467197067835226, 0.37816980356377083, 0.11657037394800647, 0.26226272706762954, 0.4386690106222497, 0.2252353650648727, 0.3708869547370875, 0.335142677214378, 0.1771902556716099, 0.40182322607323523, 0.22721338219277593, 0.4100352061658005, 0.47364030700989523, 0.25893730562010076, 0.6007124326173906, 0.2829860626814617, 0.05910943837597722], ""kernels.1.base_kernel.kernels.1"": [0.6931481805599428, 0.6931481805599428, 0.6931481805599428]}","{""kernels.0"": 0.0003560578389100852, ""kernels.0.base_kernel.kernels.1"": 0.0033348503071890345, ""kernels.1"": 0.9937473737146878}",8,8,24,24,24,archive,2,11
333,126.71064272804337,96.44480661265321,0.4988,global,-3.373469862239637,-5.171484363370761,1.7980145011311235,0.665883056605026,1.4135144200306486,global,,,0.2474004697078929,0.011889829113298571,0.012282741357852331,0.00039396325102131365,0.3391503790810526,0.0584223332665028,0.33308143894055087,0.6931481805599428,"{""kernels.0.base_kernel.kernels.0"": [0.3335020046056928, 0.33286134648910853, 0.3330534836947272, 0.3332478291663727, 0.333166100011967, 0.3328735240983738, 0.33316122517437974, 0.3330429052858107, 0.33339626425081054, 0.3334135986833684, 0.3327749475400426, 0.33308811953909634, 0.3330404330698363, 0.33298455114717973, 0.33307475834200545, 0.33284023064537854, 0.3330333142483884, 0.3335274514939373], ""kernels.0.base_kernel.kernels.1.base_kernel"": [0.6931481805599428, 0.6931481805599428, 0.6931481805599428], ""kernels.1.base_kernel.kernels.0"": [0.06810405804774203, 0.3001073343986533, 0.3755782837972235, 0.1214659107717865, 0.2646746385270182, 0.48238735279355327, 0.2613568716717362, 0.3951280018340323, 0.30029678879854105, 0.19197659494590022, 0.4043346651910723, 0.22603927082787695, 0.5160437830866333, 0.4542474488718159, 0.2517591943629698, 0.6195180411923202, 0.17425570279897928, 0.0584223332665028], ""kernels.1.base_kernel.kernels.1"": [0.6931481805599428, 0.6931481805599428, 0.6931481805599428]}","{""kernels.0"": 0.0003564076161273488, ""kernels.0.base_kernel.kernels.1"": 0.0033347864566798603, ""kernels.1"": 1.0137599431703506}",8,8,24,24,24,archive,3,12
334,98.8951347245799,96.44480661265321,0.502,local,-3.773185325664852,-14.58321460300171,10.81002927733686,0.0719050915921472,0.5586693198255891,archive,309,45,0.07683056086394441,0.011884742366014143,0.012277758358686065,0.0003942505229867945,0.3391503789767181,0.058422333204502554,0.33308143894114084,0.6931481805599428,"{""kernels.0.base_kernel.kernels.0"": [0.33350200460459595, 0.33286134648885013, 0.33305348369409654, 0.3332478291643263, 0.3331661000131402, 0.33287352410131243, 0.33316122517249375, 0.3330429052817542, 0.33339626425678254, 0.3334135986814767, 0.3327749475389152, 0.33308811953971995, 0.3330404330949045, 0.33298455114588316, 0.3330747583425617, 0.332840230651406, 0.33303331425723376, 0.33352745149236146], ""kernels.0.base_kernel.kernels.1.base_kernel"": [0.6931481805599428, 0.6931481805599428, 0.6931481805599428], ""kernels.1.base_kernel.kernels.0"": [0.06810405796986163, 0.30010733553827496, 0.3755782825702627, 0.1214659105532627, 0.2646746401681573, 0.4823873593838012, 0.26135687099530885, 0.3951280002005904, 0.30029678903716484, 0.19197659520048213, 0.4043346656786831, 0.22603927078227118, 0.5160437921871084, 0.4542474476248382, 0.25175919353152304, 0.6195180411333032, 0.1742557042985176, 0.058422333204502554], ""kernels.1.base_kernel.kernels.1"": [0.6931481805599428, 0.6931481805599428, 0.6931481805599428]}","{""kernels.0"": 0.00035640761614508877, ""kernels.0.base_kernel.kernels.1"": 0.0033347864566728174, ""kernels.1"": 1.0137599428573365}",8,8,24,24,24,archive,2,13
335,151.7186835762053,96.44480661265321,0.4984,global,-3.624339944975846,-5.242412381727044,1.6180724367511976,1.1784214948214218,1.4137333402434702,global,,,0.3770857755903489,0.011802306893749961,0.012191085119136642,0.0003887439680833717,0.33950048289613427,0.05769218571418501,0.3331354009208929,0.6931481805599428,"{""kernels.0.base_kernel.kernels.0"": [0.33349719083200996, 0.3328408810141426, 0.3330406062160095, 0.33322962685566904, 0.3331776631521613, 0.3328601999105817, 0.3331406449103395, 0.33298702564769334, 0.33347144515696125, 0.33339361132164785, 0.33273023879342933, 0.3330951195027727, 0.3333234275622756, 0.33296575079503243, 0.33308061945259326, 0.3328822171636581, 0.3331301569314463, 0.33351107763833593], ""kernels.0.base_kernel.kernels.1.base_kernel"": [0.6931481805599428, 0.6931481805599428, 0.6931481805599428], ""kernels.1.base_kernel.kernels.0"": [0.06751241877486919, 0.30492852178468705, 0.3824659890272666, 0.12212537540102407, 0.2859480872501523, 0.5346645207491318, 0.2582063594027704, 0.38782203979516183, 0.2926933565783779, 0.19202774685522855, 0.3894596211833837, 0.23710511114504737, 0.577111049764987, 0.44365053793936476, 0.23903216235610794, 0.6137400992106257, 0.174484128972605, 0.05769218571418501], ""kernels.1.base_kernel.kernels.1"": [0.6931481805599428, 0.6931481805599428, 0.6931481805599428]}","{""kernels.0"": 0.0003567888559908913, ""kernels.0.base_kernel.kernels.1"": 0.003334681021759693, ""kernels.1"": 1.0148099788106522}",8,8,24,24,24,archive,4,14
336,105.1957058080968,96.44480661265321,0.5,local,-3.818710055361088,-35.028642864305596,31.209932808944508,0.10825762992290526,0.5435827274057523,archive,190,70,0.0838775940729395,0.011787757748054233,0.012175913902059852,0.00038859334836677473,0.3395004967163359,0.05769218510030235,0.33313540094285876,0.6931481805599428,"{""kernels.0.base_kernel.kernels.0"": [0.3334971908340264, 0.33284088097965103, 0.33304060620186615, 0.3332296268459871, 0.33317766312474684, 0.3328601998443711, 0.3331406449205572, 0.3329870256281241, 0.3334714451899607, 0.3333936113138917, 0.3327302387838319, 0.33309511947751, 0.33332342768425005, 0.33296575077702895, 0.33308061950460405, 0.33288221719850647, 0.33313015696516035, 0.33351107763615695], ""kernels.0.base_kernel.kernels.1.base_kernel"": [0.6931481805599428, 0.6931481805599428, 0.6931481805599428], ""kernels.1.base_kernel.kernels.0"": [0.06751241839776836, 0.30492850608793726, 0.38246603787427846, 0.12212536586541875, 0.28594807762976704, 0.5346645478606519, 0.2582063809813727, 0.3878220449014412, 0.29269330965689566, 0.19202776038641695, 0.38945956948829985, 0.23710509492758364, 0.5771109829372334, 0.44365051692881574, 0.23903216814347303, 0.6137401438508435, 0.17448413764057752, 0.05769218510030235], ""kernels.1.base_kernel.kernels.1"": [0.6931481805599428, 0.6931481805599428, 0.6931481805599428]}","{""kernels.0"": 0.0003567888566425509, ""kernels.0.base_kernel.kernels.1"": 0.0033346810215968176, ""kernels.1"": 1.0148100202707684}",8,8,24,24,24,archive,3,15
337,136.2195298594011,96.44480661265321,0.502,global,-3.7366601701880073,-5.345985025151241,1.6093248549632335,1.0242390833509503,1.3950638815395737,global,,,0.2100748287576531,0.011778837753505064,0.012170492821043535,0.00038846153203161786,0.3392359138684622,0.057661664333767834,0.3331393304204074,0.6931481805599428,"{""kernels.0.base_kernel.kernels.0"": [0.33349797926776203, 0.3328381127182468, 0.3330395866662097, 0.33322929985628913, 0.3331763639172415, 0.332854083387353, 0.33314417119625905, 0.3329857638701201, 0.33347398424229974, 0.3333937926270856, 0.33272743736951116, 0.33309264164346647, 0.33331684535333844, 0.33296416168178034, 0.33308222614575367, 0.33288265081920154, 0.3331344896445557, 0.3335109739219772], ""kernels.0.base_kernel.kernels.1.base_kernel"": [0.6931481805599428, 0.6931481805599428, 0.6931481805599428], ""kernels.1.base_kernel.kernels.0"": [0.06750055365963083, 0.30386451325870556, 0.3858792405854136, 0.12165599455105729, 0.28568135099150305, 0.5348074114289864, 0.26035285428109195, 0.38854729480292827, 0.29028588103124553, 0.19223174745351318, 0.38651344867268395, 0.23555071940204889, 0.5677255218457133, 0.4424745411654048, 0.2380599497427223, 0.6160216247716821, 0.17841376342420665, 0.057661664333767834], ""kernels.1.base_kernel.kernels.1"": [0.6931481805599428, 0.6931481805599428, 0.6931481805599428]}","{""kernels.0"": 0.0003568359082173591, ""kernels.0.base_kernel.kernels.1"": 0.003334671955657005, ""kernels.1"": 1.0140162337415122}",8,8,24,24,24,archive,1,16
338,131.70073829260994,96.44480661265321,0.4986,global,-3.757958179669568,-5.235369256359915,1.477411076690347,0.6810550386724834,1.3869952575775724,global,,,0.44653131410661584,0.011778804346609327,0.012169807193822064,0.0003891205127447429,0.34011319985826893,0.05766172191745324,0.3331399503067331,0.6931481805599428,"{""kernels.0.base_kernel.kernels.0"": [0.3334982278897038, 0.332837320487251, 0.3330391514499688, 0.3332291339400766, 0.3331761155687028, 0.33285194297726345, 0.3331446104675187, 0.3329856410660863, 0.33347476528032866, 0.33339395855021087, 0.3327264827929513, 0.3330920597017125, 0.3333149041908856, 0.33296424334463776, 0.333082647301967, 0.3328825679688621, 0.3331352901459475, 0.33351103225863066], ""kernels.0.base_kernel.kernels.1.base_kernel"": [0.6931481805599428, 0.6931481805599428, 0.6931481805599428], ""kernels.1.base_kernel.kernels.0"": [0.06749158487431321, 0.3036633954806929, 0.3862537742090598, 0.12152600801995501, 0.2861107062427817, 0.534250759085414, 0.2604242913565905, 0.38899936003089847, 0.289823509380156, 0.19231793435958705, 0.38443046705978967, 0.23538245811813754, 0.5656328676780064, 0.4426257266929096, 0.2377895956017048, 0.616835415332209, 0.17889265289447742, 0.05766172191745324], ""kernels.1.base_kernel.kernels.1"": [0.6931481805599428, 0.6931481805599428, 0.6931481805599428]}","{""kernels.0"": 0.000356850348015207, ""kernels.0.base_kernel.kernels.1"": 0.0033346695026737136, ""kernels.1"": 1.016648079724118}",8,8,24,24,24,archive,0,17
339,124.50945596193253,96.44480661265321,0.5,global,-3.685760790779411,-5.460702644202769,1.7749418534233579,1.5239727520974216,1.4140346472067868,global,,,0.3723422932815564,0.011772115744431443,0.012163115164376887,0.00038934957678783943,0.34011319789572947,0.05766172192644579,0.3331399503084146,0.6931481805599428,"{""kernels.0.base_kernel.kernels.0"": [0.3334982278902728, 0.3328373204861545, 0.33303915144917395, 0.3332291339398694, 0.3331761155683406, 0.3328519429725022, 0.3331446104686712, 0.33298564106626044, 0.3334747652826761, 0.333393958550652, 0.3327264827913925, 0.33309205970039146, 0.333314904185637, 0.3329642433448028, 0.33308264730332804, 0.3328825679691673, 0.3331352901481579, 0.3335110322585704], ""kernels.0.base_kernel.kernels.1.base_kernel"": [0.6931481805599428, 0.6931481805599428, 0.6931481805599428], ""kernels.1.base_kernel.kernels.0"": [0.06749158486710032, 0.30366339583251584, 0.38625377604595607, 0.12152600793438463, 0.2861107074944018, 0.5342507585938578, 0.260424291688683, 0.3889993616663275, 0.28982350864610135, 0.1923179349739907, 0.3844304620903093, 0.23538245812367006, 0.5656328628181461, 0.4426257274439732, 0.23778959513093495, 0.6168354176469217, 0.17889265433619905, 0.05766172192644579], ""kernels.1.base_kernel.kernels.1"": [0.6931481805599428, 0.6931481805599428, 0.6931481805599428]}","{""kernels.0"": 0.00035685034805082804, ""kernels.0.base_kernel.kernels.1"": 0.0033346695026668953, ""kernels.1"": 1.0166480738364707}",8,8,24,24,24,archive,4,18
340,130.7831077544832,96.44480661265321,0.4956,global,-3.7353313511641835,-5.068254090229675,1.3329227390654914,1.2070023474868454,1.4134949730255,global,,,0.21696340559583435,0.011766518967077609,0.01215753403504817,0.00038956087093924515,0.34011319526129774,0.05766172193692206,0.3331399503100857,0.6931481805599428,"{""kernels.0.base_kernel.kernels.0"": [0.3334982278908939, 0.3328373204849613, 0.3330391514480952, 0.3332291339397301, 0.33317611556892046, 0.33285194296766574, 0.3331446104698026, 0.33298564106623035, 0.33347476528492753, 0.3333939585510059, 0.3327264827896886, 0.33309205969891825, 0.3333149041802351, 0.3329642433449326, 0.33308264730475035, 0.33288256796962135, 0.33313529015036886, 0.3335110322585871], ""kernels.0.base_kernel.kernels.1.base_kernel"": [0.6931481805599428, 0.6931481805599428, 0.6931481805599428], ""kernels.1.base_kernel.kernels.0"": [0.0674915848508509, 0.3036633964503353, 0.3862537777079386, 0.12152600782911786, 0.286110711912281, 0.5342507582450651, 0.2604242916477256, 0.3889993631339052, 0.2898235075601324, 0.1923179354083303, 0.38443045676174986, 0.23538245796642432, 0.5656328576817078, 0.44262572883594636, 0.2377895945732562, 0.6168354200288207, 0.17889265590640818, 0.05766172193692206], ""kernels.1.base_kernel.kernels.1"": [0.6931481805599428, 0.6931481805599428, 0.6931481805599428]}","{""kernels.0"": 0.00035685034808723804, ""kernels.0.base_kernel.kernels.1"": 0.003334669502659929, ""kernels.1"": 1.016648065933146}",8,8,24,24,24,archive,1,19
341,213.99649093097307,96.44480661265321,0.4992,global,-3.594729267088703,-5.080837022204088,1.486107755115385,0.5720200583594889,1.3388660314186949,global,,,0.381305062989568,0.011760378018728528,0.012151432273330124,0.00038981605040263424,0.3401131927420383,0.0576617219486099,0.3331399503117869,0.6931481805599428,"{""kernels.0.base_kernel.kernels.0"": [0.3334982278915069, 0.33283732048382486, 0.3330391514475387, 0.3332291339396827, 0.33317611556943905, 0.3328519429627318, 0.33314461047082455, 0.3329856410664407, 0.33347476528706876, 0.33339395855143067, 0.33272648278812716, 0.33309205969757844, 0.33331490417482484, 0.33296424334483504, 0.33308264730623877, 0.33288256797024485, 0.33313529015274923, 0.33351103225858036], ""kernels.0.base_kernel.kernels.1.base_kernel"": [0.6931481805599428, 0.6931481805599428, 0.6931481805599428], ""kernels.1.base_kernel.kernels.0"": [0.06749158481898741, 0.30366339607678744, 0.38625378074538425, 0.12152600788489164, 0.28611071608670646, 0.5342507578948545, 0.26042429130908923, 0.3889993645621769, 0.28982350553059844, 0.1923179357995154, 0.3844304519852024, 0.2353824577654702, 0.5656328525800626, 0.44262573039852904, 0.2377895941116651, 0.6168354233375171, 0.17889265769639676, 0.0576617219486099], ""kernels.1.base_kernel.kernels.1"": [0.6931481805599428, 0.6931481805599428, 0.6931481805599428]}","{""kernels.0"": 0.00035685034812323047, ""kernels.0.base_kernel.kernels.1"": 0.003334669502653004, ""kernels.1"": 1.0166480583753386}",8,8,24,24,24,archive,3,20
342,142.09208350170417,96.44480661265321,0.5,global,-3.3683641508555064,-5.288779268062756,1.9204151172072494,0.3834507867661756,1.341499596426297,global,,,0.35516722172234516,0.011754078799404512,0.012144587947519799,0.0003901824196476585,0.34043545798059305,0.057667688381574676,0.3331408047296245,0.6931481805599428,"{""kernels.0.base_kernel.kernels.0"": [0.3334985545503963, 0.332836733425366, 0.33303858126602276, 0.3332291712952539, 0.3331763594994172, 0.332849537156323, 0.333145210180093, 0.332985641154852, 0.3334759080357831, 0.333394116941641, 0.3327253689924719, 0.3330911208687139, 0.3333114208172143, 0.3329635896409463, 0.3330833217538396, 0.3328828820605, 0.333136399279156, 0.3335109219583446], ""kernels.0.base_kernel.kernels.1.base_kernel"": [0.6931481805599428, 0.6931481805599428, 0.6931481805599428], ""kernels.1.base_kernel.kernels.0"": [0.06746967295470016, 0.30306723848900163, 0.3873265135003333, 0.12149014983821722, 0.2880982580344822, 0.5335565223557882, 0.2603148793514501, 0.3894337829184376, 0.28878047144993063, 0.19250790607724325, 0.3811932403480401, 0.2350195127512626, 0.5620688777589874, 0.4418236432864162, 0.23733197014886906, 0.6183007942430533, 0.1796535383229623, 0.057667688381574676], ""kernels.1.base_kernel.kernels.1"": [0.6931481805599428, 0.6931481805599428, 0.6931481805599428]}","{""kernels.0"": 0.0003568708173873887, ""kernels.0.base_kernel.kernels.1"": 0.003334665975554804, ""kernels.1"": 1.017614837148837}",8,8,24,24,24,archive,1,21
343,130.2771991897821,96.44480661265321,0.501,global,-3.8421336726505406,-4.849048655493432,1.0069149828428912,1.1019003221167447,1.4090102561334217,global,,,0.2746172087034583,0.011740387223433329,0.012132580770232234,0.0003901618504555015,0.33893394143144756,0.05768514697323961,0.33314201522199616,0.6931481805599428,"{""kernels.0.base_kernel.kernels.0"": [0.3334989607938137, 0.3328363365672275, 0.33303780681401235, 0.33322912274878314, 0.3331765837178379, 0.3328466510861326, 0.3331461402514073, 0.33298571390029613, 0.33347752419949883, 0.33339433001993934, 0.33272440823974225, 0.33308986654882555, 0.3333077025778264, 0.3329633235420635, 0.33308436948815207, 0.3328838283304636, 0.33313789019258494, 0.33351091681020534], ""kernels.0.base_kernel.kernels.1.base_kernel"": [0.6931481805599428, 0.6931481805599428, 0.6931481805599428], ""kernels.1.base_kernel.kernels.0"": [0.06745573154942386, 0.3032387920566768, 0.3890196081873492, 0.12151973799963739, 0.2910905173353779, 0.5329897430472152, 0.2608268793555225, 0.3903034617971073, 0.28746504450465477, 0.1928866865832388, 0.3771492610506373, 0.23476458543064718, 0.5583180643263587, 0.4413209517358266, 0.23688294618520034, 0.6205361194176559, 0.1808519365516968, 0.05768514697323961], ""kernels.1.base_kernel.kernels.1"": [0.6931481805599428, 0.6931481805599428, 0.6931481805599428]}","{""kernels.0"": 0.0003568973981162946, ""kernels.0.base_kernel.kernels.1"": 0.003334661108568572, ""kernels.1"": 1.0131102657876578}",8,8,24,24,24,archive,0,22
344,126.04843274477015,96.44480661265321,0.4994,global,-3.58659930348493,-5.620012281132544,2.0334129776476138,0.4717297579398077,1.215752433284813,global,,,0.33369790635505675,0.01173417451661543,0.012126388347327538,0.0003904006317966073,0.33893394578990454,0.05768514698528596,0.3331420152232933,0.6931481805599428,"{""kernels.0.base_kernel.kernels.0"": [0.333498960794389, 0.33283633656648093, 0.3330378068124438, 0.3332291227485887, 0.33317658371800485, 0.3328466510819698, 0.33314614025220524, 0.33298571389992737, 0.33347752420211196, 0.33339433001983887, 0.33272440823843, 0.33308986654688255, 0.33330770257199394, 0.332963323540999, 0.3330843694893556, 0.33288382833129565, 0.33313789019438134, 0.33351091681007566], ""kernels.0.base_kernel.kernels.1.base_kernel"": [0.6931481805599428, 0.6931481805599428, 0.6931481805599428], ""kernels.1.base_kernel.kernels.0"": [0.06745573148474102, 0.3032387918981489, 0.38901960969226074, 0.1215197375683826, 0.2910905208826158, 0.5329897428321386, 0.2608268787427902, 0.3903034620818686, 0.2874650430258009, 0.19288668584152227, 0.37714925461679094, 0.234764584915832, 0.5583180594075502, 0.4413209506789642, 0.23688294471677987, 0.62053612185642, 0.18085193792183998, 0.05768514698528596], ""kernels.1.base_kernel.kernels.1"": [0.6931481805599428, 0.6931481805599428, 0.6931481805599428]}","{""kernels.0"": 0.00035689739815802923, ""kernels.0.base_kernel.kernels.1"": 0.003334661108561455, ""kernels.1"": 1.0131102788629942}",8,8,24,24,24,archive,2,23
345,121.0165756455035,96.44480661265321,0.4996,global,-3.8225136536188566,-5.025259046029265,1.2027453924104083,0.5195081010888305,1.4043942583060807,global,,,0.29395797241250693,0.011728596977099201,0.012120842141154642,0.0003906289893276759,0.3389339492047064,0.05768514699977706,0.3331420152245784,0.6931481805599428,"{""kernels.0.base_kernel.kernels.0"": [0.33349896079498503, 0.332836336566057, 0.3330378068107776, 0.3332291227484299, 0.33317658371822423, 0.33284665107773254, 0.33314614025295647, 0.3329857138997413, 0.3334775242048522, 0.33339433001976376, 0.33272440823696414, 0.3330898665449086, 0.33330770256615416, 0.3329633235407824, 0.3330843694905903, 0.33288382833230645, 0.3331378901962004, 0.33351091680995276], ""kernels.0.base_kernel.kernels.1.base_kernel"": [0.6931481805599428, 0.6931481805599428, 0.6931481805599428], ""kernels.1.base_kernel.kernels.0"": [0.06745573140192218, 0.3032387920497445, 0.38901961137391783, 0.12151973709334837, 0.29109052493166365, 0.5329897424136407, 0.26082687807769206, 0.3903034625374299, 0.28746504148816554, 0.19288668517170451, 0.37714924785044185, 0.23476458443217665, 0.5583180549759601, 0.4413209522664579, 0.2368829434627912, 0.6205361246928194, 0.18085193980270906, 0.05768514699977706], ""kernels.1.base_kernel.kernels.1"": [0.6931481805599428, 0.6931481805599428, 0.6931481805599428]}","{""kernels.0"": 0.00035689739819935707, ""kernels.0.base_kernel.kernels.1"": 0.003334661108554199, ""kernels.1"": 1.0131102891073656}",8,8,24,24,24,archive,3,24
346,122.56750351979025,96.44480661265321,0.4956,global,-3.892735029236404,-5.311855091983,1.4191200627465963,0.46354873347173187,1.2357752383460403,global,,,0.16216230241634735,0.011722910642835344,0.012115104180925441,0.00039077435455546423,0.3389339527144351,0.05768514702798201,0.3331420152267194,0.6931481805599428,"{""kernels.0.base_kernel.kernels.0"": [0.3334989607959271, 0.33283633656548334, 0.3330378068082669, 0.33322912274819855, 0.3331765837202063, 0.33284665107110295, 0.3331461402543197, 0.3329857138994999, 0.33347752420868826, 0.33339433001963775, 0.33272440823442273, 0.33308986654185035, 0.3333077025568459, 0.33296332354106684, 0.3330843694924064, 0.3328838283334862, 0.3331378901991191, 0.33351091680975903], ""kernels.0.base_kernel.kernels.1.base_kernel"": [0.6931481805599428, 0.6931481805599428, 0.6931481805599428], ""kernels.1.base_kernel.kernels.0"": [0.06745573125285592, 0.303238793317782, 0.3890196138231015, 0.12151973659659997, 0.29109053567920906, 0.5329897420244325, 0.26082687722432485, 0.3903034632959481, 0.28746503828065795, 0.19288668424035077, 0.37714923696715114, 0.2347645835355266, 0.5583180478060971, 0.4413209568854534, 0.2368829414043815, 0.6205361289521161, 0.18085194295668452, 0.05768514702798201], ""kernels.1.base_kernel.kernels.1"": [0.6931481805599428, 0.6931481805599428, 0.6931481805599428]}","{""kernels.0"": 0.00035689739826311623, ""kernels.0.base_kernel.kernels.1"": 0.003334661108542901, ""kernels.1"": 1.0131102996364993}",8,8,24,24,24,archive,1,25
347,126.27372917058725,96.44480661265321,0.4994,global,-3.713437707270103,-5.164889564249612,1.4514518569795092,0.6306176842739422,1.413148612460109,global,,,0.3904087260814337,0.011717505038848924,0.012108058073931031,0.00039085646973834184,0.33993607281732013,0.05769433421097261,0.333142534885007,0.6931481805599428,"{""kernels.0.base_kernel.kernels.0"": [0.33349920373677117, 0.33283665136867263, 0.3330373259087578, 0.33322907723116696, 0.3331770299489048, 0.33284543328873134, 0.3331464697330938, 0.3329855822145166, 0.3334782446860939, 0.333394288490989, 0.33272347163389954, 0.33308918033966733, 0.33330508855736585, 0.33296334198807365, 0.33308484298244045, 0.3328840602337976, 0.3331386000369202, 0.33351086654586026], ""kernels.0.base_kernel.kernels.1.base_kernel"": [0.6931481805599428, 0.6931481805599428, 0.6931481805599428], ""kernels.1.base_kernel.kernels.0"": [0.06742704224600746, 0.30421013318899287, 0.38949850315876616, 0.12153156781474757, 0.2936641950037107, 0.5333731994808671, 0.26057881235390046, 0.3902906929506995, 0.28669382345912325, 0.19262167519982284, 0.374018195535453, 0.23449366236321184, 0.5559030052130753, 0.44268764143762235, 0.23614069064305127, 0.6216894831459393, 0.18134874502357184, 0.05769433421097261], ""kernels.1.base_kernel.kernels.1"": [0.6931481805599428, 0.6931481805599428, 0.6931481805599428]}","{""kernels.0"": 0.00035691336377343167, ""kernels.0.base_kernel.kernels.1"": 0.003334658362344851, ""kernels.1"": 1.016116646725842}",8,8,24,24,24,archive,1,26
348,119.93369653186141,96.44480661265321,0.498,global,-3.632641255598081,-5.1050283244715216,1.4723870688734406,0.5958830045534497,1.3418019547170295,global,,,0.3021071921838171,0.011712843510301671,0.012103521193286837,0.00039115167824067603,0.3399360698674092,0.057694334264466525,0.333142534886378,0.6931481805599428,"{""kernels.0.base_kernel.kernels.0"": [0.33349920373735603, 0.3328366513703764, 0.33303732590736274, 0.33322907723104667, 0.33317702994941034, 0.33284543328698407, 0.3331464697340203, 0.33298558221434205, 0.33347824468792675, 0.3333942884909647, 0.3327234716324651, 0.3330891803379513, 0.33330508855272806, 0.3329633419885698, 0.3330848429840957, 0.3328840602356783, 0.33313860003873574, 0.33351086654611245], ""kernels.0.base_kernel.kernels.1.base_kernel"": [0.6931481805599428, 0.6931481805599428, 0.6931481805599428], ""kernels.1.base_kernel.kernels.0"": [0.06742704225864589, 0.30421013659347756, 0.3894985046605788, 0.12153156805806226, 0.2936642010682502, 0.5333732019067638, 0.2605788126844533, 0.3902906937587487, 0.2866938219497123, 0.19262167513564696, 0.37401818863917563, 0.23449366226074414, 0.555903000480696, 0.44268764479337225, 0.23614068932193436, 0.6216894867644396, 0.18134874684898325, 0.057694334264466525], ""kernels.1.base_kernel.kernels.1"": [0.6931481805599428, 0.6931481805599428, 0.6931481805599428]}","{""kernels.0"": 0.0003569133638114957, ""kernels.0.base_kernel.kernels.1"": 0.0033346583623378822, ""kernels.1"": 1.0161166378760782}",8,8,24,24,24,archive,1,27
349,139.3891786059547,96.44480661265321,0.5,global,-3.649528642615355,-4.965598853722835,1.3160702111074798,1.2805727575669459,1.4129357585363984,global,,,0.31676038236225895,0.01170788436422877,0.012098566271679292,0.00039133059675281205,0.33993606535454846,0.05769433433087279,0.3331425348879552,0.6931481805599428,"{""kernels.0.base_kernel.kernels.0"": [0.3334992037380494, 0.3328366513721264, 0.3330373259055268, 0.3332290772309239, 0.33317702995010884, 0.33284543328472854, 0.33314646973529427, 0.3329855822147456, 0.33347824468981124, 0.33339428849087716, 0.3327234716307718, 0.3330891803362046, 0.3333050885477161, 0.33296334198903943, 0.3330848429858385, 0.33288406023772826, 0.33313860004061613, 0.33351086654645434], ""kernels.0.base_kernel.kernels.1.base_kernel"": [0.6931481805599428, 0.6931481805599428, 0.6931481805599428], ""kernels.1.base_kernel.kernels.0"": [0.06742704229237009, 0.30421014017686165, 0.389498505831022, 0.12153156842868357, 0.2936642081942204, 0.5333732043520087, 0.26057881298978947, 0.39029069646485537, 0.28669382007331956, 0.1926216749238849, 0.3740181810111839, 0.23449366265131974, 0.5559029952311029, 0.4426876484491847, 0.236140687784561, 0.6216894906279102, 0.18134874882376437, 0.05769433433087279], ""kernels.1.base_kernel.kernels.1"": [0.6931481805599428, 0.6931481805599428, 0.6931481805599428]}","{""kernels.0"": 0.000356913363852506, ""kernels.0.base_kernel.kernels.1"": 0.0033346583623304013, ""kernels.1"": 1.0161166243374624}",8,8,24,24,24,archive,2,28
350,131.34389350742072,96.44480661265321,0.5016,global,-3.5550536759144826,-5.724597540774303,2.16954386485982,0.7018794502167284,1.3496556268722817,global,,,0.3496911952482982,0.011680380336562641,0.012074788793123535,0.0003905201509600802,0.33597204095362104,0.05774770511751341,0.3331438455451129,0.6931481805599428,"{""kernels.0.base_kernel.kernels.0"": [0.33349975668777626, 0.33283818302331847, 0.3330358824029506, 0.3332289538595361, 0.33317757265308146, 0.3328440085386893, 0.3331476282308128, 0.33298588607196133, 0.3334797961441617, 0.33339417946252153, 0.33272208764913724, 0.33308786149096065, 0.3333010385144672, 0.33296378961933926, 0.33308618968965636, 0.33288557448697775, 0.33314006285941306, 0.3335111481053727], ""kernels.0.base_kernel.kernels.1.base_kernel"": [0.6931481805599428, 0.6931481805599428, 0.6931481805599428], ""kernels.1.base_kernel.kernels.0"": [0.06745169002902363, 0.30714888031318066, 0.39060724309026584, 0.12190058609266119, 0.29924654430496755, 0.5362993297138076, 0.26086318335518643, 0.392345122269146, 0.2854575332502709, 0.1923575534178721, 0.36798426318220634, 0.23472717633401993, 0.5517842618308915, 0.4462787777208518, 0.23496263179594262, 0.6247252362179319, 0.18291019331802805, 0.05774770511751341], ""kernels.1.base_kernel.kernels.1"": [0.6931481805599428, 0.6931481805599428, 0.6931481805599428]}","{""kernels.0"": 0.00035694501083370585, ""kernels.0.base_kernel.kernels.1"": 0.003334652500016734, ""kernels.1"": 1.0042245253500126}",8,8,24,24,24,archive,3,29
351,127.23697690817603,96.44480661265321,0.4998,global,-3.7379428999647493,-5.103781315620203,1.3658384156554542,1.084607261466248,1.4127608424097997,global,,,0.3212911265352965,0.011675098167155907,0.012069626219841634,0.00039083128566287694,0.33597205781241907,0.05774770515673672,0.3331438455457884,0.6931481805599428,"{""kernels.0.base_kernel.kernels.0"": [0.33349975668866255, 0.33283818302249296, 0.3330358823995584, 0.3332289538588502, 0.3331775726526291, 0.33284400853433443, 0.33314762823126043, 0.3329858860702676, 0.33347979614547374, 0.33339417946189265, 0.3327220876464983, 0.33308786148836095, 0.33330103850789544, 0.33296378961783996, 0.3330861896906456, 0.33288557449038914, 0.3331400628603164, 0.3335111481060052], ""kernels.0.base_kernel.kernels.1.base_kernel"": [0.6931481805599428, 0.6931481805599428, 0.6931481805599428], ""kernels.1.base_kernel.kernels.0"": [0.0674516899032176, 0.3071488797636134, 0.39060724197031615, 0.12190058505976414, 0.2992465492344789, 0.53629933131131, 0.2608631802724123, 0.39234512206382655, 0.2854575286023554, 0.19235755085616943, 0.3679842532680312, 0.23472717526176368, 0.5517842556424998, 0.44627878041143637, 0.23496262844759902, 0.6247252485712393, 0.1829101937352867, 0.05774770515673672], ""kernels.1.base_kernel.kernels.1"": [0.6931481805599428, 0.6931481805599428, 0.6931481805599428]}","{""kernels.0"": 0.0003569450108874079, ""kernels.0.base_kernel.kernels.1"": 0.0033346525000091474, ""kernels.1"": 1.0042245759263606}",8,8,24,24,24,archive,1,30
352,135.13520571113247,96.44480661265321,0.5016,global,-3.6608380460112055,-5.189377567383534,1.5285395213723287,0.7799081610482359,1.377754124598133,global,,,0.3659000756297014,0.011669672445590994,0.012064256245735636,0.0003910810933957292,0.33597207495531917,0.057747705212482306,0.3331438455464149,0.6931481805599428,"{""kernels.0.base_kernel.kernels.0"": [0.33349975668963866, 0.3328381830213926, 0.3330358823965186, 0.33322895385806844, 0.3331775726520933, 0.33284400852952745, 0.33314762823161315, 0.3329858860683946, 0.33347979614690587, 0.3333941794611965, 0.3327220876434987, 0.3330878614854713, 0.33330103850053777, 0.332963789616158, 0.3330861896916375, 0.3328855744948719, 0.33314006286121667, 0.33351114810674026], ""kernels.0.base_kernel.kernels.1.base_kernel"": [0.6931481805599428, 0.6931481805599428, 0.6931481805599428], ""kernels.1.base_kernel.kernels.0"": [0.06745168979324039, 0.3071488793351995, 0.3906072415844173, 0.12190058400859516, 0.29924655455113724, 0.5362993328837292, 0.2608631769331605, 0.3923451219349266, 0.28545752358274434, 0.19235754814147626, 0.36798424225817145, 0.23472717399024967, 0.5517842488722882, 0.4462787836249367, 0.23496262465353118, 0.624725262814454, 0.18291019419084922, 0.057747705212482306], ""kernels.1.base_kernel.kernels.1"": [0.6931481805599428, 0.6931481805599428, 0.6931481805599428]}","{""kernels.0"": 0.0003569450109451515, ""kernels.0.base_kernel.kernels.1"": 0.0033346525000009686, ""kernels.1"": 1.0042246273550113}",8,8,24,24,24,archive,2,31
353,181.0629235829002,96.44480661265321,0.4978,global,-3.7596893966864746,-5.081438808696464,1.3217494120099893,1.1990827814546274,1.4119035323782265,global,,,0.31395538681178414,0.011663916285925448,0.012058608114422208,0.0003913974826148229,0.335972090117225,0.05774770526611399,0.3331438455471244,0.6931481805599428,"{""kernels.0.base_kernel.kernels.0"": [0.3334997566905616, 0.33283818302044127, 0.3330358823935869, 0.33322895385743034, 0.33317757265159476, 0.3328440085250718, 0.33314762823208344, 0.3329858860664746, 0.33347979614838547, 0.33339417946066596, 0.33272208764072236, 0.3330878614827231, 0.33330103849363785, 0.3329637896154708, 0.3330861896925754, 0.3328855744989433, 0.33314006286216535, 0.3335111481074326], ""kernels.0.base_kernel.kernels.1.base_kernel"": [0.6931481805599428, 0.6931481805599428, 0.6931481805599428], ""kernels.1.base_kernel.kernels.0"": [0.06745168968410517, 0.3071488786334465, 0.39060724103903516, 0.12190058296919358, 0.29924655936447786, 0.5362993347786412, 0.2608631742022365, 0.3923451214915433, 0.28545751967451705, 0.19235754596459323, 0.367984232017268, 0.23472717263478923, 0.5517842427047307, 0.44627878899424284, 0.23496262116807234, 0.6247252757325624, 0.1829101947752066, 0.05774770526611399], ""kernels.1.base_kernel.kernels.1"": [0.6931481805599428, 0.6931481805599428, 0.6931481805599428]}","{""kernels.0"": 0.0003569450109981638, ""kernels.0.base_kernel.kernels.1"": 0.0033346524999934317, ""kernels.1"": 1.0042246728406834}",8,8,24,24,24,archive,3,32
354,153.6194213166473,96.44480661265321,0.4992,global,-4.00945960136132,-5.355301160178332,1.3458415588170114,0.6454278336589389,1.3570933959377953,global,,,0.4460829304884645,0.011603630911222754,0.011984550399604433,0.0003874487261827553,0.3413677050732034,0.058771131463682874,0.33315880512919627,0.7408517239757385,"{""kernels.0.base_kernel.kernels.0"": [0.33351066011605596, 0.33283531794576254, 0.33301856734044444, 0.33322674458534307, 0.33316777005738646, 0.3328308794665698, 0.3331668144136398, 0.3329808860186361, 0.3334905806816617, 0.3333799541086602, 0.33275171791509356, 0.3330614333079266, 0.3332493626270422, 0.3329577094164433, 0.3331204530379626, 0.3329577890885346, 0.3331507958447527, 0.3335194506562785], ""kernels.0.base_kernel.kernels.1.base_kernel"": [0.6931481805599428, 0.6931481805599428, 0.6931481805599428], ""kernels.1.base_kernel.kernels.0"": [0.06744882862836998, 0.31111978026407416, 0.4273737645406256, 0.12146255143569797, 0.37313647836934466, 0.6165287160017295, 0.2661837774997503, 0.4268160651666472, 0.26155445198193206, 0.17335432348093166, 0.29711296539820053, 0.23807031037590787, 0.5320198645001818, 0.5077610307350775, 0.2300897449150483, 0.7408517239757385, 0.19869208037898334, 0.058771131463682874], ""kernels.1.base_kernel.kernels.1"": [0.6931481805599428, 0.6931481805599428, 0.6931481805599428]}","{""kernels.0"": 0.00035746423579013887, ""kernels.0.base_kernel.kernels.1"": 0.0033345544423316062, ""kernels.1"": 1.0204110965414885}",8,8,24,24,24,archive,3,33
355,125.29720620068491,96.44480661265321,0.4982,global,-3.458639887108636,-5.1819056472444744,1.7232657601358383,0.5091235970553266,1.413510121360294,global,,,0.30912202330471117,0.011576008592639582,0.01195457889977591,0.0003863059635552369,0.3410554841376721,0.05899039782585044,0.3331534965553026,0.7307310332126954,"{""kernels.0.base_kernel.kernels.0"": [0.33351349484286785, 0.33284172818177454, 0.33301174923964033, 0.3332271401605195, 0.3331598166922603, 0.3328223888236208, 0.33316677685171875, 0.3329738877592055, 0.33349426120819603, 0.3333815387995051, 0.33278636231523456, 0.333057470049079, 0.33324445841804057, 0.33294613628818415, 0.3331211797508366, 0.3329761820368743, 0.3331471764183448, 0.33352185537003853], ""kernels.0.base_kernel.kernels.1.base_kernel"": [0.6931481805599428, 0.6931481805599428, 0.6931481805599428], ""kernels.1.base_kernel.kernels.0"": [0.0673163216068873, 0.31700888498355256, 0.43484833745519264, 0.1210492733468778, 0.3725051563579589, 0.62717602266474, 0.26364426232889826, 0.4339889339585642, 0.2581199151537401, 0.1682805443319979, 0.3059571567578104, 0.2449810274831368, 0.539375723624209, 0.4981800792175176, 0.22384855797406655, 0.7307310332126954, 0.19595432646190222, 0.05899039782585044], ""kernels.1.base_kernel.kernels.1"": [0.6931481805599428, 0.6931481805599428, 0.6931481805599428]}","{""kernels.0"": 0.0003575680621767815, ""kernels.0.base_kernel.kernels.1"": 0.0033345326049728035, ""kernels.1"": 1.0194743517458669}",8,8,24,24,24,archive,5,34
356,141.9257542404718,96.44480661265321,0.5022,global,-3.808917447848117,-5.411873557382629,1.602956109534512,1.3033874320494985,1.4089422479016518,global,,,0.30646331920780034,0.011570366261146929,0.011948934861921659,0.00038650317596018334,0.34105548038484373,0.058990397904263595,0.3331534965542317,0.730731033963648,"{""kernels.0.base_kernel.kernels.0"": [0.33351349484396803, 0.33284172818073177, 0.3330117492376817, 0.3332271401608313, 0.33315981669062034, 0.3328223888219818, 0.33316677685270335, 0.3329738877566015, 0.33349426120994274, 0.3333815388012287, 0.3327863623205266, 0.3330574700468545, 0.3332444584171036, 0.3329461362852078, 0.333121179753083, 0.3329761820407838, 0.3331471764178431, 0.3335218553709079], ""kernels.0.base_kernel.kernels.1.base_kernel"": [0.6931481805599428, 0.6931481805599428, 0.6931481805599428], ""kernels.1.base_kernel.kernels.0"": [0.06731632156539635, 0.31700888414095735, 0.43484834105226394, 0.12104927331010726, 0.3725051572535273, 0.627176026627464, 0.2636442642459045, 0.43398893755994217, 0.2581199147115248, 0.16828054617681557, 0.30595715625713166, 0.24498102782286774, 0.5393757253394682, 0.4981800765845567, 0.22384855825667235, 0.730731033963648, 0.1959543265682787, 0.058990397904263595], ""kernels.1.base_kernel.kernels.1"": [0.6931481805599428, 0.6931481805599428, 0.6931481805599428]}","{""kernels.0"": 0.00035756806221203566, ""kernels.0.base_kernel.kernels.1"": 0.0033345326049659617, ""kernels.1"": 1.0194743404873532}",8,8,24,24,24,archive,3,35
357,107.90899244660338,96.44480661265321,0.4988,global,-3.515373910908914,-5.305029639292995,1.7896557283840808,1.095588341345338,1.4110502391859916,global,,,0.26591316970125284,0.011563900415772137,0.01194254651720704,0.00038681519519761446,0.3410554763503477,0.058990397982959235,0.3331534965531616,0.7307310346902007,"{""kernels.0.base_kernel.kernels.0"": [0.33351349484506476, 0.33284172817987134, 0.3330117492355909, 0.3332271401612153, 0.33315981668905265, 0.3328223888202962, 0.3331667768536989, 0.3329738877539345, 0.33349426121162096, 0.3333815388028739, 0.3327863623255866, 0.3330574700445631, 0.33324445841615025, 0.3329461362824128, 0.33312117975527333, 0.33297618204458157, 0.3331471764172706, 0.3335218553717904], ""kernels.0.base_kernel.kernels.1.base_kernel"": [0.6931481805599428, 0.6931481805599428, 0.6931481805599428], ""kernels.1.base_kernel.kernels.0"": [0.06731632153215017, 0.31700888361010654, 0.434848344759415, 0.12104927346892559, 0.37250515823721664, 0.6271760305832279, 0.263644266434617, 0.43398894081822315, 0.2581199142176718, 0.1682805480755184, 0.3059571556685943, 0.24498102799671262, 0.5393757270066464, 0.49818007471699544, 0.22384855850824334, 0.7307310346902007, 0.19595432653318337, 0.058990397982959235], ""kernels.1.base_kernel.kernels.1"": [0.6931481805599428, 0.6931481805599428, 0.6931481805599428]}","{""kernels.0"": 0.00035756806224649914, ""kernels.0.base_kernel.kernels.1"": 0.0033345326049593147, ""kernels.1"": 1.0194743283838374}",8,8,24,24,24,archive,2,36
358,112.27081804014992,96.44480661265321,0.4972,global,-3.5987056177697094,-5.248332958112009,1.6496273403422994,0.5499582063012659,1.3028735538120126,global,,,0.190694878298147,0.01155259397872373,0.011934105365516432,0.00038654341927685595,0.33917080097468255,0.059017592693084334,0.3331531895588352,0.7309991526017637,"{""kernels.0.base_kernel.kernels.0"": [0.333513865237938, 0.33284147104287376, 0.3330109415775148, 0.3332272632513274, 0.3331593688956887, 0.3328221951494308, 0.3331670983965954, 0.3329733516926166, 0.33349473633392107, 0.3333821015940216, 0.3327881175686948, 0.3330568091394777, 0.33324411837858553, 0.33294528878764823, 0.3331220536982444, 0.33297754995370554, 0.3331470102219817, 0.3335221293407144], ""kernels.0.base_kernel.kernels.1.base_kernel"": [0.6931481805599428, 0.6931481805599428, 0.6931481805599428], ""kernels.1.base_kernel.kernels.0"": [0.06731268693631776, 0.3169234264083973, 0.43618681766773776, 0.1210273133712681, 0.3730594343428131, 0.629316984280222, 0.2645388597653483, 0.4353987094848226, 0.25788489179395957, 0.16903622354874348, 0.30595133991847273, 0.24517611199043027, 0.5398976582813036, 0.49783408430735077, 0.2242235268552669, 0.7309991526017637, 0.1959304351780001, 0.059017592693084334], ""kernels.1.base_kernel.kernels.1"": [0.6931481805599428, 0.6931481805599428, 0.6931481805599428]}","{""kernels.0"": 0.00035757874685995116, ""kernels.0.base_kernel.kernels.1"": 0.003334530394643138, ""kernels.1"": 1.0138202937825445}",8,8,24,24,24,archive,3,37
359,154.49978765545308,96.44480661265321,0.5,global,-3.6491081338866564,-5.4635653530704715,1.814457219183815,0.7731004676782322,1.3877386370495244,global,,,0.30202925020100263,0.011543227397065267,0.01192416404224064,0.0003862589799355676,0.3391709326697092,0.0590175954767621,0.33315318950395867,0.7309991984131534,"{""kernels.0.base_kernel.kernels.0"": [0.3335138652920704, 0.3328414709697181, 0.3330109414535594, 0.3332272632619426, 0.3331593688204387, 0.3328221950892513, 0.333167098403813, 0.332973351596822, 0.33349473639338245, 0.3333821016575651, 0.3327881177559702, 0.3330568090609226, 0.3332441182920597, 0.33294528864381734, 0.33312205379061816, 0.3329775501173605, 0.3331470101874786, 0.3335221293784573], ""kernels.0.base_kernel.kernels.1.base_kernel"": [0.6931481805599428, 0.6931481805599428, 0.6931481805599428], ""kernels.1.base_kernel.kernels.0"": [0.06731268310183475, 0.3169233606675539, 0.4361869673571485, 0.12102728793488664, 0.3730594704955161, 0.6293172466268263, 0.26453888928141245, 0.4353988605832741, 0.2578848163484948, 0.16903628510381408, 0.305951287019252, 0.24517618840731306, 0.5398976857422011, 0.497834031992251, 0.2242235383916877, 0.7309991984131534, 0.195930408590954, 0.0590175954767621], ""kernels.1.base_kernel.kernels.1"": [0.6931481805599428, 0.6931481805599428, 0.6931481805599428]}","{""kernels.0"": 0.0003575787485153211, ""kernels.0.base_kernel.kernels.1"": 0.0033345303943510553, ""kernels.1"": 1.0138206888662613}",8,8,24,24,24,archive,1,38
360,119.56291288174006,96.44480661265321,0.4978,global,-3.5557306353297586,-4.946202436282308,1.390471800952549,0.6156450410379541,1.3254569679130408,global,,,0.33502390508437907,0.011544079069992549,0.011923767042596557,0.000387023605193234,0.3412896426513203,0.05905705902175522,0.3331526831034353,0.7316942512075615,"{""kernels.0.base_kernel.kernels.0"": [0.3335145698138562, 0.33284051949845556, 0.3330094740977955, 0.3332273702533422, 0.33315875329330735, 0.33282074652967114, 0.3331670843336997, 0.3329722388019618, 0.33349569922808336, 0.3333826798356754, 0.33279044717733886, 0.3330557605714882, 0.3332431701911614, 0.3329428443280467, 0.33312324529271564, 0.33297953735614083, 0.3331466129135633, 0.33352258689723396], ""kernels.0.base_kernel.kernels.1.base_kernel"": [0.6931481805599428, 0.6931481805599428, 0.6931481805599428], ""kernels.1.base_kernel.kernels.0"": [0.06726437860806064, 0.316155041741563, 0.43798032422250865, 0.12065651493840875, 0.37378446664049403, 0.6321962175279833, 0.2648344962387153, 0.43734831124277135, 0.2571197316622179, 0.16937480544222833, 0.3051331807369478, 0.24599037335971435, 0.5404828781005095, 0.4965412361716763, 0.22433040139883956, 0.7316942512075615, 0.19557634535234117, 0.05905705902175522], ""kernels.1.base_kernel.kernels.1"": [0.6931481805599428, 0.6931481805599428, 0.6931481805599428]}","{""kernels.0"": 0.00035760037807196763, ""kernels.0.base_kernel.kernels.1"": 0.0033345267647951135, ""kernels.1"": 1.0201768008110936}",8,8,24,24,24,archive,3,39
361,123.35904229685622,96.44480661265321,0.5006,global,-3.6649112974618774,-5.490146753849515,1.8252354563876372,1.05975907824187,1.4097622873829598,global,,,0.3165229971977627,0.011539418602870352,0.011919120526199043,0.0003872038650430657,0.34128963556191166,0.05905705912431446,0.3331526831028185,0.7316942539402478,"{""kernels.0.base_kernel.kernels.0"": [0.3335145698151908, 0.33284051949862126, 0.3330094740954256, 0.3332273702538257, 0.3331587532923628, 0.33282074652781085, 0.33316708433419157, 0.33297223880049476, 0.33349569923053396, 0.33338267983683845, 0.3327904471824627, 0.33305576056980146, 0.33324317019032845, 0.33294284432423094, 0.33312324529519516, 0.33297953736115365, 0.3331466129132742, 0.33352258689808634], ""kernels.0.base_kernel.kernels.1.base_kernel"": [0.6931481805599428, 0.6931481805599428, 0.6931481805599428], ""kernels.1.base_kernel.kernels.0"": [0.06726437860704194, 0.31615504370363373, 0.43798032857046654, 0.12065651505336462, 0.37378446850732655, 0.6321962240541408, 0.2648344992879766, 0.43734831560815085, 0.25711973166300495, 0.16937480656175014, 0.3051331805362661, 0.24599037540736038, 0.5404828802211219, 0.49654123479080453, 0.22433040223637968, 0.7316942539402478, 0.1955763454798677, 0.05905705912431446], ""kernels.1.base_kernel.kernels.1"": [0.6931481805599428, 0.6931481805599428, 0.6931481805599428]}","{""kernels.0"": 0.0003576003781068404, ""kernels.0.base_kernel.kernels.1"": 0.0033345267647880822, ""kernels.1"": 1.02017677954284}",8,8,24,24,24,archive,4,40
362,245.9271464889031,96.44480661265321,0.5032,local,-3.8780855001517365,-15.090401298984116,11.212315798832378,0.17316399677579186,1.2046102138661219,archive,309,46,0.24810242861803974,0.011534337229685302,0.011914064114050759,0.000387411096162712,0.3412896274562138,0.05905705922701936,0.3331526831022994,0.7316942569180503,"{""kernels.0.base_kernel.kernels.0"": [0.3335145698165269, 0.33284051949873494, 0.333009474092889, 0.3332273702544854, 0.33315875329148953, 0.3328207465260407, 0.3331670843346268, 0.33297223879889587, 0.33349569923303535, 0.3333826798379978, 0.33279044718740086, 0.3330557605680696, 0.33324317018943317, 0.3329428443212028, 0.33312324529764664, 0.3329795373660813, 0.3331466129131092, 0.33352258689893904], ""kernels.0.base_kernel.kernels.1.base_kernel"": [0.6931481805599428, 0.6931481805599428, 0.6931481805599428], ""kernels.1.base_kernel.kernels.0"": [0.06726437860382493, 0.31615504553344326, 0.4379803327181562, 0.12065651559074357, 0.3737844704417913, 0.6321962306834445, 0.2648345021433557, 0.4373483198549482, 0.2571197321715165, 0.16937480757820556, 0.3051331801375161, 0.24599037732169576, 0.5404828829384118, 0.49654123467863254, 0.22433040331888207, 0.7316942569180503, 0.19557634598797533, 0.05905705922701936], ""kernels.1.base_kernel.kernels.1"": [0.6931481805599428, 0.6931481805599428, 0.6931481805599428]}","{""kernels.0"": 0.0003576003781410758, ""kernels.0.base_kernel.kernels.1"": 0.0033345267647811104, ""kernels.1"": 1.020176755225719}",8,8,24,24,24,archive,3,41
363,141.2912720104337,96.44480661265321,0.5022,global,-3.777425314230336,-5.218737606820918,1.441312292590582,0.5463702166048672,1.2893623527990876,global,,,0.3228701305646302,0.011743896007706981,0.012136429223247477,0.00040263265383131574,0.34028995213611096,0.059601624622714094,0.33313929812470655,0.7526727853324804,"{""kernels.0.base_kernel.kernels.0"": [0.33352234214936544, 0.3328500883544587, 0.3329879511007061, 0.33325139513483143, 0.33315433078242235, 0.33280534430164044, 0.33319156088831825, 0.33271552017577855, 0.33353786070423785, 0.3333915492512012, 0.3328277369950455, 0.33304770867539246, 0.3332039014453967, 0.33293588197024426, 0.3331332804397896, 0.33301914183687514, 0.33314531580962353, 0.33353395092392724], ""kernels.0.base_kernel.kernels.1.base_kernel"": [0.6931481805599428, 0.6931481805599428, 0.6931481805599428], ""kernels.1.base_kernel.kernels.0"": [0.06739116081263907, 0.3221751934992381, 0.45871306726574523, 0.11543526669140092, 0.37983354517011714, 0.6625570543128257, 0.2776289670434589, 0.250179293978732, 0.28768418556914166, 0.18530076914321764, 0.30150633817563804, 0.2625695698883628, 0.5451720145435848, 0.4584428327327561, 0.2330312558578582, 0.7526727853324804, 0.19660250626510925, 0.059601624622714094], ""kernels.1.base_kernel.kernels.1"": [0.6931481805599428, 0.6931481805599428, 0.6931481805599428]}","{""kernels.0"": 0.0003579514344801641, ""kernels.0.base_kernel.kernels.1"": 0.003334487959730316, ""kernels.1"": 1.0171774170141226}",8,8,24,24,24,archive,2,42
364,118.80551599738342,96.44480661265321,0.4994,global,-3.4445143378233896,-4.990337411709708,1.5458230738863188,0.5293920833942107,1.4069352049064245,global,,,0.24720024782721328,0.011709178877208643,0.012098247178750177,0.0004008379783210811,0.34146481982775373,0.059666781556152244,0.3331388206643397,0.7501274618337439,"{""kernels.0.base_kernel.kernels.0"": [0.33352279501819676, 0.33285254090382504, 0.3329896817847901, 0.33325276749375476, 0.33315315689289476, 0.332799963691228, 0.333188480382927, 0.33272386399633413, 0.33353580673107536, 0.3333922196059249, 0.33282967567179134, 0.33304618199488834, 0.33320072239521187, 0.33293633269721085, 0.3331329888855457, 0.3330194397975221, 0.3331446524431337, 0.3335342047666458], ""kernels.0.base_kernel.kernels.1.base_kernel"": [0.6931481805599428, 0.6931481805599428, 0.6931481805599428], ""kernels.1.base_kernel.kernels.0"": [0.06729560192521825, 0.32644594299175383, 0.4631381896774616, 0.11658415818079725, 0.379521642896336, 0.6616008694386095, 0.2728955177760007, 0.2490142288481298, 0.28607721549189224, 0.18689670309785303, 0.30254177216741496, 0.2602459952837376, 0.5408143579200193, 0.4600603998919493, 0.23194774367345905, 0.7501274618337439, 0.19463312916201117, 0.059666781556152244], ""kernels.1.base_kernel.kernels.1"": [0.6931481805599428, 0.6931481805599428, 0.6931481805599428]}","{""kernels.0"": 0.00035797092037342145, ""kernels.0.base_kernel.kernels.1"": 0.0033344847918197478, ""kernels.1"": 1.0207020037710681}",8,8,24,24,24,archive,3,43
365,122.24701259474021,96.44480661265321,0.4996,global,-3.2277301212134963,-4.848004344053299,1.6202742228398028,0.43847375661071636,1.2423337903497564,global,,,0.2693180830616732,0.011168099446667126,0.011601222239963726,0.0003689861981062269,0.34695732220570624,0.06094099867215411,0.3333351113777483,0.7487104294359324,"{""kernels.0.base_kernel.kernels.0"": [0.3335178052285648, 0.3326624721891689, 0.33292925124264344, 0.33332310597010156, 0.3330788796429989, 0.33276489379838625, 0.3331970708754955, 0.333347116785395, 0.3335708965689149, 0.33319105956774364, 0.33277873701795146, 0.3330311498714495, 0.3334748058482327, 0.3328433076546722, 0.3333125297323349, 0.3332141475997536, 0.33319799323170396, 0.33353287485289007], ""kernels.0.base_kernel.kernels.1.base_kernel"": [0.6931481805599428, 0.6931481805599428, 0.6931481805599428], ""kernels.1.base_kernel.kernels.0"": [0.06094099867215411, 0.4361323305477235, 0.611788775115617, 0.12532122627785833, 0.41649487745596725, 0.6449559131832918, 0.24451317844320902, 0.20046287748267264, 0.16275498669603505, 0.49408720148550755, 0.4142332262827627, 0.3378630866348396, 0.5717459573538713, 0.3991181120474152, 0.1778378008270537, 0.7487104294359324, 0.20235861128476929, 0.07013074193865229], ""kernels.1.base_kernel.kernels.1"": [0.6931481805599428, 0.6931481805599428, 0.6931481805599428]}","{""kernels.0"": 0.000359990869554065, ""kernels.0.base_kernel.kernels.1"": 0.0033340602727212603, ""kernels.1"": 1.0371779154748433}",8,8,24,24,24,archive,2,44
366,104.88219348444798,96.44480661265321,0.499,local,-3.3125385002725243,-9.792993283689533,6.480454783417009,0.06673214098914619,0.3045473059986321,archive,438,21,0.08556932125443144,0.01116330363603954,0.011596448461801249,0.00036917495304592365,0.34695731891396026,0.06094099868717048,0.3333351113704098,0.7487104274396023,"{""kernels.0.base_kernel.kernels.0"": [0.33351780523042723, 0.33266247218020106, 0.33292925124324985, 0.3333231059718063, 0.33307887964116967, 0.33276489380258933, 0.33319707087578737, 0.33334711676901324, 0.33357089657623606, 0.3331910595656318, 0.33277873700799143, 0.33303114986597343, 0.3334748058389482, 0.33284330765872655, 0.3333125297319172, 0.3332141475900021, 0.3331979932285867, 0.3335328748530785], ""kernels.0.base_kernel.kernels.1.base_kernel"": [0.6931481805599428, 0.6931481805599428, 0.6931481805599428], ""kernels.1.base_kernel.kernels.0"": [0.06094099868717048, 0.43613232863303225, 0.611788772266728, 0.12532122578092703, 0.4164948761226483, 0.6449559190251298, 0.24451318030696825, 0.20046287531354665, 0.16275498744051237, 0.49408720531082123, 0.41423322583208316, 0.3378630869098867, 0.571745954598799, 0.3991181119873255, 0.17783780023647175, 0.7487104274396023, 0.20235860999078456, 0.07013074186399021], ""kernels.1.base_kernel.kernels.1"": [0.6931481805599428, 0.6931481805599428, 0.6931481805599428]}","{""kernels.0"": 0.00035999086960620587, ""kernels.0.base_kernel.kernels.1"": 0.0033340602727155015, ""kernels.1"": 1.037177905599559}",8,8,24,24,24,archive,1,45
367,186.53376588244393,96.44480661265321,0.498,global,-3.4089698251963836,-4.947514660264158,1.5385448350677744,0.5171961855480474,1.1841670942444094,global,,,0.37002463519225126,0.011177554122546287,0.011616673747578849,0.0003706679853774106,0.3431020111344214,0.06098588894056144,0.33332561875208766,0.7461540897180605,"{""kernels.0.base_kernel.kernels.0"": [0.33352254753240895, 0.3326433604058253, 0.33293281933502394, 0.33332667525985177, 0.33306814484580444, 0.33275225034432965, 0.3331965145206738, 0.33332456224432355, 0.33358415370072236, 0.3331859962029151, 0.33276670591019275, 0.33301581657321466, 0.3334528192073509, 0.3328480969298604, 0.3333121111144271, 0.33319817498167337, 0.3331915180733168, 0.33353344149784914], ""kernels.0.base_kernel.kernels.1.base_kernel"": [0.6931481805599428, 0.6931481805599428, 0.6931481805599428], ""kernels.1.base_kernel.kernels.0"": [0.06098588894056144, 0.42907124246839967, 0.6050546804544771, 0.12449913276034383, 0.41068422934093785, 0.6474929162362361, 0.247789309267083, 0.2012596612263316, 0.1649327821164477, 0.4987063767200376, 0.41493050838658435, 0.3338290101767534, 0.5649787874152051, 0.39852716217687695, 0.1768045253907746, 0.7461540897180605, 0.19915445864969114, 0.06993474689919187], ""kernels.1.base_kernel.kernels.1"": [0.6931481805599428, 0.6931481805599428, 0.6931481805599428]}","{""kernels.0"": 0.00036009805021881857, ""kernels.0.base_kernel.kernels.1"": 0.003334051107436819, ""kernels.1"": 1.0256118842456086}",8,8,24,24,24,archive,3,46
368,134.1161358877567,96.44480661265321,0.5,global,-3.4444270719742316,-5.000569542138186,1.5561424701639548,0.5349550697192983,1.355774214686874,global,,,0.21623845419972815,0.011185714050686439,0.011620470945277121,0.00037168988750564474,0.3463992836937349,0.06098202230297009,0.3333166869581866,0.7452516773457386,"{""kernels.0.base_kernel.kernels.0"": [0.33352323852489457, 0.33263984176331185, 0.33293252693482445, 0.33332715655605416, 0.33306657090324904, 0.3327497997049671, 0.3331960676771312, 0.333321279727798, 0.3335859250869473, 0.3331844017075495, 0.33276467694222717, 0.33301354343804235, 0.3334497066231368, 0.3328486502998266, 0.3333120941885752, 0.33319513863145767, 0.33319062304016056, 0.33353359816936956], ""kernels.0.base_kernel.kernels.1.base_kernel"": [0.6931481805599428, 0.6931481805599428, 0.6931481805599428], ""kernels.1.base_kernel.kernels.0"": [0.06098202230297009, 0.42750284318130655, 0.6038750236459641, 0.12424244467984732, 0.40973598981477993, 0.6472510252219562, 0.24720849554372573, 0.20094521326478593, 0.16467497172568235, 0.49830703005066646, 0.41462654576035957, 0.3329554412241427, 0.5637920111152094, 0.398189879006546, 0.17642442489648405, 0.7452516773457386, 0.19855069721715726, 0.06987183769815436], ""kernels.1.base_kernel.kernels.1"": [0.6931481805599428, 0.6931481805599428, 0.6931481805599428]}","{""kernels.0"": 0.0003601183359081251, ""kernels.0.base_kernel.kernels.1"": 0.0033340496971730393, ""kernels.1"": 1.0355036830481237}",8,8,24,24,24,archive,2,47
369,162.8294875954265,96.44480661265321,0.5026,global,-3.1936960905006266,-6.791600727095304,3.597904636594677,1.2211629545215297,1.4123571712707539,global,,,0.2101015994473214,0.01118715698004126,0.01162459014940932,0.0003725819153821018,0.3435726790726999,0.06104694939473605,0.33330723077985003,0.7406448713639305,"{""kernels.0.base_kernel.kernels.0"": [0.33352746911924025, 0.3326203010447521, 0.33293203410839994, 0.3333305313424889, 0.3330590898741767, 0.33273904052255665, 0.33319392366387013, 0.3333013957599933, 0.3335979410178249, 0.3331746112041719, 0.3327527935415163, 0.3329994355469263, 0.33342854618154294, 0.3328548637900693, 0.3333130657997067, 0.3331774845708209, 0.3331850467479245, 0.33353433712576636], ""kernels.0.base_kernel.kernels.1.base_kernel"": [0.6931481805599428, 0.6931481805599428, 0.6931481805599428], ""kernels.1.base_kernel.kernels.0"": [0.06104694939473605, 0.421456840243972, 0.5973994342691926, 0.12367749694347949, 0.4062237112446164, 0.6490215306957562, 0.2481614530248386, 0.20300138489943212, 0.16768634816499883, 0.49744486340753574, 0.4144271645582064, 0.3281958180034224, 0.5536042879095731, 0.3978371466813767, 0.1758156443790818, 0.7406448713639305, 0.1950287667535735, 0.0696322228085681], ""kernels.1.base_kernel.kernels.1"": [0.6931481805599428, 0.6931481805599428, 0.6931481805599428]}","{""kernels.0"": 0.00036023761874850926, ""kernels.0.base_kernel.kernels.1"": 0.0033340400916563647, ""kernels.1"": 1.0270237595076948}",8,8,24,24,24,archive,3,48
370,102.98251439536071,96.44480661265321,0.4994,local,-3.532368541999837,-13.1353641948404,9.602995652840564,0.10128994952449602,0.779163133972814,archive,378,37,0.07139632930237906,0.011228594333224557,0.011658804633059558,0.000375553023047425,0.3501882355216082,0.06104330160451985,0.3333055240668022,0.7395797867175884,"{""kernels.0.base_kernel.kernels.0"": [0.3335282272765446, 0.3326145736956374, 0.33292917118965726, 0.33333134677375154, 0.3330575160869237, 0.33273577539677834, 0.33319381823566613, 0.33329770849867163, 0.3336001746361179, 0.33316725417397036, 0.33275035230660005, 0.3329966752163342, 0.33342563524353125, 0.33285640074210965, 0.33331333963493276, 0.333173844015377, 0.3331843000250793, 0.3335346462770392], ""kernels.0.base_kernel.kernels.1.base_kernel"": [0.6931481805599428, 0.6931481805599428, 0.6931481805599428], ""kernels.1.base_kernel.kernels.0"": [0.06104330160451985, 0.417762796988279, 0.5911655419467365, 0.12375110039598883, 0.4056505586729511, 0.6473076170179417, 0.247276962691758, 0.20248424737091256, 0.167673524529708, 0.4889936625840363, 0.41330353468498415, 0.32685421388346175, 0.5521393177483188, 0.397593466892018, 0.17541701701786924, 0.7395797867175884, 0.19436873780909886, 0.06955153599609763], ""kernels.1.base_kernel.kernels.1"": [0.6931481805599428, 0.6931481805599428, 0.6931481805599428]}","{""kernels.0"": 0.0003602725698065803, ""kernels.0.base_kernel.kernels.1"": 0.0033340381807761906, ""kernels.1"": 1.046870395814242}",8,8,24,24,24,archive,3,49
371,140.60755679822705,96.44480661265321,0.5008,global,-2.761327297097286,-5.0946997060749935,2.3333724089777075,0.5275462473431375,1.2664322881614072,global,,,0.23056891367063173,0.011178232749463099,0.011614885033934005,0.00037289308604619275,0.3427953820617225,0.06107054428130069,0.3333028260420834,0.7372048218998623,"{""kernels.0.base_kernel.kernels.0"": [0.3335296482088712, 0.3326065723534467, 0.3329239951390626, 0.3333330967058489, 0.3330555946432451, 0.33273077342009116, 0.3331943216504494, 0.33329154778164627, 0.3336059816700671, 0.3331556872136487, 0.33274534073196255, 0.3329913670635382, 0.3334211418348553, 0.3328600048613779, 0.33331410430252045, 0.3331632448862303, 0.3331834084850197, 0.33353504702197406], ""kernels.0.base_kernel.kernels.1.base_kernel"": [0.6931481805599428, 0.6931481805599428, 0.6931481805599428], ""kernels.1.base_kernel.kernels.0"": [0.06107054428130069, 0.4137425331466555, 0.5802933237213127, 0.1252041790491044, 0.40617843976643286, 0.6463454818286231, 0.24803582264620472, 0.20476841889164998, 0.17125541876689, 0.4751813432337211, 0.41181533118155333, 0.3248877628488808, 0.5514294894097533, 0.3984888910810119, 0.17591035330097074, 0.7372048218998623, 0.19430949197628702, 0.06952238943649933], ""kernels.1.base_kernel.kernels.1"": [0.6931481805599428, 0.6931481805599428, 0.6931481805599428]}","{""kernels.0"": 0.00036032887883016346, ""kernels.0.base_kernel.kernels.1"": 0.0033340344829007303, ""kernels.1"": 1.0246917828234368}",8,8,24,24,24,archive,1,50
372,117.88918570347732,96.44480661265321,0.5034,global,-3.408187200996389,-5.114943707420252,1.7067565064238632,0.5425397831891294,1.305602473831769,global,,,0.19587970991939077,0.011412377061433849,0.011798590432231333,0.0003854984786578067,0.3471306717105429,0.06365297462074664,0.33317191053975226,0.7401982612419356,"{""kernels.0.base_kernel.kernels.0"": [0.3335339827412778, 0.3326740148819577, 0.3329488166970506, 0.3333066119057874, 0.3330688462089693, 0.332645603248428, 0.3331925586652344, 0.333071592013331, 0.3336212339721499, 0.33317751443362276, 0.33277759008038993, 0.3329556889587803, 0.33328977401907045, 0.3329618118386753, 0.3332343167093026, 0.3330398112569404, 0.3331663066458817, 0.3335370295978315], ""kernels.0.base_kernel.kernels.1.base_kernel"": [0.6931481805599428, 0.6931481805599428, 0.6931481805599428], ""kernels.1.base_kernel.kernels.0"": [0.06365297462074664, 0.36939201711002734, 0.48753846800108125, 0.1254851794086968, 0.37605255197223486, 0.6025173102149959, 0.24838791118058723, 0.22952416510269838, 0.2595706046605235, 0.23545836684257498, 0.32627326719617084, 0.2512322268925132, 0.5226846499663744, 0.46052891332418866, 0.225666332036742, 0.7401982612419356, 0.18561738952215653, 0.06643617248155786], ""kernels.1.base_kernel.kernels.1"": [0.6931481805599428, 0.6931481805599428, 0.6931481805599428]}","{""kernels.0"": 0.0003621134033422251, ""kernels.0.base_kernel.kernels.1"": 0.003333872105372319, ""kernels.1"": 1.037696029622914}",8,8,24,24,24,archive,1,51
373,97.52892159327645,96.44480661265321,0.5,local,-3.8655797310485522,-23.147522797418738,19.281943066370186,0.042554368664041185,0.23252897524989335,archive,304,63,0.0425394708238032,0.011407397430407872,0.011793555460408122,0.00038561758343341095,0.3471306709184383,0.06365297469449167,0.333171910544789,0.7401982600416208,"{""kernels.0.base_kernel.kernels.0"": [0.3335339827403826, 0.3326740148879637, 0.33294881669807447, 0.3333066119041243, 0.33306884621120303, 0.3326456032525589, 0.3331925586658476, 0.33307159201366937, 0.33362123396736476, 0.3331775144435563, 0.3327775900886183, 0.33295568896262895, 0.33328977401959275, 0.3329618118372232, 0.33323431670548054, 0.3330398112607442, 0.33316630664602165, 0.33353702959763704], ""kernels.0.base_kernel.kernels.1.base_kernel"": [0.6931481805599428, 0.6931481805599428, 0.6931481805599428], ""kernels.1.base_kernel.kernels.0"": [0.06365297469449167, 0.3693920157101024, 0.48753846825187086, 0.12548517920147817, 0.37605255294214673, 0.6025173128466573, 0.24838791255514256, 0.2295241669039816, 0.25957060428857814, 0.23545836748762777, 0.32627326993913053, 0.2512322270896489, 0.5226846502704146, 0.4605289141260318, 0.22566633179410256, 0.7401982600416208, 0.18561738957893323, 0.06643617240252428], ""kernels.1.base_kernel.kernels.1"": [0.6931481805599428, 0.6931481805599428, 0.6931481805599428]}","{""kernels.0"": 0.0003621134033733598, ""kernels.0.base_kernel.kernels.1"": 0.003333872105365836, ""kernels.1"": 1.0376960272465756}",8,8,24,24,24,archive,3,52
374,140.54862238394682,96.44480661265321,0.5034,global,-3.7775520693398845,-6.762894859447839,2.985342790107955,0.6214077098201434,1.315005694513518,global,,,0.2868052481049716,0.01133986303760535,0.011723485078571358,0.0003810738266268475,0.34542016119916763,0.06371674544851122,0.333174523594268,0.7396829432887462,"{""kernels.0.base_kernel.kernels.0"": [0.3335335711147449, 0.33267714175540686, 0.3329485015180251, 0.3333056654704864, 0.3330702665393626, 0.3326484294076755, 0.3331931638966053, 0.33307240319794945, 0.33361871209126454, 0.3331828285057318, 0.33278236818379203, 0.3329579399297904, 0.33328964625876917, 0.3329608787870256, 0.3332321310300133, 0.3330419148911376, 0.33316621868280427, 0.3335369518359962], ""kernels.0.base_kernel.kernels.1.base_kernel"": [0.6931481805599428, 0.6931481805599428, 0.6931481805599428], ""kernels.1.base_kernel.kernels.0"": [0.06371674544851122, 0.3684559833905028, 0.48823926833377296, 0.12549572334086653, 0.3767278536201943, 0.6043251606106821, 0.24955184148132906, 0.231693354171231, 0.25951209982655166, 0.2357177682505625, 0.3286881737249745, 0.2515315820412639, 0.5227355403692524, 0.46097027498305243, 0.22530236409520113, 0.7396829432887462, 0.1855078266666506, 0.06638780635868763], ""kernels.1.base_kernel.kernels.1"": [0.6931481805599428, 0.6931481805599428, 0.6931481805599428]}","{""kernels.0"": 0.0003621300785218903, ""kernels.0.base_kernel.kernels.1"": 0.003333868577655719, ""kernels.1"": 1.0325644849413254}",8,8,24,24,24,archive,2,53
375,130.83880512505976,96.44480661265321,0.495,global,-3.75575090069292,-5.570049539106854,1.8142986384139341,1.2434228813529897,1.4132614982404603,global,,,0.28222224448278693,0.011333985375763897,0.011717705859090068,0.00038138522178783266,0.34542016848158924,0.06371674551504071,0.3331745235985204,0.7396829415167395,"{""kernels.0.base_kernel.kernels.0"": [0.3335335711142941, 0.3326771417595327, 0.3329485015166551, 0.33330566546877116, 0.33307026654115357, 0.33264842941019757, 0.33319316389675235, 0.3330724031983574, 0.33361871208733485, 0.33318282851469355, 0.33278236819035734, 0.3329579399333329, 0.333289646257878, 0.3329608787845992, 0.33323213102607124, 0.3330419148929981, 0.33316621868234725, 0.33353695183618404], ""kernels.0.base_kernel.kernels.1.base_kernel"": [0.6931481805599428, 0.6931481805599428, 0.6931481805599428], ""kernels.1.base_kernel.kernels.0"": [0.06371674551504071, 0.36845598063963303, 0.488239268477259, 0.1254957226562576, 0.37672785384051094, 0.6043251621711362, 0.24955184164887853, 0.2316933563753287, 0.25951209875798165, 0.23571776792578608, 0.3286881760993597, 0.25153158210699567, 0.5227355396416041, 0.4609702752418072, 0.22530236277209595, 0.7396829415167395, 0.1855078258580591, 0.06638780623605853], ""kernels.1.base_kernel.kernels.1"": [0.6931481805599428, 0.6931481805599428, 0.6931481805599428]}","{""kernels.0"": 0.00036213007856181645, ""kernels.0.base_kernel.kernels.1"": 0.0033338685776494754, ""kernels.1"": 1.0325645067885565}",8,8,24,24,24,archive,2,54
376,153.33466786904768,96.44480661265321,0.4976,global,-3.9426698805499583,-4.874967454067301,0.9322975735173427,0.6332485739368506,1.38812624451529,global,,,0.28964663806890445,0.011328411527897063,0.011712176365560439,0.00038162948607774167,0.3454201750466252,0.06371674557732572,0.33317452360282507,0.7396829406595263,"{""kernels.0.base_kernel.kernels.0"": [0.33353357111385085, 0.332677141763802, 0.3329485015153108, 0.33330566546704915, 0.33307026654299465, 0.3326484294127127, 0.33319316389712733, 0.33307240319873915, 0.3336187120836176, 0.33318282852376463, 0.33278236819689927, 0.3329579399368478, 0.3332896462571127, 0.3329608787821811, 0.33323213102206845, 0.3330419148950401, 0.33316621868188545, 0.33353695183639614], ""kernels.0.base_kernel.kernels.1.base_kernel"": [0.6931481805599428, 0.6931481805599428, 0.6931481805599428], ""kernels.1.base_kernel.kernels.0"": [0.06371674557732572, 0.36845597864993485, 0.4882392688590556, 0.12549572195617104, 0.3767278541390501, 0.6043251637180984, 0.2495518422410003, 0.2316933585565165, 0.2595120983726673, 0.2357177677873443, 0.328688178369843, 0.2515315820620656, 0.5227355392427837, 0.46097027573948723, 0.22530236145172297, 0.7396829406595263, 0.18550782520322195, 0.06638780611531878], ""kernels.1.base_kernel.kernels.1"": [0.6931481805599428, 0.6931481805599428, 0.6931481805599428]}","{""kernels.0"": 0.00036213007860126954, ""kernels.0.base_kernel.kernels.1"": 0.003333868577643182, ""kernels.1"": 1.0325645264836312}",8,8,24,24,24,archive,1,55
377,112.87950115024985,96.44480661265321,0.4998,global,-3.8604961356943677,-5.199204911723896,1.3387087760295286,0.5623696720879126,1.2819429080172358,global,,,0.27710236399413596,0.011328306349926754,0.011710505803718223,0.0003822737680574005,0.3476924422125145,0.0637336425398438,0.33317583621165703,0.7393127363517834,"{""kernels.0.base_kernel.kernels.0"": [0.33353343199246277, 0.33267838792027365, 0.33294807786719305, 0.3333051336046315, 0.33307091428492747, 0.33264909614222915, 0.33319339020755134, 0.333072522992404, 0.33361748858810036, 0.33318563368708576, 0.33278444343581653, 0.3329590039239363, 0.33328950785273853, 0.3329600298155237, 0.33323086243281913, 0.33304257007036, 0.33316603873622835, 0.3335370318491032], ""kernels.0.base_kernel.kernels.1.base_kernel"": [0.6931481805599428, 0.6931481805599428, 0.6931481805599428], ""kernels.1.base_kernel.kernels.0"": [0.0637336425398438, 0.367618874510806, 0.4884584775216866, 0.12527795103014144, 0.37690409520976526, 0.604708803760824, 0.24992091202574138, 0.23237115404730768, 0.259390396463874, 0.23556023449797192, 0.32937547656162003, 0.2514086548149801, 0.5227489914073056, 0.46094529715554927, 0.22483250111945832, 0.7393127363517834, 0.185329034408048, 0.0663535780383791], ""kernels.1.base_kernel.kernels.1"": [0.6931481805599428, 0.6931481805599428, 0.6931481805599428]}","{""kernels.0"": 0.00036214285806634603, ""kernels.0.base_kernel.kernels.1"": 0.0033338665754348933, ""kernels.1"": 1.0393813172040423}",8,8,24,24,24,archive,3,56
378,117.9828996392855,96.44480661265321,0.497,global,-3.7577238095535024,-5.982170788007183,2.2244469784536807,0.8344994934535317,1.3917122919453009,global,,,0.20536835384085655,0.011324276557300143,0.011706431817192853,0.00038237050705204514,0.3476924374148114,0.06373364267168381,0.3331758362167271,0.7393127355992046,"{""kernels.0.base_kernel.kernels.0"": [0.3335334319919553, 0.33267838792547216, 0.33294807786620306, 0.3333051336030579, 0.333070914287658, 0.33264909614616794, 0.33319339020926675, 0.33307252299292595, 0.33361748858452284, 0.3331856336974423, 0.3327844434440819, 0.3329590039281029, 0.3332895078528951, 0.33296002981316847, 0.33323086242904276, 0.33304257007379723, 0.3331660387360119, 0.3335370318494502], ""kernels.0.base_kernel.kernels.1.base_kernel"": [0.6931481805599428, 0.6931481805599428, 0.6931481805599428], ""kernels.1.base_kernel.kernels.0"": [0.06373364267168381, 0.36761887338943505, 0.4884584793070738, 0.12527795108265646, 0.37690409634278166, 0.6047088065984492, 0.24992091550856108, 0.2323711570457759, 0.2593903986705454, 0.23556023556024605, 0.32937548029135666, 0.25140865490752307, 0.5227489926012676, 0.46094529827792224, 0.22483250059270307, 0.7393127355992046, 0.185329034741287, 0.06635357801175756], ""kernels.1.base_kernel.kernels.1"": [0.6931481805599428, 0.6931481805599428, 0.6931481805599428]}","{""kernels.0"": 0.00036214285810592565, ""kernels.0.base_kernel.kernels.1"": 0.003333866575427636, ""kernels.1"": 1.0393813028109005}",8,8,24,24,24,archive,1,57
379,125.38103808709991,96.44480661265321,0.4982,global,-3.7963745601840895,-5.324802008254092,1.5284274480700022,1.1823089776787297,1.4076735053013958,global,,,0.24627827142595685,0.011318993297862933,0.011701059785374019,0.0003824648973700039,0.34769241965466247,0.06373364304871432,0.33317583623077884,0.7393127365011686,"{""kernels.0.base_kernel.kernels.0"": [0.3335334319906491, 0.3326783879402167, 0.3329480778641431, 0.3333051335989516, 0.33307091429540253, 0.3326490961572777, 0.3331933902141775, 0.33307252299525125, 0.33361748857454027, 0.3331856337261806, 0.33278444346727887, 0.33295900393969624, 0.33328950785309935, 0.3329600298076533, 0.3332308624184756, 0.33304257008422194, 0.33316603873537715, 0.3335370318506594], ""kernels.0.base_kernel.kernels.1.base_kernel"": [0.6931481805599428, 0.6931481805599428, 0.6931481805599428], ""kernels.1.base_kernel.kernels.0"": [0.06373364304871432, 0.3676188709256335, 0.4884584874671313, 0.12527795171993616, 0.37690410011749587, 0.6047088178053459, 0.24992092619355372, 0.2323711675782873, 0.2593904058473465, 0.2355602381012281, 0.32937549107506703, 0.2514086553379545, 0.5227489960407256, 0.46094530384118954, 0.22483249913852751, 0.7393127365011686, 0.1853290358944452, 0.06635357801504414], ""kernels.1.base_kernel.kernels.1"": [0.6931481805599428, 0.6931481805599428, 0.6931481805599428]}","{""kernels.0"": 0.00036214285821394845, ""kernels.0.base_kernel.kernels.1"": 0.0033338665754073927, ""kernels.1"": 1.039381249530366}",8,8,24,24,24,archive,2,58
380,126.32871916890049,96.44480661265321,0.5044,global,-3.5918971920790614,-4.982626735792786,1.3907295437137241,0.6009993604285443,1.3220030972688126,global,,,0.32138780888297813,0.011312509180544838,0.011694463522621646,0.0003825775210857393,0.34769241082586677,0.06373364321495811,0.3331758362366735,0.7393127369882516,"{""kernels.0.base_kernel.kernels.0"": [0.33353343199013086, 0.33267838794649907, 0.3329480778640233, 0.33330513359730785, 0.3330709142985625, 0.33264909616260424, 0.33319339021649147, 0.3330725229962143, 0.3336174885705394, 0.3331856337382275, 0.3327844434770049, 0.3329590039445153, 0.3332895078532298, 0.3329600298052955, 0.3332308624140648, 0.33304257008888105, 0.3331660387351195, 0.3335370318513076], ""kernels.0.base_kernel.kernels.1.base_kernel"": [0.6931481805599428, 0.6931481805599428, 0.6931481805599428], ""kernels.1.base_kernel.kernels.0"": [0.06373364321495811, 0.3676188702006064, 0.4884584940545167, 0.12527795211300782, 0.37690410150394826, 0.6047088247298608, 0.24992093100332693, 0.23237117217170788, 0.2593904091254726, 0.23556023931390965, 0.3293754955930113, 0.25140865547938795, 0.5227489974662709, 0.4609453067287595, 0.22483249847813483, 0.7393127369882516, 0.1853290364149503, 0.06635357804004202], ""kernels.1.base_kernel.kernels.1"": [0.6931481805599428, 0.6931481805599428, 0.6931481805599428]}","{""kernels.0"": 0.0003621428582583445, ""kernels.0.base_kernel.kernels.1"": 0.003333866575398879, ""kernels.1"": 1.039381223043943}",8,8,24,24,24,archive,2,59
381,103.27779486260775,96.44480661265321,0.4976,local,-3.9933254744120004,-27.228652413250753,23.235326938838753,0.10703245172535265,0.6564693771933499,archive,153,67,0.09362524681308614,0.011307107432898752,0.01168907057291963,0.0003827793965212335,0.347692402880708,0.06373364336956786,0.3331758362413543,0.7393127373195837,"{""kernels.0.base_kernel.kernels.0"": [0.3335334319897586, 0.33267838795127846, 0.33294807786387254, 0.3333051335960164, 0.3330709143009963, 0.3326490961667569, 0.3331933902182699, 0.33307252299695517, 0.33361748856758755, 0.3331856337476141, 0.3327844434845958, 0.3329590039482455, 0.3332895078539815, 0.3329600298033243, 0.33323086241065586, 0.3330425700927417, 0.33316603873509437, 0.3335370318518303], ""kernels.0.base_kernel.kernels.1.base_kernel"": [0.6931481805599428, 0.6931481805599428, 0.6931481805599428], ""kernels.1.base_kernel.kernels.0"": [0.06373364336956786, 0.3676188693870563, 0.4884584992068103, 0.125277952369715, 0.3769041025001275, 0.6047088302413678, 0.2499209349778367, 0.2323711757385925, 0.25939041253013456, 0.2355602399944628, 0.3293754990388924, 0.2514086554970536, 0.522748999661282, 0.46094530900608727, 0.2248324981814924, 0.7393127373195837, 0.18532903738123782, 0.06635357806768098], ""kernels.1.base_kernel.kernels.1"": [0.6931481805599428, 0.6931481805599428, 0.6931481805599428]}","{""kernels.0"": 0.00036214285829319674, ""kernels.0.base_kernel.kernels.1"": 0.003333866575392183, ""kernels.1"": 1.0393811992084387}",8,8,24,24,24,archive,3,60
382,208.93699100172623,96.44480661265321,0.5,global,-3.8652943640832693,-5.492734517910064,1.6274401538267944,0.5522649401246765,1.4085460913929617,global,,,0.3019644060201925,0.011282917526395809,0.011670178987607447,0.00038171966979854387,0.34501594159217314,0.06377724101726881,0.33317704828370165,0.7394252807667395,"{""kernels.0.base_kernel.kernels.0"": [0.3335333212715906, 0.3326797772478777, 0.33294849838490925, 0.33330472728460614, 0.33307159368123856, 0.3326503430834645, 0.3331938529366862, 0.33307271979030817, 0.3336167726884664, 0.3331880485466358, 0.3327866186396856, 0.33295999551013866, 0.33328963642374554, 0.3329595798120219, 0.33322993671285195, 0.3330436898825944, 0.3331660480207675, 0.33353715479465124], ""kernels.0.base_kernel.kernels.1.base_kernel"": [0.6931481805599428, 0.6931481805599428, 0.6931481805599428], ""kernels.1.base_kernel.kernels.0"": [0.06377724101726881, 0.3675622639203907, 0.49003644024662696, 0.12542757880679162, 0.3772326861188222, 0.6062415952022343, 0.25121340573441475, 0.23369123579360795, 0.2603145055384327, 0.23582093397878912, 0.3305007323900976, 0.2515877278118007, 0.523186685081247, 0.46156317935004376, 0.22471350244110383, 0.7394252807667395, 0.1855454386235415, 0.06636410257291357], ""kernels.1.base_kernel.kernels.1"": [0.6931481805599428, 0.6931481805599428, 0.6931481805599428]}","{""kernels.0"": 0.0003621510520198971, ""kernels.0.base_kernel.kernels.1"": 0.0033338648477779335, ""kernels.1"": 1.0313518088767215}",8,8,24,24,24,archive,1,61
383,97.93558628564611,96.44480661265321,0.4988,local,-4.076764718968908,-5.48175186581736,1.4049871468484518,0.030536111200666828,0.1645959358185051,archive,425,0,0.04855336623580861,0.011290973679499204,0.011675781780920472,0.00038280129059218144,0.34852623914923814,0.06379935380727357,0.3331780511398631,0.7393274446847208,"{""kernels.0.base_kernel.kernels.0"": [0.3335332887835962, 0.33268063278844195, 0.33294847804182665, 0.3333041602216486, 0.3330713308176835, 0.3326501538541309, 0.3331942005234868, 0.3330725777114129, 0.33361601994884416, 0.3331903411933213, 0.3327883434028948, 0.33296078973113835, 0.3332892013954035, 0.3329589176149883, 0.3332287467101466, 0.33304445224984497, 0.3331657610864049, 0.3335373419713596], ""kernels.0.base_kernel.kernels.1.base_kernel"": [0.6931481805599428, 0.6931481805599428, 0.6931481805599428], ""kernels.1.base_kernel.kernels.0"": [0.06379935380727357, 0.3666292076222417, 0.4911026477960284, 0.12504431744395436, 0.37605800391327804, 0.606590149719642, 0.2517691995522696, 0.2342602943273189, 0.260253189432026, 0.23541524855437904, 0.33099431695112985, 0.25140388013978743, 0.5228953109387511, 0.4619789924778518, 0.2239131794783736, 0.7393274446847208, 0.18513786912660152, 0.06634354635229595], ""kernels.1.base_kernel.kernels.1"": [0.6931481805599428, 0.6931481805599428, 0.6931481805599428]}","{""kernels.0"": 0.0003621639477570915, ""kernels.0.base_kernel.kernels.1"": 0.0033338631013553055, ""kernels.1"": 1.041882690398602}",8,8,24,24,24,archive,2,62
384,127.92624472610603,96.44480661265321,0.4992,global,-3.8121800014691116,-6.546137417587297,2.7339574161181854,1.3693353388075507,1.414052781603337,global,,,0.3205658099299602,0.011194353167313055,0.011610025499050826,0.00037854470759111865,0.3459149972360805,0.06386932929032985,0.33317966398614696,0.7397424195567691,"{""kernels.0.base_kernel.kernels.0"": [0.3335332028744301, 0.33268272724248166, 0.3329488962213924, 0.33330355976658266, 0.3330713080238139, 0.3326508043996449, 0.33319524945951384, 0.33307267587968226, 0.3336150708111446, 0.33319374563811704, 0.33279115880153093, 0.3329622096541665, 0.3332887765454474, 0.3329584135351721, 0.33322743248486203, 0.33304586784374396, 0.33316558233417687, 0.3335375439813808], ""kernels.0.base_kernel.kernels.1.base_kernel"": [0.6931481805599428, 0.6931481805599428, 0.6931481805599428], ""kernels.1.base_kernel.kernels.0"": [0.06386932929032985, 0.36663098947709144, 0.49346318806394796, 0.125017213309353, 0.3749731660430457, 0.608235180933352, 0.25423484827897935, 0.23590699861028397, 0.26126250382903665, 0.23563462553455813, 0.3325599921220669, 0.2516538485743148, 0.5229716969203089, 0.4630106447503248, 0.22352027003238878, 0.7397424195567691, 0.18503301872650738, 0.06634696795409623], ""kernels.1.base_kernel.kernels.1"": [0.6931481805599428, 0.6931481805599428, 0.6931481805599428]}","{""kernels.0"": 0.0003621767142529518, ""kernels.0.base_kernel.kernels.1"": 0.0033338606871821308, ""kernels.1"": 1.0340489543068065}",8,8,24,24,24,archive,1,63
385,107.4115091140448,96.44480661265321,0.4966,global,-3.8389610038536706,-5.842001368582191,2.0030403647285207,1.4873327150871425,1.414110490061119,global,,,0.11189068475202962,0.01118910953089924,0.011604821632338466,0.0003787699618118979,0.3459150058926426,0.06386932940829644,0.3331796639898441,0.7397424194505544,"{""kernels.0.base_kernel.kernels.0"": [0.3335332028745508, 0.3326827272456373, 0.33294889622112517, 0.33330355976525483, 0.3330713080230619, 0.3326508043981165, 0.3331952494606401, 0.3330726758787456, 0.3336150708085335, 0.33319374564638665, 0.33279115880689014, 0.3329622096571778, 0.3332887765431419, 0.33295841353278105, 0.33322743248116904, 0.3330458678451282, 0.33316558233330157, 0.3335375439821755], ""kernels.0.base_kernel.kernels.1.base_kernel"": [0.6931481805599428, 0.6931481805599428, 0.6931481805599428], ""kernels.1.base_kernel.kernels.0"": [0.06386932940829644, 0.36663098635127495, 0.49346319265874655, 0.12501721331164578, 0.37497316231287303, 0.6082351826668377, 0.2542348512313377, 0.2359070003258264, 0.2612625041044946, 0.23563462387907902, 0.3325599939374985, 0.2516538481003919, 0.5229716958496796, 0.4630106461253173, 0.22352026787463933, 0.7397424194505544, 0.18503301752373583, 0.06634696787693113], ""kernels.1.base_kernel.kernels.1"": [0.6931481805599428, 0.6931481805599428, 0.6931481805599428]}","{""kernels.0"": 0.0003621767143015047, ""kernels.0.base_kernel.kernels.1"": 0.0033338606871757986, ""kernels.1"": 1.0340489802764505}",8,8,24,24,24,archive,1,64
386,117.1966206084492,96.44480661265321,0.4954,global,-3.8302911541904097,-5.793336354740307,1.9630452005498977,0.33375669471144964,1.014066284552221,global,,,0.27863189057973525,0.011187315178212674,0.011600506988028338,0.00037874483622252935,0.34975879935684145,0.06393318820288467,0.3331970244067858,0.740012850308795,"{""kernels.0.base_kernel.kernels.0"": [0.333533269672763, 0.3326845724034067, 0.3329487817001891, 0.33330285492802314, 0.3330709589599735, 0.33265021756440794, 0.333195838191758, 0.33307234412488984, 0.33361383873249456, 0.33319821062181354, 0.33279402034397343, 0.3329639891075228, 0.3332876501308576, 0.33295750869194457, 0.33322544961674594, 0.33304683378668115, 0.3331651535189149, 0.3335379453904913], ""kernels.0.base_kernel.kernels.1.base_kernel"": [0.6931481805599428, 0.6931481805599428, 0.6931481805599428], ""kernels.1.base_kernel.kernels.0"": [0.06393318820288467, 0.3653151118421328, 0.49627172222361443, 0.12505499260740377, 0.37299325725879634, 0.6095057652540723, 0.25574280575296715, 0.23761603270652298, 0.26162864592066826, 0.23501006461247814, 0.3335151429822081, 0.25189368831310766, 0.5225549156629526, 0.4643556994910098, 0.2225973927834142, 0.740012850308795, 0.18459514148004488, 0.06629671597505572], ""kernels.1.base_kernel.kernels.1"": [0.6931481805599428, 0.6931481805599428, 0.6931481805599428]}","{""kernels.0"": 0.0003622017463426209, ""kernels.0.base_kernel.kernels.1"": 0.003333857301215951, ""kernels.1"": 1.0455803390229659}",8,8,24,24,24,archive,1,65
387,122.98586085477012,96.44480661265321,0.4986,global,-3.736968495702336,-5.8949855823643365,2.1580170866620003,0.38247021130196834,1.224411811608198,global,,,0.2728105025632382,0.011182698582697267,0.011595849462802793,0.0003788700559726181,0.34975878319584724,0.06393318854815228,0.3331970244158272,0.7400128526791552,"{""kernels.0.base_kernel.kernels.0"": [0.333533269672834, 0.33268457241114896, 0.33294878170150394, 0.3333028549264564, 0.33307095896059846, 0.3326502175655265, 0.33319583819506926, 0.33307234412410597, 0.3336138387298036, 0.3331982106365851, 0.33279402035456285, 0.33296398911399994, 0.3332876501302396, 0.33295750869032953, 0.333225449612214, 0.33304683379124356, 0.33316515351793896, 0.3335379453918236], ""kernels.0.base_kernel.kernels.1.base_kernel"": [0.6931481805599428, 0.6931481805599428, 0.6931481805599428], ""kernels.1.base_kernel.kernels.0"": [0.06393318854815228, 0.36531511128489896, 0.49627173493882115, 0.12505499407607176, 0.37299325401957656, 0.609505772297211, 0.2557428146064097, 0.23761603918398033, 0.2616286502371754, 0.23501006543177344, 0.3335151486902359, 0.2518936900587633, 0.5225549176814317, 0.46435570536817583, 0.2225973928153019, 0.7400128526791552, 0.18459514207956224, 0.06629671605369289], ""kernels.1.base_kernel.kernels.1"": [0.6931481805599428, 0.6931481805599428, 0.6931481805599428]}","{""kernels.0"": 0.00036220174640430467, ""kernels.0.base_kernel.kernels.1"": 0.003333857301205291, ""kernels.1"": 1.045580290539932}",8,8,24,24,24,archive,0,66
388,122.39131286109958,96.44480661265321,0.4998,global,-3.8143824306114498,-5.228413238307354,1.4140308076959043,0.4577630880240155,1.4098011172328946,global,,,0.2532301255718912,0.011177302799457006,0.011590411989566812,0.0003790225040806,0.34975876972632985,0.06393318880342055,0.33319702442253013,0.7400128543254375,"{""kernels.0.base_kernel.kernels.0"": [0.33353326967290425, 0.33268457241687843, 0.3329487817024712, 0.3333028549252876, 0.33307095896102673, 0.3326502175660768, 0.3331958381975056, 0.3330723441234043, 0.3336138387278172, 0.33319821064755467, 0.33279402036232836, 0.3329639891187444, 0.3332876501307249, 0.3329575086890449, 0.33322544960931, 0.333046833794509, 0.33316515351729176, 0.3335379453928909], ""kernels.0.base_kernel.kernels.1.base_kernel"": [0.6931481805599428, 0.6931481805599428, 0.6931481805599428], ""kernels.1.base_kernel.kernels.0"": [0.06393318880342055, 0.36531511064337, 0.49627174443125616, 0.12505499506983409, 0.3729932516001276, 0.609505777238295, 0.25574282100989293, 0.23761604380169757, 0.26162865373294336, 0.23501006585354917, 0.3335151527121095, 0.2518936912110661, 0.5225549209075564, 0.4643557097268188, 0.22259739473242857, 0.7400128543254375, 0.18459514330286803, 0.06629671613885087], ""kernels.1.base_kernel.kernels.1"": [0.6931481805599428, 0.6931481805599428, 0.6931481805599428]}","{""kernels.0"": 0.0003622017464498794, ""kernels.0.base_kernel.kernels.1"": 0.003333857301197351, ""kernels.1"": 1.0455802501313425}",8,8,24,24,24,archive,2,67
389,149.433500966897,96.44480661265321,0.4996,global,-3.912123410836002,-4.739374326257354,0.8272509154213523,0.4137964336214406,1.3145791918529317,global,,,0.2102941758653384,0.011172026689622378,0.011585098808680526,0.0003791752867176682,0.34975875210938795,0.06393318910456591,0.333197024430499,0.7400128565185163,"{""kernels.0.base_kernel.kernels.0"": [0.3335332696730201, 0.3326845724236834, 0.3329487817035254, 0.33330285492396644, 0.33307095896153033, 0.3326502175665162, 0.33319583820059545, 0.33307234412251474, 0.3336138387255805, 0.3331982106604025, 0.3327940203714324, 0.33296398912427194, 0.33328765013155803, 0.3329575086887853, 0.33322544960598516, 0.33304683379844807, 0.3331651535165766, 0.33353794539419723], ""kernels.0.base_kernel.kernels.1.base_kernel"": [0.6931481805599428, 0.6931481805599428, 0.6931481805599428], ""kernels.1.base_kernel.kernels.0"": [0.06393318910456591, 0.36531511017852497, 0.4962717554966484, 0.12505499637861858, 0.3729932486955465, 0.6095057828825253, 0.2557428294642701, 0.23761604913334705, 0.26162865828458237, 0.23501006633152705, 0.33351515742564175, 0.25189369243765747, 0.5225549254226444, 0.46435571776554485, 0.22259739770328787, 0.7400128565185163, 0.18459514512517555, 0.06629671626720963], ""kernels.1.base_kernel.kernels.1"": [0.6931481805599428, 0.6931481805599428, 0.6931481805599428]}","{""kernels.0"": 0.0003622017465025867, ""kernels.0.base_kernel.kernels.1"": 0.0033338573011880007, ""kernels.1"": 1.0455801972804732}",8,8,24,24,24,archive,2,68
390,108.98366191913556,96.44480661265321,0.5012,global,-3.487601291994626,-5.164258560520427,1.6766572685258008,1.2316489311572127,1.412570155917892,global,,,0.2760910105453615,0.011169719878700635,0.011590265949288399,0.0003802395464371636,0.34667753559634823,0.06400256528840313,0.33319919379510177,0.7407457039424197,"{""kernels.0.base_kernel.kernels.0"": [0.3335333553417902, 0.3326841982592082, 0.3329490421621484, 0.3333026187713912, 0.333071024291269, 0.3326505320191945, 0.3331968384077831, 0.3330722422719653, 0.33361314492683347, 0.33320154918242045, 0.33279641222792034, 0.33296539752585325, 0.3332877083157391, 0.33295710672587364, 0.3332247066728049, 0.3330480561806961, 0.33316504552474274, 0.33353839454665773], ""kernels.0.base_kernel.kernels.1.base_kernel"": [0.6931481805599428, 0.6931481805599428, 0.6931481805599428], ""kernels.1.base_kernel.kernels.0"": [0.06400256528840313, 0.3628105704402881, 0.4990806235982443, 0.12494932596173212, 0.37234829029413374, 0.6110024138543334, 0.25826380824063344, 0.23907979642512298, 0.26248779942883077, 0.23508830453176413, 0.3346595786366647, 0.2523371858058636, 0.5241869186355048, 0.46664945570943467, 0.22343620810349685, 0.7407457039424197, 0.18521327810016847, 0.06632724676090851], ""kernels.1.base_kernel.kernels.1"": [0.6931481805599428, 0.6931481805599428, 0.6931481805599428]}","{""kernels.0"": 0.00036221765670697365, ""kernels.0.base_kernel.kernels.1"": 0.0033338548268898207, ""kernels.1"": 1.0363365343054478}",8,8,24,24,24,archive,2,69
391,115.40959717484407,96.44480661265321,0.5018,global,-3.5686636226444293,-5.741509532053515,2.1728459094090855,1.1738486907925412,1.4113762827671206,global,,,0.2043253239136639,0.011174767621862524,0.011592199958314169,0.0003806564719167875,0.3501396271067308,0.06403548677270907,0.33320074656236937,0.7408782100791796,"{""kernels.0.base_kernel.kernels.0"": [0.3335335795862889, 0.3326834747111148, 0.33294853834643057, 0.3333024837106346, 0.3330707431458694, 0.33264917360627705, 0.3331971941217114, 0.3330717894556119, 0.33361247995552895, 0.33320429900302734, 0.33279786502414793, 0.33296635458732193, 0.3332871037785897, 0.332956185519597, 0.33322375270069726, 0.3330482468601281, 0.3331647669938664, 0.3335389892248798], ""kernels.0.base_kernel.kernels.1.base_kernel"": [0.6931481805599428, 0.6931481805599428, 0.6931481805599428], ""kernels.1.base_kernel.kernels.0"": [0.06403548677270907, 0.36009870178003417, 0.5006758646998506, 0.12470769125370641, 0.37140585681351335, 0.6109352519010368, 0.25906582091819896, 0.2397604332721961, 0.26227403262363025, 0.234257724711773, 0.33486648789826917, 0.25232404990770546, 0.5249119483227788, 0.46806437914893223, 0.22356383254496545, 0.7408782100791796, 0.18535154291947875, 0.06635102205791774], ""kernels.1.base_kernel.kernels.1"": [0.6931481805599428, 0.6931481805599428, 0.6931481805599428]}","{""kernels.0"": 0.0003622390780175376, ""kernels.0.base_kernel.kernels.1"": 0.0033338525563340314, ""kernels.1"": 1.0467227896858409}",8,8,24,24,24,archive,2,70
392,122.04831497555637,96.44480661265321,0.4966,global,-3.4095061928247365,-5.526795485035635,2.117289292210898,1.0015991714826826,1.4141645572526413,global,,,0.31064975062330413,0.011171044255328213,0.01158850547584107,0.0003808179759918913,0.3501395806108476,0.06403548784100846,0.3332007465910618,0.7408782188556974,"{""kernels.0.base_kernel.kernels.0"": [0.3335335795892084, 0.33268347471490034, 0.332948538348816, 0.33330248370979937, 0.33307074314574786, 0.3326491735979062, 0.3331971941312531, 0.33307178945252475, 0.33361247994744353, 0.33320429905087046, 0.33279786505330716, 0.3329663546063383, 0.3332871037736461, 0.33295618551354444, 0.33322375268807886, 0.3330482468716151, 0.3331647669914689, 0.33353898923309716], ""kernels.0.base_kernel.kernels.1.base_kernel"": [0.6931481805599428, 0.6931481805599428, 0.6931481805599428], ""kernels.1.base_kernel.kernels.0"": [0.06403548784100846, 0.3600986775759562, 0.5006759026582044, 0.12470769380748907, 0.3714058478831031, 0.610935263844227, 0.25906584757542994, 0.23976045830203116, 0.2622740423167679, 0.23425772235188522, 0.3348664999507513, 0.25232405596415863, 0.5249119680718758, 0.4680644128335589, 0.22356384277506003, 0.7408782188556974, 0.1853515501903287, 0.06635102309281667], ""kernels.1.base_kernel.kernels.1"": [0.6931481805599428, 0.6931481805599428, 0.6931481805599428]}","{""kernels.0"": 0.0003622390782875179, ""kernels.0.base_kernel.kernels.1"": 0.0033338525562973133, ""kernels.1"": 1.046722650197958}",8,8,24,24,24,archive,0,71
393,117.05146177398485,96.44480661265321,0.4996,global,-3.589590556095949,-5.254918287607352,1.665327731511403,0.7710579938114186,1.3968722291724762,global,,,0.23654845189316165,0.011165513681331956,0.011582902175743329,0.00038094687670705,0.3501395618519109,0.06403548821838242,0.3332007466011342,0.7408782218732421,"{""kernels.0.base_kernel.kernels.0"": [0.3335335795902562, 0.33268347471650883, 0.33294853834993593, 0.3333024837095371, 0.3330707431455746, 0.3326491735951827, 0.33319719413444077, 0.33307178945152943, 0.3336124799445152, 0.3332042990678276, 0.3327978650633938, 0.3329663546129605, 0.33328710377169707, 0.33295618551149725, 0.3332237526835954, 0.33304824687541784, 0.3331647669907559, 0.3335389892361169], ""kernels.0.base_kernel.kernels.1.base_kernel"": [0.6931481805599428, 0.6931481805599428, 0.6931481805599428], ""kernels.1.base_kernel.kernels.0"": [0.06403548821838242, 0.3600986699294265, 0.5006759163282758, 0.12470769498813897, 0.3714058445487997, 0.6109352679221834, 0.25906585661594606, 0.23976046755212602, 0.26227404551587297, 0.23425772189011654, 0.33486650383891786, 0.2523240580568823, 0.524911975278722, 0.46806442503976414, 0.22356384629056147, 0.7408782218732421, 0.18535155281606014, 0.06635102359349006], ""kernels.1.base_kernel.kernels.1"": [0.6931481805599428, 0.6931481805599428, 0.6931481805599428]}","{""kernels.0"": 0.00036223907838311574, ""kernels.0.base_kernel.kernels.1"": 0.003333852556284374, ""kernels.1"": 1.0467225939210651}",8,8,24,24,24,archive,2,72
394,129.9506222182368,96.44480661265321,0.5042,global,-3.6227626026602753,-5.868884366558816,2.2461217638985405,1.0679182456499874,1.401467303380855,global,,,0.2743300555507781,0.011154315642844415,0.011577079750451951,0.0003809974331658202,0.3471333660090208,0.06408732069172654,0.3332021974476288,0.7427170847052773,"{""kernels.0.base_kernel.kernels.0"": [0.33353373175020073, 0.33268379088591066, 0.3329486844889613, 0.33330244751992405, 0.33307071222800566, 0.3326488322110194, 0.3331977106680968, 0.3330716621656227, 0.3336120931696263, 0.3332066842271608, 0.33279925918505576, 0.33296726686068984, 0.3332868086175677, 0.3329559987944885, 0.33322312308207486, 0.3330494506531929, 0.333164662129872, 0.33353942441768464], ""kernels.0.base_kernel.kernels.1.base_kernel"": [0.6931481805599428, 0.6931481805599428, 0.6931481805599428], ""kernels.1.base_kernel.kernels.0"": [0.06408732069172654, 0.35920125665455194, 0.502594626257457, 0.12486058948165682, 0.3709183529790064, 0.6116169141452906, 0.2603996553646639, 0.24103464827649806, 0.26271088391332686, 0.23432664783190563, 0.33538500425198087, 0.2525937085138695, 0.5259226451946601, 0.4704380280115828, 0.2240569357660565, 0.7427170847052773, 0.1857191194002109, 0.06642529550510065], ""kernels.1.base_kernel.kernels.1"": [0.6931481805599428, 0.6931481805599428, 0.6931481805599428]}","{""kernels.0"": 0.00036225140919574154, ""kernels.0.base_kernel.kernels.1"": 0.0033338507655906197, ""kernels.1"": 1.037703995852276}",8,8,24,24,24,archive,2,73
395,113.51529248274775,96.44480661265321,0.4996,global,-3.6659390478058835,-5.052262202266162,1.3863231544602783,0.8973479901567271,1.4025327600649806,global,,,0.1924577026452983,0.011148880516510284,0.011571679325026094,0.000381226496512366,0.347133372615374,0.06408732078983716,0.33320219745188756,0.7427170897690034,"{""kernels.0.base_kernel.kernels.0"": [0.3335337317510339, 0.3326837908857355, 0.3329486844879945, 0.33330244751960775, 0.3330707122270281, 0.3326488322065706, 0.3331977106687453, 0.3330716621639936, 0.3336120931682673, 0.3332066842350298, 0.332799259188296, 0.33296726686310496, 0.333286808615508, 0.3329559987924551, 0.33322312307923924, 0.33304945065535857, 0.3331646621289259, 0.3335394244194965], ""kernels.0.base_kernel.kernels.1.base_kernel"": [0.6931481805599428, 0.6931481805599428, 0.6931481805599428], ""kernels.1.base_kernel.kernels.0"": [0.06408732078983716, 0.35920125272029635, 0.5025946310174222, 0.12486058887878324, 0.3709183499153544, 0.6116169137273737, 0.26039965738281656, 0.24103465049971548, 0.2627108835138422, 0.23432664602167266, 0.33538500405276733, 0.2525937082730464, 0.525922647036884, 0.47043803492509734, 0.22405693590434378, 0.7427170897690034, 0.1857191196291309, 0.06642529569281247], ""kernels.1.base_kernel.kernels.1"": [0.6931481805599428, 0.6931481805599428, 0.6931481805599428]}","{""kernels.0"": 0.0003622514092536701, ""kernels.0.base_kernel.kernels.1"": 0.003333850765584315, ""kernels.1"": 1.037704015671284}",8,8,24,24,24,archive,0,74
396,134.05535981919428,96.44480661265321,0.499,global,-3.690751837204443,-6.226252069071931,2.5355002318674877,0.6611637443439763,1.3279753303050883,global,,,0.25536479599704637,0.01115331325225432,0.011574508413173437,0.0003817847294977285,0.3512015527887198,0.06417011947269667,0.33320575038892075,0.7469910444816851,"{""kernels.0.base_kernel.kernels.0"": [0.33353442791951593, 0.33268411823028304, 0.3329479527014145, 0.3333021596879671, 0.3330698924690486, 0.3326452208319875, 0.33319835705186035, 0.3330704422654085, 0.3336110737738368, 0.33321314372598115, 0.3328018745451917, 0.3329692380689934, 0.33328519547804075, 0.3329545612213119, 0.33322084317034645, 0.3330512750485598, 0.33316393179043896, 0.33354090664668906], ""kernels.0.base_kernel.kernels.1.base_kernel"": [0.6931481805599428, 0.6931481805599428, 0.6931481805599428], ""kernels.1.base_kernel.kernels.0"": [0.06417011947269667, 0.35746833676992823, 0.5070224668792611, 0.12439197009181656, 0.36843445546215137, 0.6114323328644394, 0.26225037933562856, 0.24329701668617568, 0.2625449727940881, 0.2333829919598944, 0.3351522858141804, 0.25249559347746564, 0.5275635852514089, 0.4766097370919948, 0.224202099073831, 0.7469910444816851, 0.1859592255044939, 0.06660469792881767], ""kernels.1.base_kernel.kernels.1"": [0.6931481805599428, 0.6931481805599428, 0.6931481805599428]}","{""kernels.0"": 0.00036229776972409466, ""kernels.0.base_kernel.kernels.1"": 0.003333845641760486, ""kernels.1"": 1.0499085149546747}",8,8,24,24,24,archive,2,75
397,129.23397865299694,96.44480661265321,0.4952,global,-3.7831439647414298,-5.1067243829595705,1.3235804182181408,0.8260698849908832,1.4059008340346213,global,,,0.2294764428714281,0.011147580681014678,0.011568816430638104,0.00038203073256425,0.3512015411966985,0.06417011965294712,0.33320575039397315,0.7469910541244618,"{""kernels.0.base_kernel.kernels.0"": [0.3335344279203492, 0.3326841182333543, 0.3329479527013543, 0.33330215968817123, 0.3330698924687552, 0.33264522082891823, 0.33319835705337614, 0.3330704422644781, 0.3336110737733516, 0.3332131437345701, 0.33280187454946064, 0.3329692380722787, 0.3332851954769324, 0.3329545612205872, 0.33322084316819794, 0.3330512750528089, 0.33316393179010706, 0.333540906648527], ""kernels.0.base_kernel.kernels.1.base_kernel"": [0.6931481805599428, 0.6931481805599428, 0.6931481805599428], ""kernels.1.base_kernel.kernels.0"": [0.06417011965294712, 0.3574683381987038, 0.507022473872105, 0.12439197053864046, 0.36843445372821315, 0.6114323349198202, 0.2622503836638465, 0.2432970209654581, 0.26254497462002824, 0.23338299263840406, 0.3351522870995961, 0.25249559465296484, 0.5275635889891808, 0.4766097457113913, 0.22420210079174135, 0.7469910541244618, 0.1859592268253141, 0.06660469823364572], ""kernels.1.base_kernel.kernels.1"": [0.6931481805599428, 0.6931481805599428, 0.6931481805599428]}","{""kernels.0"": 0.00036229776977196305, ""kernels.0.base_kernel.kernels.1"": 0.0033338456417539176, ""kernels.1"": 1.0499084801785696}",8,8,24,24,24,archive,1,76
398,120.63573824272106,96.44480661265321,0.503,local,-4.104606916821175,-9.982653531769724,5.878046614948549,0.07283866709714872,0.37791871318905834,archive,438,23,0.11861430716447235,0.0111427690201989,0.011564100705264835,0.00038229665922598105,0.3512015292760693,0.06417011983055647,0.3332057503988692,0.7469910642310639,"{""kernels.0.base_kernel.kernels.0"": [0.33353442792119725, 0.33268411823637417, 0.33294795270119865, 0.3333021596885528, 0.33306989246831226, 0.3326452208258984, 0.3331983570547917, 0.3330704422635012, 0.333611073773182, 0.33321314374294664, 0.3328018745535945, 0.33296923807584866, 0.3332851954759409, 0.33295456121949213, 0.3332208431661361, 0.3330512750570468, 0.33316393178979836, 0.33354090665047925], ""kernels.0.base_kernel.kernels.1.base_kernel"": [0.6931481805599428, 0.6931481805599428, 0.6931481805599428], ""kernels.1.base_kernel.kernels.0"": [0.06417011983055647, 0.3574683394222947, 0.5070224806119392, 0.12439197100880106, 0.3684344515798761, 0.6114323379395686, 0.26225038822717683, 0.243297025627141, 0.26254497672117516, 0.2333829931565851, 0.33515228821791837, 0.2524955963661119, 0.5275635928971775, 0.4766097549265644, 0.22420210251598252, 0.7469910642310639, 0.18595922818187582, 0.06660469852681042], ""kernels.1.base_kernel.kernels.1"": [0.6931481805599428, 0.6931481805599428, 0.6931481805599428]}","{""kernels.0"": 0.0003622977698193431, ""kernels.0.base_kernel.kernels.1"": 0.0033338456417473963, ""kernels.1"": 1.049908444416641}",8,8,24,24,24,archive,0,77
399,117.57377168216382,96.44480661265321,0.5004,global,-3.6623500707020975,-5.228020031846978,1.5656699611448808,0.9423016500705067,1.4078978951101098,global,,,0.2734881378491222,0.01116229296046589,0.01158654274955456,0.0003842652557081147,0.3512014720485652,0.06417012079803915,0.33320575043072265,0.7469911282652283,"{""kernels.0.base_kernel.kernels.0"": [0.3335344279305253, 0.3326841182663482, 0.33294795268600025, 0.3333021596931138, 0.33306989246578983, 0.3326452207751868, 0.3331983570671021, 0.3330704422631855, 0.33361107376572186, 0.3332131437943432, 0.33280187455830973, 0.3329692381055978, 0.333285195450237, 0.33295456122088896, 0.3332208431341716, 0.33305127508861027, 0.33316393179075465, 0.33354090666575226], ""kernels.0.base_kernel.kernels.1.base_kernel"": [0.6931481805599428, 0.6931481805599428, 0.6931481805599428], ""kernels.1.base_kernel.kernels.0"": [0.06417012079803915, 0.35746834792122717, 0.5070225123313636, 0.12439197112569167, 0.36843442966824463, 0.6114323382832418, 0.26225041473253846, 0.2432970641996345, 0.26254498431265094, 0.23338299421325479, 0.3351522862581678, 0.2524956139304213, 0.5275636046439547, 0.476609808231103, 0.22420210215572495, 0.7469911282652283, 0.1859592432824165, 0.06660470045457434], ""kernels.1.base_kernel.kernels.1"": [0.6931481805599428, 0.6931481805599428, 0.6931481805599428]}","{""kernels.0"": 0.0003622977701834091, ""kernels.0.base_kernel.kernels.1"": 0.003333845641704524, ""kernels.1"": 1.0499082727338078}",8,8,24,24,24,archive,1,78
400,108.8187943893371,96.44480661265321,0.5,global,-3.761250485580155,-5.177578031376639,1.4163275457964835,0.872080302358243,1.398372749737788,global,,,0.18702644569914503,0.011158564879900952,0.011582878596373478,0.0003844618918337918,0.35120146095618715,0.06417012095520497,0.3332057504358733,0.7469911389546425,"{""kernels.0.base_kernel.kernels.0"": [0.3335344279320745, 0.3326841182710812, 0.3329479526835773, 0.33330215969381805, 0.33306989246522545, 0.33264522076842806, 0.33319835706893125, 0.33307044226306226, 0.33361107376542254, 0.3332131438028154, 0.332801874559097, 0.3329692381106032, 0.3332851954456169, 0.33295456122139516, 0.3332208431287712, 0.33305127509397603, 0.3331639317910553, 0.3335409066683403], ""kernels.0.base_kernel.kernels.1.base_kernel"": [0.6931481805599428, 0.6931481805599428, 0.6931481805599428], ""kernels.1.base_kernel.kernels.0"": [0.06417012095520497, 0.3574683490200533, 0.5070225177665625, 0.12439197105541701, 0.36843442589505326, 0.6114323397422176, 0.2622504192254148, 0.24329707058615727, 0.2625449886039918, 0.23338299410063143, 0.3351522858095175, 0.2524956167954725, 0.5275636068754678, 0.47660981819444814, 0.22420210206583968, 0.7469911389546425, 0.18595924598919863, 0.06660470081681974], ""kernels.1.base_kernel.kernels.1"": [0.6931481805599428, 0.6931481805599428, 0.6931481805599428]}","{""kernels.0"": 0.0003622977702430447, ""kernels.0.base_kernel.kernels.1"": 0.003333845641697314, ""kernels.1"": 1.049908239456621}",8,8,24,24,24,archive,2,79
401,130.09450191424395,96.44480661265321,0.5012,global,-3.7299487412683465,-5.188943313628555,1.4589945723602087,0.5335434886115028,1.388747429661964,global,,,0.26515751157993245,0.011149581625844266,0.011580216328491773,0.0003845869652927341,0.34785545835502946,0.06420978113646546,0.33320718596884347,0.7497323421598515,"{""kernels.0.base_kernel.kernels.0"": [0.33353482217782043, 0.33268529999123253, 0.3329474639935971, 0.3333023483042092, 0.3330697730788128, 0.3326435009296487, 0.33319901580040967, 0.3330704159259631, 0.3336110216149588, 0.3332153561372773, 0.33280210295263335, 0.3329704954560494, 0.33328404023026137, 0.332954722228066, 0.33321948688642455, 0.3330526271378464, 0.3331640032523519, 0.3335415651019316], ""kernels.0.base_kernel.kernels.1.base_kernel"": [0.6931481805599428, 0.6931481805599428, 0.6931481805599428], ""kernels.1.base_kernel.kernels.0"": [0.06420978113646546, 0.3577834941472208, 0.5086178278446609, 0.12439711348335049, 0.367512695480524, 0.6118370871987284, 0.26403882555831815, 0.24495585604909978, 0.26371947121029804, 0.2335463462408046, 0.33515579373753945, 0.2532155689018186, 0.5281380402476297, 0.47931512718385544, 0.22421786393701523, 0.7497323421598515, 0.18664349819310416, 0.0667056932443845], ""kernels.1.base_kernel.kernels.1"": [0.6931481805599428, 0.6931481805599428, 0.6931481805599428]}","{""kernels.0"": 0.00036231250666269053, ""kernels.0.base_kernel.kernels.1"": 0.0033338438252389422, ""kernels.1"": 1.0398702187331867}",8,8,24,24,24,archive,2,80
402,127.55193885196658,96.44480661265321,0.5,global,-3.8705144641229223,-5.288134922976516,1.4176204588535937,0.6187203835196556,1.3908911009449665,global,,,0.3166355275965302,0.011144382016618734,0.01157507694803162,0.00038483339406971377,0.3478554671999147,0.0642097811683812,0.3332071859729593,0.7497323499500155,"{""kernels.0.base_kernel.kernels.0"": [0.33353482217959585, 0.33268529999304425, 0.33294746398997177, 0.33330234830472394, 0.3330697730775192, 0.3326435009192375, 0.3331990158013606, 0.333070415924316, 0.3336110216144593, 0.33321535614455794, 0.33280210295242124, 0.33297049545952095, 0.3332840402242294, 0.33295472222718386, 0.33321948688098757, 0.3330526271400909, 0.33316400325187606, 0.33354156510462446], ""kernels.0.base_kernel.kernels.1.base_kernel"": [0.6931481805599428, 0.6931481805599428, 0.6931481805599428], ""kernels.1.base_kernel.kernels.0"": [0.0642097811683812, 0.35778349154400146, 0.5086178313618075, 0.1243971121812917, 0.36751269086900124, 0.6118370855725355, 0.26403882804326473, 0.2449558588746362, 0.2637194723611054, 0.23354634420043227, 0.33515579508828136, 0.2532155698266248, 0.5281380402446829, 0.47931513493160716, 0.22421786228436072, 0.7497323499500155, 0.18664349922597992, 0.06670569349333648], ""kernels.1.base_kernel.kernels.1"": [0.6931481805599428, 0.6931481805599428, 0.6931481805599428]}","{""kernels.0"": 0.00036231250673345657, ""kernels.0.base_kernel.kernels.1"": 0.003333843825232421, ""kernels.1"": 1.0398702452677782}",8,8,24,24,24,archive,2,81
403,117.88751221899139,96.44480661265321,0.5032,global,-3.9222981484275286,-5.5104410185159125,1.588142870088384,1.230551073609601,1.4091984823535366,global,,,0.17514518734420667,0.011139981146332332,0.011570800330500243,0.00038511136235663845,0.34785547520109444,0.06420978119413794,0.33320718597692744,0.7497323575765446,"{""kernels.0.base_kernel.kernels.0"": [0.3335348221813513, 0.33268529999456115, 0.33294746398696423, 0.33330234830525707, 0.33306977307606717, 0.3326435009095344, 0.33319901580218886, 0.33307041592264147, 0.33361102161411393, 0.33321535615166603, 0.3328021029520157, 0.33297049546290053, 0.3332840402191583, 0.3329547222258979, 0.33321948687572367, 0.33305262714226347, 0.3331640032513549, 0.33354156510738053], ""kernels.0.base_kernel.kernels.1.base_kernel"": [0.6931481805599428, 0.6931481805599428, 0.6931481805599428], ""kernels.1.base_kernel.kernels.0"": [0.06420978119413794, 0.35778348895843376, 0.5086178358982587, 0.12439711128509998, 0.36751268608847554, 0.6118370844574176, 0.2640388300902513, 0.244955861417908, 0.26371947352787256, 0.23354634197239021, 0.33515579612935364, 0.2532155707380315, 0.5281380408746168, 0.4793151423185582, 0.22421786092799798, 0.7497323575765446, 0.18664350059348664, 0.06670569377608825], ""kernels.1.base_kernel.kernels.1"": [0.6931481805599428, 0.6931481805599428, 0.6931481805599428]}","{""kernels.0"": 0.00036231250680297784, ""kernels.0.base_kernel.kernels.1"": 0.0033338438252260095, ""kernels.1"": 1.0398702692712543}",8,8,24,24,24,archive,3,82
404,104.10307079031293,96.44480661265321,0.4996,global,-3.9119398006364454,-5.685270045890903,1.7733302452544573,1.0954494546678677,1.4137934367004021,global,,,0.06660942630171258,0.011142861192471338,0.011570869287819845,0.0003855562459315698,0.35267125763512225,0.064234726349817,0.3332076811456159,0.75527572397402,"{""kernels.0.base_kernel.kernels.0"": [0.33353606457215135, 0.33268680143968926, 0.33294568419075377, 0.33330287027521577, 0.3330686122267905, 0.3326372566141766, 0.33319953878763375, 0.33306932438038633, 0.33361071019471444, 0.33322020544531933, 0.3328019561153568, 0.3329728286565965, 0.3332802219885189, 0.33295330397762235, 0.333215823503598, 0.33305425562380464, 0.3331635996030512, 0.33354363512692403], ""kernels.0.base_kernel.kernels.1.base_kernel"": [0.6931481805599428, 0.6931481805599428, 0.6931481805599428], ""kernels.1.base_kernel.kernels.0"": [0.064234726349817, 0.35690368164171155, 0.5124462129611485, 0.12382593597241102, 0.36411209722944027, 0.6114786428202622, 0.26566336686479775, 0.2469926434279191, 0.26470653537482014, 0.23222600925108353, 0.3360127174354268, 0.25383648708087714, 0.5285311937066836, 0.48502190157944264, 0.2232318625208855, 0.75527572397402, 0.1875709343426959, 0.06692650213604337], ""kernels.1.base_kernel.kernels.1"": [0.6931481805599428, 0.6931481805599428, 0.6931481805599428]}","{""kernels.0"": 0.0003623608563316486, ""kernels.0.base_kernel.kernels.1"": 0.0033338393932354107, ""kernels.1"": 1.0543175726557996}",8,8,24,24,24,archive,3,83
405,118.8479982638815,96.44480661265321,0.5018,global,-3.8483813458469154,-5.162520671733276,1.3141393258863605,0.9284827035765325,1.4101189008075237,global,,,0.3160938530022178,0.01113130529052314,0.011565868758214524,0.0003854332994666609,0.3493815771481266,0.06428139574597241,0.33320696925741705,0.757014022215201,"{""kernels.0.base_kernel.kernels.0"": [0.33353651608807916, 0.33268819364061525, 0.3329463939302203, 0.33330322891257536, 0.3330687500747609, 0.3326329593640113, 0.3331993656876458, 0.3330693908020654, 0.33361091788222635, 0.3332222767375616, 0.33280269846192045, 0.33297360113725055, 0.3332782136106873, 0.3329528581006703, 0.3332145728271883, 0.33305394865520005, 0.33316352178423536, 0.3335443809554276], ""kernels.0.base_kernel.kernels.1.base_kernel"": [0.6931481805599428, 0.6931481805599428, 0.6931481805599428], ""kernels.1.base_kernel.kernels.0"": [0.06428139574597241, 0.3576615519052417, 0.5145535484894985, 0.12411696885440396, 0.36353423456338435, 0.6109796162884177, 0.2666569583656058, 0.2485509222797262, 0.2658282132097738, 0.23200334827370722, 0.337395150146605, 0.25428285121377625, 0.5286164450693126, 0.4874141681202819, 0.22312754972868443, 0.757014022215201, 0.18815966037992463, 0.06701719131790583], ""kernels.1.base_kernel.kernels.1"": [0.6931481805599428, 0.6931481805599428, 0.6931481805599428]}","{""kernels.0"": 0.00036237750403520256, ""kernels.0.base_kernel.kernels.1"": 0.0033338377403601418, ""kernels.1"": 1.0444485161999846}",8,8,24,24,24,archive,0,84
406,120.66908841089156,96.44480661265321,0.4984,global,-3.662841746579873,-5.053254015915194,1.3904122693353216,0.415508179831296,1.3367712957929452,global,,,0.28536759675779433,0.011126198630926603,0.01156068343696073,0.0003855465127090701,0.3493815917044953,0.06428139587550989,0.3332069692507529,0.7570140324496677,"{""kernels.0.base_kernel.kernels.0"": [0.33353651609201945, 0.33268819364510904, 0.3329463939314745, 0.33330322891523323, 0.33306875007393, 0.33263295932417847, 0.33319936568404207, 0.3330693907992531, 0.33361091788253383, 0.3332222767515098, 0.3328026984629897, 0.3329736011407649, 0.3332782135928259, 0.33295285809634934, 0.33321457281746364, 0.3330539486486681, 0.33316352178180014, 0.3335443809627819], ""kernels.0.base_kernel.kernels.1.base_kernel"": [0.6931481805599428, 0.6931481805599428, 0.6931481805599428], ""kernels.1.base_kernel.kernels.0"": [0.06428139587550989, 0.3576615510259425, 0.5145535596084925, 0.12411696828534566, 0.36353422746150504, 0.6109796085636308, 0.26665695845055665, 0.24855092741162613, 0.26582821528611766, 0.23200334203513404, 0.33739515404247705, 0.254282851317771, 0.5286164417908967, 0.4874141859584634, 0.22312754609992766, 0.7570140324496677, 0.18815966199024278, 0.06701719195904668], ""kernels.1.base_kernel.kernels.1"": [0.6931481805599428, 0.6931481805599428, 0.6931481805599428]}","{""kernels.0"": 0.0003623775041954915, ""kernels.0.base_kernel.kernels.1"": 0.0033338377403478946, ""kernels.1"": 1.0444485598689424}",8,8,24,24,24,archive,0,85
407,123.09557118727533,96.44480661265321,0.499,global,-3.6967498515238693,-5.324007940907958,1.6272580893840884,0.6992263561490093,1.3809778681507952,global,,,0.29694765791065014,0.011121583688911668,0.011556075426832024,0.0003857221168477153,0.34938159859555834,0.06428139594706345,0.33320696924753124,0.7570140379741702,"{""kernels.0.base_kernel.kernels.0"": [0.33353651609423185, 0.33268819364745844, 0.332946393931967, 0.3333032289168466, 0.33306875007335635, 0.33263295930219855, 0.33319936568207253, 0.3330693907977101, 0.33361091788272307, 0.3332222767591136, 0.33280269846344745, 0.33297360114268754, 0.33327821358301585, 0.33295285809377195, 0.3332145728129899, 0.33305394864492593, 0.3331635217803753, 0.33354438096683703], ""kernels.0.base_kernel.kernels.1.base_kernel"": [0.6931481805599428, 0.6931481805599428, 0.6931481805599428], ""kernels.1.base_kernel.kernels.0"": [0.06428139594706345, 0.3576615501664339, 0.5145535655747869, 0.1241169681772477, 0.36353422332405794, 0.6109796041974588, 0.2666569585516946, 0.24855093024126426, 0.2658282161924517, 0.23200333828485767, 0.3373951560246855, 0.25428285127232025, 0.5286164401583602, 0.48741419577812845, 0.22312754690805436, 0.7570140379741702, 0.18815966289821817, 0.06701719232571153], ""kernels.1.base_kernel.kernels.1"": [0.6931481805599428, 0.6931481805599428, 0.6931481805599428]}","{""kernels.0"": 0.00036237750428476297, ""kernels.0.base_kernel.kernels.1"": 0.0033338377403410867, ""kernels.1"": 1.0444485805420491}",8,8,24,24,24,archive,1,86
408,130.26475998143292,96.44480661265321,0.4974,global,-3.509798198348045,-5.020244487311049,1.5104462889630041,0.8096671560777482,1.4012353312796182,global,,,0.3018303395254315,0.01111701871625499,0.011551557097473285,0.00038593331866707806,0.3493816042141455,0.06428139601912924,0.3332069692445026,0.7570140433177794,"{""kernels.0.base_kernel.kernels.0"": [0.3335365160963976, 0.3326881936501424, 0.3329463939322978, 0.3333032289183442, 0.3330687500728057, 0.33263295928063047, 0.3331993656804233, 0.33306939079624365, 0.3336109178829158, 0.3332222767664352, 0.33280269846377275, 0.33297360114448665, 0.333278213573521, 0.33295285809130226, 0.3332145728085819, 0.33305394864114973, 0.33316352177906144, 0.33354438097084327], ""kernels.0.base_kernel.kernels.1.base_kernel"": [0.6931481805599428, 0.6931481805599428, 0.6931481805599428], ""kernels.1.base_kernel.kernels.0"": [0.06428139601912924, 0.357661549839391, 0.5145535711959056, 0.12411696799540671, 0.3635342192539653, 0.6109795997358042, 0.2666569597951475, 0.24855093292392977, 0.2658282167906474, 0.23200333507685647, 0.3373951577947575, 0.2542828511105779, 0.5286164387589005, 0.4874142054713777, 0.22312754747081254, 0.7570140433177794, 0.18815966381833452, 0.06701719274260787], ""kernels.1.base_kernel.kernels.1"": [0.6931481805599428, 0.6931481805599428, 0.6931481805599428]}","{""kernels.0"": 0.00036237750437156723, ""kernels.0.base_kernel.kernels.1"": 0.003333837740334533, ""kernels.1"": 1.0444485973977302}",8,8,24,24,24,archive,1,87
409,126.78189565443594,96.44480661265321,0.4992,global,-3.732813723308886,-5.611342144498576,1.8785284211896904,1.0530519829337157,1.409810959775924,global,,,0.25878994855749476,0.011112721445170722,0.011547424000834163,0.0003862452551394841,0.34938160890148545,0.06428139607747219,0.33320696924156296,0.7570140483796766,"{""kernels.0.base_kernel.kernels.0"": [0.33353651609849794, 0.33268819365260455, 0.3329463939325438, 0.3333032289197655, 0.33306875007224107, 0.3326329592595702, 0.33319936567882924, 0.3330693907949861, 0.33361091788308833, 0.33322227677345845, 0.33280269846400545, 0.3329736011470256, 0.3332782135642193, 0.33295285808882547, 0.33321457280429667, 0.3330539486373328, 0.3331635217777528, 0.33354438097473765], ""kernels.0.base_kernel.kernels.1.base_kernel"": [0.6931481805599428, 0.6931481805599428, 0.6931481805599428], ""kernels.1.base_kernel.kernels.0"": [0.06428139607747219, 0.3576615492449447, 0.514553576546878, 0.12411696770643821, 0.3635342151887346, 0.6109795952383673, 0.266656960759602, 0.24855093613332674, 0.2658282171633728, 0.23200333176646562, 0.33739515935385556, 0.25428285412311585, 0.5286164372172888, 0.48741421490442927, 0.22312754789384034, 0.7570140483796766, 0.18815966459928593, 0.06701719313918424], ""kernels.1.base_kernel.kernels.1"": [0.6931481805599428, 0.6931481805599428, 0.6931481805599428]}","{""kernels.0"": 0.0003623775044552114, ""kernels.0.base_kernel.kernels.1"": 0.0033338377403282155, ""kernels.1"": 1.044448611459673}",8,8,24,24,24,archive,2,88
410,152.3240471996734,96.44480661265321,0.5024,global,-3.771561364917535,-5.85090879879594,2.079347433878405,0.9466612290237917,1.3986357455256972,global,,,0.31730739935010865,0.011107917500436377,0.011542683680763671,0.0003864816132079196,0.34938161288709463,0.06428139613853297,0.3332069692384887,0.757014053860487,"{""kernels.0.base_kernel.kernels.0"": [0.3335365161007068, 0.3326881936550691, 0.33294639393269937, 0.33330322892127484, 0.3330687500716781, 0.3326329592374521, 0.33319936567713815, 0.33306939079364484, 0.3336109178835966, 0.33322227678076166, 0.3328026984641836, 0.3329736011496122, 0.33327821355464227, 0.3329528580866486, 0.3332145727998392, 0.3330539486334031, 0.33316352177637665, 0.33354438097886197], ""kernels.0.base_kernel.kernels.1.base_kernel"": [0.6931481805599428, 0.6931481805599428, 0.6931481805599428], ""kernels.1.base_kernel.kernels.0"": [0.06428139613853297, 0.3576615484534025, 0.5145535820077625, 0.12411696731355146, 0.36353421082991555, 0.6109795909236503, 0.26665696156960433, 0.2485509395277855, 0.2658282182709573, 0.23200332855521266, 0.3373951609669671, 0.25428285719262955, 0.5286164356201861, 0.487414226907508, 0.22312754830190182, 0.757014053860487, 0.1881596653688819, 0.06701719359334393], ""kernels.1.base_kernel.kernels.1"": [0.6931481805599428, 0.6931481805599428, 0.6931481805599428]}","{""kernels.0"": 0.000362377504542016, ""kernels.0.base_kernel.kernels.1"": 0.0033338377403216444, ""kernels.1"": 1.0444486234164203}",8,8,24,24,24,archive,1,89
411,126.17151528830642,96.44480661265321,0.499,global,-3.795722329138566,-5.4977021976519085,1.7019798685133423,1.123242202478268,1.4135860546283538,global,,,0.23175794259219099,0.011096654874665842,0.011539376044757625,0.00038698521708697227,0.35833344759109403,0.06470769851136432,0.33319115015162165,0.7851331952459192,"{""kernels.0.base_kernel.kernels.0"": [0.3335483099377362, 0.33270389831921754, 0.3329459175529223, 0.33331246515592083, 0.33306693498867596, 0.33251180742058783, 0.3331914353256709, 0.3330593404855239, 0.3336141620420034, 0.3332640510424372, 0.3328034424831285, 0.332985607347144, 0.33323056782892835, 0.33294055501746556, 0.3331908649775724, 0.33303286897001494, 0.3331561700617961, 0.3335673232418475], ""kernels.0.base_kernel.kernels.1.base_kernel"": [0.6931481805599428, 0.6931481805599428, 0.6931481805599428], ""kernels.1.base_kernel.kernels.0"": [0.06470769851136432, 0.35512880001685615, 0.5462892848076768, 0.12258954013054764, 0.3421199084154106, 0.5893909896025401, 0.272742039436788, 0.2654531080964523, 0.2728755738703821, 0.22035808956057987, 0.3454695684794093, 0.26808326910319585, 0.5233434759454036, 0.549633635633056, 0.22939931478396056, 0.7851331952459192, 0.19331302105225676, 0.06969373573951695], ""kernels.1.base_kernel.kernels.1"": [0.6931481805599428, 0.6931481805599428, 0.6931481805599428]}","{""kernels.0"": 0.0003628477023290857, ""kernels.0.base_kernel.kernels.1"": 0.003333802531868383, ""kernels.1"": 1.0713036925390846}",8,8,24,24,24,archive,0,90
412,106.8369744100871,96.44480661265321,0.5018,global,-3.9891867763359414,-5.616364395760784,1.6271776194248426,1.4731634283487658,1.413828340990444,global,,,0.17189705915038528,0.011091222850782739,0.011533922361925745,0.00038716569907235564,0.35833344673545775,0.06470769853725913,0.33319115014954614,0.785133196347004,"{""kernels.0.base_kernel.kernels.0"": [0.33354830993967194, 0.33270389832330033, 0.3329459175528078, 0.3333124651583544, 0.33306693499068096, 0.33251180740615044, 0.33319143532460826, 0.3330593404799214, 0.3336141620437066, 0.3332640510512513, 0.33280344248097804, 0.3329856073472398, 0.33323056782162863, 0.3329405550101689, 0.333190864974484, 0.333032868964851, 0.3331561700602796, 0.3335673232452082], ""kernels.0.base_kernel.kernels.1.base_kernel"": [0.6931481805599428, 0.6931481805599428, 0.6931481805599428], ""kernels.1.base_kernel.kernels.0"": [0.06470769853725913, 0.3551287997753457, 0.5462892903224209, 0.12258954026793921, 0.34211990771920664, 0.5893909897954904, 0.27274203987232243, 0.2654531059673839, 0.2728755750908993, 0.2203580912026843, 0.3454695675634668, 0.26808326625860945, 0.5233434779480086, 0.5496336358802003, 0.22939931831871302, 0.785133196347004, 0.19331302224841268, 0.0696937358380578], ""kernels.1.base_kernel.kernels.1"": [0.6931481805599428, 0.6931481805599428, 0.6931481805599428]}","{""kernels.0"": 0.00036284770241655327, ""kernels.0.base_kernel.kernels.1"": 0.0033338025318623175, ""kernels.1"": 1.0713036899720945}",8,8,24,24,24,archive,1,91
413,128.1590259719163,96.44480661265321,0.5008,global,-3.900509053003246,-5.073250159986253,1.1727411069830076,0.671223692155091,1.409961710533676,global,,,0.2544127718631518,0.01109128797170321,0.01153861638526482,0.0003877478896979562,0.35636996615950345,0.06473399871542031,0.33318971002443676,0.7855831217108765,"{""kernels.0.base_kernel.kernels.0"": [0.3335496899984215, 0.33270677985139835, 0.33294578777703254, 0.3333142582073375, 0.3330682926513525, 0.33250149204060025, 0.3331905705631671, 0.3330554601263018, 0.3336156565367719, 0.33327021004272034, 0.3328018256642539, 0.3329856588228092, 0.33322546433825395, 0.33293842427914255, 0.33318884948570643, 0.33302890362284104, 0.33315513702435834, 0.33356968307243473], ""kernels.0.base_kernel.kernels.1.base_kernel"": [0.6931481805599428, 0.6931481805599428, 0.6931481805599428], ""kernels.1.base_kernel.kernels.0"": [0.06473399871542031, 0.3551327309216515, 0.550352287218893, 0.12276851955757735, 0.3414541151746604, 0.5898182435688666, 0.2729465606953458, 0.264155603319315, 0.2739827149445312, 0.22152260210048558, 0.34470538091062497, 0.26607538512305035, 0.5246318443727968, 0.5555665968102255, 0.2325669927290681, 0.7855831217108765, 0.19426606867241317, 0.06977221916109012], ""kernels.1.base_kernel.kernels.1"": [0.6931481805599428, 0.6931481805599428, 0.6931481805599428]}","{""kernels.0"": 0.0003629074114689069, ""kernels.0.base_kernel.kernels.1"": 0.003333798264221558, ""kernels.1"": 1.0654131928028199}",8,8,24,24,24,archive,1,92
414,135.13963939516475,96.44480661265321,0.5006,global,-4.04564991251898,-5.66392954882858,1.6182796363096,1.3056942477459421,1.4140308777319783,global,,,0.3190226538844068,0.011086085463734146,0.011533443149737622,0.0003879674129168177,0.3563699772107513,0.06473399867408128,0.3331897100211645,0.7855831213357904,"{""kernels.0.base_kernel.kernels.0"": [0.3335496900006816, 0.3327067798546611, 0.33294578777526324, 0.33331425820974997, 0.3330682926524986, 0.3325014920224189, 0.3331905705612537, 0.33305546012074333, 0.3336156565388054, 0.33327021005094337, 0.33280182566108674, 0.3329856588226545, 0.3332254643294684, 0.33293842427487363, 0.33318884948107524, 0.33302890361540033, 0.3331551370222639, 0.33356968307617824], ""kernels.0.base_kernel.kernels.1.base_kernel"": [0.6931481805599428, 0.6931481805599428, 0.6931481805599428], ""kernels.1.base_kernel.kernels.0"": [0.06473399867408128, 0.35513272955217473, 0.5503522909026526, 0.12276851889649765, 0.34145411280188337, 0.5898182408404453, 0.27294655909469123, 0.2641556013815543, 0.2739827151354832, 0.2215226013883413, 0.3447053785542823, 0.2660753819709537, 0.524631844179871, 0.5555666042177775, 0.23256699490461571, 0.7855831213357904, 0.1942660688931822, 0.06977221924124857], ""kernels.1.base_kernel.kernels.1"": [0.6931481805599428, 0.6931481805599428, 0.6931481805599428]}","{""kernels.0"": 0.0003629074115711187, ""kernels.0.base_kernel.kernels.1"": 0.0033337982642151994, ""kernels.1"": 1.0654132259564675}",8,8,24,24,24,archive,1,93
415,97.26854533902815,96.44480661265321,0.4986,local,-4.146732266875716,-13.269451665835371,9.122719398959655,0.048960766130234826,0.232871659622578,archive,378,39,0.03949865590978038,0.011081441990385207,0.011528968193913733,0.0003882943256346662,0.35636998726945873,0.06473399868260175,0.3331897100179615,0.7855831209114901,"{""kernels.0.base_kernel.kernels.0"": [0.3335496900029261, 0.3327067798580866, 0.3329457877735553, 0.333314258212071, 0.3330682926536012, 0.33250149200495305, 0.33319057055930346, 0.3330554601153924, 0.33361565654070646, 0.33327021005873014, 0.3328018256578932, 0.3329856588224038, 0.3332254643208305, 0.3329384242705445, 0.3331888494766196, 0.3330289036081394, 0.3331551370202261, 0.3335696830798522], ""kernels.0.base_kernel.kernels.1.base_kernel"": [0.6931481805599428, 0.6931481805599428, 0.6931481805599428], ""kernels.1.base_kernel.kernels.0"": [0.06473399868260175, 0.35513273001568607, 0.5503522947001604, 0.12276851820702799, 0.34145411046971197, 0.5898182385159851, 0.2729465572137554, 0.26415559929191235, 0.2739827150783002, 0.2215226005204977, 0.3447053760384055, 0.26607537878418686, 0.5246318438523877, 0.5555666112369095, 0.2325669968888152, 0.7855831209114901, 0.19426606901122837, 0.06977221934700022], ""kernels.1.base_kernel.kernels.1"": [0.6931481805599428, 0.6931481805599428, 0.6931481805599428]}","{""kernels.0"": 0.0003629074116699677, ""kernels.0.base_kernel.kernels.1"": 0.0033337982642091214, ""kernels.1"": 1.0654132561324972}",8,8,24,24,24,archive,1,94
416,209.81498802414853,96.44480661265321,0.4992,global,-4.15126389991304,-5.600216463038135,1.4489525631250944,0.7053593528089531,1.401614101736939,global,,,0.46021705844586613,0.011003951348307438,0.011439922395831807,0.000382361341277702,0.359067831376864,0.06475025665610996,0.3331886521876337,0.785605140272638,"{""kernels.0.base_kernel.kernels.0"": [0.3335505801031655, 0.33270807316825135, 0.3329446231526577, 0.33331516860907767, 0.33306876387190043, 0.3324950064680499, 0.33319001107685486, 0.3330535895914476, 0.3336163769216134, 0.3332731034917824, 0.33280062240985686, 0.3329856131027172, 0.3332222672647487, 0.3329368616532888, 0.33318729329841257, 0.3330264848698238, 0.33315438321119817, 0.3335710544145654], ""kernels.0.base_kernel.kernels.1.base_kernel"": [0.6931481805599428, 0.6931481805599428, 0.6931481805599428], ""kernels.1.base_kernel.kernels.0"": [0.06475025665610996, 0.3553811225559549, 0.5526498148489836, 0.12261783075129438, 0.3406965836985818, 0.5890872481549427, 0.27264632212111994, 0.2634947320626486, 0.274019647366846, 0.22135712694929358, 0.343897030644371, 0.2650168210237163, 0.5246855417772986, 0.55814600839499, 0.23334514281581992, 0.785605140272638, 0.19441764886145083, 0.06982360941650231], ""kernels.1.base_kernel.kernels.1"": [0.6931481805599428, 0.6931481805599428, 0.6931481805599428]}","{""kernels.0"": 0.0003629432757808045, ""kernels.0.base_kernel.kernels.1"": 0.003333796052802111, ""kernels.1"": 1.073506754802009}",8,8,24,24,24,archive,0,95
417,99.19532798883333,96.44480661265321,0.4982,local,-4.166325107523259,-27.130622842940106,22.964297735416846,0.10888749627817963,0.6066334910824955,archive,485,70,0.0358891570906019,0.01100203540274048,0.011442281302280467,0.00038316957938733454,0.3570965424766477,0.06478676395163402,0.33318789496129536,0.7858451564953258,"{""kernels.0.base_kernel.kernels.0"": [0.3335512704162631, 0.3327095200906917, 0.33294395723422315, 0.33331598384998956, 0.33306933563688784, 0.33249027690044225, 0.33318974202436713, 0.3330524492159999, 0.33361702004237614, 0.33327559530995127, 0.3328000124755651, 0.33298577654348765, 0.3332198916518722, 0.33293578228727594, 0.3331860478982236, 0.3330248472219366, 0.3331538629800758, 0.33357212974803996], ""kernels.0.base_kernel.kernels.1.base_kernel"": [0.6931481805599428, 0.6931481805599428, 0.6931481805599428], ""kernels.1.base_kernel.kernels.0"": [0.06478676395163402, 0.35605504212022304, 0.554818793756584, 0.12266756001155309, 0.34034303927277054, 0.5889870116439273, 0.2729555936473038, 0.26359185990200706, 0.27457338283137167, 0.22162140023071777, 0.3436683309672179, 0.264438923386187, 0.5250498213797681, 0.5605012359570044, 0.23422654468490212, 0.7858451564953258, 0.19472569737739587, 0.06989410904451392], ""kernels.1.base_kernel.kernels.1"": [0.6931481805599428, 0.6931481805599428, 0.6931481805599428]}","{""kernels.0"": 0.00036297028881359056, ""kernels.0.base_kernel.kernels.1"": 0.003333794174957206, ""kernels.1"": 1.0675928629661722}",8,8,24,24,24,archive,3,96
418,115.56578465295382,96.44480661265321,0.4978,global,-3.842753858119357,-5.798965978714031,1.9562121205946736,0.6779566009949773,1.3650235713849816,global,,,0.33449944469625076,0.010957330769514977,0.01140063034928528,0.00038048022660545856,0.3570985818250964,0.06478682252942525,0.33318789417758304,0.7858454545327369,"{""kernels.0.base_kernel.kernels.0"": [0.333551271445365, 0.33270952154627853, 0.33294395286085726, 0.3333159848389066, 0.3330693356751986, 0.33249027051153685, 0.3331897422180725, 0.3330524474343779, 0.3336170206974107, 0.3332755985251399, 0.33280001148716387, 0.3329857768706108, 0.3332198881577074, 0.3329357798364468, 0.33318604613709357, 0.33302484421831063, 0.33315386232111893, 0.33357213112018563], ""kernels.0.base_kernel.kernels.1.base_kernel"": [0.6931481805599428, 0.6931481805599428, 0.6931481805599428], ""kernels.1.base_kernel.kernels.0"": [0.06478682252942525, 0.3560549690207919, 0.5548202807796556, 0.1226674733216724, 0.3403419421836519, 0.5889859282941966, 0.27295488154260483, 0.2635907522845369, 0.2745735578081855, 0.22162107249264276, 0.34366784220926594, 0.2644382008583905, 0.5250496996658442, 0.5605031183368432, 0.23422720943299344, 0.7858454545327369, 0.19472585667710934, 0.06989415652980803], ""kernels.1.base_kernel.kernels.1"": [0.6931481805599428, 0.6931481805599428, 0.6931481805599428]}","{""kernels.0"": 0.0003629703288125796, ""kernels.0.base_kernel.kernels.1"": 0.003333794172582669, ""kernels.1"": 1.067598980973894}",8,8,24,24,24,archive,2,97
419,130.6992264793148,96.44480661265321,0.4994,global,-3.726432265251394,-5.113438601271091,1.387006336019697,0.6243125916699664,1.2974595623309617,global,,,0.23284058058271118,0.010960053105464653,0.011400394425347515,0.0003808665015424955,0.35956589416524537,0.06485213412814876,0.333187032809496,0.7863761434820135,"{""kernels.0.base_kernel.kernels.0"": [0.3335525836755222, 0.3327112760735948, 0.3329389880527964, 0.33331738756958407, 0.3330693779760343, 0.33248186233776744, 0.33319031316495806, 0.33305003572548236, 0.33361787361435813, 0.33327961395909755, 0.3327988509921294, 0.33298615583122826, 0.3332158287221584, 0.33293227808454773, 0.3331837524540339, 0.3330210572546133, 0.33315306392494476, 0.3335739315579788], ""kernels.0.base_kernel.kernels.1.base_kernel"": [0.6931481805599428, 0.6931481805599428, 0.6931481805599428], ""kernels.1.base_kernel.kernels.0"": [0.06485213412814876, 0.35575694591855783, 0.5574600233865707, 0.12275232882641893, 0.3389628729265274, 0.5874985337986859, 0.2725019613885419, 0.2621639368916561, 0.2748243760408877, 0.22089714722716916, 0.343200244795083, 0.26340537546837145, 0.525449195425884, 0.5626982345991979, 0.23511573028378177, 0.7863761434820135, 0.19511465893315472, 0.0699723318972762], ""kernels.1.base_kernel.kernels.1"": [0.6931481805599428, 0.6931481805599428, 0.6931481805599428]}","{""kernels.0"": 0.0003630218370450416, ""kernels.0.base_kernel.kernels.1"": 0.003333791103456493, ""kernels.1"": 1.0750008695552347}",8,8,24,24,24,archive,0,98
420,124.91538362235944,96.44480661265321,0.4992,global,-3.676138095965147,-5.409589460621999,1.733451364656852,0.945549394293496,1.3852607294505035,global,,,0.30677250414460133,0.010955383533385316,0.011395833797878806,0.0003811389828554876,0.3595658866591805,0.06485213429745015,0.3331870328083528,0.7863761454255016,"{""kernels.0.base_kernel.kernels.0"": [0.3335525836777349, 0.3327112760780235, 0.3329389880446499, 0.3333173875722896, 0.3330693779768187, 0.332481862323615, 0.3331903131664896, 0.3330500357222733, 0.3336178736162108, 0.33327961396713024, 0.33279885099094886, 0.3329861558325893, 0.3332158287157261, 0.3329322780797567, 0.33318375245021603, 0.33302105724920644, 0.3331530639237679, 0.3335739315611275], ""kernels.0.base_kernel.kernels.1.base_kernel"": [0.6931481805599428, 0.6931481805599428, 0.6931481805599428], ""kernels.1.base_kernel.kernels.0"": [0.06485213429745015, 0.35575694704417976, 0.5574600291790628, 0.12275232964217153, 0.33896287135825676, 0.5874985324786427, 0.27250196306896335, 0.26216393639832464, 0.27482437825306044, 0.2208971477355657, 0.3432002451335201, 0.2634053747067231, 0.5254491976036321, 0.5626982401721144, 0.235115733104021, 0.7863761454255016, 0.19511466045701986, 0.06997233215667739], ""kernels.1.base_kernel.kernels.1"": [0.6931481805599428, 0.6931481805599428, 0.6931481805599428]}","{""kernels.0"": 0.00036302183713173236, ""kernels.0.base_kernel.kernels.1"": 0.003333791103450723, ""kernels.1"": 1.075000847036959}",8,8,24,24,24,archive,1,99
421,124.00847716725758,96.44480661265321,0.5002,global,-3.6926448623820525,-5.587045960005983,1.8944010976239305,0.8604364769876702,1.40333388608031,global,,,0.2765264990169694,0.010951224020087861,0.011391778792680095,0.0003813887729063578,0.3595658781136994,0.06485213446231475,0.3331870328071899,0.7863761477917315,"{""kernels.0.base_kernel.kernels.0"": [0.33355258367998214, 0.33271127608240975, 0.33293898803685923, 0.333317387575061, 0.33306937797762554, 0.332481862310103, 0.3331903131681307, 0.33305003571899644, 0.33361787361824524, 0.33327961397533107, 0.3327988509896279, 0.3329861558339374, 0.33321582870932587, 0.33293227807593345, 0.33318375244624915, 0.33302105724404996, 0.333153063922514, 0.33357393156432236], ""kernels.0.base_kernel.kernels.1.base_kernel"": [0.6931481805599428, 0.6931481805599428, 0.6931481805599428], ""kernels.1.base_kernel.kernels.0"": [0.06485213446231475, 0.3557569480722546, 0.5574600367468927, 0.12275233052527355, 0.33896286966766037, 0.5874985334038851, 0.27250196524400727, 0.26216393585620856, 0.2748243807775974, 0.22089714814194203, 0.3432002454049725, 0.2634053738240186, 0.5254492001539937, 0.562698247663796, 0.23511573594420962, 0.7863761477917315, 0.19511466209287878, 0.06997233242910729], ""kernels.1.base_kernel.kernels.1"": [0.6931481805599428, 0.6931481805599428, 0.6931481805599428]}","{""kernels.0"": 0.00036302183721704774, ""kernels.0.base_kernel.kernels.1"": 0.00333379110344484, ""kernels.1"": 1.0750008214004363}",8,8,24,24,24,archive,0,100
422,119.62795207737024,96.44480661265321,0.5024,global,-3.835280981121146,-5.472926956691299,1.6376459755701527,0.6255964643971781,1.3934806824037655,global,,,0.27421635213981504,0.010946927392926822,0.011387557701411713,0.0003816171984159872,0.35956586827655085,0.06485213464600303,0.3331870328059714,0.7863761502881004,"{""kernels.0.base_kernel.kernels.0"": [0.33355258368231927, 0.3327112760868623, 0.33293898802940597, 0.33331738757791884, 0.3330693779784238, 0.33248186229675386, 0.33319031316981695, 0.333050035715764, 0.3336178736204322, 0.3332796139838262, 0.33279885098818085, 0.33298615583531593, 0.3332158287027182, 0.33293227807222603, 0.3331837524421259, 0.3330210572387277, 0.3331530639212037, 0.3335739315676124], ""kernels.0.base_kernel.kernels.1.base_kernel"": [0.6931481805599428, 0.6931481805599428, 0.6931481805599428], ""kernels.1.base_kernel.kernels.0"": [0.06485213464600303, 0.3557569491051599, 0.5574600459676673, 0.12275233153811985, 0.33896286781294493, 0.5874985352886071, 0.2725019676752426, 0.26216393571197383, 0.2748243835540824, 0.22089714863230206, 0.343200245552239, 0.26340537292679056, 0.5254492029905184, 0.5626982558647083, 0.23511573884897982, 0.7863761502881004, 0.19511466387409276, 0.0699723327233022], ""kernels.1.base_kernel.kernels.1"": [0.6931481805599428, 0.6931481805599428, 0.6931481805599428]}","{""kernels.0"": 0.0003630218373036972, ""kernels.0.base_kernel.kernels.1"": 0.0033337911034387892, ""kernels.1"": 1.0750007918889102}",8,8,24,24,24,archive,1,101
423,193.63476572461698,96.44480661265321,0.5036,global,-3.673080213735911,-5.1420822497277205,1.4690020359918097,1.1421907816993773,1.4076239449940897,global,,,0.3356511195697549,0.010942221808871454,0.01138281654668665,0.00038175870874789983,0.35956584152099497,0.06485213507963286,0.33318703280318346,0.786376159046131,"{""kernels.0.base_kernel.kernels.0"": [0.33355258368805535, 0.33271127609771606, 0.3329389880110835, 0.33331738758531676, 0.33306937798031644, 0.3324818622637099, 0.3331903131742234, 0.3330500357074347, 0.3336178736265216, 0.333279614004121, 0.33279885098443757, 0.3329861558385495, 0.33321582868852284, 0.3329322780634306, 0.33318375243214354, 0.3330210572263111, 0.3331530639186588, 0.3335739315758456], ""kernels.0.base_kernel.kernels.1.base_kernel"": [0.6931481805599428, 0.6931481805599428, 0.6931481805599428], ""kernels.1.base_kernel.kernels.0"": [0.06485213507963286, 0.35575695116679323, 0.5574600683058396, 0.12275233509386978, 0.338962863135323, 0.5874985395694726, 0.2725019736868043, 0.26216393483090183, 0.2748243909347885, 0.22089714873169786, 0.3432002458379499, 0.2634053703483856, 0.5254492141555018, 0.5626982781358272, 0.23511574605280602, 0.786376159046131, 0.1951146702931499, 0.06997233355295703], ""kernels.1.base_kernel.kernels.1"": [0.6931481805599428, 0.6931481805599428, 0.6931481805599428]}","{""kernels.0"": 0.00036302183751532575, ""kernels.0.base_kernel.kernels.1"": 0.003333791103423958, ""kernels.1"": 1.0750007116220455}",8,8,24,24,24,archive,2,102
424,97.57788177250504,96.44480661265321,0.4944,local,-4.102299794462921,-19.794066708133293,15.691766913670373,0.0790272166241426,0.5838717864313603,archive,299,60,0.043512535571130155,0.010944422236929069,0.011392296065469189,0.0003830928639184209,0.35636793199465266,0.06492852755496437,0.3331864865190972,0.7878194112314371,"{""kernels.0.base_kernel.kernels.0"": [0.33355359984968697, 0.3327128779757921, 0.3329355848253733, 0.3333186971219369, 0.3330696305607227, 0.33247555079860075, 0.33319101289184916, 0.3330487016115516, 0.33361891126813037, 0.33328297468821866, 0.33279814182564593, 0.33298560784973774, 0.33321330777314273, 0.33293089935513875, 0.33318196014634527, 0.333019015382674, 0.33315263349823687, 0.33357537581042485], ""kernels.0.base_kernel.kernels.1.base_kernel"": [0.6931481805599428, 0.6931481805599428, 0.6931481805599428], ""kernels.1.base_kernel.kernels.0"": [0.06492852755496437, 0.35564494542925434, 0.5611831674782555, 0.1233785366998918, 0.3380479741402801, 0.5874812021860977, 0.27343851188658547, 0.26179446590429767, 0.2758002697992836, 0.2204584982019035, 0.343123285859794, 0.2610703331347104, 0.5273301555844867, 0.5666584367064657, 0.23624086890940532, 0.7878194112314371, 0.19622695243314925, 0.07010383004623764], ""kernels.1.base_kernel.kernels.1"": [0.6931481805599428, 0.6931481805599428, 0.6931481805599428]}","{""kernels.0"": 0.0003630595522873875, ""kernels.0.base_kernel.kernels.1"": 0.0033337885547582223, ""kernels.1"": 1.0654069478769124}",8,8,24,24,24,archive,2,103
425,98.61326404268087,96.44480661265321,0.4976,local,-4.106690417366718,-13.535958715946844,9.429268298580126,0.07241273088082559,0.2876272769076019,archive,378,42,0.07380782329128262,0.010898619606489602,0.01135564043411652,0.00038069226559284234,0.36340052361952213,0.06612898687283059,0.3331327240044324,0.8006095772695783,"{""kernels.0.base_kernel.kernels.0"": [0.3335772575110758, 0.33274811377887614, 0.332850132947916, 0.33334135942994025, 0.3330815695512873, 0.3323286881618338, 0.333197392497838, 0.3330304699921118, 0.33363948608974137, 0.3333608492483291, 0.3327843659908261, 0.33298554966493976, 0.33313758587347164, 0.3328923809235182, 0.3331315598370096, 0.3329536457746358, 0.33313388817185524, 0.3336057324259099], ""kernels.0.base_kernel.kernels.1.base_kernel"": [0.6931481805599428, 0.6931481805599428, 0.6931481805599428], ""kernels.1.base_kernel.kernels.0"": [0.06612898687283059, 0.3506151047247294, 0.6137430500769385, 0.1240663166523453, 0.321658901916103, 0.5673935054291214, 0.27799742864369853, 0.2624555389145098, 0.29763570771168646, 0.20956368962158972, 0.33905441752493615, 0.24232428244926957, 0.5356865248049016, 0.6328929494191418, 0.2481306204783242, 0.8006095772695783, 0.19977518275401013, 0.07189568449337061], ""kernels.1.base_kernel.kernels.1"": [0.6931481805599428, 0.6931481805599428, 0.6931481805599428]}","{""kernels.0"": 0.0003639956422365704, ""kernels.0.base_kernel.kernels.1"": 0.003333729956828114, ""kernels.1"": 1.0865038452595017}",8,8,24,24,24,archive,2,104
426,103.56318135362719,96.44480661265321,0.4998,local,-4.18192128632045,-25.273294206533997,21.091372920213548,0.08422460001856301,0.4394577775218692,archive,304,69,0.0801294784402371,0.0108603125357366,0.011312614133833635,0.00037789822106527686,0.36339957389769223,0.06612902011502016,0.33313272300928076,0.8006095988894847,"{""kernels.0.base_kernel.kernels.0"": [0.33357725797427484, 0.3327481161391486, 0.3328501311106721, 0.33334135993088426, 0.3330815702227208, 0.33232868717998504, 0.33319739270471227, 0.3330304695122159, 0.3336394858583811, 0.3333608515861639, 0.3327843660906648, 0.33298555071236885, 0.333137584153496, 0.33289237878834693, 0.33313155830482, 0.33295364432973673, 0.3331338877137416, 0.3336057329943929], ""kernels.0.base_kernel.kernels.1.base_kernel"": [0.6931481805599428, 0.6931481805599428, 0.6931481805599428], ""kernels.1.base_kernel.kernels.0"": [0.06612902011502016, 0.3506163497890215, 0.613743323350507, 0.12406642424752526, 0.32165863235242176, 0.5673944245919469, 0.27799779384658696, 0.26245543728576226, 0.2976363887178257, 0.20956352552593674, 0.33905490202256494, 0.24232485642365487, 0.5356862707993126, 0.632891928453424, 0.24813118134688344, 0.8006095988894847, 0.19977523928692917, 0.07189563509301727], ""kernels.1.base_kernel.kernels.1"": [0.6931481805599428, 0.6931481805599428, 0.6931481805599428]}","{""kernels.0"": 0.00036399567598262094, ""kernels.0.base_kernel.kernels.1"": 0.0033337299545429504, ""kernels.1"": 1.0865009960625511}",8,8,24,24,24,archive,1,105
427,133.4310288854348,96.44480661265321,0.497,global,-3.705694615544858,-5.0268167770783245,1.3211221615334665,0.7344774430625776,1.3851210577794422,global,,,0.3173778215517282,0.010848520573358665,0.011303022433344578,0.00037745618335959614,0.362131916480859,0.06616149374884024,0.33313196480722235,0.800938502811042,"{""kernels.0.base_kernel.kernels.0"": [0.3335776233258788, 0.3327500795429391, 0.33284858789392113, 0.33334175131906807, 0.3330817679836936, 0.33232803344597417, 0.3331975828266434, 0.33303007490807085, 0.3336393826770096, 0.333362610505369, 0.3327846613740563, 0.33298650262354956, 0.3331361593282103, 0.33289068466291033, 0.33313037596613987, 0.33295236755770335, 0.3331335536483048, 0.33360618217541577], ""kernels.0.base_kernel.kernels.1.base_kernel"": [0.6931481805599428, 0.6931481805599428, 0.6931481805599428], ""kernels.1.base_kernel.kernels.0"": [0.06616149374884024, 0.3517947195269033, 0.6139148561632248, 0.12419079818127869, 0.3219262933350737, 0.5681543534933395, 0.27857516411882133, 0.26244092695832355, 0.29820370835333443, 0.20954290508384332, 0.3397471980869352, 0.24289543816910783, 0.5354951062947524, 0.6321370193517086, 0.24850698976659652, 0.800938502811042, 0.19988339133514188, 0.07185270370746184], ""kernels.1.base_kernel.kernels.1"": [0.6931481805599428, 0.6931481805599428, 0.6931481805599428]}","{""kernels.0"": 0.0003640207909827073, ""kernels.0.base_kernel.kernels.1"": 0.00333372824927786, ""kernels.1"": 1.0826980004023166}",12,4,36,12,12,archive,1,106
428,153.13123052290996,96.44480661265321,0.4998,global,-4.191130398685564,-5.704858724026241,1.5137283253406775,0.9929965119791873,1.402304122801818,global,,,0.43495171611196776,0.010844926422383824,0.011297868522854096,0.0003777000795058932,0.36344271113949395,0.0661796807042691,0.3331308777511792,0.801244899422532,"{""kernels.0.base_kernel.kernels.0"": [0.3335781537130346, 0.33275209400554634, 0.3328464250835201, 0.3333422140977222, 0.3330818573370746, 0.33232650060289415, 0.3331975322131598, 0.33302940410644843, 0.33363918945438203, 0.3333647572806651, 0.33278461710630686, 0.3329875209438266, 0.33313409151550166, 0.3328886365263456, 0.3331287324006462, 0.33295034932019063, 0.3331330231017123, 0.3336068288101039], ""kernels.0.base_kernel.kernels.1.base_kernel"": [0.6931481805599428, 0.6931481805599428, 0.6931481805599428], ""kernels.1.base_kernel.kernels.0"": [0.0661796807042691, 0.3526733971794401, 0.6141467471637289, 0.12411142571794927, 0.32196609552394884, 0.5685881167896769, 0.2785533919494392, 0.2620017628844833, 0.2983666615654662, 0.2091710098582619, 0.3400763569670482, 0.24326962762971674, 0.5349383126802072, 0.6320055714218711, 0.24862829285903082, 0.801244899422532, 0.19979797104039035, 0.07180104070701941], ""kernels.1.base_kernel.kernels.1"": [0.6931481805599428, 0.6931481805599428, 0.6931481805599428]}","{""kernels.0"": 0.00036405501677341725, ""kernels.0.base_kernel.kernels.1"": 0.003333726104601212, ""kernels.1"": 1.0866303522971072}",12,4,36,12,12,archive,1,107
429,99.34112339406033,96.44480661265321,0.4988,local,-4.214094556641477,-13.293241127699787,9.07914657105831,0.07295153775230785,0.5295834010230815,archive,199,35,0.09738391580225547,0.010843628639698758,0.011299487680213086,0.0003784998701577014,0.3624371129950023,0.06621126953214249,0.3331296090626962,0.8016790048365618,"{""kernels.0.base_kernel.kernels.0"": [0.33357866995659147, 0.3327543414571503, 0.33284481079202977, 0.3333427381582251, 0.33308203816136567, 0.3323251296657624, 0.33319759681949757, 0.33302884063103416, 0.3336391379581207, 0.3333669601235653, 0.3327846290500937, 0.33298861776643823, 0.33313204216732645, 0.3328871760220082, 0.33312717595806596, 0.33294848472354494, 0.33313254293435723, 0.33360743907526247], ""kernels.0.base_kernel.kernels.1.base_kernel"": [0.6931481805599428, 0.6931481805599428, 0.6931481805599428], ""kernels.1.base_kernel.kernels.0"": [0.06621126953214249, 0.35400402049106344, 0.6149344522915619, 0.12418067770287583, 0.32225429268926464, 0.5694608107099314, 0.27905281809551197, 0.261749230296487, 0.29909235966196224, 0.20896147177137495, 0.34058016709580236, 0.2437332065766892, 0.5346668414569291, 0.6323709611784564, 0.24897127843387434, 0.8016790048365618, 0.19983373046572966, 0.0717730359418849], ""kernels.1.base_kernel.kernels.1"": [0.6931481805599428, 0.6931481805599428, 0.6931481805599428]}","{""kernels.0"": 0.00036408816444957536, ""kernels.0.base_kernel.kernels.1"": 0.0033337239021897606, ""kernels.1"": 1.0836135269183675}",12,4,36,12,12,archive,1,108
430,112.99180456689712,96.44480661265321,0.4992,global,-3.901370729847212,-6.104726467415858,2.2033557375686463,0.4250264391263387,1.1981593785687927,global,,,0.20396099348816463,0.010805430401935356,0.011256762926939671,0.000375747094429593,0.36243788165483676,0.0662113024860613,0.33312960674577885,0.8016792107749037,"{""kernels.0.base_kernel.kernels.0"": [0.33357867053952506, 0.3327543433842773, 0.33284480918803255, 0.3333427388875097, 0.33308203814522064, 0.33232512710688705, 0.3331975968494911, 0.3330288397999814, 0.33363913787933497, 0.3333669623014634, 0.3327846285578143, 0.3329886191794892, 0.3331320393496225, 0.3328871742002736, 0.33312717414193516, 0.33294848238364333, 0.3331325422720294, 0.33360743974205903], ""kernels.0.base_kernel.kernels.1.base_kernel"": [0.6931481805599428, 0.6931481805599428, 0.6931481805599428], ""kernels.1.base_kernel.kernels.0"": [0.0662113024860613, 0.35400479202726143, 0.6149351355604152, 0.12418095398697977, 0.3222544554914287, 0.5694610598806877, 0.2790530771610214, 0.26174852822287364, 0.29909276964069575, 0.20896098563933146, 0.34058034668210746, 0.243733991021667, 0.5346659722690144, 0.6323711103284649, 0.24897132010163647, 0.8016792107749037, 0.1998334663837909, 0.07177299900222066], ""kernels.1.base_kernel.kernels.1"": [0.6931481805599428, 0.6931481805599428, 0.6931481805599428]}","{""kernels.0"": 0.00036408820158853616, ""kernels.0.base_kernel.kernels.1"": 0.003333723899929825, ""kernels.1"": 1.083615832862992}",12,4,36,12,12,archive,1,109
431,104.02585378858836,96.44480661265321,0.4998,global,-3.8809068351058627,-5.09293485493464,1.2120280198287774,0.41235562582594804,1.2624130498523876,global,,,0.15008295585592205,0.010802075422767562,0.01125342486474217,0.00037588549004481485,0.3624378820515228,0.06621130256784344,0.3331296067401468,0.8016792115910522,"{""kernels.0.base_kernel.kernels.0"": [0.33357867054095597, 0.3327543433894625, 0.33284480918402154, 0.3333427388893454, 0.3330820381451629, 0.33232512710051204, 0.33319759684959055, 0.3330288397978467, 0.3336391378791676, 0.3333669623068059, 0.332784628556515, 0.3329886191830211, 0.3331320393428274, 0.33288717419701114, 0.3331271741374662, 0.3329484823782656, 0.33313254227037226, 0.33360743974373946], ""kernels.0.base_kernel.kernels.1.base_kernel"": [0.6931481805599428, 0.6931481805599428, 0.6931481805599428], ""kernels.1.base_kernel.kernels.0"": [0.06621130256784344, 0.3540047951531317, 0.6149351374462718, 0.12418095492658103, 0.3222544558219029, 0.5694610605631842, 0.2790530782261358, 0.2617485264415066, 0.29909277103360526, 0.2089609845421417, 0.3405803471148299, 0.2437339929656443, 0.53466597041283, 0.6323711120388443, 0.24897132025919136, 0.8016792115910522, 0.19983346588201945, 0.0717729989550608], ""kernels.1.base_kernel.kernels.1"": [0.6931481805599428, 0.6931481805599428, 0.6931481805599428]}","{""kernels.0"": 0.000364088201677614, ""kernels.0.base_kernel.kernels.1"": 0.0033337238999243085, ""kernels.1"": 1.0836158340529662}",12,4,36,12,12,archive,0,110
432,120.8208420019769,96.44480661265321,0.5024,global,-3.8687309322455654,-6.509750765215831,2.641019832970265,1.3751505685611722,1.4130794381179426,global,,,0.23686948044438244,0.010795984781067849,0.01124962701733416,0.0003758416834407403,0.3614560497499912,0.06626412088268958,0.3331264046501451,0.8040810494750092,"{""kernels.0.base_kernel.kernels.0"": [0.3335795276038429, 0.33275758556592067, 0.3328424390201792, 0.33334386630374213, 0.3330820365799537, 0.33232143035969225, 0.3331979452439782, 0.3330277553692591, 0.33363904410046596, 0.33337012548556927, 0.33278393815549273, 0.33299077469152344, 0.3331282789110954, 0.3328853273543111, 0.3331245303891948, 0.33294627834941015, 0.3331316652393975, 0.3336084557780652], ""kernels.0.base_kernel.kernels.1.base_kernel"": [0.6931481805599428, 0.6931481805599428, 0.6931481805599428], ""kernels.1.base_kernel.kernels.0"": [0.06626412088268958, 0.3565452706996219, 0.6161436776255769, 0.12482720868627488, 0.32248660945990465, 0.5703627121780561, 0.28008907169510355, 0.2607874953507007, 0.29987911061596584, 0.20826394943378118, 0.34093594572645625, 0.24496762694352445, 0.5340812815388182, 0.6339188375676894, 0.24923541885247605, 0.8040810494750092, 0.1997583023131959, 0.07176291035103535], ""kernels.1.base_kernel.kernels.1"": [0.6931481805599428, 0.6931481805599428, 0.6931481805599428]}","{""kernels.0"": 0.00036413934713819696, ""kernels.0.base_kernel.kernels.1"": 0.0033337206315844723, ""kernels.1"": 1.0806702892712508}",12,4,36,12,12,archive,2,111
433,110.70873028798019,96.44480661265321,0.4968,global,-3.935693817795294,-5.940281585852687,2.004587768057393,0.7691390874039395,1.393048137181785,global,,,0.16420301997349837,0.010791758188195558,0.011245434155689113,0.00037602709503667446,0.3614560553210951,0.0662641209211728,0.3331264046449407,0.8040810526242326,"{""kernels.0.base_kernel.kernels.0"": [0.33357952760546156, 0.3327575855693266, 0.3328424390159898, 0.3333438663054201, 0.3330820365795395, 0.3323214303521297, 0.3331979452436559, 0.33302775536763457, 0.3336390441003179, 0.3333701254908781, 0.33278393815341056, 0.3329907746945464, 0.33312827890523095, 0.33288532735177645, 0.33312453038465045, 0.33294627834490803, 0.33313166523788673, 0.3336084557799633], ""kernels.0.base_kernel.kernels.1.base_kernel"": [0.6931481805599428, 0.6931481805599428, 0.6931481805599428], ""kernels.1.base_kernel.kernels.0"": [0.0662641209211728, 0.35654527213007997, 0.6161436797767607, 0.12482720901762565, 0.32248660926544626, 0.5703627130696373, 0.2800890715435445, 0.26078749402837115, 0.29987911115129007, 0.20826394792586517, 0.34093594505307734, 0.24496762789104276, 0.5340812807309818, 0.6339188410174648, 0.24923541866750054, 0.8040810526242326, 0.1997583020448156, 0.07176291029905368], ""kernels.1.base_kernel.kernels.1"": [0.6931481805599428, 0.6931481805599428, 0.6931481805599428]}","{""kernels.0"": 0.00036413934722970704, ""kernels.0.base_kernel.kernels.1"": 0.0033337206315790123, ""kernels.1"": 1.0806703059844767}",12,4,36,12,12,archive,0,112
434,113.88423212564126,96.44480661265321,0.4938,global,-4.0283265168942854,-5.450041902503994,1.4217153856097084,0.7896448924536625,1.397517314396293,global,,,0.19566891188293628,0.010784154780222445,0.011237260584782006,0.00037580726308232863,0.3614561809180091,0.06626412217807456,0.3331264044880239,0.8040812711327084,"{""kernels.0.base_kernel.kernels.0"": [0.33357952765768856, 0.33275758567858305, 0.33284243890572573, 0.33334386636146074, 0.3330820365656689, 0.33232143012803034, 0.33319794523453433, 0.3330277553297995, 0.33363904410536593, 0.3333701256619547, 0.3327839380849792, 0.3329907747943937, 0.333128278737423, 0.33288532727278913, 0.3331245302386247, 0.3329462782544879, 0.33313166519259413, 0.33360845584074456], ""kernels.0.base_kernel.kernels.1.base_kernel"": [0.6931481805599428, 0.6931481805599428, 0.6931481805599428], ""kernels.1.base_kernel.kernels.0"": [0.06626412217807456, 0.3565453185050552, 0.616143817824839, 0.12482722255839086, 0.32248660062844187, 0.5703627965926745, 0.28008906943252854, 0.2607874760254244, 0.29987914389103587, 0.20826390010640713, 0.3409359203958273, 0.24496766334028156, 0.5340812898453947, 0.6339189633001432, 0.2492354121598672, 0.8040812711327084, 0.19975830556404464, 0.07176290845461925], ""kernels.1.base_kernel.kernels.1"": [0.6931481805599428, 0.6931481805599428, 0.6931481805599428]}","{""kernels.0"": 0.0003641393500435739, ""kernels.0.base_kernel.kernels.1"": 0.0033337206314037805, ""kernels.1"": 1.0806706827725798}",12,4,36,12,12,archive,1,113
435,131.60297336696775,96.44480661265321,0.5036,global,-4.073233769320408,-5.326290560427463,1.2530567911070545,0.8695698081351018,1.3531042310975263,global,,,0.2563867560497532,0.010780339819063518,0.01123342047026983,0.00037592594488594227,0.3614561835136441,0.06626412222852679,0.3331264044829655,0.8040812789238849,"{""kernels.0.base_kernel.kernels.0"": [0.33357952765938925, 0.33275758568198816, 0.33284243890276227, 0.3333438663632716, 0.33308203656526203, 0.3323214301213004, 0.33319794523509744, 0.33302775532858864, 0.33363904410575124, 0.33337012566749286, 0.33278393808291157, 0.33299077479763134, 0.33312827873208184, 0.33288532727005127, 0.33312453023384914, 0.33294627825198153, 0.3331316651911273, 0.33360845584270016], ""kernels.0.base_kernel.kernels.1.base_kernel"": [0.6931481805599428, 0.6931481805599428, 0.6931481805599428], ""kernels.1.base_kernel.kernels.0"": [0.06626412222852679, 0.35654531959256663, 0.6161438233162941, 0.12482722307455722, 0.3224866003692438, 0.5703628003618785, 0.2800890718004203, 0.26078747560925664, 0.29987914582813524, 0.20826389851872618, 0.34093591998664, 0.24496766448449037, 0.5340812903021472, 0.6339189671927624, 0.24923541205382868, 0.8040812789238849, 0.19975830574688183, 0.07176290839190096], ""kernels.1.base_kernel.kernels.1"": [0.6931481805599428, 0.6931481805599428, 0.6931481805599428]}","{""kernels.0"": 0.0003641393501326911, ""kernels.0.base_kernel.kernels.1"": 0.0033337206313981105, ""kernels.1"": 1.0806706905594017}",12,4,36,12,12,archive,0,114
436,112.06637039035556,96.44480661265321,0.4994,global,-4.1426880432494375,-5.778891789214643,1.6362037459652052,1.0853572612708207,1.4116545250117996,global,,,0.1411782353549717,0.01077584230537159,0.011229048703717113,0.0003762025183596774,0.3614561854151159,0.06626412227152402,0.33312640447797537,0.8040812876175865,"{""kernels.0.base_kernel.kernels.0"": [0.33357952766101284, 0.3327575856848891, 0.33284243889976434, 0.33334386636500174, 0.3330820365647823, 0.3323214301153183, 0.3331979452354156, 0.33302775532742546, 0.333639044106026, 0.33337012567262425, 0.33278393808084367, 0.3329907748005819, 0.33312827872671363, 0.33288532727204956, 0.3331245302292371, 0.3329462782511737, 0.33313166518976356, 0.33360845584454707], ""kernels.0.base_kernel.kernels.1.base_kernel"": [0.6931481805599428, 0.6931481805599428, 0.6931481805599428], ""kernels.1.base_kernel.kernels.0"": [0.06626412227152402, 0.356545320520036, 0.6161438287719389, 0.12482722356618073, 0.32248659996181, 0.5703628045535195, 0.2800890744021844, 0.260787475086181, 0.29987914763286017, 0.20826389701361456, 0.3409359195043849, 0.2449676654574763, 0.5340812906644368, 0.6339189769139687, 0.24923541178823688, 0.8040812876175865, 0.19975830588100332, 0.0717629083336655], ""kernels.1.base_kernel.kernels.1"": [0.6931481805599428, 0.6931481805599428, 0.6931481805599428]}","{""kernels.0"": 0.0003641393502127966, ""kernels.0.base_kernel.kernels.1"": 0.0033337206313927134, ""kernels.1"": 1.0806706962637422}",12,4,36,12,12,archive,1,115
437,99.18344524808322,96.44480661265321,0.4994,local,-4.170256902260759,-11.309163010387262,7.138906108126504,0.039650245805949044,0.35688981075233933,archive,533,32,0.060361907106753064,0.010785909434207916,0.011245990725456885,0.0003776911076272456,0.3623598734957967,0.06636852049246295,0.33311794555947283,0.8211512082922999,"{""kernels.0.base_kernel.kernels.0"": [0.33358224401304626, 0.33276331427605554, 0.33283753389370097, 0.33334700605227174, 0.33308128303926754, 0.3323114297041421, 0.3331990534933312, 0.33302599931058946, 0.3336398277642823, 0.3333791228177468, 0.33278018608503745, 0.3329959718922552, 0.33311937241038375, 0.33289084003928404, 0.3331165187085619, 0.332946875943389, 0.3331291132476478, 0.33361162471374445], ""kernels.0.base_kernel.kernels.1.base_kernel"": [0.6931481805599428, 0.6931481805599428, 0.6931481805599428], ""kernels.1.base_kernel.kernels.0"": [0.06636852049246295, 0.35891876864469874, 0.6265098721256389, 0.12594053565425678, 0.32181408710672516, 0.5790567148930613, 0.2854530775816254, 0.2604561998336232, 0.30301738618532004, 0.20601831358072284, 0.3398876545091229, 0.24683030688516225, 0.5356342146720723, 0.6548167525993688, 0.24888546059561836, 0.8211512082922999, 0.20034639825233683, 0.07167791537735531], ""kernels.1.base_kernel.kernels.1"": [0.6931481805599428, 0.6931481805599428, 0.6931481805599428]}","{""kernels.0"": 0.000364272573786789, ""kernels.0.base_kernel.kernels.1"": 0.0033337113031105246, ""kernels.1"": 1.0833816366104927}",12,4,36,12,12,archive,1,116
438,139.80685468098858,96.44480661265321,0.497,global,-4.037799459951644,-5.29948542817355,1.2616859682219062,0.9058392067965507,1.3833774600017787,global,,,0.3416796250536285,0.01073646006425314,0.011187918211771057,0.0003739043905834124,0.3645901580379249,0.06639255542307707,0.33311615648919457,0.823486220459627,"{""kernels.0.base_kernel.kernels.0"": [0.33358305473769134, 0.3327639750555854, 0.33283600410064235, 0.33334776432732993, 0.33308107233202067, 0.332307574311192, 0.3331983494212969, 0.3330258176787269, 0.3336399593148133, 0.3333814320702178, 0.33277904346860643, 0.33299679633955453, 0.3331174134622449, 0.33289152630114627, 0.33311489951614426, 0.3329460785451341, 0.3331284762891927, 0.33361249606387977], ""kernels.0.base_kernel.kernels.1.base_kernel"": [0.6931481805599428, 0.6931481805599428, 0.6931481805599428], ""kernels.1.base_kernel.kernels.0"": [0.06639255542307707, 0.3584102097394976, 0.6282867259573129, 0.12596150948187207, 0.3218607331616054, 0.5803290508491128, 0.2853832606332452, 0.26056495714781014, 0.3032097967599858, 0.20564362750744145, 0.3393488686582263, 0.24721467860461613, 0.5357454452247591, 0.6581319445189431, 0.24879237965509343, 0.823486220459627, 0.20024280870643862, 0.07164563108877796], ""kernels.1.base_kernel.kernels.1"": [0.6931481805599428, 0.6931481805599428, 0.6931481805599428]}","{""kernels.0"": 0.0003643070620156262, ""kernels.0.base_kernel.kernels.1"": 0.0033337092359269588, ""kernels.1"": 1.090072457815832}",12,4,36,12,12,archive,1,117
439,160.41045611880523,96.44480661265321,0.4986,global,-4.268987303507505,-5.40095597488789,1.1319686713803847,0.988192496438906,1.413413736889801,global,,,0.3196566848082178,0.010734845536294677,0.011190367275817617,0.00037469073233107274,0.3630145514335281,0.0664285684878553,0.3331147178351289,0.8255704432342381,"{""kernels.0.base_kernel.kernels.0"": [0.33358370329615883, 0.33276490679513454, 0.33283493976450224, 0.3333486009262417, 0.33308105868140936, 0.3323045772685392, 0.3331980320649802, 0.33302580716512703, 0.3336401087070158, 0.33338342530675724, 0.332778329779681, 0.33299759733887907, 0.33311579196980884, 0.33289219879369225, 0.33311364370044905, 0.3329456981262436, 0.3331280173213916, 0.333613193752421], ""kernels.0.base_kernel.kernels.1.base_kernel"": [0.6931481805599428, 0.6931481805599428, 0.6931481805599428], ""kernels.1.base_kernel.kernels.0"": [0.0664285684878553, 0.35862895470064654, 0.6300102598315979, 0.12628296446483184, 0.32208822065972764, 0.5818048401803557, 0.2860455251953372, 0.26092039289430147, 0.3037577448050713, 0.20553717790262843, 0.3392110095585776, 0.24768357307157599, 0.5360308974096863, 0.6612391737128274, 0.2489678047801801, 0.8255704432342381, 0.20030974540710086, 0.07164755360393663], ""kernels.1.base_kernel.kernels.1"": [0.6931481805599428, 0.6931481805599428, 0.6931481805599428]}","{""kernels.0"": 0.0003643344683451803, ""kernels.0.base_kernel.kernels.1"": 0.0033337074052079787, ""kernels.1"": 1.0853456124270313}",12,4,36,12,12,archive,0,118
440,110.57459835857566,96.44480661265321,0.495,global,-4.160080681862457,-5.8695554382522275,1.7094747563897705,0.7701441127301696,1.390550789987439,global,,,0.16048919012988788,0.010730179607497314,0.011183347111562988,0.0003749042885810824,0.36490202181471104,0.06643979563476471,0.3331131520681324,0.8272717409677617,"{""kernels.0.base_kernel.kernels.0"": [0.3335844048523974, 0.33276550657394127, 0.33283350856015187, 0.33334933413926615, 0.33308088568603805, 0.3323008923908823, 0.33319743388426026, 0.3330255366233877, 0.33364018937457013, 0.3333853523103754, 0.33277732069866944, 0.3329982035581016, 0.33311401443228567, 0.3328924693949288, 0.3331122897039792, 0.33294486853201194, 0.3331274704205357, 0.33361396843016466], ""kernels.0.base_kernel.kernels.1.base_kernel"": [0.6931481805599428, 0.6931481805599428, 0.6931481805599428], ""kernels.1.base_kernel.kernels.0"": [0.06643979563476471, 0.3584110646552384, 0.6313038900505662, 0.12628554104938702, 0.32202655531342006, 0.582560542767505, 0.28593201605320717, 0.26087057116843704, 0.30386888199005263, 0.20524241397135662, 0.3386108901732737, 0.24778396618196685, 0.535980348557269, 0.6638005462436405, 0.24884091706803962, 0.8272717409677617, 0.20013681086238297, 0.07162071070923307], ""kernels.1.base_kernel.kernels.1"": [0.6931481805599428, 0.6931481805599428, 0.6931481805599428]}","{""kernels.0"": 0.0003643646704146051, ""kernels.0.base_kernel.kernels.1"": 0.0033337055947980808, ""kernels.1"": 1.0910079951789204}",12,4,36,12,12,archive,1,119
441,161.06967232193293,96.44480661265321,0.4928,global,-4.285276553225678,-5.671542622620597,1.3862660693949191,1.136190754576039,1.4142005967082836,global,,,0.35864586874087767,0.010725443876821533,0.011181623938848766,0.0003751153300322749,0.363451738617494,0.06646996935000701,0.3331120520650369,0.8288592424958255,"{""kernels.0.base_kernel.kernels.0"": [0.33358496651929737, 0.33276630441869365, 0.3328326897497799, 0.3333499880986711, 0.33308083132069843, 0.3322982799628341, 0.3331971505276002, 0.33302546163534485, 0.3336403196309741, 0.33338704484206005, 0.3327766996724718, 0.3329988016333316, 0.3331128247349852, 0.3328929319681668, 0.33311127939508867, 0.3329444724040942, 0.33312712482999207, 0.33361460037410395], ""kernels.0.base_kernel.kernels.1.base_kernel"": [0.6931481805599428, 0.6931481805599428, 0.6931481805599428], ""kernels.1.base_kernel.kernels.0"": [0.06646996935000701, 0.3588361844437782, 0.6328572748216179, 0.12648851995730345, 0.3221324100834313, 0.5838706662182958, 0.2865143527766639, 0.2611721071096935, 0.3043689041469008, 0.20533921889187065, 0.33841759161020796, 0.24802907630332116, 0.5363871614615483, 0.6661668433397573, 0.2490169956943615, 0.8288592424958255, 0.200249475589542, 0.07164362041635633], ""kernels.1.base_kernel.kernels.1"": [0.6931481805599428, 0.6931481805599428, 0.6931481805599428]}","{""kernels.0"": 0.0003643881646804695, ""kernels.0.base_kernel.kernels.1"": 0.003333704042115367, ""kernels.1"": 1.0866571236456863}",12,4,36,12,12,archive,1,120
442,109.3101009211811,96.44480661265321,0.498,global,-4.16193293343905,-5.627173538124735,1.4652406046856852,1.2775768673515198,1.4137984533304047,global,,,0.21086520072581885,0.010721585664304163,0.011175451943097466,0.0003753841665555208,0.36541371932309424,0.06648229854515714,0.33311024994708216,0.8309148947357801,"{""kernels.0.base_kernel.kernels.0"": [0.33358594540413633, 0.33276704397543816, 0.33283085234651294, 0.3333509807309271, 0.3330805393675334, 0.33229308379680755, 0.3331963490822839, 0.3330250241863217, 0.3336404584689857, 0.33338966082765786, 0.3327753248848754, 0.33299953844926167, 0.3331110266862483, 0.332893152483543, 0.33310947320791595, 0.3329431506963257, 0.33312644290634214, 0.33361571448782096], ""kernels.0.base_kernel.kernels.1.base_kernel"": [0.6931481805599428, 0.6931481805599428, 0.6931481805599428], ""kernels.1.base_kernel.kernels.0"": [0.06648229854515714, 0.3585270568140345, 0.6347872197555813, 0.12644165190427897, 0.3219086882532433, 0.5849983430039071, 0.2864914713388678, 0.2610118525060619, 0.30466383420371446, 0.2048849589919427, 0.3375077625235361, 0.24798476473218922, 0.5379814911147677, 0.6694333996476944, 0.24888399167529207, 0.8309148947357801, 0.20040804033136309, 0.07164424538576292], ""kernels.1.base_kernel.kernels.1"": [0.6931481805599428, 0.6931481805599428, 0.6931481805599428]}","{""kernels.0"": 0.00036442968868311655, ""kernels.0.base_kernel.kernels.1"": 0.003333701547117861, ""kernels.1"": 1.092543026733482}",12,4,36,12,12,archive,0,121
443,121.34403121863866,96.44480661265321,0.4968,global,-4.059563580383358,-5.91432219691232,1.8547586165289616,0.6925350753308382,1.3501146144207492,global,,,0.18226895080388003,0.01071862771873472,0.011172488194887803,0.00037548880055970137,0.3654137124005911,0.06648229869225784,0.3331102499431978,0.830914900295578,"{""kernels.0.base_kernel.kernels.0"": [0.3335859454065398, 0.3327670439779511, 0.3328308523433243, 0.3333509807336499, 0.33308053936720167, 0.33229308378503025, 0.33319634908075174, 0.3330250241865771, 0.33364045846967727, 0.3333896608343263, 0.33277532488250483, 0.3329995384515936, 0.33311102668247794, 0.33289315248446066, 0.33310947320391776, 0.3329431506943339, 0.3331264429050786, 0.333615714490472], ""kernels.0.base_kernel.kernels.1.base_kernel"": [0.6931481805599428, 0.6931481805599428, 0.6931481805599428], ""kernels.1.base_kernel.kernels.0"": [0.06648229869225784, 0.3585270586170881, 0.6347872258487111, 0.12644165244205813, 0.3219086884285953, 0.5849983477199912, 0.2864914728804495, 0.2610118542513977, 0.30466383623624765, 0.20488495908583507, 0.33750776146643985, 0.24798476575075587, 0.537981495904764, 0.6694334077172317, 0.24888399222253277, 0.830914900295578, 0.20040804146759492, 0.07164424550148854], ""kernels.1.base_kernel.kernels.1"": [0.6931481805599428, 0.6931481805599428, 0.6931481805599428]}","{""kernels.0"": 0.0003644296887792419, ""kernels.0.base_kernel.kernels.1"": 0.0033337015471116534, ""kernels.1"": 1.0925430059658825}",12,4,36,12,12,archive,0,122
444,133.25269545894264,96.44480661265321,0.4998,global,-4.110743879583461,-5.096021778807455,0.9852778992239939,0.9600027477055297,1.4087159825445292,global,,,0.21787832525986228,0.010713865039149775,0.011167689045166742,0.0003756336243978528,0.36541370517558275,0.06648229883096436,0.33311024993980265,0.8309149052646368,"{""kernels.0.base_kernel.kernels.0"": [0.3335859454088387, 0.33276704398054785, 0.33283085234011084, 0.3333509807362007, 0.33308053936678805, 0.3322930837736564, 0.3331963490796234, 0.3330250241868931, 0.3336404584704339, 0.3333896608405788, 0.3327753248803334, 0.33299953845362296, 0.3331110266793424, 0.332893152485849, 0.33310947320026296, 0.3329431506922566, 0.3331264429041724, 0.3336157144929907], ""kernels.0.base_kernel.kernels.1.base_kernel"": [0.6931481805599428, 0.6931481805599428, 0.6931481805599428], ""kernels.1.base_kernel.kernels.0"": [0.06648229883096436, 0.3585270617353418, 0.6347872320876169, 0.12644165290720555, 0.3219086884202979, 0.5849983529637797, 0.2864914750210307, 0.2610118562257356, 0.30466383808603187, 0.20488495937126128, 0.3375077606147006, 0.24798476663603566, 0.5379815006024118, 0.669433416627992, 0.24888399277474654, 0.8309149052646368, 0.2004080427254476, 0.07164424563291018], ""kernels.1.base_kernel.kernels.1"": [0.6931481805599428, 0.6931481805599428, 0.6931481805599428]}","{""kernels.0"": 0.0003644296888694713, ""kernels.0.base_kernel.kernels.1"": 0.003333701547105851, ""kernels.1"": 1.0925429842907728}",12,4,36,12,12,archive,0,123
445,98.1320662606308,96.44480661265321,0.5012,local,-4.286742635757448,-11.409245064467472,7.122502428710024,0.038135711204701446,0.33273093083586264,archive,533,33,0.05145445343570643,0.010709460838486291,0.011163427234733032,0.00037592215243572306,0.3654136985503606,0.06648229896207783,0.333110249936729,0.8309149108161039,"{""kernels.0.base_kernel.kernels.0"": [0.333585945411008, 0.33276704398310114, 0.33283085233576204, 0.333350980738446, 0.3330805393663603, 0.332293083763412, 0.33319634907870593, 0.33302502418692415, 0.33364045847133245, 0.3333896608465275, 0.332775324878221, 0.33299953845539315, 0.33311102667661185, 0.33289315248735224, 0.3331094731968461, 0.3329431506907756, 0.33312644290333704, 0.3336157144954452], ""kernels.0.base_kernel.kernels.1.base_kernel"": [0.6931481805599428, 0.6931481805599428, 0.6931481805599428], ""kernels.1.base_kernel.kernels.0"": [0.06648229896207783, 0.3585270643168432, 0.6347872377105542, 0.1264416533183938, 0.32190868831011005, 0.5849983585647215, 0.28649147737180614, 0.26101185812741856, 0.3046638398984056, 0.20488495973262025, 0.3375077597216663, 0.24798476749332582, 0.5379815050752061, 0.6694334251306676, 0.2488839932004133, 0.8309149108161039, 0.20040804396251632, 0.07164424577166417], ""kernels.1.base_kernel.kernels.1"": [0.6931481805599428, 0.6931481805599428, 0.6931481805599428]}","{""kernels.0"": 0.0003644296889529244, ""kernels.0.base_kernel.kernels.1"": 0.003333701547100515, ""kernels.1"": 1.0925429644150284}",12,4,36,12,12,archive,1,124
446,134.27704977583414,96.44480661265321,0.5006,global,-3.9364712738606267,-5.2266526918672165,1.2901814180065898,0.5679527341583203,1.2934682072825003,global,,,0.2489459957227874,0.01065008893496911,0.011101212422270159,0.00037182931098991953,0.3664761307413998,0.06674794032256301,0.3331018333957361,0.8427599752896571,"{""kernels.0.base_kernel.kernels.0"": [0.3335913964388373, 0.3327713821857432, 0.3328190756342053, 0.33335614608605557, 0.3330790083243899, 0.33226642641787846, 0.3331928191319475, 0.33302386114715726, 0.333642421994982, 0.3334030429103677, 0.33276893844406297, 0.3330029058557739, 0.33310293160911664, 0.33289425922811383, 0.3331007351823556, 0.3329369973885507, 0.33312386869206645, 0.33362175622525236], ""kernels.0.base_kernel.kernels.1.base_kernel"": [0.6931481805599428, 0.6931481805599428, 0.6931481805599428], ""kernels.1.base_kernel.kernels.0"": [0.06674794032256301, 0.3627785261266742, 0.6460769244007465, 0.12730744577445485, 0.32158647790303285, 0.5954382220688054, 0.28829193481312454, 0.2627918610380683, 0.3064414954613582, 0.20373472016178418, 0.333630401439237, 0.2502197193871118, 0.5459119269026693, 0.6868409510443972, 0.24824320668604388, 0.8427599752896571, 0.20197721647845707, 0.07178983949183068], ""kernels.1.base_kernel.kernels.1"": [0.6931481805599428, 0.6931481805599428, 0.6931481805599428]}","{""kernels.0"": 0.0003646384383603297, ""kernels.0.base_kernel.kernels.1"": 0.0033336893065865113, ""kernels.1"": 1.0957300644792525}",12,4,36,12,12,archive,1,125
447,109.13924052439016,96.44480661265321,0.4988,global,-4.127359936316625,-5.005017349357614,0.8776574130409891,0.6763282278086142,1.392797081748333,global,,,0.18130577907663553,0.010648081074791394,0.011101106721074819,0.0003723993351162506,0.36611649185165035,0.06679150429996647,0.33310033725554833,0.8441871915212227,"{""kernels.0.base_kernel.kernels.0"": [0.3335924513932306, 0.33277145378334616, 0.3328168801269513, 0.33335716021926776, 0.33307878335674496, 0.33226109391295844, 0.33319232719330555, 0.3330236289182333, 0.33364293192093597, 0.3334056321353139, 0.3327681967477852, 0.3330033449991791, 0.3331011890601392, 0.33289392179930805, 0.33309948545095747, 0.33293568894040404, 0.33312338722958296, 0.3336229475867393], ""kernels.0.base_kernel.kernels.1.base_kernel"": [0.6931481805599428, 0.6931481805599428, 0.6931481805599428], ""kernels.1.base_kernel.kernels.0"": [0.06679150429996647, 0.36281499513188237, 0.647747157002952, 0.12737399804467295, 0.3217531232385212, 0.5971558964766478, 0.2885152306006266, 0.26310581532931476, 0.30662623622560664, 0.2039234242369729, 0.33310654244729637, 0.2503690838339244, 0.5467944437618318, 0.6891191287188636, 0.24834654381249865, 0.8441871915212227, 0.20218344968578952, 0.07183327772611628], ""kernels.1.base_kernel.kernels.1"": [0.6931481805599428, 0.6931481805599428, 0.6931481805599428]}","{""kernels.0"": 0.0003646792245804434, ""kernels.0.base_kernel.kernels.1"": 0.0033336870667787367, ""kernels.1"": 1.0946511092635918}",12,4,36,12,12,archive,0,126
448,138.90549518352208,96.44480661265321,0.4968,global,-4.109845726966913,-5.694079386917915,1.5842336599510016,0.9351713839608475,1.4129265193781133,global,,,0.3173564727838564,0.010642272262684412,0.011094917458332564,0.0003722831627680253,0.3661165143736855,0.06679150551251076,0.33310033719558574,0.8441872344822902,"{""kernels.0.base_kernel.kernels.0"": [0.3335924514348266, 0.3327714537798211, 0.3328168800274562, 0.33335716025958967, 0.33307878334624746, 0.33226109368023055, 0.33319232717337516, 0.333023628909989, 0.33364293194107225, 0.3334056322306621, 0.33276819671627966, 0.33300334501422535, 0.3331011889808923, 0.33289392176623933, 0.3330994854102792, 0.3329356888775057, 0.3331233872107086, 0.3336229476325609], ""kernels.0.base_kernel.kernels.1.base_kernel"": [0.6931481805599428, 0.6931481805599428, 0.6931481805599428], ""kernels.1.base_kernel.kernels.0"": [0.06679150551251076, 0.3628149832753186, 0.6477472079118423, 0.12737399655751339, 0.32175312276283635, 0.5971559458465333, 0.2885152265494961, 0.26310582948554107, 0.3066262350908277, 0.20392341765875183, 0.33310651338207, 0.2503690870953799, 0.5467944742857451, 0.6891192075416489, 0.24834656960314988, 0.8441872344822902, 0.2021834541658646, 0.071833278682339], ""kernels.1.base_kernel.kernels.1"": [0.6931481805599428, 0.6931481805599428, 0.6931481805599428]}","{""kernels.0"": 0.000364679226235899, ""kernels.0.base_kernel.kernels.1"": 0.00333368706668993, ""kernels.1"": 1.0946511768281306}",12,4,36,12,12,archive,1,127
449,110.50778983676909,96.44480661265321,0.5006,global,-4.1680272984950495,-6.191305975390164,2.0232786768951145,0.5694079809351122,1.3257704509220836,global,,,0.22168915438631384,0.010636956663655281,0.011088973733082133,0.0003724868949173399,0.3671741626027585,0.0668526988423681,0.33308739761995565,0.8469721743073519,"{""kernels.0.base_kernel.kernels.0"": [0.3335951015018612, 0.3327709702805951, 0.3328103704762608, 0.33335965395935785, 0.3330780499676213, 0.33224591700563566, 0.3331908517329147, 0.3330232768197758, 0.33364459568058374, 0.33341169800759257, 0.33276603727561904, 0.33300427704597196, 0.33309674527228994, 0.33289233571443916, 0.33309686532514937, 0.33293159671685435, 0.3331222864536495, 0.3336259091189096], ""kernels.0.base_kernel.kernels.1.base_kernel"": [0.6931481805599428, 0.6931481805599428, 0.6931481805599428], ""kernels.1.base_kernel.kernels.0"": [0.0668526988423681, 0.36165557664925224, 0.6507825291232242, 0.1271761418369672, 0.32154568318814575, 0.5999077749693774, 0.2879104512104805, 0.2649133844266597, 0.30756241412852314, 0.20329587463735227, 0.3310192205894969, 0.25071478228188926, 0.5495701533501013, 0.6951145518198736, 0.2500388260025785, 0.8469721743073519, 0.20287866471571261, 0.07192334033247692], ""kernels.1.base_kernel.kernels.1"": [0.6931481805599428, 0.6931481805599428, 0.6931481805599428]}","{""kernels.0"": 0.00036478400829957896, ""kernels.0.base_kernel.kernels.1"": 0.0033336814396209952, ""kernels.1"": 1.0978240223603548}",12,4,36,12,12,archive,0,128
450,127.49442834280086,96.44480661265321,0.499,global,-4.278964638267318,-6.191710271929272,1.9127456336619533,0.9178103293814158,1.4044712690556873,global,,,0.45261477599469846,0.010633700463398963,0.011085694288858465,0.00037258745609140457,0.36717416015430326,0.06685269894693173,0.3330873976173232,0.8469721765816224,"{""kernels.0.base_kernel.kernels.0"": [0.3335951015045854, 0.3327709702811422, 0.33281037046879575, 0.33335965396201, 0.33307804996675416, 0.3322459169896307, 0.33319085173302543, 0.3330232768191695, 0.3336445956824243, 0.3334116980135361, 0.33276603727456855, 0.333004277046775, 0.33309674526789224, 0.3328923357123449, 0.3330968653223246, 0.33293159671313044, 0.33312228645274905, 0.33362590912207946], ""kernels.0.base_kernel.kernels.1.base_kernel"": [0.6931481805599428, 0.6931481805599428, 0.6931481805599428], ""kernels.1.base_kernel.kernels.0"": [0.06685269894693173, 0.36165557792980557, 0.6507825320210854, 0.12717614181860215, 0.3215456828129238, 0.5999077778795123, 0.2879104529902313, 0.26491338590550695, 0.30756241551015695, 0.20329587396088689, 0.3310192193620533, 0.25071478293940497, 0.5495701567966125, 0.6951145561806207, 0.2500388281111227, 0.8469721765816224, 0.2028786656758579, 0.07192334051103697], ""kernels.1.base_kernel.kernels.1"": [0.6931481805599428, 0.6931481805599428, 0.6931481805599428]}","{""kernels.0"": 0.00036478400840772276, ""kernels.0.base_kernel.kernels.1"": 0.0033336814396153283, ""kernels.1"": 1.0978240150148868}",12,4,36,12,12,archive,0,129
451,150.4786798447554,96.44480661265321,0.4988,global,-3.8887298792097624,-5.941172767518857,2.052442888309095,1.3441175954813822,1.41229649739279,global,,,0.37799971460553644,0.010635699919325742,0.011090422276635143,0.00037343022380944164,0.3667281073563257,0.06691083752642867,0.33308535014809715,0.8482171563319602,"{""kernels.0.base_kernel.kernels.0"": [0.3335967072252958, 0.3327713493015751, 0.3328070270386875, 0.33336120667729174, 0.3330774682736107, 0.3322360044570885, 0.33319079898448795, 0.33302275222662325, 0.33364546402117007, 0.3334150271536269, 0.33276542671701587, 0.33300467592288135, 0.33309323202258356, 0.33289198009071536, 0.33309516423228774, 0.33292944811931885, 0.33312165538107913, 0.333627874512375], ""kernels.0.base_kernel.kernels.1.base_kernel"": [0.6931481805599428, 0.6931481805599428, 0.6931481805599428], ""kernels.1.base_kernel.kernels.0"": [0.06691083752642867, 0.3625243701415845, 0.6530315259817092, 0.12727419092071118, 0.3210451977763148, 0.6013664411195873, 0.2884786977200814, 0.2655469253037773, 0.30830290782353076, 0.20256234348244592, 0.33024300306254106, 0.2510025540218489, 0.5515219986771283, 0.6974792259425666, 0.25128735596309587, 0.8482171563319602, 0.203421979128044, 0.07208908047165553], ""kernels.1.base_kernel.kernels.1"": [0.6931481805599428, 0.6931481805599428, 0.6931481805599428]}","{""kernels.0"": 0.0003648488167314087, ""kernels.0.base_kernel.kernels.1"": 0.003333678115581482, ""kernels.1"": 1.0964857951366642}",12,4,36,12,12,archive,1,130
452,221.1377597008646,96.44480661265321,0.5,global,-3.8751436731995503,-5.0641398802489865,1.1889962070494362,1.065992667438845,1.3962561289739954,global,,,0.37058430284543237,0.010631749800080042,0.01108386303628971,0.0003736370245505391,0.3685036262478218,0.06692494612382485,0.33308389343889255,0.8488131589351986,"{""kernels.0.base_kernel.kernels.0"": [0.33359766023583687, 0.33277138570106235, 0.3328048576874086, 0.33336204669765834, 0.3330771339017681, 0.33222981563431664, 0.33319058967854254, 0.3330222386276983, 0.33364585122708823, 0.3334168866711726, 0.3327649236310353, 0.33300479136656586, 0.33309065297601703, 0.33289189829511917, 0.3330939558532941, 0.33292793620650213, 0.3331211773937759, 0.3336289585050054], ""kernels.0.base_kernel.kernels.1.base_kernel"": [0.6931481805599428, 0.6931481805599428, 0.6931481805599428], ""kernels.1.base_kernel.kernels.0"": [0.06692494612382485, 0.3627376553369803, 0.6539589535475073, 0.1271204489339341, 0.32062435677266, 0.6016875566543691, 0.2883085964354219, 0.2654797423294196, 0.3083007625813896, 0.20181367265260292, 0.3295424293822888, 0.2508815943294714, 0.5521045685967781, 0.6993160901039853, 0.2516811860020822, 0.8488131589351986, 0.2034962566122492, 0.07214859064407686], ""kernels.1.base_kernel.kernels.1"": [0.6931481805599428, 0.6931481805599428, 0.6931481805599428]}","{""kernels.0"": 0.00036488745437254316, ""kernels.0.base_kernel.kernels.1"": 0.0033336762032696986, ""kernels.1"": 1.101812315085823}",12,4,36,12,12,archive,0,131
453,146.93057252796442,96.44480661265321,0.5026,global,-3.6617756534637826,-7.431448872103062,3.7696732186392796,0.4607429257118149,1.273396615576544,global,,,0.395569331862833,0.010638290572977705,0.011094550954211897,0.0003748776880357451,0.36712934095620714,0.06701913265792558,0.33308109893432364,0.8503984466744501,"{""kernels.0.base_kernel.kernels.0"": [0.3335999772108192, 0.33277075262398115, 0.33279855694507543, 0.33336367154849217, 0.33307639211602685, 0.3322166195841391, 0.3331919089466452, 0.3330215392434924, 0.33364705956289553, 0.33342184886059495, 0.33276201756835694, 0.3330054746183625, 0.3330858057526204, 0.3328942808755973, 0.33309128166084667, 0.33292548284798085, 0.3331203386871719, 0.3336313203519278], ""kernels.0.base_kernel.kernels.1.base_kernel"": [0.6931481805599428, 0.6931481805599428, 0.6931481805599428], ""kernels.1.base_kernel.kernels.0"": [0.06701913265792558, 0.36397531836296826, 0.6554342094319064, 0.12735190488735743, 0.3199015455249322, 0.6033199882235816, 0.2895290929226946, 0.26648142786422285, 0.3092359260306577, 0.20103910783405737, 0.3263308843376628, 0.2509565751521814, 0.5542202581589759, 0.7022474713013772, 0.25347271052685194, 0.8503984466744501, 0.20417179972632657, 0.07233942714148077], ""kernels.1.base_kernel.kernels.1"": [0.6931481805599428, 0.6931481805599428, 0.6931481805599428]}","{""kernels.0"": 0.00036498061079087636, ""kernels.0.base_kernel.kernels.1"": 0.0033336713921289563, ""kernels.1"": 1.0976893708657016}",12,4,36,12,12,archive,1,132
454,222.76927365042602,96.44480661265321,0.4978,global,-3.8866561462673093,-5.694442118599328,1.8077859723320189,0.8538167946414958,1.3418053593085366,global,,,0.40603853204540413,0.01063274053819586,0.011085564402165599,0.00037490645786592843,0.36911520781893414,0.067023823277722,0.33308025372387123,0.8506026097342007,"{""kernels.0.base_kernel.kernels.0"": [0.33360054413729745, 0.33277037831784045, 0.33279685919721996, 0.3333640133114198, 0.33307615636367277, 0.3322131001036913, 0.3331920159023641, 0.3330211890646507, 0.3336472639200013, 0.33342296469717464, 0.3327614097827085, 0.33300552467962796, 0.3330843510840697, 0.3328948407868359, 0.33309043134359806, 0.33292469725180723, 0.3331200455626093, 0.33363188864175114], ""kernels.0.base_kernel.kernels.1.base_kernel"": [0.6931481805599428, 0.6931481805599428, 0.6931481805599428], ""kernels.1.base_kernel.kernels.0"": [0.067023823277722, 0.36388773049756573, 0.6554928206585473, 0.12723846254298468, 0.31957790091696087, 0.6032033714571551, 0.2892310620600196, 0.2663448202936276, 0.3091062944121175, 0.20057414233439375, 0.32552350892320564, 0.25075057337450557, 0.5543141512034592, 0.7030023644936015, 0.2535483758952062, 0.8506026097342007, 0.20411347031380714, 0.07235742334097119], ""kernels.1.base_kernel.kernels.1"": [0.6931481805599428, 0.6931481805599428, 0.6931481805599428]}","{""kernels.0"": 0.00036500434153461866, ""kernels.0.base_kernel.kernels.1"": 0.0033336702644458996, ""kernels.1"": 1.1036469488508218}",12,4,36,12,12,archive,1,133
455,152.17348873654961,96.44480661265321,0.5012,global,-3.7464522980130273,-5.550442122335468,1.803989824322441,0.9925739295485683,1.41178482148786,global,,,0.3688062873402777,0.010634532071536203,0.0110873372275767,0.0003755340630673523,0.3687868023838516,0.0670885412457038,0.3330756282934051,0.8524502417141145,"{""kernels.0.base_kernel.kernels.0"": [0.33360386166124467, 0.33277000434758475, 0.3327878554217691, 0.3333666198997212, 0.33307518289295085, 0.33219307187544406, 0.33319295957138567, 0.3330196413875956, 0.3336488041266094, 0.3334300257184265, 0.3327585907125025, 0.3330062101616977, 0.33307607369385933, 0.3328966699598413, 0.3330856202626602, 0.3329206592664894, 0.3331187225720337, 0.3336356721958113], ""kernels.0.base_kernel.kernels.1.base_kernel"": [0.6931481805599428, 0.6931481805599428, 0.6931481805599428], ""kernels.1.base_kernel.kernels.0"": [0.0670885412457038, 0.3651361571209579, 0.6573682064651022, 0.1273736052188283, 0.3181422092663633, 0.6041900559599932, 0.2896466176717561, 0.26699436759907347, 0.3101042331192324, 0.19852361097669263, 0.3213034836501126, 0.2502685475892926, 0.5563175658365603, 0.7080478370968916, 0.2551431718971334, 0.8524502417141145, 0.20462338340185476, 0.07251806599962476], ""kernels.1.base_kernel.kernels.1"": [0.6931481805599428, 0.6931481805599428, 0.6931481805599428]}","{""kernels.0"": 0.0003651453340900244, ""kernels.0.base_kernel.kernels.1"": 0.003333663140051151, ""kernels.1"": 1.1026615986774135}",12,4,36,12,12,archive,2,134
456,168.78200424593774,96.44480661265321,0.4978,global,-3.9745535551016724,-6.062394741529503,2.0878411864278306,0.8986244528710607,1.4096560395667,global,,,0.3643374031923522,0.010631688733570437,0.011083272951357888,0.00037591188343537546,0.3697195509303272,0.06710351566142808,0.33307405624445513,0.8529129221986134,"{""kernels.0.base_kernel.kernels.0"": [0.33360497251510896, 0.3327695701074125, 0.3327847397024422, 0.33336744249922995, 0.33307484986763763, 0.33218652883978117, 0.3331932463391743, 0.3330190459368934, 0.33364927983265874, 0.33343252517411787, 0.33275824231355833, 0.3330063584786949, 0.3330732626212726, 0.33289726828781585, 0.3330837634645442, 0.3329194235554593, 0.3331182353565745, 0.33363693611849365], ""kernels.0.base_kernel.kernels.1.base_kernel"": [0.6931481805599428, 0.6931481805599428, 0.6931481805599428], ""kernels.1.base_kernel.kernels.0"": [0.06710351566142808, 0.3649798394312146, 0.6577683829367412, 0.12730154090311807, 0.3176841476819359, 0.6045281585393261, 0.2897129035589944, 0.2673886531256698, 0.3104389198902106, 0.19797103653623557, 0.3202381247571408, 0.25000770028761954, 0.5566724488533131, 0.7093845719596089, 0.2554698358231468, 0.8529129221986134, 0.204671149129671, 0.07256391369518952], ""kernels.1.base_kernel.kernels.1"": [0.6931481805599428, 0.6931481805599428, 0.6931481805599428]}","{""kernels.0"": 0.00036519523588347266, ""kernels.0.base_kernel.kernels.1"": 0.003333660669253916, ""kernels.1"": 1.1054597968858442}",12,4,36,12,12,archive,1,135
457,176.14058804980547,96.44480661265321,0.4994,global,-3.972345743938238,-5.020471508901612,1.0481257649633742,0.46607254302491646,1.2020903172409696,global,,,0.3573713855617659,0.010628003073138156,0.011079936435568582,0.0003763580225984061,0.3697193427247631,0.06710352010954652,0.3330740559913391,0.8529130165998794,"{""kernels.0.base_kernel.kernels.0"": [0.33360497269886147, 0.33276957011554864, 0.33278473924374075, 0.3333674426264036, 0.3330748498348961, 0.33218652779726127, 0.33319324642483766, 0.3330190458408506, 0.3336492799078661, 0.33343252560927616, 0.3327582423052365, 0.33300635851525023, 0.33307326214778205, 0.33289726836617256, 0.33308376314101706, 0.3329194233637236, 0.33311823527280326, 0.33363693629466634], ""kernels.0.base_kernel.kernels.1.base_kernel"": [0.6931481805599428, 0.6931481805599428, 0.6931481805599428], ""kernels.1.base_kernel.kernels.0"": [0.06710352010954652, 0.3649799044191618, 0.6577684891682222, 0.1273015478251618, 0.31768409054890345, 0.6045282652478211, 0.28971295129734903, 0.26738874225497833, 0.3104390123875601, 0.19797096605959077, 0.32023799779795087, 0.2500076682197153, 0.5566725289923938, 0.709384831574377, 0.2554699103872936, 0.8529130165998794, 0.20467117641294155, 0.07256392201974213], ""kernels.1.base_kernel.kernels.1"": [0.6931481805599428, 0.6931481805599428, 0.6931481805599428]}","{""kernels.0"": 0.0003651952441638326, ""kernels.0.base_kernel.kernels.1"": 0.003333660668816905, ""kernels.1"": 1.1054591722613085}",12,4,36,12,12,archive,1,136
458,108.33570938492909,96.44480661265321,0.501,global,-4.099013044655557,-5.077492297605911,0.9784792529503541,0.8641173741121345,1.3919953940875962,global,,,0.16224094942809877,0.010626144268847807,0.01107865583986389,0.00037693833629975145,0.3697193013786655,0.06710352084736816,0.3330740559209857,0.8529130401633406,"{""kernels.0.base_kernel.kernels.0"": [0.33360497274600237, 0.33276957012154457, 0.33278473911477824, 0.33336744265626644, 0.3330748498317599, 0.33218652751339456, 0.3331932464457734, 0.3330190458156536, 0.3336492799247262, 0.3334325257235365, 0.3327582423057179, 0.3330063585257055, 0.33307326201021153, 0.3328972684168353, 0.3330837630524573, 0.3329194233175436, 0.3331182352473716, 0.33363693633912417], ""kernels.0.base_kernel.kernels.1.base_kernel"": [0.6931481805599428, 0.6931481805599428, 0.6931481805599428], ""kernels.1.base_kernel.kernels.0"": [0.06710352084736816, 0.3649799174422613, 0.6577685101078348, 0.1273015459079806, 0.3176840792110939, 0.6045282865193873, 0.2897129621414787, 0.26738875995889483, 0.3104390323821166, 0.19797094710253693, 0.3202379627514849, 0.2500076569798845, 0.5566725455522736, 0.7093849073712634, 0.25546992509842326, 0.8529130401633406, 0.20467117915112826, 0.0725639241202492], ""kernels.1.base_kernel.kernels.1"": [0.6931481805599428, 0.6931481805599428, 0.6931481805599428]}","{""kernels.0"": 0.0003651952462737243, ""kernels.0.base_kernel.kernels.1"": 0.0033336606687050753, ""kernels.1"": 1.1054590482210176}",12,4,36,12,12,archive,1,137
459,113.06247728254641,96.44480661265321,0.4936,global,-4.192034097739805,-5.542056721966139,1.3500226242263338,0.868751938752348,1.409837925781048,global,,,0.17555555808658937,0.010619392279618747,0.011071373321374605,0.0003767234868391175,0.3697191923090977,0.06710352295777088,0.3330740558208231,0.8529130730862389,"{""kernels.0.base_kernel.kernels.0"": [0.33360497281250207, 0.33276957013379255, 0.33278473894351424, 0.3333674426986591, 0.3330748498265583, 0.33218652712099295, 0.3331932464817622, 0.3330190457838209, 0.33364927995391847, 0.3334325258807, 0.3327582423059838, 0.3330063585422599, 0.33307326181508795, 0.3328972685010789, 0.3330837629369736, 0.3329194232628917, 0.33311823521308254, 0.3336369364015572], ""kernels.0.base_kernel.kernels.1.base_kernel"": [0.6931481805599428, 0.6931481805599428, 0.6931481805599428], ""kernels.1.base_kernel.kernels.0"": [0.06710352295777088, 0.3649799396851844, 0.6577685516984918, 0.12730154401887694, 0.31768406157302864, 0.6045283365788287, 0.2897129989824533, 0.2673888055984306, 0.310439064210132, 0.1979709176211739, 0.3202379145261839, 0.25000764603635184, 0.5566725731907908, 0.7093850339666016, 0.25546996664517985, 0.8529130730862389, 0.204671183996778, 0.07256392868519647], ""kernels.1.base_kernel.kernels.1"": [0.6931481805599428, 0.6931481805599428, 0.6931481805599428]}","{""kernels.0"": 0.00036519524918260127, ""kernels.0.base_kernel.kernels.1"": 0.0033336606685489593, ""kernels.1"": 1.1054587210095617}",12,4,36,12,12,archive,1,138
460,199.98001983344707,96.44480661265321,0.5022,global,-4.135021438559859,-5.967793962507695,1.8327725239478365,1.0272441197751412,1.4073240223322279,global,,,0.3834568254038109,0.010615869299749755,0.011067828018275902,0.00037683628274815526,0.3697191865229987,0.0671035230745616,0.33307405581711874,0.8529130744437298,"{""kernels.0.base_kernel.kernels.0"": [0.33360497281507756, 0.3327695701341811, 0.33278473893679655, 0.33336744270029045, 0.33307484982634367, 0.3321865271064648, 0.33319324648334364, 0.33301904578256686, 0.33364927995511506, 0.3334325258867183, 0.33275824230598083, 0.3330063585428379, 0.3330732618078938, 0.33289726850486157, 0.3330837629326269, 0.3329194232608981, 0.33311823521183415, 0.3336369364039421], ""kernels.0.base_kernel.kernels.1.base_kernel"": [0.6931481805599428, 0.6931481805599428, 0.6931481805599428], ""kernels.1.base_kernel.kernels.0"": [0.0671035230745616, 0.36497994066244865, 0.6577685532782731, 0.12730154407334934, 0.3176840607970056, 0.6045283391013138, 0.28971300133596667, 0.26738880726231196, 0.31043906577346414, 0.197970916549071, 0.32023791279934166, 0.2500076455431711, 0.5566725747871126, 0.7093850394928913, 0.2554699689123239, 0.8529130744437298, 0.20467118442166063, 0.07256392891743246], ""kernels.1.base_kernel.kernels.1"": [0.6931481805599428, 0.6931481805599428, 0.6931481805599428]}","{""kernels.0"": 0.0003651952492921042, ""kernels.0.base_kernel.kernels.1"": 0.0033336606685430504, ""kernels.1"": 1.1054587036511607}",12,4,36,12,12,archive,1,139
461,108.41574931577054,96.44480661265321,0.5,global,-4.153995942956033,-4.933865134402851,0.7798691914468172,0.5031309239915742,1.29820187534319,global,,,0.19029126780334843,0.010618395344220908,0.01107382551978247,0.00037785256633335253,0.3680035255648028,0.06714181644005073,0.3330728158191361,0.8533460121553434,"{""kernels.0.base_kernel.kernels.0"": [0.33360586298983236, 0.3327696170990841, 0.33278226993424626, 0.3333680960628274, 0.33307473611973604, 0.3321814289314277, 0.3331933688714118, 0.3330186325789095, 0.33364970194897936, 0.33343457396654985, 0.33275812387890175, 0.33300654966626797, 0.3330708955185362, 0.3328981853179627, 0.3330822837104744, 0.3329187033864834, 0.33311778723873703, 0.33363796830497516], ""kernels.0.base_kernel.kernels.1.base_kernel"": [0.6931481805599428, 0.6931481805599428, 0.6931481805599428], ""kernels.1.base_kernel.kernels.0"": [0.06714181644005073, 0.36518111071759074, 0.6581935306672632, 0.12729257811673347, 0.31741285804358566, 0.6052489897306561, 0.2902891395228906, 0.26783162091750345, 0.31083606673221187, 0.19745302910514784, 0.3194863140341634, 0.2498049030617272, 0.5571019901987402, 0.7112775520102365, 0.25613818996367377, 0.8533460121553434, 0.20475970169618946, 0.07264976850062652], ""kernels.1.base_kernel.kernels.1"": [0.6931481805599428, 0.6931481805599428, 0.6931481805599428]}","{""kernels.0"": 0.0003652334265349172, ""kernels.0.base_kernel.kernels.1"": 0.0033336586784917166, ""kernels.1"": 1.1003116845893817}",12,4,36,12,12,archive,2,140
462,166.06581662884844,96.44480661265321,0.5002,global,-4.233822045436932,-5.446072183140164,1.212250137703232,0.9972290733061686,1.4003830334445604,global,,,0.38410555050332196,0.010612711777989824,0.011067747344011041,0.0003777198683869015,0.368003588255972,0.06714181728337329,0.3330728157506399,0.8533460161187325,"{""kernels.0.base_kernel.kernels.0"": [0.333605863036413, 0.3327696170779621, 0.3327822697944618, 0.3333680960955101, 0.3330747361043216, 0.3321814286473388, 0.3331933688670946, 0.3330186325485997, 0.3336497019725561, 0.33343457406356863, 0.33275812386555126, 0.3330065496675598, 0.3330708953969582, 0.3328981853352142, 0.3330822836362562, 0.33291870332996787, 0.33311778721858953, 0.3336379683600288], ""kernels.0.base_kernel.kernels.1.base_kernel"": [0.6931481805599428, 0.6931481805599428, 0.6931481805599428], ""kernels.1.base_kernel.kernels.0"": [0.06714181728337329, 0.36518109060445336, 0.6581935288157561, 0.1272925736911421, 0.31741283325799335, 0.6052489859517631, 0.29028914770592396, 0.267831633304382, 0.3108360774086187, 0.19745299246604045, 0.31948626724554074, 0.24980488287861558, 0.5571019984479463, 0.7112776195764441, 0.256138211836782, 0.8533460161187325, 0.20475969849057732, 0.07264977196249939], ""kernels.1.base_kernel.kernels.1"": [0.6931481805599428, 0.6931481805599428, 0.6931481805599428]}","{""kernels.0"": 0.00036523342856104957, ""kernels.0.base_kernel.kernels.1"": 0.0033336586783954884, ""kernels.1"": 1.1003118726609595}",12,4,36,12,12,archive,1,141
463,149.33679717011637,96.44480661265321,0.5028,global,-4.255410456191845,-7.457370303878871,3.201959847687026,0.5342472882788556,1.232887509383497,global,,,0.444769553726374,0.010610788071198337,0.011066395912496063,0.00037829655481557236,0.36800366123712797,0.0671418179585157,0.3330728156687294,0.8533460234181607,"{""kernels.0.base_kernel.kernels.0"": [0.3336058630916907, 0.332769617050504, 0.33278226962465124, 0.33336809613397167, 0.33307473608518895, 0.33218142830445074, 0.33319336886914325, 0.33301863251162217, 0.3336497020022962, 0.3334345741766016, 0.3327581238496098, 0.3330065496669945, 0.3330708952522699, 0.33289818537145127, 0.33308228354648306, 0.3329187032624447, 0.3331177871939601, 0.33363796842557525], ""kernels.0.base_kernel.kernels.1.base_kernel"": [0.6931481805599428, 0.6931481805599428, 0.6931481805599428], ""kernels.1.base_kernel.kernels.0"": [0.0671418179585157, 0.36518106609583395, 0.6581935220066845, 0.12729256861265198, 0.31741280623625306, 0.6052489757625429, 0.29028916956874884, 0.2678316479095264, 0.31083609549158364, 0.1974529444901967, 0.31948621445835995, 0.24980485567978244, 0.5571020067008731, 0.7112777320374928, 0.25613823382128287, 0.8533460234181607, 0.2047596933284306, 0.07264977594446888], ""kernels.1.base_kernel.kernels.1"": [0.6931481805599428, 0.6931481805599428, 0.6931481805599428]}","{""kernels.0"": 0.00036523343093858486, ""kernels.0.base_kernel.kernels.1"": 0.0033336586782819083, ""kernels.1"": 1.1003120916021634}",12,4,36,12,12,archive,1,142
464,110.17320427820394,96.44480661265321,0.5026,global,-4.130366005823103,-5.553158468284366,1.4227924624612625,0.8005490632969481,1.3869457123962194,global,,,0.14013498953271192,0.010607995336470983,0.011060371253627809,0.00037852438964453206,0.369948082772905,0.06714629746067517,0.3330708839862786,0.8536042196721709,"{""kernels.0.base_kernel.kernels.0"": [0.33360713386227664, 0.3327691476933201, 0.332778288531413, 0.333369004546832, 0.3330743701496495, 0.3321733457067402, 0.33319331082249765, 0.33301777037533264, 0.3336502625388707, 0.3334371020222145, 0.3327578166912563, 0.3330065120571941, 0.33306739782290773, 0.33290005187853433, 0.33308011990376185, 0.3329171407430692, 0.33311719750127594, 0.3336393464273758], ""kernels.0.base_kernel.kernels.1.base_kernel"": [0.6931481805599428, 0.6931481805599428, 0.6931481805599428], ""kernels.1.base_kernel.kernels.0"": [0.06714629746067517, 0.3646575002424822, 0.6579349845631243, 0.12725959265936598, 0.31689407266991376, 0.6047613355247656, 0.29042549590372024, 0.26807120175859195, 0.31115320578626426, 0.19613778872214815, 0.3185322966699954, 0.2490459364771793, 0.5573314986304807, 0.714793604702551, 0.25661603143239403, 0.8536042196721709, 0.2046310119508379, 0.07276946648087126], ""kernels.1.base_kernel.kernels.1"": [0.6931481805599428, 0.6931481805599428, 0.6931481805599428]}","{""kernels.0"": 0.00036528759612817547, ""kernels.0.base_kernel.kernels.1"": 0.0033336560715910963, ""kernels.1"": 1.1061453046509957}",12,4,36,12,12,archive,1,143
465,151.05378447617485,96.44480661265321,0.5002,global,-4.2200123790891615,-6.25191595127908,2.0319035721899183,1.2171788616777082,1.4106359500670937,global,,,0.4507330380341859,0.010641745820133962,0.011099283641412439,0.00038151144584099185,0.37117166490914116,0.06734064267447824,0.3330475760802356,0.857706496254646,"{""kernels.0.base_kernel.kernels.0"": [0.33361964948511286, 0.3327675177750051, 0.33274342382062677, 0.3333779928845993, 0.33307118975143374, 0.33209808969867693, 0.3331944444093838, 0.33300979967404054, 0.33365605260713466, 0.33346382796297935, 0.3327575807380248, 0.3330073267266176, 0.3330355661296122, 0.33292152152258003, 0.333059586030859, 0.332905041996229, 0.3331120965991231, 0.3336527640426586], ""kernels.0.base_kernel.kernels.1.base_kernel"": [0.6931481805599428, 0.6931481805599428, 0.6931481805599428], ""kernels.1.base_kernel.kernels.0"": [0.06734064267447824, 0.36467800177248844, 0.6619613978542871, 0.12837034775724337, 0.31235687852351035, 0.6055646396374326, 0.29763972513764725, 0.2724072383992865, 0.3187557058339893, 0.18849216284280496, 0.3123761778707634, 0.24359858713683002, 0.5626938537504086, 0.7534090003972539, 0.2661602415632861, 0.857706496254646, 0.20511708356514874, 0.07401969380955285], ""kernels.1.base_kernel.kernels.1"": [0.6931481805599428, 0.6931481805599428, 0.6931481805599428]}","{""kernels.0"": 0.0003658157251751714, ""kernels.0.base_kernel.kernels.1"": 0.0033336297653579873, ""kernels.1"": 1.1098155492368902}",12,4,36,12,12,archive,1,144
466,178.81359711825434,96.44480661265321,0.4986,global,-4.129132519438081,-7.115086296931727,2.9859537774936458,1.0797141999058557,1.407643327469444,global,,,0.4326917645771501,0.010638623113193626,0.011096549771632802,0.00038197448069184336,0.3711717375748887,0.06734064621099455,0.33304757561862075,0.8577065206775294,"{""kernels.0.base_kernel.kernels.0"": [0.33361964966805635, 0.33276751780627645, 0.3327434234216672, 0.33337799298528853, 0.33307118974356387, 0.3320980887322754, 0.33319444426966655, 0.33300979954581816, 0.3336560526376925, 0.3334638284613779, 0.3327575809003613, 0.33300732682642786, 0.3330355656992137, 0.3329215215985581, 0.3330595855380278, 0.3329050418385597, 0.33311209654626367, 0.3336527642222709], ""kernels.0.base_kernel.kernels.1.base_kernel"": [0.6931481805599428, 0.6931481805599428, 0.6931481805599428], ""kernels.1.base_kernel.kernels.0"": [0.06734064621099455, 0.36467795501581984, 0.6619614433317405, 0.12837030631862356, 0.3123568244786993, 0.6055646613645562, 0.2976396324138447, 0.2724073081454602, 0.31875592182825274, 0.1884922002244978, 0.3123762317981715, 0.24359857626154027, 0.5626938804282576, 0.7534089198832536, 0.26616033001703315, 0.8577065206775294, 0.20511709215052032, 0.07401969034129498], ""kernels.1.base_kernel.kernels.1"": [0.6931481805599428, 0.6931481805599428, 0.6931481805599428]}","{""kernels.0"": 0.00036581573438309304, ""kernels.0.base_kernel.kernels.1"": 0.0033336297649103064, ""kernels.1"": 1.1098157672253728}",12,4,36,12,12,archive,1,145
467,161.4687799838383,96.44480661265321,0.498,global,-4.17636732389587,-6.009567963554421,1.8332006396585507,1.3092216559352197,1.4133741922415677,global,,,0.4601670533364468,0.010636776299458247,0.01109527182252821,0.00038254854622436177,0.3711717539875412,0.06734064675494304,0.3330475754971489,0.8577065232695397,"{""kernels.0.base_kernel.kernels.0"": [0.3336196497153666, 0.3327675178125346, 0.332743423314832, 0.3333779930103715, 0.333071189740287, 0.3320980884796761, 0.3331944442321417, 0.3330097995132952, 0.33365605264455567, 0.33346382858814844, 0.33275758093941005, 0.33300732686335627, 0.3330355655847025, 0.3329215216148978, 0.33305958540959535, 0.33290504179228764, 0.3331120965314439, 0.33365276426918755], ""kernels.0.base_kernel.kernels.1.base_kernel"": [0.6931481805599428, 0.6931481805599428, 0.6931481805599428], ""kernels.1.base_kernel.kernels.0"": [0.06734064675494304, 0.3646779395596752, 0.6619614501091916, 0.12837029208000744, 0.31235680751318673, 0.6055646649366021, 0.29763960193107764, 0.2724073258115961, 0.3187559705953198, 0.18849220338613032, 0.31237624001295844, 0.24359861265987062, 0.5626938811096349, 0.7534088984392516, 0.26616034682636686, 0.8577065232695397, 0.20511709054803026, 0.07401968916662711], ""kernels.1.base_kernel.kernels.1"": [0.6931481805599428, 0.6931481805599428, 0.6931481805599428]}","{""kernels.0"": 0.0003658157367487491, ""kernels.0.base_kernel.kernels.1"": 0.0033336297647955006, ""kernels.1"": 1.1098158164610794}",12,4,36,12,12,archive,1,146
468,211.32758334586464,96.44480661265321,0.4986,global,-4.126914884822417,-4.9622659635915145,0.8353510787690972,0.4799571091581564,1.3476441058813937,global,,,0.4173497364898917,0.010634591443235766,0.011093619703663089,0.00038310384331840353,0.3711717761112972,0.06734064702786922,0.3330475753803599,0.8577065246672911,"{""kernels.0.base_kernel.kernels.0"": [0.3336196497630299, 0.33276751781256064, 0.33274342320230216, 0.33337799303720234, 0.3330711897313512, 0.3320980882155082, 0.33319444418836236, 0.3330097994767295, 0.33365605265123555, 0.33346382871502006, 0.3327575809781704, 0.33300732689705753, 0.3330355654794671, 0.332921521623886, 0.33305958528125273, 0.3329050417445793, 0.33311209651638496, 0.3336527643230576], ""kernels.0.base_kernel.kernels.1.base_kernel"": [0.6931481805599428, 0.6931481805599428, 0.6931481805599428], ""kernels.1.base_kernel.kernels.0"": [0.06734064702786922, 0.3646779161433088, 0.6619614514536395, 0.1283702834378636, 0.31235678510505205, 0.6055646599729665, 0.2976395596730367, 0.2724073395612143, 0.3187560158964969, 0.18849220105007986, 0.31237624981348455, 0.24359864576125967, 0.5626938806231788, 0.7534088751578639, 0.2661603603648492, 0.8577065246672911, 0.20511708634398917, 0.07401968949879556], ""kernels.1.base_kernel.kernels.1"": [0.6931481805599428, 0.6931481805599428, 0.6931481805599428]}","{""kernels.0"": 0.00036581573916499285, ""kernels.0.base_kernel.kernels.1"": 0.003333629764680243, ""kernels.1"": 1.1098158828300464}",12,4,36,12,12,archive,0,147
469,240.0182905632795,96.44480661265321,0.5008,global,-4.120863611080766,-5.460212822521282,1.3393492114405152,0.4874888555495548,1.3741826935233648,global,,,0.4151070192556407,0.0106237431664636,0.01107998307820343,0.0003827148127848133,0.3720966559587567,0.06734440448954429,0.33304343378976053,0.8577165609232904,"{""kernels.0.base_kernel.kernels.0"": [0.333621293754741, 0.3327667766583942, 0.3327387656216679, 0.33337891955641463, 0.3330709234237421, 0.3320885805390354, 0.33319286599030873, 0.3330085545405512, 0.3336562164310865, 0.3334681199601319, 0.3327588073156147, 0.33300846396620687, 0.3330318079557982, 0.3329230739530499, 0.33305505962372284, 0.3329034336865681, 0.3331115493311441, 0.3336545599336798], ""kernels.0.base_kernel.kernels.1.base_kernel"": [0.6931481805599428, 0.6931481805599428, 0.6931481805599428], ""kernels.1.base_kernel.kernels.0"": [0.06734440448954429, 0.3636362914178848, 0.6619716699977319, 0.12800898244762265, 0.3116016253905649, 0.6050860936259767, 0.29622589049081605, 0.27277648459739745, 0.32017816553231937, 0.1882589610645529, 0.3123878800721993, 0.2445148562280835, 0.5625188196736217, 0.7529093816386359, 0.26647516352358347, 0.8577165609232904, 0.2048874434480526, 0.07403370855281491], ""kernels.1.base_kernel.kernels.1"": [0.6931481805599428, 0.6931481805599428, 0.6931481805599428]}","{""kernels.0"": 0.00036589888070569134, ""kernels.0.base_kernel.kernels.1"": 0.003333625770838521, ""kernels.1"": 1.112590443224726}",12,4,36,12,12,archive,1,148
470,152.99513648753265,96.44480661265321,0.502,global,-3.9878790100821018,-5.4143045996583465,1.4264255895762448,0.5101895549109055,1.3318224237495273,global,,,0.3565891455671035,0.01062248290998213,0.011079040331938307,0.00038304561475332365,0.37209665200499414,0.06734440453029666,0.33304343378423434,0.8577165609993307,"{""kernels.0.base_kernel.kernels.0"": [0.33362129375665484, 0.33276677665666465, 0.3327387656138579, 0.33337891955786564, 0.33307092342403316, 0.3320885805276412, 0.33319286599027964, 0.3330085545393479, 0.33365621643149185, 0.3334681199655816, 0.33275880731769264, 0.3330084639679791, 0.33303180795069676, 0.33292307395789417, 0.33305505961777193, 0.33290343368556236, 0.33311154933075654, 0.3336545599348268], ""kernels.0.base_kernel.kernels.1.base_kernel"": [0.6931481805599428, 0.6931481805599428, 0.6931481805599428], ""kernels.1.base_kernel.kernels.0"": [0.06734440453029666, 0.3636362887283871, 0.6619716690589137, 0.12800898255931364, 0.3116016248881468, 0.605086093643901, 0.29622589067321276, 0.27277648578234714, 0.32017816778116787, 0.18825896128990516, 0.3123878805459782, 0.24451485771563558, 0.562518819829299, 0.7529093799009872, 0.26647516442769503, 0.8577165609993307, 0.20488744368630665, 0.07403370861657228], ""kernels.1.base_kernel.kernels.1"": [0.6931481805599428, 0.6931481805599428, 0.6931481805599428]}","{""kernels.0"": 0.00036589888081122666, ""kernels.0.base_kernel.kernels.1"": 0.0033336257708332507, ""kernels.1"": 1.112590431363338}",12,4,36,12,12,archive,2,149
471,179.74580797708313,96.44480661265321,0.5014,global,-4.1873758239176215,-5.720022622927438,1.5326467990098163,0.9006655489918853,1.3732079612680956,global,,,0.457652089833611,0.010620118906704876,0.01107935111742508,0.0003837219521747201,0.37073867821774925,0.06735388777781974,0.3330415563816638,0.8577536516290603,"{""kernels.0.base_kernel.kernels.0"": [0.3336219364604645, 0.33276618574737155, 0.3327361190901792, 0.3333794073415778, 0.33307099267336676, 0.3320847322270903, 0.33319281877829493, 0.33300824415159663, 0.33365637960846656, 0.3334699258888036, 0.33275947648937365, 0.33300905323453966, 0.3330300567821845, 0.33292472215895036, 0.3330530559811431, 0.3329030424581724, 0.3331114010618648, 0.3336549700693405], ""kernels.0.base_kernel.kernels.1.base_kernel"": [0.6931481805599428, 0.6931481805599428, 0.6931481805599428], ""kernels.1.base_kernel.kernels.0"": [0.06735388777781974, 0.3626650553267938, 0.6616246445559781, 0.1280159987829225, 0.31136939850030726, 0.6051318684122605, 0.2962069817494288, 0.27354189558096353, 0.32100428928803143, 0.1882879950515408, 0.31250239716023476, 0.24505675402032193, 0.5625040367082987, 0.7526321448641248, 0.26670311717892964, 0.8577536516290603, 0.20492266379431864, 0.07405737436973496], ""kernels.1.base_kernel.kernels.1"": [0.6931481805599428, 0.6931481805599428, 0.6931481805599428]}","{""kernels.0"": 0.0003659340094055741, ""kernels.0.base_kernel.kernels.1"": 0.0033336240174861253, ""kernels.1"": 1.108516476626356}",12,4,36,12,12,archive,1,150
472,179.8516413025269,96.44480661265321,0.4996,global,-4.195158476820492,-5.370849761090833,1.175691284270341,0.7691614551211062,1.3408947715248603,global,,,0.4109554156018198,0.01061245742955139,0.011069400746818532,0.00038368779499286127,0.3717804801539036,0.0673447514849443,0.3330396223069854,0.8578343608667653,"{""kernels.0.base_kernel.kernels.0"": [0.3336225618032813, 0.3327655369523097, 0.33273348500411926, 0.3333798049127836, 0.33307096250484164, 0.3320806287153245, 0.3331926183116999, 0.3330077496740025, 0.3336564544169188, 0.33347155815387275, 0.3327598801860211, 0.3330094409441311, 0.33302817554602826, 0.3329259634223531, 0.3330510690679426, 0.33290254456204665, 0.333111178119672, 0.3336553828045056], ""kernels.0.base_kernel.kernels.1.base_kernel"": [0.6931481805599428, 0.6931481805599428, 0.6931481805599428], ""kernels.1.base_kernel.kernels.0"": [0.0673447514849443, 0.36147509006315615, 0.6611407466511919, 0.12783765124591168, 0.31093304454275367, 0.6046316746756657, 0.2957402025875361, 0.2739030409036759, 0.32137359053875936, 0.18807790324474755, 0.31229262726070006, 0.2452676310947634, 0.562227364755867, 0.7522335225545128, 0.2666390979372679, 0.8578343608667653, 0.20478316995910104, 0.07405791076794198], ""kernels.1.base_kernel.kernels.1"": [0.6931481805599428, 0.6931481805599428, 0.6931481805599428]}","{""kernels.0"": 0.00036596857886802094, ""kernels.0.base_kernel.kernels.1"": 0.0033336223866166094, ""kernels.1"": 1.1116418494962261}",12,4,36,12,12,archive,1,151
473,103.6819184001483,96.44480661265321,0.503,global,-4.225269023956207,-5.556837550874623,1.3315685269184163,0.6223722967401795,1.4139173472744628,global,,,0.13100044385501378,0.010610108962153097,0.011069321501570065,0.00038434070164876323,0.37057280861558367,0.0673480528721632,0.3330376630395514,0.8580868495427632,"{""kernels.0.base_kernel.kernels.0"": [0.33362322508560643, 0.3327651584158555, 0.3327306801063398, 0.33338028310122186, 0.3330709916787474, 0.33207636333497703, 0.33319254793279185, 0.333007256466936, 0.3336565597660297, 0.3334734110223542, 0.3327605932476395, 0.3330099046446382, 0.3330263688007418, 0.3329276477442602, 0.33304895727836104, 0.33290228204969496, 0.33311099910275294, 0.3336558506124376], ""kernels.0.base_kernel.kernels.1.base_kernel"": [0.6931481805599428, 0.6931481805599428, 0.6931481805599428], ""kernels.1.base_kernel.kernels.0"": [0.0673480528721632, 0.3607426465281643, 0.6608192226311735, 0.12777701349096585, 0.31060056034687467, 0.604353095114276, 0.2956027280767166, 0.2746019721287212, 0.32199390470145245, 0.18802004952070794, 0.3125008867982538, 0.24558246728431554, 0.5622799685818288, 0.7521826281010998, 0.2668212693230473, 0.8580868495427632, 0.20483153060290196, 0.07408473744128986], ""kernels.1.base_kernel.kernels.1"": [0.6931481805599428, 0.6931481805599428, 0.6931481805599428]}","{""kernels.0"": 0.000366006118337295, ""kernels.0.base_kernel.kernels.1"": 0.0033336205119619796, ""kernels.1"": 1.1080187992164516}",12,4,36,12,12,archive,0,152
474,110.72592850601865,96.44480661265321,0.4984,global,-4.172467646749245,-5.440210934145614,1.2677432873963683,0.8185539799929674,1.4139257169249322,global,,,0.2335566096078864,0.01060224839074748,0.01106065784255439,0.0003839293235354353,0.3705728613231812,0.06734805227615828,0.33303766270726776,0.8580868409722123,"{""kernels.0.base_kernel.kernels.0"": [0.33362322520223064, 0.33276515836028037, 0.33273067955331725, 0.33338028318538143, 0.33307099166241366, 0.33207636251597267, 0.33319254792204817, 0.3330072563514919, 0.3336565597854774, 0.3334734113291548, 0.332760593337607, 0.33300990470353686, 0.33302636847622097, 0.33292764795905266, 0.3330489569383145, 0.33290228195322497, 0.3331109990699424, 0.3336558506995385], ""kernels.0.base_kernel.kernels.1.base_kernel"": [0.6931481805599428, 0.6931481805599428, 0.6931481805599428], ""kernels.1.base_kernel.kernels.0"": [0.06734805227615828, 0.3607425373346917, 0.6608191226440141, 0.127777004608424, 0.3106004698596186, 0.6043529699750713, 0.295602683652216, 0.27460205888209227, 0.32199396458936785, 0.1880200088149792, 0.31250088038200385, 0.24558249300803056, 0.5622799635481569, 0.752182603457978, 0.2668213621094583, 0.8580868409722123, 0.20483153139612237, 0.07408473864524887], ""kernels.1.base_kernel.kernels.1"": [0.6931481805599428, 0.6931481805599428, 0.6931481805599428]}","{""kernels.0"": 0.00036600612503114255, ""kernels.0.base_kernel.kernels.1"": 0.003333620511645965, ""kernels.1"": 1.1080189573328665}",12,4,36,12,12,archive,1,153
475,103.51984619265599,96.44480661265321,0.5,global,-4.142827486374632,-5.65728248812146,1.5144550017468283,0.9846288277870253,1.4139811933129056,global,,,0.13336385621670022,0.010599746386177498,0.011058208660690117,0.00038407247476498173,0.37057286140370765,0.06734805226503207,0.33303766270125706,0.8580868402995664,"{""kernels.0.base_kernel.kernels.0"": [0.33362322520430904, 0.33276515835778836, 0.33273067954416613, 0.33338028318689256, 0.33307099166213855, 0.33207636250261796, 0.33319254792298714, 0.33300725634979006, 0.33365655978600006, 0.3334734113345555, 0.33276059333911384, 0.3330099047046255, 0.333026368470259, 0.3329276479646692, 0.3330489569322551, 0.33290228195180765, 0.33311099906924224, 0.3336558507010897], ""kernels.0.base_kernel.kernels.1.base_kernel"": [0.6931481805599428, 0.6931481805599428, 0.6931481805599428], ""kernels.1.base_kernel.kernels.0"": [0.06734805226503207, 0.3607425349612632, 0.6608191204356323, 0.127777004196472, 0.3106004682249824, 0.6043529688186811, 0.2956026861624379, 0.27460206019060474, 0.32199396632727817, 0.1880200082912772, 0.31250088096434464, 0.24558249329094112, 0.562279963048833, 0.752182605131921, 0.26682136351864355, 0.8580868402995664, 0.20483153126249176, 0.07408473871439211], ""kernels.1.base_kernel.kernels.1"": [0.6931481805599428, 0.6931481805599428, 0.6931481805599428]}","{""kernels.0"": 0.00036600612514507355, ""kernels.0.base_kernel.kernels.1"": 0.0033336205116405323, ""kernels.1"": 1.1080189575743373}",12,4,36,12,12,archive,0,154
476,111.10819168109361,96.44480661265321,0.5,global,-4.119485273825662,-5.034086142263589,0.914600868437927,0.49865565167011366,1.3819972183937443,global,,,0.1894259280960431,0.010621098365656275,0.011084038225389236,0.0003860602065805442,0.3716233780796323,0.0673174629858275,0.33302510062056856,0.8551980494698367,"{""kernels.0.base_kernel.kernels.0"": [0.3336274484026073, 0.33276125268751994, 0.33271250125497015, 0.33338321813881555, 0.3330702614737809, 0.332048588938136, 0.33319510183008966, 0.33300454160488147, 0.33365778400733126, 0.333484138747545, 0.3327634964468851, 0.3330119268103876, 0.33301352071763074, 0.33293804639068936, 0.3330366805235063, 0.33289905581299717, 0.3331093833277998, 0.3336587789865605], ""kernels.0.base_kernel.kernels.1.base_kernel"": [0.6931481805599428, 0.6931481805599428, 0.6931481805599428], ""kernels.1.base_kernel.kernels.0"": [0.0673174629858275, 0.3588178734206438, 0.6564138971627397, 0.12693409201204514, 0.3070950329908229, 0.6005647316168894, 0.30202126535997553, 0.2781038067585824, 0.3251018405922873, 0.18749631319171414, 0.31373075018771807, 0.24606459921426577, 0.561209150152276, 0.7549225867808957, 0.2695108694810981, 0.8551980494698367, 0.20428742597600935, 0.07425084266946338], ""kernels.1.base_kernel.kernels.1"": [0.6931481805599428, 0.6931481805599428, 0.6931481805599428]}","{""kernels.0"": 0.0003662354831707888, ""kernels.0.base_kernel.kernels.1"": 0.0033336097450075916, ""kernels.1"": 1.1111702890107185}",12,4,36,12,12,archive,1,155
477,113.76400134304144,96.44480661265321,0.4986,global,-4.068250831469058,-6.698432161497302,2.630181330028244,1.244246360432104,1.4141591228251755,global,,,0.18829538493818318,0.010618936627837493,0.011081984358123461,0.00038623905875649454,0.3716232962822114,0.06731746411311028,0.3330251005075793,0.8551980300301821,"{""kernels.0.base_kernel.kernels.0"": [0.3336274484480913, 0.33276125267656503, 0.33271250114404816, 0.33338321817129496, 0.33307026147347163, 0.3320485886653071, 0.33319510181052353, 0.3330045415621215, 0.3336577840214368, 0.3334841388633185, 0.3327634964634644, 0.333011926830009, 0.33301352062531636, 0.33293804649991265, 0.33303668038984224, 0.3328990557609541, 0.3331093833189578, 0.3336587790167109], ""kernels.0.base_kernel.kernels.1.base_kernel"": [0.6931481805599428, 0.6931481805599428, 0.6931481805599428], ""kernels.1.base_kernel.kernels.0"": [0.06731746411311028, 0.3588178941695473, 0.6564139215843331, 0.12693409878877793, 0.30709500330139344, 0.6005646935174876, 0.30202128081322066, 0.2781038298378298, 0.32510188675398866, 0.1874963259186786, 0.31373076894618146, 0.24606459798357572, 0.5612091905093968, 0.7549226127780048, 0.2695109057914349, 0.8551980300301821, 0.20428744466599744, 0.07425084504441966], ""kernels.1.base_kernel.kernels.1"": [0.6931481805599428, 0.6931481805599428, 0.6931481805599428]}","{""kernels.0"": 0.0003662354856225168, ""kernels.0.base_kernel.kernels.1"": 0.003333609744891933, ""kernels.1"": 1.1111700436161198}",12,4,36,12,12,archive,1,156
478,107.74749803050757,96.44480661265321,0.5,global,-4.084530515256089,-6.101207005211093,2.016676489955004,1.3767290318738183,1.41357449487856,global,,,0.1855033224733083,0.01060989887359006,0.01107218928090342,0.00038591673829166287,0.37162308335086447,0.06731746636622071,0.3330251002974768,0.8551979889014362,"{""kernels.0.base_kernel.kernels.0"": [0.3336274485333219, 0.3327612526791609, 0.3327125009648318, 0.3333832182330186, 0.333070261471682, 0.3320485881547182, 0.33319510178576445, 0.33300454147829905, 0.3336577840518646, 0.3334841390827914, 0.33276349649373754, 0.33301192686451864, 0.33301352044739724, 0.332938046698453, 0.33303668014755633, 0.33289905565884753, 0.33310938330060647, 0.3336587790749908], ""kernels.0.base_kernel.kernels.1.base_kernel"": [0.6931481805599428, 0.6931481805599428, 0.6931481805599428], ""kernels.1.base_kernel.kernels.0"": [0.06731746636622071, 0.3588180025859365, 0.6564140051957107, 0.1269341160340381, 0.3070949428658663, 0.6005646313462062, 0.3020213541289833, 0.27810386893973604, 0.32510199865150996, 0.18749636349258675, 0.31373081005838377, 0.24606459100479378, 0.5612092616784261, 0.7549226597146789, 0.26951099986931587, 0.8551979889014362, 0.20428747632679567, 0.07425085104409343], ""kernels.1.base_kernel.kernels.1"": [0.6931481805599428, 0.6931481805599428, 0.6931481805599428]}","{""kernels.0"": 0.0003662354901711555, ""kernels.0.base_kernel.kernels.1"": 0.0033336097446754003, ""kernels.1"": 1.111169404817747}",12,4,36,12,12,archive,1,157
479,114.69779649481674,96.44480661265321,0.4966,global,-4.160218443340454,-5.35551857840426,1.195300135063806,1.2521559048352353,1.4129015680719907,global,,,0.19147097305818353,0.0106080553329036,0.011070430044635362,0.00038606267485963476,0.3716230757062047,0.0673174664331293,0.33302510029156335,0.8551979880839741,"{""kernels.0.base_kernel.kernels.0"": [0.33362744853570236, 0.3327612526809425, 0.33271250095929783, 0.33338321823468586, 0.3330702614716057, 0.33204858814018595, 0.3331951017859044, 0.3330045414757913, 0.3336577840523099, 0.33348413908884306, 0.33276349649476644, 0.33301192686519693, 0.3330135204421899, 0.33293804670629196, 0.3330366801409368, 0.3328990556560492, 0.3331093833000783, 0.33365877907666947], ""kernels.0.base_kernel.kernels.1.base_kernel"": [0.6931481805599428, 0.6931481805599428, 0.6931481805599428], ""kernels.1.base_kernel.kernels.0"": [0.0673174664331293, 0.35881800812486614, 0.6564140079837556, 0.1269341167025606, 0.3070949410782665, 0.6005646296207046, 0.3020213572254147, 0.2781038702337344, 0.3251020017789407, 0.18749636417784774, 0.31373081140066, 0.24606459079126758, 0.5612092633836794, 0.7549226637625435, 0.2695110033173015, 0.8551979880839741, 0.2042874771464951, 0.07425085125879267], ""kernels.1.base_kernel.kernels.1"": [0.6931481805599428, 0.6931481805599428, 0.6931481805599428]}","{""kernels.0"": 0.00036623549029559744, ""kernels.0.base_kernel.kernels.1"": 0.0033336097446693643, ""kernels.1"": 1.111169381883649}",12,4,36,12,12,archive,1,158
480,109.71533709218068,96.44480661265321,0.498,global,-4.078555207589676,-5.552107515343382,1.4735523077537058,0.7969749385977468,1.377577718061391,global,,,0.11900095772519571,0.010611314098282018,0.01107819594578513,0.0003869831511952524,0.36979019406456093,0.06733832558310705,0.33302395031329957,0.8550889444215163,"{""kernels.0.base_kernel.kernels.0"": [0.3336279356590424, 0.3327615816664342, 0.33271139833094265, 0.3333835753403466, 0.3330702417723299, 0.3320456676392525, 0.33319509332069935, 0.3330040312416878, 0.33365785608540516, 0.33348533067134184, 0.33276367270903623, 0.33301205883946267, 0.33301247025397207, 0.33294043305829263, 0.33303543037262706, 0.3328984832430196, 0.33310927398525986, 0.33365911879703275], ""kernels.0.base_kernel.kernels.1.base_kernel"": [0.6931481805599428, 0.6931481805599428, 0.6931481805599428], ""kernels.1.base_kernel.kernels.0"": [0.06733832558310705, 0.35999617371508064, 0.6570151316744348, 0.12711172633420104, 0.3067142647412497, 0.6002913011262918, 0.30266861400521305, 0.27834526053053954, 0.32569569979955815, 0.18760750088330352, 0.3139740052007989, 0.24600513407592126, 0.5616278213683356, 0.7569015378946995, 0.27030877334818015, 0.8550889444215163, 0.20448173978353137, 0.07430227278760237], ""kernels.1.base_kernel.kernels.1"": [0.6931481805599428, 0.6931481805599428, 0.6931481805599428]}","{""kernels.0"": 0.00036625964955094273, ""kernels.0.base_kernel.kernels.1"": 0.0033336085410026876, ""kernels.1"": 1.1056707140031292}",12,4,36,12,12,archive,0,159
481,122.83449797923971,96.44480661265321,0.4966,global,-4.184022979823261,-5.121206202343572,0.9371832225203107,0.5058405942330386,1.3197779726882906,global,,,0.24358863362682212,0.01066265759157704,0.011137069733314544,0.0003914152551375137,0.3737249383199537,0.06747121150470387,0.33301064301396965,0.8636469042154216,"{""kernels.0.base_kernel.kernels.0"": [0.3336380720904288, 0.3327570805975157, 0.33269017262071715, 0.333389691195052, 0.3330691087557106, 0.3319846569656546, 0.3331932766288389, 0.3329920903596786, 0.3336590239710612, 0.33350724284490113, 0.33276317070802736, 0.3330132774772994, 0.33298912267158387, 0.332987712840432, 0.33300800855063983, 0.3328878555096038, 0.33310475139567725, 0.3336663807003521], ""kernels.0.base_kernel.kernels.1.base_kernel"": [0.6931481805599428, 0.6931481805599428, 0.6931481805599428], ""kernels.1.base_kernel.kernels.0"": [0.06747121150470387, 0.37144923795435025, 0.6678072502012953, 0.12750817948884527, 0.2966101852732112, 0.5916210525616366, 0.30997631178385276, 0.2774204941612318, 0.3316061503292051, 0.18540118842244846, 0.314250719092867, 0.24131029990309166, 0.5654663779656991, 0.7974197331284574, 0.2800896228901625, 0.8636469042154216, 0.20520223751553376, 0.07482121269891027], ""kernels.1.base_kernel.kernels.1"": [0.6931481805599428, 0.6931481805599428, 0.6931481805599428]}","{""kernels.0"": 0.00036673768879095093, ""kernels.0.base_kernel.kernels.1"": 0.003333585963513643, ""kernels.1"": 1.1174744913075565}",12,4,36,12,12,archive,1,160
482,117.76943333258811,96.44480661265321,0.501,global,-4.05668887293319,-5.7093902619459245,1.6527013890127344,1.0403998501315876,1.402752904252515,global,,,0.269335189598968,0.010659218077489954,0.011133755591357715,0.00039165950473021453,0.3737249374122875,0.06747121145935926,0.33301064301050315,0.8636469037379291,"{""kernels.0.base_kernel.kernels.0"": [0.3336380720928373, 0.3327570805921886, 0.3326901726168828, 0.3333896911966165, 0.33306910875696044, 0.33198465695377427, 0.3331932766263875, 0.33299209035796185, 0.3336590239714894, 0.33350724285014505, 0.33276317070727035, 0.33301327747886283, 0.33298912266633396, 0.3329877128499464, 0.33300800854214346, 0.3328878555057182, 0.3331047513948734, 0.33366638070186877], ""kernels.0.base_kernel.kernels.1.base_kernel"": [0.6931481805599428, 0.6931481805599428, 0.6931481805599428], ""kernels.1.base_kernel.kernels.0"": [0.06747121145935926, 0.37144923393751644, 0.6678072508746744, 0.1275081795002273, 0.29661018447786336, 0.5916210499487011, 0.3099763106750975, 0.2774204943810738, 0.3316061537621881, 0.185401188121723, 0.3142507197673342, 0.24131029985379213, 0.5654663781256009, 0.7974197366567751, 0.2800896240540107, 0.8636469037379291, 0.20520223761150966, 0.07482121282254885], ""kernels.1.base_kernel.kernels.1"": [0.6931481805599428, 0.6931481805599428, 0.6931481805599428]}","{""kernels.0"": 0.00036673768891069575, ""kernels.0.base_kernel.kernels.1"": 0.003333585963508145, ""kernels.1"": 1.1174744885844436}",12,4,36,12,12,archive,1,161
483,109.6572137421069,96.44480661265321,0.4964,global,-3.9801383194164845,-5.514732954162086,1.5345946347456012,0.7749092998639973,1.4069370991316665,global,,,0.13410652702403336,0.010655834252057149,0.011130432953071305,0.0003918454166014638,0.3737249357113089,0.06747121141100884,0.33301064300696437,0.8636469031520516,"{""kernels.0.base_kernel.kernels.0"": [0.33363807209532775, 0.33275708058592884, 0.33269017261231265, 0.33338969119847356, 0.33306910875806367, 0.3319846569416055, 0.3331932766243317, 0.3329920903569272, 0.33365902397222363, 0.33350724285557565, 0.3327631707066368, 0.3330132774803948, 0.3329891226614789, 0.33298771285813555, 0.33300800853353396, 0.33288785550189753, 0.33310475139411394, 0.33366638070349636], ""kernels.0.base_kernel.kernels.1.base_kernel"": [0.6931481805599428, 0.6931481805599428, 0.6931481805599428], ""kernels.1.base_kernel.kernels.0"": [0.06747121141100884, 0.37144922959608734, 0.6678072510889238, 0.12750817948933152, 0.29661018351054425, 0.5916210474609606, 0.3099763099551195, 0.2774204946293253, 0.3316061572236932, 0.1854011881570066, 0.3142507204647823, 0.24131029964010725, 0.5654663784611487, 0.797419739935492, 0.2800896254496127, 0.8636469031520516, 0.20520223786637862, 0.07482121312534723], ""kernels.1.base_kernel.kernels.1"": [0.6931481805599428, 0.6931481805599428, 0.6931481805599428]}","{""kernels.0"": 0.00036673768903481104, ""kernels.0.base_kernel.kernels.1"": 0.003333585963502564, ""kernels.1"": 1.1174744834813892}",12,4,36,12,12,archive,1,162
484,151.52133906928367,96.44480661265321,0.4992,global,-3.8983651268889004,-6.665763550797208,2.7673984239083076,0.6382177880199197,1.317848625072499,global,,,0.24387448126263467,0.010647753311101394,0.011121634210610631,0.00039153091111450964,0.37372481373993066,0.06747120994221303,0.3330106428812104,0.8636468762222304,"{""kernels.0.base_kernel.kernels.0"": [0.3336380721853664, 0.3327570803862649, 0.3326901724523292, 0.33338969126815593, 0.3330691087968942, 0.3319846565099312, 0.3331932765567086, 0.33299209030911275, 0.3336590239982889, 0.33350724305189683, 0.33276317068147504, 0.3330132775328797, 0.33298912248490875, 0.33298771317991843, 0.33300800822954113, 0.33288785535436755, 0.3331047513664926, 0.3336663807651596], ""kernels.0.base_kernel.kernels.1.base_kernel"": [0.6931481805599428, 0.6931481805599428, 0.6931481805599428], ""kernels.1.base_kernel.kernels.0"": [0.06747120994221303, 0.37144909008568205, 0.6678072631505335, 0.12750819006156203, 0.2966101459729043, 0.5916209766929104, 0.30997632465313196, 0.2774205065018832, 0.3316062964606666, 0.18540119861229631, 0.3142507510807998, 0.24131029415855973, 0.5654664031085457, 0.7974198771045597, 0.28008969996447897, 0.8636468762222304, 0.2052022552730755, 0.07482122707567959], ""kernels.1.base_kernel.kernels.1"": [0.6931481805599428, 0.6931481805599428, 0.6931481805599428]}","{""kernels.0"": 0.00036673769351661274, ""kernels.0.base_kernel.kernels.1"": 0.0033335859632997074, ""kernels.1"": 1.1174741175629757}",12,4,36,12,12,archive,2,163
485,133.36645244120655,96.44480661265321,0.4986,global,-3.6642845619776994,-7.522083028353062,3.857798466375363,0.37614139982208034,1.2259197319265758,global,,,0.23016627318146762,0.010647059425959976,0.011121651304141568,0.00039218253752479045,0.3737247913385553,0.06747120892827509,0.3330106428129336,0.863646866756072,"{""kernels.0.base_kernel.kernels.0"": [0.3336380722395378, 0.3327570802709953, 0.3326901722962148, 0.3333896913165975, 0.3330691088184186, 0.33198465627759044, 0.33319327648317015, 0.3329920902940866, 0.33365902400395586, 0.3335072431670555, 0.3327631706486794, 0.3330132775692846, 0.33298912237068706, 0.33298771338246547, 0.3330080080565826, 0.33288785527265896, 0.3331047513538447, 0.3336663808047014], ""kernels.0.base_kernel.kernels.1.base_kernel"": [0.6931481805599428, 0.6931481805599428, 0.6931481805599428], ""kernels.1.base_kernel.kernels.0"": [0.06747120892827509, 0.3714490149761012, 0.6678072429790282, 0.12750819452478218, 0.29661012168049194, 0.5916209368833862, 0.3099763169847299, 0.27742051979699267, 0.3316063619668364, 0.18540119895490267, 0.3142507265061055, 0.24131029355722383, 0.5654664190855057, 0.7974199580022528, 0.28008974489473104, 0.863646866756072, 0.205202263782292, 0.07482123501460072], ""kernels.1.base_kernel.kernels.1"": [0.6931481805599428, 0.6931481805599428, 0.6931481805599428]}","{""kernels.0"": 0.0003667376962371667, ""kernels.0.base_kernel.kernels.1"": 0.0033335859631800175, ""kernels.1"": 1.1174740503562488}",12,4,36,12,12,archive,2,164
486,114.46025788706007,96.44480661265321,0.4994,global,-4.098111444311453,-5.861531632805424,1.7634201884939715,1.0055604619516108,1.4105971230541245,global,,,0.20459540199048942,0.01064205248113767,0.011116432052918871,0.00039238215290334687,0.37329617315894686,0.06742823415076288,0.3330421978810116,0.8629727920316669,"{""kernels.0.base_kernel.kernels.0"": [0.33364019576383114, 0.33275253189282633, 0.33268434309020745, 0.3333915667128908, 0.33306990308728, 0.33197712300225296, 0.3331904517504263, 0.33299092261596364, 0.33365889229722173, 0.3335117299916768, 0.33276153506449563, 0.33301449267474315, 0.3329835197806531, 0.3329953046264875, 0.33300125221612814, 0.3328847395624159, 0.33310367851669986, 0.33366802709155696], ""kernels.0.base_kernel.kernels.1.base_kernel"": [0.6931481805599428, 0.6931481805599428, 0.6931481805599428], ""kernels.1.base_kernel.kernels.0"": [0.06742823415076288, 0.36820380864133906, 0.6671103865512864, 0.1277081578548575, 0.2954615214783979, 0.5907294481966566, 0.308992136010094, 0.27783327931272706, 0.33475679179487655, 0.18540662357983873, 0.31221782333398407, 0.24127959154237627, 0.5661628314448875, 0.8006082425084573, 0.2818808120708783, 0.8629727920316669, 0.20537704214868172, 0.07518215043661784], ""kernels.1.base_kernel.kernels.1"": [0.6931481805599428, 0.6931481805599428, 0.6931481805599428]}","{""kernels.0"": 0.0003668431301181729, ""kernels.0.base_kernel.kernels.1"": 0.003333581373607608, ""kernels.1"": 1.1161880949731149}",12,4,36,12,12,archive,1,165
487,101.63415189298995,96.44480661265321,0.4998,global,-4.23253991182082,-5.2566938993591705,1.0241539875383507,0.81848025840887,1.4088313652301785,global,,,0.15789515704905266,0.010638056875773952,0.011112358895613754,0.0003924706125147208,0.3732961753000435,0.06742823409541532,0.33304219788218403,0.862972791086542,"{""kernels.0.base_kernel.kernels.0"": [0.33364019576688614, 0.33275253188741294, 0.33268434308170175, 0.3333915667155783, 0.3330699030882318, 0.3319771229909437, 0.33319045174787465, 0.3329909226143907, 0.33365889229656853, 0.333511729998227, 0.3327615350637843, 0.3330144926761363, 0.33298351977405805, 0.33299530463616045, 0.33300125220550864, 0.3328847395583651, 0.3331036785151974, 0.33366802709406024], ""kernels.0.base_kernel.kernels.1.base_kernel"": [0.6931481805599428, 0.6931481805599428, 0.6931481805599428], ""kernels.1.base_kernel.kernels.0"": [0.06742823409541532, 0.3682038052355926, 0.6671103856047472, 0.12770815807075586, 0.29546151932105064, 0.5907294459501735, 0.3089921373562708, 0.27783328022332604, 0.33475679552645893, 0.18540662356839602, 0.31221782170781665, 0.2412795908906336, 0.5661628344531481, 0.8006082461413353, 0.28188081405241, 0.862972791086542, 0.20537704354255398, 0.07518215086994406], ""kernels.1.base_kernel.kernels.1"": [0.6931481805599428, 0.6931481805599428, 0.6931481805599428]}","{""kernels.0"": 0.0003668431302784754, ""kernels.0.base_kernel.kernels.1"": 0.0033335813736007206, ""kernels.1"": 1.1161881013962514}",12,4,36,12,12,archive,0,166
488,109.6222622054899,96.44480661265321,0.4996,global,-3.919905432610302,-6.082936579926563,2.1630311473162607,0.564281322791248,1.2168204395673639,global,,,0.16873953892871738,0.010651921632778371,0.011129157013438999,0.0003938219649189483,0.373709344995191,0.06741261078362555,0.3330431717185238,0.8617748432626142,"{""kernels.0.base_kernel.kernels.0"": [0.3336426994713284, 0.3327471805355791, 0.3326773435308322, 0.33339381387933525, 0.33307054065471714, 0.33196780106934437, 0.33318841875940536, 0.3329907116913028, 0.33365768322158873, 0.33351675330387087, 0.33276152174101936, 0.33301580278233056, 0.33297760555073386, 0.3330036347506065, 0.3329938135655628, 0.33288208258333096, 0.3331026875984378, 0.3336699529362726], ""kernels.0.base_kernel.kernels.1.base_kernel"": [0.6931481805599428, 0.6931481805599428, 0.6931481805599428], ""kernels.1.base_kernel.kernels.0"": [0.06741261078362555, 0.36452808294573696, 0.666560445577363, 0.1279346694128829, 0.2937811437281971, 0.5895035023653182, 0.3111998224823251, 0.2785208392062951, 0.33690685347276, 0.1854048909466694, 0.311512617248996, 0.24077728325769165, 0.5688216144658695, 0.8040447556976626, 0.2848760217292792, 0.8617748432626142, 0.2066733701661582, 0.07556523686819944], ""kernels.1.base_kernel.kernels.1"": [0.6931481805599428, 0.6931481805599428, 0.6931481805599428]}","{""kernels.0"": 0.0003669674967627325, ""kernels.0.base_kernel.kernels.1"": 0.003333576066110425, ""kernels.1"": 1.1174274914226998}",12,4,36,12,12,archive,0,167
489,106.19927861645891,96.44480661265321,0.5008,global,-4.044831284383646,-5.628901427055547,1.5840701426719015,0.575124279112485,1.2560333530903853,global,,,0.13365579986204368,0.010649908273070689,0.011125818831415338,0.0003938913638472678,0.37471580141174,0.0673907099421701,0.3330438114067983,0.861913467617751,"{""kernels.0.base_kernel.kernels.0"": [0.3336440778355783, 0.33274585705535104, 0.33267379395488733, 0.333395017018652, 0.33307106287546345, 0.3319620082707762, 0.3331867890315968, 0.3329905804426666, 0.3336569081029799, 0.3335193444433524, 0.33276152089556577, 0.33301655993813306, 0.3329731883320079, 0.33301106307374656, 0.3329891255113335, 0.3328807249775265, 0.3331018714693834, 0.3336709060071023], ""kernels.0.base_kernel.kernels.1.base_kernel"": [0.6931481805599428, 0.6931481805599428, 0.6931481805599428], ""kernels.1.base_kernel.kernels.0"": [0.0673907099421701, 0.3638321753660292, 0.6663764346323159, 0.12792157431386703, 0.2927175263902222, 0.5879455825940294, 0.31199482644285653, 0.27876230021900616, 0.3378267877855497, 0.1848760132491034, 0.31125692131509747, 0.24037004114617586, 0.569421249996584, 0.8098762434692769, 0.2862472430688326, 0.861913467617751, 0.20694309171204978, 0.07569980547317955], ""kernels.1.base_kernel.kernels.1"": [0.6931481805599428, 0.6931481805599428, 0.6931481805599428]}","{""kernels.0"": 0.0003670350894320329, ""kernels.0.base_kernel.kernels.1"": 0.0033335731004327978, ""kernels.1"": 1.1204467960453552}",12,4,36,12,12,archive,0,168
490,105.47541085733258,96.44480661265321,0.4998,global,-4.115384814933685,-6.079077659613672,1.9636928446799873,0.8992351520373462,1.4076238299375803,global,,,0.11584912835783927,0.010653168368844137,0.011133197401296905,0.00039466793442873114,0.3731534713706561,0.06741435148268529,0.33304424196556626,0.8622634174784065,"{""kernels.0.base_kernel.kernels.0"": [0.3336449002281865, 0.3327453371228256, 0.33267210154154786, 0.3333957649938366, 0.3330714180779388, 0.3319589930709457, 0.3331858828103012, 0.3329906342018048, 0.3336565862081111, 0.3335210184080452, 0.33276166975597254, 0.33301706585319374, 0.3329708424177215, 0.33301640570511165, 0.33298633704923625, 0.33288012943844464, 0.33310143661904773, 0.333671504455683], ""kernels.0.base_kernel.kernels.1.base_kernel"": [0.6931481805599428, 0.6931481805599428, 0.6931481805599428], ""kernels.1.base_kernel.kernels.0"": [0.06741435148268529, 0.36388664904100154, 0.6667258632232328, 0.1281103311502428, 0.2921869570657995, 0.587466339259272, 0.3128024460277343, 0.2792493040154665, 0.3388258937962657, 0.1849151577005193, 0.3113825182838305, 0.24024358892811098, 0.5700690870063465, 0.8141502898690485, 0.2873857326101654, 0.8622634174784065, 0.20726062937255738, 0.07582602253766955], ""kernels.1.base_kernel.kernels.1"": [0.6931481805599428, 0.6931481805599428, 0.6931481805599428]}","{""kernels.0"": 0.00036707438800546386, ""kernels.0.base_kernel.kernels.1"": 0.0033335712763459344, ""kernels.1"": 1.1157597684476168}",12,4,36,12,12,archive,0,169
491,107.2169353880152,96.44480661265321,0.4996,global,-4.161261920226514,-6.094315236005103,1.9330533157785892,0.5689922472151456,1.1946371236158073,global,,,0.12739415011362606,0.01064115817363537,0.01111609327738432,0.0003936895224787153,0.37575808305451647,0.06741175894373695,0.3330478984079806,0.8623860188655794,"{""kernels.0.base_kernel.kernels.0"": [0.333646266455447, 0.33274417672879475, 0.33266899538728806, 0.33339685535647634, 0.3330718033197664, 0.33195361078652524, 0.3331841943556334, 0.33299042101794574, 0.3336559643624972, 0.333523527502063, 0.3327614787123066, 0.33301767207995187, 0.33296669943179713, 0.3330239934961948, 0.332981656483994, 0.33287842157634595, 0.3331005928429582, 0.33367250555193456], ""kernels.0.base_kernel.kernels.1.base_kernel"": [0.6931481805599428, 0.6931481805599428, 0.6931481805599428], ""kernels.1.base_kernel.kernels.0"": [0.06741175894373695, 0.36301773580349966, 0.6667401418988697, 0.12803803281478537, 0.2909496785176664, 0.5865915334203499, 0.31327188278384166, 0.2796473027787436, 0.33972057126827276, 0.18439050079672636, 0.31097011963985216, 0.23970379997694885, 0.5704104500648038, 0.8199294539018656, 0.2889511315203539, 0.8623860188655794, 0.20734819020571257, 0.0759486774194076], ""kernels.1.base_kernel.kernels.1"": [0.6931481805599428, 0.6931481805599428, 0.6931481805599428]}","{""kernels.0"": 0.00036713932008999644, ""kernels.0.base_kernel.kernels.1"": 0.0033335684685712953, ""kernels.1"": 1.1235735413748882}",12,4,36,12,12,archive,0,170
492,133.00445966017128,96.44480661265321,0.4982,global,-4.199028685364191,-6.175876179175818,1.9768474938116265,0.37624196609146027,1.3055548373276433,global,,,0.38645288255516835,0.010645030066668636,0.011125291220350457,0.00039461513307498795,0.3735777537787632,0.06743517263721772,0.33304984287206296,0.8627044355448283,"{""kernels.0.base_kernel.kernels.0"": [0.3336467844284144, 0.3327441144256627, 0.3326681308265267, 0.3333973339880681, 0.3330720821815291, 0.3319520938864813, 0.3331837679473057, 0.33299049909787104, 0.3336558057287042, 0.33352460113720467, 0.33276164682937465, 0.33301803803496177, 0.3329652942928898, 0.3330276035625968, 0.33297991860215154, 0.33287814129341453, 0.3331003507277644, 0.33367286927420814], ""kernels.0.base_kernel.kernels.1.base_kernel"": [0.6931481805599428, 0.6931481805599428, 0.6931481805599428], ""kernels.1.base_kernel.kernels.0"": [0.06743517263721772, 0.36336952841909814, 0.667162789287444, 0.1282165212432665, 0.2906362777696814, 0.5869682553806098, 0.3141594336695079, 0.2802545469361516, 0.34058378705116193, 0.18451235782871, 0.3112121433134688, 0.2397229525610426, 0.5709757876659036, 0.822602886038403, 0.29024026747218085, 0.8627044355448283, 0.20764961447551292, 0.07603618885068959], ""kernels.1.base_kernel.kernels.1"": [0.6931481805599428, 0.6931481805599428, 0.6931481805599428]}","{""kernels.0"": 0.0003671632523223868, ""kernels.0.base_kernel.kernels.1"": 0.0033335673027085626, ""kernels.1"": 1.1170325307812585}",12,4,36,12,12,archive,2,171
493,113.3354153874578,96.44480661265321,0.499,global,-4.070728874242844,-5.262381469295208,1.1916525950523633,0.6725079313386647,1.35561825856154,global,,,0.2356284606969038,0.010644595292999338,0.011120765233100564,0.0003948546244356419,0.3768177308329556,0.06743315668481245,0.33305394964297563,0.8627486023208748,"{""kernels.0.base_kernel.kernels.0"": [0.3336483114029838, 0.3327425517692505, 0.3326639539460435, 0.3333984323622955, 0.3330723133281668, 0.3319461712590794, 0.33318256342332025, 0.33299024030840846, 0.3336553003396833, 0.3335273252266011, 0.3327616111813195, 0.33301819362052176, 0.3329614814653847, 0.33303558595778454, 0.33297506367480695, 0.3328762735330335, 0.33309929462922866, 0.3336739861772276], ""kernels.0.base_kernel.kernels.1.base_kernel"": [0.6931481805599428, 0.6931481805599428, 0.6931481805599428], ""kernels.1.base_kernel.kernels.0"": [0.06743315668481245, 0.3621587987249237, 0.6670052533414342, 0.12798186050359006, 0.28908667014648826, 0.5859909514897428, 0.3152142893649366, 0.28044531960464614, 0.341442271591987, 0.18368468838696705, 0.31100623947751677, 0.23907084432415304, 0.5713409810613913, 0.828557022113542, 0.2930305092833322, 0.8627486023208748, 0.20774380331566, 0.07621763840745402], ""kernels.1.base_kernel.kernels.1"": [0.6931481805599428, 0.6931481805599428, 0.6931481805599428]}","{""kernels.0"": 0.00036723522869149027, ""kernels.0.base_kernel.kernels.1"": 0.0033335642716347934, ""kernels.1"": 1.1267523929985406}",12,4,36,12,12,archive,2,172
494,117.82801561268656,96.44480661265321,0.4978,global,-4.10118084482897,-5.627609664748972,1.5264288199200022,0.8150488088936771,1.3678984504174574,global,,,0.16778479270152688,0.010641968430286313,0.011118229986100663,0.0003950390273987092,0.3768177150585443,0.06743315685489543,0.33305394965242147,0.8627486033087937,"{""kernels.0.base_kernel.kernels.0"": [0.333648311406191, 0.33274255176712847, 0.3326639539388502, 0.33339843236515665, 0.33307231332961107, 0.33194617124989745, 0.33318256342294905, 0.33299024030969016, 0.3336553003388358, 0.333527325233146, 0.33276161118292363, 0.33301819362184243, 0.33296148145833027, 0.33303558597523186, 0.3329750636645842, 0.33287627353110394, 0.3330992946276905, 0.333673986179331], ""kernels.0.base_kernel.kernels.1.base_kernel"": [0.6931481805599428, 0.6931481805599428, 0.6931481805599428], ""kernels.1.base_kernel.kernels.0"": [0.06743315685489543, 0.3621587997022596, 0.6670052550352434, 0.1279818614187011, 0.28908666790777304, 0.5859909528292223, 0.31521429724651673, 0.2804453231018589, 0.34144227747270706, 0.18368468870283902, 0.311006242122238, 0.23907084420954142, 0.571340984522046, 0.8285570345204688, 0.2930305193867076, 0.8627486033087937, 0.20774380524922256, 0.07621763923384556], ""kernels.1.base_kernel.kernels.1"": [0.6931481805599428, 0.6931481805599428, 0.6931481805599428]}","{""kernels.0"": 0.0003672352288446634, ""kernels.0.base_kernel.kernels.1"": 0.0033335642716276403, ""kernels.1"": 1.1267523456751605}",12,4,36,12,12,archive,0,173
495,103.05724602334493,96.44480661265321,0.4998,global,-4.067224920607027,-5.789513037857665,1.7222881172506384,0.642695184398667,1.3526354676774701,global,,,0.3045293627742521,0.010657013285838724,0.011141623298341001,0.0003971348758261458,0.3739994933992728,0.06746314093874282,0.33305556921154056,0.8630031105266268,"{""kernels.0.base_kernel.kernels.0"": [0.33364885199999483, 0.3327421436254722, 0.3326628990415109, 0.33339892679898225, 0.33307254401951053, 0.33194475730907463, 0.3331825852534495, 0.33299038792525976, 0.3336551811267864, 0.3335284141448421, 0.3327618321591964, 0.33301839525202825, 0.3329602494957203, 0.3330385944035706, 0.3329733865494794, 0.33287596584437723, 0.3330990589113605, 0.33367432825623283], ""kernels.0.base_kernel.kernels.1.base_kernel"": [0.6931481805599428, 0.6931481805599428, 0.6931481805599428], ""kernels.1.base_kernel.kernels.0"": [0.06746314093874282, 0.3623110058708228, 0.6675005634289923, 0.1281675546224929, 0.2886921197096318, 0.5863197973538912, 0.3166853957532941, 0.28105132830435453, 0.3424003916892541, 0.1837861943200229, 0.3114490043889968, 0.2390505495973576, 0.571984695120068, 0.8306937816061938, 0.2948210866459419, 0.8630031105266268, 0.20812925798806836, 0.07636298963685999], ""kernels.1.base_kernel.kernels.1"": [0.6931481805599428, 0.6931481805599428, 0.6931481805599428]}","{""kernels.0"": 0.0003672604141552908, ""kernels.0.base_kernel.kernels.1"": 0.003333563087979051, ""kernels.1"": 1.1182976566956842}",12,4,36,12,12,archive,1,174
496,116.67184059164867,96.44480661265321,0.4998,global,-3.55585761741973,-5.540352136488685,1.9844945190689547,0.8567584217121437,1.3728592748229154,global,,,0.2460135512188824,0.010655794010922983,0.011140480612818504,0.0003972500593050038,0.3739995077438271,0.06746314097997153,0.33305556921701784,0.863003108873319,"{""kernels.0.base_kernel.kernels.0"": [0.33364885200555056, 0.33274214361501525, 0.3326628990279678, 0.33339892680411715, 0.3330725440204131, 0.331944757285745, 0.3331825852569383, 0.33299038792445346, 0.3336551811237397, 0.33352841415364903, 0.33276183215772365, 0.33301839525255106, 0.33296024947679037, 0.3330385944136226, 0.3329733865320157, 0.3328759658357079, 0.3330990589090182, 0.3336743282619461], ""kernels.0.base_kernel.kernels.1.base_kernel"": [0.6931481805599428, 0.6931481805599428, 0.6931481805599428], ""kernels.1.base_kernel.kernels.0"": [0.06746314097997153, 0.36231099869166633, 0.6675005635310589, 0.12816755377988845, 0.2886921140964702, 0.5863197933868157, 0.3166854034497694, 0.28105132733017096, 0.342400396255806, 0.18378619168052154, 0.3114490028846218, 0.23905054627776653, 0.5719846949533214, 0.830693790632922, 0.2948210959793096, 0.863003108873319, 0.20812925829167223, 0.07636299050321387], ""kernels.1.base_kernel.kernels.1"": [0.6931481805599428, 0.6931481805599428, 0.6931481805599428]}","{""kernels.0"": 0.0003672604144257958, ""kernels.0.base_kernel.kernels.1"": 0.0033335630879691314, ""kernels.1"": 1.1182976997290863}",12,4,36,12,12,archive,0,175
497,121.54202042882588,96.44480661265321,0.4988,global,-3.456662160794864,-5.395993778025201,1.9393316172303372,0.7713323000178364,1.3031565604837825,global,,,0.2401288757291065,0.010652821678158562,0.011137609852515907,0.0003974566592779609,0.3739995150180308,0.06746314099165815,0.33305556922104806,0.863003107710072,"{""kernels.0.base_kernel.kernels.0"": [0.3336488520089388, 0.33274214360847393, 0.33266289901962903, 0.3333989268072458, 0.33307254402270503, 0.33194475727126743, 0.3331825852590866, 0.33299038792387503, 0.33365518112188114, 0.33352841415896456, 0.3327618321567534, 0.33301839525280347, 0.3329602494651031, 0.33303859441939115, 0.3329733865213681, 0.3328759658303194, 0.33309905890754754, 0.3336743282654579], ""kernels.0.base_kernel.kernels.1.base_kernel"": [0.6931481805599428, 0.6931481805599428, 0.6931481805599428], ""kernels.1.base_kernel.kernels.0"": [0.06746314099165815, 0.3623109939809761, 0.6675005634831761, 0.12816755316185083, 0.2886921169548365, 0.5863197906499118, 0.3166854081469269, 0.28105132645244524, 0.34240039899770985, 0.18378618988302567, 0.3114490018066893, 0.2390505440846438, 0.5719846946190462, 0.8306937958203623, 0.29482110155878544, 0.863003107710072, 0.20812925833760174, 0.07636299102684527], ""kernels.1.base_kernel.kernels.1"": [0.6931481805599428, 0.6931481805599428, 0.6931481805599428]}","{""kernels.0"": 0.000367260414589524, ""kernels.0.base_kernel.kernels.1"": 0.0033335630879631193, ""kernels.1"": 1.1182977215515397}",12,4,36,12,12,archive,0,176
498,107.86551003034671,96.44480661265321,0.4994,global,-3.473337527347962,-5.460082403522126,1.9867448761741637,0.7327629193090978,1.4118330402516321,global,,,0.2489246365200832,0.010650154370245364,0.011135156275343932,0.0003977491599543585,0.3739995210759491,0.06746314099162076,0.33305556922515095,0.86300310643432,"{""kernels.0.base_kernel.kernels.0"": [0.3336488520122007, 0.33274214360158405, 0.33266289901132845, 0.3333989268101528, 0.3330725440248871, 0.33194475725744005, 0.33318258526110517, 0.3329903879237168, 0.33365518112009646, 0.33352841416406137, 0.3327618321556424, 0.33301839525314114, 0.3329602494540074, 0.3330385944254148, 0.33297338651120745, 0.3328759658251855, 0.33309905890609237, 0.33367432826876725], ""kernels.0.base_kernel.kernels.1.base_kernel"": [0.6931481805599428, 0.6931481805599428, 0.6931481805599428], ""kernels.1.base_kernel.kernels.0"": [0.06746314099162076, 0.36231099090841085, 0.6675005635715789, 0.12816755255717044, 0.28869211967656044, 0.5863197882851893, 0.3166854128520961, 0.28105132630429625, 0.3424004015569225, 0.18378618831864796, 0.311449000497844, 0.23905054215317698, 0.571984694203019, 0.8306938009175024, 0.29482110689529073, 0.86300310643432, 0.20812925827747872, 0.07636299158340518], ""kernels.1.base_kernel.kernels.1"": [0.6931481805599428, 0.6931481805599428, 0.6931481805599428]}","{""kernels.0"": 0.00036726041474569797, ""kernels.0.base_kernel.kernels.1"": 0.003333563087957361, ""kernels.1"": 1.1182977397251443}",12,4,36,12,12,archive,1,177
499,124.92231142315556,96.44480661265321,0.5008,global,-3.4277213587450595,-5.778976126379838,2.351254767634779,1.2028074440155878,1.4137281449087453,global,,,0.22916250952835987,0.010647727615918067,0.011132747406875214,0.0003978612688959595,0.37399952912069917,0.06746314112512278,0.3330555692324043,0.8630031037414806,"{""kernels.0.base_kernel.kernels.0"": [0.33364885201826877, 0.33274214358896836, 0.332662898996015, 0.3333989268156109, 0.33307254402876296, 0.33194475723096106, 0.3331825852649098, 0.3329903879235027, 0.3336551811163094, 0.3335284141732482, 0.3327618321532887, 0.33301839525395704, 0.33296024943234404, 0.33303859443604567, 0.3329733864937936, 0.33287596581549794, 0.33309905890353303, 0.3336743282753559], ""kernels.0.base_kernel.kernels.1.base_kernel"": [0.6931481805599428, 0.6931481805599428, 0.6931481805599428], ""kernels.1.base_kernel.kernels.0"": [0.06746314112512278, 0.36231098532384504, 0.6675005637386128, 0.12816755148879036, 0.288692124391135, 0.5863197836236955, 0.31668542129133714, 0.2810513258627477, 0.3424004063311398, 0.18378618551457412, 0.31144899795838876, 0.23905053852543068, 0.5719846932017648, 0.8306938101914079, 0.29482112030870605, 0.8630031037414806, 0.2081292581386754, 0.07636299271655636], ""kernels.1.base_kernel.kernels.1"": [0.6931481805599428, 0.6931481805599428, 0.6931481805599428]}","{""kernels.0"": 0.00036726041503482324, ""kernels.0.base_kernel.kernels.1"": 0.003333563087946847, ""kernels.1"": 1.1182977638591158}",12,4,36,12,12,archive,0,178
500,108.92391477920022,96.44480661265321,0.4992,global,-3.353927621174697,-5.352175218097009,1.9982475969223117,0.22884869593825258,1.1198931004242874,global,,,0.1987361616077584,0.010644896706625922,0.011130148765729162,0.00039817674709459244,0.37399953329948615,0.06746314119417224,0.33305556923533874,0.8630031025382036,"{""kernels.0.base_kernel.kernels.0"": [0.3336488520216437, 0.3327421435809988, 0.3326628989858633, 0.3333989268186485, 0.3330725440309573, 0.33194475721630773, 0.3331825852694625, 0.3329903879234603, 0.3336551811138786, 0.33352841417826934, 0.33276183215213745, 0.33301839525411503, 0.33296024942009983, 0.3330385944397202, 0.3329733864842208, 0.3328759658103748, 0.3330990589021392, 0.33367432827933374], ""kernels.0.base_kernel.kernels.1.base_kernel"": [0.6931481805599428, 0.6931481805599428, 0.6931481805599428], ""kernels.1.base_kernel.kernels.0"": [0.06746314119417224, 0.36231098187777117, 0.6675005634850654, 0.12816755079645564, 0.28869212723593696, 0.5863197809492539, 0.31668542665372884, 0.2810513254276778, 0.34240040888365536, 0.18378618376587594, 0.31144899656354186, 0.23905053631510717, 0.5719846927757805, 0.8306938172428984, 0.29482112800552274, 0.8630031025382036, 0.20812925789516398, 0.0763629933831701], ""kernels.1.base_kernel.kernels.1"": [0.6931481805599428, 0.6931481805599428, 0.6931481805599428]}","{""kernels.0"": 0.0003672604151963399, ""kernels.0.base_kernel.kernels.1"": 0.0033335630879410567, ""kernels.1"": 1.118297776395321}",12,4,36,12,12,archive,1,179
501,113.4719769269424,96.44480661265321,0.4958,global,-3.376130775585084,-5.814172952609456,2.4380421770243723,1.059998175604265,1.4129540565155732,global,,,0.21301428982218076,0.01070360592516775,0.011195014875253297,0.0004031420090941197,0.377064047407826,0.06756565978184977,0.33306275525245066,0.863128546246413,"{""kernels.0.base_kernel.kernels.0"": [0.33365346713580785, 0.33273138605536523, 0.3326492453749408, 0.33340316354632366, 0.33307545642371716, 0.3319245372127941, 0.33318962297587956, 0.33299039795890234, 0.3336517985420955, 0.3335352528417485, 0.3327603950199648, 0.3330185920992096, 0.3329435881291677, 0.3330500540811842, 0.33296011275340986, 0.33287073206499534, 0.33309718033377866, 0.3336798710727802], ""kernels.0.base_kernel.kernels.1.base_kernel"": [0.6931481805599428, 0.6931481805599428, 0.6931481805599428], ""kernels.1.base_kernel.kernels.0"": [0.06756565978184977, 0.3595874235923395, 0.667494187789318, 0.12722850800267144, 0.2925030193424913, 0.5825916091279402, 0.32494094783483657, 0.28028431195256764, 0.3460244230030534, 0.1816173333567549, 0.30966963163137184, 0.23591209738306373, 0.5718436990979974, 0.8483736967973062, 0.30582272295775104, 0.863128546246413, 0.20802144053327626, 0.0773884766689655], ""kernels.1.base_kernel.kernels.1"": [0.6931481805599428, 0.6931481805599428, 0.6931481805599428]}","{""kernels.0"": 0.0003674735879111179, ""kernels.0.base_kernel.kernels.1"": 0.0033335551742356426, ""kernels.1"": 1.1274911134613312}",12,4,36,12,12,archive,0,180
502,101.09893297323,96.44480661265321,0.5038,global,-3.534774656874527,-6.8085507846069,3.273776127732373,1.0396056874512094,1.3966835119700867,global,,,0.16145071780758458,0.010700928819780494,0.011192430567852593,0.0004033305239271439,0.3770640359092092,0.06756565999534025,0.3330627552598197,0.8631285483023976,"{""kernels.0.base_kernel.kernels.0"": [0.33365346714138866, 0.3327313860484798, 0.3326492453658298, 0.3334031635518703, 0.33307545642530295, 0.3319245371927958, 0.33318962297998833, 0.3329903979620812, 0.33365179853825505, 0.3335352528511401, 0.33276039502094246, 0.3330185921009092, 0.3329435881138569, 0.33305005409433647, 0.33296011273265513, 0.3328707320610952, 0.3330971803328134, 0.3336798710791409], ""kernels.0.base_kernel.kernels.1.base_kernel"": [0.6931481805599428, 0.6931481805599428, 0.6931481805599428], ""kernels.1.base_kernel.kernels.0"": [0.06756565999534025, 0.35958742674226646, 0.6674941911387257, 0.1272285093576737, 0.29250302196861966, 0.5825916060384096, 0.32494095530299183, 0.28028431568590606, 0.34602443072827777, 0.18161733350031323, 0.30966963450642226, 0.23591209627144233, 0.571843704307197, 0.8483737131383822, 0.3058227347057777, 0.8631285483023976, 0.20802144328080283, 0.07738847771888585], ""kernels.1.base_kernel.kernels.1"": [0.6931481805599428, 0.6931481805599428, 0.6931481805599428]}","{""kernels.0"": 0.00036747358815580536, ""kernels.0.base_kernel.kernels.1"": 0.003333555174226494, ""kernels.1"": 1.1274910789652455}",12,4,36,12,12,archive,1,181
503,120.49653314965477,96.44480661265321,0.4986,global,-3.503051423260599,-7.348999206689219,3.8459477834286195,0.4647207347941782,1.2498206748414624,global,,,0.20229052370111705,0.010719181622194873,0.01121943386420183,0.000405451191767891,0.374531655561329,0.06760013487325116,0.33306372416730784,0.8634509351598784,"{""kernels.0.base_kernel.kernels.0"": [0.3336543802982354, 0.3327302170177837, 0.3326477324457145, 0.33340408601969396, 0.3330757110631482, 0.33192140115663443, 0.3331903597620298, 0.3329909186162998, 0.33365131039221463, 0.33353679336392955, 0.33276058138503506, 0.3330188729132307, 0.3329412047909609, 0.3330517372714675, 0.3329567288885041, 0.3328699736644798, 0.33309709012082195, 0.3336809455612916], ""kernels.0.base_kernel.kernels.1.base_kernel"": [0.6931481805599428, 0.6931481805599428, 0.6931481805599428], ""kernels.1.base_kernel.kernels.0"": [0.06760013487325116, 0.3599715956548075, 0.6680729962290421, 0.12752401839579872, 0.29292411445723754, 0.5824234784186236, 0.32640324395846676, 0.28086479348262217, 0.3475993132242927, 0.1816518177282081, 0.3101499713150296, 0.23571630734528204, 0.5728279118238438, 0.8510867293398096, 0.30773703510716593, 0.8634509351598784, 0.20855237348811134, 0.07762953077093787], ""kernels.1.base_kernel.kernels.1"": [0.6931481805599428, 0.6931481805599428, 0.6931481805599428]}","{""kernels.0"": 0.00036751371313423756, ""kernels.0.base_kernel.kernels.1"": 0.0033335536745448474, ""kernels.1"": 1.119893899296308}",12,4,36,12,12,archive,0,182
504,107.37300652843682,96.44480661265321,0.5,global,-3.4544655164235714,-5.44315105725927,1.9886855408356983,0.9128708579696456,1.362592001814726,global,,,0.21683105052539806,0.010716563274250225,0.011217030082786173,0.00040574229868461063,0.3745316676717565,0.06760013483102464,0.3330637241682788,0.8634509346275504,"{""kernels.0.base_kernel.kernels.0"": [0.3336543803023288, 0.33273021700956584, 0.33264773243739293, 0.3334040860230654, 0.3330757110634985, 0.3319214011387285, 0.33319035976251243, 0.3329909186169881, 0.33365131038930423, 0.33353679336978087, 0.3327605813838152, 0.33301887291377236, 0.33294120477837796, 0.33305173727305915, 0.3329567288732169, 0.3328699736583737, 0.3330970901196437, 0.333680945566139], ""kernels.0.base_kernel.kernels.1.base_kernel"": [0.6931481805599428, 0.6931481805599428, 0.6931481805599428], ""kernels.1.base_kernel.kernels.0"": [0.06760013483102464, 0.3599715935333882, 0.668072995704486, 0.1275240178831929, 0.2929241142344934, 0.5824234723679322, 0.3264032449135941, 0.2808647921824444, 0.34759931561455387, 0.18165181492154994, 0.31014997028456426, 0.23571630464595905, 0.5728279124211255, 0.8510867366161597, 0.3077370400327815, 0.8634509346275504, 0.20855237362259624, 0.07762953139929918], ""kernels.1.base_kernel.kernels.1"": [0.6931481805599428, 0.6931481805599428, 0.6931481805599428]}","{""kernels.0"": 0.0003675137133178634, ""kernels.0.base_kernel.kernels.1"": 0.00333355367453872, ""kernels.1"": 1.119893935627413}",12,4,36,12,12,archive,0,183
505,106.23124918888846,96.44480661265321,0.5008,global,-3.4698244730393295,-5.690013324842341,2.2201888518030115,0.9840715392816077,1.4138824791945261,global,,,0.16390247759007842,0.010704965729797006,0.011198638339210315,0.000404690027510898,0.37805168646384896,0.06758142704356697,0.33306412744876346,0.8632735804253138,"{""kernels.0.base_kernel.kernels.0"": [0.33365580410040935, 0.33272737481187137, 0.33264505708523096, 0.3334053070329216, 0.3330758527593716, 0.33191531640330163, 0.33319079599793283, 0.33299112437870665, 0.3336504189821373, 0.33353882166041166, 0.3327601067752217, 0.3330190444982498, 0.3329368069064496, 0.33305240213815535, 0.33295134691024025, 0.332867858423783, 0.3330966874540585, 0.3336826354128983], ""kernels.0.base_kernel.kernels.1.base_kernel"": [0.6931481805599428, 0.6931481805599428, 0.6931481805599428], ""kernels.1.base_kernel.kernels.0"": [0.06758142704356697, 0.3593383096415162, 0.6682176969056666, 0.12767719153276963, 0.29285261847636945, 0.5806232633324561, 0.3270452818724011, 0.2803271123898409, 0.34875258646809676, 0.18059814772560498, 0.30981990736059534, 0.23471271460188828, 0.5731204083301035, 0.8536619936777542, 0.3094951265804678, 0.8632735804253138, 0.20865013148247616, 0.0778821093877328], ""kernels.1.base_kernel.kernels.1"": [0.6931481805599428, 0.6931481805599428, 0.6931481805599428]}","{""kernels.0"": 0.0003675773139301302, ""kernels.0.base_kernel.kernels.1"": 0.0033335515319333872, ""kernels.1"": 1.1304539305456833}",12,4,36,12,12,archive,1,184
506,106.58783444335594,96.44480661265321,0.5024,global,-3.538009373622943,-5.954890874229065,2.416881500606122,1.0587290596550525,1.4103715086873316,global,,,0.12978211818166152,0.010721781747360338,0.011223768491250922,0.0004067803942550523,0.37551225421838086,0.0676013410543377,0.33306465160248483,0.8634961272808334,"{""kernels.0.base_kernel.kernels.0"": [0.33365649009885684, 0.33272639028708917, 0.33264429302093756, 0.3334059701288592, 0.3330760731164053, 0.3319131540670746, 0.33319139289480626, 0.33299152281119826, 0.33365007316961154, 0.33353998627309445, 0.33276018186541323, 0.33301931678220614, 0.3329348563521552, 0.33305323008856436, 0.3329486409274223, 0.3328672785476496, 0.3330965997873041, 0.3336834499681713], ""kernels.0.base_kernel.kernels.1.base_kernel"": [0.6931481805599428, 0.6931481805599428, 0.6931481805599428], ""kernels.1.base_kernel.kernels.0"": [0.0676013410543377, 0.3598355073001588, 0.6690288610830478, 0.12801496125088077, 0.2930765915520719, 0.5810777155351528, 0.3283714310983702, 0.2806551434582071, 0.3500387653487916, 0.1805917571591484, 0.31020087580561073, 0.23451138657926296, 0.5737933957449338, 0.8553036049511592, 0.3108720840843062, 0.8634961272808334, 0.20900789979075304, 0.07807698947377453], ""kernels.1.base_kernel.kernels.1"": [0.6931481805599428, 0.6931481805599428, 0.6931481805599428]}","{""kernels.0"": 0.00036760727905019153, ""kernels.0.base_kernel.kernels.1"": 0.0033335503780207703, ""kernels.1"": 1.1228356049980717}",12,4,36,12,12,archive,2,185
507,112.36096811371533,96.44480661265321,0.4972,global,-3.5037151536894546,-4.910268081346908,1.4065529276574535,0.514730511839968,1.3221442815631563,global,,,0.17594893354854818,0.010826701515657055,0.011345323212424591,0.0004159271646206633,0.3829743193791179,0.0674997461120943,0.33308595499183047,0.8890843833628913,"{""kernels.0.base_kernel.kernels.0"": [0.3336700127452202, 0.33270427608055303, 0.33262479795897715, 0.3334176399897328, 0.33307861233990893, 0.3318598721630829, 0.3331985991592238, 0.3329959444718818, 0.33364231851951687, 0.33356057964996466, 0.33275866575116014, 0.3330229757645472, 0.33289473234736244, 0.3330687593639539, 0.33289541776439535, 0.3328480481553081, 0.33309329764375195, 0.33369972820039673], ""kernels.0.base_kernel.kernels.1.base_kernel"": [0.6931481805599428, 0.6931481805599428, 0.6931481805599428], ""kernels.1.base_kernel.kernels.0"": [0.0674997461120943, 0.35790508028955276, 0.6824961318199735, 0.12976608942213397, 0.2934460504972626, 0.5806582960389406, 0.34442576573834965, 0.27879269292285025, 0.3686726854901675, 0.17504623199028585, 0.31189702388294804, 0.22677543328288058, 0.5793835950348717, 0.8890843833628913, 0.3295932405179153, 0.8655896386726548, 0.21130228957724356, 0.08085075873149415], ""kernels.1.base_kernel.kernels.1"": [0.6931481805599428, 0.6931481805599428, 0.6931481805599428]}","{""kernels.0"": 0.0003681924079884966, ""kernels.0.base_kernel.kernels.1"": 0.0033335297693543858, ""kernels.1"": 1.1452212359600107}",12,4,36,12,12,archive,0,186
508,102.56007204335765,96.44480661265321,0.5,global,-3.906239550743173,-7.464027900978797,3.557788350235624,0.5951785655605922,1.1803638648911357,global,,,0.14260708128847577,0.01082301985280884,0.011341578538369385,0.0004160242886011769,0.38297431977682544,0.06749974610146502,0.3330859549916139,0.8890843848261842,"{""kernels.0.base_kernel.kernels.0"": [0.33367001275048164, 0.3327042760780418, 0.3326247979568319, 0.33341763999380497, 0.33307861234057706, 0.33185987214185103, 0.33319859915584565, 0.3329959444763224, 0.33364231851379333, 0.3335605796593998, 0.332758665749508, 0.3330229757686251, 0.33289473233284306, 0.33306875936148084, 0.3328954177412856, 0.33284804814482155, 0.3330932976426508, 0.33369972820515753], ""kernels.0.base_kernel.kernels.1.base_kernel"": [0.6931481805599428, 0.6931481805599428, 0.6931481805599428], ""kernels.1.base_kernel.kernels.0"": [0.06749974610146502, 0.3579050828263855, 0.682496135409909, 0.12976608930561212, 0.2934460490544706, 0.5806582919759156, 0.3444257652732246, 0.2787926956931349, 0.3686726911821059, 0.1750462322741947, 0.3118970257240328, 0.22677543347879683, 0.5793835961922877, 0.8890843848261842, 0.3295932468584455, 0.8655896388544944, 0.21130228940703788, 0.08085075827542848], ""kernels.1.base_kernel.kernels.1"": [0.6931481805599428, 0.6931481805599428, 0.6931481805599428]}","{""kernels.0"": 0.00036819240821465895, ""kernels.0.base_kernel.kernels.1"": 0.003333529769346987, ""kernels.1"": 1.1452212371529147}",12,4,36,12,12,archive,0,187
509,103.06257669388003,96.44480661265321,0.5,global,-3.9282018973492008,-5.400555092717374,1.4723531953681732,1.0355127799260078,1.4031931418939203,global,,,0.11041445374426892,0.010832552026996118,0.01135640541380159,0.00041732002691935476,0.3820112071864088,0.06750311787285818,0.33308588367279557,0.8905036915256475,"{""kernels.0.base_kernel.kernels.0"": [0.33367199168949363, 0.33270323219369374, 0.3326238022590306, 0.3334191455350412, 0.33307885391412634, 0.3318518396589955, 0.3331979897777165, 0.3329975517286152, 0.3336401029591506, 0.33356414454322053, 0.3327580352607031, 0.3330244408994951, 0.33288908750942414, 0.333068961410944, 0.33288680335404447, 0.33284459172781883, 0.3330929134314648, 0.33370157007355733], ""kernels.0.base_kernel.kernels.1.base_kernel"": [0.6931481805599428, 0.6931481805599428, 0.6931481805599428], ""kernels.1.base_kernel.kernels.0"": [0.06750311787285818, 0.35872716258431747, 0.6837694225666298, 0.12978604383443781, 0.292863991964873, 0.5792961375794159, 0.34566197737389, 0.27976263605495244, 0.37092553561322184, 0.17530321513677388, 0.31282900500441824, 0.22676512671658147, 0.579730770296619, 0.8905036915256475, 0.33199883944442365, 0.8659549563647165, 0.2111838030420874, 0.08082125611609554], ""kernels.1.base_kernel.kernels.1"": [0.6931481805599428, 0.6931481805599428, 0.6931481805599428]}","{""kernels.0"": 0.0003682759677288014, ""kernels.0.base_kernel.kernels.1"": 0.0033335270074394173, ""kernels.1"": 1.142331818584058}",12,4,36,12,12,archive,0,188
510,181.9785938504003,96.44480661265321,0.4968,global,-3.9372640558091287,-5.286199447019349,1.3489353912102207,0.8785632804522823,1.3886791381012742,global,,,0.4250843055282392,0.010817168054636922,0.011336165874416815,0.0004160435555277467,0.3838585229076128,0.0674846617729791,0.33314496009414457,0.8913296589224375,"{""kernels.0.base_kernel.kernels.0"": [0.33367334023703055, 0.33270209167336007, 0.3326229440169291, 0.33342010955232576, 0.33307894745938116, 0.3318461909624679, 0.3331973336243827, 0.3329982379341662, 0.3336386055435704, 0.33356640048565506, 0.33275721419669674, 0.33302529884140947, 0.332885185122472, 0.33306905548600274, 0.332880856607332, 0.3328418475418777, 0.33309258656390645, 0.333702836086235], ""kernels.0.base_kernel.kernels.1.base_kernel"": [0.6931481805599428, 0.6931481805599428, 0.6931481805599428], ""kernels.1.base_kernel.kernels.0"": [0.0674846617729791, 0.35858407644023266, 0.684634888273531, 0.12957076740086987, 0.2922210548881171, 0.5781425169771076, 0.3460297017695042, 0.2797244826806397, 0.37202843468963365, 0.1750603705106226, 0.31301248789395203, 0.22648428086488429, 0.5796596532481564, 0.8913296589224375, 0.33336500377546036, 0.8659357477691753, 0.21094505450628243, 0.08080952739428993], ""kernels.1.base_kernel.kernels.1"": [0.6931481805599428, 0.6931481805599428, 0.6931481805599428]}","{""kernels.0"": 0.00036833324632945156, ""kernels.0.base_kernel.kernels.1"": 0.003333525204314211, ""kernels.1"": 1.1478737102721948}",12,4,36,12,12,archive,0,189
511,107.25715740339194,96.44480661265321,0.5022,global,-3.706242051062817,-5.682872434434206,1.9766303833713885,1.0113404872074139,1.3965539070640323,global,,,0.18909729346797646,0.010830501230709106,0.011355474828260563,0.0004181219666059656,0.38241979298241474,0.06748630080881891,0.33314473425846314,0.8926744913832023,"{""kernels.0.base_kernel.kernels.0"": [0.3336743481300679, 0.3327013346052843, 0.33262254378828765, 0.33342090199032254, 0.33307908958694715, 0.3318423649392356, 0.33319704904485553, 0.33299890594593384, 0.33363749978282664, 0.3335681711509467, 0.3327566925743938, 0.3330260573120436, 0.3328824382823988, 0.33306954142296097, 0.33287629288244974, 0.3328402674049018, 0.3330924194720708, 0.3337038274522543], ""kernels.0.base_kernel.kernels.1.base_kernel"": [0.6931481805599428, 0.6931481805599428, 0.6931481805599428], ""kernels.1.base_kernel.kernels.0"": [0.06748630080881891, 0.35885674096157866, 0.6855013168954954, 0.1296066512811493, 0.29186202141037226, 0.5777121232844028, 0.3467234829502069, 0.28000821432282236, 0.37327160186203806, 0.17510807924962027, 0.31344267155751426, 0.2265378568189423, 0.5798905176047242, 0.8926744913832023, 0.33464786879501707, 0.8665246908256382, 0.21094657902035402, 0.08085396591456391], ""kernels.1.base_kernel.kernels.1"": [0.6931481805599428, 0.6931481805599428, 0.6931481805599428]}","{""kernels.0"": 0.00036837577318143565, ""kernels.0.base_kernel.kernels.1"": 0.003333523785090921, ""kernels.1"": 1.143557479388972}",12,4,36,12,12,archive,0,190
512,126.45475142943616,96.44480661265321,0.4972,global,-3.6915492495737885,-5.866372682815957,2.1748234332421683,0.9212145087481008,1.3813268010755468,global,,,0.2557119048903019,0.010824118569654248,0.011348524264893264,0.0004179018325879986,0.382419860836474,0.06748629956935476,0.3331447342359086,0.8926745657951742,"{""kernels.0.base_kernel.kernels.0"": [0.33367434821819464, 0.33270133450752093, 0.33262254374571143, 0.3334209020543163, 0.3330790895922356, 0.3318423645812079, 0.3331970490208069, 0.3329989059923186, 0.3336374996828334, 0.33356817129925476, 0.33275669251480244, 0.3330260573679322, 0.3328824380279909, 0.33306954142030437, 0.332876292485904, 0.33284026724092136, 0.33309241945101037, 0.3337038275415419], ""kernels.0.base_kernel.kernels.1.base_kernel"": [0.6931481805599428, 0.6931481805599428, 0.6931481805599428], ""kernels.1.base_kernel.kernels.0"": [0.06748629956935476, 0.35885670975109063, 0.6855013872437523, 0.12960663770083183, 0.29186197450344076, 0.5777120564669886, 0.3467235238444828, 0.28000823540209546, 0.37327167657671956, 0.17510807138909068, 0.3134426854697072, 0.22653785033145105, 0.5798905056063576, 0.8926745657951742, 0.3346479593321788, 0.8665247155259881, 0.2109465610443619, 0.08085396609511655], ""kernels.1.base_kernel.kernels.1"": [0.6931481805599428, 0.6931481805599428, 0.6931481805599428]}","{""kernels.0"": 0.0003683757769247541, ""kernels.0.base_kernel.kernels.1"": 0.003333523784973533, ""kernels.1"": 1.1435576829475238}",12,4,36,12,12,archive,0,191
513,109.08267690214514,96.44480661265321,0.4996,global,-3.7746261584628646,-5.506841446969076,1.732215288506211,0.8413678960781109,1.4126845480610333,global,,,0.22814022156496425,0.010834237736012572,0.01135752939583658,0.0004190991803687746,0.38537393653925817,0.0673979322334332,0.33314331657739527,0.8971979097831091,"{""kernels.0.base_kernel.kernels.0"": [0.3336793318027308, 0.3326954203045818, 0.3326197975092648, 0.33342448858493945, 0.33307934707759607, 0.3318218417871397, 0.3331954687021079, 0.33300121566400737, 0.33363298369773925, 0.33357650745804657, 0.3327533680321677, 0.3330290321910014, 0.33286847388350155, 0.3330693300661896, 0.33285382769694105, 0.3328308555515323, 0.33309116445268255, 0.333709131573944], ""kernels.0.base_kernel.kernels.1.base_kernel"": [0.6931481805599428, 0.6931481805599428, 0.6931481805599428], ""kernels.1.base_kernel.kernels.0"": [0.0673979322334332, 0.3564234711365892, 0.6890884423560731, 0.12866962347719096, 0.289031995349811, 0.5735023546922455, 0.3501224956935967, 0.2808307454717479, 0.3813120700791915, 0.17444807957892794, 0.31429231809751057, 0.22594576058649546, 0.579731060859599, 0.8971979097831091, 0.3395275328093628, 0.867831726054297, 0.21024236291435455, 0.08095010259879554], ""kernels.1.base_kernel.kernels.1"": [0.6931481805599428, 0.6931481805599428, 0.6931481805599428]}","{""kernels.0"": 0.0003685865761225362, ""kernels.0.base_kernel.kernels.1"": 0.0033335171758970767, ""kernels.1"": 1.152419705865755}",12,4,36,12,12,archive,0,192
514,121.63156382020576,96.44480661265321,0.4998,global,-3.8165924309036035,-7.417338370002284,3.6007459390986805,1.1745975181665538,1.413915475867784,global,,,0.22284340074384815,0.010853940951924792,0.011386228717078766,0.0004215526886927204,0.3827440200141306,0.06741397329713476,0.3331432064985256,0.8977364805738276,"{""kernels.0.base_kernel.kernels.0"": [0.3336800018962193, 0.33269514998679117, 0.3326198024336893, 0.33342503751869046, 0.3330795055220418, 0.331819830016516, 0.33319524489900637, 0.33300164628191065, 0.33363240805708766, 0.3335777618787076, 0.3327529751862212, 0.33302950321506664, 0.33286726135157063, 0.33306942073669504, 0.33285080145531026, 0.33282970567156395, 0.33309116809804473, 0.3337098195404482], ""kernels.0.base_kernel.kernels.1.base_kernel"": [0.6931481805599428, 0.6931481805599428, 0.6931481805599428], ""kernels.1.base_kernel.kernels.0"": [0.06741397329713476, 0.3569732927687404, 0.6898391651223046, 0.12881911158414255, 0.28880495216749535, 0.5736421619197473, 0.3508904968207597, 0.2813052156409164, 0.38281979936119154, 0.17474128761355168, 0.31476999959647445, 0.225996168826714, 0.5804924808689003, 0.8977364805738276, 0.3407230144807702, 0.8681195861971094, 0.21063859310012809, 0.08100074057298605], ""kernels.1.base_kernel.kernels.1"": [0.6931481805599428, 0.6931481805599428, 0.6931481805599428]}","{""kernels.0"": 0.0003686150467328795, ""kernels.0.base_kernel.kernels.1"": 0.0033335162203086536, ""kernels.1"": 1.1445299287753503}",12,4,36,12,12,archive,0,193
515,111.54505210948844,96.44480661265321,0.4992,global,-3.847826174530632,-5.346871566436258,1.499045391905626,0.7433887757176271,1.3372508536337195,global,,,0.1405525536245072,0.010850752505462743,0.011383201851382856,0.0004218220943042744,0.38274402360850307,0.0674139732362756,0.3331432064968345,0.8977364843656909,"{""kernels.0.base_kernel.kernels.0"": [0.33368000190101343, 0.3326951499824232, 0.3326198024309566, 0.3334250375221551, 0.3330795055223875, 0.3318198299985623, 0.33319524489644886, 0.33300164628320666, 0.3336324080526646, 0.3335777618868542, 0.33275297518187136, 0.3330295032173643, 0.33286726134077926, 0.33306942073565743, 0.332850801433766, 0.33282970566112485, 0.33309116809722006, 0.33370981954532153], ""kernels.0.base_kernel.kernels.1.base_kernel"": [0.6931481805599428, 0.6931481805599428, 0.6931481805599428], ""kernels.1.base_kernel.kernels.0"": [0.0674139732362756, 0.3569732921507637, 0.6898391672716851, 0.1288191110172106, 0.28880494896538367, 0.5736421583583717, 0.35089049783568327, 0.28130521548262344, 0.38281980681560407, 0.17474128786835375, 0.3147699998678521, 0.2259961673803613, 0.5804924826656239, 0.8977364843656909, 0.34072301954040035, 0.8681195865288808, 0.21063859372197594, 0.0810007405022571], ""kernels.1.base_kernel.kernels.1"": [0.6931481805599428, 0.6931481805599428, 0.6931481805599428]}","{""kernels.0"": 0.0003686150469371555, ""kernels.0.base_kernel.kernels.1"": 0.003333516220302458, ""kernels.1"": 1.1445299395582695}",12,4,36,12,12,archive,0,194
516,97.74455310736877,96.44480661265321,0.497,local,-4.191323122684652,-10.355229004678263,6.16390588199361,0.06677580069617217,0.32452682901445634,archive,201,18,0.03697238910559692,0.010842664436169222,0.01137437456158536,0.00042153182895660795,0.38274407908033137,0.06741397201268694,0.3331432064558232,0.8977365736731742,"{""kernels.0.base_kernel.kernels.0"": [0.3336800020193276, 0.33269514991237603, 0.33261980237677063, 0.33342503760933806, 0.33307950552876736, 0.33181982956953504, 0.3331952448384022, 0.3330016463132033, 0.3336324079316662, 0.33357776209020756, 0.3327529750772911, 0.33302950327136616, 0.3328672610809755, 0.33306942071685336, 0.3328508009042228, 0.3328297054060582, 0.3330911680732442, 0.3337098196669686], ""kernels.0.base_kernel.kernels.1.base_kernel"": [0.6931481805599428, 0.6931481805599428, 0.6931481805599428], ""kernels.1.base_kernel.kernels.0"": [0.06741397201268694, 0.3569733238772662, 0.6898392350084509, 0.12881909436346184, 0.28880486715109, 0.5736420935840256, 0.3508905409409779, 0.28130524061578865, 0.38281999764261226, 0.1747413000979803, 0.31477000662010235, 0.22599613744621153, 0.5804925441898536, 0.8977365736731742, 0.3407231473486813, 0.8681195906888882, 0.2106386140893741, 0.0810007402744299], ""kernels.1.base_kernel.kernels.1"": [0.6931481805599428, 0.6931481805599428, 0.6931481805599428]}","{""kernels.0"": 0.0003686150519099914, ""kernels.0.base_kernel.kernels.1"": 0.0033335162201504074, ""kernels.1"": 1.1445301059689337}",12,4,36,12,12,archive,1,195
517,99.88322374411597,96.44480661265321,0.4998,global,-4.021054119541915,-5.660037034814248,1.638982915272333,1.2942562555628614,1.4140245248312207,global,,,0.1610081781905531,0.01070993970359681,0.011303430393497332,0.00041638130312931154,0.38692270104549725,0.06741466187754741,0.33313719025619104,0.9065017874526109,"{""kernels.0.base_kernel.kernels.0"": [0.333695656736534, 0.3326842972323317, 0.33261318647285515, 0.33343665101511394, 0.3330810437559623, 0.33176150805975374, 0.33318682050170145, 0.3330059806721572, 0.33361746488807076, 0.33360413389309945, 0.33274459006449325, 0.33303865657815074, 0.33283103078733645, 0.3330627477729402, 0.33277931598358695, 0.3327897150496265, 0.3330875600106806, 0.3337248013699818], ""kernels.0.base_kernel.kernels.1.base_kernel"": [0.6931481805599428, 0.6931481805599428, 0.6931481805599428], ""kernels.1.base_kernel.kernels.0"": [0.06741466187754741, 0.36415475497831307, 0.698938860805439, 0.12695801494657588, 0.2808509414737149, 0.5650333943820826, 0.3520071341577199, 0.2836757203308262, 0.40631887392293353, 0.1771416185050885, 0.3201901501105596, 0.22637555190869155, 0.5864787902226937, 0.9065017874526109, 0.3528469036586107, 0.8731310598300788, 0.21297881011405417, 0.08090839725669807], ""kernels.1.base_kernel.kernels.1"": [0.6931481805599428, 0.6931481805599428, 0.6931481805599428]}","{""kernels.0"": 0.000369242306511492, ""kernels.0.base_kernel.kernels.1"": 0.0033334975330241517, ""kernels.1"": 1.157065363296956}",12,4,36,12,12,archive,0,196
518,104.45836481553772,96.44480661265321,0.5004,global,-3.8064189558170076,-6.333037786029522,2.5266188302125148,0.6880467671493795,1.3730158622105468,global,,,0.1063882465817828,0.010704874147663097,0.011297729890119295,0.0004161133846670518,0.38692260802037365,0.06741466284793497,0.3331371902144462,0.9065017505589491,"{""kernels.0.base_kernel.kernels.0"": [0.33369565685664904, 0.3326842970395674, 0.3326131863871817, 0.333436651135121, 0.3330810437969504, 0.3317615077616119, 0.3331868204711676, 0.3330059806983214, 0.33361746468874043, 0.3336041340792937, 0.3327445899281806, 0.3330386566433262, 0.3328310303994686, 0.3330627475229089, 0.3327793154248351, 0.3327897146452186, 0.3330875599577249, 0.33372480148751277], ""kernels.0.base_kernel.kernels.1.base_kernel"": [0.6931481805599428, 0.6931481805599428, 0.6931481805599428], ""kernels.1.base_kernel.kernels.0"": [0.06741466284793497, 0.36415469820887625, 0.6989388717262587, 0.12695805186972953, 0.28085089576266714, 0.5650333558048761, 0.35200711450158517, 0.28367570835026973, 0.4063189071397696, 0.1771416162648494, 0.32019015307300613, 0.22637553685034698, 0.586478716083643, 0.9065017505589491, 0.35284696231249923, 0.8731310175636968, 0.21297877928028688, 0.08090840831735185], ""kernels.1.base_kernel.kernels.1"": [0.6931481805599428, 0.6931481805599428, 0.6931481805599428]}","{""kernels.0"": 0.00036924231190127373, ""kernels.0.base_kernel.kernels.1"": 0.003333497532884031, ""kernels.1"": 1.1570650842163357}",12,4,36,12,12,archive,1,197
519,101.42131269702206,96.44480661265321,0.495,local,-4.188058392273428,-10.418669911298181,6.2306115190247535,0.04622638086662472,0.3060599965971256,archive,201,19,0.04627797411065025,0.01070678930417526,0.011304053197446567,0.00041682752353205764,0.3853296769426012,0.0674255704822683,0.33313678667309965,0.9067237496804705,"{""kernels.0.base_kernel.kernels.0"": [0.33369698818783755, 0.33268234315661777, 0.3326125349840232, 0.3334379768065874, 0.3330814908031018, 0.33175824763791645, 0.33318665526850333, 0.333006247453114, 0.3336152654568027, 0.3336062268931341, 0.33274308687833937, 0.3330393769674643, 0.3328266181816381, 0.33306093642716117, 0.33277307236489384, 0.3327854342681686, 0.33308691807769597, 0.33372609220601024], ""kernels.0.base_kernel.kernels.1.base_kernel"": [0.6931481805599428, 0.6931481805599428, 0.6931481805599428], ""kernels.1.base_kernel.kernels.0"": [0.0674255704822683, 0.36383835951009763, 0.699206460556281, 0.12739756175453276, 0.28031089891097016, 0.5649404350558762, 0.3522775916434284, 0.2834940254892061, 0.4067541955370016, 0.17741723014417543, 0.3203197024776839, 0.22617802436446593, 0.585605472586244, 0.9067237496804705, 0.3535305461305755, 0.8728838129217394, 0.21262779326943487, 0.08106322242518131], ""kernels.1.base_kernel.kernels.1"": [0.6931481805599428, 0.6931481805599428, 0.6931481805599428]}","{""kernels.0"": 0.0003693007980202799, ""kernels.0.base_kernel.kernels.1"": 0.003333495973758876, ""kernels.1"": 1.1522862340560245}",12,4,36,12,12,archive,0,198
520,102.91323063926723,96.44480661265321,0.5034,global,-3.6260510979286056,-5.0942503619005075,1.468199263971902,0.6869713476007923,1.3617765396215051,global,,,0.13990491895319254,0.010611660416004653,0.011194597124249294,0.00040896416603476883,0.388096314085243,0.06741393312999361,0.3331360100586742,0.9061838687682398,"{""kernels.0.base_kernel.kernels.0"": [0.3336990700556287, 0.33268014292067993, 0.3326093510078221, 0.33343986838094036, 0.3330814822276442, 0.33175306553454265, 0.3331863210769794, 0.33300648225700547, 0.33361308068608564, 0.33360911482359107, 0.3327417182829758, 0.3330402199562788, 0.3328190804440944, 0.3330568401304428, 0.33276077160545364, 0.3327754292491238, 0.333085699040369, 0.3337281634756137], ""kernels.0.base_kernel.kernels.1.base_kernel"": [0.6931481805599428, 0.6931481805599428, 0.6931481805599428], ""kernels.1.base_kernel.kernels.0"": [0.06741393312999361, 0.36413534245203427, 0.6986883218663745, 0.1275585485466741, 0.2787819159737232, 0.5626442986426958, 0.35148952894512975, 0.282478172405925, 0.406466912193829, 0.17786915422408442, 0.3217902325742902, 0.22551963128919686, 0.5830700621678191, 0.9061838687682398, 0.35124610203094925, 0.8709320741232753, 0.21131607949072334, 0.0812496086290532], ""kernels.1.base_kernel.kernels.1"": [0.6931481805599428, 0.6931481805599428, 0.6931481805599428]}","{""kernels.0"": 0.00036939526816944467, ""kernels.0.base_kernel.kernels.1"": 0.0033334936735816066, ""kernels.1"": 1.160586053313978}",12,4,36,12,12,archive,1,199
521,129.11704381506388,96.44480661265321,0.4976,global,-4.073967875780861,-5.7302674371128175,1.6562995613319567,0.8373103508958758,1.3578146910262954,global,,,0.1805461097639551,0.010620487382520813,0.011211856002328546,0.0004104460148923692,0.3854732011229564,0.06744426745331464,0.33313591904180706,0.9062426339831848,"{""kernels.0.base_kernel.kernels.0"": [0.3336998939053579, 0.332679636887597, 0.33260834096600667, 0.3334406997538301, 0.3330816664993304, 0.3317517379331017, 0.3331864557484731, 0.3330068597585303, 0.33361229819584143, 0.3336103722188132, 0.3327412659326283, 0.33304074672422035, 0.3328165182817099, 0.33305551368848474, 0.3327559285697564, 0.332771599396273, 0.333085382335141, 0.33372897108359967], ""kernels.0.base_kernel.kernels.1.base_kernel"": [0.6931481805599428, 0.6931481805599428, 0.6931481805599428], ""kernels.1.base_kernel.kernels.0"": [0.06744426745331464, 0.3654782152645063, 0.6988253382161951, 0.12788736302684606, 0.27841200135035193, 0.5624456749743302, 0.3518592732034673, 0.28259042408686874, 0.4069050572816546, 0.17855189026584356, 0.3227774174221745, 0.22553491444508003, 0.5826452688920717, 0.9062426339831848, 0.3507234267824332, 0.8703899300850816, 0.21113538921335973, 0.08140098081418085], ""kernels.1.base_kernel.kernels.1"": [0.6931481805599428, 0.6931481805599428, 0.6931481805599428]}","{""kernels.0"": 0.00036943395229562784, ""kernels.0.base_kernel.kernels.1"": 0.003333492631762238, ""kernels.1"": 1.1527166767848114}",12,4,36,12,12,archive,0,200
522,104.69889332089637,96.44480661265321,0.4962,global,-3.812092128188093,-5.45137308912985,1.6392809609417576,0.858463676816704,1.3945013342445582,global,,,0.09139275095419183,0.01054292708504617,0.011123731704780739,0.00040455061276570807,0.38859840454798245,0.06757036912669398,0.33313431374526853,0.9048248268355641,"{""kernels.0.base_kernel.kernels.0"": [0.3337122297892335, 0.33266861537641845, 0.3325800262921342, 0.33345224301814474, 0.33308387795295613, 0.3317301861012761, 0.3331847495375809, 0.3330122867992737, 0.33359978453661276, 0.3336275289609679, 0.33273179285184, 0.3330468799913488, 0.332778365803437, 0.3330280973809878, 0.33268635308359973, 0.3327149472902748, 0.33308059501615106, 0.3337406791684591], ""kernels.0.base_kernel.kernels.1.base_kernel"": [0.6931481805599428, 0.6931481805599428, 0.6931481805599428], ""kernels.1.base_kernel.kernels.0"": [0.06757036912669398, 0.37755210493623304, 0.693488723235783, 0.13007889630567646, 0.2707182985701493, 0.5522244339374971, 0.34567943276854324, 0.2769269966674254, 0.40592911435159845, 0.18422534706026586, 0.3316843337969353, 0.2280730262551253, 0.5728320490858573, 0.9048248268355641, 0.33933052494752064, 0.8586598486307372, 0.20626089028852682, 0.08260443288949662], ""kernels.1.base_kernel.kernels.1"": [0.6931481805599428, 0.6931481805599428, 0.6931481805599428]}","{""kernels.0"": 0.00037003761612862743, ""kernels.0.base_kernel.kernels.1"": 0.003333477479208444, ""kernels.1"": 1.1620916985486103}",12,4,36,12,12,archive,0,201
523,105.91856870270072,96.44480661265321,0.4988,global,-3.7406768943807585,-5.464612007578041,1.7239351131972827,1.0862069312902911,1.4048891318966998,global,,,0.25757024417542446,0.010533310239689736,0.011112854752914668,0.0004040023525127829,0.3885983473466926,0.0675703750851209,0.33313431399589905,0.9048249716536588,"{""kernels.0.base_kernel.kernels.0"": [0.33371223010929546, 0.3326686141044502, 0.3325800250977106, 0.3334522433246791, 0.3330838783350195, 0.3317301859255514, 0.3331847496567786, 0.3330122872389671, 0.3335997843110775, 0.3336275294579733, 0.332731792238461, 0.33304688019341566, 0.33277836561601026, 0.3330280969413577, 0.33268635158963766, 0.3327149457432984, 0.33308059514813443, 0.33374067949237934], ""kernels.0.base_kernel.kernels.1.base_kernel"": [0.6931481805599428, 0.6931481805599428, 0.6931481805599428], ""kernels.1.base_kernel.kernels.0"": [0.0675703750851209, 0.37755174343460596, 0.6934884191780497, 0.1300788545650236, 0.27071835622299123, 0.5522242912293306, 0.3456793722606267, 0.27692694905737536, 0.4059290715447121, 0.1842257186430935, 0.3316843553053337, 0.22807287672000642, 0.5728324682523149, 0.9048249716536588, 0.33933050592354386, 0.8586597453773952, 0.2062610877097836, 0.08260444601930092], ""kernels.1.base_kernel.kernels.1"": [0.6931481805599428, 0.6931481805599428, 0.6931481805599428]}","{""kernels.0"": 0.0003700376396104584, ""kernels.0.base_kernel.kernels.1"": 0.003333477478582238, ""kernels.1"": 1.162091526921885}",12,4,36,12,12,archive,1,202
524,111.38928524633033,96.44480661265321,0.4974,global,-3.668698920347464,-4.720599644514488,1.051900724167024,0.3183832347961689,1.0863517020659912,global,,,0.20141727433485151,0.010531916996325847,0.011111618367270452,0.00040417758097895784,0.388598345900085,0.06757037527181467,0.33313431399861404,0.9048249736113257,"{""kernels.0.base_kernel.kernels.0"": [0.3337122301124695, 0.33266861409285203, 0.3325800250845449, 0.3334522433278, 0.33308387833836217, 0.3317301859223405, 0.3331847496588659, 0.33301228724284393, 0.3335997843084391, 0.3336275294623247, 0.33273179223267435, 0.33304688019513595, 0.33277836561353663, 0.33302809693997265, 0.33268635157596743, 0.3327149457303056, 0.33308059514961086, 0.33374067949556746], ""kernels.0.base_kernel.kernels.1.base_kernel"": [0.6931481805599428, 0.6931481805599428, 0.6931481805599428], ""kernels.1.base_kernel.kernels.0"": [0.06757037527181467, 0.37755174005352293, 0.6934884155532469, 0.1300788543854542, 0.27071835661788635, 0.5522242889740844, 0.3456793722550499, 0.2769269484171991, 0.40592907127780214, 0.18422572179278723, 0.33168435547292324, 0.22807287528078718, 0.5728324720871434, 0.9048249736113257, 0.33933050546228527, 0.8586597445113516, 0.2062610896218337, 0.08260444622658983], ""kernels.1.base_kernel.kernels.1"": [0.6931481805599428, 0.6931481805599428, 0.6931481805599428]}","{""kernels.0"": 0.000370037639824801, ""kernels.0.base_kernel.kernels.1"": 0.0033334774785766428, ""kernels.1"": 1.1620915225818536}",12,4,36,12,12,archive,0,203
525,107.46516981890153,96.44480661265321,0.4994,global,-3.770902402648516,-5.951802823396853,2.180900420748337,1.0923358291363978,1.406313703308442,global,,,0.15145533087082894,0.010528360830078177,0.011107980296087889,0.0004042630274888329,0.3885983411199066,0.06757037563710175,0.3331343140029552,0.9048249765113783,"{""kernels.0.base_kernel.kernels.0"": [0.3337122301173833, 0.33266861407500126, 0.33258002506458406, 0.3334522433324597, 0.33308387834334324, 0.3317301859173933, 0.3331847496625671, 0.3330122872485749, 0.33359978430565734, 0.33362752946885177, 0.3327317922239751, 0.3330468801976585, 0.33277836561111007, 0.33302809693754404, 0.3326863515553913, 0.33271494571038, 0.33308059515212823, 0.33374067950039343], ""kernels.0.base_kernel.kernels.1.base_kernel"": [0.6931481805599428, 0.6931481805599428, 0.6931481805599428], ""kernels.1.base_kernel.kernels.0"": [0.06757037563710175, 0.3775517345485242, 0.6934884099807203, 0.13007885414631043, 0.2707183570184062, 0.5522242853355545, 0.3456793741811229, 0.276926947137181, 0.4059290740568815, 0.18422572633728473, 0.33168435601066126, 0.22807287290847264, 0.5728324800801003, 0.9048249765113783, 0.33933050513299673, 0.8586597429991982, 0.20626109371824203, 0.08260444660025405], ""kernels.1.base_kernel.kernels.1"": [0.6931481805599428, 0.6931481805599428, 0.6931481805599428]}","{""kernels.0"": 0.0003700376401468214, ""kernels.0.base_kernel.kernels.1"": 0.0033334774785682042, ""kernels.1"": 1.1620915082410048}",12,4,36,12,12,archive,1,204
